book_type,book_name,book_desc,book_img_link,author,publisher,published_y
예술,(우리가 정말 알아야 할)우리 한옥,"'한옥의 장인'이라 불리우는 '목수' 신영훈씨가 쓴 한옥에 관한 개론서. 우리 한옥을 바로 알고, 한옥을 우리의 살림집으로 되살리자는 취지로 쓴 책이다. 문화와 개성을 중시하는 새로운 시대에, 다양한 구조가 가능하고 집주인의 취향에 맞는 기능을 더하거나 빼기가 용이한 한옥이야말로 이상적인 주거공간이 될 수 있다는 것이 지은이의 믿음이다.",https://image.aladin.co.kr/product/23/92/cover500/8932312931_2.jpg, 신영훈 지음;김대벽 사진, 현암사,2009
예술,"달려라, 봉구야!","서정성 짙은 단편만화를 그리는 젊은 작가 변병준이 <프린세스 안나>에 이어 두 번째 장편만화를 펴냈다. 지나치게 화려하거나, 너무 슬프지 않은 이 만화는 겨울 도시의 노숙자들을 따뜻한 시선으로 그려내고 있다.",https://image.aladin.co.kr/product/40/18/cover500/8990230128_1.gif, 변병준 지음, 길찾기,2003
예술,빨간 자전거. 1: 아빠가 되면 바보가 되나봐,"이 작품은 행복한 사연을 실어나르는 한 우편배달부의 따스한 시선을 통해 바라보는 세상의 이야기를 고향 풍경과 함께 전하고 있는 만화로, 올 컬러로 구성된 것이 특징이다.",https://image.aladin.co.kr/product/39/33/cover500/8995348518_1.jpg, 김동화 지음, 행복한만화가게,2009
예술,얼굴,"2003년부터 부산일보에 매주 연재된 '그림 만인보'를 묶고 다듬은 책으로, 1980년대 전후부터 한국사에 나름대로 중요한 의미를 가지는 인물들을 모아 그들의 캐리커쳐와 만평을 실었다.",https://image.aladin.co.kr/product/58/8/cover500/8980409125_1.jpg, 손문상 지음, 우리교육,2005
예술,(三人三色)미학 오디세이. 1,"진중권의 시리즈를 만화 버전으로 새로이 그려냈다. 현태준, 이우일, 김태권 등 한국 만화를 대표하는 작가들이 원작의 1,2,3권을 각자의 개성을 살린 '삼인삼색'으로 재구성했다. 원작의 정보와 내용은 그대로 살리면서 철학과 예술의 낯설은 이론들을 만화 특유의 재미로 바꾸어낸다.",https://image.aladin.co.kr/product/66/13/cover500/8958621079_1.jpg, 진중권 원작;현태준 글·그림, 휴머니스트,2009
예술,(三人三色)미학 오디세이. 2,"진중권의 시리즈를 만화 버전으로 새로이 그려냈다. 현태준, 이우일, 김태권 등 한국 만화를 대표하는 작가들이 원작의 1,2,3권을 각자의 개성을 살린 '삼인삼색'으로 재구성했다. 원작의 정보와 내용은 그대로 살리면서 철학과 예술의 낯설은 이론들을 만화 특유의 재미로 바꾸어낸다.",https://image.aladin.co.kr/product/66/13/cover500/8958621087_2.jpg, 진중권 원작;이우일 글·그림, 휴머니스트,2009
예술,(三人三色)미학 오디세이. 3,"진중권의 시리즈를 만화 버전으로 새로이 그려냈다. 현태준, 이우일, 김태권 등 한국 만화를 대표하는 작가들이 원작의 1,2,3권을 각자의 개성을 살린 '삼인삼색'으로 재구성했다. 원작의 정보와 내용은 그대로 살리면서 철학과 예술의 낯설은 이론들을 만화 특유의 재미로 바꾸어낸다.",https://image.aladin.co.kr/product/66/13/cover500/8958621095_1.jpg, 진중권 원작;김태권 글·그림, 휴머니스트,2008
예술,(내 운명의 별)김진규,"전후 복구 과정에서 생긴 스타 시스템 1세대의 주역으로 신상옥 감독의 [성춘향], 김기덕 감독의 [하녀] 등 7백여 편의 영화에 출연한 배우 김진규. 그를 가장 가까이에서 지켜보았던 영화배우 출신 아내 김보애가 남편과 그 시절을 진솔하게 그린다. 이 책은 함께 작업한 감독들과 동료 배우들, 후배 등이 들려주는 증언과 회고를 바탕으로 쓰여졌다.",https://image.aladin.co.kr/product/598/4/cover500/895092143x_1.jpg, 김보애 지음, 21세기북스,2009
예술,그림 아는 만큼 보인다,"2006년 출간된 <그림 아는 만큼 보인다>의 개정신판. 1999년 전문가가 선정한 ‘90년대의 책 100선’에 뽑히기도 한 이 책은 감탄사로 이루어진 평론가의 해설이나 어려운 미술이론에 매여 그림 감상의 재미를 버리는 대신 작가의 ‘아이디어’가 어떤 과정을 거쳐 ‘작품’으로 탄생했는지, 또 그 작가는 작품을 위해 어떤 ‘곡절’을 거쳤는지 가늠해보길 권한다.",https://image.aladin.co.kr/product/1356/55/cover500/8993824606_1.jpg, 손철주 지음, 생각의나무,2011
예술,(수학을 품은)야구공,"야구를 보고 자란 야구팬인 고등학교 수학 교사, 팀을 한국시리즈 우승으로 이끈 숨은 공신 중 하나인 프로야구팀 데이터 담당매니저, 그리고 프로야구를 취재하는 기자가 모여 자주 접하고 있지만 자세히 알고 있지 못한 야구 속 수학의 면면들을 담아냈다.",https://image.aladin.co.kr/product/18997/73/cover500/8931460236_1.jpg," 고동현,박윤성,배원호,홍석만 [같이]지음", 영진닷컴,2019
예술,(10대와 통하는)스포츠 이야기,"10대를 위한 책도둑 시리즈 32권. 스포츠를 즐기며 스포츠의 주인이 되기 위해 꼭 생각해 봐야 할 이야기들이 다양하게 담겨 있다. 스포츠의 역사와 문화, 스포츠 속의 불평등과 저항에 대한 이야기를 통해 삶의 지혜와 사회를 바라보는 올바른 태도를 배울 수 있다.",https://image.aladin.co.kr/product/19219/60/cover500/k352635004_1.jpg," 탁민혁,김윤진 공저", 철수와영희,2019
예술,(Tokyo Dabansa×)도쿄의 라이프스타일 기획자들,"동시대 도쿄의 문화와 감각을 만드는 12명의 라이프스타일 기획자를 도쿄다반사가 만나고 인터뷰했다. 각 분야 인터뷰이와의 기획자 토크, 그리고 이들이 바라보는 도쿄의 문화에 대해 깊이 있는 이야기를 들려 준다.",https://image.aladin.co.kr/product/19481/7/cover500/k172635820_1.jpg, 도쿄다반사 지음, 컴인,2019
예술,(마음을 사로잡는)만화 컷 분할 교실,"만화 그리기에 처음 도전하는 초보자, 어느 정도 습작 경험은 있지만 콘티 작업이나 연출이 여전히 어려운 사람, 표현력을 키워 좀 더 재미있게 이야기를 전달하고 싶은 사람을 위한 ‘만화 컷 분할 입문서’다.",https://image.aladin.co.kr/product/24421/61/cover500/8978496229_1.jpg," 후카야 아키라,도쿄네임탱크 지음;황미숙 옮김", 삼호미디어,2022
예술,명탐정 코난. 82,"보석과 소노코를 둘러싸고 인연이 교차하는 그린 엠퍼러 사건의 행방은?! 고양이를 좋아하는 사람이라면 반드시 봐야 할 삼색 고양이 대위짱 사건, 그리고 다카기와 사토의 사랑과 사건이 부딪치는 빨간 배지 사건을 수록하였다.",https://image.aladin.co.kr/product/26324/11/cover500/k182738921_1.jpg, Aoyamagosho 지음;이희정 번역, 서울미디어코믹스,2014
예술,명탐정 코난. 93,"코난과 헤이지가 커피숍 포와로에서 사건과 조우! 아무로와 함께 사건 수사에 나서는데…?! 한편, ‘그 분’의 측근 RUM을 상기시키는 인물이 소년 탐정단 앞에 나타난다―?!",https://image.aladin.co.kr/product/27058/75/cover500/k972731481_1.jpg, Aoyamagosho 지음;오경화 번역, 서울미디어코믹스,2020
예술,100人의 인테리어 Living room,,https://image.aladin.co.kr/product/94/44/cover500/8983759984_1.jpg, 중앙엠엔비편집부 지음, 중앙 m&b,2007
예술,아주 잘 찍고 싶은 인물사진,"카메라 앞에서 고민을 거듭하는 당신의 걱정을 해결해줄 ‘인물사진 이론서’이다. 카메라를 이루는 기본 도구인 조리개, 셔터스피드, ISO, 렌즈에서부터 그 외 사진을 찍는 데 도움을 주는 보조 도구에 대해 순차적으로 알아가며 인물사진 찍는 방법에 접근해간다.",https://image.aladin.co.kr/product/3972/68/cover500/899392869x_1.jpg, 김성연 지음, 달(문학동네),2014
예술,나도 손글씨 바르게 쓰면 소원이 없겠네,악필 교정부터 어른스러운 펜글씨까지 4주 완성 한글 정자체 연습법을 담았다. 한글 정자체 특유의 올드한 느낌이 아닌 모던 스타일 한글 정자체를 쓸 수 있도록 도와준다. 격식을 갖춰야 하는 문서는 물론 일상에서 가볍게 쓰기에도 좋은 모던 스타일 한글 정자체를 배울 수 있다.,https://image.aladin.co.kr/product/21087/86/cover500/k372636781_1.jpg, 유한빈 지음, 한빛라이프,2019
예술,영화는 두 번 시작된다,"영화팬 모두가 애타게 기다리던 영화평론가 이동진의 평론집이 드디어 세상에 나온다. 1999년 개봉한 「벨벳 골드마인」부터 2019년 개봉한 「기생충」까지, 지난 20년간 발표해온 평론과 본 책을 위해 새롭게 쓴 평론 208편을 모아 엮었다.",https://image.aladin.co.kr/product/20634/78/cover500/k762636969_1.jpg, 이동진 지음, 위즈덤하우스,2019
예술,시크릿 캐릭터 드로잉,독자와 쌍방향 커뮤니케이션으로 실제 도움이 되고 그리기 어려운 점을 해결해주는 비법으로 엮은 차별적이고 특색 있는 드로잉북이다. 다양하고 재미있는 테마와 콘셉트를 적용해 몇 가지 간단한 선만으로도 완성할 수 있는 노하우 중심으로 풀어냈다.,https://image.aladin.co.kr/product/19107/32/cover500/k432635395_1.jpg, 타코 지음, 레진코믹스,2019
예술,시크릿 캐릭터 드로잉,독자와 쌍방향 커뮤니케이션으로 실제 도움이 되고 그리기 어려운 점을 해결해주는 비법으로 엮은 차별적이고 특색 있는 드로잉북이다. 다양하고 재미있는 테마와 콘셉트를 적용해 몇 가지 간단한 선만으로도 완성할 수 있는 노하우 중심으로 풀어냈다.,https://image.aladin.co.kr/product/19107/32/cover500/k432635395_1.jpg, 타코 지음, 레진코믹스,2019
예술,유신의 추억,,https://image.aladin.co.kr/product/21352/81/cover500/8974094932_1.jpg, 노무라 모토유키 지음, 눈빛,2019
예술,신들의 봉우리. 1,,https://image.aladin.co.kr/product/461/73/cover500/8959192899_1.jpg, 유메마쿠라 바쿠 원작;다니구치 지로 만화;홍구희 옮김, 애니북스,2009
예술,신들의 봉우리. 4,"왜 산에 오르는지에 대한 철학적 답을 남긴 조지 맬러리의 에베레스트 초등정 비밀을 추적한 산악만화. 극중 대부분의 배경으로 등장하는 세계의 명산은 세밀하게 묘사되어, 고산 특유의 고도감과 자연의 위대함을 표현하는 데 부족함이 없다. 여기에 조지 맬러리의 에베레스트 초등정에 대한 미스터리를 풀어가는 과정이 더해져 산에 대해 전혀 모르는 독자도 충분히 즐길 수 있는 이야기구조로 되어 있다.",https://image.aladin.co.kr/product/607/66/cover500/8959193054_1.jpg, 유메마쿠라 바쿠 원작;다니구치 지로 만화;홍구희 옮김, 애니북스,2010
예술,조널 마킹,《더 믹서》의 저자 마이클 콕스가 유럽의 주요 리그들과 그들이 특히 빛났던 시기에 주목하여 각 시기에 각 리그에서 어떻게 축구가 진화했는지를 총망라하고 있다. 흥미로운 일화로 가득한 이 책은 현대 유럽 축구를 전술적인 관점에서 해석하는 첫 번째 시도를 담고 있다.,https://image.aladin.co.kr/product/21292/33/cover500/k062636383_1.jpg, 마이클 콕스 지음;이성모;한만성 옮김, 한스미디어,2019
예술,나는 스마트폰으로 매일 인생사진 찍는다,"여행에서 처음 접하는 빛과 풍경을 원하는대로 사진에 담아내는 일은 상당히 어렵다. 스마트폰 카메라로 사진을 찍으면, 찍은 자리에서 바로 보정을 할 수 있기에 눈으로 현재 풍경을 보면서 사진을 똑같이 보정해내기 쉽다. 이 책에는 스마트폰 강의를 하면서 알게 된 작가의 모든 노하우가 담겨있다.",https://image.aladin.co.kr/product/21296/99/cover500/k612636480_1.jpg, 방쿤 지음, 티더블유아이지,2019
예술,이것은 미술이 아니다,"'미술과 미술이 아닌 것, 그리고 그 외의 사물들이 어떻게 의미와 가치를 갖게 되는가에 대한 연구'를 담았다. 우리가 갖고 있었던 미술에 대한 고정관념의 전복을 시도하는 책으로, 미국의 미술사가 메리 앤 스타니스제프스키가 집필했다. 1997년 출간된 를 새로 편집하고 칼라 도판을 추가한 개정판.",https://image.aladin.co.kr/product/62/88/cover500/8987057976_1.jpg, 메리 앤 스타니스제프스키 지음;박이소 옮김, 현실문화연구,2009
예술,"영화, 미술의 언어를 꿈꾸다","영화평론가 한창호가 2005년에 펴낸 의 후속편이자 완결편이다. 전작이 영화의 상상력이 미술을 어떻게 사용했는지에 초점을 맞추었다면, 는 보다 이론적이고 체계적인 지식을 바탕으로 영화와 미술의 관계를 논한다.",https://image.aladin.co.kr/product/65/87/cover500/8971992409_1.jpg, 한창호 지음, 돌베개,2006
예술,오페라 읽어주는 남자,"오페라 연출가인 지은이가 오페라를 읽어준다. 오페라를 불러주는 대신 읽어준다고 한 것은 이 책이 오페라가 담고 있는 삶의 진실, 전달하고자 하는 메시지에 집중했기 때문이다. 삶의 많은 주제들 중에서 '사랑'을 택해, 일곱 편의 오페라를 골랐다.",https://image.aladin.co.kr/product/213/17/cover500/8976774019_1.jpg, 김학민 지음, 명진출판,2008
예술,(청소년을 위한)서양미술사,"새 필자와 보다 풍부한 도판으로 다시 작업한 의 개정판. 미술사에서 회자되는 거의 모든 개념들을 수록하되, 눈에 시원하게 들어오는 도판과 캡션으로 청소년들이 '서양의 미술'을 보다 즐겁게 접할 수 있도록 구성했다.",https://image.aladin.co.kr/product/83/15/cover500/8977151570_3.jpg, 도병훈 지음, 두리미디어,2006
예술,미술관에 간 화학자,"미술의 태생적 연원이 되는 화학을 통해서 명화를 조명한 책. 화학자인 지은이는 캔버스의 물감이 마르고 발색하고 퇴색하는 과정은 결국 ‘화학 작용’이며, 이 화학 작용으로 인해 미술의 역사가 어떻게 변화해 왔는지를 살피고 있다.",https://image.aladin.co.kr/product/99/94/cover500/8925513889_1.jpg, 전창림 지음, 랜덤하우스코리아,2008
예술,(만화가가 말하는)만화가,"다양한 직업의 세계에 대한 상세 보고서인 부키 전문직 리포트 시리즈의 아홉 번째 권. 순정 만화, 학습 만화, 성인 만화, 인터넷 만화, 언더그라운드 만화, 시사만화 등 다양한 분야에서 일하는 17명의 만화가들이 자신의 일과 생활, 보람과 고충에 대해 솔직하게 털어놓았다.",https://image.aladin.co.kr/product/66/65/cover500/8985989979_1.jpg, 김영찬 외 지음, 부키,2008
예술,걸어서 30분. 5,"비록 집 전화 번호지만 구봉의 번호를 등록한 성은. 연락처에 등록된 이름을 보는 것만으로도 마냥 설레고 두근거린다. 때마침 여름방학 때 찍은 영상을 편집하기 위해 약속을 잡던 성은과 친구들은 구봉에게 전화를 걸어보지만, 구봉은 다시 전화를 주겠다며 급하게 전화를 끊어버린다.",https://image.aladin.co.kr/product/30176/27/cover500/k192839794_1.jpg, 이온도 지음, Young Com,2022
예술,어디로 가세요 펀자이씨?,"낯설지만 새롭고, 두렵지만 가슴 벅찼던 경험을 SNS에 공개하며 15만 팔로워를 보유하고 있는 '펀자이씨'의 첫번째 이야기. 작가의 시그니처인 연필 그림과 손글씨를 그대로 살렸고, 정사각형의 프레임에 있던 그림을 단행본 레이아웃으로 옮기면서 자유롭고 탁 트인 해방감을 선보인다.",https://image.aladin.co.kr/product/30084/3/cover500/8954688519_1.jpg, 엄유진 지음, 문학동네,2022
예술,사진도 예술입니까?,"'사진이라는 도구의 등장 - 사진과 속도', '造形에서의 形과 型, 그리고 두 개의 型', '도구의 양면성?: 투명성과 불투명성', '불투명성이 만드는 예술의 영역', '사진적 도구로서의 필름과 디지털', '조형예술언어로서의 사진', '낯설게 하기와 사진적 낯설음' 등으로 구성되었다.",https://image.aladin.co.kr/product/7804/35/cover500/8972184810_1.jpg, 홍상현 지음, 한양대학교 출판부,2016
예술,스위트 홈. 5,"2017년 10월부터 2020년 6월까지 네이버웹툰에서 인기리에 연재된 『스위트 홈』 4, 5, 6권이 단행본으로 출간되었다. 『스위트 홈』은 참신한 괴물 캐릭터와 강렬한 서스펜스, 숨 쉴 틈을 주지 않는 섬뜩한 연출로 김칸비·황영찬 콤비의 저력을 보여주며 2020년 오늘의 우리만화상을 수상했다.",https://image.aladin.co.kr/product/25373/36/cover500/k232633819_2.jpg, 김칸비 글;황영찬 그림, 위즈덤하우스,2020
예술,스위트 홈. 6,"2017년 10월부터 2020년 6월까지 네이버웹툰에서 인기리에 연재된 『스위트 홈』 4, 5, 6권이 단행본으로 출간되었다. 『스위트 홈』은 참신한 괴물 캐릭터와 강렬한 서스펜스, 숨 쉴 틈을 주지 않는 섬뜩한 연출로 김칸비·황영찬 콤비의 저력을 보여주며 2020년 오늘의 우리만화상을 수상했다.",https://image.aladin.co.kr/product/25373/36/cover500/k372633819_2.jpg, 김칸비 글;황영찬 그림, 위즈덤하우스,2020
예술,스위트 홈. 8,2017년 10월부터 2020년 6월까지 네이버웹툰에서 인기리에 연재된 『스위트 홈』 7~9권이 동시 출간된다. 연재 기간 내내 금요 웹툰 절대 강자 자리를 놓치지 않았던 『스위트 홈』은 지난 2020년 12월에 넷플릭스에서 방영되자마자 8개국 1위라는 기염을 토하며 화제성과 작품성을 두루 인정받았다.,https://image.aladin.co.kr/product/27045/56/cover500/k442731786_3.jpg, 김칸비 글;황영찬 그림, 위즈덤하우스,2021
예술,"건축, 음악처럼 듣고 미술처럼 보다","1998년 출간된 <건축, 음악처럼 듣고 미술처럼 보다>의 재개정판이다. 서울대학교 미술관, ECCEhwa Culture Complex, 쌈지길 세 곳은 그 훌륭한 가치와 의미를 전달해야 했기에 기꺼이 새로 추가해 서현 특유의 해석법으로 풀어나갔다.",https://image.aladin.co.kr/product/3808/42/cover500/895872126x_1.jpg, 서현 지음, 효형,2014
예술,바이퍼 룸에서의 마지막 밤,"1980~90’s 할리우드 스타 대열의 가장 앞에서 자신만의 고유한 빛을 내던, 리버 피닉스. <롤링 스톤>의 편집자 개빈 에드워즈는 리버 피닉스 사후 20년이 되던 2013년, 리버 피닉스 평전 <바이퍼 룸에서의 마지막 밤>을 출간한다.",https://image.aladin.co.kr/product/28936/17/cover500/k742836315_1.jpg, 개빈 에드워즈 지음;신윤진 옮김, 호밀밭,2022
예술,행복하라 아이처럼,,https://image.aladin.co.kr/product/4380/1/cover500/1195315600_1.jpg, 알렉스 김 지음, 블루펀트,2014
예술,그림의 힘,"즐겁게 그림을 감상하며 누구나 그 힘으로 자신을 변화시킬 수 있는 시간을 선사하는 책. 책에는 삶에서 가장 중요한 다섯 가지 영역 - 일, 사람 관계, 돈, 시간, 나 자신 - 을 향상시키는 그림들이 실려 있다",https://image.aladin.co.kr/product/5312/30/cover500/8996947407_3.jpg, 김선현 지음, 에이트포인트,2015
예술,딸꾹 끝나지 않은 이야기,,https://image.aladin.co.kr/product/629/28/cover500/8996251925_1.jpg, 이윤택 지음, 도요,2010
예술,"불화, 찬란한 불교 미술의 세계","돌베개에서 심혈을 기울여 제작해 온 테마한국문화사 시리즈의 제7권 <불화, 찬란한 불교 미술의 세계>는 불화의 전통적 의미에서부터 불화의 역사, 불화의 유형별 분류에 따른 상세한 설명, 불화의 법식과 제작 기법에 이르기까지 한국 불화의 모든 것을 집대성한 결정판이다.",https://image.aladin.co.kr/product/451/43/cover500/8971993499_1.jpg, 김정희 지음, 돌베개,2009
예술,공재 윤두서,"〈자화상〉으로 유명한 조선시대 선비화가 공재 윤두서의 작품과 인물을 살펴보는 책. 윤두서의 일생을 연대기적으로 정리하고 이를 토대로 삶의 내력에 따라 형성된 그의 작품들을 고찰하였다. 이를 위해 저자는 윤두서가 직접 필사하여 남긴 <기졸> 記拙 및 여러 유고와 고화첩, 그리고 윤두서와 관련된 사건과 일화를 수록한 문서 및 사료 등을 정리하고 분석하여 그의 삶을 생생하게 복원해냈다.",https://image.aladin.co.kr/product/626/41/cover500/897199374x_1.jpg, 박은순 지음, 돌베개,2010
예술,인상주의,"인상주의에 대한 기존의 연구를 간략하고 알기 쉽게 정리하고 요약한 책이다. 140개의 주제는 개괄된 본문과 설명이 있는 그림을 통해 작품, 화가, 화상과 수집가, 이론가, 비평의 변화, 모티프, 장소, 정치·문화적 배경, 기법과 양식을 소개한다.",https://image.aladin.co.kr/product/446/29/cover500/8960530751_1.jpg, 가브리엘레 크레팔디 지음;하지은 옮김, 마로니에북스,2009
예술,(니콘 포토스쿨)공식 DSLR 가이드북,"니콘이미징코리아의 온-오프라인 사진 강좌 '니콘 포토스쿨'이 기획하고 집필한 DSLR 가이드 북. 사진의 기초부터 프로페셔널한 테크닉 구사까지 총 28단계로 나누어 차근차근 실력을 쌓아갈 수 있게 꾸몄다. 나에게 맞는 카메라와 렌즈 구입하기, 노출과 초점, 빛 읽기, 촬영 테크닉 등의 기초 이론을 풍부한 예제사진을 통해 설명했다.",https://image.aladin.co.kr/product/606/23/cover500/8994197036_1.jpg, 김주현;이명호 지음, 북로그컴퍼니,2010
예술,스포츠 마케팅 쪼개기 2020,스포츠 마케팅이란 ‘꿈’을 치열하게 쪼개고 또 쪼개어 최종적으로 이뤄낼 수 있는 ‘비전’을 제시하여 스포츠마케팅 관련 업계로 취업을 희망하는 사람들에게 취업·입시·유학에 대한 상세한 정보와 과정을 소개하는 맞춤식 통합 지침서이다.,https://image.aladin.co.kr/product/18925/4/cover500/k612635280_1.jpg, 이승용 지음, 북마크,2019
예술,"사진의 완성,빛 그리고 조명",,https://image.aladin.co.kr/product/93/6/cover500/893143541x_1.jpg, 마이클 프리먼 지음, 미디어코프,2007
예술,시타를 위하여. 2,쿠마리의 성스런 존재였던 소녀는 한 순간 운명이 뒤바뀌어 비참한 환경으로 내몰리게 된다. 우연히 그런 그녀를 만나게 된 한 남자. 작품은 그런 그녀를 구하고 싶었던 한 남자의 가슴 시린 이야기이다.,https://image.aladin.co.kr/product/5973/20/cover500/8999802396_1.jpg, 하가 글·그림, 발해커뮤니케이션,2017
예술,하이큐!!. 1: 히나타와 카게야마,,https://image.aladin.co.kr/product/2641/76/cover500/896822238x_1.jpg, 후루타테 하루이치 지음;강동욱 옮김, 대원씨아이,2013
예술,하이큐!!. 10: 달돋이,"전국대회 예선에 대비해 맹훈련을 실시하는 카라스노 배구부. 하지만 예선의 같은 블록 안에는 아오바조사이, 그리고 인연 깊은 ‘철벽’ 다테공고가 가로막고 있다. 상대가 누구든 눈앞의 일전을 잡기 위해 나간다. 신생 카라스노 배구부, 마침내 출진.",https://image.aladin.co.kr/product/4932/93/cover500/1156259851_1.jpg, 후루타테 하루이치 지음;강동욱 옮김, 대원씨아이,2014
예술,하이큐!!. 11: '위',"전국대회 예선에 대비해 맹훈련을 실시하는 카라스노 배구부. 하지만 예선의 같은 블록 안에는 아오바조사이, 그리고 인연 깊은 ‘철벽’ 다테공고가 가로막고 있다. 상대가 누구든 눈앞의 일전을 잡기 위해 나간다. 신생 카라스노 배구부, 마침내 출진.",https://image.aladin.co.kr/product/5045/27/cover500/6000794285_1.jpg, 후루타테 하루이치 지음;강동욱 옮김, 대원씨아이,2014
예술,하이큐!!. 15: 파괴자,"전국대회 예선에 대비해 맹훈련을 실시하는 카라스노 배구부. 하지만 예선의 같은 블록 안에는 아오바조사이, 그리고 인연 깊은 ‘철벽’ 다테공고가 가로막고 있다. 상대가 누구든 눈앞의 일전을 잡기 위해 나간다. 신생 카라스노 배구부, 마침내 출진.",https://image.aladin.co.kr/product/6170/23/cover500/k322433828_1.jpg, 후루다테 하루이치 지음;강동욱 옮김, 대원씨아이,2013
예술,하이큐!!. 20: 고집,"전국대회 예선에 대비해 맹훈련을 실시하는 카라스노 배구부. 하지만 예선의 같은 블록 안에는 아오바조사이, 그리고 인연 깊은 ‘철벽’ 다테공고가 가로막고 있다. 상대가 누구든 눈앞의 일전을 잡기 위해 나간다. 신생 카라스노 배구부, 마침내 출진.",https://image.aladin.co.kr/product/8589/16/cover500/k572535376_1.jpg, 후루다테 하루이치 지음;강동욱 옮김, 대원씨아이,2016
예술,하이큐!!. 23: 공의 '길',"전국대회 예선에 대비해 맹훈련을 실시하는 카라스노 배구부. 하지만 예선의 같은 블록 안에는 아오바조사이, 그리고 인연 깊은 ‘철벽’ 다테공고가 가로막고 있다. 상대가 누구든 눈앞의 일전을 잡기 위해 나간다. 신생 카라스노 배구부, 마침내 출진.",https://image.aladin.co.kr/product/10196/92/cover500/k012536780_1.jpg, 후루타테 하루이치 지음;강동욱 옮김, 대원씨아이,2017
예술,"나는 내일, 어제의 너와 만난다. 1","일본 현지 판매 160만 부를 돌파한 동명 소설을 원작으로 한 작품으로, 타임 판타지라는 독특한 소재를 바탕으로 두 남녀의 풋풋하고 애틋한 사랑 이야기를 담아내고 있다. 어쩐지 비밀이 있을 것 같은 에미와 그런 그녀에게 첫눈에 운명임을 직감한 타카토시의 설렘 가득한 사랑 이야기가 아름다운 교토의 풍경과 함께 펼쳐진다.",https://image.aladin.co.kr/product/11880/22/cover500/896086871x_1.jpg, 나나츠키 타카후미 지음;김시내 옮김, 위즈덤하우스,2017
예술,펠루아 이야기. 7,"테사에 다녀온 이후, 펠루아 백작부부 사이엔 서먹한 기류가 흐른다. 오르테즈가 자신을 피하는 것이 신경 쓰인 아시어스는 급기야 엘튼에 갔던 날 밤, 오르테즈를 보기 위해 먼 길을 달려온다. 그러나 사랑 없는 결혼을 각오했던 오르테즈는 아시어스의 대담한 애정표현에 혼란스러울 뿐인데….",https://image.aladin.co.kr/product/7765/97/cover500/k212434121_1.jpg, 김연주 지음, 학산문화사,2016
예술,펠루아 이야기. 8,"모나 왕비의 임신 축하연에 참석차 왕궁에서 머무는 이들. 오르테즈, 아시어스, 녹스, 이그레인. 네 사람의 시선과 상념이 엇갈리는데…",https://image.aladin.co.kr/product/9825/1/cover500/k552535057_1.jpg, 김연주 지음, 학산문화사,2016
예술,펠루아 이야기. 9,"모나 왕비의 임신 축하연에 참석차 왕궁에서 머무는 이들. 오르테즈, 아시어스, 녹스, 이그레인. 네 사람의 시선과 상념이 엇갈리는데…",https://image.aladin.co.kr/product/11611/38/cover500/k392531018_1.jpg, 김연주 지음, 학산문화사,2017
예술,치즈 인 더 트랩. 3-3,"'치즈 인 더 트랩'은 완벽한 남녀 캐릭터 구성과 치밀한 연출, 공감을 불러일으키는 다양한 상황을 캠퍼스를 무대로 삼아 독자들에게 최고의 쾌감을 선사했다. 장르를 규정지을 수 없을 정도로 낯설지만 주인공들의 대사 한 마디 한 마디는 공감할 수 밖에 없는 현실성을 담고 있다.",https://image.aladin.co.kr/product/7667/17/cover500/k362434616_1.jpg, 순끼 글·그림, 바이브릿지,2015
예술,치즈인더트랩. 3-7,"가족으로부터 자신이 관심 밖이라고 생각한 홍설은 집을 나왔다가 갑자기 찾아온 유정을 만나 마음에 담아 두었던 가족들에 대한 서운함을 실토한다. 유정은 홍설의 이야기를 들어주면서 다시 둘의 관계가 회복되기 시작하고, 홍설이 이틀간 집을 비운 사이 가족들은 서로의 마음을 헤아리는 계기가 된다.",https://image.aladin.co.kr/product/9709/45/cover500/k972535048_1.jpg, 순끼 글·그림, 바이브릿지,2016
예술,치즈인더트랩. 3-8,"한밤중에 홍설 앞에 나타난 오영곤은 자신의 스토커 행각에 대해 거짓으로 용서를 빌며 대화를 시도한다. 홍설은 인터넷 게시판에 폭로 글을 올린 장본인이 자신이라고 오영곤에게 밝히자, 오영곤은 분노를 감추지 못하고 홍설에게 달려든다.",https://image.aladin.co.kr/product/9709/46/cover500/k902535048_1.jpg, 순끼 글·그림, 바이브릿지,2016
예술,치즈인더트랩. 3-9,"스토커 사건이 일단락된 것도 잠시, 백인하가 캠퍼스에 자꾸 나타나면서 홍설은 또 다른 갈등의 소용돌이에 휘말린다. 백인하는 유정과 사귀는 홍설이 신경에 거슬려 유정과 백인호를 얼마나 알고 지내는지 공격적으로 질문하자, 홍설은 자신이 모르는 과거를 공유하는 셋의 관계를 속으로 인정하고 마는데….",https://image.aladin.co.kr/product/9709/48/cover500/k922535048_1.jpg, 순끼 글·그림, 바이브릿지,2016
예술,치즈인더트랩. 3-10,"유정과 인호가 주먹다짐으로 서로의 얼굴에 상처를 남긴 채 돌아서고, 홍설은 눈앞에 나타난 유정을 가게로 데려가 약을 발라주며 두 남자 간에 남아있는 앙금을 묻게 된다. 유정과 백인호 사이가 왜 일그러지게 되었는지 알게 된 홍설은 비로소 유정을 이해하기 시작하는데….",https://image.aladin.co.kr/product/10753/54/cover500/8960863459_1.jpg, 순끼 글·그림, 바이브릿지,2017
예술,치즈인더트랩. 3-12,"홍설은 동창 모임이 있는 날 학교로 찾아와 준 유정을 보고는 기쁨을 감추지 못하고, 동창 모임에 유정을 데리고 간다. 홍설의 남자 친구에 대한 칭찬이 연달아 이어질 즈음, 홍설은 뜻밖의 인물을 마주친다. 한편 인호는 예고했던 대로 아르바이트를 그만둘 채비를 하는데….",https://image.aladin.co.kr/product/10753/62/cover500/8960863475_1.jpg, 순끼 글·그림, 바이브릿지,2017
예술,도자기,"매 회 잔잔한 일상의 에피소드로 도자기를 소개하는 이 작품은 이제껏 좀처럼 보기 힘들었던 소재와 형식을 취하고 있다. 화려한 기교를 자랑하는 것도 아니고 거창한 주제를 웅변하지도 않는다. 조용하고 담백한, 중독성이 강한 일상의 맛을 우리 도자기라는 소재에 잘 녹여내면서 잔잔하지만 강한 울림을 전한다.",https://image.aladin.co.kr/product/211/31/cover500/8959191949_1.jpg, 호연 지음, 애니북스,2008
예술,호랑이 선생 피츠의 위기,"인생의 의미를 깨닫게 해준 졸업생들의 영웅, 또는 최악의 선생이라는 극단의 평가를 받고 있는 피츠 감독. 그의 이야기를 통해 제대로 된 인생을 살아가기 위해서는 성장통이 필수란 것, 그리고 이 성장통은 힘들지만 충분히 극복 가능한 것이라는 메시지를 전해준다.",https://image.aladin.co.kr/product/60/4/cover500/8950908123_1.jpg, 마이클 루이스 지음;김소정 옮김, 21세기북스,2005
예술,(시각문화교육 관점에서 쓴)미술교과서,"대안 미술교육을 위한 교과서. 미술교육을 원점에서 검토하고, 그 대안으로 시각문화교육으로의 확대를 제시한다. 6년동안 미술교사, 미술교수, 작가, 학부모, 시민단체 활동가들이 모여 토론과 연구, 집필한 책이다. 미술 교육의 가치를 다시 세우고, 그 가치가 미술교육 현장에서 실현될 수 있도록 만들었다.",https://image.aladin.co.kr/product/259/3/cover500/8958622563_1.jpg, 전국미술교과모임;문화연대 지음, 휴머니스트,2008
예술,미술관을 빌려드립니다: 프랑스,"루브르 박물관을 비롯해 오르세, 오랑주리, 로댕 미술관 등 프랑스를 대표하는 미술관을 돌아보며 고대 그리스에서 르네상스를 거쳐 인상주의까지 서양 미술사조의 주요 흐름을 꿰뚫는 걸작들을 만나는 미술 기행서다.",https://image.aladin.co.kr/product/30119/96/cover500/s592839818_1.jpg, 이창용 지음, 더블북,2022
예술,(좋은 사진을 만드는 정승익의)사진구도,"2006년 출간된 <좋은 사진을 만드는 사진구도>의 개정판이다. 작가가 최근에 촬영한 사진을 중심으로 본문의 예제 사진을 90% 이상 교체했으며, 인물사진과 풍경사진 500여 장을 담아 다양한 구도 예시와 현장성이 강한 구도 노하우를 제시해주고 있다.",https://image.aladin.co.kr/product/3354/99/cover500/8968480672_1.jpg, 정승익 지음, 한빛미디어,2013
예술,나는 게임한다 고로 존재한다,게임을 연구하는 저자는 게임에 대한 오해를 풀고 청소년에게 진짜 게임을 한다는 것이 무엇인지 알려 주고자 이 책을 썼다. 그는 게임 스토리텔링을 통해 그 속에서 인문학적 가치를 찾는 길을 안내한다.,https://image.aladin.co.kr/product/27465/76/cover500/8954447260_1.jpg, 이동은 지음, 자음과모음,2021
예술,(디지털 일러스트)옷 그리기 사전,"현대 남녀의 복장을 상의, 하의 등으로 분류, 정리하고, 복장별 구조와 특징, 그리는 방법, 옷 주름의 포인트, 조합해서 그리는 요령, 코디네이트의 힌트를 정리한 사전 형식의 일러스트 실용서이다. 현대의 서양식 의복을 포함해 캐주얼 의상뿐 아니라 학생복과 정장 등 일상생활 속에서 흔히 볼 수 있는 옷을 중심으로 실었다.",https://image.aladin.co.kr/product/12735/55/cover500/k182532570_1.jpg, 스튜디오 하드디럭스 지음;김재훈 옮김, 한스미디어,2017
예술,명탐정 코난. 83,의미심장한 움직임을 보이는 여고생 탐정 세라 마스미. 그녀의 진의를 조금이나마 엿볼 수 있는 빨간 여자 사건은 예상 밖의 결말로 끝이 난다. 게다가 세라가 머물고 있는 호텔의 연애소설가 사건 때 코난은 수수께끼의 소녀를 발견하는데?!,https://image.aladin.co.kr/product/26036/9/cover500/k432737955_1.jpg, Aoyamagosho 지음;이희정 번역, 서울미디어코믹스,2020
예술,명탐정 코난. 84,"수족관 사건에 쿠도 신이치가 화려하게 등장한다. 1권과 연결되는 프롤로그, 이 이야기의 결말은…?! 평소의 하이바라를 들여다볼 수 있는 연날리기 사건, 쿠스다 리쿠미치 사건을 조사하는 아무로의 과거가 그려진 다과회 사건도 수록하였다.",https://image.aladin.co.kr/product/26036/11/cover500/k442737955_1.jpg, Aoyamagosho 지음;이희정 번역, 서울미디어코믹스,2020
예술,명탐정 코난. 85,"마침내 ‘라이하 고개의 진실’이 밝혀지는 ‘주홍색’ 시리즈 개막! 그 외에 태합 명인 하네다 슈키치와 코난이 암호에 도전하는 ‘명인전 사건’, 세라와 ‘영역 밖의 여동생’이 등장하는, 화려한 수영복이 득시글한 수영장 시체 소실&출현 사건도 시작된다.",https://image.aladin.co.kr/product/25545/9/cover500/k052633337_1.jpg, Aoyamagosho 지음;이희정 번역, 서울미디어코믹스,2020
예술,명탐정 코난. 88,"마침내 새로운 검은 조직의 멤버 ‘스카치’가 등장! 과거에 악연이 있는 아무로, 아카이와의 관계는 과연…?! 더불어 ‘이탈리안 레스토랑 살인 사건’ 해결편과 중요 키워드가 등장하는 ‘라면집의 이상한 손님 사건’ 그리고 헤이지와 도전하는 ‘좀비 영화 살인사건’도 수록!!",https://image.aladin.co.kr/product/25545/67/cover500/k492633539_1.jpg, Aoyamagosho 지음;이희정 번역, 서울미디어코믹스,2020
예술,흑요석이 그리는 한복 이야기,"흑요석의 아름다운 일러스트로 풀어낸 한복 자료집. 기본적인 여성 한복의 구조와 명칭은 물론 신분에 따른 다양한 한복의 종류와 역사적 배경 등을 아름다운 한복 일러스트로 담아낸 이 책은 한복에 대한 궁금증을 넘어, 조선시대 복식사의 원류를 찾아가는 길잡이 역할을 한다.",https://image.aladin.co.kr/product/18386/71/cover500/k392534055_1.jpg, 우나영 지음, 한스미디어,2019
예술,세상에서 가장 큰 집,"구본준 기자의 2주기를 기리며 출간된 건축 에세이다. 종묘, 경복궁, 자금성, 이세 신궁 등 한중일의 대표 건축을 꼼꼼히 돌아보고 이집트, 그리스, 프랑스를 아우르며 인류의 유산이 된 거대 건축물을 비교 분석한 이 책은 또 한번 독자들을 건축의 새로운 세계로 안내한다.",https://image.aladin.co.kr/product/9737/82/cover500/k562535243_1.jpg, 구본준 지음, 한겨레,2016
예술,무빙. 4: 내 아이라고 생각한다면 판단은 쉬워,"‘웹툰’이라는 새로운 문화의 창시자이자 해마다 새로운 작품을 발표하는 근면성실한 천재 만화가 강풀의 열두 번째 장편만화. 치밀한 복선이 돋보이는 구성, 매 화마다 울컥하게 만드는 감동적인 스토리, ‘액션만화’의 생동감이 살아 있는 작화 등으로 강풀 만화의 정점을 찍었다고 평가받고 있다.",https://image.aladin.co.kr/product/8105/78/cover500/8960869244_2.jpg, 강풀 지음, 위즈덤하우스,2016
예술,무빙. 5: 이젠 날아… 있는 힘껏 날아라,"‘웹툰’이라는 새로운 문화의 창시자이자 해마다 새로운 작품을 발표하는 근면성실한 천재 만화가 강풀의 열두 번째 장편만화. 치밀한 복선이 돋보이는 구성, 매 화마다 울컥하게 만드는 감동적인 스토리, ‘액션만화’의 생동감이 살아 있는 작화 등으로 강풀 만화의 정점을 찍었다고 평가받고 있다.",https://image.aladin.co.kr/product/8105/79/cover500/8960869252_2.jpg, 강풀 지음, 위즈덤하우스,2016
예술,쥬만지:새로운 세계,,https://image.aladin.co.kr/product/13708/55/cover500/d332837699_1.jpg, 제이크 캐스단 감독, 소니픽쳐스,2018
예술,우리 사이의 거대한 산,,/img/no_book.805feab5.png, 하니 아부 아사드 감독, 20세기폭스 [공급],2018
예술,스페이스 워커,"[히든 피겨스] 이후 4년, 다시 시작된 우주 전쟁",https://image.aladin.co.kr/product/12856/96/cover500/d482837677_1.jpg, 드미트리 키셀레브 감독, 미디어룩,2018
예술,문구의 모험,당신의 인생과 함께한 문구들의 파란만장한 연대기. '런던 문구 클럽'의 창설자인 저자 제임스 워드는 문구들의 이야기를 찾아 나섰다. 일상적 사물이 된 문구들이 어떻게 발명되고 우리의 삶과 어떻게 관계 맺어 왔는가를 살피며 독자들을 흥미로운 문구의 세계로 안내한다.,https://image.aladin.co.kr/product/6382/24/cover500/8997379739_2.jpg, 제임스 워드 지음;김병화 옮김, 어크로스,2015
예술,나빌레라. 2,"'진짜 이야기'에 목말라 있던 이들의 갈증을 풀어주고 있는 화제의 웹툰 <나빌레라> 단행본이다. 발레를 소재로 하고 있지만, 공감을 일으키는 다양한 상황 속에 나의 이야기이자 나의 가족의 이야기, 나의 주변의 이야기를 담고 있다.",https://image.aladin.co.kr/product/11111/70/cover500/8960863750_1.jpg, HUN 글;지민 그림, 위즈덤하우스,2020
예술,나빌레라. 3,'진짜 이야기'에 목말라 있던 이들의 갈증을 풀어주고 있는 화제의 웹툰 <나빌레라> 단행본이다. <은밀하게 위대하게> HUN 작가의 인간미 넘치는 스토리와 지민 작가의 사실적이면서 섬세한 그림이 어우러져 가슴 뭉클한 감동과 공감을 선사한다.,https://image.aladin.co.kr/product/11703/48/cover500/8960863769_1.jpg, HUN 지음;지민 그림, 위즈덤하우스,2020
예술,나빌레라. 3,'진짜 이야기'에 목말라 있던 이들의 갈증을 풀어주고 있는 화제의 웹툰 <나빌레라> 단행본이다. <은밀하게 위대하게> HUN 작가의 인간미 넘치는 스토리와 지민 작가의 사실적이면서 섬세한 그림이 어우러져 가슴 뭉클한 감동과 공감을 선사한다.,https://image.aladin.co.kr/product/11703/48/cover500/8960863769_1.jpg, HUN 지음;지민 그림, 위즈덤하우스,2020
예술,나빌레라. 4,'진짜 이야기'에 목말라 있던 이들의 갈증을 풀어주고 있는 화제의 웹툰 <나빌레라> 단행본이다. <은밀하게 위대하게> HUN 작가의 인간미 넘치는 스토리와 지민 작가의 사실적이면서 섬세한 그림이 어우러져 가슴 뭉클한 감동과 공감을 선사한다.,https://image.aladin.co.kr/product/11703/54/cover500/8960863777_1.jpg, HUN 글;지민 그림, 위즈덤하우스,2020
예술,나빌레라. 5,'진짜 이야기'에 목말라 있던 이들의 갈증을 풀어주고 있는 화제의 웹툰 <나빌레라> 단행본이다. <은밀하게 위대하게> HUN 작가의 인간미 넘치는 스토리와 지민 작가의 사실적이면서 섬세한 그림이 어우러져 가슴 뭉클한 감동과 공감을 선사한다.,https://image.aladin.co.kr/product/12417/26/cover500/8960863785_1.jpg, HUN 글;지민 그림, 위즈덤하우스,2020
예술,나빌레라. 5,'진짜 이야기'에 목말라 있던 이들의 갈증을 풀어주고 있는 화제의 웹툰 <나빌레라> 단행본이다. <은밀하게 위대하게> HUN 작가의 인간미 넘치는 스토리와 지민 작가의 사실적이면서 섬세한 그림이 어우러져 가슴 뭉클한 감동과 공감을 선사한다.,https://image.aladin.co.kr/product/12417/26/cover500/8960863785_1.jpg, HUN 글;지민 그림, 위즈덤하우스,2020
예술,프로야구 스카우팅 리포트 2021,"KBO리그 2021시즌의 모든 것을 담은 12년 전통의 프리뷰북. 2021시즌에는 각 팀의 단장, 감독, 코치, 선수 등 직접 구단을 운영하고 움직이고 플레이하는 사람들, 그밖의 현장에서 야구를 지켜보는 사람들의 이야기를 생생하게 담았다.",https://image.aladin.co.kr/product/26645/87/cover500/k302739237_1.jpg, 최훈 외 지음, 하빌리스,2016
예술,그림의 힘,"명화 보기의 새로운 흐름을 만든 『그림의 힘』 리커버 개정판이 출간되었다. 사이즈를 줄여 휴대성을 높이는 한편 그림을 편하게 감상할 수 있도록 본문을 구성했다. 빈센트 반 고흐, 바실리 칸딘스키, 앙리 마티스 등 시대의 화가들이 남긴 말을 디자인한 페이지를 명화 사이사이에 넣어 보는 즐거움을 더했다.",https://image.aladin.co.kr/product/25064/79/cover500/k652632757_1.jpg, 김선현 지음, 에이트포인트,2020
예술,하이큐!!. 34: 고양이의 발톱,"전국대회 예선에 대비해 맹훈련을 실시하는 카라스노 배구부. 하지만 예선의 같은 블록 안에는 아오바조사이, 그리고 인연 깊은 ‘철벽’ 다테공고가 가로막고 있다. 상대가 누구든 눈앞의 일전을 잡기 위해 나간다. 신생 카라스노 배구부, 마침내 출진.",https://image.aladin.co.kr/product/18595/31/cover500/k052635062_1.jpg, 후루타테 하루이치 지음;강동욱 옮김, 대원씨아이,2019
예술,하이큐!!. 39: 작은거인,"전국대회 예선에 대비해 맹훈련을 실시하는 카라스노 배구부. 하지만 예선의 같은 블록 안에는 아오바조사이, 그리고 인연 깊은 ‘철벽’ 다테공고가 가로막고 있다. 상대가 누구든 눈앞의 일전을 잡기 위해 나간다. 신생 카라스노 배구부, 마침내 출진.",https://image.aladin.co.kr/product/22253/44/cover500/k162636820_1.jpg, 후루다테 하루이치 지음;강동욱 옮김, 대원씨아이,2019
예술,하이큐!!. 40: 긍정,"전국대회 예선에 대비해 맹훈련을 실시하는 카라스노 배구부. 하지만 예선의 같은 블록 안에는 아오바조사이, 그리고 인연 깊은 ‘철벽’ 다테공고가 가로막고 있다. 상대가 누구든 눈앞의 일전을 잡기 위해 나간다. 신생 카라스노 배구부, 마침내 출진.",https://image.aladin.co.kr/product/23405/43/cover500/k202637315_1.jpg, 후루다테 하루이치 지음;강동욱 옮김, 대원씨아이,2020
예술,예썰의 전당: 서양미술 편,"KBS 화제의 교양 프로그램 '예썰의 전당'에서 소개된 여러 예술 작품 중 시청자들로부터 가장 큰 호응을 얻었던 서양미술을 주제로 엮었으며, 르네상스 시대를 대표하는 레오나르도 다빈치부터 20세기 파블로 피카소까지 시대를 대표하는 화가 17인과 그들의 작품을 소개한다.",https://image.aladin.co.kr/product/31656/19/cover500/k712833574_1.jpg, KBS 예썰의 전당 제작팀 지음, 교보문고,2023
예술,이토록 클래식이 끌리는 순간,클래식 음반 칼럼니스트 최지환이 클래식 입문자와 애호가들에게 가장 먼저 추천하고 싶은 28곡을 엄선해서 담아냈다. 클래식 음반 컬렉터이기도 한 최지환의 깊이 있는 통찰력으로 선별한 명연주들로 구성하였다.,https://image.aladin.co.kr/product/31518/96/cover500/k822832638_1.jpg, 최지환 지음, 북라이프,2023
예술,쉽고 예쁜 색연필 일러스트,어린 시절부터 우리가 가장 많이 접한 미술 재료인 ‘12색 색연필’만으로 쉽고 예쁜 손그림 일러스트를 그릴 수 있다. 12색 색연필에 자신이 좋아하는 색 몇 가지를 더해 다양한 일러스트를 그리는 방법을 담은 이번 책에서는 무엇보다 ‘색을 즐기는’ 마음까지 전하고 있다.,https://image.aladin.co.kr/product/29483/42/cover500/k042837431_1.jpg, 후지와라 테루에 지음;임지인 옮김, 티나,2022
예술,내가 미래 도시의 건축가라면,"아파트, 백화점, 박물관 등 누구에게나 친숙한 건물들을 통해 건축 지식을 쉽고 재미있게 알려주는 책이다. 건축물이 지금의 모습으로 지어지게 된 배경을 공학적, 예술적, 사회적인 관점에서 두루 설명한다.",https://image.aladin.co.kr/product/25967/84/cover500/k812738835_1.jpg, 서윤영 지음, 다른,2021
예술,친절한 미술관,"미술이 어렵게 느껴지는 건 우리의 잘못이 아니다. 쉽게 접하지 못하거나, 삶이 바빠서 생각하지 못했을 뿐이다. 여기 미술의 세계로 빠져들게 할 유쾌하고 친절한 책이 있다. 바로 <친절한 미술관>이다.",https://image.aladin.co.kr/product/31565/67/cover500/k552832557_1.jpg, 정연은 지음, 북클로스,2023
예술,된다! 깨비의 DSLR&미러리스 사진 수업,셔터 버튼만 탭하면 쉽게 찍히던 스마트폰 카메라와 달리 카메라의 복잡한 기능과 낯선 용어는 장벽이 되기 쉽다. 이 책은 입문자에게 카메라가 넘어야 할 장벽이 아니라 모든 순간을 더 빛나게 기록할 도구가 되도록 도와준다.,https://image.aladin.co.kr/product/28543/66/cover500/k522835338_1.jpg, 박기덕 지음, 이지스퍼블리싱,2022
예술,에코 크리에이터 디자인,"KBS1 환경 스페셜 방영 [쓰레기, 새 생명을 얻다]의 자문을 맡았던 김대호 저자가 에코 디자인의 세계를 소개한다. 독자들은 본 저서를 통해 자기중심적인 사고의 중심을 넘어 실험적인 시도로 새로운 세상을 만들어가는 다양한 사례를 만나 볼 수 있다.",https://image.aladin.co.kr/product/2828/66/cover500/1185177000_1.jpg, 김대호 지음, 아이엠북,2013
예술,"플레이, 즐거움의 발견","환경운동가 제인 구달과 전 세계적 디자인 기업 IDEO의 회장이 강력 추천한 책. 사람들은 흔히 ‘일work’의 반대말은 ‘놀이’라고 생각한다. <플레이, 즐거움의 발견>에서 미국 최고의 놀이 행동 전문가인 스튜어트 브라운 박사는 이러한 생각이 잘못되었음을 짚어주며, 사실 놀이의 반대말은 ‘우울함depression’이라고 강조한다. 놀이의 역할은, 아이들이 세상을 배우는 통로이며 창의성과 혁신의 핵심이자 세상에서 조화롭게 살아가는 데 필요한 자아를 찾는 통로라는 것은 기본이다.",https://image.aladin.co.kr/product/700/44/cover500/8990872901_1.jpg, 스튜어트 브라운;크리스토퍼 본 [공]지음;윤미나 옮김, 흐름출판,2010
예술,(첫 번째 카메라) 미러리스 사진찍기,"미러리스 카메라 매뉴얼서가 아닌 사진 잘 찍는 방법을 소개한 책이다. 카메라를 처음 사서 찍고 싶은 사진, 생활 속에서 쉽게 접할 수 있는 스냅이나 인물, 풍경 등 38가지 상황을 멋진 사진으로 변화시켜준다.",https://image.aladin.co.kr/product/2856/78/cover500/893157682x_1.jpg, 김선웅 지음, 성안당,2013
예술,여행사진 무작정 따라하기,카메라와 함께 여행하며 일상을 기록하듯 여행을 기록하는 방법에 대해서 알아본다. 여행의 순간에서 만나게 되는 다양한 장소에 따라 여행의 추억을 조금 더 풍성하게 만들 수 있는 촬영 테크닉을 담았다.,https://image.aladin.co.kr/product/11741/55/cover500/k632531826_1.jpg, 정윤희 지음, 길벗,2017
예술,이채원의 몸치 클리닉,"[댄싱 위드 더 스타], [오! 마이 베이비] 등에서 활약한 이채원 저자가 댄스 스포츠 입문자를 위해 자신의 노하우가 담긴 책을 펴냈다. 몸치나 춤에 입문하는 사람들이 쉽고 빠르게 동작을 습득할 수 있게끔 루틴을 고심하여 선정하였다.",https://image.aladin.co.kr/product/7509/23/cover500/8940623789_1.jpg, 이채원 지음, 크라운,2016
예술,방구석 미술관,"예술 분야의 베스트셀러로 꾸준히 사랑받아 온 <방구석 미술관>이 2년 만에 10만 부 판매 기록을 돌파했다. 이를 기념하기 위해 특별판으로 출간한 이번 책은 ‘프라이빗 미술관 에디션’으로, 조원재 작가의 메시지와 친필 사인도 함께 수록했다.",https://image.aladin.co.kr/product/23828/3/cover500/s912837569_1.jpg, 조원재 지음, 블랙피쉬,2018
예술,안녕하세요? 예술가씨!,,https://image.aladin.co.kr/product/674/8/cover500/8960008303_1.jpg, 이규현 지음, 넥서스Books,2011
예술,죽음과 부활 그림으로 읽기,"아트가이드 시리즈 10권. 이집트의 피라미드부터 현대 미술가들의 작품까지 시대에 따라 다른 매체와 표현 방식으로 나타난 죽음의 이미지를 소개한다. 인류가 그토록 극복하기를 원했지만, 여전히 극복하지 못한 엄연하고도 불편한 진실인 죽음이라는 주제를 서구의 시각문화를 통해 살펴보고 있다.",https://image.aladin.co.kr/product/848/21/cover500/8970844287_1.jpg, 엔리코 데 파스칼레 지음;엄미정 옮김, 예경,2010
예술,죽음과 부활 그림으로 읽기,"아트가이드 시리즈 10권. 이집트의 피라미드부터 현대 미술가들의 작품까지 시대에 따라 다른 매체와 표현 방식으로 나타난 죽음의 이미지를 소개한다. 인류가 그토록 극복하기를 원했지만, 여전히 극복하지 못한 엄연하고도 불편한 진실인 죽음이라는 주제를 서구의 시각문화를 통해 살펴보고 있다.",https://image.aladin.co.kr/product/848/21/cover500/8970844287_1.jpg, 엔리코 데 파스칼레 지음;엄미정 옮김, 예경,2010
예술,(단숨에 끝내는)만화 기초작법에서 웹툰까지,"30년 간의 경력을 바탕으로 만화의 기본을 차근차근 알려준다. 만화의 기초작법에서 실전까지, 세세한 실무 경험을 전수한다.",https://image.aladin.co.kr/product/251/15/cover500/8993413010_1.jpg, 길문섭 지음, 타임스퀘어,2008
예술,자동차 디자인 북,눈으로만 감탄했던 자동차의 숨은 이야기를 사진과 함께 낱낱이 공개하는 책이다. 세기를 풍미한 자동차 디자인의 흐름을 한 눈에 볼 수 있으며 그 안에 숨겨진 디자인의 의미를 읽으면서 눈으로 보기만 했던 자동차 디자인을 감상할 수 있도록 도와준다.,https://image.aladin.co.kr/product/415/32/cover500/8975608425_1.jpg, 조경실 지음, 길벗,2011
예술,(송사비의)클래식 사용 설명서,"베스트셀러 <클래식 음악야화>의 송사비 작가가 <클래식 사용 설명서>로 돌아왔다. 이 책은 다소 딱딱하거나 어렵게 느껴졌던 클래식 상식부터, 공연 에티켓, 악기별 특징 그리고 클래식 취향 찾기까지, 송사비 작가 특유의 편안한 문체와 친절한 설명으로 소개하고 있다.",https://image.aladin.co.kr/product/32405/2/cover500/k272935984_1.jpg, 송사비 지음, 1458music,2023
예술,살롱 드 경성,"국립현대미술관의《미술이 문학을 만났을 때》, 《이중섭 백년의 신화》, 《내가 사랑한 미술관》, 《윤형근》 등 블록버스터 전시를 기획했던 큐레이터 김인혜가 한국 근대사를 수놓은 천재 화가들의 생애와 작품 세계를 정리한 『살롱 드 경성』을 펴냈다.",https://image.aladin.co.kr/product/32328/3/cover500/k922935161_1.jpg, 김인혜 지음, 해냄,2023
예술,관객의 마음을 사로잡는 영상 연출법 101,"세계 최고 애니메이션 스튜디오로 평가받는 디즈니 픽사 스튜디오에서 10여 편의 장편 애니메이션에 제작에 레이아웃 아티스트로 참여해온 저자가 영화, 방송, 애니메이션, 동영상 크리에이터들에게 관객의 마음을 사로잡는 영상 연출법을 소개한 영상 문법 지침서다.",https://image.aladin.co.kr/product/32356/49/cover500/8972971065_1.jpg, 스킴온웨스트(김성영) 지음, 동녘,2023
예술,(The)Champion. 2023,19년 동안 한 해도 거르지 않고 발간해 온 국내 최고 · 최강의 유럽축구 가이드북 《The Champion》이 유럽 리그의 다양한 이적 소식과 선수 정보들을 담아 한층 더 새로워진 모습으로 돌아왔다. 2022년 8월 이적 시장까지 담은 국내 최초 완결판이다.,https://image.aladin.co.kr/product/29953/7/cover500/k002838045_1.jpg, 송영주 외 글, 맥스media,2023
예술,(NEW)미꽃체 손글씨 노트,지난 2년간 미꽃체가 많은 사랑을 받으면서 미꽃 작가의 글씨도 더욱 정교해졌다. 하루도 빠짐없이 글씨를 쓴 작가의 손끝에서 미꽃체도 자연스럽게 변화하고 성장한 것이다. 작가는 미꽃체를 사랑하고 배우고 싶은 사람들을 위해 기존 책에 새로운 미꽃체를 담은 《NEW 미꽃체 손글씨 노트》를 펴냈다.,https://image.aladin.co.kr/product/31955/95/cover500/k362833256_3.jpg, 최현미 지음, 시원북스,2023
예술,나도 수채화 잘 그리면 소원이 없겠네,소원풀이 시리즈 8권. 텀블벅 펀딩 3일 만에 100%를 달성한 위시유의 책이다. 이 책은 학교 다닐 때 이후로 수채화를 처음 그리는 사람도 어려움이 없도록 붓을 잡고 천천히 선을 긋는 것부터 시작한다. 촘촘하게 짜인 4주 프로그램으로 혼자서도 차근차근 연습할 수 있다.,https://image.aladin.co.kr/product/17975/42/cover500/k922534437_1.jpg, 차유정 지음, 한빛라이프,2019
예술,타임 인 조선. [1]: 타임리프편,‘깨알 개그’로 대표되는 특유의 개그 감각과 탄탄한 복선 회수 능력으로 네이버 웹툰 연재 기간 동안 독자와 평단 모두로부터 폭넓은 지지를 받은 이윤창 작가의 『타임 인 조선』 「타임 리프 편」이 상하 전2권으로 세미콜론에서 출간되었다.,https://image.aladin.co.kr/product/9608/31/cover500/8983718056_1.jpg, 이윤창 지음, 세미콜론,2016
예술,타임 인 조선. [2]: 타임 리프 편,‘깨알 개그’로 대표되는 특유의 개그 감각과 탄탄한 복선 회수 능력으로 네이버 웹툰 연재 기간 동안 독자와 평단 모두로부터 폭넓은 지지를 받은 이윤창 작가의 『타임 인 조선』 「타임 리프 편」이 상하 전2권으로 세미콜론에서 출간되었다.,https://image.aladin.co.kr/product/9608/33/cover500/8983718064_1.jpg, 이윤창 지음, 세미콜론,2016
예술,"128분, 나를 바꾸는 시간","삶이라는 무대에서 작은 배역은 있어도, 작은 배우는 없다. 공개강좌의 신, 시골교수의 조용한 강의혁명! KOCW 인기강의 어워드 2016~2017년 2년 연속 1위 선정. 이창동 감독, 전 운문사 승가대학장 일진 스님이 추천한 책.",https://image.aladin.co.kr/product/18473/38/cover500/k082534555_1.jpg, 김성삼 지음, 지식의숲,2019
예술,살아있는 지구. 2,,https://image.aladin.co.kr/product/17455/41/cover500/d342830566_2.jpg, 앨러스테어 포더길 감독, BBC EARTH,2018
예술,살아있는 지구. 3,,https://image.aladin.co.kr/product/17455/41/cover500/d342830566_2.jpg, 앨러스테어 포더길 감독, BBC EARTH,2018
예술,아직 끝이 아니다,한국 여자배구 사상 최고의 왼쪽 공격수 김연경이 주목받지 못했던 유년시절을 이겨내고 일본과 터키에 진출하여 세계를 사로잡은 이야기를 <아직 끝나지 않았다>에 담아냈다.,https://image.aladin.co.kr/product/26620/2/cover500/k422734115_2.jpg, 김연경 지음, 가연,2021
예술,축구를 하며 생각한 것들,"한국을 넘어 아시아 역대 최고의 축구선수가 누구인지 묻는다면 반드시 첫 손에 꼽힐 선수는 '손세이셔널' 손흥민일 것이다. 손흥민의 첫 번째 에세이로, 그 동안 우리가 쉽게 접할 수 없었던 '인간' 손흥민의 목소리를, 소소하고 담담한 기억과 생각들을 진솔하게 꾹꾹 눌러 담았다.",https://image.aladin.co.kr/product/24882/4/cover500/k322632379_1.jpg, 손흥민 지음, 브레인스토어,2020
예술,"나는 내일, 어제의 너와 만난다. 2","일본 현지 판매 160만 부를 돌파한 동명 소설을 원작으로 한 작품으로, 타임 판타지라는 독특한 소재를 바탕으로 두 남녀의 풋풋하고 애틋한 사랑 이야기를 담아내고 있다. 어쩐지 비밀이 있을 것 같은 에미와 그런 그녀에게 첫눈에 운명임을 직감한 타카토시의 설렘 가득한 사랑 이야기가 아름다운 교토의 풍경과 함께 펼쳐진다.",https://image.aladin.co.kr/product/11880/30/cover500/896086997x_1.jpg, 나나츠키 타카후미 원작;오타니 노리코 만화;김시내 옮김, 위즈덤하우스,2017
예술,1억으로 짓는 힐링 한옥,"몇 년 전부터 우리 전통 가옥의 멋스러움과 친환경에 대한 관심이 높아지면서 한옥의 인기도 높아졌다. 황토와 마당, 국산 목재로 이루어진 친환경주택 한옥은 많은 이가 꿈꾸는 ‘드림하우스’이다.",https://image.aladin.co.kr/product/2984/28/cover500/8998822008_1.jpg, 박인호;서경석 [공]지음, 깊은나무,2013
예술,"가보고 싶은 곳 머물고 싶은 곳. 2: 마음의 풍경, 비움의 건축","건축학자이자 한국예술종합학교 총장인 김봉렬 교수의 글과 불교 사진의 대가인 고 관조 스님의 사진이 어우러진 우리 옛절 답사기다. 2002년에 출간된 1권의 후속작으로, 건축학자인 저자 자신과 독자들을 대상으로 한 건축에 대한 자기 고백을 담고 있다.",https://image.aladin.co.kr/product/3317/64/cover500/897059714x_1.jpg, 김봉렬 글;관조 사진, 컬처그라퍼,2013
예술,그가 사랑한 클래식,독일의 음악비평가 요아힘 카이저의 클래식 에세이다. 클래식 애호가들이 그에게 보내온 질문들에 그가 답한 것을 독일 유력 일간지 「쥐트도이췌 차이퉁」의 온라인 홈페이지에서 ‘카이저의 클래식 수업’이라는 비디오 칼럼으로 2년여 간 연재한 후 책으로 펴낸 것이다.,https://image.aladin.co.kr/product/3026/4/cover500/892780466x_1.jpg, 요아힘 카이저 지음;홍은정 옮김, 중앙books,2013
예술,런던의 착한 가게,"디자인의 도시 런던에서, 그저 아름다운 물건만이 아니라 ‘착한’ 물건을 만드는 디자이너-메이커를 소개한다. 13인의 젊은 디자이너-메이커 그리고 협동조합 설립자를 만나 이들이 하는 작업을 소개하고 이들이 ‘왜’ 이런 일을 하는지 그 이유를 들어본다.",https://image.aladin.co.kr/product/3047/57/cover500/8961961462_1.jpg, 박루니 글;니코스 초가스 사진, 아트북스,2014
예술,미생. 9: 종국,"모든 직장인의 인생 교과서, 샐러리맨 만화의 걸작 의 완결편. 바둑 프로기사를 목표로 살아가던 청년 장그래가 입단에 실패하고 '회사'라는 전혀 새로운 '판'에 적응해가는 과정을 그렸다. 직장인의 꿈, 희망, 좌절, 애환을 모두 녹여냈다.",https://image.aladin.co.kr/product/3160/94/cover500/8960866202_1.jpg, 윤태호 지음, 위즈덤하우스,2013
예술,미술에 관한 모든 것,"미술에 대한 깊은 통찰이 담긴 짧은 메시지와 그를 입증하는 섬세한 드로잉을 통해, 미술에 관심 있는 사람이라면 누구나 한번쯤은 접하게 되는 창작과 감상을 위한 명제나 주장을 엄선하여 설명하고 있다.",https://image.aladin.co.kr/product/2994/51/cover500/8998171066_1.jpg, 킷 화이트 지음;김노암 옮김, 틔움,2013
예술,사람 보는 눈,"미술평론가이자 명강사인 손철주가 사람이 나오는 우리 옛 그림을 골라 소개하는 책이다. 옛 사람들의 생김새와 매무새, 차림새와 모양새로부터 그 품새와 본새의 알짬을 읽어내는 저자의 눈썰미가 남다르고 흥겹다.",https://image.aladin.co.kr/product/3275/33/cover500/8932316791_1.jpg, 손철주 지음, 현암사,2013
예술,"삶은, 그림","화가 김원숙의 그림 에세이로, 2011년 출간된 <그림 선물>의 개정판이다. 그림 그리는 일에 대해 화가가 품고 있는 생각과 화가로서의 일상, 그림 주제에 관한 글들은 ‘김원숙’이라는 화가를 이해하는 데 도움을 준다.",https://image.aladin.co.kr/product/3076/39/cover500/8961961403_1.jpg, 김원숙 지음, 아트북스,2013
예술,영혼의 미술관,"알랭 드 보통이 섬세한 필치로 그려낸 삶과 사랑, 그리고 예술. 예술작품이 우리의 고단한 삶을 보듬어 안고 한편으로 우리 삶을 더욱 아름답게 만들어주는 예술의 치유 기능에 대해, 알랭 드 보통이 특유의 철학적 글쓰기를 통해 써내려간 독특한 책이다.",https://image.aladin.co.kr/product/3186/24/cover500/8954621988_2.jpg, 알랭 드 보통;존 암스트롱 [공]지음;김한영 옮김, 문학동네,2013
예술,화가가 사랑한 그림,"세계적인 현대미술가 75여 명이 각각 영감을 받은 예술가에 대한 생각을 숨김없이 기록한 것을 엮은 책이다. 현대미술가들이 고른 작품이 그들에게 어떤 영향과 영감을 주었고 어떤 관계를 맺고 있는지, 수 세기에 걸친 미술사를 어떻게 논하는지에 대해 알게 된다.",https://image.aladin.co.kr/product/3030/90/cover500/8984455539_1.jpg, 사이먼 그랜트 엮음;유정란 옮김, 시그마북스,2013
예술,가와이이 제국 일본,한마디로 일본 대중문화 전반에 공통적으로 작용하고 있는 상품 미학을 ‘가와이이’(귀엽다)란 개념으로 설명하고 있는 문화 비평서이다. “그토록 중요한 주제인데도 아직까지 본격적인 분석의 대상이 된 적이 없는 ‘가와이이’ 현상을 최초로 다룬 책”이다.,https://image.aladin.co.kr/product/3358/34/cover500/899797503x_1.jpg, 요모타 이누히코 지음;장영권 옮김, 펜타그램,2013
예술,약수동 출근길,하얏트 호텔 백승우 상무이사의 집에서 직장인 하얏트 호텔까지의 거리는 약 2.5km. 네 정거장만 지나면 집에서 회사까지 금방 도착한다. 이토록 짧은 거리를 그는 빙빙 돌아 두 시간이나 걸려 출근한다. 이런 경험을 사진과 글로 정리해 <약수동 출근길>을 출간했다.,https://image.aladin.co.kr/product/3026/25/cover500/8996880485_1.jpg, 백승우 글·사진, 호박,2013
예술,옛그림을 보는 법,"우리 옛그림을 모두 13장의 주제로 분류하고, 그것을 드러내는 대표작품을 선별하여 그 속에 담긴 의미와 상징의 세계를 풀어낸 책이다. 그림에 담긴 ‘상징’을 매개로, 쉽게 우리 그림의 특징을 이해하고, 나아가 그림을 제대로 즐길 수 있게 해준다.",https://image.aladin.co.kr/product/3030/82/cover500/8971995602_1.jpg, 허균 지음, 돌베개,2013
예술,10cm 예술,"스스로를 그림을 그리는 노동자라, 화가는 예술가가 아니라 육체 노동자라 생각하는 지은이 김점선이 그린 그림과 자전적 글이 함께 수록된 산문집. 당신은 무엇을 위해, 무엇을 하며 살고 있느냐고 거침없이 던져대는 질문들이 꽂혀온다.",https://image.aladin.co.kr/product/36/53/cover500/8989351243_1.gif, 김점선 지음, 마음산책,2002
예술,미술 뉴에이지를 만나다,"이루마, 유키 구라모토, 조지 원스턴, 앙드레 가늉 등 유명한 뉴에이지 음악가들의 음악과 모네, 클림트, 모딜라아니, 에곤 쉴레 등 굵직한 화가들의 작품 사이의 연관을 짚어낸 책. 뉴에이지 음악에 영감을 준 그림을 설명하고, 그로부터 음악가들의 삶과 음악세계를 새롭게 읽어낸다.",https://image.aladin.co.kr/product/54/14/cover500/8952742435_1.jpg, 양한수 지음, 시공사,2005
예술,바다낚시 100문 1000답. 2,,https://image.aladin.co.kr/product/33/36/cover500/8972557129_1.gif, 이일섭 지음, 다락원,2005
예술,(개정판)문학과 예술의 사회사 2. 2: 르네쌍스·매너리즘·바로끄,"이번 개정판은 출간 당시의 시대상황과 이념적 시각 탓에 적절한 번역을 하지 못한 것들을 바로잡았으며 시대 구분도 '고대, 중세, 근대' 등이라 했던 것을 '르네상스, 매너리즘, 바로크' 등 원저의 표현으로 고쳤다. 또 책 속에 인용된 작품 사진 1백29컷을 보충했으며 각 권마다 컬러화보도 새로 실었다.",https://image.aladin.co.kr/product/5/21/cover500/8936483048_1.jpg," 아르놀트 하우저 지음;백낙청, 반성완 옮김", 창작과 비평사,1999
예술,명탐정 코난 45. 45,"박사님과 소년 탐정단은 바다낚시를 하러 간다. 낚시에 지루함을 느낀 코난 일행이 돌아가려고 일어서는 순간, 낚시꾼 에지리가 독에 의한 신경발작을 일으키며 쓰러진다. 너무 넓어서 오히려 밀실이 되어버린 방파제, 범인을 잡을 수 있을 것인가.",https://image.aladin.co.kr/product/50/23/cover500/6000118720_1.gif, Aoyamagosho 지음;오경화 번역, 서울문화사,2004
예술,명탐정 코난 20. 20,,https://image.aladin.co.kr/product/4/94/cover500/5000049480_1.gif, Aoyamagosho 지음;이희정 번역, 서울문화사,1998
예술,(개정판)문학과 예술의 사회사 1. 1: 선사시대부터 중세까지,74년 처음 국내 출간된 후 대학생의 필독서로 꼽히던 책으로 지금도 회자되는 문학/예술분야의 명저. 고대로부터 현대까지 통사적으로 문학과 예술을 사회학적 상상력으로 분석하고 있다. 이번 개정판은 출간 당시의 시대상황과 이념적 시각 탓에 적절한 번역을 하지 못한 것들을 바로잡았다.,https://image.aladin.co.kr/product/5/21/cover500/893648303x_1.jpg, 아르놀트 하우저 지음;백낙청 옮김, 창작과 비평사,1999
예술,(만화)금난새의 만화 오페라하우스3. 3: 마술피리,,https://image.aladin.co.kr/product/85/29/cover500/895697683x_1.jpg, 볼프강 아마데우스 모차르트 원작, 홍진PM,2005
예술,싱싱한 밀 이삭처럼,"좀처럼 나아지지 않는 형편과 정신적 고통에 허덕이면서도 그가 지켜 낸 삶의 뜻을 희망―미술―사랑 세 테마로 묶었다. 삶에 대한 희망, 사람과 자연에 대한 사랑과 그것을 있는 힘껏 캔버스에서 표현하려 했던 열정, 생의 끝에 선 절박함은 엄선된 빈센트의 편지글에 고스란히 녹아 있다.",https://shopping-phinf.pstatic.net/main_5163590/51635904619.20241203071058.jpg, 빈센트 반 고흐 지음;황종민 옮김, 열림원,2024
예술,감상의 심리학,"“감상은 미술 작품 앞에서 일어나는 특별한 심리 행동이다.” 근대와 현대, 서양과 동양을 아우르는 그림 감상의 법칙. 심리학 실험으로 예술 감상의 비밀을 밝히는 미술 교양서다.",https://shopping-phinf.pstatic.net/main_5321177/53211770971.20250226094414.jpg, 오성주 지음, 북하우스,2025
예술,30일 5분 달리기,달리기를 정말 힘들어하는 사람들도 ‘이건 나도 할 수 있겠는데? 한번 해 봐야겠다.’는 마음이 들도록 기획해 2020년부터 시작한 랜선 클래스다. 달리기를 통해 건강한 삶을 경험한 사람들은 ‘30일 5분 달리기’를 ‘5분의 기적’이라고 부른다.,https://shopping-phinf.pstatic.net/main_3245836/32458363042.20230919123309.jpg, 김성우 지음, 에이치비프레스,2021
예술,디자인 컨셉 사전,고대 그리스와 로마 석공의 예술 작품부터 소셜 미디어 속 섬네일에 이르기까지 그래픽 디자인이 거쳐온 여정을 조망하기도 한다. 시대마다 새롭게 등장한 양식과 사조를 세밀히 살펴보는 동시에 흐름을 관통하고 하나로 꿰어 디자인이 지닌 문화적 맥락과 사회적 기능에 대한 이해를 확장한다.,https://shopping-phinf.pstatic.net/main_5621418/56214188029.20250812115020.jpg, 테오 잉글리스 지음;이희수 옮김, 윌북,2025
예술,동양화가 처음인 당신에게,한·중·일 회화의 흐름과 개념을 입문자의 눈높이에서 설명하는 친절한 안내서다. 미술사를 전공하고 박물관 큐레이터로 젊은 날의 대부분을 보낸 저자는 독자를 위한 작은 전시를 기획하고 책 안에 멋지게 펼쳐냈다.,https://shopping-phinf.pstatic.net/main_5591384/55913849832.20250723100826.jpg, 이장훈 지음, 미술문화,2025
예술,줄 서서 보는 그림의 비밀,"전시 열풍 속에서 우리가 무심코 지나쳤던 이 질문을 정면으로 던 진다. 그리고 렘브란트, 고흐, 세잔, 뱅크시 등 시대를 초월한 예술가들의 '전략적 선택'들을 하나씩 짚어가며, 예술 작품이 어떻게 '브랜드'가 되었는지를 치밀하게 분석한다.",https://shopping-phinf.pstatic.net/main_5666981/56669810814.20250911093547.jpg, 이정우 지음, 투래빗,2025
예술,(구본준의)마음을 품은 집,"시공간을 초월하여 인간의 희로애락 감정이 고스란히 녹아 있는 건축 이야기를 담은 책이다. 집을 좋아해 직접 땅콩집을 짓고 살며, 건축 전문 기자로 오랫동안 좋은 글을 보여준 저자 구본준이 전하는 아름답고 감동적인 건축 이야기가 고스란히 담겨 있다.",https://image.aladin.co.kr/product/2370/49/cover500/8974835916_1.jpg, 구본준 지음, 서해문집,2013
예술,예술가의 여행,"15-20세기 초 여행의 매혹에 빠져든 13명의 예술가들의 이야기를 담고 있다. 저자는 ‘예술가의 여행’이라는 프리즘을 통해, 기존의 미술사에서 조명 받지 못했던 매력적인 그림 속 이야기를 흥미롭게 선보인다. 영국 런던에서 모로코 탕헤르까지, 술탄의 궁전에서 남극의 한가운데까지 저마다의 동기와 목적에서 떠난 예술가들의 여행은 그 자체로 미술사의 다채로운 파노라마를 보여준다.",https://image.aladin.co.kr/product/1640/62/cover500/8901144050_1.jpg, 요아힘 레스 지음;장혜경 옮김, 웅진지식하우스,2012
예술,아라의 당구홀릭. 1,국내 최초로 만화를 통해 쉽고 재미있게 당구의 기초 이론을 마스터할 수 있도록 구성하여 출간했다. 당구 실력이 단시간에 크게 늘기는 어렵다. 모든 운동이 그렇듯이 정확한 샷을 구사하기 위해서는 많은 연습이 필요하기 때문이다.,https://image.aladin.co.kr/product/2500/81/cover500/8993908656_1.jpg, 아라;폴 지음, 글로벌콘텐츠,2013
예술,"캠핑, 내 아버지의 선물","캠퍼들의 속내를 구석구석 훑어내는 스물네 편의 글을 엮은 책이다. 아버지와의 추억, 내 아들에게 가르쳐주고 싶은 인생의 진실, 소중한 사람과의 하룻밤이 주는 아련함. 이 모든 것을 품은 캠핑의 참맛을 꾹꾹 눌러 담았다.",https://image.aladin.co.kr/product/1974/25/cover500/8952766903_1.jpg, 김현수 지음, 시공사,2012
예술,미생. 5: 요석,"2012년 1월 20일 Daum 만화속세상에 첫선을 보인 이후 최장기간 평점 1위를 고수 중인 『미생』은 ‘만화가 아닌 인생 교과서’, ‘직장생활의 교본’, ‘샐러리맨 만화의 진리’ 등으로 불리며 연일 SNS를 뜨겁게 달구고 있다.",https://image.aladin.co.kr/product/2379/76/cover500/8960865885_1.jpg, 윤태호 지음, 위즈덤하우스,2013
예술,미생. 6: 봉수,"2012년 1월 20일 Daum 만화속세상에 첫선을 보인 이후 최장기간 평점 1위를 고수 중인 『미생』은 ‘만화가 아닌 인생 교과서’, ‘직장생활의 교본’, ‘샐러리맨 만화의 진리’ 등으로 불리며 연일 SNS를 뜨겁게 달구고 있다.",https://image.aladin.co.kr/product/2596/52/cover500/8960866008_1.jpg, 윤태호 지음, 위즈덤하우스,2013
예술,오트쿠튀르를 입은 미술사,"복식 유행을 단서로 르네상스부터 20세기 초까지의 잘 알려진 명화들을 새롭게 해석하고 있는 이 책은, 정통 미술사가 간과해온 복식사를 전면에 부각시키며 ‘패션으로 읽는 명화’라는 특별한 세계로 독자를 안내한다.",https://image.aladin.co.kr/product/2349/98/cover500/8984316482_2.jpg, 후카이 아키코 지음;송수진 옮김, 씨네21북스,2013
예술,나는 왜 감동하는가,"지금 이 시대에 예술가로 산다는 것, 그리고 관객들은 전혀 몰랐던 오케스트라와 예술가의 사생활에서부터 지지부진한 일상 속에서 감동을 쟁취해내는 법까지, 바이올리니스트 조윤범이 생각하고 체험한 ‘감동’의 모든 것이 한 권에 담겨 있다.",https://image.aladin.co.kr/product/2364/54/cover500/8954620167_1.jpg, 조윤범 지음, 문학동네,2013
예술,"열려라, 클래식","클래식 음악을 듣고 싶지만 어디서부터 시작해야 할지 몰라 난감해하는 초보자들을 위한 클래식 입문서 <열려라, 클래식>이 '개정증보판'으로 새롭게 출간되었다. 개정증보판은 독자들이 좀더 편하게 읽을 수 있도록 본문 조판을 새로 하고, '재미로 읽는 레코드 역사'의 내용을 추가했으며, 필요한 내용을 쉽게 찾아볼 수 있도록 '찾아보기'를 새롭게 추가했다.",https://image.aladin.co.kr/product/1442/52/cover500/8961670840_1.jpg, 이현석 지음, 돋을새김,2012
예술,음악의 기쁨. 4: 오페라,작곡가이자 음악학자인 롤랑 마뉘엘과 피아니스트 나디아 타그린이 3년 동안 매주 일요일 라디오 프랑스에서 음악에 대해 나눈 대화를 옮긴 책. 4권은 오페라의 역사를 살펴본다.,https://image.aladin.co.kr/product/5162/48/cover500/8997835890_1.jpg, 롤랑 마뉘엘 지음;이세진 옮김, 북노마드,2015
예술,(읽기만 하면 내 것이 되는)1페이지 미술 365,"매일 1페이지씩, 세계 명화 365점과 함께 미술의 모든 지식을 단 한 권으로 만날 수 있는 책이다. 월요일부터 일요일까지 명작, 미술사, 화가, 장르·기법, 미술로 보는 세계사, 스캔들·미스터리, 신화·종교 총 일곱 분야의 지식을 다루고 있어 꼭 알아야 할 미술 교양을 빠짐없이 쌓을 수 있다.",https://image.aladin.co.kr/product/25834/32/cover500/k582736433_1.jpg, 김영숙 지음, 비에이블,2020
예술,(알아두면 쓸모 있는)클래식 잡학사전,"네이버 인기 클래식 칼럼니스트 정은주가 들려주는 비밀스럽고 유쾌한 클래식 비하인드 이야기. 저자의 재치 있는 시선으로 들려주는, 소소하지만 쏠쏠한 클래식 이야기와 함께 거장이라는 이름에 가린 그들의 뒷모습을 엿보며 클래식의 역사 전반을 짚어 본다.",https://image.aladin.co.kr/product/25172/96/cover500/k072633592_1.jpg, 정은주 지음, 42미디어콘텐츠,2020
예술,보여진다는 것,너머학교 열린교실 19권. 보는 나와 보여지는 나 사이에서 살아가는 법을 생각해 보는 책이다. 스마트폰과 소셜네트워크 등 매체 기술의 발달과 ‘셀카’ 등 사회 문화적 현상의 바탕에 무엇이 있는지 근본적인 질문을 던진다.,https://image.aladin.co.kr/product/25059/22/cover500/8994407804_1.jpg, 김남시 글;이지희 그림, 너머학교,2020
예술,(상식으로 꼭 알아야 할)세계의 명작 영화 50,"걸작 영화에 대한 교양을 즐겁게 쌓을 수 있으며 영화에 대한 상식을 높일 수 있는 책이다. 세상에 ‘명작’이라고 불리는 영화는 적지 않지만, 그 중에서도 상식과 교양으로 우리가 꼭 알아야할 작품은 무엇일까? 그리고 그 영화가 걸작이라고 높이 평가받는 이유는 어디에 있을까? 이 책에 소개되는 작품들은 1, 2차 세계대전 전후의 관객들에게 사랑받고 영화인들에게 인정받은 불후의 명작들로, 크게 7개로 구분하여 그 감상 포인트를 정리하였다.",https://image.aladin.co.kr/product/316/4/cover500/8958971479_1.jpg, 노비친 지음;박시진 옮김, 삼양미디어,2009
예술,"건축, 생활 속에 스며들다","2010년 출간된 <건축, 생활 속에 스며들다>의 개정판이다. 건축전문가가 아닌 건축과 함께 숨 쉬며 사는 일반인을 위한 책으로, 장마다 소개되는 다양한 건축이야기들은 풍부한 건축 상식을 제공한다. 다양한 사진이 실려 있어 쉽고 재미있게 읽을 수 있다.",https://image.aladin.co.kr/product/2611/42/cover500/8965290295_1.jpg, 조원용 지음, 씽크스마트,2013
예술,어디서 살 것인가,베스트셀러 <도시는 무엇으로 사는가>를 통해 건축과 공간을 바라보는 새로운 눈을 제시했던 건축가 유현준 교수의 신작. 자신의 삶의 방향성에 맞추어 스스로 살 곳을 변화시켜 갈 수 있도록 건축과 공간을 읽는 방법을 소개하고 다양한 삶의 결이 깃든 좋은 터전을 제안한다.,https://image.aladin.co.kr/product/14799/66/cover500/8932473803_2.jpg, 유현준 지음, 을유문화사,2018
예술,(만화)금난새의 만화 오페라하우스1. 1: 카르멘,,https://image.aladin.co.kr/product/59/42/cover500/8956976813_1.jpg, 조르쥬 비제 원작, 홍진PM,2005
예술,그림과 나,"대한민국 미술치료계의 권위자 김선현 교수가 뽑은 64점의 자화상과 명화. 내가 가지고 싶은 얼굴은 무엇인가. 경험과 감정, 생각에 따라 변해가는 얼굴. 그중에서 가장 최상의 나를 확인하고 발견하는 것은 어떤 삶을 살고 싶어하느냐와 직결된다.",https://image.aladin.co.kr/product/6957/82/cover500/8901205394_1.jpg, 김선현 지음, 웅진지식하우스,2016
예술,프로골퍼도 몰래 보는 골프책,"‘아무리 노력해도 실력이 늘지 않는 초보 골퍼’, ‘젊었을 때보다 실력이 떨어져 한숨 쉬는 시니어 골퍼’, ‘남성 골퍼를 따라잡을 수 없는 여성 골퍼’, ‘싱글에 도달하기 위해 한창 연습 중인 골퍼’라면 이 책을 탐독할 필요가 있다.",https://image.aladin.co.kr/product/6249/52/cover500/k612433624_2.jpg, 오츠키 요시히코 지음 ;이용택 옮김, 봄봄스쿨,2015
예술,골프스윙의 정석,,https://image.aladin.co.kr/product/4075/94/cover500/8995496843_1.jpg," 김용철,서동환 지음", 엔에코,2014
예술,원포인트 레슨 30,"일본 신인왕 미야자토 아이의 아버지이자 코치인 미야자토 마사루가 각종 골프 원리와 비법들을 설명했다. 동양인에 알맞은 스윙 방법, 간단한 소품들을 이용하여 스윙의 결점을 자가진단하고 교정할 수 있는 방법, 각종 실전 상황에서 유용하게 쓰일 수 있는 미야자토 아이의 그린 공략 방법 등이 소개되어 있다.",https://image.aladin.co.kr/product/63/12/cover500/8978493181_1.jpg, 미야지토 마사루 지음, 삼호미디어,2012
예술,치즈 인 더 트랩. 2-1,"네이버 웹툰 최고 인기작 <치즈 인 더 트랩 시즌2>. 완벽한 남녀 캐릭터 구성과 치밀한 연출, 공감을 불러일으키는 다양한 상황을 캠퍼스를 무대로 삼아 최고의 쾌감을 선사한다.",https://image.aladin.co.kr/product/2864/37/cover500/8901156792_1.jpg, 순끼 글·그림, 재미주의,2016
예술,치즈 인 더 트랩. 2-3,"네이버 웹툰 최고 인기작 <치즈 인 더 트랩 시즌2>. 완벽한 남녀 캐릭터 구성과 치밀한 연출, 공감을 불러일으키는 다양한 상황을 캠퍼스를 무대로 삼아 최고의 쾌감을 선사한다.",https://image.aladin.co.kr/product/2864/40/cover500/8901156814_1.jpg, 순끼 글·그림, 재미주의,2016
예술,치즈 인 더 트랩. 2-6,"네이버 웹툰 최고 인기작 <치즈 인 더 트랩 시즌2>. 완벽한 남녀 캐릭터 구성과 치밀한 연출, 공감을 불러일으키는 다양한 상황을 캠퍼스를 무대로 삼아 최고의 쾌감을 선사한다.",https://image.aladin.co.kr/product/3408/14/cover500/8901161818_1.jpg, 순끼 글·그림, 재미주의,2016
예술,치즈 인 더 트랩. 2-7,"<치즈 인 더 트랩>은 연재 5년이 넘어가는 지금도 예전과 다르지 않은 인기를 얻고 있다. 이야기가 마지막을 향해 갈수록 등장인물간의 꼬였던 실타래가 풀릴지 더욱 궁금해지는 지금, 책으로 정주행하며 미묘하고 복잡한 <치즈 인 더 트랩>의 재미를 느껴보자.",https://image.aladin.co.kr/product/5682/72/cover500/8901203413_1.jpg, 순끼 글·그림, 재미주의,2015
예술,치즈 인 더 트랩. 2-9,"<치즈 인 더 트랩>은 연재 5년이 넘어가는 지금도 예전과 다르지 않은 인기를 얻고 있다. 이야기가 마지막을 향해 갈수록 등장인물간의 꼬였던 실타래가 풀릴지 더욱 궁금해지는 지금, 책으로 정주행하며 미묘하고 복잡한 <치즈 인 더 트랩>의 재미를 느껴보자.",https://image.aladin.co.kr/product/5682/92/cover500/890120343x_1.jpg, 순끼 글·그림, 재미주의,2015
예술,슬램덩크. 1: 강백호,"<슬램덩크>는 만화를 좋아하는 70~80년대 출생한 이들에게는 첫사랑과도 같다. 그런 첫사랑이 처음 연재한 날로부터 25년 만에, 추억을 고스란히 담으며 곱게 화장을 하고 출간이 되었다. 2001년 완전판 발매와 함께 절판된 '오리지널판'을 디지털 편집을 통해 명장면과 대사를 고스란히 살렸다.",https://image.aladin.co.kr/product/6641/74/cover500/k952433357_1.jpg, 이노우에 다케히코 저;김동욱 번역, 대원씨아이,2016
예술,슬램덩크. 2: New power generation,"<슬램덩크>는 만화를 좋아하는 70~80년대 출생한 이들에게는 첫사랑과도 같다. 그런 첫사랑이 처음 연재한 날로부터 25년 만에, 추억을 고스란히 담으며 곱게 화장을 하고 출간이 되었다. 2001년 완전판 발매와 함께 절판된 '오리지널판'을 디지털 편집을 통해 명장면과 대사를 고스란히 살렸다.",https://image.aladin.co.kr/product/6641/74/cover500/k972433357_1.jpg, 이노우에 다케히코 저;김동욱 번역, 대원씨아이,2016
예술,슬램덩크. 3: 풋내기 슛은 어려워,"<슬램덩크>는 만화를 좋아하는 70~80년대 출생한 이들에게는 첫사랑과도 같다. 그런 첫사랑이 처음 연재한 날로부터 25년 만에, 추억을 고스란히 담으며 곱게 화장을 하고 출간이 되었다. 2001년 완전판 발매와 함께 절판된 '오리지널판'을 디지털 편집을 통해 명장면과 대사를 고스란히 살렸다.",https://image.aladin.co.kr/product/6641/75/cover500/k982433357_2.jpg, 이노우에 다케히코 저;김동욱 번역, 대원씨아이,2016
예술,슬램덩크. 4: 주역등장!!,"<슬램덩크>는 만화를 좋아하는 70~80년대 출생한 이들에게는 첫사랑과도 같다. 그런 첫사랑이 처음 연재한 날로부터 25년 만에, 추억을 고스란히 담으며 곱게 화장을 하고 출간이 되었다. 2001년 완전판 발매와 함께 절판된 '오리지널판'을 디지털 편집을 통해 명장면과 대사를 고스란히 살렸다.",https://image.aladin.co.kr/product/6641/75/cover500/k992433357_2.jpg, 이노우에 다케히코 저;김동욱 번역, 대원씨아이,2016
예술,슬램덩크. 8: Basketball,"<슬램덩크>는 만화를 좋아하는 70~80년대 출생한 이들에게는 첫사랑과도 같다. 그런 첫사랑이 처음 연재한 날로부터 25년 만에, 추억을 고스란히 담으며 곱게 화장을 하고 출간이 되었다. 2001년 완전판 발매와 함께 절판된 '오리지널판'을 디지털 편집을 통해 명장면과 대사를 고스란히 살렸다.",https://image.aladin.co.kr/product/6853/73/cover500/k412434078_1.jpg, 이노우에 다케히코 저;대원씨아이 번역, 대원씨아이,2016
예술,슬램덩크. 10: 리바운드왕 강백호,"<슬램덩크>는 만화를 좋아하는 70~80년대 출생한 이들에게는 첫사랑과도 같다. 그런 첫사랑이 처음 연재한 날로부터 25년 만에, 추억을 고스란히 담으며 곱게 화장을 하고 출간이 되었다. 2001년 완전판 발매와 함께 절판된 '오리지널판'을 디지털 편집을 통해 명장면과 대사를 고스란히 살렸다.",https://image.aladin.co.kr/product/6853/74/cover500/k562434078_1.jpg, 이노우에 다케히코 저;대원씨아이 번역, 대원씨아이,2016
예술,슬램덩크. 11: 우연이라고 해도,"<슬램덩크>는 만화를 좋아하는 70~80년대 출생한 이들에게는 첫사랑과도 같다. 그런 첫사랑이 처음 연재한 날로부터 25년 만에, 추억을 고스란히 담으며 곱게 화장을 하고 출간이 되었다. 2001년 완전판 발매와 함께 절판된 '오리지널판'을 디지털 편집을 통해 명장면과 대사를 고스란히 살렸다.",https://image.aladin.co.kr/product/7026/57/cover500/k412434184_1.jpg, 이노우에 타케히코 저;대원씨아이 번역, 대원씨아이,2016
예술,슬램덩크. 15: 천당과 지옥,"<슬램덩크>는 만화를 좋아하는 70~80년대 출생한 이들에게는 첫사랑과도 같다. 그런 첫사랑이 처음 연재한 날로부터 25년 만에, 추억을 고스란히 담으며 곱게 화장을 하고 출간이 되었다. 2001년 완전판 발매와 함께 절판된 '오리지널판'을 디지털 편집을 통해 명장면과 대사를 고스란히 살렸다.",https://image.aladin.co.kr/product/7026/59/cover500/k502434184_1.jpg, 이노우에 다케히코 저;대원씨아이 번역, 대원씨아이,2016
예술,슬램덩크. 16: 서바이벌 게임,"<슬램덩크>는 만화를 좋아하는 70~80년대 출생한 이들에게는 첫사랑과도 같다. 그런 첫사랑이 처음 연재한 날로부터 25년 만에, 추억을 고스란히 담으며 곱게 화장을 하고 출간이 되었다. 2001년 완전판 발매와 함께 절판된 '오리지널판'을 디지털 편집을 통해 명장면과 대사를 고스란히 살렸다.",https://image.aladin.co.kr/product/7210/48/cover500/k262434591_1.jpg, 이노우에 다케히코 저;대원씨아이 편역, 대원씨아이,2016
예술,슬램덩크. 17: 마지막 한 자리,"<슬램덩크>는 만화를 좋아하는 70~80년대 출생한 이들에게는 첫사랑과도 같다. 그런 첫사랑이 처음 연재한 날로부터 25년 만에, 추억을 고스란히 담으며 곱게 화장을 하고 출간이 되었다. 2001년 완전판 발매와 함께 절판된 '오리지널판'을 디지털 편집을 통해 명장면과 대사를 고스란히 살렸다.",https://image.aladin.co.kr/product/7210/48/cover500/k282434591_1.jpg, 이노우에 다케히코 저;대원씨아이 편역, 대원씨아이,2016
예술,슬램덩크. 19: 에이스,"<슬램덩크>는 만화를 좋아하는 70~80년대 출생한 이들에게는 첫사랑과도 같다. 그런 첫사랑이 처음 연재한 날로부터 25년 만에, 추억을 고스란히 담으며 곱게 화장을 하고 출간이 되었다. 2001년 완전판 발매와 함께 절판된 '오리지널판'을 디지털 편집을 통해 명장면과 대사를 고스란히 살렸다.",https://image.aladin.co.kr/product/7210/47/cover500/k142434591_1.jpg, 이노우에 다케히코 저;대원씨아이 편역, 대원씨아이,2016
예술,슬램덩크. 20: 북산 붕괴,"<슬램덩크>는 만화를 좋아하는 70~80년대 출생한 이들에게는 첫사랑과도 같다. 그런 첫사랑이 처음 연재한 날로부터 25년 만에, 추억을 고스란히 담으며 곱게 화장을 하고 출간이 되었다. 2001년 완전판 발매와 함께 절판된 '오리지널판'을 디지털 편집을 통해 명장면과 대사를 고스란히 살렸다.",https://image.aladin.co.kr/product/7210/47/cover500/k272434591_1.jpg, 이노우에 다케히코 저;대원씨아이 편역, 대원씨아이,2016
예술,슬램덩크. 23: A랭크와 C랭크,"<슬램덩크>는 만화를 좋아하는 70~80년대 출생한 이들에게는 첫사랑과도 같다. 그런 첫사랑이 처음 연재한 날로부터 25년 만에, 추억을 고스란히 담으며 곱게 화장을 하고 출간이 되었다. 2001년 완전판 발매와 함께 절판된 '오리지널판'을 디지털 편집을 통해 명장면과 대사를 고스란히 살렸다.",https://image.aladin.co.kr/product/7516/19/cover500/k862434910_1.jpg, 이노우에 다케히코 저;대원씨아이 편역, 대원씨아이,2016
예술,슬램덩크. 24: 승리를 위해,"<슬램덩크>는 만화를 좋아하는 70~80년대 출생한 이들에게는 첫사랑과도 같다. 그런 첫사랑이 처음 연재한 날로부터 25년 만에, 추억을 고스란히 담으며 곱게 화장을 하고 출간이 되었다. 2001년 완전판 발매와 함께 절판된 '오리지널판'을 디지털 편집을 통해 명장면과 대사를 고스란히 살렸다.",https://image.aladin.co.kr/product/7516/19/cover500/k872434910_1.jpg, 이노우에 다케히코저;대원씨아이 편역, 대원씨아이,2016
예술,슬램덩크. 29: 인재,"<슬램덩크>는 만화를 좋아하는 70~80년대 출생한 이들에게는 첫사랑과도 같다. 그런 첫사랑이 처음 연재한 날로부터 25년 만에, 추억을 고스란히 담으며 곱게 화장을 하고 출간이 되었다. 2001년 완전판 발매와 함께 절판된 '오리지널판'을 디지털 편집을 통해 명장면과 대사를 고스란히 살렸다.",https://image.aladin.co.kr/product/7773/63/cover500/k892434124_1.jpg, 이노우에 다케히코 저;대원씨아이 번역, 대원씨아이,2016
예술,슬램덩크. 30: 선수 생명,"<슬램덩크>는 만화를 좋아하는 70~80년대 출생한 이들에게는 첫사랑과도 같다. 그런 첫사랑이 처음 연재한 날로부터 25년 만에, 추억을 고스란히 담으며 곱게 화장을 하고 출간이 되었다. 2001년 완전판 발매와 함께 절판된 '오리지널판'을 디지털 편집을 통해 명장면과 대사를 고스란히 살렸다.",https://image.aladin.co.kr/product/7773/79/cover500/k972434125_1.jpg, 이노우에 다케히코 저;대원씨아이 번역, 대원씨아이,2016
예술,슬램덩크. 31: 북산 고등학교 농구부,"<슬램덩크>는 만화를 좋아하는 70~80년대 출생한 이들에게는 첫사랑과도 같다. 그런 첫사랑이 처음 연재한 날로부터 25년 만에, 추억을 고스란히 담으며 곱게 화장을 하고 출간이 되었다. 2001년 완전판 발매와 함께 절판된 '오리지널판'을 디지털 편집을 통해 명장면과 대사를 고스란히 살렸다.",https://image.aladin.co.kr/product/7773/84/cover500/k992434125_1.jpg, 이노우에 다케히코 저;대원씨아이 번역, 대원씨아이,2016
예술,일과 공간의 재창조,"폭넓은 시야와 깊은 인사이트를 갖춘 저자들은 ‘모던 오피스’라고 불리던 사무실의 100년 변천사를 통해 일과 업무 공간의 과거와 현재 진화하고 있는 모습을 짚어보고, 앞으로 변해갈 직업 세계를 내다본다.",https://image.aladin.co.kr/product/32882/41/cover500/8925575760_1.jpg, 제레미 마이어슨;필립 로스 [공]지음;방영호 옮김, RHK(알에이치코리아),2023
예술,미니 캐릭터 그리는 법,"굿즈를 발표할 때마다 원작 팬들의 큰 사랑을 받으며 품절 대란을 일으키는 일러스트레이터 유메노우치 치하루가 미니 캐릭터 그리는 법부터 굿즈 만드는 법, 프리랜서로 활동하는 노하우를 아낌없이 알려 준다.",https://image.aladin.co.kr/product/32187/21/cover500/8979293801_1.jpg, 유메노우치 치하루 지음;김재훈 옮김, 잉크잼(잼스푼),2023
예술,시작해!! 볼링,"볼링의 어원, 역사, 문화 등을 일종의 인문 콘텐츠처럼 소개하는 것으로 문을 열어 독자들의 부담을 덜어주며, 순차적으로 볼링의 경기 방법과 규칙, 매너와 준비물, 디테일한 기술 설명이 이어진다. 또한 실질적인 연습을 돕고 최종적으로는 아마추어 대회 출전까지 안내한다.",https://image.aladin.co.kr/product/29459/66/cover500/k852837135_1.jpg, 서동휘 [외]지음, 브레인스토어,2022
예술,인물사진 시크릿,<소울 포토>의 저자 크리스 오르위그가 깊이와 교감이 있는 인물사진을 찍을 수 있게 돕는다. 이 책의 연습 과제들은 탐구와 성장을 위한 접근 가능한 바탕을 제공하기 때문에 누구나 응용할 수 있다.,https://image.aladin.co.kr/product/2421/56/cover500/8956745811_1.jpg, 크리스 오르위그 지음;추미란 옮김, 정보문화사,2013
예술,박물관에서·서성이다,"저자 박현택은 국립중앙박물관에서 디자이너로 30여 년간 일하고 정년퇴직했다. 이 책은 전통 문화유산을 디자인적 관점에서 “새롭게 다시보기”를 제안하고, 시대를 넘어 지켜야할 가치가 무엇인지를 설득력 있게 이야기 한다.",https://image.aladin.co.kr/product/32994/20/cover500/8982641572_2.jpg, 박현택 지음, 통나무,2023
예술,NEW 미꽃체 필사 노트,베스트셀러 작가 미꽃의 신간 필사북. NEW 미꽃체 손글씨로 따라 쓰는 감성 글귀. 명실상부 한글 최고의 손글씨로 인정받는 미꽃체! 미꽃체 손글씨를 만든 미꽃 작가의 새로운 필사책이 손글씨 명가 시원북스에서 출시된다.,https://image.aladin.co.kr/product/33973/50/cover500/k672930443_1.jpg, 최현미 지음, 시원북스,2024
예술,어른을 위한 두뇌 피트니스,"세계 최고 두뇌 게임 전문가와 케임브리지대학교 기억 연구소 전문가가 함께 개발한 두뇌 피트니스 워크북으로 기억력, 논리력, 추론력, 집중력, 창의력, 수평적 사고 등에 도움이 되는 다양한 문제가 들어 있다. 과학적이고 체계적으로 구성된 ‘4STEP 두뇌 훈련 프로그램’을 따라 하면 뇌를 움직이고 뇌 근육을 확장하는 법을 배울 수 있다.",https://image.aladin.co.kr/product/33661/63/cover500/k572939625_1.jpg, 개러스 무어;헬레나 겔레르젠 [공] 지음 ;;박민정 옮김, FIKALIFE(피카라이프),2024
예술,오래되고 멋진 클래식 레코드 . 2,본업인 소설만큼 취미생활에도 진심인 작가 무라카미 하루키. 개인적으로 소장중인 1만 5천여 장 가운데 486장의 클래식 레코드와 100여 곡의 클래식 음악에 관한 이야기를 담은 에세이 『오래되고 멋진 클래식 레코드』를 통해 자신만의 특별한 컬렉션을 공개한 바 있다. 이번에는 거기서 그치지 않고 음악에 대해 좀더 쓰고 싶다는 마음으로 후속권 『오래되고 멋진 클래식 레코드 2』를 완성했다.,https://image.aladin.co.kr/product/33934/5/cover500/k182930136_1.jpg, 무라카미 하루키 지음 ;홍은주 옮김, 문학동네,2024
예술,케이라플레르 꽃다발 마스터 클래스,케이라플레르는 자연의 선과 형태를 살린 내추럴한 플라워 작품으로 유명한 플라워 디자인 전문 스쿨이다. 이 책에서는 케이라플레르의 감성을 듬뿍 담은 꽃다발 작품을 난이도별로 다양하게 소개한다.,https://image.aladin.co.kr/product/34008/68/cover500/k692931864_1.jpg, 김애진 지음, 한즈미디어(한스미디어),2024
예술,(해부학부터 옷 주름까지 배우는)자연스러운 인체 드로잉,"오랜 기간 사람을 그려온 저자가 효율적으로 인체를 배우는 순서를 안내하는 책이다. 초심자에겐 단 한 권의 책으로 기본기를 다질 수 있고, 인체를 배우고 있지만 제대로 기술적인 향상에 아쉬움이 느껴졌던 분이라면 인체 드로잉에 대한 고민을 끝낼 수 있도록 이끌어준다.",https://shopping-phinf.pstatic.net/main_3389560/33895602632.20230926085206.jpg, 소은 박경선 지음, 동양북스,2022
예술,신비한 건물 탐방기,"천공을 떠도는 섬의 항구 마을, 거대한 나무 위에 자리 잡은 촌락, 운해를 내려다보는 작은 산장, 호수터에 만들어진 협곡의 나라... 호기심을 자극하는 '신비한' 건물과, 그 건물에 살고 있는 거주자들의 삶을 그린 그림책 같은 일러스트집.",https://shopping-phinf.pstatic.net/main_4994677/49946770619.20240827082320.jpg, 노노하라 지음;김재훈 옮김, 한스미디어(한즈미디어),2024
예술,바둑 입문. 1: 기본 규칙,바둑은 판에 돌을 놓으며 나의 생각을 자유롭게 표현한다. 돌과 돌이 충돌하는 판의 공간에 숨어있는 원리를 알면 그에 따라 생각의 틀도 잡힌다. 그렇다면 원리를 어떻게 배워야 할까? 원리를 알고 적용한다는 점에서 이 책은 내용의 전개방식이 독창적이고 체계적이다.,https://shopping-phinf.pstatic.net/main_4073197/40731975638.20230627104501.jpg, 이하림 지음, 더디퍼런스,2023
예술,"한 번쯤, 뮤지엄",지금 가장 뜨거운 예술시장을 가진 미국의 주요한 뮤지엄과 그곳에 소장된 현대미술 작품을 중점으로 소개한다. 압도적인 자본력으로 탄생한 미국의 예술 컬렉션은 질과 양 모든 면에서 세계 최고 수준을 자랑한다.,https://shopping-phinf.pstatic.net/main_5002341/50023415624.20240830071546.jpg, 박소영 지음, 산하,2024
예술,도슨트처럼 미술관 걷기,"예술의 대중화를 위해 노력하고 있는 미술사학자인 저자가 집대성한 미술 교양 입문서다. 미술을 처음 접하는 사람들이 복잡한 미술 이론 지식 없이도 작품을 쉽게 보고, 느끼고, 이해할 수 있도록 실용적인 정보를 제공한다. 예술의 기본 개념부터 미술의 역사, NFT 아트, 미술 경매에 이르기까지, 미술을 이해하는 데 필수적인 핵심 정보를 쉽고 간결하게 설명한다.",https://shopping-phinf.pstatic.net/main_5364612/53646124925.20250320091845.jpg, 노아 차니 지음;이선주 옮김, 현대지성,2025
예술,나의 두 번째 교과서 × 정우철의 다시 만난 미술,"‘교과서 속 지식’을 ‘어른들을 위한 교양’으로 새롭게 녹여낸 화제의 교양 프로그램 EBS 「나의 두 번째 교과서: 미술 편」을 다시 한번 글로 써낸 책이다. 국내외 최고의 화가들과 그들의 작품을 다시 들여다보며, 작품의 기본적인 정보는 물론이고 작품 속에 숨겨진 화가의 인생까지 친절하게 소개한다.",https://shopping-phinf.pstatic.net/main_5171999/51719999621.20241203084616.jpg, 정우철 지음, Page2(페이지2북스),2024
예술,클래식 왜 안 좋아하세요?,"음악 교육가이자 클래식 스토리텔러 권태영(탱로그)이 엄격하고, 근엄하며, 진지하게만 느껴졌던 클래식에서 벗어나 쉽고, 재미있고, 가벼운 마음으로 접할 수 있도록 고민한 끝에 나온 결과물이다.",https://dls2.edunet.net/DLS/api/homepage/holding/getCoverImage.do?prov_code=E10&neis_code=E100000276&bib_key=34206537177, 권태영(탱로그) 지음, 빅피시,2025
예술,바둑 수읽기의 비결,"바둑에서 가장 중요한 기술인 수읽기의 비결을 다룬 책이다. 수읽기의 원리를 설명하고, 실제 장면에서 수를 읽는 방법, 수읽기와 관련한 고수들의 성공 사례와 실패 사례 등을 다루고 있다.",https://dls2.edunet.net/DLS/api/homepage/holding/getCoverImage.do?prov_code=E10&neis_code=E100000276&bib_key=34206541484, 정수현 저, 서림문화사,2024
예술,내가 만난 1%의 그림과 대화,거장들의 명화를 통한 그림 감상과 에세이 적 수다와 속삭임이 채워져 있다. 그림 속에는 내가 닿고 싶은 다양한 내면의 표정이 숨어 있다. 그림 속 내면의 표정을 찾는 감성 여행은 다채로운 느낌의 나를 찾는 길이다.,https://dls2.edunet.net/DLS/api/homepage/holding/getCoverImage.do?prov_code=E10&neis_code=E100000276&bib_key=34206549138, 김주영 엮음, 아이템하우스,2025
예술,(실로 그리는 하루하루)차근차근 사계절 자수,"차별화된 일러스트와 디자인으로 많은 사랑을 받고 있는 안희진 작가의 두 번째 책. 봄, 여름, 가을, 겨울의 풍경과 일상생활에서 흔히 볼 수 있는 계절의 모티프를 안희진 작가만의 세련되고 미니멀한 도안으로 만날 수 있다.",https://dls2.edunet.net/DLS/api/homepage/holding/getCoverImage.do?prov_code=E10&neis_code=E100000276&bib_key=34206768220, 안희진 지음, 일삼공,2018
예술,보나파르트. 2,"군자의 복수는 10년이 걸려도 족하다 했던가. 카심은 복수의 다음 대상인 백작으로부터 주치의 제안을 받는다. 백작의 주치의로 6개월을 보내며 신임을 얻은 카심은, 야만족의 침략으로 백작과 함께 전장에 나가게 된다. 인생에서 가장 행복한 순간에 절망과 함께 복수를 계획했던 카심은, 전장에서 백작의 끝없는 욕심을 확인하며 더 이상 기다릴 필요가 없다고 결심한다.",https://dls2.edunet.net/DLS/api/homepage/holding/getCoverImage.do?prov_code=E10&neis_code=E100000276&bib_key=34206826029, 몹시찰진우럭 글·그림, 영컴(YOUNG COM),2024
예술,보나파르트. 4,"시궁쥐 클랜과의 전면전에서 해골촌 연합이 승기를 잡아가는 듯했지만, 시궁쥐 버민의 향로로 상황이 급변한다. 향로에 취한 인원들은 동료를 알아보지 못하고 무차별 공격을 시작했고, 이로 인해 용병 제리는 많은 부하들을 잃게 되는데….",https://dls2.edunet.net/DLS/api/homepage/holding/getCoverImage.do?prov_code=E10&neis_code=E100000276&bib_key=34206827211, 몹시찰진우럭 글·그림, 영컴(YOUNG COM),2024
예술,자화상 내 마음을 그리다,"화가가 자화상을 통해 자신의 감정을 나타낸 것처럼, 명화 속에서 진정한 ‘나’ 자신을 찾는 선물 같은 책이다. 한국 미술치료의 최고 권위자 김선현 교수는 미술치료가 숨은그림찾기와 같다고 한다. 말로 표현하지 못하는 사람들의 숨겨진 마음을 그림으로 정확하게 찾아내기 때문이다.",https://shopping-phinf.pstatic.net/main_4572147/45721479621.20260331115416.jpg, 김선현 지음, 한길사,2024
예술,조윤범의 다시 만난 음악,"EBS 대표 강연 프로그램 <나의 두 번째 교과서> 시즌 2가 책으로 다시 찾아왔다. 클래식 해설가이자 바이올리니스트 조윤범이 네 가지 과목 중 '음악' 편의 일타강사를 맡아, 어른이 되어 다시 만나는 음악 교과서를 누구보다 쉽고 재미있게 풀어낸다.",https://shopping-phinf.pstatic.net/main_5832849/58328498687.20260331103821.jpg, 조윤범 지음, 영진닷컴,2026
예술,박물관 스토리텔링,"뮤지엄이라는 무대를 통해 우리 문화와 예술이 세계사의 거대한 흐름 속에서 어떻게 탄생하고 변화하며, 또 새롭게 재해석되는지를 탐구한다. 저자는 인도의 간다라 불상에서 출발해 중국·한반도·일본으로 이어지는 예술의 이동 경로를 추적하며, 그리스 조각에서 비롯된 조형 감각이 유럽을 넘어 아시아 미술사에 어떤 영향을 미쳤는지까지도 짚는다.",https://shopping-phinf.pstatic.net/main_5741060/57410605610.20260331104112.jpg, 황윤 지음, 소동,2025
예술,파란색 미술관,"파란색이 돋보이는 그림을 중심으로 작품에 녹아든 예술가들의 삶과 감정의 파고(波高)를 따라가며 그들의 예술 여정을 살펴보는 책이다. “작품을 통해 우리도 기쁨과 환희, 슬픔과 절망에 공감하며 세상이 유독 나에게만 가혹한 것은 아니라는 사실에 위로를, 눈이 시리도록 푸른 내일을 다시 꿈꾸는 계기를 마련하기를 바란다”는 저자의 말처럼 이 책을 읽고 나면 우리도 저마다 내면을 채색할 ‘나만의 파란색’을 발견할 수 있을 것이다.",https://shopping-phinf.pstatic.net/main_5103242/51032429619.20260331100726.jpg, 강민지 지음, 아트북스,2024
예술,초록색 미술관,"초록빛 예술로 자연의 치유와 평온을 전하는 에세이로, 16~20세기 화가 15명의 작품을 통해 초록이 지닌 위로·안식·희망을 이야기한다. 자연을 사랑한 화가들의 여정과 미술사를 따라 지친 마음에 싱그러운 쉼을 건네는 책이다.",https://shopping-phinf.pstatic.net/main_5780125/57801257612.20260331115837.jpg, 강민지 지음, 아트북스,2025
예술,대운동회 2024 : 학교 밖,<대운동회 2024>학교 안/ 밖의 아이들은 청소년을 위한 단편 만화집으로 12명의 작가가 학교 안(청팀)/학교 밖(백팀)이 되어 12편의 단편 만화를 제작하는 프로젝트다. 학교 밖(백팀)편에는 근하/김푸른/버선버섯/산호/유영열음/하호하호 6명의 만화가 가 함께한다.,https://shopping-phinf.pstatic.net/main_5479376/54793763396.20260331112611.jpg, 근하 [외]지음, 삐약삐약출판사,2024
예술,고흐로 읽는 심리수업,김동훈 철학자가 빈센트 반 고흐의 삶과 그림을 통해 심리 용어들을 알기 쉽게 설명해 주는 『고흐로 읽는 심리 수업』이 민음사에서 출간되었다. 고흐의 그림 가운데 특히 화가의 마음을 엿볼 수 있는 작품을 골라 137점 수록했으며 그림의 소장처도 밝혔다.,https://shopping-phinf.pstatic.net/main_5274047/52740472133.20260331114805.jpg, 김동훈 지음, 민음사,2025
예술,작은여자 큰여자 사이에 낀 두남자,"다운증후군의 장애를 가진 은혜를 키워낸 독신모로 잘 알려진 만화가 장차현실의 작품 120여 꼭지를 책으로 묶었다. 지난 10여 년간 <여성신문>, <세계일보>, <장애인 뉴스 에이블>, <위민넷>에 연재한 작품들을 보강하여 엮은 것이다.",https://image.aladin.co.kr/product/216/65/cover500/8984312649_1.jpg, 장차현실 지음, 한겨레출판,2008
예술,빨간 자전거. 2: 접시꽃,"행복한 사연을 실어나르는 한 우편배달부의 따스한 시선을 통해 바라보는 세상의 이야기를 고향 풍경과 함께 전하고 있는 만화로, 올 컬러로 구성된 것이 특징이다. 이번에 출간된 2권에는 연재분 이외에도 20여페이지의 단편이 함께 실렸다.",https://image.aladin.co.kr/product/41/54/cover500/8990664179_1.jpg, 김동화 지음, 행복한만화가게,2008
예술,빨간 자전거. 4: 마지막 이야기 그리고 다시 봄,"행복한 사연을 실어나르는 한 우편배달부의 따스한 시선을 통해 바라보는 세상의 이야기를 고향 풍경과 함께 전하고 있는 만화로, 올 컬러로 구성된 것이 특징이다. 이번에 출간된 4권에는 다섯 개 파트로 나뉘어 총 마흔아홉 개의 에피소드가 실려 있다.",https://image.aladin.co.kr/product/88/83/cover500/8990664713_1.jpg, 김동화 지음, 행복한만화가게,2007
예술,만화 학교에 오다,"만화를 좋아하는 사람은 물론, 어떻게 하면 만화로 교육활동을 할 수 있을까를 고민하는 선생님, 아이들과의 소통을 고민하는 선생님, 만화반을 전문적으로 운영해 보고자 하는 선생님들을 위한 책이다.",https://image.aladin.co.kr/product/49/96/cover500/8980406134_1.gif, 박경이 지음, 우리교육,2009
예술,만화의 미래,"전세계 만화가, 만화 독자를 열광시킨 만화 이론서, <만화의 이해>의 저자 스콧 맥클라우드의 두 번째 저서. 전작이 만화라는 예술 장르의 내부구조에 대한 탐구였다면 이 책은 만화의 외부구조, 그 운명에 대한 진단과 처방이다.",https://image.aladin.co.kr/product/237/72/cover500/8992607156_1.jpg, 스콧 맥클라우드 지음;김낙호 옮김, 비즈앤비즈,2008
예술,산업디자인 : 이론과 실제의 적용 사례,"디자이너의 기본적인 표현 능력 향상을 돕기 위해 씌어진 책. 제품, 가구, 자동차, 환경 디자인 분야와 디자인 경영에 관한 이론과 실제를 폭넓게 다룬다. 실제 디자인 프로젝트 진행 과정을 예로 제시하고 있어, 현장감이 살아 있다. 중앙대 산업디자인학과의 홍성수 교수가 집필했다.",https://image.aladin.co.kr/product/102/39/cover500/8970419543_1.jpg, 홍성수 지음, designhouse,2009
예술,무인양품 문방구,"‘문구 덕후’를 사로잡은 무인양품 문구의 모든 것을 담았다. 무인양품을 대표하는 문구들의 흥미로운 탄생 비화부터 무인양품 마니아들의 개성 만점 사용법, 문구를 수납할 수 있는 다양한 소재의 수납용품, 무인양품 문구의 개발 과정과 그 뒤에 숨은 비밀들을 들려준다.",https://image.aladin.co.kr/product/19517/50/cover500/8950981297_1.jpg, GB 편집부 지음;박제이 옮김, 북이십일 21세기북스,2019
예술,"반 고흐, 영혼의 편지","동생 테오와 주고받은 40여 통의 편지와 그가 남긴 그림들을 대거 수록해, ‘인정받지 못한 천재 화가의 불꽃같은 열정과 고독한 내면을 잘 보여준다’고 평가받은 <반 고흐, 영혼의 편지>. 이 책은 독자들의 성원에 보답하기 위해 출간된 ‘스페셜 에디션(양장 한정판)’이다.",https://image.aladin.co.kr/product/19598/74/cover500/s652831535_1.jpg, 빈센트 반 고흐 지음;신성림 옮기고엮음, 예담,2008
예술,명탐정 코난. 86,"시체는 어디로 사라진 것일까?! ‘수영장의 시체 소실 사건’ 해결! 그 외에 검은 조직의 No.2 ‘럼’의 그림자가 코난과 하이바라의 등 뒤에 바짝 다가선다?! ‘친절한 아줌마 사건’, 핫토리가 물고 온 기괴한 ‘칼바람’ 살인사건….",https://image.aladin.co.kr/product/25838/73/cover500/k812736539_1.jpg, Aoyamagosho 지음;이희정 번역, 서울미디어코믹스,2020
예술,명탐정 코난. 89,"조직의 독약 APTX 4869를 먹은 인물 리스트. 쿠도 신이치의 이름 두 칸 밑에 적혀 있던 의외의 인물은?! 소년 탐정단이 활약하는 ‘백화점 사건’, ‘유미의 물건 수색 사건’그리고 아무로와 세라의 과거가 연결되는 ‘걸스 밴드 살인사건’ 해결 편이 수록되었다.",https://image.aladin.co.kr/product/25838/75/cover500/k832736539_1.jpg, Aoyamagosho 지음;이희정 번역, 서울미디어코믹스,2020
예술,명탐정 코난. 91,"코난과 헤이지, 탐정 콤비의 명추리로 훌륭한 사건 해결! 흡혈귀 계획 사건…, 피로 물든 예상밖의 진실은?! 어떤 의미(?)로는 하이바라 최대의 위기가 된 쿨 택배 사건, 세라의 과거를 살짝 알 수 있는 과일 열쇠 사건, 그리고...",https://image.aladin.co.kr/product/25494/29/cover500/k892633927_2.jpg, Aoyamagosho 지음;이희정 번역, 서울미디어코믹스,2020
예술,명탐정 코난. 92,파도소리와 함께 되살아나는 코난의 기억. 그것은 어린 시절 신이치와 란이 세라를 만났던 어떤 해변의 광경…. 그곳에는 아카이 슈이치로 보이는 젊은 남자의 모습도 있는데?!,https://image.aladin.co.kr/product/25838/78/cover500/k972736530_1.jpg, Aoyamagosho 지음;오경화 번역, 서울미디어코믹스,2020
예술,명탐정 코난. 95,94권에 이어 수학여행 에피소드의 뒷이야기가 펼쳐진다. 수학여행 중 신이치의 몸으로 살인사건의 범인을 마침내 밝히는 코난. 그러나 이로 인해 코난(=신이치)는 큰 문제에 연루되게 되는데….,https://image.aladin.co.kr/product/25369/31/cover500/k002633716_1.jpg, Aoyamagosho 지음;오경화 번역, 서울미디어코믹스,2020
예술,명탐정 코난. 99,"런던 북스홀 브릿지… 그곳에서는 무슨 일이 있었는가? 세라 마스미?메어리 모녀에게 남겨진 수수께끼가 밝혀지고, 모델 파티 독살사건 해결편, 카자미의 위기에 달려간 아무로 토오루가 코난과 소년 탐정단을 조우하는 목장 감금 사건이 펼쳐진다.",https://image.aladin.co.kr/product/27386/32/cover500/k932732356_1.jpg, Aoyamagosho 지음;오경화 번역, 서울미디어코믹스,2021
예술,친절한 드로잉,"초보자들이 느끼는 일상적인 생각들 즉, 그림을 잘 그리고 싶은데 너무 막연하게만 느껴지는 “드로잉”에 대한 막연한 두려움. 본 도서는 이러한 두려움을 조금이나마 극복하고 드로잉을 쉽게 시작할 수 있도록 배려한 도서이다.",https://image.aladin.co.kr/product/10870/72/cover500/8960882070_1.jpg, 박리노 지음, 디지털북스,2017
예술,인테리어 디자인 스쿨,,https://image.aladin.co.kr/product/98/36/cover500/8940802926_1.jpg, 톰리스 탕가즈 지음;임호균 옮김, 미진사,2007
예술,비밀의 정원,"어른들을 위한 컬러링북의 대표작으로 손꼽힌다. 2013년 영국에서 처음 출간된 이후, 이미 13개국에 판매되었다. 영국에서 10만 부, 미국에서 12만 부가 팔렸고, 프랑스에서는 출간 6개월이 지난 지금도 계속 매주 2천 명의 독자들이 찾는 베스트셀러가 되었다.",https://image.aladin.co.kr/product/4481/97/cover500/1185502076_3.jpg, 조해너 배스포드 지음;[퍼블리싱 컴퍼니 클 편집부 옮김], 클(퍼블리싱컴퍼니),2014
예술,신들의 봉우리. 2,,https://image.aladin.co.kr/product/461/74/cover500/8959192902_1.jpg, 유메마쿠라 바쿠 원작;다니구치 지로 만화;홍구희 옮김, 애니북스,2009
예술,신들의 봉우리. 3,"왜 산에 오르는지에 대한 철학적 답을 남긴 조지 맬러리의 에베레스트 초등정 비밀을 추적한 산악만화. 극중 대부분의 배경으로 등장하는 세계의 명산은 세밀하게 묘사되어, 고산 특유의 고도감과 자연의 위대함을 표현하는 데 부족함이 없다. 여기에 조지 맬러리의 에베레스트 초등정에 대한 미스터리를 풀어가는 과정이 더해져 산에 대해 전혀 모르는 독자도 충분히 즐길 수 있는 이야기구조로 되어 있다.",https://image.aladin.co.kr/product/602/97/cover500/8959192880_1.jpg, 유메마쿠라 바쿠 원작;다니구치 지로 만화;홍구희 옮김, 애니북스,2009
예술,나는 스마트폰으로 매일 인생사진 찍는다,"여행에서 처음 접하는 빛과 풍경을 원하는대로 사진에 담아내는 일은 상당히 어렵다. 스마트폰 카메라로 사진을 찍으면, 찍은 자리에서 바로 보정을 할 수 있기에 눈으로 현재 풍경을 보면서 사진을 똑같이 보정해내기 쉽다. 이 책에는 스마트폰 강의를 하면서 알게 된 작가의 모든 노하우가 담겨있다.",https://image.aladin.co.kr/product/21296/99/cover500/k612636480_1.jpg, 방쿤 지음, 티더블유아이지,2019
예술,나는 스마트폰으로 매일 인생사진 찍는다,"여행에서 처음 접하는 빛과 풍경을 원하는대로 사진에 담아내는 일은 상당히 어렵다. 스마트폰 카메라로 사진을 찍으면, 찍은 자리에서 바로 보정을 할 수 있기에 눈으로 현재 풍경을 보면서 사진을 똑같이 보정해내기 쉽다. 이 책에는 스마트폰 강의를 하면서 알게 된 작가의 모든 노하우가 담겨있다.",https://image.aladin.co.kr/product/21296/99/cover500/k612636480_1.jpg, 방쿤 지음, 티더블유아이지,2019
예술,메이저리그,"메이저리그의 역사를 시작으로 야구 전반의 지식을 제공하여 메이저리그를 ‘보는’ 단계에서 ‘음미’하는 단계로 올라갈 수 있도록 안내한다. 메이저리그 탄생과 발전 과정에서부터 야구의 4대 요소에 이르기까지, 메이저리그와 관련하여 각 부문에서 활약한 선수들과 기억에 남을 만한 경기 등 다양한 이야기를 담았다.",https://image.aladin.co.kr/product/21169/90/cover500/8978894240_1.jpg, 한상범 지음, 지성사,2019
예술,유럽축구 스카우팅리포트 2019-20,"유럽축구 스카우팅 리포트 2019-20. 1990년 이후 30년째 축구 스카우팅리포트를 전문적으로 만들어온 장원구 스페셜원 편집장, 잘 생긴 얼굴에 정확한 해설로 네티즌들의 인기를 끌고 있는 박찬하 JTBC 축구해설위원, 축구전문 사이트 인터풋볼 편집장 정지훈 기자 등 전문가 3명이 힘을 합쳐 만들었다.",https://image.aladin.co.kr/product/20515/66/cover500/k882635559_1.jpg, 장원구;박찬하;정지훈 지음, 스페셜원,2019
예술,조선회화실록,"동양화를 풍부하게 읽는 법과 그림을 통해 역사를 재구성하는 데 탁월한 재주를 가진 미술사학자 이종수가 펴낸 책이다. <조선회화실록>은 각 왕이 살았던 시대에 그려진 그림과 실록을 함께 오가며, 왕권과 신권 사이의 팽팽한 긴장을 손에 잡힐 듯이 풀어낸다.",https://image.aladin.co.kr/product/21510/50/cover500/k872636293_1.jpg, 이종수 지음, 생각정원,2019
예술,(뛰어난 사진을 위한)DSLR의 모든 것,", 의 저자 브라이언 피터슨이, 디지털 카메라 유저들을 위해 쓴 사진책이다. DSLR의 기초부터 디지털암실에 이르기까지 디지털 사진에 대한 내용만을 충실히 담았다.",https://image.aladin.co.kr/product/91/90/cover500/8992492073_1.jpg, 브라이언 피터슨 지음;김문호 옮김, 청어람미디어,2007
예술,하이큐!!. 4: 라이벌,,https://image.aladin.co.kr/product/11111/43/cover500/k372531780_1.jpg, 후루타테 하루이치 지음;강동욱 옮김, 대원씨아이,2013
예술,하이큐!!. 7: 진화,"전국대회 예선에 대비해 맹훈련을 실시하는 카라스노 배구부. 하지만 예선의 같은 블록 안에는 아오바조사이, 그리고 인연 깊은 ‘철벽’ 다테공고가 가로막고 있다. 상대가 누구든 눈앞의 일전을 잡기 위해 나간다. 신생 카라스노 배구부, 마침내 출진.",https://image.aladin.co.kr/product/11109/2/cover500/k952531676_1.jpg, 후루타테 하루이치 지음;강동욱 옮김, 대원씨아이,2014
예술,하이큐!!. 8: 탈 '고독의 제왕',"전국대회 예선에 대비해 맹훈련을 실시하는 카라스노 배구부. 하지만 예선의 같은 블록 안에는 아오바조사이, 그리고 인연 깊은 ‘철벽’ 다테공고가 가로막고 있다. 상대가 누구든 눈앞의 일전을 잡기 위해 나간다. 신생 카라스노 배구부, 마침내 출진.",https://image.aladin.co.kr/product/4538/77/cover500/1156258081_1.jpg, 후루타테 하루이치 지음;강동욱 옮김, 대원씨아이,2014
예술,하이큐!!. 26: 전선,"전국대회 예선에 대비해 맹훈련을 실시하는 카라스노 배구부. 하지만 예선의 같은 블록 안에는 아오바조사이, 그리고 인연 깊은 ‘철벽’ 다테공고가 가로막고 있다. 상대가 누구든 눈앞의 일전을 잡기 위해 나간다. 신생 카라스노 배구부, 마침내 출진.",https://image.aladin.co.kr/product/11598/76/cover500/k462531817_1.jpg, 후루타테 하루이치 지음;강동욱 옮김, 대원씨아이,2017
예술,치즈인더트랩. 4-3,2010년부터 2017년 봄까지 7년간 인기리에 연재된 <치즈 인 더 트랩> 시즌4 단행본이다. 장르를 규정지을 수 없을 정도로 낯설지만 주인공들의 대사 한 마디 한 마디는 공감할 수밖에 없는 현실성을 담고 있다. 매주 한 회씩 손꼽아 기다렸던 화제의 웹툰을 책장으로 넘겨 보며 차분하게 즐길 시간이 왔다.,https://image.aladin.co.kr/product/11700/44/cover500/8960863971_1.jpg, 순끼 글·그림, 바이브릿지,2017
예술,펠루아 이야기. 3,왕궁으로 간 오르테즈와 아시어스 부부. 무도회 내내 오르테즈의 손을 놓지 않고 계속 춤을 추는 파리스 왕자 덕분에 오르테즈는 기진맥진한다. 그리고 옛 연인인 라이슬 후작부인이 함께 성 밖으로 나들이를 가지 않겠냐고 청하는데...,https://image.aladin.co.kr/product/3185/46/cover500/1155970519_1.jpg, 김연주 지음, 학산문화사,2013
예술,치즈인더트랩. 3-6,"홍설은 손민수와 한바탕 몸싸움을 벌이고 나서야 가슴에 쌓인 체증이 녹아내리고, 이를 계기로 유정이 처한 상황과 답답한 속내를 조금씩 이해하게 된다. 한편, 홍설을 향한 오영곤의 스토커 행각은 계속되고, 백인호는 홍설에게 과외를 부탁하며 홍설의 곁을 지키게 된다.",https://image.aladin.co.kr/product/8645/76/cover500/k722535788_1.jpg, 순끼 글·그림, 바이브릿지,2016
예술,치즈인더트랩. 3-11,병실에서 퇴원한 홍설은 캠퍼스에서 우연히 백인호를 마주친다. 심 교수가 제안한 콩쿨에 출전하기 위해 식당을 그만둔다는 백인호의 말에 홍설은 놀라움과 당혹감에 휩싸인다. 홍설은 유정 선배와의 관계 그리고 자신의 모습도 많이 변했다는 걸 깨닫는다…,https://image.aladin.co.kr/product/10753/54/cover500/8960863467_1.jpg, 순끼 글·그림, 바이브릿지,2017
예술,나는 펜이고 펜이 곧 나다,"김동화, 고우영, 이현세, 허영만, 김수정, 지현곤, 황미나, 신일숙 등 한국을 대표하는 만화가의 인생을 에세이 형식으로 담았다. 만화를 그리게 된 계기, 노력했던 시절의 에피소드, 만화가로 성장한 사연, 만화가 하찮은 취급을 받을 때 만화계에 몸을 던진 이들의 고난과 역경 등이 담겨 있다.",https://image.aladin.co.kr/product/274/56/cover500/8991016308_1.jpg, 장상용 지음, 크림슨,2008
예술,뮤지컬 사회학,"지난 9년간 뮤지컬계를 지켜본 저자가 뮤지컬을 둘러싼 이해관계자들에게 그가 보고 느낀 시장, 작품, 산업에 대해 들려주는 이야기이다. 뮤지컬이 어떤 과정을 거쳐 만들어지는지, 그 유통과 소비는 어떻게 이루어지고, 우리나라의 특수성은 무엇인지를 말하고 있다.",https://image.aladin.co.kr/product/4104/76/cover500/8997453254_1.jpg, 최민우 지음, 이콘,2014
예술,"하루 한 장, 인생 그림","바쁜 우리에게 하루도 빠짐없이 한두 점 미술 작품을 소개해온 아트메신저 이소영 작가가 이번에는 『하루 한 장, 인생 그림』으로 자신의 하루를 완성하는 ‘인생 그림’과 ‘인생 화가’에 대한 이야기를 전한다.",https://image.aladin.co.kr/product/31088/89/cover500/8925576996_2.jpg, 이소영 지음, RHK(알에이치코리아),2023
예술,나는 오늘도 유럽에서 클래식을 듣는다,"저자 하석배가 20년 간 유럽을 오가며 로마, 피렌체, 빈, 부다페스트, 뮌헨, 파리, 바르셀로나, 헬싱키 등의 여행지에서 느꼈던 소회와 그곳에서 들었던 클래식 음악들이 밤삼킨별의 감성어린 사진과 다정하게 실려 있다.",https://image.aladin.co.kr/product/2230/20/cover500/899263269x_2.jpg, 하석배 지음, 인디고,2013
예술,(김홍도의 풍속화로 배우는)옛 사람들의 삶,"보물 257호 단원 김홍도의 '단원풍속화첩'에 수록된 풍속화 25점을 통해 어린이와 청소년들에게 옛 사람들의 삶에 관해 친절하고 재미있게 설명해주는 책. 아이들이 2박 3일 동안 진행되는 '옛 그림 학교'라는 특별한 학교에 입학해, 옛그림을 보는 법, 그 속에 숨겨진 이야기들을 발견해가는 특이한 구성으로 엮었다.",https://image.aladin.co.kr/product/274/24/cover500/8961960229_1.jpg, 최석조 지음;서은경 그림, 아트북스,2013
예술,조선 최고의 예술 : 판소리,'나의 고전읽기' 시리즈의 13권. 그동안 꾸준히 우리 고전을 연구해온 지은이가 판소리가 고전으로서 지니는 진정한 가치와 참된 의미를 판소리 다섯 마당을 중심으로 각각의 판소리가 담고 있는 내용만큼이나 감칠맛나는 문체로 소개한다.,https://image.aladin.co.kr/product/311/31/cover500/8937844974_1.jpg, 정출헌 지음, 아이세움,2013
예술,명작순례,유홍준 교수와 떠나는 명작 순례. 조선시대 서화 49점을 중심으로 명작의 내력과 거기에 깃든 예술적 가치를 해설하는 명작 감상 입문서이다. 조선·근대의 명화를 비롯하여 아름다운 글씨와 궁중미술 등 49점과 여기에 동반되는 작품 100여 점을 곁들였다.,https://image.aladin.co.kr/product/3297/88/cover500/s732532895_1.jpg, 유홍준 지음, 눌와,2019
예술,안목,"유홍준의 미를 보는 눈 3권. 아무리 뛰어난 명작이라 해도 알아보는 이가 없이는 묻히기 마련. 그래서 미를 보는 눈, 안목은 중요하다. 시대마다 우리 문화를 고양시킨 안목의 소유자들, 그리고 뛰어난 안목을 바탕으로 우리 문화유산을 모아 후대에 전한 수장가들의 이야기를 유홍준 교수의 글로 만난다.",https://image.aladin.co.kr/product/10044/18/cover500/8990620864_1.jpg, 유홍준 지음, 눌와,2018
예술,신화로 읽는 영화 영화로 읽는 신화,,https://image.aladin.co.kr/product/53/94/cover500/8972913839_1.jpg, 유재원 지음, 까치,2010
예술,세계명화 비밀,개정판 의 특별 보급판이다. 책의 모양새를 바꾸고 가격을 낮추었다. 다 빈치의 '모나리자'와 뭉크의 '절규' 같은 유명한 작품 8점의 '전기'가 풍부한 삽화와 함께 담겨 있다.,https://image.aladin.co.kr/product/85/19/cover500/8984986143_3.jpg, 모니카 봄 두첸 지음;김현우 옮김, 생각의 나무,2010
예술,연전연패,일본의 건축가 안도 타다오가 전하는 실패를 밑거름으로 삼아 성공한 건축가가 되기까지의 이야기. 콤페(설계 경기)를 통해 자신만의 건축을 관철시키기까지의 과정을 자세하게 소개하고 있다. 2000년 가을 도쿄 대학 대학원에서 실제로 진행했던 5회의 연속 강의를 토대로 쓰여졌다. 가장 일본적인 것을 세계적으로 승화시킨 그의 삶은 우리 건축의 현주소를 돌아보게 한다.,https://image.aladin.co.kr/product/53/0/cover500/8972913782_1.jpg, 안도타다오 지음;우동선 옮김, 까치,2010
예술,(상식으로 꼭 알아야 할)세계의 명화,,https://image.aladin.co.kr/product/199/52/cover500/8958971223_2.jpg, 사토아키코 지음;박사진 옮김, 삼양미디어,2009
예술,누구나 그릴 수 있는 색연필 일러스트 10000개,"색연필은 다루기 아주 쉬운 그림 도구이고 이 책에는 17개 주제별로, 무려 10,000개의 예시 그림이 실려 있다. 단순한 기본 도형에서 그려나가기 때문에 따라 그리기도 아주 쉬워서 귀엽고 예쁜 그림을 불과 몇 분 만에 빠르게 그릴 수 있다.",https://image.aladin.co.kr/product/11196/9/cover500/8979292473_1.jpg, 페이러냐오 지음;백인하 옮김, 이종문화사,2017
예술,방구석 미술관,"예술 분야의 베스트셀러로 꾸준히 사랑받아 온 <방구석 미술관>이 2년 만에 10만 부 판매 기록을 돌파했다. 이를 기념하기 위해 특별판으로 출간한 이번 책은 ‘프라이빗 미술관 에디션’으로, 조원재 작가의 메시지와 친필 사인도 함께 수록했다.",https://image.aladin.co.kr/product/23828/3/cover500/s912837569_1.jpg, 조원재 지음, 블랙피쉬,2018
예술,(만화)박정희. 2,"민족문제연구소가 기획하고, 서울신문사에 시사만평을 연재하고 있는 백무현 화백이 글을, 경향신문에 4컷 만화 '장도리'를 싣고 있는 박순찬 화백이 그림을 맡아 제작한 정치만화. 박정희의 친일 행적과 독재의 잔악상을 고발하는 데 중점을 두었다.",https://image.aladin.co.kr/product/55/89/cover500/8959400025_2.jpg, 백무현 지음;박순찬 그림, 시대의창,2007
예술,사라진 미소,"1911년 8월22일 화요일. 루브르 박물관에서 '모나리자'가 감쪽같이 사라졌다. 화가 루이 베루드가 루브르 박물관 카레관에서 '모나리자'가 사라진 것을 발견했다. 전날은 휴관일이었다. 그림이 없어진 후 24시간이 지나도록 누구 하나 눈치 채는 이가 없었다. 도난 사실을 알게 된 파리 경시청장 루이 레핀은 루브르 박물관을 폐관하고, 프랑스 국경을 봉쇄했다.",https://image.aladin.co.kr/product/818/71/cover500/8996268887_1.jpg, R. A. 스코티 지음;이민아 옮김, 시사IN북,2010
예술,나는 앞으로 몇 번의 보름달을 볼 수 있을까,"시대를 대표하는 예술가이자 활동가 류이치 사카모토가 살아생전 마지막으로 전하는 이야기. 그가 삶의 마지막 고비에서 되돌아본 인생과 예술, 우정과 사랑, 그리고 시간을 뛰어넘어 오래도록 기억될 그의 음악과 깊은 사유에 관한 기록이다.",https://image.aladin.co.kr/product/31959/75/cover500/k802833350_3.jpg, 류이치 사카모토 지음;황국영 옮김, 위즈덤하우스,2023
예술,"명작, 역사를 만나다","'이미지 하나로 세상을 바꿀 수 있던 시대, 세상의 변화가 이미지에 고스란히 담겨 있던 시대의 미술'을 다룬다. 이 책은 네이버 '오늘의 미술'에서 큰 인기를 끌며 연재되었던 우정아 교수의 칼럼 '서양미술 산책'을 단행본으로 업그레이드시킨 것으로, 신고전주의에서 후기인상주의까지, 오늘날 우리가 생각하는 '미술'의 바탕이 완성된 시기의 미술사를 흥미로운 에피소드를 통해 소개한다.",https://image.aladin.co.kr/product/1513/53/cover500/8961961039_1.jpg, 우정아 지음, 아트북스,2012
예술,타임 인 조선. [3]: 한양 편,"타임슬립형 퓨전 사극의 정석으로 칭송받은 이윤창 작가의 『타임 인 조선』의 완결편. 2부 한양 편에서는 과거로 떨어진 현대인이 벌이는 조선시대 시트콤에 가까웠던 작풍이 정조와 사도세자를 둘러싼 팩션물로 발전하며, 그 과정에서 확고한 무표정 개그와 높은 만화적 완성도, 완벽한 복선 회수를 이룩한다.",https://image.aladin.co.kr/product/17034/85/cover500/k772534789_1.jpg, 이윤창 지음, 세미콜론,2018
예술,타임 인 조선. [4]: 한양 편,"타임슬립형 퓨전 사극의 정석으로 칭송받은 이윤창 작가의 『타임 인 조선』의 완결편. 2부 한양 편에서는 과거로 떨어진 현대인이 벌이는 조선시대 시트콤에 가까웠던 작풍이 정조와 사도세자를 둘러싼 팩션물로 발전하며, 그 과정에서 확고한 무표정 개그와 높은 만화적 완성도, 완벽한 복선 회수를 이룩한다.",https://image.aladin.co.kr/product/17034/88/cover500/k712534789_1.jpg, 이윤창 지음, 세미콜론,2018
예술,살아있는 지구. 1,,https://image.aladin.co.kr/product/17455/41/cover500/d342830566_2.jpg, 앨러스테어 포더길 감독, BBC EARTH,2018
예술,살아있는 지구. 4,,https://image.aladin.co.kr/product/17455/41/cover500/d342830566_2.jpg, 앨러스테어 포더길 감독, BBC EARTH,2018
예술,딜러를 이겨라,53년 전 미국의 한 수학자가 라스베이거스를 돌며 자신의 이론을 증명한 이야기를 담은 책. 저자는 수학적 지식을 활용하여 게임에서 자신에게 확실한 우위를 가져다주는 이론을 고안하고 카지노를 상대로 이기는 게임을 해 이론을 입증한 것이다.,https://image.aladin.co.kr/product/5546/78/cover500/8991998976_1.jpg, 에드워드 소프 지음;신가을 옮김, 이레미디어,2015
예술,아르센 벵거 자서전,프리미어리그 최초의 49경기 무패 기록과 115년 만의 무패 우승을 달성한 아스널 감독 아르센 벵거의 인생을 스스로 정리한 최초의 책이다. 이 책에서 그는 축구와 자신의 삶에 대한 생각들을 솔직하게 밝히고 있다.,https://image.aladin.co.kr/product/26613/43/cover500/k192739031_1.jpg, 아르센 벵거 지음;이성모 옮김, 한스미디어,2021
예술,"나는 내일, 어제의 너와 만난다. 3","일본 현지 판매 160만 부를 돌파한 동명 소설을 원작으로 한 작품으로, 타임 판타지라는 독특한 소재를 바탕으로 두 남녀의 풋풋하고 애틋한 사랑 이야기를 담아내고 있다. 어쩐지 비밀이 있을 것 같은 에미와 그런 그녀에게 첫눈에 운명임을 직감한 타카토시의 설렘 가득한 사랑 이야기가 아름다운 교토의 풍경과 함께 펼쳐진다.",https://image.aladin.co.kr/product/14333/72/cover500/k812532048_1.jpg, 나나츠키 타카후미 원작;오타니 노리코 만화;김시내 옮김, 위즈덤하우스,2017
예술,크툴루의 부름. [1]: 수호자 룰북,"크툴루의 부름은 H.P. 러브크래프트의 세계를 다루는 테이블 롤플레잉 게임이다. 크툴루의 부름에는 비밀, 수수께끼, 공포가 가득하다. 여러분은 용감한 탐사자가 되어 기이하고 위험한 곳들을 가고, 흉악한 음모를 밝혀내고, 크툴루 신화의 공포들에 맞선다.",https://image.aladin.co.kr/product/13627/30/cover500/8988060490_1.jpg, 샌디 피터슨;마이크 메이슨;폴 프리커;린 윌리스 외 지음;박나림 옮김;알베르토 본템피;레이첼 칸 외 그림, 초여명,2018
예술,크툴루의 부름. [2]: 탐사자 핸드북,"탐사자 역할을 맡은 플레이어들을 위한 책. 플레이어 캐릭터를 만드는 확장 룰이 들어 있다. 100가지가 넘는 직업, 기능 설명, 플레이에서 최대한 많은 것을 얻는 방법 등이 나와 있다.",https://image.aladin.co.kr/product/9573/31/cover500/8988060407_1.jpg, 샌디 피터슨;마이크 메이슨;폴 프리커;린 윌리스 외 지음;박나림 옮김;알베르토 본템피;레이첼 칸 외 그림, 초여명,2016
예술,알기쉬운 인물화,"상업미술작품의 핵심과 앤드류 루미스가 그린 아름다운 예시작품, 실용적인 내용이 담겨 있어 독자들이 기본을 연습하고 바르게 그림을 그릴 수 있도록 해준다. 각 장에서는 해부학, 평면과 조명, 실제 모델을 보고 그리는 드로잉, 인물의 동작, 그리고 옷에 대해 다루고 있다.",https://image.aladin.co.kr/product/25216/32/cover500/897929316x_1.jpg, 앤드류 스미스 지음;권은주 옮김, Ejong(이종),2020
예술,(S. 피터슨이 안내하는)러브크래프트의 공포들,초자연적 존재들과 꿈의 장벽 너머의 것들을 연구하는 현장 관찰자의 핸드북.,https://image.aladin.co.kr/product/9573/31/cover500/8988060415_1.jpg, 샌디 피터슨[공]저;로익 뮈지;마리우쉬 간젤;클레르 들레페 [공]그림;박나림 옮김, 초여명,2016
예술,영혼의 미술관,"알랭 드 보통이 섬세한 필치로 그려낸 삶과 사랑, 그리고 예술. 예술작품이 우리의 고단한 삶을 보듬어 안고 한편으로 우리 삶을 더욱 아름답게 만들어주는 예술의 치유 기능에 대해, 알랭 드 보통이 특유의 철학적 글쓰기를 통해 써내려간 독특한 책이다.",https://image.aladin.co.kr/product/3186/24/cover500/8954621988_2.jpg, 알랭 드 보통;존 암스트롱 [공]지음;김한영 옮김, 문학동네,2013
예술,자연의 노래를 들어라,,/img/no_book.805feab5.png, 버니 크라우스 지음;장호연 옮김, 에이도스,2013
예술,내 삶에 색을 입히자,어떤 색에 대한 반응을 살펴보고 그 결과를 분석해서 개인의 성격과 심리를 읽어내는 법에서부터 일상생활의 색채 활용법을 적극적으로 살펴본다.,https://image.aladin.co.kr/product/40/37/cover500/8970842012_1.gif, 하워드 선;도로시 선 [공]지음;나선숙 옮김, 예경북스,2013
예술,맨발의 투혼에서 그랜드슬램까지,"LPGA 투어, 그중에서도 한국 여자골퍼들에게 초점을 맞춘 이 책에는 평소 접할 수 없었던 한국 선수들의 생생한 목소리가 담겨 있다. 타국을 떠돌며 묵묵히 자신과의 싸움을 치르고 있는 이 선수들의 이야기를 읽다보면 그녀들의 화려한 삶의 이면이 보이는 듯하다.",https://image.aladin.co.kr/product/3226/16/cover500/8930087205_1.jpg, 성호준 지음, 나남,2013
예술,"집의 초심, 오두막 이야기","일본을 대표하는 주택 전문 건축가이자 국내에서 <집을, 순례하다> 저자로 널리 사랑받고 있는 나카무라 요시후미가 산기슭 비탈진 곳에 자신이 거주할 14평의 오두막을 짓는 과정과 그 안에서 펼쳐지는 건강하고 유쾌한 삶을 다룬 책을 펴냈다.",https://image.aladin.co.kr/product/3246/80/cover500/8993178216_1.jpg, 나카무라 요시후미 지음;이서연 옮김, 사이,2013
예술,(신선이 되고 싶은 화가)장승업,"조선 후기 화가 장승업의 일생을 담았다. 그가 직접 그린 그림들 뿐 아니라, 그가 많은 영향을 받았던 작품들까지 세심하게 챙겨 보여준다.",https://image.aladin.co.kr/product/32/53/cover500/893781059x_2.jpg, 조정육 지음, 아이세움,2002
예술,(두시간만에 읽는)명화의 수수꼐끼,"13세기부터 20세기까지, 서양화의 거장 스물다섯 명의 명화를 중심으로 서양미술사와 각 명화에 얽힌 이야기, 수수께끼 등을 풀어 나가는 재미 있는 서양화 감상의 길잡이 책.",https://image.aladin.co.kr/product/4/95/cover500/8932309329_2.jpg, 긴시로 지음;박이엽 옮김, 현암사,2009
예술,나를 매혹시킨 화가들,"유명 화가들의 삶의 궤적을 쫓는 미술여행서. 에곤 쉴레가 사랑했던 체스키 크롬노브, 반 고흐가 머물렀던 아를과 오베르 쉬아즈, 클로드 모네가 그림을 그리고 멋진 정원을 가꿨던 지베르니 등을 돌아본다.",https://image.aladin.co.kr/product/52/52/cover500/8952741447_1.jpg, 박서림 지음, SINGONART,2004
예술,50일간의 유럽 미술관 체험. 2,,https://image.aladin.co.kr/product/57/44/cover500/8956250391_1.jpg, 이주헌 지음, 학고재,2005
예술,여행 보다 오래남는 사진찍기,세계 이곳저곳을 누비며 찍은 이국적인 느낌의 사진들과 그에 얽힌 이야기를 담았다. 지은이가 1년 동안 몸으로 부딪히며 터득한 여행사진 찍기의 노하우를 들려주는 책. 큼직큼직한 사진과 정감있는 글이 아름다운 여행지의 모습과 함께 사진 찍기의 묘미를 보여준다.,https://image.aladin.co.kr/product/54/68/cover500/895605116x_1.jpg, 강영의 글사진, 북하우스,2005
예술,명탐정 코난 48. 48,"시즈오카의 자산가 집에 불려간 코고로와 코난 일행. 그의 의뢰는 악령의 저주를 과학적으로 해명해 달라는 난제였다. 그 저택에는 근 몇 년간, 불멸일인 4일만 되면 반드시 사건이 발생한다고. 그리고 마침내 다가온 10월 4일 불멸일, 끔찍한 연쇄살인이 일어난다.",https://image.aladin.co.kr/product/55/60/cover500/895326264x_1.jpg, Aoyamagosho 지음;오경화 번역, 서울문화사,2005
예술,명탐정 코난 37. 37,,https://image.aladin.co.kr/product/37/13/cover500/6000058348_1.gif, Aoyamagosho 지음;오경화 번역, 서울문화사,2002
예술,명탐정 코난 25. 25,,https://image.aladin.co.kr/product/21/72/cover500/6000006629_1.gif, Aoyamagosho 지음;윤희선 번역, 서울문화사,1999
예술,(김석철의)세계건축기행,"<세계건축기행>은 김씨가 20여년동안 예술적으로 탁월한 세계 각국의 도시와 건축물들을 둘러보고 쓴 글을 한데 모아 엮은 책이다．중국의 자금성, 러시아의 성바실리사원, 로마인이 건설한 무덤도시 카타콤베 등을 다룬 24편의 글이 120여장의 컬러사진과 함께 수록돼 있어 풍성한 읽을 거리와 볼거리를 제공한다.",https://image.aladin.co.kr/product/7/93/cover500/8936470337_1.jpg, 김석철 지음, 창작과 비평사,1997
예술,(사람 사는 세상을 위한)미술관 인권 수업,공주형 작가의 《사람 사는 세상을 위한 미술관 인권 수업》이 출간되었다. 미술 작품과 작가의 삶에 담긴 당대 사회의 모습과 인간 군상의 다양한 면모를 인권의 시선으로 읽으며 인권의 참 의미와 가치를 전달한다.,https://shopping-phinf.pstatic.net/main_5292231/52922317598.20250906071140.jpg, 공주형 지음, 탐,2025
예술,(트레이싱 없이 스케치부터 그리는)고고일러스트 인물 드로잉,인물을 자연스럽게 그리려면 얼굴을 이루는 요소의 정확한 구조 이해와 드로잉에 대한 탄탄한 기본기가 기반이 되어야 한다. 『고고일러스트 인물 드로잉』은 본격적으로 인물을 그리기 전에 기초 드로잉 과정부터 시작한다.,https://shopping-phinf.pstatic.net/main_5657443/56574430458.20250904091721.jpg, 고고일러스트(고지은) 지음, 동양북스(동양문고),2025
예술,(모두를 위한)한국미술사,"‘한국미술 전도사’ 유홍준의 ‘한 권으로 읽는 한국미술사’. 총 660쪽, 1천여 개의 도판으로 구석기시대부터 근대에 이르는 한국미술의 전개를 그 역사적 맥락과 함께 일목요연하게 정리하면서, 방대한 우리 문화유산 중에서도 정수만을 엄선하여 그 아름다움과 가치를 유려하고 충실하게 전한다.",https://shopping-phinf.pstatic.net/main_5677460/56774607589.20250918101443.jpg, 유홍준 지음, 눌와,2025
예술,취향과 영감을 더하는 전국 문구점 도감,"서울부터 대구, 김해, 제주까지 우리나라 곳곳에 위치한 감성 넘치는 문구점 35곳의 공간과 이야기를 담은 책이다. 단지 문구점을 소개하는 것을 넘어 다양한 문구점 브랜드가 문구를 통해 전하는 ‘기록에 대한 철학’과 ‘디테일한 공간 연출의 비밀’까지 깊이 들여다본다.",https://shopping-phinf.pstatic.net/main_5666223/56662239025.20250910092313.jpg, 모두의 도감 편집부 지음, 모두의도감,2025
예술,오페라 보다가 앙코르 외쳐도 되나요?,"한국 최초의 음악전문기자 이장직 박사가 들려주는 오페라 입문서. 오페라 공연에서는 왜 앙코르를 연주하지 않는지, 앙코르 연주는 언제부터 없어졌는지, 오페라와 뮤지컬은 어떻게 다른지, 오페라 극장의 무대 뒤에는 어떤 일이 벌어지고 있는지, 언제부터 좌석 번호가 적힌 티켓을 발행했는지, 많은 출연진들이 어떻게 함께 연습을 하는지 등의 궁금증을 친절하게 해소해 준다.",https://image.aladin.co.kr/product/1753/84/cover500/8952112709_1.jpg, 이장직 지음, 서울대학교출판문화원,2012
예술,(청소년을 위한)동양미술사,"중국, 인도, 일본, 동남아시아, 중앙아시아 까지 각 지역의 자연환경과 역사 흐름, 그리고 철학, 종교에 대한 지식과 함께 미술사를 읽게 했다. 선사시대부터 중세, 근세, 근현대의 미술작품에 이르기까지 시대별 특징과 미술에 끼친 영향까지 통사적으로 살펴본다.",https://image.aladin.co.kr/product/60/92/cover500/6000211983_2.jpg, 이석원;김순겸;안혜경 [공]지음, 두리미디어,2008
예술,(The)color,"오랫동안 색에 대해 연구해온 고고학자이자 민속학자인 안느 바리숑이 다양한 색의 역사와 의미, 그리고 안료와 염료의 발견과 그 조합법에 대해 역사적 사실에 덧붙여, 전 세계 문화권의 전통적 원료를 사용해서 각 색을 만드는 과정을 소개한다. 오랜 시간, 색을 추구해온 인류의 노력과 색을 만들기 위한 재료와 제작의 비밀을 한 권에 담았다.",https://image.aladin.co.kr/product/1578/91/cover500/8979291647_1.jpg, 안느 바리숑 지음;채아인 옮김, 이종,2012
예술,한국의 세계유산,,https://image.aladin.co.kr/product/1101/32/cover500/8990620481_1.jpg, 문화재청 엮음, 눌와,2010
예술,탁구 마스터 가이드,탁구 개인 기술과 전략전술까지 탁구의 모든 것을 담은 탁구 교과서이다. 일본의 인기 탁구강사인 저자의 수십 년에 걸친 지도 노하우를 바탕으로 탁구의 기초를 단단히 다지고 빠른 실력 향상을 위한 레슨을 가득 담아냈다.,https://image.aladin.co.kr/product/1148/61/cover500/8996375772_1.jpg, 오에 마사토 지음;조미량 옮김, 싸이프레스,2011
예술,걸어서 30분. 1,"은하학원에 다니는 위성은의 시각으로 지구봉과의 로맨스를 그린 웹툰이다. 특히 열일곱 살, 위성은과 지구봉의 첫사랑을 풋풋하고 투명한 감성으로 표현했으며, 두 사람의 로맨스를 통해 독자들에게 따스한 힐링을 전하는 작품이다.",https://image.aladin.co.kr/product/20311/5/cover500/k042635058_1.jpg, 이온도 지음, 영컴,2019
예술,걸어서 30분. 4,"여름방학을 맞아 소율의 할머니 댁에 놀러가게 된 성은. 현준과 소율은 자신의 가족들도 함께하는 여행이기에 혹시나 성은이 어색해할까 구봉에게도 물어보기로 한다. 망설이는 구봉에게 현준은 이번 여행에서 다 같이 영상을 찍기로 했다며 그를 설득하고, 구봉도 함께 여행길에 오르게 된다.",https://image.aladin.co.kr/product/29287/75/cover500/k832837007_1.jpg, 이온도 지음, Young Com,2021
예술,사울 레이터의 모든 것,"뉴욕이 낳은 전설, 사울 레이터 사진 에세이 한국어판 정식 출간. 60년 만에 세상에 알려진 천재 포토그래퍼 사울 레이터의 작품과 언어를 담은 사진 에세이다. 사진과 회화로 구성된 대표작 230점과 그의 남긴 말들을 집대성한, 그야말로 ‘사울 레이터의 모든 것’이다.",https://image.aladin.co.kr/product/28290/95/cover500/k032835090_2.jpg, 사울 레이터 지음;조동섭 옮김, 윌북,2021
예술,영화를 찍으며 생각한 것,"이 시대를 살아가는 한 인간으로서, 영화를 찍는 작가로서 고레에다 히로카즈의 모든 것을 총체적으로 살펴볼 수 있는 책이다. 고레에다 히로카즈 감독 스스로 밝히는 영화 창작의 비밀과 이를 둘러싼 무수한 에피소드가 가득하다.",https://image.aladin.co.kr/product/12460/7/cover500/8955619472_1.jpg, 고레에다 히로카즈 지음;이지수 옮김, 바다,2017
예술,스위트 홈. 3,"2017년 10월부터 2020년 6월까지 네이버웹툰에서 인기리에 연재된 『스위트 홈』 1, 2, 3권이 단행본으로 출간되었다. 『스위트 홈』은 참신한 괴물 캐릭터와 강렬한 서스펜스, 숨 쉴 틈을 주지 않는 섬뜩한 연출로 김칸비·황영찬 콤비의 저력을 보여주며 2020년 오늘의 우리만화상을 수상했다.",https://image.aladin.co.kr/product/23421/52/cover500/k762638384_1.jpg, 김칸비 글;황영찬 그림, 위즈덤하우스,2020
예술,스위트 홈. 4,"2017년 10월부터 2020년 6월까지 네이버웹툰에서 인기리에 연재된 『스위트 홈』 4, 5, 6권이 단행본으로 출간되었다. 『스위트 홈』은 참신한 괴물 캐릭터와 강렬한 서스펜스, 숨 쉴 틈을 주지 않는 섬뜩한 연출로 김칸비·황영찬 콤비의 저력을 보여주며 2020년 오늘의 우리만화상을 수상했다.",https://image.aladin.co.kr/product/25373/36/cover500/k292633819_2.jpg, 김칸비 글;황영찬 그림, 위즈덤하우스,2020
예술,스위트 홈. 10,위험을 무릅쓰고 밖으로 나가 신중섭 일당의 버스를 탐색하던 편상욱과 이은혁은 버스 안에서 토막 난 시체들을 발견하고 이들이 그린 홈까지 온 경위를 파악하게 된다. 두 사람의 움직임에 괴물들이 그린 홈으로 몰려오게 되는데….,https://image.aladin.co.kr/product/27224/31/cover500/k682732296_2.jpg, 김칸비 글;황영찬 그림, 위즈덤하우스,2021
예술,스위트 홈. 12,『스위트 홈』 10~12권이 동시 출간되며 대단원의 막을 내린다. 연재 기간 내내 금요 웹툰의 절대 강자 자리를 놓치지 않았던 『스위트 홈』은 지난 2020년 12월에 넷플릭스에서 방영되자마자 8개국 1위라는 기염을 토하며 화제성과 작품성을 두루 인정받았다. 나아가 국내 대표 만화상인 ‘2020 오늘의 우리 만화상’에 선정되며 한국형 크리처물의 새로운 가능성을 보여주었다.,https://image.aladin.co.kr/product/27224/35/cover500/k852732296_3.jpg, 김칸비 글;황영찬 그림, 위즈덤하우스,2021
예술,(스콧 켈비의)자연광 인물사진 찍는 방법,"사진가이자 디자이너인 스콧 켈비가 다년간의 촬영 경험을 통해 얻은 지식을 사진을 배우고자 하는 사람들을 대상으로 위트있게 풀어냈다. 지루하게 처음부터 읽어가는 형식이 아닌 사전식 설명으로, 필요한 부분만 먼저 찾아볼 수 있게 한 페이지로 구성되어 있다.",https://image.aladin.co.kr/product/24242/26/cover500/8956748527_1.jpg, 스콧 켈비 지음;홍성희 옮김, 정보문화사,2020
예술,"김민수의 문화 사랑방, 디자인 사랑방","디자인을 통해 삶의 질을 높이려는 사회적 관심이 높아진 것은 바람직한 일이지만, 그만큼 디자인의 오남용 역시 심각해졌다. 저자는 이 문제를 내면의 진실보다 화려한 겉모습을 중시하는 문화 전반의 문제로 설명한다. 한국의 문화 현장을 직접 찾아다니며 우리의 시각문화가 어디서부터 잘못되었고, 또 어디에서 희망을 찾을지 문화 읽는 법을 친절하게 알려준다.",https://image.aladin.co.kr/product/611/5/cover500/8976826019_1.jpg, 김민수 지음, 그린비,2009
예술,모네,"미술관에서 큐레이터의 설명을 듣는 듯 모네의 그림 한 장 한 장에 담겨 있는 모네의 삶과 시대상을 그려내는 책이다. 모네의 작품과 함께 모네의 일생과 당시의 사회상, 역사까지 훑어 준다.",https://image.aladin.co.kr/product/446/70/cover500/896177025x_1.jpg, 수잔나 파르취;로즈마리 차허 지음;함미라 옮김, 다림,2010
예술,덕수궁,"궁궐을 얘기할 때, 경복궁, 창경궁, 창덕궁은 얘기하지만 덕수궁을 얘기하는 사람은 많지 않다. 이 책은 덕수궁이 어떤 역사를 간직하고 있고, 왜 같은 궁궐인데 유독 덕수궁은 이렇게 초라한 모습으로 남아 있는지, 다른 궁궐들과 무엇이 다른지 차근차근 짚어주고 있다.",https://image.aladin.co.kr/product/628/79/cover500/8972976105_1.jpg, 안창모 지음, 동녘,2010
예술,클래식 중독,"영상자료원장 3년, 조선희를 매혹한 전설의 영화들 '청춘의 십자로'에서 '꽃잎'까지, 50여 편을 말하다. 이 책은 저널리스트로 일한 19년간 ‘새것 중독’에 빠져 있던 그가 뒤늦게 발견한 고전영화의 세계, 그 흥미진진한 텍스트 안팎을 조망한다.",https://image.aladin.co.kr/product/464/60/cover500/8960900621_2.jpg, 조선희 지음, 마음산책,2009
예술,게릴라걸스의 서양미술사,"여성 예술가들의 작품 세계와 삶은 물론 각 시대의 맥락을 살피며 미술사에 새롭게 접근한 책이다. 1985년 뉴욕에서 결성된 익명의 여성 예술가 모임 게릴라걸스는 여성 예술가 64명의 삶과 작품을 조망해보고 신선한 관점과 입담, 이해하기 쉬운 내용으로 미술사에 대한 편견을 깨고 독자들의 관심을 이끌어낸다. 또한 미술사에서 잊혔거나 인정받지 못했던 여성 미술가를 발굴하여 소개하고 있다.",https://image.aladin.co.kr/product/630/46/cover500/8960900702_1.jpg, 게릴라걸스 지음;우효경 옮김, 마음산책,2010
예술,맛있는 그림,"‘왜 서양 미술에서 식사의 풍경은 되풀이되는가’라는 의문에서 시작한 <맛있는 그림>은 혀끝의 미감으로 서양 미술을 읽는 책이다. 음식과 식사 그림을 그려 온 화가들과 그 그림에 숨겨진 비밀을 풀어내고, 시각이라는 감각 경험과 더불어 후각과 촉각, 미각 같은 좀 더 원초적이고 직접적인 감각으로 서양 미술사를 읽는다.",https://image.aladin.co.kr/product/450/5/cover500/8955615019_1.jpg, 미야시타기쿠로 지음;이연식 옮김, 바다출판사,2010
예술,가족을 그리다,"미술평론가 박영택이 그림 속으로 들어온 가족에 대해 이야기한다. 저자는 이 책에서 한국 사회의 가족 문제와 미술 속 가족 이미지를 헤아리면서 그간 우리 미술의 흐름 안에서 가족이 어떻게 다루어졌는지를 중점적으로 서술한다. 책에는 70여 명의 한국 근현대 미술 작가가 등장하고, 110여 점의 예술작품(회화, 조소, 사진)이 수록되어 있다.",https://image.aladin.co.kr/product/614/90/cover500/8955615159_1.jpg, 박영택 지음, 바다출판사,2010
예술,Art : 세계 미술의 역사,"<아트>는 선사시대 동굴 벽화부터 2000년대 뉴 미디어 아트New Media Art까지, 모든 시대의 예술가와 예술작품을 다룬다. 최신 작품으로는 데이미언 허스트의 2007년도 작품 '신의 사랑을 위하여'까지 실려 있다.",https://image.aladin.co.kr/product/456/67/cover500/8952755103_1.jpg, DK편집부 지음;김숙 외 옮김, 시공아트,2009
예술,(청소년을 위한)사진 공부,멋지고 좋은 사진은 어떻게 찍을 수 있을까? 사진을 잘 알기 위해서는 무엇이 필요할까? 20여 년을 사진작가로 활동해온 홍상표 저자는 사진의 의미와 역사부터 촬영과 감상하는 방법까지 조곤조곤 설명한다.,https://image.aladin.co.kr/product/20813/98/cover500/k892636776_1.jpg, 홍상표 지음, 지노,2019
예술,스포츠의 과학,"스포츠 세계에서 오랜 시간 엄청난 노력을 쏟은 선수들은 누구나 육체적.정신적으로 잘 훈련되어 있지만, 승자와 패자가 나뉘게 마련이다. 그럼 우승자와 나머지 선수들을 가르는 핵심 요소는 무엇일까? 이 책에서 그 해답의 일부를 알려주고 있다.",https://image.aladin.co.kr/product/9775/61/cover500/8970948856_1.jpg, 사이언티픽아메리칸편집부 엮음;김일선 옮김, 한림출판사,2016
예술,무빙. 2: 사람을 구하는 일을 하고 싶었다,"‘웹툰’이라는 새로운 문화의 창시자이자 해마다 새로운 작품을 발표하는 근면성실한 천재 만화가 강풀의 열두 번째 장편만화. 치밀한 복선이 돋보이는 구성, 매 화마다 울컥하게 만드는 감동적인 스토리, ‘액션만화’의 생동감이 살아 있는 작화 등으로 강풀 만화의 정점을 찍었다고 평가받고 있다.",https://image.aladin.co.kr/product/8105/75/cover500/8960869228_2.jpg, 강풀 지음, 위즈덤하우스,2016
예술,무빙. 3: 반갑다 나도 괴물이거든,"‘웹툰’이라는 새로운 문화의 창시자이자 해마다 새로운 작품을 발표하는 근면성실한 천재 만화가 강풀의 열두 번째 장편만화. 치밀한 복선이 돋보이는 구성, 매 화마다 울컥하게 만드는 감동적인 스토리, ‘액션만화’의 생동감이 살아 있는 작화 등으로 강풀 만화의 정점을 찍었다고 평가받고 있다.",https://image.aladin.co.kr/product/8105/77/cover500/8960869236_2.jpg, 강풀 지음, 위즈덤하우스,2016
예술,하이큐. [2]: 승자와 패자,슬램덩크를 이을 단 하나의 하이틴 고교 배구 애니메이션 <하이큐!! 승자와 패자>,https://image.aladin.co.kr/product/10924/97/cover500/d922735932_1.jpg, 미츠나카 스스무 감독, 아이브엔터테인먼트,2017
예술,목소리의 형태,너에게 닿을 수 없었던 [목소리의 형태],https://image.aladin.co.kr/product/12282/37/cover500/d842736786_1.jpg, 야마다 나오코 감독, 콘텐츠게이트,2017
예술,스타처럼 노래하세요,,https://image.aladin.co.kr/product/25/53/cover500/8982712666_2.jpg, 세스 릭스 저;John Dominick Carratello 자료 수집 및 편집;오유석;오세집 번역, 상지원,2007
예술,나빌레라. 1,'진짜 이야기'에 목말라 있던 이들의 갈증을 풀어주고 있는 화제의 웹툰 <나빌레라> 단행본이다. <은밀하게 위대하게> HUN 작가의 인간미 넘치는 스토리와 지민 작가의 사실적이면서 섬세한 그림이 어우러져 가슴 뭉클한 감동과 공감을 선사한다.,https://image.aladin.co.kr/product/11111/66/cover500/8960863742_1.jpg, HUN 글;지민 그림, 위즈덤하우스,2021
예술,김락희의 인체 드로잉,국내에서 유튜브 드로잉 채널을 운영하면서 드로잉 강의를 하고 있으며 미 마블 사의 애니메이션 캐릭터 작업도 하고 있는 김락희 작가가 드로잉 입문자를 위한 인체 해부학 입문서를 출간하였다.,https://image.aladin.co.kr/product/21675/88/cover500/893158850x_2.jpg, 김락희 지음, BM성안당,2019
예술,김락희의 인체 드로잉,국내에서 유튜브 드로잉 채널을 운영하면서 드로잉 강의를 하고 있으며 미 마블 사의 애니메이션 캐릭터 작업도 하고 있는 김락희 작가가 드로잉 입문자를 위한 인체 해부학 입문서를 출간하였다.,https://image.aladin.co.kr/product/21675/88/cover500/893158850x_2.jpg, 김락희 지음, BM성안당,2019
예술,하이큐!!. 28: 이틀째,"전국대회 예선에 대비해 맹훈련을 실시하는 카라스노 배구부. 하지만 예선의 같은 블록 안에는 아오바조사이, 그리고 인연 깊은 ‘철벽’ 다테공고가 가로막고 있다. 상대가 누구든 눈앞의 일전을 잡기 위해 나간다. 신생 카라스노 배구부, 마침내 출진.",https://image.aladin.co.kr/product/12600/51/cover500/k092532874_1.jpg, 후루다테 하루이치 지음;강동욱 옮김, 대원씨아이,2017
예술,하이큐!!. 31: 히어로,"전국대회 예선에 대비해 맹훈련을 실시하는 카라스노 배구부. 하지만 예선의 같은 블록 안에는 아오바조사이, 그리고 인연 깊은 ‘철벽’ 다테공고가 가로막고 있다. 상대가 누구든 눈앞의 일전을 잡기 위해 나간다. 신생 카라스노 배구부, 마침내 출진.",https://image.aladin.co.kr/product/16724/98/cover500/k272534464_1.jpg, 후루타테 하루이치 지음;강동욱 옮김, 대원씨아이,2018
예술,하이큐!!. 32: 하켄,"전국대회 예선에 대비해 맹훈련을 실시하는 카라스노 배구부. 하지만 예선의 같은 블록 안에는 아오바조사이, 그리고 인연 깊은 ‘철벽’ 다테공고가 가로막고 있다. 상대가 누구든 눈앞의 일전을 잡기 위해 나간다. 신생 카라스노 배구부, 마침내 출진.",https://image.aladin.co.kr/product/16886/45/cover500/k362534076_1.jpg, 후루다테 하루이치 지음;강동욱 옮김, 대원씨아이,2018
예술,하이큐!!. 33: 괴물들의 향연,"전국대회 예선에 대비해 맹훈련을 실시하는 카라스노 배구부. 하지만 예선의 같은 블록 안에는 아오바조사이, 그리고 인연 깊은 ‘철벽’ 다테공고가 가로막고 있다. 상대가 누구든 눈앞의 일전을 잡기 위해 나간다. 신생 카라스노 배구부, 마침내 출진.",https://image.aladin.co.kr/product/17668/93/cover500/k572534515_1.jpg, 후루타테 하루이치 지음;강동욱 옮김, 대원씨아이,2018
예술,하이큐!!. 37: 축제의 끝,"전국대회 예선에 대비해 맹훈련을 실시하는 카라스노 배구부. 하지만 예선의 같은 블록 안에는 아오바조사이, 그리고 인연 깊은 ‘철벽’ 다테공고가 가로막고 있다. 상대가 누구든 눈앞의 일전을 잡기 위해 나간다. 신생 카라스노 배구부, 마침내 출진.",https://image.aladin.co.kr/product/19928/45/cover500/k122635749_1.jpg, 후루다테 하루이치 지음;강동욱 옮김, 대원씨아이,2019
예술,하이큐!!. 38: 태스크 포커스,"전국대회 예선에 대비해 맹훈련을 실시하는 카라스노 배구부. 하지만 예선의 같은 블록 안에는 아오바조사이, 그리고 인연 깊은 ‘철벽’ 다테공고가 가로막고 있다. 상대가 누구든 눈앞의 일전을 잡기 위해 나간다. 신생 카라스노 배구부, 마침내 출진.",https://image.aladin.co.kr/product/20785/62/cover500/k402636778_1.jpg, 후루다테 하루이치 지음;강동욱 옮김, 대원씨아이,2019
예술,하이큐!!. 41: 작은거인 VS,"전국대회 예선에 대비해 맹훈련을 실시하는 카라스노 배구부. 하지만 예선의 같은 블록 안에는 아오바조사이, 그리고 인연 깊은 ‘철벽’ 다테공고가 가로막고 있다. 상대가 누구든 눈앞의 일전을 잡기 위해 나간다. 신생 카라스노 배구부, 마침내 출진.",https://image.aladin.co.kr/product/23821/57/cover500/k482639184_1.jpg, 후루다테 하루이치 지음;강동욱 옮김, 대원씨아이,2020
예술,하이큐!!. 44: 최강의 적,,https://image.aladin.co.kr/product/25513/94/cover500/k962633229_1.jpg, 후루타테 하루이치 지음;강동욱 옮김, 대원씨아이,2020
예술,미술관 읽는 시간,"손안에서 펼쳐지는 한국의 미술관들을 도슨트 정우철과 함께 읽는 시간. 환기미술관, 장욱진미술관, 이응노미술관… 이들의 이름을 따고 중요 작품들을 모아둔 한국의 미술관 7곳을 엄선해 ‘미술관의 피리 부는 남자’, ‘미술관의 아이돌’ 정우철이 도슨트한다.",https://image.aladin.co.kr/product/30374/6/cover500/k042839959_1.jpg, 정우철 지음, 쌤앤파커스,2022
예술,사진이론 & Photoshop 실기,“사진기능사 시험장의 시설목록기준”에 의거 시험장마다 다를 수밖에 없는 다양한 기준에 부합하도록 포토샵버젼도 CS2에서부터 CC-2018 버전까지를 겸용하여 편집하고 필기시험 기출문제와 실기시험 기출문제를 최대한 현실에 가깝도록 편집하였다.,https://image.aladin.co.kr/product/16070/74/cover500/k572533746_1.jpg, 이종룡 지음, 어미사,2018
예술,"너도, 나처럼, 울고 있구나","청춘, 북유럽 히든트랙. 작가 문나래는 북유럽 음악과 겨울을 좋아하는 소녀다. 시규어 로스, 뮤, 켄트 등 북유럽 밴드의 슬프고도 아름다운 음악을 만나기 위해 진눈깨비가 흩날리는 곳, 차갑게 얼어버린 북구의 땅 북유럽으로 떠난다.",https://image.aladin.co.kr/product/2623/46/cover500/899783519x_1.jpg, 문나래 지음, 북노마드,2013
예술,"선생님, 클래식이 뭐예요","클래식 음악과 친해지는 방법을 알려주는 어린이와 청소년용 클래식 음악 안내서이다. 클래식의 기원과 역사, 바로크-고전파-낭만파로 이어지며 시기별로 나타나는 특징 등을 실제 사례나 재미있는 일화와 함께 읽으면서 쉽게 이해할 수 있도록 하였다.",https://image.aladin.co.kr/product/2921/41/cover500/8997272152_1.jpg, 윤희수 지음, 가람누리,2013
예술,(다양한 분야에 도움이 되는)배색 사전,"다양한 상황에 적용해 자유자재로 사용할 수 있는 배색 사전이다. 9종류의 컬러 이미지 그룹 중 CMYK, RGB 수치를 표기한 1,086색의 오리지널 컬러로 구성된 125가지의 배색 팔레트와 바리에이션이 풍부한 배색 샘플 2,500점을 소개한다.",https://image.aladin.co.kr/product/5536/42/cover500/8962592185_1.jpg, 구노 나오미;포름즈색채정보연구소 [같이]글;김경균 옮김, 하서,2015
예술,기분 좋은 선물 포장,"생일, 결혼, 발렌타인데이, 어버이날 등 특별한 기념일과 이벤트를 17가지 케이스로 나눠 각각의 분위기에 맞는 특별한 포장 아이디어 102가지를 과정 컷과 함께 보기 쉽게 편집해 쉽게 따라할 수 있도록 되어있다.",https://image.aladin.co.kr/product/45/40/cover500/8957572376_1.gif, 황인자;성인혜 지음;이우성 사진, 랜덤하우스중앙,2008
예술,백수 산행기,"이 책은 불혹의 나이에 갑자기 백수가 된 저자가 어느 날 문득 북한산을 찾게 되고 그 매력에 흠뻑 빠져든 이야기이다. 우스꽝스러운 초보 산행 장면, 산에서 떠올리는 저자의 추억, 둔한 몸으로 힘겹게 지나간 등산 코스와 산행 노하우 등을 담았다. 또 책 속에서 발견한 북한산의 역사, 귀동냥으로 들은 비사와 야사도 담겨 있다.",https://image.aladin.co.kr/product/306/91/cover500/8960510432_1.jpg, 김서정 지음;지만 그림, 부키,2009
예술,브레히트의 서푼짜리 오페라,"20세기 서양 연극사를 대표하는 극작가 겸 연출가 베르톨트 브레히트의 작품 를 만화로 옮겼다. 연극을 위한 대본으로서 존재하는 희곡이라는 문학장르의 특성상, 희곡을 읽고 떠올려지는 생생한 이미지를 어떻게 표현할 것인가를 생각하다 희곡의 지문을 충실히 재현한 만화로 재탄생하게 되었다.",https://image.aladin.co.kr/product/92/65/cover500/8974833182_1.jpg, 베르돌트 브레히트;기획집단 MOIM 지음;정성호 그림, 서해문집,2007
예술,예술가의 방,"<서늘한 미인>에 이어 아나운서인 저자가 현대미술가 10인을 소개한 책. 저자가 직접 작가들의 작업실을 찾아가 한국 미술의 현장을 담았다. 권기수, 배준성, 윤석남 등 우리 시대 한국미술을 이끄는 10인의 작업실을 최초로 공개한다. 저자는 작가들이 먹고 자고 일하고 꿈꾸는 일상의 공간이자 작품의 산실인 작업실을 두 대의 카메라로 샅샅이 훑었다.",https://image.aladin.co.kr/product/230/91/cover500/8974833506_1.jpg, 김지은 지음;김수자 그림, 서해문집,2008
예술,(젊음을 위한 교양)지식 갤러리,"1400년대부터 활동했던 51명의 서양 미술가를 다룬다. 미켈란젤로와 레오나르도 다 빈치를 비롯한 화가들의 삶과 예술방식을 소개한다. 짤막한 글 속에 미술가의 주변 환경, 성격, 시대상황을 담았다. 곁들인 그림은 시각적인 즐거움을 준다.",https://image.aladin.co.kr/product/224/75/cover500/8992433204_2.jpg, 윤현주지음, 스타북스,2008
예술,현장에서 만난 20th C (현장에서 만난 20세기),"앙리 카르티에-브레송, 로버트 카파 등이 창립한 전설적인 사진작가 그룹, '매그넘(MAGNUM)'의 렌즈로 포착한 20세기. 자연 풍경에서부터 전쟁과 산업화, 도시화 한가운데 인간의 모습까지, 매그넘 사진작가들의 카메라가 담은 20세기의 역사적 순간들을 한 권의 사진집으로 엮었다. 미국, 프랑스, 독일, 이탈리아, 그리스, 일본, 한국을 비롯한 세계 여러나라에서 동시에 출간된다.",https://image.aladin.co.kr/product/99/24/cover500/8992053134_2.jpg, 에릭 고두 지음;매그넘 사진;양영란 옮김, 마티,2007
예술,스물이 되기 전에,"생각나무 ART 시리즈 22권. 국내에서 미학과 민속학 등을 강의했고, 지금은 14년째 영국에 머물며 문화예술사와 동.서양 미학을 연구하는 미술사학자인 저자가 명화, 문학, 대중음악, 클래식 명곡, 영화 등 5가지 분야에서 스무 살이 되기 전에 보고 듣고 읽으면 좋은 작품을 각각 10개씩 선정해 소개한다. 그리고 각 작품이 지니는 문화사적 의미와 함께 어떤 면에서 감성 발달에 도움이 되는지 풀어준다.",https://image.aladin.co.kr/product/863/84/cover500/8964601173_1.jpg, 전하현 지음, 생각의나무,2011
예술,발칙한 현대미술사,"19세기 인상파 작품들에서 시작된 현대미술 태동기부터 앤디 워홀의 「캠벨수프 깡통」, 데이미언 허스트의 「상어」로 이어지는 동시대미술을 아우르며, 걸작에 숨은 이야기들을 예술가들의 눈과 입을 통해 생생하게 들려준다.",https://image.aladin.co.kr/product/4704/49/cover500/8925552469_1.jpg, 윌 곰퍼츠 지음;김세진 옮김, RHK,2016
예술,시대를 훔친 미술,"문자의 변천사보다 훨씬 더 유구하고, 인간의 진실에 가장 핍진해 있는 회화를, 시대별.어권별로 균형 있게 그러모아 한데 펼쳐 놓고 인간과 세계의 문화를 관찰해 보는 교양서이다. 가장 원초적이고 본능적인 영역으로서 회화를 감상하고 독해하는 길을 안내한다.",https://image.aladin.co.kr/product/5932/93/cover500/8937431564_1.jpg, 이진숙 지음, 민음사,2015
예술,치즈 인 더 트랩. 1-4,"2010년 여름, 순끼라는 필명으로 슬그머니 네이버 웹툰에 둥지를 틀었다. 캠퍼스, 심리, 로맨스, 드라마, 코미디, 미스터리, 옴므파탈 심지어 사이코까지. 하나의 만화에 이렇게 많은 단어를 떠올리게 할 수 있는 작품은 좀처럼 만나기 쉽지 않았다.",https://image.aladin.co.kr/product/2057/60/cover500/8901150867_1.jpg, 순끼 글·그림, 재미주의,2016
예술,치즈 인 더 트랩. 1-5,"2010년 여름, 순끼라는 필명으로 슬그머니 네이버 웹툰에 둥지를 틀었다. 캠퍼스, 심리, 로맨스, 드라마, 코미디, 미스터리, 옴므파탈 심지어 사이코까지. 하나의 만화에 이렇게 많은 단어를 떠올리게 할 수 있는 작품은 좀처럼 만나기 쉽지 않았다.",https://image.aladin.co.kr/product/2057/62/cover500/8901150875_1.jpg, 순끼 글·그림, 재미주의,2016
예술,치즈 인 더 트랩. 1-6,"2010년 여름, 순끼라는 필명으로 슬그머니 네이버 웹툰에 둥지를 틀었다. 캠퍼스, 심리, 로맨스, 드라마, 코미디, 미스터리, 옴므파탈 심지어 사이코까지. 하나의 만화에 이렇게 많은 단어를 떠올리게 할 수 있는 작품은 좀처럼 만나기 쉽지 않았다.",https://image.aladin.co.kr/product/2057/62/cover500/8901150883_1.jpg, 순끼 글·그림, 재미주의,2016
예술,치즈 인 더 트랩. 2-2,"네이버 웹툰 최고 인기작 <치즈 인 더 트랩 시즌2>. 완벽한 남녀 캐릭터 구성과 치밀한 연출, 공감을 불러일으키는 다양한 상황을 캠퍼스를 무대로 삼아 최고의 쾌감을 선사한다.",https://image.aladin.co.kr/product/2864/39/cover500/8901156806_1.jpg, 순끼 글·그림, 재미주의,2016
예술,치즈 인 더 트랩. 2-5,"네이버 웹툰 최고 인기작 <치즈 인 더 트랩 시즌2>. 완벽한 남녀 캐릭터 구성과 치밀한 연출, 공감을 불러일으키는 다양한 상황을 캠퍼스를 무대로 삼아 최고의 쾌감을 선사한다.",https://image.aladin.co.kr/product/3408/14/cover500/890116180x_1.jpg, 순끼 글·그림, 재미주의,2016
예술,치즈 인 더 트랩. 2-5,"네이버 웹툰 최고 인기작 <치즈 인 더 트랩 시즌2>. 완벽한 남녀 캐릭터 구성과 치밀한 연출, 공감을 불러일으키는 다양한 상황을 캠퍼스를 무대로 삼아 최고의 쾌감을 선사한다.",https://image.aladin.co.kr/product/3408/14/cover500/890116180x_1.jpg, 순끼 글·그림, 재미주의,2016
예술,치즈 인 더 트랩. 2-8,"<치즈 인 더 트랩>은 연재 5년이 넘어가는 지금도 예전과 다르지 않은 인기를 얻고 있다. 이야기가 마지막을 향해 갈수록 등장인물간의 꼬였던 실타래가 풀릴지 더욱 궁금해지는 지금, 책으로 정주행하며 미묘하고 복잡한 <치즈 인 더 트랩>의 재미를 느껴보자.",https://image.aladin.co.kr/product/5682/84/cover500/8901203421_1.jpg, 순끼 글·그림, 재미주의,2015
예술,슬램덩크. 7: 농구부 최후의 날,"<슬램덩크>는 만화를 좋아하는 70~80년대 출생한 이들에게는 첫사랑과도 같다. 그런 첫사랑이 처음 연재한 날로부터 25년 만에, 추억을 고스란히 담으며 곱게 화장을 하고 출간이 되었다. 2001년 완전판 발매와 함께 절판된 '오리지널판'을 디지털 편집을 통해 명장면과 대사를 고스란히 살렸다.",https://image.aladin.co.kr/product/6853/73/cover500/k492434078_1.jpg, 이노우에 다케히코 저;대원씨아이 번역, 대원씨아이,2016
예술,슬램덩크. 9: 문제아군단,"<슬램덩크>는 만화를 좋아하는 70~80년대 출생한 이들에게는 첫사랑과도 같다. 그런 첫사랑이 처음 연재한 날로부터 25년 만에, 추억을 고스란히 담으며 곱게 화장을 하고 출간이 되었다. 2001년 완전판 발매와 함께 절판된 '오리지널판'을 디지털 편집을 통해 명장면과 대사를 고스란히 살렸다.",https://image.aladin.co.kr/product/6853/74/cover500/k432434078_1.jpg, 이노우에 다케히코 저;대원씨아이 번역, 대원씨아이,2016
예술,슬램덩크. 12: 왕자에 도전,"<슬램덩크>는 만화를 좋아하는 70~80년대 출생한 이들에게는 첫사랑과도 같다. 그런 첫사랑이 처음 연재한 날로부터 25년 만에, 추억을 고스란히 담으며 곱게 화장을 하고 출간이 되었다. 2001년 완전판 발매와 함께 절판된 '오리지널판'을 디지털 편집을 통해 명장면과 대사를 고스란히 살렸다.",https://image.aladin.co.kr/product/7026/57/cover500/k432434184_1.jpg, 이노우에 다케히코 저;대원씨아이 번역, 대원씨아이,2016
예술,슬램덩크. 18: 불길한 예감,"<슬램덩크>는 만화를 좋아하는 70~80년대 출생한 이들에게는 첫사랑과도 같다. 그런 첫사랑이 처음 연재한 날로부터 25년 만에, 추억을 고스란히 담으며 곱게 화장을 하고 출간이 되었다. 2001년 완전판 발매와 함께 절판된 '오리지널판'을 디지털 편집을 통해 명장면과 대사를 고스란히 살렸다.",https://image.aladin.co.kr/product/7210/48/cover500/k202434591_1.jpg, 이노우에 다케히코 저;대원씨아이 편역, 대원씨아이,2016
예술,슬램덩크. 21: 승패,"<슬램덩크>는 만화를 좋아하는 70~80년대 출생한 이들에게는 첫사랑과도 같다. 그런 첫사랑이 처음 연재한 날로부터 25년 만에, 추억을 고스란히 담으며 곱게 화장을 하고 출간이 되었다. 2001년 완전판 발매와 함께 절판된 '오리지널판'을 디지털 편집을 통해 명장면과 대사를 고스란히 살렸다.",https://image.aladin.co.kr/product/7516/17/cover500/k782434910_1.jpg, 이노우에 다케히코 저;대원씨아이 편역, 대원씨아이,2016
예술,슬램덩크. 22: 1st round,"<슬램덩크>는 만화를 좋아하는 70~80년대 출생한 이들에게는 첫사랑과도 같다. 그런 첫사랑이 처음 연재한 날로부터 25년 만에, 추억을 고스란히 담으며 곱게 화장을 하고 출간이 되었다. 2001년 완전판 발매와 함께 절판된 '오리지널판'을 디지털 편집을 통해 명장면과 대사를 고스란히 살렸다.",https://image.aladin.co.kr/product/7516/18/cover500/k712434910_1.jpg, 이노우에 다케히코 저;대원씨아이 편역, 대원씨아이,2016
예술,슬램덩크. 26: 파워 승부,"<슬램덩크>는 만화를 좋아하는 70~80년대 출생한 이들에게는 첫사랑과도 같다. 그런 첫사랑이 처음 연재한 날로부터 25년 만에, 추억을 고스란히 담으며 곱게 화장을 하고 출간이 되었다. 2001년 완전판 발매와 함께 절판된 '오리지널판'을 디지털 편집을 통해 명장면과 대사를 고스란히 살렸다.",https://image.aladin.co.kr/product/7773/38/cover500/k722434124_1.jpg, 이노우에 다케히코 저;대원씨아이 번역, 대원씨아이,2016
예술,(도현의)만화 연출법,레진에서 활동한 웹툰 작가인 도현의 노하우가 녹아 있는 ‘만화 연출 기법서’이다. 포스타입에서 연재되어 구독자 7천 명과 누적 조회수 34만 회를 달성하는 등 만화 및 웹툰 지망생들에게 호평을 받은 웹툰 강의다.,https://image.aladin.co.kr/product/32445/98/cover500/8979293852_1.jpg, 도현 지음, 잉크잼(잼스푼),2023
예술,내 마음을 담은 집,"<건축, 음악처럼 듣고 미술처럼 보다>로 인문적 건축서의 새 지평을 연 지, 어언 23년. 자신을 이곳저곳에 다 걸치는 박쥐 같은 성격으로 자리매김하는 저자. 건축가 겸 교수이자 건축 비평가인 그가 직접 지은 작은 집에 관한 이야기를 맛깔스럽게 풀어 놓았다.",https://image.aladin.co.kr/product/26063/95/cover500/895872174x_1.jpg, 서현 지음, 효형,2021
예술,인물 쉽게 그리는 방법,"일본의 인기 강사 일러스트 크리에이터 집단인 카와이 센세(KawaiiSensei)가 누구나 쉽게 시작할 수 있는 일러스트 기법서를 만들었다. 인물을 중점적으로 다루는 이 도서는 얼굴 그리기로 시작해서 손과 발, 전신까지 그려보고 변형되는 포즈로 완성한다. 이후 기세나 생동감을 더할 수 있어 좀 더 대담한 일러스트를 그릴 수 있는 퍼스펙티브, 구도까지 마스터할 수 있다.",https://image.aladin.co.kr/product/33255/93/cover500/8956749329_1.jpg, 카와이 센세 지음;고영자 옮김, 정보문화사,2024
예술,에디토리얼 씽킹,"흩어져 있는 것들에 질서를 부여하고 잡음 속에서 의미를 찾아내는 직무, 에디터의 사고법을 통찰한 책 『에디토리얼 씽킹』은 편집의 프로세스를 수집, 연상, 범주화, 프레임, 컨셉 등 12가지 키워드로 정렬하여 또렷한 초점으로 보여준다.",https://image.aladin.co.kr/product/32776/97/cover500/k502936287_3.jpg, 최혜진 지음, 터틀넥프레스,2023
예술,야구 교과서,"미국에서 가장 유명한 야구 전문가이자 야구공 컬렉터인 잭 햄플의 야구 관전 가이드. 투구, 타격, 주루, 수비 등 야구의 각종 기술과 전략을 모두 담았다. 기본 규칙부터 미묘한 전략의 뉘앙스까지 읽어내고 간파하는 법을 알려준다.",https://image.aladin.co.kr/product/31156/47/cover500/8964946073_1.jpg, 잭 햄플 지음 ;문은실 옮김, 보누스,2023
예술,내 인생을 빛내줄 스마트폰 사진,스마트폰 카메라를 이용해 누구라도 쉽고 재미있게 사진과 동영상을 촬영하고 보정하는 방법을 소개한다. 사진에 대한 전문 지식이나 고가의 장비가 없어도 충분히 가능하다. 스마트폰 카메라의 원리를 이해하고 몇 가지 팁만 알아도 지금보다 훨씬 멋지고 특별하게 일상의 순간들을 담아낼 수 있다.,https://image.aladin.co.kr/product/33995/2/cover500/k392930645_1.jpg, 담이 지음, 빌리버튼,2024
예술,이야기 미술관,"tvN 〈벌거벗은 세계사〉, JTBC 〈톡파원 25시〉 등에서 활약하며 루브르 박물관과 오르세 미술관 도슨트로 활동하고 있는 이창용 저자의 신작이 나왔다. 독보적인 미술계 스토리텔러 이창용 저자는 《이야기 미술관》에서 지금도 우리에게 영감을 주고 있는 불멸의 작품들을 하나하나 들여다보며 그림 속에 숨겨진 다양한 이야기를 하나씩 풀어나간다.",https://image.aladin.co.kr/product/33667/44/cover500/k672939737_2.jpg, 이창용 지음, 웨일북,2024
예술,미술관에 가고 싶어졌습니다,전시해설가 김찬용이 알려주는 미술관 사용법. 17년째 현장에서 도슨트로 근무하고 있는 저자 김찬용은 전시를 좀 더 잘 즐기고 싶은 관람객들을 위해 자신의 전시 취향을 발견하는 법부터 국내외 미술관 추천까지 친절하게 안내한다.,https://image.aladin.co.kr/product/33976/86/cover500/k972930549_1.jpg, 김찬용 지음, 땡스B,2024
예술,큐잉의 모든 것,"운동과 움직임의 본질을 다루며, 큐잉의 개념과 운동에 미치는 영향을 탐구하는 책이다. '큐잉'이란 무엇인가부터 시작하여, 자율적 피드백, 동기부여, 그리고 큐잉의 적절한 양과 타이밍에 이르기까지 다양한 측면을 다룬다.",https://shopping-phinf.pstatic.net/main_4393889/43938898619.20231119070814.jpg, Eric Franklin 저;기다은 옮, 군자출판사,2023
예술,대국,"2005년 홀로 5연승을 하며 제6회 농심신라면배의 우승컵을 들어 올린 이창호 9단의 ‘상하이 대첩’을 넘어 ‘상하이 신화’를 창조한 신진서 9단의 끝내기 6연승, 그 긴박하고도 위대한 여정이 『대국 : 기본에서 최선으로』에서 펼쳐진다.",https://shopping-phinf.pstatic.net/main_4986820/49868209622.20240820091407.jpg, 신진서 지음, 휴먼큐브,2024
예술,어떻게 예술 작품을 되살릴까?,한 점의 그림을 복원하는 이야기를 통해 예술을 영원하게 만드는 이들의 작업을 소개한다. 눈을 사로잡는 시각 자료와 현직 복원 전문가의 친절하고 자세한 설명은 예술 작품 복원의 현장을 직접 체험하는 듯한 느낌을 준다.,https://shopping-phinf.pstatic.net/main_4866263/48662638618.20240625083345.jpg, 파비에네 마이어 지음;지빌레 불프 [공]지음;마르티나 라이캄 그림;이사빈 옮김, 원더박스,2024
예술,아트인문학 여행 × 파리,"<아트인문학 여행>이 파리편으로 돌아왔다. 태양왕 루이 14세와 시민혁명, 나폴레옹 시대를 거쳐 기차가 달리고 사진이 발명하는 드라마틱한 혁명과 시대의 변화 속에서 진정한 예술이란 무엇이고, 예술가는 무엇을 해야 하는 사람인지 고민하는 이들을 만날 수 있다.",https://shopping-phinf.pstatic.net/main_3246463/32464634644.20221019131408.jpg, 김태진 지음;디디에 앙사르게스 사진, 카시오페아,2015
예술,사과를 그리는 100가지 방법,"아이들이 그림 그리기의 틀에서 벗어나 창의적이고 자유롭게 표현할 수 있도록 돕는 그림책이다. 친숙한 사과를 소재로 하여 다양한 기법과 접근법을 탐구하며, 점, 선, 색, 형태, 구조, 이야기를 변형시키는 과정을 통해 자신만의 시각으로 세상을 바라보고, 표현하는 기쁨을 되찾게 한다.",https://shopping-phinf.pstatic.net/main_5273589/52735899264.20250201092513.jpg, 박이도 지음, 단추,2025
예술,Color & light,색과 빛 마스터 가이드북. 세계적인 아티스트들의 풍부한 경험을 기반으로 ‘색’과 ‘빛’을 사용하는 예술을 발전시킬 수 있는 이론과 실전을 철저히 분석해 준다.,https://shopping-phinf.pstatic.net/main_5072401/50724013705.20241008091301.jpg, 3D토털 퍼블리싱 지음;이수영 옮김, Youngjin.com(영진닷컴),2024
예술,마이클 조던 레전드 25,"농구 저널리스트로 25년 넘게, 마이클 조던 팬으로서 35년 가까이 살아온 손대범 기자가 마이클 조던이 맹활약한 경기들을 중심으로 그의 커리어를 정리하는 책을 펴냈다. 5년이 넘는 기간 동안 취재와 자료 조사, 집필을 거듭하여 초고 약 2,700매(200자 원고지) 분량에 달하는 방대한 텍스트를 쏟아냈다.",https://dls2.edunet.net/DLS/api/homepage/holding/getCoverImage.do?prov_code=E10&neis_code=E100000276&bib_key=34206511299, 손대범 지음, bs(브레인스토어),2025
예술,왕초보 바둑 배우기. 1: 입문하기,"'왕초보 바둑 배우기' 시리즈 총 3권은 이제 막 바둑에 관심을 가져보려는 분들을 위한 책이다. 처음 바둑을 대할 때 어디부터 어떻게 접근해야 하는 것인지, 바둑의 기본기술은 어떤 것들이 있는지, 아주 쉬운 방법으로 알기 쉽게 풀어가고 있다.",https://dls2.edunet.net/DLS/api/homepage/holding/getCoverImage.do?prov_code=E10&neis_code=E100000276&bib_key=34206541022, 조창삼 지음, 더디퍼런스,2024
예술,콜드 플레이,"콜드플레이 팀 결성부터 세계 최정상에 오르기까지 지난 20년간의 모든 이야기를 담았다. 크리스 마틴, 윌 챔피언, 조니 버클랜드, 가이 베리먼과 ‘5번째 멤버’ 필 하비의 거의 모든 역사를 담은 350여 장의 사진과 글들이다.",https://dls2.edunet.net/DLS/api/homepage/holding/getCoverImage.do?prov_code=E10&neis_code=E100000276&bib_key=34206549941, 뎁스 와일드;맬컴 크로프트 [공]지음;최영열 옮김, 윌북,2025
예술,(1일 1단어 1분으로 끝내는)미술공부,청소년 교양서 <111 시리즈>의 열 번째 책. ‘밥 먹듯 쉬운 미술’을 슬로건으로 활동하는 미술 콘텐츠 팀 ‘미술식탁’이 지난 6년간 쌓아온 250편의 팟캐스트 에피소드 중 미술의 다채로운 면을 보여줄 수 있는 주제를 선별해 『1일 1단어 1분으로 끝내는 미술공부』로 엮었다.,https://dls2.edunet.net/DLS/api/homepage/holding/getCoverImage.do?prov_code=E10&neis_code=E100000276&bib_key=34206809332, 미술식탁 지음, 글담,2025
예술,보나파르트. 1,"갓 전역한 보나파르트는 우연히 뾰족귀 클랜과 얽히게 된다. 뾰족귀의 왕손은 감옥에서 출소한 2인자 눈썹이를 제거하고 보나파르트에게 뒤집어 씌우려고 한다. 하지만 보나파르트는 단신으로 뾰족귀 클랜을 무너트리고, 해골촌의 다른 조직들의 주목을 받게 된다.",https://dls2.edunet.net/DLS/api/homepage/holding/getCoverImage.do?prov_code=E10&neis_code=E100000276&bib_key=34206825216, 몹시찰진우럭 글·그림, 영컴(YOUNG COM),2024
예술,Table work,일반적인 셔플과 전혀 다르게 보이지 않지만 아무리 카드를 섞어도 단 한 장도 섞이지 않는 폴스 셔플. 눈치 챌 수 없는 바텀딜(밑장빼기)의 비밀. 자연스러운 동작 속의 숨겨진 뻔뻔한 모방의 손 기술들을 공개하는 책이다.,https://image.aladin.co.kr/product/1322/74/cover500/8964492005_1.jpg, 김정명 지음, 좋은땅,2013
예술,내 인생의 주인공으로 산다는 것,불안정하고 급변하는 미래를 맞이해야 하는 오늘날의 청소년들이 스스로 자기 삶의 기준을 세우고 자신이 주체가 되는 삶을 일구는 데 바탕이 될 인문학적 성찰을 담은 영화 이야기. 16편의 영화를 소재로 하여 영화의 장면과 주인공의 여정을 통해 자기 자신과 타인을 되돌아보게 한다.,https://image.aladin.co.kr/product/25264/73/cover500/k732633209_1.jpg, 원은정 지음, 착한책가게,2020
예술,명탐정 코난. 94,최근 란의 상태가 좀 이상하다. 찜찜한 코난은 코고로와 함께 추적하는데…. 다양한 의도가 꿈틀거리기 시작하는 ‘붉은 수학여행 편’이 펼쳐진다.,https://image.aladin.co.kr/product/25403/28/cover500/k492633014_1.jpg, Aoyamagosho 지음;오경화 번역, 서울미디어코믹스,2020
예술,(송사비의)클래식 음악야화,"한 번쯤 들어본 유명한 음악, 이름만 알았던 작곡가들의 흥미진진한 삶에 대한 이야기가 담겨있다. 천재 작곡가들의 불꽃 같은 사랑과 낭만적 순간에 움튼 아름다운 음악이 한 편의 소설처럼 펼쳐진다.",https://image.aladin.co.kr/product/26092/79/cover500/s662836495_1.jpg, 송사비 지음, 1458music,2021
예술,정답은 있다,"한국 축구에서 가장 뜨거운 이름, 이정효의 첫 책이다. 수원 삼성 블루윙즈 감독이자 전 광주 FC 감독으로 튀는 행동과 직설적 화법, 전술가로서의 역량으로 주목받는다. 선수와 지도자로서 쌓아온 승부 철학을 정리한 기록이다.",https://shopping-phinf.pstatic.net/main_5897169/58971698517.20260331120820.jpg, 이정효 지음, 다산북스,2026
예술,자연스러운 공간 드로잉,"인체와 포즈를 넘어 공간으로 확장하는 자연스러운 드로잉 시리즈 완결편이다. 투시 원근법 핵심 이론 12가지와 16개의 실전 예제로 배경에서 그림이 무너지는 이유를 짚고, 공간의 깊이를 논리적으로 구현하는 방법을 익히게 한다.",https://shopping-phinf.pstatic.net/main_5878060/58780603905.20260331094327.jpg, 수지(허수정) 지음, 동양북스,2026
예술,(알면 더 재밌는)월드컵 역사,"1920년대 쥘 리메의 구상에서 시작된 월드컵 탄생부터 2026 북중미 월드컵까지 100년사를 아우른다. 펠레, 마라도나, 지단, 메시, 음바페 등 세계적 스타들의 활약과 함께, 군부독재의 욕망으로 빚어진 최악의 월드컵 등 굵직한 사건과 숨은 이야기를 36개의 에피소드로 담았다.",https://shopping-phinf.pstatic.net/main_5694290/56942903705.20260331123814.jpg, 한지용 지음, 초봄책방,2025
예술,왜 베토벤인가,"『왜 말러인가』 『거장 신화』 등으로 국내 독자들에게도 친숙한 노먼 레브레히트는 『왜 베토벤인가』에서 누구도 하지 않았던 참신한 방식을 꺼내 들었다. 베토벤의 삶에서 100가지 장면을 골라 역사적 사실과 흥미로운 이야기를 결합하여 베토벤의 시대를 생생하게 그려내는 동시에, 그의 작품 설명과 함께 각 작품의 연주와 음반을 비판적으로 검토하고 추천한다.",https://shopping-phinf.pstatic.net/main_5375334/53753348356.20260331094943.jpg, 노먼 레브레히트 지음;장호연 옮김, 에포크,2025
예술,인생에 달리기가 필요한 시간,"‘마의 2시간 30분’ 벽을 돌파하며 대한민국 여자 마라톤의 새로운 역사를 쓴 권은주. 그 기록은 21년간 깨지지 않으며, 그는 ‘전설’이라 불리어왔다. 선수 은퇴 후 달리기를 가르치고 있는 지금, “달리기로 인해 삶이 달라졌다.”고 말하는 사람들을 수없이 지도해왔다. 30여 년간 자신을 단련하고 수많은 사람들의 변화를 이끌며 깨달은 습관 형성의 비결과 변화의 지혜에 대하여 이번 책에서 공개하기에 이르렀다.",https://image.aladin.co.kr/product/36131/32/cover500/k862038474_1.jpg, 권은주 지음, 트랙1(리더스 그라운드),2025
예술,겸재 정선,"‘한국미술사 전도사’이자 ‘나의 문화유산답사기’ 시리즈의 저자 유홍준 국립중앙박물관장이 ‘새로 쓰는 화인열전’ 시리즈로 돌아왔다. 2001년에 출간된 초판 『화인열전』(1, 2권)을 전면 개정하고 새로운 내용과 도판을 대폭 추가하였다.",https://shopping-phinf.pstatic.net/main_5869805/58698050186.20260331112813.jpg, 유홍준 지음, 창비,2026
예술,그림 읽는 밤,"모지스 할머니, 칼 라르손, 라울 뒤피 등 국내에 잘 알려지지 않았던 화가들을 소개하며 대중과 소통해 온 미술 에세이스트 이소영이 이번에는 ‘읽는 사람’으로 돌아왔다. 어디서도 볼 수 없었던 특별한 명화 기록집을 선보인다.",https://shopping-phinf.pstatic.net/main_5806719/58067195043.20260331110419.jpg, 이소영 지음, 청림life,2025
예술,"미술, 만화로 읽다","미술에 대한 정의에서 출발하여, 미술작품의 형식과 조형원리에 대한 설명, 미술 장르의 특성과 위계문제, 고급미술과 대중문화의 관계, 기호학, 모더니즘, 포스트모더니즘, 페미니즘 등 텍스트 만으로 정리된다면 어렵게 느껴질 법한 미술 이론과 미술 사조등을 만화로 술술 풀어간다.",https://image.aladin.co.kr/product/170/19/cover500/8991636403_1.jpg, 정숙경 지음, 한길아트,2008
예술,시타를 위하여. 1,쿠마리의 성스런 존재였던 소녀는 한 순간 운명이 뒤바뀌어 비참한 환경으로 내몰리게 된다. 우연히 그런 그녀를 만나게 된 한 남자. 작품은 그런 그녀를 구하고 싶었던 한 남자의 가슴 시린 이야기이다.,https://image.aladin.co.kr/product/5973/19/cover500/8999802388_1.jpg, 하가 글·그림, 발해커뮤니케이션,2017
예술,하이큐!!. 2: 꼭대기의 풍경,,https://image.aladin.co.kr/product/2694/2/cover500/8968223351_1.jpg, 후루타테 하루이치 지음;강동욱 옮김, 대원씨아이,2013
예술,하이큐!!. 5: 전국대회 돌입!,"전국대회 예선에 대비해 맹훈련을 실시하는 카라스노 배구부. 하지만 예선의 같은 블록 안에는 아오바조사이, 그리고 인연 깊은 ‘철벽’ 다테공고가 가로막고 있다. 상대가 누구든 눈앞의 일전을 잡기 위해 나간다. 신생 카라스노 배구부, 마침내 출진.",https://image.aladin.co.kr/product/3500/36/cover500/1156250978_1.jpg, 후루타테 하루이치 지음;강동욱 옮김, 대원씨아이,2014
예술,하이큐!!. 6: THE·세터 대결,"전국대회 예선에 대비해 맹훈련을 실시하는 카라스노 배구부. 하지만 예선의 같은 블록 안에는 아오바조사이, 그리고 인연 깊은 ‘철벽’ 다테공고가 가로막고 있다. 상대가 누구든 눈앞의 일전을 잡기 위해 나간다. 신생 카라스노 배구부, 마침내 출진.",https://image.aladin.co.kr/product/3930/24/cover500/1156253802_1.jpg, 후루타테 하루이치 지음;강동욱 옮김, 대원씨아이,2014
예술,하이큐!!. 9: 욕심,"전국대회 예선에 대비해 맹훈련을 실시하는 카라스노 배구부. 하지만 예선의 같은 블록 안에는 아오바조사이, 그리고 인연 깊은 ‘철벽’ 다테공고가 가로막고 있다. 상대가 누구든 눈앞의 일전을 잡기 위해 나간다. 신생 카라스노 배구부, 마침내 출진.",https://image.aladin.co.kr/product/4669/42/cover500/1156258375_1.jpg, 후루타테 하루이치 지음;강동욱 옮김, 대원씨아이,2014
예술,하이큐!!. 16: 근성 없던 녀석의 싸움,"전국대회 예선에 대비해 맹훈련을 실시하는 카라스노 배구부. 하지만 예선의 같은 블록 안에는 아오바조사이, 그리고 인연 깊은 ‘철벽’ 다테공고가 가로막고 있다. 상대가 누구든 눈앞의 일전을 잡기 위해 나간다. 신생 카라스노 배구부, 마침내 출진.",https://image.aladin.co.kr/product/6714/80/cover500/k052434061_1.jpg, 후루타테 하루이치 지음;강동욱 옮김, 대원씨아이,2015
예술,하이큐!!. 17: 재능과 센스,"전국대회 예선에 대비해 맹훈련을 실시하는 카라스노 배구부. 하지만 예선의 같은 블록 안에는 아오바조사이, 그리고 인연 깊은 ‘철벽’ 다테공고가 가로막고 있다. 상대가 누구든 눈앞의 일전을 잡기 위해 나간다. 신생 카라스노 배구부, 마침내 출진.",https://image.aladin.co.kr/product/11109/2/cover500/k072531676_1.jpg, 후루다테 하루이치 지음;강동욱 옮김, 대원씨아이,2015
예술,하이큐!!. 18: 보름 전날,"전국대회 예선에 대비해 맹훈련을 실시하는 카라스노 배구부. 하지만 예선의 같은 블록 안에는 아오바조사이, 그리고 인연 깊은 ‘철벽’ 다테공고가 가로막고 있다. 상대가 누구든 눈앞의 일전을 잡기 위해 나간다. 신생 카라스노 배구부, 마침내 출진.",https://image.aladin.co.kr/product/8033/94/cover500/k772434635_1.jpg, 후루타테 하루이치 지음;강동욱 옮김, 대원씨아이,2017
예술,하이큐!!. 19: 보름달,"전국대회 예선에 대비해 맹훈련을 실시하는 카라스노 배구부. 하지만 예선의 같은 블록 안에는 아오바조사이, 그리고 인연 깊은 ‘철벽’ 다테공고가 가로막고 있다. 상대가 누구든 눈앞의 일전을 잡기 위해 나간다. 신생 카라스노 배구부, 마침내 출진.",https://image.aladin.co.kr/product/8304/39/cover500/k562434353_1.jpg, 후루타테 하루이치 지음;강동욱 옮김, 대원씨아이,2016
예술,하이큐!!. 22: 육지 VS 하늘,"전국대회 예선에 대비해 맹훈련을 실시하는 카라스노 배구부. 하지만 예선의 같은 블록 안에는 아오바조사이, 그리고 인연 깊은 ‘철벽’ 다테공고가 가로막고 있다. 상대가 누구든 눈앞의 일전을 잡기 위해 나간다. 신생 카라스노 배구부, 마침내 출진.",https://image.aladin.co.kr/product/9908/22/cover500/k612536869_1.jpg, 후루타테 하루이치 지음;강동욱 옮김, 대원씨아이,2016
예술,하이큐!!. 24: 첫눈,"전국대회 예선에 대비해 맹훈련을 실시하는 카라스노 배구부. 하지만 예선의 같은 블록 안에는 아오바조사이, 그리고 인연 깊은 ‘철벽’ 다테공고가 가로막고 있다. 상대가 누구든 눈앞의 일전을 잡기 위해 나간다. 신생 카라스노 배구부, 마침내 출진.",https://image.aladin.co.kr/product/10685/41/cover500/k242530547_1.jpg, 후루다테 하루이치 지음;강동욱 옮김, 대원씨아이,2017
예술,하이큐!!. 25: 반환,"전국대회 예선에 대비해 맹훈련을 실시하는 카라스노 배구부. 하지만 예선의 같은 블록 안에는 아오바조사이, 그리고 인연 깊은 ‘철벽’ 다테공고가 가로막고 있다. 상대가 누구든 눈앞의 일전을 잡기 위해 나간다. 신생 카라스노 배구부, 마침내 출진.",https://image.aladin.co.kr/product/11156/3/cover500/k562531987_1.jpg, 후루타테 하루이치 지음;강동욱 옮김, 대원씨아이,2017
예술,하이큐!!. 27: 이어지는 기회,"전국대회 예선에 대비해 맹훈련을 실시하는 카라스노 배구부. 하지만 예선의 같은 블록 안에는 아오바조사이, 그리고 인연 깊은 ‘철벽’ 다테공고가 가로막고 있다. 상대가 누구든 눈앞의 일전을 잡기 위해 나간다. 신생 카라스노 배구부, 마침내 출진.",https://image.aladin.co.kr/product/11887/68/cover500/k992531037_1.jpg, 후루타테 하루이치 지음;강동욱 옮김, 대원씨아이,2017
예술,"나는 내일, 어제의 너와 만난다. 1","일본 현지 판매 160만 부를 돌파한 동명 소설을 원작으로 한 작품으로, 타임 판타지라는 독특한 소재를 바탕으로 두 남녀의 풋풋하고 애틋한 사랑 이야기를 담아내고 있다. 어쩐지 비밀이 있을 것 같은 에미와 그런 그녀에게 첫눈에 운명임을 직감한 타카토시의 설렘 가득한 사랑 이야기가 아름다운 교토의 풍경과 함께 펼쳐진다.",https://image.aladin.co.kr/product/11880/22/cover500/896086871x_1.jpg, 나나츠키 타카후미 지음;김시내 옮김, 위즈덤하우스,2017
예술,치즈인더트랩. 4-1,2010년부터 2017년 봄까지 7년간 인기리에 연재된 <치즈 인 더 트랩> 시즌4 단행본이다. 장르를 규정지을 수 없을 정도로 낯설지만 주인공들의 대사 한 마디 한 마디는 공감할 수밖에 없는 현실성을 담고 있다. 매주 한 회씩 손꼽아 기다렸던 화제의 웹툰을 책장으로 넘겨 보며 차분하게 즐길 시간이 왔다.,https://image.aladin.co.kr/product/11700/18/cover500/8960863955_1.jpg, 순끼 글·그림, 바이브릿지,2017
예술,치즈인더트랩. 4-2,2010년부터 2017년 봄까지 7년간 인기리에 연재된 <치즈 인 더 트랩> 시즌4 단행본이다. 장르를 규정지을 수 없을 정도로 낯설지만 주인공들의 대사 한 마디 한 마디는 공감할 수밖에 없는 현실성을 담고 있다. 매주 한 회씩 손꼽아 기다렸던 화제의 웹툰을 책장으로 넘겨 보며 차분하게 즐길 시간이 왔다.,https://image.aladin.co.kr/product/11700/34/cover500/8960863963_1.jpg, 순끼 글·그림, 바이브릿지,2017
예술,펠루아 이야기. 1,테사 공작의 첫째 영양 「오르테즈 에크릴」은 펠루아 백작 「아시어스 라프레이」와 혼인을 하게 된다. 서로의 얼굴도 보지 못한 채 일사천리로 진행된 예식. 아무 일도 없이 보낸 첫날밤. 그리고 오르테즈 라프레이로서의 생활이 시작되는데...,https://image.aladin.co.kr/product/4036/84/cover500/1155975170_1.jpg, 김연주 지음, 학산문화사,2014
예술,펠루아 이야기. 2,,/img/no_book.805feab5.png, 김연주 지음, 학산문화사,2013
예술,펠루아 이야기. 4,"“아시어스는 용감했고 이그레인은 가련했고 오르테즈는 운이 좋았구나.” 라이슬 후작부인 이그레인을 펠루아로 초대한 오르테즈는 아시어스와 이그레인의 옛 관계를 알게 된다. 이미 끝나버린 사이라는 것은 알지만 머릿속, 마음속에는 복잡한 생각들이 오고가는데…",https://image.aladin.co.kr/product/4001/32/cover500/6000724548_1.jpg, 김연주 지음, 학산문화사,2014
예술,펠루아 이야기. 5,,/img/no_book.805feab5.png, 김연주 지음, 학산문화사,2014
예술,펠루아 이야기. 6,"테사에 다녀온 이후, 펠루아 백작부부 사이엔 서먹한 기류가 흐른다. 오르테즈가 자신을 피하는 것이 신경 쓰인 아시어스는 급기야 엘튼에 갔던 날 밤, 오르테즈를 보기 위해 먼 길을 달려온다. 그러나 사랑 없는 결혼을 각오했던 오르테즈는 아시어스의 대담한 애정표현에 혼란스러울 뿐인데….",https://image.aladin.co.kr/product/6113/86/cover500/6000859243_1.jpg, 김연주 지음, 학산문화사,2014
예술,치즈 인 더 트랩. 3-1,"'치즈 인 더 트랩'은 완벽한 남녀 캐릭터 구성과 치밀한 연출, 공감을 불러일으키는 다양한 상황을 캠퍼스를 무대로 삼아 독자들에게 최고의 쾌감을 선사했다. 장르를 규정지을 수 없을 정도로 낯설지만 주인공들의 대사 한 마디 한 마디는 공감할 수 밖에 없는 현실성을 담고 있다.",https://image.aladin.co.kr/product/7667/10/cover500/k282434616_1.jpg, 순끼 글·그림, 바이브릿지,2015
예술,치즈 인 더 트랩. 3-2,"'치즈 인 더 트랩'은 완벽한 남녀 캐릭터 구성과 치밀한 연출, 공감을 불러일으키는 다양한 상황을 캠퍼스를 무대로 삼아 독자들에게 최고의 쾌감을 선사했다. 장르를 규정지을 수 없을 정도로 낯설지만 주인공들의 대사 한 마디 한 마디는 공감할 수 밖에 없는 현실성을 담고 있다.",https://image.aladin.co.kr/product/7667/15/cover500/k222434616_1.jpg, 순끼 글·그림, 바이브릿지,2015
예술,치즈인더트랩. 3-4,"캠퍼스, 심리, 로맨스, 드라마, 코미디, 미스터리, 옴므파탈 심지어 사이코까지. 인간의 심리를 파고드는 고난도 연출과 치밀한 계산에 의해 흘러나오는 대사, 그리고 유연하게 만들어지는 각가지의 상황이 어우러지면서 수많은 독자, 특히 여성팬들을 확보하는 네이버 웹툰 대표 작품이 되었다.",https://image.aladin.co.kr/product/8645/61/cover500/k432535788_1.jpg, 순끼 글·그림, 바이브릿지,2016
예술,치즈인더트랩. 3-5,"캠퍼스, 심리, 로맨스, 드라마, 코미디, 미스터리, 옴므파탈 심지어 사이코까지. 인간의 심리를 파고드는 고난도 연출과 치밀한 계산에 의해 흘러나오는 대사, 그리고 유연하게 만들어지는 각가지의 상황이 어우러지면서 수많은 독자, 특히 여성팬들을 확보하는 네이버 웹툰 대표 작품이 되었다.",https://image.aladin.co.kr/product/8645/72/cover500/k782535788_1.jpg, 순끼 글·그림, 바이브릿지,2016
예술,(김홍도의 풍속화로 배우는)옛 사람들의 삶,"보물 257호 단원 김홍도의 '단원풍속화첩'에 수록된 풍속화 25점을 통해 어린이와 청소년들에게 옛 사람들의 삶에 관해 친절하고 재미있게 설명해주는 책. 아이들이 2박 3일 동안 진행되는 '옛 그림 학교'라는 특별한 학교에 입학해, 옛그림을 보는 법, 그 속에 숨겨진 이야기들을 발견해가는 특이한 구성으로 엮었다.",https://image.aladin.co.kr/product/274/24/cover500/8961960229_1.jpg, 최석조 지음;서은경 그림, 아트북스,2008
예술,놀이와 예술 그리고 상상력,"유쾌한 미학자 진중권이 '상상력 혁명'이라는 코드로 놀이와 예술의 세계를 들여다본 책. 예술 작품에 등장한 20가지 놀이를 소개하고, 이것이 어떻게 상상력으로 뻗어갈 수 있는지 살핀다.",https://image.aladin.co.kr/product/54/95/cover500/8958620331_2.jpg, 진중권 지음, 휴머니스트,2008
예술,(청소년을 위한) 한국미술사,"한국미술사의 흐름 중에서 청소년들이 꼭 알아야 하는 중요한 지식과 정보를 균형있게 정리했다. 시대개관을 통해 한 시대의 미술사를 요약해 전달하고, 약 270여 점의 그림자료와 상세한 설명을 곁들여 청소년들의 이해를 돕는다.",https://image.aladin.co.kr/product/53/80/cover500/8977151430_2.jpg, 박차지현 지음, 두리미디어,2007
예술,꿀딴지곰의 레트로 게임 대백과,"17년간 네이버 지식인에서 게임 탐정으로 활동한 꿀딴지곰. 그가 펴낸 레트로 게임 가이드다. 8090 오락실 게임부터 MSX, 소니, 닌텐도, 세가의 콘솔 게임까지! 마니아라면 반드시 해봐야 할 명작 게임을 모아 정리했다.",https://image.aladin.co.kr/product/30328/65/cover500/8964945832_1.jpg, 꿀단지곰 지음, 보누스,2022
예술,위로의 미술관,베스트셀러 <기묘한 미술관>의 저자이자 프랑스 공인 문화해설사 진병관은 신작 <위로의 미술관>을 통해 모든 좌절을 경험했기에 오히려 모두를 위로할 수 있었던 25명의 화가와 그들의 작품을 소개한다.,https://image.aladin.co.kr/product/30035/51/cover500/k502839261_1.jpg, 진병관 지음, 빅피시,2022
예술,모든 것은 기본에서 시작한다,"손흥민 선수의 아버지이자 축구 지도자로서 세계인의 주목을 받고 있는 손웅정 감독의 메시지는 ‘삶의 본질’에 초점이 맞춰 있다. 축구선수로 뛰던 자신의 경험을 반추하며 ‘나처럼 하면 안 된다’는 생각에 손흥민 선수를 직접 교육했고, ‘기본기’의 중요성을 강조했다.",https://image.aladin.co.kr/product/28089/84/cover500/k082734846_2.jpg, 손웅정 지음, 수오서재,2021
예술,(스토리가 보이는)드로잉의 기술,"한 컷 안에 상황, 인물의 행동과 감정, 나아가 분위기까지 담아내는 방법을 소개한다. 스토리보드 아티스트 오쓰 다쿠야와 제스처 드로잉의 대가 사토 후쿠로가 대화 형식으로 풀어낸 이 책은 기초부터 심화까지 단계별로 쉽게 접근할 수 있도록 구성되어 있다.",https://shopping-phinf.pstatic.net/main_5644181/56441817178.20260331120128.jpg," 오쓰 다쿠야,시토 후쿠로 [공]지음;박유미 옮김", RHK(알에이치코리아),2025
예술,명탐정 코난. 98,하이바라 아이를 파고드는 세마 마스미는 오키야 스바루와 대립! 한편 코난은《영역외의 여동생》메어리의 정체에 다가서는데…?! 하네다 슈키치는 기사연구회에서 살인사건과 조우! 엎치락뒤치락하는 사건의 끝에 아카이 슈이치가 등장…?!,https://image.aladin.co.kr/product/24706/14/cover500/k502631511_1.jpg, Aoyamagosho 지음;오경화 번역, 서울미디어코믹스,2020
예술,(무로이 야스오가 알려주는)최고의 그림을 그리는 방법,"베스트셀러 <DVD와 함께하는 애니메이션 캐릭터 작화 기술>의 저자가 경험을 바탕으로 입문자부터 평생 취미로 즐기고 싶은 사람, 프로를 목표로 하는 사람까지 모두 참고하면 좋을 내용을 담았다.",https://image.aladin.co.kr/product/25365/74/cover500/8931463219_1.jpg, 무로이 야스오 지음;김재훈 옮김, 영진닷컴,2020
예술,외계에서 온 펀자이씨,『펀자이씨툰』은 작가의 진짜 이야기들을 담은 그림 일기장이다. 두번째 이야기 『외계에서 온 펀자이씨』에는 영국에서 만난 태국 남자 파콘과 한국 여자 유진이 부부가 되어 서로 삶의 방식을 맞춰가는 일상을 보여준다.,https://image.aladin.co.kr/product/30084/5/cover500/8954688527_1.jpg, 엄유진 지음, 문학동네,2022
예술,스위트 홈. 1,"화제의 웹툰 『후레자식』을 연재한 김칸비·황영찬 콤비의 후속작으로, 참신한 괴물 캐릭터와 강렬한 서스펜스, 숨 쉴 틈을 주지 않는 섬뜩한 연출로 금요웹툰 최상위권을 차지했다. 웹툰의 인기에 힘입어 넷플릭스 오리지널 시리즈 제작도 확정되었다.",https://image.aladin.co.kr/product/23421/51/cover500/k602638384_1.jpg, 김칸비 글;황영찬 그림, 위즈덤하우스,2020
예술,스위트 홈. 2,"2017년 10월부터 2020년 6월까지 네이버웹툰에서 인기리에 연재된 『스위트 홈』 1, 2, 3권이 단행본으로 출간되었다. 『스위트 홈』은 참신한 괴물 캐릭터와 강렬한 서스펜스, 숨 쉴 틈을 주지 않는 섬뜩한 연출로 김칸비·황영찬 콤비의 저력을 보여주며 2020년 오늘의 우리만화상을 수상했다.",https://image.aladin.co.kr/product/23421/51/cover500/k642638384_1.jpg, 김칸비 글;황영찬 그림, 위즈덤하우스,2020
예술,스위트 홈. 7,네이버웹툰에서 인기리에 연재된 『스위트 홈』 7~9권이 동시 출간된다. 연재 기간 내내 금요 웹툰 절대 강자 자리를 놓치지 않았던 『스위트 홈』은 지난 2020년 12월에 넷플릭스에서 8개국 1위라는 기염을 토하며 화제성과 작품성을 두루 인정받았다.,https://image.aladin.co.kr/product/27045/55/cover500/k492731786_3.jpg, 김칸비 글;황영찬 그림, 위즈덤하우스,2021
예술,스위트 홈. 9,2017년 10월부터 2020년 6월까지 네이버웹툰에서 인기리에 연재된 『스위트 홈』 7~9권이 동시 출간된다. 연재 기간 내내 금요 웹툰 절대 강자 자리를 놓치지 않았던 『스위트 홈』은 지난 2020년 12월에 넷플릭스에서 방영되자마자 8개국 1위라는 기염을 토하며 화제성과 작품성을 두루 인정받았다.,https://image.aladin.co.kr/product/27045/56/cover500/k582731786_3.jpg, 김칸비 글;황영찬 그림, 위즈덤하우스,2021
예술,스위트 홈. 11,"생존자들은 뒷산 나무에 로프를 고정해 그린 홈을 빠져나가기 위해 옥상으로 향하는데, 현수는 한두식을 구하기 위해 무리에서 나와 지하 주차장으로 발길을 옮긴다. 하지만 한두식은 이미 목숨을 잃은 후고, 현수는 그곳에서 지금껏 보지 못했던 초인을 만나게 된다.",https://image.aladin.co.kr/product/27224/33/cover500/k792732296_2.jpg, 김칸비 글;황영찬 그림, 위즈덤하우스,2021
예술,(스콧 켈비의)DSLR 사진 촬영 방법,"스콧 켈비의 다년간의 노하우를 완전히 녹여낸 이 책은 헷갈리는 전문용어와 복잡한 이론을 배제하고 반드시 알아야 할 기법의 전 과정을 직접 보여줌으로써, 정통한 프로 사진가의 작업 방식을 바로 곁에서 익히는 것과 같은 효과를 준다.",https://image.aladin.co.kr/product/8996/81/cover500/8956746966_1.jpg, 스콧 켈비 지음;홍성희 옮김, 정보문화사,2016
예술,사울 레이터 더 가까이,"사울 레이터의 국내 최초 컬러 슬라이드 사진집. 오늘날 그를 ‘컬러 사진의 선구자’로 만든 전설적인 초기작 76점을 엄선해 담았다. 책에 실린 모든 사진은 지금까지 한 번도 공개되지 않았던 미발표 컬러 슬라이드로, 사울 ‘레이터 스타일’의 핵심을 보여준다.",https://image.aladin.co.kr/product/29846/40/cover500/k112838020_1.jpg, 사울 레이터 지음;송예슬 옮김, 윌북,2022
예술,악기 연습하기 싫을 때 읽는 책,"기타리스트이자 송라이터로 활동해온 뮤지션이 쓴 ‘연습 즐기기 안내서’다. 음악보다 움직임에 집중해야 하는 이유, 전략적인 반복의 기술, 머리가 아닌 손으로 이해하는 방법, 성인이 된 이후 악기에 도전하는 이들에게 필요한 마음가짐 등에 대해 두루 이야기한다.",https://image.aladin.co.kr/product/28954/77/cover500/k572836414_1.jpg, 톰 히니 지음;권혜원 옮김, 노천서재,2022
예술,본다는 것의 의미,"소설가이자 미술비평가, 그리고 문화사학자로 유명한 저자는 동물원, 전쟁 사진 그리고 밀레와 루오, 마그리트와 로댕 등의 미술가들을 독창적인 시각에서 바라봄으로써 '본다는 것의 의미'를 새롭게 읽어낸다.",https://image.aladin.co.kr/product/23/5/cover500/8980381247_1.jpg, 존 버거 지음;박범수 옮김, 동문선,2006
예술,미생. 4: 정수,"2012년 1월 20일 Daum 만화속세상에 첫선을 보인 이후 최장기간 평점 1위를 고수 중인 『미생』은 ‘만화가 아닌 인생 교과서’, ‘직장생활의 교본’, ‘샐러리맨 만화의 진리’ 등으로 불리며 연일 SNS를 뜨겁게 달구고 있다.",https://image.aladin.co.kr/product/2174/12/cover500/8960865818_1.jpg, 윤태호 지음, 위즈덤하우스,2012
예술,핀란드 디자인 산책,"<핀란드 디자인 산책>은 핀란드 사람들이 일상 속에서 공유하고 즐기는 다양한 디자인 제품들을 통해 그들의 문화를 소개함으로써, 디자인에 대한 새로운 접근과 이해를 시도한다. 저자는 디자인 선진국으로 평가되는 핀란드를 산책하며, 일상 속에 녹아 있는 디자인 생각과 문화를 통찰력 있는 시선으로 읽어낸다. 마치 '디자인은 오브제에서뿐 아니라 일상적인 주변 환경에서 찾아낼 수 있어야 한다'라는 자신의 말을 증명이라도 하려는 듯하다.",https://image.aladin.co.kr/product/441/76/cover500/8996188190_1.jpg, 안애경 지음, 나무[수,2010
예술,호모 무지쿠스,"뇌과학과 진화심리 분야의 가장 큰 이슈 가운데 하나는 '인간이 인간이 될 수 있었던 진화의 열쇠는 과연 무엇인가'이다. 이에 대해 대니얼 J. 레비틴은 <뇌의 왈츠>로 '음악적 뇌'라는 새로운 주장을 펼친 바 있다. 저자인 래비틴은 이 책에서 꼼꼼하고 재치 넘치는 사례들로 음악적 뇌, 즉 '음악 본능'이라는 자신의 주장을 구체화한다. 인간 진화의 미스터리를 풀 수 있는 열쇠는 음악뿐이라고 역설하며, 비틀즈, 스티비 원더를 인용하여 뇌과학을 음악본능으로 설명하는 책.",https://image.aladin.co.kr/product/600/7/cover500/8992053320_1.jpg, 대니얼 J. 레비틴 지음;장호연 옮김, 마티,2009
예술,(유홍준의)한국미술사 강의. 1: 선사·삼국·발해,"교양과 상식으로서 한국미술사를 이해하고자 하는 일반인과 미술사를 공부하는 학생들을 위한 입문서이다. 읽기 편하고 한국미술의 특징에 맞는 체제로 분류하고 미술사의 큰 틀에서 각 유물이 이해되도록 서술했다. 유물의 현장감을 살린 사진과 본래 모습이 잘 드러나는 사진, 발굴 당시의 사진을 곁들여 내용을 이해하는 데 도움이 되도록 했다.",https://image.aladin.co.kr/product/776/65/cover500/8990620449_1.jpg, 유홍준 지음, 눌와,2010
예술,(모든 그림 그리는 이들을 위한)석가의 해부학 노트,"저자 스스로가 해부학을 공부하면서 깨달았던 수많은 이야기들을 담고 있다. 생물학자나 의사의 관점이 아닌 그림쟁이의 관점으로 해부학이라는 어려운 학문을 색다르게 풀어냈다. 놀랍도록 생생한 일러스트들, 깊이 있는 내용을 지루하지 않게 풀어내는 카툰이 돋보인다.",https://image.aladin.co.kr/product/10129/30/cover500/8931579837_2.jpg, 석정현 지음, BM성안당,2017
예술,스포츠사회학,"일반적으로 스포츠심리학은 개인의 행위(behavior)와 관련된 인간 내면의 특성과 과정을 주요 대상으로 삼는다. 따라서 주로 동기, 지각, 인지, 자아 존중감, 자신감, 태도, 인성 등을 주로 다룬다.",https://image.aladin.co.kr/product/16598/41/cover500/8962064227_1.jpg," 박보현,한승백,탁민혁 [공]지음", 레인보우북스,2018
예술,그림이 보이고 경제가 읽히는 순간,자음과모음 청소년인문 10권. 미술이란 프리즘을 통해 쉽고 재미있게 경제를 들여다보는 경제학 입문서다. 중·고등학교에서 오랫동안 사회 과목을 가르쳐 온 저자가 청소년들이 경제를 어렵고 딱딱한 과목이 아니라 흥미롭고 친근한 학문으로 느끼도록 이끈다.,https://image.aladin.co.kr/product/18778/99/cover500/s102636117_1.jpg, 태지원 지음, 자음과모음,2019
예술,(사진으로 남기는)우리가족 행복 프로젝트,"사진을 마냥 좋아하고 가족을 아끼는 평범한 아빠가 쓴 사진책이다. 남편으로서 그리고 한 아이의 아빠로서 가족의 소중한 모습을 카메라에 담아온 지은이가, 일상 생활에서 해볼 수 있는 다양한 사진 촬영 아이디어를 소개한다.",https://image.aladin.co.kr/product/91/50/cover500/8991228372_1.jpg, 홍정우 지음, 영진미디어,2007
예술,아파트 공화국,대단지 아파트는 도시의 분열을 조장하고 사회적 관계를 단절시키는 주거 형태인가? 프랑스와는 달리 한국의 대단지 아파트는 미래에도 여전히 성공의 모델로 남을 것인가? 한국과 프랑스의 대단지 아파트에 대한 비교분석을 바탕으로 도시유형이 사회적 견고성에 대해 갖는 상관관계를 본격적으로 살폈다.,https://image.aladin.co.kr/product/88/7/cover500/899010632x_2.jpg, 발레리 줄레조 지음, 후마니타스,2007
예술,을지로순환선,그림으로 '이야기'하는 타고난 그림쟁이 최호철의 첫 작품집. 그의 그림은 만화와 회화의 경계에서 '현대 풍속화'라는 독특한 장르를 구현하고 있다. 풍경과 인물에 대한 세밀한 관찰은 겸재 정선의 진경산수나 김홍도의 풍속화를 떠올리게 한다. 작가의 10여년 작품 여정을 정리하고 그의 그림이 갖는 의미를 조망했다.,https://image.aladin.co.kr/product/183/56/cover500/8992479212_1.jpg, 최호철 지음, 거북이북스,2008
예술,행복의 작은 섬,프랑스의 만화가 크리스토프 샤부떼의 작품 과 두 작품을 한 권의 책으로 엮었다. 이 두 작품에는 어른들에게 상처 입은 여덟 살과 열두 살의 소년이 등장한다. 이 소년들은 낯선 세계에서 자신에게 따뜻함과 용기를 심어주는 사람들을 만나게 된다.,https://image.aladin.co.kr/product/68/27/cover500/8972785423_1.jpg, 크리스토프 샤부떼 지음;박정연 옮김, 청년사,2006
예술,만화의 이해 : 보이지 않는 예술,"만화에 대해 근본적이고 급진적으로 탐구한 이론서. 만화로 만화를 분석해 만화라는 장르가 보이지 않는 예술임을 보여준다. 단순한 이해를 뛰어넘어 만화의 정체성과 예술성, 그 정의와 영역에 대한 심도 깊은 논의를 펼치고 있다. 또한 만화 이론가이자 만화가인 저자의 친절하고 진지한 해설로 만화에만 국한되지 않는 대중예술 전반에 대한 오해와 편견을 벗긴다.",https://image.aladin.co.kr/product/230/80/cover500/8992607148_1.jpg, 스콧 맥클라우드 지음;김낙호 옮김, 비즈앤비즈,2008
예술,딸과 떠나는 국보 건축 기행,건축 평론가 이용재가 딸과 함께 우리나라 국보 건축물 기행을 떠났다. 건축을 건물로 파악하지 않고 인문학적으로 접근한다. 1만 킬로미터를 주행해 초고를 작성한 후 초고가 맞는지 확인하기 위해 다시 한 번 가는 절차를 거쳤다. 그 후 사진이 마음에 들지 않아 또 한 번 돌아 만들었다.,https://image.aladin.co.kr/product/257/37/cover500/8970419837_1.jpg, 이용재 지음, designhouse,2009
예술,사랑한다면 그림을 보여줘,"학고재 큐레이터이자 미술평론가로 활동하고 있는 공주형의 미술 이야기. 마흔여 명의 작가들의 그림을 컬러도판과 함께 소개한다. 자신의 삶 이야기와 문학, 미술을 넘나드는 상세한 설명을 통해 그림을 보는 새로운 시각과 삶을 돌아보는 계기를 전한다.",https://image.aladin.co.kr/product/52/93/cover500/8956250308_1.jpg, 공주형 지음, 학고재,2009
예술,음악가를 알면 클래식이 들린다,문화길라잡이 시리즈 4권. 서양 고전음악을 대표하는 작곡가 45인에 대한 인간미 넘치는 이야기들을 담은 책이다. 제목처럼 작품 이면에 숨어있는 작곡가들의 생애를 관통하여 저자가 수집한 자료들을 재미있게 분석하여 작품의 이해를 쉽게 할 수 있도록 하였다.,https://image.aladin.co.kr/product/1125/33/cover500/8985338382_1.jpg, 신동헌 지음, 서울미디어,2011
예술,(재미있는)음악사 이야기,문화길라잡이 시리즈 5권. 1997년 출간된 <재미있는 음악사 이야기>의 개정판. 자칫 지루해지기 쉬운 클래식 음악사를 재미있는 삽화와 함께 알기 쉽게 풀어 냈다. 인류 초기의 음악에서부터 난해한 현대 음악에 이르기까지 음악의 역사를 일목요연하게 정리하여 클래식 음악의 문외한일지라도 부담없이 쉽게 읽을 수 있다.,https://image.aladin.co.kr/product/1108/23/cover500/8985338390_1.jpg, 신동헌 지음, 서울미디어,2012
예술,(재미있는)우리 국악 이야기,"다양하고 섬세한 우리 음악인 국악의 요모조모를 넓고 깊게, 그리고 쉽게 담아낸 책이다. 국악의 두 가지 큰 갈래인 정악과 민속악의 특징을 설명하고, 각각에 속하는 음악을 쉽게 구분할 수 있도록 알기 쉽게 소개했다.",https://image.aladin.co.kr/product/67/41/cover500/8974832895_1.jpg, 이성재 지음, 서해문집,2010
예술,(The)Champion,18년 동안 한 해도 거르지 않고 발간해 온 국내 최고 · 최강의 유럽축구 가이드북 《The Champion》이 유럽 리그의 다양한 이적 소식과 선수 정보들을 담아 한층 더 새로워진 모습으로 돌아왔다. 2021년 9월 이적 시장까지 담은 국내 최초 완결판이다.,https://image.aladin.co.kr/product/27973/3/cover500/k362734022_2.jpg, 송영주 외 지음, 맥스미디어,2021
예술,동양 판타지 배경 그리는 법,페인팅 소프트웨어 「CLIP STUDIO PAINT」를 이용해 디지털 작업 환경에서 동양풍의 환상적인 배경 일러스트를 그리는 데 필요한 기법을 설명한다. 또한 저자 두 사람의 시점으로 본 「동양적인 세계」를 구축하는 요령과 방법을 아낌없이 공개한다.,https://image.aladin.co.kr/product/18834/52/cover500/k262635989_1.jpg," 조우노세,후지초코,카도마루 츠부라 지음;김재훈 옮김", 에이케이커뮤니케이션즈,2019
예술,명탐정 코난. 80,"흡혈귀 계획 사건, 피로 물든 예상밖의 진실은?! 어떤 의미(?)로는 하이바라 최대의 위기가 된 쿨 택배 사건, 세라의 과거를 살짝 알 수 있는 과일 열쇠 사건, 드디어 유미의 애인이 등장하는 유서 트릭 사건을 수록했다.",https://image.aladin.co.kr/product/26036/9/cover500/k412737955_1.jpg, Aoyamagosho 지음;이희정 번역, 서울미디어코믹스,2020
예술,명탐정 코난. 81,"코고로가 오랜만에 하드보일드 스타일로 푸는 다트바 사건, 세라의 비밀이 서서히 밝혀지는 외도 조사 사건, 그리고 세라와 쿄고쿠가 대치하는 가설 화장실 익사 사건을 수록했다.",https://image.aladin.co.kr/product/25515/2/cover500/k822633229_1.jpg, Aoyamagosho 지음;이희정 번역, 서울미디어코믹스,2020
예술,명탐정 코난. 90,FBI 아카이와 공안 아무로. 각자 다른 입장에서 정의를 짊어진 두 사람의 대립 속에 숨겨진 진상이 밝혀진다! 세라와 ‘영역 밖의 여동생’의 관계 등 검은 조직에 더욱 가까이 다가서는 에피소드가 가득! 그리고 헤이지와 카즈하의 연애 행방에도 변화가…?!,https://image.aladin.co.kr/product/26794/88/cover500/k312730587_1.jpg, Aoyamagosho 지음;이희정 번역, 서울미디어코믹스,2020
예술,명탐정 코난. 96,괴도 키드가 ‘페어리 립(요정의 입술)’을 노리며 핫토리 헤이지와 첫 대치! 쿄고쿠 마코토는 TV 드라마 현장에서 사건에 휘말리는데…?! 그리고 하이바라의 회상을 통해서 드러난 검은 조직에 대한 새로운 정보가?!,https://image.aladin.co.kr/product/25093/80/cover500/k632632959_1.jpg, Aoyamagosho 지음;오경화 번역, 서울미디어코믹스,2020
예술,명탐정 코난. 97,"코난, 모리 코고로, 아무로 토오루 그리고 와키타 카네모리. 이 기묘한 일행의 행선지는 나가노 산속에 있는 폐쇄된 성당. 그곳에서 기다리고 있던 것은 의문의 암호와 살인사건. 사건 도중, 코난은 'RUM'의 정체와 관련된 중요한 힌트를 아무로에게서 끌어내려 한다.",https://image.aladin.co.kr/product/23373/21/cover500/k622637113_1.jpg, Aoyamagosho 지음;오경화 번역, 서울미디어코믹스,2020
예술,명탐정 코난. 100,"연달아 발견되는 신원불명의 시체…범인은, 검은 조직. 적은 진, 워커, 키안티, 코른, 베르무트, 키르, 그리고 럼. 비길 데 없는 두뇌싸움의 결과로, 밝혀지는 것은…",https://image.aladin.co.kr/product/28683/34/cover500/k802836269_1.jpg, Aoyamagosho 지음;오경화 번역, 서울미디어코믹스,2022
예술,컬러＆라이트,색의 배합을 제시하거나 페인트 테크닉을 단계적으로 설명할 뿐인 수많은 미술서적과는 다르게 사실주의 화가가 되풀이하며 질문하던 의문에 답이 담겨있다. 사실주의 화가에게 있어 가장 기본적인 표현 도구인 색채와 빛에 관련된 풍부한 정보를 소개한다.,https://image.aladin.co.kr/product/2073/98/cover500/8996755117_2.jpg, 제임스 거니 지음 ;김덕진 옮김, AWBooks,2021
예술,나는 즐라탄이다,"시종일관 유쾌하면서도, 날카로운 독설과 감동적인 눈물을 담고 있는 보기 드문 자서전이다. 가난하고 소외된 이민자로서 성장하며 기적 같은 성공을 이뤄낸 이야기, 축구선수로서의 내적 갈등과 신념, 그리고 치열하고 감동적인 인생의 드라마가 마치 한 편의 소설처럼 그려지고 있다.",https://image.aladin.co.kr/product/4679/41/cover500/8959757357_2.jpg, 즐라탄 이브라히모비치;다비드 라게르크란츠 [공]지음;이주만 옮김, 한스미디어,2014
예술,춤추는 죽음. 1,유럽의 중세부터 근대에 이르기까지 미술작품 속에 들어있는 죽음의 미학을 탐구한 미술서. 15세기 프라안젤리코의 「성프란치스코의 죽음」에서부터 나치 수용소의 죽음을 그린 조란 무직의 「다카우」에 이루기까지 기독교를 중심으로 죽음에 대한 인식이 어떻게 바뀌어 왔고 미술작품이 어떤 형태로 이를 받아들여 왔는지를 설명한다.,https://image.aladin.co.kr/product/14/58/cover500/898407182x_1.jpg, 진중권 지음, 세종서적,2005
예술,춤추는 죽음. 2,유럽의 중세부터 근대에 이르기까지 미술작품 속에 들어있는 죽음의 미학을 탐구한 미술서. 15세기 프라안젤리코의 「성프란치스코의 죽음」에서부터 나치 수용소의 죽음을 그린 조란 무직의 「다카우」에 이루기까지 기독교를 중심으로 죽음에 대한 인식이 어떻게 바뀌어 왔고 미술작품이 어떤 형태로 이를 받아들여 왔는지를 설명한다. ...,https://image.aladin.co.kr/product/14/58/cover500/8984071838_1.jpg, 진중권 지음, 세종서적,2005
예술,넨도 디자인 이야기,전 세계 연 250개 이상 기업의 디자인을 맡아 매출 상승과 직결시킨 디자인 회사 넨도의 젊은 창업자 사토 오오키의 디자인 발상법과 회사 경영법을 소개한 책이다. 사토 오오키의 생생한 프로젝트 경험과 함께 발상법을 10가지로 압축해 들려준다.,https://image.aladin.co.kr/product/4404/61/cover500/8968570086_1.jpg, 사토 오오키;가와카미 노리코 [공]지음;정영희 옮김, 미디어샘,2014
예술,더 클래식. 하나: 바흐에서 베토벤까지,"본격적으로 어떤 곡, 어떤 음반을 들어야 할지 고민하는 독자들을 위한 친절한 안내서로, 바흐의 '무반주 첼로 모음곡'부터 베토벤의 '현악 4중주 16번 F장조'까지 바로크 후기에서부터 낭만주의 초입에 놓인 클래식 걸작 34곡이 담겨 있다.",https://image.aladin.co.kr/product/4112/52/cover500/8971996013_1.jpg, 문학수 지음, 돌베개,2014
예술,영화관에 간 클래식,"22편의 영화를 ‘실화에 기반한 영화’, ‘상상력을 자극하는 영화’, ‘히어로가 등장하는 영화’, ‘드라마틱한 영화’로 나누고, 각 테마에 맞춰 클래식을 소개한다. 간략한 줄거리 소개와 더불어 어떤 장면에서 어떤 클래식음악이 나오는지 등을 상세히 알려준다.",https://image.aladin.co.kr/product/21145/22/cover500/k502636883_1.jpg, 김태용 지음, 페이스메이커,2019
예술,"클래식, 비밀과 거짓말",클래식 음악 담당 기자로 오래 활동해온 유윤종 작가가 아름다운 음악 작품과 거장들에 얽힌 뒷이야기를 밝힌다. 일반적인 명곡 소개서나 음악사 개설서에서 만날 수 없는 스무 개의 화제를 수록했다.,https://image.aladin.co.kr/product/21193/72/cover500/8932474168_1.jpg, 유윤종 지음, 을유문화사,2019
예술,신들의 봉우리. 5,"8천 미터 고도에서 진한 시간의 의미를 알아버린 남자들의 뜨거운 대단원. 에베레스트 남서벽 동계 무산소 등정이라는 어마어마한 계획에 동참하게 된 후카마치는 무심결에 하부를 자극하는 말을 하고 만다. 그의 말이 하부에게 어떤 영향을 끼칠지 고민하는 후카마치. 하지만 시간을 흘러 이윽고 헤어져야 하는 지점에 다다랐다. 하부는 위로, 후카마치는 아래로… 그 순간 또다시 달아나려는 자신을 발견한 후카마치는 하강계획을 수정, 하부의 말대로 끝까지 그의 모습을 파인더에 담기로 결심한다.",https://image.aladin.co.kr/product/690/65/cover500/8959193194_1.jpg, 유메마쿠라 바쿠 원작;다니구치 지로 만화;홍구희 옮김, 애니북스,2010
예술,(하루하루 일기 쓰듯 그리는)사인펜 드로잉,"젠탱글부터 마인드스토밍, 사물, 풍경, 인물 드로잉 등 드로잉 기초 이론부터 포인트가 되는 드로잉 테크닉까지 담았다. 포토샵 합성법과 소품 만드는 법도 실어 하나의 작품을 다양하게 활용할 수 있다.",https://image.aladin.co.kr/product/21508/57/cover500/8969523693_1.jpg, 수지 지음, 경향BP,2019
예술,(진중권의)서양미술사. [1]: 인상주의편,미학과 미술사를 접목하여 고전미술과 현대미술 사이에 심연처럼 존재하는 19세기 미술을 들여다본다. 이 책은 고전미술을 해체하고 현대미술을 탄생시킨 19세기 미술의 흐름을 살펴본다.,https://image.aladin.co.kr/product/13142/74/cover500/k772532626_1.jpg, 진중권 지음, 휴머니스트,2018
예술,(가장 쉬운 독학)이세돌 바둑 첫걸음,바둑에 전혀 기초 지식이 없는 사람이라도 누구나 쉽게 따라할 수 있는 바둑 입문 도서이다. 세계적인 프로 바둑기사 이세돌 九단과 함께 바둑의 첫걸음을 시작해 보자.,https://image.aladin.co.kr/product/8865/34/cover500/k632535195_2.jpg, 이세돌 지음, 동양북스,2018
예술,미학의 기본 개념사,"이미 여러 번 번역됐지만, <미학의 기본 개념사>는 그 결정판에 버금간다고 할 수 있다. 역자가 개역을 하면서 공들인 흔적이 역력하게 드러나기 때문이다. 이렇게 해서 우리는 도서목록에 또 하나의 귀중한 텍스트를 추가하게 됐다. 이 책은 미학에 뜻을 품은 이라면 누구나 일독해야 할 가치로운 책임에 틀림없다.",https://image.aladin.co.kr/product/5/45/cover500/8986353261_2.jpg, w. 타타르키비츠 지음;손효주 옮김, 미술문화,2008
예술,예술발견!,"미술과 이를 관통하는 주체인 인간에 대한 살아있는 사유하기. <예술 발견!>은 여섯 개의 장에서 누구나 한 번쯤 해봤을 법한 예술에 대한 질문들을 제시하고, 이에 대한 답을 스스로 생각해 볼 수 있도록 구성되어 있다. 각 장에서 던지는 질문들에 대한 답을 ‘제시’하는 것이 아니라, 가능성 있는 답을 ‘제안’하고 있다.",https://image.aladin.co.kr/product/477/44/cover500/8991847676_1.jpg, 프랑크 슐츠 지음;심희섭 옮김, 미술문화,2009
예술,미술관에서 릴케를 만나다. 1,"고흐, 피카소, 강희안, 장욱진 등 동서를 대표하는 40명의 화가가 소개되어 있다. 그림 자체의 단순한 감상은 물론이고, 화가가 표현하고자 했던 욕망과 좌절, 꿈과 절망 등을 함께 다룬다.",https://image.aladin.co.kr/product/43/48/cover500/8950970430_1.gif, 이성희 지음, 컬처라인,2003
예술,과학으로 풀어보는 음악의 비밀,"음악에 얽힌 갖가지 궁금증들을 쉽고 재미있게 설명하면서, 매혹적인 음악의 세계로 안내한다. 음악의 과학 및 심리학과 관련된 문제들을 재치 있고 유쾌하게 설명하는 이 책에서, 저자는 일반 청자와 연주자들이 대개 모르고 지나치지만 음악을 이해하는 데 꼭 필요한 사실들을 알려준다.",https://image.aladin.co.kr/product/1539/30/cover500/8994015442_2.jpg, 존 파웰 지음;장호연 옮김, 뮤진트리,2012
예술,뮤지컬배우 20인에게 묻다,"현재 한국 뮤지컬계를 이끌고 있는 배우 중 왕성한 활동을 펼치고 있는 20인의 삶과 뮤지컬에 대한 이야기를 엮은 책이다. 400페이지를 훌쩍 뛰어넘는 분량 속에 배우 인터뷰는 물론 화려한 일러스트와 공연사진, 다양한 코너들이 알차게 채워져 있으며, 부록으로 수록된 뮤지컬 오디션에 관한 전문가들의 팁 또한 배우 지망생들에게 가장 실용적이고 생생한 가이드가 되어 줄 것이다.",https://image.aladin.co.kr/product/777/9/cover500/8996428000_1.jpg, 이수근;고희은 [공]지음, 수필름,2010
예술,(Updated) 포트폴리오 이렇게 만든다,"1998년에 출간된 <포트폴리오 이렇게 만든다>의 완전 개정판. 이번 개정판에서는 새로운 매체와 기술의 등장, 그리고 디자인 시장의 세계화 등의 흐름을 충분히 반영하였다. 디자인 분야뿐만 아니라 일러스트레이션, 사진, 순수 미술 등 비주얼 분야에서 공부하거나 일하는 사람들에게 포트폴리오를 준비하는 방법을 가르쳐주는 최고의 전문서이다.",https://image.aladin.co.kr/product/1410/41/cover500/8970415696_1.jpg, 케이트 캘드웰 지음;김윤경;윤성은 [공]옮김, 디자인하우스,2011
예술,야구 읽어주는 남자,"초보팬을 위한 눈물 나게 친절한 야구 입문서이자, 덕후팬을 눈물 쏙 빠지게 웃기는 야구 개념서 등장! 야구장 처음 가는 팬이 쉽게 읽고 따라할 수 있는 야구장 알짜 정보, 야구 중계 볼 때 꼭 필요한 초급 야구 규칙 A to Z를 담아냈다.",https://image.aladin.co.kr/product/1652/34/cover500/8964808185_1.jpg, 이민호;안승호;남혜영 [공]지음, 로그인,2012
예술,친절한 우리 문화재 학교,"그동안 어린이는 물론 어른에게도 친숙하지 못했던 각종 문화재들을 알기 쉽게 그 한자 이름을 풀어서 소개하고 있는 책. 풍부한 일러스트와 사진, 연계해서 함께 보면 좋을 초등 사회교과서 과정 등도 소개한다.",https://image.aladin.co.kr/product/91/99/cover500/8955820712_1.jpg, 이재정 지음;신명환 그림, 길벗어린이,2007
예술,만화가 사랑한 미술,"미술 작품을 닮은, 혹은 차용하거나 패러디한 한국 만화들을 살폈다. 미켈란젤로에서 바스키아까지, 쟁쟁한 거장들의 그림과 국내 작가들의 만화를 비교해 읽은 것. 본문에 소개되는 우리 작가들의 작품들에는 신선한 발상과 아이디어가 넘친다.",https://image.aladin.co.kr/product/170/15/cover500/8961960040_1.jpg, 박창석 지음, 아트북스,2008
예술,걸어서 30분. 2,"자신보단 상대방의 감정을 먼저 생각하는 위성은, 힘든 일이 생겨도 털어놓지 못하고 친구들의 기분을 먼저 살피지만 구봉이 앞에선 다르다! 소율과 현준에게도 말하지 못한 걱정, 고민, 깊은 속마음까지 자연스레 털어놓는다.",https://image.aladin.co.kr/product/25503/91/cover500/k242633027_1.jpg, 이온도 지음, 영컴,2020
예술,걸어서 30분. 3,구봉과 함께 집에 가기 위해 노력하는 성은의 마음을 외면하듯 타이밍은 자꾸만 어긋난다. 구봉이도 성은과 함께 집에 가는 이 시간을 기다릴까? 혹시나 구봉이 자신을 피하는 게 아닌지 불안한 성은은 과거 한 친구와 사이가 틀어졌던 일까지 떠올라 심란하다.,https://image.aladin.co.kr/product/27144/12/cover500/k062731447_1.jpg, 이온도 지음, Young Com,2021
예술,걸어서 30분. 6,동생들을 데리러 가기 위해 자주 만나는 구봉과 진영이 신경쓰이는 성은. 우연히 길을 잃은 두 사람의 동생들을 만나게 되고 구봉과 진영이 올 때까지 동생들과 함께 시간을 보내게 된다.,https://image.aladin.co.kr/product/30176/31/cover500/k142839794_1.jpg, 이온도 지음, Young Com,2022
예술,무빙. 1: 응원할게 뭘 응원해 너,"‘웹툰’이라는 새로운 문화의 창시자이자 해마다 새로운 작품을 발표하는 근면성실한 천재 만화가 강풀의 열두 번째 장편만화. 치밀한 복선이 돋보이는 구성, 매 화마다 울컥하게 만드는 감동적인 스토리, ‘액션만화’의 생동감이 살아 있는 작화 등으로 강풀 만화의 정점을 찍었다고 평가받고 있다.",https://image.aladin.co.kr/product/8105/71/cover500/896086921x_2.jpg, 강풀 지음, 위즈덤하우스,2016
예술,메가 샤크 터미네이터,거대 상어 메가샤크 VS 거대 로봇 콜로서스 극한의 사투가 펼쳐진다!,https://image.aladin.co.kr/product/13535/78/cover500/d972837298_1.jpg, 크리스토퍼 레이 감독, 미디어포유,2018
예술,블레이드 러너 2049,,https://image.aladin.co.kr/product/12625/55/cover500/d772739968_1.jpg, 드니 빌뇌브 감독, 소니픽쳐스,2018
예술,하이큐. [1]: 끝과 시작,슬램덩크를 이을 단 하나의 하이틴 고교 배구 애니메이션 <하이큐!! 끝과 시작>,https://image.aladin.co.kr/product/10924/86/cover500/d912735932_1.jpg, 미츠나카 스스무 감독, 아이브엔터테인먼트,2017
예술,나빌레라. 1,'진짜 이야기'에 목말라 있던 이들의 갈증을 풀어주고 있는 화제의 웹툰 <나빌레라> 단행본이다. <은밀하게 위대하게> HUN 작가의 인간미 넘치는 스토리와 지민 작가의 사실적이면서 섬세한 그림이 어우러져 가슴 뭉클한 감동과 공감을 선사한다.,https://image.aladin.co.kr/product/11111/66/cover500/8960863742_1.jpg, HUN 글;지민 그림, 위즈덤하우스,2021
예술,나빌레라. 2,"'진짜 이야기'에 목말라 있던 이들의 갈증을 풀어주고 있는 화제의 웹툰 <나빌레라> 단행본이다. 발레를 소재로 하고 있지만, 공감을 일으키는 다양한 상황 속에 나의 이야기이자 나의 가족의 이야기, 나의 주변의 이야기를 담고 있다.",https://image.aladin.co.kr/product/11111/70/cover500/8960863750_1.jpg, HUN 글;지민 그림, 위즈덤하우스,2020
예술,나빌레라. 4,'진짜 이야기'에 목말라 있던 이들의 갈증을 풀어주고 있는 화제의 웹툰 <나빌레라> 단행본이다. <은밀하게 위대하게> HUN 작가의 인간미 넘치는 스토리와 지민 작가의 사실적이면서 섬세한 그림이 어우러져 가슴 뭉클한 감동과 공감을 선사한다.,https://image.aladin.co.kr/product/11703/54/cover500/8960863777_1.jpg, HUN 글;지민 그림, 위즈덤하우스,2020
예술,겁내지 않고 그림 그리는 법,"53만 구독자에게 그리는 삶을 선물한 이연이, <겁내지 않고 그림 그리는 법>을 통해 더 많은 시작을 응원하려 한다. 글과 그림, 영상으로 꾸준히 전해왔던 진심을 책 한 권에 눌러 담았다. 이 책을 읽는다고 해서 그림 실력이 일취월장하는 마법 따위는 일어나지 않을 것이다. 하지만 마지막 장을 덮을 때쯤에는 망설여왔던 첫걸음을 뗄 수 있으리라.",https://image.aladin.co.kr/product/26722/32/cover500/k282730189_2.jpg, 이연 지음, 미술문화,2020
예술,1일 1클래식 1기쁨,"불후의 고전부터 현대에 이르기까지, 이 책은 매일 한 곡 클래식 음악을 들려준다. 그리고 그에 얽힌, 천일야화처럼 흥미진진한 이야기가 한 편씩 실려 있다. 어떤 날은 단 한 줄로, 어떤 날은 아름다운 시 한 편으로, 또 어떤 날은 본격적으로 음악사를 이야기한다.",https://image.aladin.co.kr/product/22453/2/cover500/k392636429_1.jpg, 클레먼시 버턴힐 지음;김재용 옮김, 윌북,2020
예술,1일 1클래식 1기쁨,"불후의 고전부터 현대에 이르기까지, 이 책은 매일 한 곡 클래식 음악을 들려준다. 그리고 그에 얽힌, 천일야화처럼 흥미진진한 이야기가 한 편씩 실려 있다. 어떤 날은 단 한 줄로, 어떤 날은 아름다운 시 한 편으로, 또 어떤 날은 본격적으로 음악사를 이야기한다.",https://image.aladin.co.kr/product/22453/2/cover500/k392636429_1.jpg, 클레먼시 버턴힐 지음;김재용 옮김, 윌북,2020
예술,그림의 힘,"명화 보기의 새로운 흐름을 만든 『그림의 힘』 리커버 개정판이 출간되었다. 사이즈를 줄여 휴대성을 높이는 한편 그림을 편하게 감상할 수 있도록 본문을 구성했다. 빈센트 반 고흐, 바실리 칸딘스키, 앙리 마티스 등 시대의 화가들이 남긴 말을 디자인한 페이지를 명화 사이사이에 넣어 보는 즐거움을 더했다.",https://image.aladin.co.kr/product/25064/79/cover500/k652632757_1.jpg, 김선현 지음, 에이트포인트,2020
예술,하이큐!!. 29: 발견하다,"전국대회 예선에 대비해 맹훈련을 실시하는 카라스노 배구부. 하지만 예선의 같은 블록 안에는 아오바조사이, 그리고 인연 깊은 ‘철벽’ 다테공고가 가로막고 있다. 상대가 누구든 눈앞의 일전을 잡기 위해 나간다. 신생 카라스노 배구부, 마침내 출진.",https://image.aladin.co.kr/product/13372/68/cover500/k032532007_1.jpg, 후루다테 하루이치 지음;강동욱 옮김, 대원씨아이,2017
예술,하이큐!!. 30: 실연,"전국대회 예선에 대비해 맹훈련을 실시하는 카라스노 배구부. 하지만 예선의 같은 블록 안에는 아오바조사이, 그리고 인연 깊은 ‘철벽’ 다테공고가 가로막고 있다. 상대가 누구든 눈앞의 일전을 잡기 위해 나간다. 신생 카라스노 배구부, 마침내 출진.",https://image.aladin.co.kr/product/14508/15/cover500/k552532440_1.jpg, 후루다테 하루이치 지음;강동욱 옮김, 대원씨아이,2018
예술,하이큐!!. 36: 나의 승리,"전국대회 예선에 대비해 맹훈련을 실시하는 카라스노 배구부. 하지만 예선의 같은 블록 안에는 아오바조사이, 그리고 인연 깊은 ‘철벽’ 다테공고가 가로막고 있다. 상대가 누구든 눈앞의 일전을 잡기 위해 나간다. 신생 카라스노 배구부, 마침내 출진.",https://image.aladin.co.kr/product/19474/30/cover500/k032635720_1.jpg, 후루다테 하루이치 지음;강동욱 옮김, 대원씨아이,2019
예술,하이큐!!. 42: 무엇,"전국대회 예선에 대비해 맹훈련을 실시하는 카라스노 배구부. 하지만 예선의 같은 블록 안에는 아오바조사이, 그리고 인연 깊은 ‘철벽’ 다테공고가 가로막고 있다. 상대가 누구든 눈앞의 일전을 잡기 위해 나간다. 신생 카라스노 배구부, 마침내 출진.",https://image.aladin.co.kr/product/24487/49/cover500/k942630133_1.jpg, 후루다테 하루이치 지음;강동욱 옮김, 대원씨아이,2020
예술,하이큐!!. 43: 최종보스,"전국대회 예선에 대비해 맹훈련을 실시하는 카라스노 배구부. 하지만 예선의 같은 블록 안에는 아오바조사이, 그리고 인연 깊은 ‘철벽’ 다테공고가 가로막고 있다. 상대가 누구든 눈앞의 일전을 잡기 위해 나간다. 신생 카라스노 배구부, 마침내 출진.",https://image.aladin.co.kr/product/25120/46/cover500/k162633177_1.jpg, 후루타테 하루이치 지음;강동욱 옮김, 대원씨아이,2020
예술,수집의 세계,약 50년간 한결같은 마음으로 수집을 해온 한 수집가가 자신의 수집 노하우를 공개하고 실패담을 공유함으로써 예술품 수집을 성공에 이르게 하는 조언을 담았다. 또한 전문가적인 관점에서 현대 미술시장의 흐름을 읽고 경영학적 측면에서 예술을 분석했다.,https://image.aladin.co.kr/product/26700/6/cover500/k612730983_1.jpg, 문웅 지음, 교보문고,2021
예술,(유현준의)인문 건축 기행,건축가 유현준이 감명받거나 영감을 얻은 30개의 건축물을 소개한다. 이 작품들을 설계한 건축가들은 수백 년 된 전통을 뒤집거나 비트는 혁명적인 생각으로 건축의 새로운 시대를 열었다.,https://image.aladin.co.kr/product/31704/67/cover500/8932474893_1.jpg, 유현준 지음, 을유문화사,2023
예술,(Win-Q)사진기능사,"수험생의 단기간 학습효율을 높이기 위해 Part 1은 핵심이론+핵심예제, Part 2는 과년도+최근 기출복원문제, Part 3은 실기(작업형)로 구성하였다.",https://image.aladin.co.kr/product/29839/29/cover500/k502838824_1.jpg, 하지석 편저, 시대고시기획,2023
예술,"사진, 빛으로 그린 이야기","포토그래퍼 이강신 작가가 들려주는 20년 내공 포토 스토리. 저자가 사진을 찍어오면서 느낀 것들을 공유하고, 아주 기본적인 부분을 조금만 보충해주면 충분히 좋은 사진을 찍을 수 있는 사진가의 ‘시선’에 도움을 준다.",https://image.aladin.co.kr/product/29507/66/cover500/k732837240_1.jpg, 이강신 저, 종이향기,2022
예술,음악 여행자의 책,"영원한 음악 여행자, 엑토르 베를리오즈가 음악을 중심으로 그의 삶을 회상한 기록들과 여행길에 음악 동료들에게 보낸 편지로 구성된 책이다. 프랑스 낭만주의를 대표하는 혁신적인 곡들을 탄생시킨 그의 삶이 고스란히 담겨 있다.",https://image.aladin.co.kr/product/2479/70/cover500/8997972030_2.jpg, 엑토르 베를리오즈 지음;어은정;홍문우 [공] 옮김, 봄아필,2013
예술,지금 이대로 괜찮은 걸까?,일본 30대 싱글 여자들의 정신적 지주인 만화가이자 일러스트레이터인 마스다 미리! 이제 그녀는 여자만화 3종 시리즈 시즌 1을 통해 국내 여자들의 마음을 어루만져준 ‘만나고 싶은 언니’가 되었다. 그런 그녀의 대표 만화인 ‘수짱 시리즈’ 전권이 이번에 출간되었다.,https://image.aladin.co.kr/product/2865/70/cover500/895462183x_2.jpg, 마스다 미리 지음;박정임 옮김, 이봄,2013
예술,엉뚱화가 달리와 떠나는 황당한 미술사 여행,예비중학생을 위한 지식교양서 시리즈 1권. 초등학교 고학년과 중학생을 대상으로 어렵게만 느껴지는 미술사를 아이들의 눈높이에 맞게 현직 중학교 미술교사가 스토리텔링을 통해 쉽게 풀어쓴 책이다.,https://image.aladin.co.kr/product/2648/24/cover500/8967990162_1.jpg, 이경현;은하수 [공] 지음;이정헌 그림, 스코프,2013
예술,(과학 원리로 재밌게 풀어 본) 건축물의 구조 이야기,다양한 사물과 세계의 걸작 건축물의 구조를 들여다보며 그 속에 어떤 과학 원리가 담겨 있는지 알아본다. 과학의 원리가 담긴 건축물의 구조에 관한 궁금증을 가진 한 학생의 질문에 멘토가 답을 해주는 형식으로 구성되어 있다.,https://image.aladin.co.kr/product/2587/87/cover500/8955882459_1.jpg, 미셸 프로보스트 지음;필리프 드 케메테르 그림;김수진 옮김, 그린북,2013
예술,그래서 이런 명화가 생겼대요,"이집트 「사자의 서」부터 앤디 워홀의 「마릴린 먼로」까지 동서양의 명화 78점을 골고루 담았다. 다른 어린이 명화책에서 잘 보지 못했던 이집트, 인도, 일본 미술 등도 담아 다양한 명화를 보는 재미를 더했다.",https://image.aladin.co.kr/product/2631/75/cover500/896222528x_1.jpg, 우리누리 지음 ;서은경 그림, 길벗스쿨,2013
예술,골프 입문 & 스윙의 정석,"원골프 매뉴얼 시리즈 제1권. 원골프의 이론과 스윙의 정석을 다루고 있다. 특히 골프에 입문하는 분들이 골프의 전 과정을 쉽게 이해할 수 있도록 기초 내용을 세세하게 풀어 썼으며, 경력이 오래된 골퍼도 골프를 재점검할 수 있도록 다양한 사진과 예시를 수록했으므로 ‘골프 대백과사전’이라고 할 수 있다.",https://image.aladin.co.kr/product/1573/11/cover500/8996826626_1.jpg, 이근택 외 저, 골프아카데미,2012
예술,스윙 타법 & 비거리 늘리기,원골프 매뉴얼 시리즈 제2권. 스윙 타법의 기본 원칙과 다양성을 자세한 그림으로 보여 주고 있다. 이 책을 읽다 보면 비거리는 정확한 자세에서 나온다는 것을 이해할 수 있을 것이다.,https://image.aladin.co.kr/product/1573/16/cover500/8996826642_1.jpg, 이근택 외 저, 골프아카데미,2012
예술,퍼팅 & 숏게임,"원골프 매뉴얼 시리즈 제3권. 저자 13인의 노하우를 충분히 살려, 초보자나 경력자나 할 것 없이 특히 어렵다고 느끼는 퍼팅과 숏게임을 편안하게 풀어 나가는 법을 설명하고 있다.",https://image.aladin.co.kr/product/1573/28/cover500/8996826650_1.jpg, 이근택 외 저, 골프아카데미,2012
예술,이 문제 풀 수 있겠어?,"출간 직후 영국 아마존 분야 베스트셀러에 올랐고, ‘최고의 퍼즐북’이라는 찬사를 들으며 퍼즐 마니아들에게 희열을 선사했다. 고대 중국, 중세 유럽, 빅토리아 시대 영국, 근대 일본까지 여러 시대와 장소에서 유래한 두뇌 게임 퍼즐을 새롭게 각색해 보여주며 독자들의 흥미를 불러일으킨다.",https://image.aladin.co.kr/product/16423/99/cover500/k272533649_1.jpg, 알렉스 벨로스 지음;김성훈 옮김, 북라이프,2018
예술,(루이스 수아레스 자서전)루이스 수아레스,"루이스 수아레스는 다 쓴 전화카드를 주우러 다니던 거리의 소년에서 가장 화려한 무대에 선 축구 선수가 되기까지의 흥미진진한 개인사와 축구 인생은 물론, 때로는 도를 넘게 만드는 포기할 줄 모르는 저돌적인 태도에 대해 진솔하게 풀어낸다.",https://image.aladin.co.kr/product/6448/20/cover500/8997125834_1.jpg, 루이스 수아레스 지음;피터 젠슨;시드 로위 [공]도움;정지현 옮김, 싸이프레스,2015
예술,바람만이 아는 대답,"뮤지션 밥 딜런의 삶의 여정과 내면 고백을 담은 책이다. 가수 겸 작곡가의 꿈을 안고 뉴욕에 진출, 맨해튼에서 무명가수로 고생하던 시절의 일화, 창작과 영감에 관한 이야기를 들려주면서 자신과 예술을 지금의 자리에까지 이끌어 준 사람들과 장소들에 대해 회고한다.",https://image.aladin.co.kr/product/668/36/cover500/897075492x_2.jpg, 밥 딜런 지음;양은모 옮김, 문학세계사,2011
예술,스물이 되기 전에,"생각나무 ART 시리즈 22권. 국내에서 미학과 민속학 등을 강의했고, 지금은 14년째 영국에 머물며 문화예술사와 동.서양 미학을 연구하는 미술사학자인 저자가 명화, 문학, 대중음악, 클래식 명곡, 영화 등 5가지 분야에서 스무 살이 되기 전에 보고 듣고 읽으면 좋은 작품을 각각 10개씩 선정해 소개한다. 그리고 각 작품이 지니는 문화사적 의미와 함께 어떤 면에서 감성 발달에 도움이 되는지 풀어준다.",https://image.aladin.co.kr/product/863/84/cover500/8964601173_1.jpg, 전하현 지음, 생각의나무,2011
예술,자연미술관을 걷다,"유명 미술관 코스에 싫증난 이들, 한가로운 미술관 여행을 꿈꾸는 이들을 독일과 네덜란드의 국경에 자리한, 라인강 주변 자연미술관 12곳으로 안내한다. 저자가 지난 10년간 직접 다닌 미술관 여행을 바탕으로, 여느 여행서에서도 쉽게 찾을 수 없는 비밀 루트를 공개한다.",https://image.aladin.co.kr/product/3764/7/cover500/8961961659_1.jpg, 이은화 지음, 아트북스,2014
예술,(철학자 하일성의)야구 몰라요 인생 몰라요,"대한민국 야구해설의 원조, 하일성. 야구해설이라고 하면 누구나 가장 먼저 하일성을 떠올릴 수 있을 정도로 그는 명실 공히 대한민국 대표 야구해설가이다. 이 책은 삶의 밑바닥에서 최정상까지, 그리고 죽음을 극복하며 깨달은 달관의 경지를 보여주는 하일성의 인생철학이 담긴 책이다.",https://image.aladin.co.kr/product/3260/91/cover500/8962620758_2.jpg, 하일성 지음;박태옥 정리, 동아시아,2013
예술,풍경류행,섬세하고 밀도 있는 풍경의 기록들을 담은 책이다. 저자는 시간에 쫓기지 않는 유랑자의 넉넉한 시선과 느릿한 발걸음으로 여행자라면 지나쳐버렸을 풍경의 그늘진 구석까지 놓치지 않고 우리네 삶과 교감하는 풍경의 의미를 세밀하게 포착해낸다.,https://image.aladin.co.kr/product/2971/64/cover500/8958721219_1.jpg, 백진 지음, 효형,2013
예술,조선 미술관,"문화 절정기 조선의 풍속화와 궁중기록화를 한 권에 담아낸 책이다. 신윤복, 정선, 김홍도를 비롯한 조선의 천재 화가들 7인의 작품과 더불어 태평성대를 누린 숙종과 영조대의 기록화첩도 소개하고 있어 보는 즐거움이 배가 되는 특별한 미술책이다.",https://image.aladin.co.kr/product/31132/76/cover500/896833417x_1.jpg, 탁현규 지음, 블랙피쉬(백도씨),2023
예술,나를 위한 하루 그림,"계절에 따라 봄(3.4.5월), 여름(6.7.8월), 가을(9.10.11월), 겨울(12.1.2월)로 4개의 장으로 나누어, 매달 10점씩 계절감에 맞는 그림들을 소개한다. 네이버 블로그에서 2008년부터 4년 연속으로 ‘파워블로거’로 선정된 저자가 따뜻한 시선으로 골라낸 그림들이 작은 위로와 격려를 안긴다.",https://image.aladin.co.kr/product/1593/17/cover500/8961961055_1.jpg, 선동기 지음, 아트북스,2012
예술,사진철학의 풍경들,"칸트, 헤겔, 하이데거, 벤야민, 들뢰즈, 롤랑 바르트 등 철학의 거장들과 수전 손택, 존 버거, 지젤 프로인트, 다이안 아버스, 마이클 케나 등 사진연구자, 위대한 사진작가들과 함께 사진과 철학의 접점에서 솟아나는 질문들에 대해 사유한다. 사진을 중심에 두고 일어날 수 있는 여러 가지 철학적 사유들에 대해 깊이 탐색해보고자 시도한 책이다.",https://image.aladin.co.kr/product/1257/89/cover500/8927802268_2.jpg, 진동선 지음, 문예중앙,2012
예술,(지구별여행사진가 김원섭의)사진 잘 찍는 법,"실전에서 꼭 필요한 사진 기술과 500여 장의 매력적인 여행사진이 잘 어우러진 실용적이면서도 아름다운 사진책. 노출, 조리개, 초점, 렌즈 사용법 등 기본적으로 알아야 할 테크닉뿐만 아니라 빛을 보는 법, 구성하는 법, 프레이밍 하는 법, 색을 사진에 담는 법 등 사진 고수가 되기 위한 실전 노하우를 담고 있다.",https://image.aladin.co.kr/product/764/93/cover500/8960601756_1.jpg, 김원섭 지음, 소울메이드,2011
예술,세상 그 어떤 것도 나를 흔들 수 없다,"모두가 그의 무대가 될 거라 믿었던 한일월드컵의 최종 엔트리 탈락. 4년 뒤, 월드컵 본선을 2개월 남겨두고 당한 부상. 2009년 다시 시작된 서른 살의 잔치. 살아 있는 K리그 스트라이커의 전설로 고난과 역경을 이겨낸 이동국의 인생을 담은 책이다.",https://image.aladin.co.kr/product/2394/14/cover500/8997234129_1.jpg, 이동국 지음, 나비의활주로,2013
예술,미생. 1: 착수,"2012년 1월 20일 Daum 만화속세상에 첫선을 보인 이후 최장기간 평점 1위를 고수 중인 『미생』은 ‘만화가 아닌 인생 교과서’, ‘직장생활의 교본’, ‘샐러리맨 만화의 진리’ 등으로 불리며 연일 SNS를 뜨겁게 달구고 있다.",https://image.aladin.co.kr/product/1906/92/cover500/8960865567_3.jpg, 윤태호 지음, 위즈덤하우스,2013
예술,미생. 2: 도전,"2012년 1월 20일 Daum 만화속세상에 첫선을 보인 이후 최장기간 평점 1위를 고수 중인 『미생』은 ‘만화가 아닌 인생 교과서’, ‘직장생활의 교본’, ‘샐러리맨 만화의 진리’ 등으로 불리며 연일 SNS를 뜨겁게 달구고 있다.",https://image.aladin.co.kr/product/1906/95/cover500/8960865591_1.jpg, 윤태호 지음, 위즈덤하우스,2013
예술,미생. 3: 기풍,"2012년 1월 20일 Daum 만화속세상에 첫선을 보인 이후 최장기간 평점 1위를 고수 중인 『미생』은 ‘만화가 아닌 인생 교과서’, ‘직장생활의 교본’, ‘샐러리맨 만화의 진리’ 등으로 불리며 연일 SNS를 뜨겁게 달구고 있다.",https://image.aladin.co.kr/product/2090/8/cover500/8960865729_1.jpg, 윤태호 지음, 위즈덤하우스,2013
예술,(메이저리그 124승의 신화)박찬호,메이저리그 동양인 투수 최초의 124승을 이뤄낸 박찬호 최초의 평전. 국내 최고의 야구전문기자로 손꼽히는 민훈기 기자가 박찬호의 야구 인생에서 의미가 깊은 승리를 통해 우리나라 최초의 메이저리그 투수의 여정을 따라간 책이다.,https://image.aladin.co.kr/product/2394/11/cover500/8947529028_2.jpg, 민훈기 지음, 한국경제신문,2013
예술,서양음악사,"2007년 출간된 <서양음악사>의 개정판. 서양음악의 역사를 그 시대의 사회사, 문화사적 관점에서 다루고 있는 책이다. 기존 판본에는 없던 색인을 추가하고, 컬러감을 더해 텍스트와 이미지를 새로이 편집함으로써 가독성을 높였다.",https://image.aladin.co.kr/product/2469/99/cover500/8966850650_1.jpg, 민은기 지음, 음악세계,2013
예술,(모차르트와)음악적 상상력,,https://image.aladin.co.kr/product/185/11/cover500/8981057338_1.jpg, 민은기 편, 음악세계,2008
예술,음악과 페미니즘,"음악에 있어 여성과 관련된 문제를 포괄적으로 다루고 있는데, 예를 들어 한 여성이 음악가가 되기 위해 어떤 교육을 받는지, 그 과정에서 어떤 편견과 성역할에 부딪히게 되는지, 또 그러한 현실을 낳게 한 사회의 모순들은 어떠한 것인지 하는 것들을 쉽게 풀어쓰고 있다.",https://image.aladin.co.kr/product/24/98/cover500/8981052980_2.jpg, 민은기 지음, 音樂世界,2009
예술,음악의 기쁨. 1,작곡가이자 음악학자인 롤랑 마뉘엘과 피아니스트 나디아 타그린이 3년 동안 매주 일요일 라디오 프랑스에서 음악에 대해 나눈 대화를 옮긴 책이다. 독자들이 음악예술에 좀더 가깝게 다가가도록 돕는 ‘기본에 충실한’ 클래식 음악서이다.,https://image.aladin.co.kr/product/27653/4/cover500/s672733038_1.jpg, 롤랑 마뉘엘 지음;이세진 옮김, 북노마드,2014
예술,음악의 기쁨. 2: 베토벤까지의 음악사,작곡가이자 음악학자인 롤랑 마뉘엘과 피아니스트 나디아 타그린이 3년 동안 매주 일요일 라디오 프랑스에서 음악에 대해 나눈 대화를 옮긴 책이다. 2권에서는 서양음악사가 뿌리내리고 발전해왔던 유럽악파의 지형도를 그려보고 그 역사 속 예술가들의 이야기에 집중한다.,https://image.aladin.co.kr/product/3972/82/cover500/8997835521_1.jpg, 롤랑 마뉘엘 지음;이세진 옮김, 북노마드,2014
예술,음악의 기쁨. 3: 베토벤에서 현대음악까지,작곡가이자 음악학자인 롤랑 마뉘엘과 피아니스트 나디아 타그린이 3년 동안 매주 일요일 라디오 프랑스에서 음악에 대해 나눈 대화를 옮긴 책이다. 3권 ‘베토벤에서 현대음악까지’는 오늘날 많이 접할 수 있는 음악을 다룬다.,https://image.aladin.co.kr/product/4910/6/cover500/899783570x_1.jpg, 롤랑 마뉘엘 지음;이세진 옮김, 북노마드,2015
예술,(읽기만 하면 내 것이 되는)1페이지 미술 365,"매일 1페이지씩, 세계 명화 365점과 함께 미술의 모든 지식을 단 한 권으로 만날 수 있는 책이다. 월요일부터 일요일까지 명작, 미술사, 화가, 장르·기법, 미술로 보는 세계사, 스캔들·미스터리, 신화·종교 총 일곱 분야의 지식을 다루고 있어 꼭 알아야 할 미술 교양을 빠짐없이 쌓을 수 있다.",https://image.aladin.co.kr/product/25834/32/cover500/k582736433_1.jpg, 김영숙 지음, 비에이블,2020
예술,(읽기만 하면 내 것이 되는)1페이지 미술 365,"매일 1페이지씩, 세계 명화 365점과 함께 미술의 모든 지식을 단 한 권으로 만날 수 있는 책이다. 월요일부터 일요일까지 명작, 미술사, 화가, 장르·기법, 미술로 보는 세계사, 스캔들·미스터리, 신화·종교 총 일곱 분야의 지식을 다루고 있어 꼭 알아야 할 미술 교양을 빠짐없이 쌓을 수 있다.",https://image.aladin.co.kr/product/25834/32/cover500/k582736433_1.jpg, 김영숙 지음, 비에이블,2020
예술,나는 공부하러 박물관 간다,"의 개정판. 이번 개정판은 눈을 편안하게 해주는 황갈색을 더해 새롭게 편집하고, 누구나 쉽게 읽을 수 있도록 글을 다듬고 수정해 1부 '아름다움과의 만남', 2부 '옛 사람의 멋과 향기'로 나누어 67편의 글과 사진을 모았다.",https://image.aladin.co.kr/product/44/29/cover500/8986361906_1.gif, 이원복 지음, 효형출판,2009
예술,(상식으로 꼭 알아야 할)서양 음악사,"자칫 딱딱할 수 있는 서양의 음악사를 시대별로 나누어 지난 수천 년 동안 인간과 함께해 온 음악 이야기로 구성하였으며, 음악사의 큰 흐름을 이해할 수 있다. 본문의 내용에 알맞은 그림과 도표 등으로 시각적으로 보는 즐거움을 주었다.",https://image.aladin.co.kr/product/371/52/cover500/8958971665_2.jpg, 오카다아케오 지음;이진주 옮김, 삼양미디어,2009
예술,(최고 전문가들의 관전 안내)메이저리그 가이드 2018,"김선우 해설위원을 비롯해서, 허구연 해설위원, 장예인 아나운서, 이인환 캐스터, 이석재 센터장 등 방송을 통해 메이저리그를 대한민국에 소개하고 있는 사람들의 인터뷰를 실어 그들이 추천하는 ‘메이저리그를 즐기는 방법’을 소개한다.",https://image.aladin.co.kr/product/13865/54/cover500/k302532323_1.jpg, 배중현 [외]지음, 하빌리스,2018
예술,(궁궐로 떠나는 힐링여행) 경복궁,"서울에는 다섯 궁궐(경복궁, 창덕궁, 창경궁, 덕수궁, 경희궁)이 있고, ‘궁궐로 떠나는 힐링여행’ 그 첫 번째로 시작하는 경복궁 여행은 세종로 광화문 광장에서부터 출발함으로써 우리의 역사인식을 새롭게 제고하고 있으며, 우리의 메마른 감성을 일깨우고 있다.",https://image.aladin.co.kr/product/2586/88/cover500/8998259028_1.jpg, 이향우 글.그림, 인문산책,2013
예술,미생. 7: 난국,"2012년 1월 20일 Daum 만화속세상에 첫선을 보인 이후 최장기간 평점 1위를 고수 중인 『미생』은 ‘만화가 아닌 인생 교과서’, ‘직장생활의 교본’, ‘샐러리맨 만화의 진리’ 등으로 불리며 연일 SNS를 뜨겁게 달구고 있다.",https://image.aladin.co.kr/product/2788/73/cover500/8960866075_1.jpg, 윤태호 글.그림, 위즈덤하우스,2013
예술,(궁궐로 떠나는 힐링여행) 창덕궁,<경복궁> 편에서 경복궁 여행의 출발을 광화문 광장에서 시작함으로써 궁궐 여행의 새로운 관람 방식을 제시한 바 있다. 이번 창덕궁 여행에서는 옛날 운종가였던 종로 3가에서 시작하고 있다. 세계문화유산 창덕궁의 숨은 매력과 재미를 말한다.,https://image.aladin.co.kr/product/2775/14/cover500/8998259036_1.jpg, 이향우 글.그림;허경희;이향우 [공] 사진, 인문산책,2013
예술,당신의 삶은 어떤 드라마인가요,"스토리텔링 측면에서 드라마를 바라본 입문서. 다루는 대상은 크게 네 개의 장르이다. 멜로드라마, 홈드라마, 판타지드라마, 범죄수사드라마. 거기에 로맨스의 새로운 경향, 가족의 해체, 환상성, 시즌제 제작 등의 흥미로운 이야기들이 함께 한다.",https://image.aladin.co.kr/product/16451/70/cover500/k602533750_1.jpg, 김민정 지음, 아시아,2018
예술,큐레이터는 세상을 어떻게 움직이는가?,"큐레이터 10인의 인터뷰집이다. 세계 미술의 흐름을 좌지우지하는 후 한루, 유코 하세가와, 바시프 코르툰, 마리아 흘라바요바, 로자 마르티네즈 등이 어떻게 미를 다루는지 묻고 세계 미술계의 문제점에 대해 논했다.",https://image.aladin.co.kr/product/41/53/cover500/8989800161_2.jpg, 캐롤리 테아 지음;김현진 옮김, 아트북스,2010
예술,나는 일러스트 레이터다,"SK 넥타이 부대원에서 5년 만에 프로 일러스트레이터로 우뚝 선 비정규 아티스트 밥장이 말하는 프리랜서의 자기 관리 & 실무 지침. 프리랜서 일러스트레이터가 알아야 할 실무 지침을 광고부터 컬럼 연재까지 7개 상업 장르, 19개 프로젝트 안에서 사례별로 정리했다. 또, 프리랜서로서의 독립 및 창업, 계약, 수주, 일러스트 스타일 작업, 세무 관련 업무, 분야 확장(개인전, 칼럼 연재, 재능 기부 등)의 일련의 과정을 사례별로 보고서를 보듯 자세하게 확인하고 있다.",https://image.aladin.co.kr/product/844/70/cover500/8979147856_1.jpg, 밥장 글·그림, 한빛미디어,2011
예술,나의 다정한 그림들,"『그림이 있어 괜찮은 하루』, 『월요일의 문장들』 등으로 독자의 마음을 보듬고 울렸던 조안나의 미술 에세이. 삶을 이야기하며 그림을 보고, 그림을 보다가 자신을 마주하는 이야기다.",https://image.aladin.co.kr/product/32283/1/cover500/8960536504_2.jpg, 조안나 지음, 마로니에북스,2023
예술,오펜하이머 각본집,"크리스토퍼 놀란 감독의 열두 번째 장편 영화 '오펜하이머' 오리지널 각본집. '오펜하이머'라는 영화의 제목이 말해주는 것처럼, 이 영화는 『아메리칸 프로메테우스』를 원작으로 하는 줄리어스 로버트 오펜하이머의 전기영화이다.",https://image.aladin.co.kr/product/32226/39/cover500/k212834955_2.jpg, 크리스토퍼 놀란 지음;김은주 옮김, 허블(동아시아),2023
예술,(20인의 스타플레이어에게 배우는)슈퍼스타 축구 기술,"재미있고 유익한 축구 기술 지침서. 축구 규칙부터 전략, 훈련, 역사까지 축구 전반을 다루고 있을 뿐만 아니라 킥, 슛, 패스, 드리블, 헤더, 태클, 골키핑 등의 스킬을 최고의 스타플레이어들을 통해서 배울 수 있다.",https://image.aladin.co.kr/product/23841/35/cover500/k382639386_1.jpg, 에이든 레드넷지 지음;홍재민 옮김, 라의눈,2023
예술,스프링북 스도쿠. 1: 초급·중급,"두뇌회전과 두뇌계발에 좋은 스도쿠가 담겨있다. 책 왼쪽에 스프링을 달아 페이지를 넘기기 쉽고, 직접 문제를 풀기에도 편하며, 연필로 쓰고 지우거나 메모를 해야 하는 책이기 때문에 네모를 크게 만들었다.",https://image.aladin.co.kr/product/12769/17/cover500/8971429917_1.jpg, 스도쿠 존 연구소;[시간과공간사]편집부 공저, 시간과공간사,2023
예술,스튜디오 지브리 입체건축전 도록<복각판>,스튜디오 지브리 입체건축전 전시회 도록. 스튜디오 지브리는 지금까지 애니메이션이라는 가상의 세계 속에서 수많은 건축물을 만들어 왔다. 이번 전시회의 작품을 계기로 인간과 밀접한 관계가 있는 건물의 매력을 충분히 느낄 수 있을 것이다.,https://image.aladin.co.kr/product/32043/8/cover500/k972834882_2.jpg, 스튜디오 지브리 편집, 학산문화사,2023
예술,도망가자,"사랑을 노래하고 사람을 노래하고 삶을 노래하며 직접 손 내밀어 위로를 전하는 싱어송라이터 선우정아, 아늑하고 소박하며 따뜻한 그림을 통해 진심 가득한 밝은 희망을 전하는 일러스트레이터 곽수진. 선우정아의 노래와 곽수진의 그림이 만나 지금 내 곁에 있는 당신에게 따뜻한 위안과 사랑을 전한다.",https://image.aladin.co.kr/product/27649/11/cover500/k292733935_1.jpg, 선우정아 노래;곽수진 그림, 언제나북스,2021
예술,시드 마이어,"턴제 게임의 대가이자 전설적인 개발자인 시드 마이어가 자신의 삶과 커리어, 컴퓨터 게임 시장을 개척해 낸 시절부터 지금까지 만들어 온 모든 게임에 얽힌 일화들과 게임 철학을 담았다.",https://image.aladin.co.kr/product/27357/44/cover500/8931465408_1.jpg, 시드 마이어;제니퍼 리 누넌 저;이미령 역, 영진닷컴,2021
예술,다이나믹 드로잉,"<친절한 드로잉> <친절한 컬러링>에 이은 박리노 작가의 3번째 도서이다. 도형화하고, 자세와 구도를 잡고, 투시 원근법으로 물체를 응용투시하는 방법까지 쉽고 친절하게 그림을 그리는 방법론을 제시한다.",https://image.aladin.co.kr/product/18022/1/cover500/s422534054_1.jpg, 박리노 저, Digital Books(디지털북스),2019
예술,(풀면 풀수록 자꾸만 똑똑해지는)어른을 위한 두뇌 놀이 책,"연필을 들어 100개의 멋진 퍼즐 세계에 흠뻑 빠져 보자. 미로 찾기부터 숫자 연결 하기, 다른 그림 찾기, 네모로직, 스도쿠 등 세계 최고의 두뇌 게임 전문가 개러스 무어 박사가 만든 다양한 퍼즐이 있다.",https://image.aladin.co.kr/product/27820/47/cover500/k612734671_1.jpg, 개러스 무어 지음, 한빛라이프,2021
예술,(일러스트·만화를 위한)배색 교실,"배색의 기초 지식부터 51가지 배색법까지 80여 개의 풍부한 예제 일러스트 작품과 컬러 팔레트로 배우는 배색 노하우를 담았다. 눈으로 색을 판별할 수 있는 원리와 색의 3속성, 톤, 시각 효과나 심리 작용 같은 색에 관련된 다양한 기본을 살펴본다.",https://image.aladin.co.kr/product/20246/81/cover500/k062635859_1.jpg, 마츠오카 신지 지음;김재훈 옮김, 한스미디어(한즈미디어),2019
예술,(앤드류 루미스의)인체 드로잉,"인물의 생김새와 움직임을 생동감 넘치게 묘사하기 위한 모든 지식을 배울 수 있다. 이상적인 인체의 비율부터 실감 나는 표정과 동작을 연출하는 방법, 명암의 표현까지 모든 이들이 궁금해하고 고민하는 부분을 꼼꼼하게 짚어준다.",https://image.aladin.co.kr/product/5049/24/cover500/1185423362_1.jpg, 앤드류 루미스 지음;서지수 옮김, 봄봄스쿨,2015
예술,나 혼자 악보 만들기,쉽게 배우고 사용할 수 있도록 단계별로 설명한 도서다. 누구나 쉽게 노래를 만들 수 있도록 이미지와 짧은 설명글로 정리하여 이해도를 높였다.,https://image.aladin.co.kr/product/26418/34/cover500/k362738426_1.jpg, 송택동 지음, 그래서음악(so music),2021
예술,가보고 싶은 곳 머물고 싶은 곳,"한국예술종합학교 건축과 김봉렬 교수의 미문과 불교 사진의 대가 관조 스님의 미려한 사진이 어우러진 우리 옛절 답사기. 아름다운 건축적 장면들에 숨어 있는 지형적, 교리적, 일상적 의미를 되돌아보며 우리 가람의 참다운 가치를 재조명하는 책이다.",https://image.aladin.co.kr/product/1251/35/cover500/8970595961_1.jpg, 김봉렬 글;관조 사진, 안그라픽스,2011
예술,그 영화 같이 볼래요,"2012년부터 2013년 초까지 우리에게 찾아온 서른 편의 특별한 영화들과 그 영화들로부터 탄생한 다양한 이야기를 담고 있다. 영화를 만든 감독과 배우, 영화를 읽는 평론가가 관객과 함께 영화를 보고 감동과 의미를 나눈 시간의 기록이다.",https://image.aladin.co.kr/product/3198/65/cover500/8984317403_1.jpg," 김영진 외, 지음;조인철 엮음", 씨네21북스(한겨레출판),2013
예술,나는 마당 있는 작은 집에 산다,"땅콩집 짓기 열풍을 몰고 온 실용주의 건축가 이현욱 소장이 지난 4년 간 땅콩집에서의 삶과 자신의 건축 철학을 담은 이야기. '집은 재산증식의 수단이 아니라 가족과 함께 편안하게 쉬는 공간'이라는 점을 강조하고, 집에 대한 발상의 전환을 제의한다.",https://image.aladin.co.kr/product/3126/19/cover500/8965461227_1.jpg, 이현욱 지음, 카멜레온,2013
예술,명작 수첩,"명작 수첩 시리즈. 최고의 사진작가들의 걸작 80점을 소개한다. 사진의 역사를 수놓은 명작들을 10개의 주제로 나누고, 구도, 색채, 질감, 피사체에 대한 느낌 등 차별되는 80가지 표현들을 읽어내 그 사진을 위대하게 만드는 요소가 무엇인지 명쾌하게 설명한다.",https://image.aladin.co.kr/product/3026/86/cover500/8932316589_1.jpg, 발 윌리엄스 지음;박우정 옮김, 현암사,2013
예술,미생. 8: 사활,"누가 우리를 낭만적이라 하는가. 우리는 생존 자체를 원하는 사람들이다! 드디어 입사 1주년을 맞이한 원 인터내셔널 신입사원 4인방 장그래, 안영이, 한석율, 장백기. 1년의 시간 동안 이들을 성장시킨 사람들과 오랜만에 조우한다.",https://image.aladin.co.kr/product/3064/48/cover500/8960866156_1.jpg, 윤태호 지음, 위즈덤하우스,2013
예술,"서울, 공간의 기억 기억의 공간","건축가 조한이 서울이라는 공간을 마주 보고, 자신이 기억하는 그리고 잊지 않기를 바라는 공간의 옛 이야기를 차근차근 들려준다. ‘시간의 흔적’을 느낄 수 있는 공통점을 지닌, 전체 20개의 장소를 다루되, 각각의 성격에 맞춰 크게 4부로 나누어 구성하였다.",https://image.aladin.co.kr/product/3059/65/cover500/8971995610_1.jpg, 조한 글;그림·사진, 돌베개,2013
예술,"인문학, 한옥에 살다","한옥이 아름답다고 하면서도, 구체적인 아름다움을 물으면 명쾌한 대답이 나오지 않는 건 무슨 이유일까? 이 책은 예술을 보는 우리의 눈이 ‘서양 고전미학’에 익숙하다는 사실과 태생적으로 서양건축물과 다른 한옥의 ‘문화적 특성’에서 이유를 찾고 있다.",https://image.aladin.co.kr/product/3331/77/cover500/1185401008_1.jpg, 이상현 지음, 채륜,2013
예술,한국전통건축의 좋은느낌,,https://image.aladin.co.kr/product/3155/56/cover500/8962255375_1.jpg, 김석환 지음, 기문당,2013
예술,얼굴: 조광호의 그림과 글,"조광호 신부님이 만난 사람들을 글과 그림으로 소개한 책이다. 등장 인물은 총 130명이 넘는다. 수도생활 중에 만난 선배 수도사부터 타종교의 구도자들까지 신부님의 지난 삶을 보여주는 얼굴들이다. 각 사람을 만나게 된 사연, 사람에 대한 느낌, 그들과 나눈 대화 등을 글로 엮고 그 옆에 신부님이 직접 그린 인물 초상을 덧붙였다.",https://image.aladin.co.kr/product/30/92/cover500/8946413506_1.gif, 조광호 글;그림, 샘터사,2001
예술,"클림트, 황금빛 유혹","다섯 개 장으로 이루어진 클림트가 그린 그림 이야기. 연인, 팜므 파탈, 성스러운 봄, 여인의 향기, 생명의 나무로 주제를 나누고, 각각의 주제에 어울리는 그의 그림들을 골라 설명하는 형식이다.",https://image.aladin.co.kr/product/36/79/cover500/8989348226_2.jpg, 신성림 지음, 다빈치,2002
예술,"반 고흐, 영혼의 편지","고흐는 처음 구필화랑에서 일하기 시작한 후로, 습작기간을 거쳐 자연의 색, 태양의 빛을 찾아다니며 거처를 여러 번 옮겼다. 이 책은 그 시기와 지역을 구분해 하나 하나 장으로 엮은 것이다.",https://image.aladin.co.kr/product/19/63/cover500/8995033320_1.jpg, 빈센트 반 고흐 지음;신성림 옮김, 예담,1999
예술,천년의 그림여행,,https://image.aladin.co.kr/product/57/71/cover500/8970842810_1.jpg, 스테파노 추피 지음;서현주;이화진;주은정 옮김, 예경,2006
예술,낚시채비묶음법150,,/img/no_book.805feab5.png, 낚시춘추편집부 지음, 다락원,2004
예술,등산교실,"한국 산악계의 대표적 알파인 칼럼니스트이자 코오롱등산학교 교장인 저자가 월간 『산』에 1996년부터 2006년까지 연재한 '이용대의 산행상담실'을 재구성한 것으로, 등산의 기초지식부터 등반 기술과 원리에 이르기까지 등산인들이 알아야 할 것들을, 7가지 주제로 나누어 일러스트와 함께 자세히 설명한다.",https://image.aladin.co.kr/product/68/46/cover500/8973377671_1.jpg, 이용대 지음, 해냄,2006
예술,(만화)금난새의 만화 오페라하우스4. 4: 피델리오,,https://image.aladin.co.kr/product/85/29/cover500/8956976848_1.jpg, 루드비히 반 베토벤 원작, 홍진PM,2005
예술,가우디: 예언자적인 건축가,"안토니오 가우디. 1852년에 태어난 이 건축가의 활동은 대부분의 작품이 소재한 도시 바르셀로나와 긴밀한 관련이 있다. 이 책은 공원 도시로 조성되었던 구엘 공원, 사그라다 파밀리아 성당 등을 통해 건축가 가우디와 바르셀로나의 관계를 살피면서, 가우디 창작력의 원천, 그의 작품들의 지닌 환상적인 성격과 시각적인 풍부함을 보여준다. 고문서, 사진, 가구, 장식품을 포함하여 총 125점이 넘는 작품 사진이 실려 있다.",https://image.aladin.co.kr/product/63/17/cover500/8952745426_1.jpg, 필립 티에보 지음;김주경 옮김, 시공사,2006
예술,(만화)금난새의 만화 오페라하우스2. 2: 방황하는 네덜란드인,,https://image.aladin.co.kr/product/59/32/cover500/8956976821_1.jpg, 리하르트 바그너 원작, 홍진PM,2005
예술,리본공예 큐빅공예,,https://image.aladin.co.kr/product/333/99/cover500/8995837012_1.jpg," 박자영,박진하 [공]지음", 셀핀,2013
예술,모네가 사랑한 정원,정원을 자신의 예술가로서의 정체성의 일부라고 생각한 모네의 삶과 그 스스로 “가장 아름다운 명작”으로 꼽는 지베르니 정원에 대한 이야기를 담고 있다. 모네의 작품 세계를 잘 모르는 사람이라도 책을 펼치는 순간 모네의 그림에서 평화와 위안을 얻을 것이다.,https://image.aladin.co.kr/product/8094/18/cover500/8927807472_1.jpg, 데브라 맨코프 지음;김잔디 옮김, 중앙북스,2016
예술,(필드에서 읽는)골프책,"뒷주머니에 쏙 넣고 실수할 때, 바로 꺼내 읽는 실전 골프책. 뒷주머니에 쏙 들어갈 수 있도록 포켓용으로 만들어졌다. 기초가 부족한 골퍼에게는 좋은 스승으로, 어느 정도 실력을 쌓은 골퍼에게는 기본으로 다시 돌아가는 길잡이 역할을 멋지게 할 것이다.",https://image.aladin.co.kr/product/2526/43/cover500/8992124163_3.jpg, 김기호 지음;차승민 그림, 스마트비즈니스,2013
예술,10대처럼 들어라,"오랫동안 10대와 함게 해 온 저자가 그들이 왜 대중음악을 좋아하는지, 그들이 사랑하는 대중음악의 최근 추세가 어떤 모양과 질감으로 이루어져 있는지, 나아가 대중음악의 세계사를 알기 쉽게 대화로 정리해 여섯 번의 수업 형태로 담아냈다.",https://image.aladin.co.kr/product/8020/36/cover500/k802434436_1.jpg, 박하재홍 지음, 슬로비,2016
예술,치즈 인 더 트랩. 1-4,"2010년 여름, 순끼라는 필명으로 슬그머니 네이버 웹툰에 둥지를 틀었다. 캠퍼스, 심리, 로맨스, 드라마, 코미디, 미스터리, 옴므파탈 심지어 사이코까지. 하나의 만화에 이렇게 많은 단어를 떠올리게 할 수 있는 작품은 좀처럼 만나기 쉽지 않았다.",https://image.aladin.co.kr/product/2057/60/cover500/8901150867_1.jpg, 순끼 글·그림, 재미주의,2016
예술,치즈 인 더 트랩. 1-6,"2010년 여름, 순끼라는 필명으로 슬그머니 네이버 웹툰에 둥지를 틀었다. 캠퍼스, 심리, 로맨스, 드라마, 코미디, 미스터리, 옴므파탈 심지어 사이코까지. 하나의 만화에 이렇게 많은 단어를 떠올리게 할 수 있는 작품은 좀처럼 만나기 쉽지 않았다.",https://image.aladin.co.kr/product/2057/62/cover500/8901150883_1.jpg, 순끼 글·그림, 재미주의,2016
예술,치즈 인 더 트랩. 2-1,"네이버 웹툰 최고 인기작 <치즈 인 더 트랩 시즌2>. 완벽한 남녀 캐릭터 구성과 치밀한 연출, 공감을 불러일으키는 다양한 상황을 캠퍼스를 무대로 삼아 최고의 쾌감을 선사한다.",https://image.aladin.co.kr/product/2864/37/cover500/8901156792_1.jpg, 순끼 글·그림, 재미주의,2016
예술,치즈 인 더 트랩. 2-3,"네이버 웹툰 최고 인기작 <치즈 인 더 트랩 시즌2>. 완벽한 남녀 캐릭터 구성과 치밀한 연출, 공감을 불러일으키는 다양한 상황을 캠퍼스를 무대로 삼아 최고의 쾌감을 선사한다.",https://image.aladin.co.kr/product/2864/40/cover500/8901156814_1.jpg, 순끼 글·그림, 재미주의,2016
예술,치즈 인 더 트랩. 2-6,"네이버 웹툰 최고 인기작 <치즈 인 더 트랩 시즌2>. 완벽한 남녀 캐릭터 구성과 치밀한 연출, 공감을 불러일으키는 다양한 상황을 캠퍼스를 무대로 삼아 최고의 쾌감을 선사한다.",https://image.aladin.co.kr/product/3408/14/cover500/8901161818_1.jpg, 순끼 글·그림, 재미주의,2016
예술,치즈 인 더 트랩. 2-7,"<치즈 인 더 트랩>은 연재 5년이 넘어가는 지금도 예전과 다르지 않은 인기를 얻고 있다. 이야기가 마지막을 향해 갈수록 등장인물간의 꼬였던 실타래가 풀릴지 더욱 궁금해지는 지금, 책으로 정주행하며 미묘하고 복잡한 <치즈 인 더 트랩>의 재미를 느껴보자.",https://image.aladin.co.kr/product/5682/72/cover500/8901203413_1.jpg, 순끼 글·그림, 재미주의,2015
예술,치즈 인 더 트랩. 2-8,"<치즈 인 더 트랩>은 연재 5년이 넘어가는 지금도 예전과 다르지 않은 인기를 얻고 있다. 이야기가 마지막을 향해 갈수록 등장인물간의 꼬였던 실타래가 풀릴지 더욱 궁금해지는 지금, 책으로 정주행하며 미묘하고 복잡한 <치즈 인 더 트랩>의 재미를 느껴보자.",https://image.aladin.co.kr/product/5682/84/cover500/8901203421_1.jpg, 순끼 글·그림, 재미주의,2015
예술,치즈 인 더 트랩. 2-9,"<치즈 인 더 트랩>은 연재 5년이 넘어가는 지금도 예전과 다르지 않은 인기를 얻고 있다. 이야기가 마지막을 향해 갈수록 등장인물간의 꼬였던 실타래가 풀릴지 더욱 궁금해지는 지금, 책으로 정주행하며 미묘하고 복잡한 <치즈 인 더 트랩>의 재미를 느껴보자.",https://image.aladin.co.kr/product/5682/92/cover500/890120343x_1.jpg, 순끼 글·그림, 재미주의,2015
예술,슬램덩크. 5: Rebound,"<슬램덩크>는 만화를 좋아하는 70~80년대 출생한 이들에게는 첫사랑과도 같다. 그런 첫사랑이 처음 연재한 날로부터 25년 만에, 추억을 고스란히 담으며 곱게 화장을 하고 출간이 되었다. 2001년 완전판 발매와 함께 절판된 '오리지널판'을 디지털 편집을 통해 명장면과 대사를 고스란히 살렸다.",https://image.aladin.co.kr/product/6641/76/cover500/k902433357_1.jpg, 이노우에 다케히코 저;김동욱 번역, 대원씨아이,2016
예술,슬램덩크. 6: Nothing to lose,"<슬램덩크>는 만화를 좋아하는 70~80년대 출생한 이들에게는 첫사랑과도 같다. 그런 첫사랑이 처음 연재한 날로부터 25년 만에, 추억을 고스란히 담으며 곱게 화장을 하고 출간이 되었다. 2001년 완전판 발매와 함께 절판된 '오리지널판'을 디지털 편집을 통해 명장면과 대사를 고스란히 살렸다.",https://image.aladin.co.kr/product/6853/72/cover500/k472434078_1.jpg, 이노우에 다케히코 저;대원씨아이 번역, 대원씨아이,2016
예술,슬램덩크. 13: Unstoppable,"<슬램덩크>는 만화를 좋아하는 70~80년대 출생한 이들에게는 첫사랑과도 같다. 그런 첫사랑이 처음 연재한 날로부터 25년 만에, 추억을 고스란히 담으며 곱게 화장을 하고 출간이 되었다. 2001년 완전판 발매와 함께 절판된 '오리지널판'을 디지털 편집을 통해 명장면과 대사를 고스란히 살렸다.",https://image.aladin.co.kr/product/7026/57/cover500/k552434184_1.jpg, 이노우에 다케히코 저;대원씨아이 번역, 대원씨아이,2016
예술,슬램덩크. 14: (The)best,"<슬램덩크>는 만화를 좋아하는 70~80년대 출생한 이들에게는 첫사랑과도 같다. 그런 첫사랑이 처음 연재한 날로부터 25년 만에, 추억을 고스란히 담으며 곱게 화장을 하고 출간이 되었다. 2001년 완전판 발매와 함께 절판된 '오리지널판'을 디지털 편집을 통해 명장면과 대사를 고스란히 살렸다.",https://image.aladin.co.kr/product/7026/58/cover500/k572434184_1.jpg, 이노우에 다케히코 저;대원씨아이 번역, 대원씨아이,2016
예술,슬램덩크. 25: 최대의 도전,"<슬램덩크>는 만화를 좋아하는 70~80년대 출생한 이들에게는 첫사랑과도 같다. 그런 첫사랑이 처음 연재한 날로부터 25년 만에, 추억을 고스란히 담으며 곱게 화장을 하고 출간이 되었다. 2001년 완전판 발매와 함께 절판된 '오리지널판'을 디지털 편집을 통해 명장면과 대사를 고스란히 살렸다.",https://image.aladin.co.kr/product/7516/20/cover500/k892434910_1.jpg, 이노우에 다케히코저;대원씨아이 편역, 대원씨아이,2016
예술,슬램덩크. 27: 북산 in trouble,"<슬램덩크>는 만화를 좋아하는 70~80년대 출생한 이들에게는 첫사랑과도 같다. 그런 첫사랑이 처음 연재한 날로부터 25년 만에, 추억을 고스란히 담으며 곱게 화장을 하고 출간이 되었다. 2001년 완전판 발매와 함께 절판된 '오리지널판'을 디지털 편집을 통해 명장면과 대사를 고스란히 살렸다.",https://image.aladin.co.kr/product/7773/44/cover500/k742434124_1.jpg, 이노우에 다케히코 저;대원씨아이 번역, 대원씨아이,2016
예술,슬램덩크. 28: 2년이나,"<슬램덩크>는 만화를 좋아하는 70~80년대 출생한 이들에게는 첫사랑과도 같다. 그런 첫사랑이 처음 연재한 날로부터 25년 만에, 추억을 고스란히 담으며 곱게 화장을 하고 출간이 되었다. 2001년 완전판 발매와 함께 절판된 '오리지널판'을 디지털 편집을 통해 명장면과 대사를 고스란히 살렸다.",https://image.aladin.co.kr/product/7773/55/cover500/k872434124_1.jpg, 이노우에 다케히코 저;대원씨아이 번역, 대원씨아이,2016
예술,(해부학부터 옷 주름까지 배우는)자연스러운 인체 드로잉,"오랜 기간 사람을 그려온 저자가 효율적으로 인체를 배우는 순서를 안내하는 책이다. 초심자에겐 단 한 권의 책으로 기본기를 다질 수 있고, 인체를 배우고 있지만 제대로 기술적인 향상에 아쉬움이 느껴졌던 분이라면 인체 드로잉에 대한 고민을 끝낼 수 있도록 이끌어준다.",https://image.aladin.co.kr/product/29939/24/cover500/k632838537_1.jpg, 소은 박경선 지음, 동양북스,2022
예술,서양미술사,"서양미술의 윤곽을 잡아주는 입문서이자 서양미술사 개론의 필독서이다. 선사시대 동굴벽화부터 실험적인 현대 미술에 이르기까지 모든 주제를 다루고 있고, 미술사를 통틀어 위대하고 뛰어난 작품들을 각 페이지마다 시대와 양식, 작품명, 작가명과 함께 알기 쉽게 정리하였다.",https://image.aladin.co.kr/product/11453/85/cover500/8970845402_1.jpg," E. H. 곰브리치 지음;백승길,이종숭 [공]옮김", 예경,2017
예술,(실버스노우의) 명화를 품은 프랑스 자수,프랑스 자수 전문가이자 36만 구독자를 보유한 유튜브 ‘실버스노우’를 운영하는 은설 작가가 동․서양 거장의 명화를 프랑스 자수로 만드는 방법을 알려주는 책이다. 깊은 감동을 주는 명화를 실버스노우만의 감성으로 자수에 맞게 다시 디자인하고 실과 바늘로 섬세하게 표현했다.,https://image.aladin.co.kr/product/33995/11/cover500/k642930645_1.jpg, 실버스노우(은설) 지음, 21세기북스,2024
예술,"명화의 탄생, 그때 그 사람","'성수영의 그때 그 사람들' 칼럼은 현재 네이버 문화 분야 구독자 1위, 포털 누적 조회 수 4천만을 넘어서며 화제의 코너로 자리 잡았다. 연재분을 모아 다듬고 미연재분을 추가해 《명화의 탄생, 그때 그 사람》이란 이름으로 독자 곁에 찾아왔다.",https://image.aladin.co.kr/product/33572/76/cover500/894754941x_2.jpg, 성수영 지음, 한경arte,2024
예술,Ricoh GRⅢ/GRⅢx,"최고의 색감과 콤팩트한 사이즈로 한국에서도 큰 인기를 끌고 있는 GR III / GR IIIx에 대한 유일한 가이드북. 셔터만 누를 줄 아는 초보자도, 다양한 효과를 내보고 싶은 중급자도, 남다른 작품 사진에 도전하는 고급자도 모두 만족시킬 수 있는 기능 사용과 응용 방법이 담겨 있다.",https://image.aladin.co.kr/product/33875/81/cover500/k782930608_1.jpg, 스즈키 미쓰오;나이스쿠 [공] 지음 ;;김정원 옮김, 클,2024
예술,(NEW)미꽃체 손글씨 노트,지난 2년간 미꽃체가 많은 사랑을 받으면서 미꽃 작가의 글씨도 더욱 정교해졌다. 하루도 빠짐없이 글씨를 쓴 작가의 손끝에서 미꽃체도 자연스럽게 변화하고 성장한 것이다. 작가는 미꽃체를 사랑하고 배우고 싶은 사람들을 위해 기존 책에 새로운 미꽃체를 담은 《NEW 미꽃체 손글씨 노트》를 펴냈다.,https://image.aladin.co.kr/product/31955/95/cover500/k362833256_3.jpg, 최현미 지음, 시원북스,2023
예술,그림 그리기가 이토록 쉬울 줄이야,"그림 그리기에 대한 두려움을 없애 주고, 남의 눈치 보지 않고 즐겁게 그림 그리는 방법을 안내하는 가이드북이다. 단순한 선 긋기부터 시작해, 멋진 수채화를 완성하는 것까지, 이 책을 천천히 따라 하다 보면 일기를 쓰듯 편안하게 일상을 그림으로 기록하는 자신을 마주하게 될 것이다.",https://shopping-phinf.pstatic.net/main_3323096/33230964624.20231003084642.jpg, 이기주, 스몰빅,2022
예술,더 기묘한 미술관,"언제나 쉽게 갈 수 있었던 미술관을 이전처럼 찾기가 어려워진 2021년. 《기묘한 미술관》은 출간 즉시 종합 베스트셀러, 예술 분야 최고의 책으로 선정되며 큰 사랑을 받았다. 《더 기묘한 미술관》은 그간 새롭게 발굴한 작품들과 더 강력해진 스토리텔링으로 돌아온 그 후속작이다.",https://shopping-phinf.pstatic.net/main_5010801/50108011619.20240903084335.jpg, 진병관 지음, 빅피시,2024
예술,"오늘의 감정, 클래식","다정하게 클래식 음악의 세계로 빠져들 수 있도록 인간의 7가지 감정(칠정)을 6가지 세부 감정으로 나누어 총 42가지 클래식 음악을 소개한다. 기쁠 때는 모차르트가, 분노할 때는 베토벤이, 우울감이 덮쳤을 땐 라흐마니노프가, 짜증이 날 땐 브루흐가 펼쳐놓은 음악과 이야기로 독자의 마음을 다독일 것이다.",https://shopping-phinf.pstatic.net/main_4590106/45901066619.20240220140621.jpg, 클래식 읽어주는 남자 지음, 초록비책공방,2024
예술,컬러의 일,"미켈란젤로가 사랑했던 레드 오커부터 자외선 차단 기능을 지녀 요즘 건축에서 주목받는 멜라닌까지, 색색의 컬러들이 지닌 과거와 현재 이야기와 나아가 어떻게 사용하면 효과적일지 컬러 아이디어를 일목요연하게 들려주는 색채 가이드북이다.",https://shopping-phinf.pstatic.net/main_4987771/49877714626.20240821092110.jpg, 로라 페리먼 지음;서미나 옮김, 윌북,2024
예술,현대 축구 전술 바이블,"게임을 구성하는 4단계 국면에 기반해 팀과 선수들이 다양한 상황별로 어떠한 움직임을 취해야 하는지를 알기 쉽게 설명하고, 왜 그렇게 움직이는 것이 유리한지도 개념적으로 설명한다.",https://shopping-phinf.pstatic.net/main_4990569/49905692628.20240822092140.jpg, 토비아스 에셔 지음;강민경 옮김, Samho Media(삼호미디어),2024
예술,청명상하도,톈위빈은 「청명상하도」를 세밀하게 관찰하며 포착한 36개의 이야기를 이 책에 담았다. 먼저 이 책은 그림 한 점을 다룬 책이라는 점이 독특하다. 그간 우리나라에 출간된 고미술 관련 책들은 주로 시대나 작가를 테마로 삼았다. 작품 하나를 두고 세밀하게 살펴본 책은 전무하다.,https://shopping-phinf.pstatic.net/main_4891628/48916283618.20240705100631.jpg, 톈위빈 지음;김주희 옮김, 글항아리,2024
예술,컬러의 세계,"우리가 사랑한 영화 속 컬러 팔레트를 선별해서 담아낸 『컬러의 세계』는 《롤링스톤》, 《베니티 페어》, 《가디언》 등에 영화 평론을 꾸준히 기고해 온 작가 찰스 브라메스코의 시네마 컬러 가이드북으로, 고전부터 현대까지 명작으로 불리는 영화 중에서도 색의 의도를 잘 나타낼 수 있는 작품 50편을 실었다.",https://shopping-phinf.pstatic.net/main_4755878/47558789619.20240531103602.jpg, 찰스 브라메스코 지음;최윤영 옮김, 오브제(다산북스),2024
예술,(삶에 지친 당신을 위한)너에게 보내는 클래식,음악평론가인 저자가 엄선하여 선정한 명곡 40곡이 수록되어 있다. 글을 읽으며 음악을 함께 감상할 수 있도록 QR 코드도 빠짐없이 담았다. 인생에 사유와 지혜가 필요하다면 이 책을 펼쳐보기를 바란다.,https://shopping-phinf.pstatic.net/main_5044988/50449885644.20240924081411.jpg, 진회숙 지음, 포르체,2024
예술,(알랭 드 보통의)영혼의 미술관,출간 직후부터 예술 분야 스테디셀러로 자리잡은 <알랭 드 보통의 영혼의 미술관> 포켓북이다. 알랭 드 보통 특유의 위트와 통찰이 절묘하게 어우러진 글과 140여 점의 크고 선명한 도판으로 이루어졌다.,https://shopping-phinf.pstatic.net/main_3247396/32473967012.20230919123923.jpg," 알랭 드 보통,존 암스트롱 지음;김한영 옮김", 문학동네,2018
예술,아트인문학 여행,"스페인의 각 도시, 그라나다, 톨레도, 마드리드, 바르셀로나, 피게레스를 돌며 지금의 스페인을 만든 역사 속 인물과 예술가들을 만난다.",https://shopping-phinf.pstatic.net/main_3244236/32442369599.20230926085309.jpg, 김태진 지음, 카시오페아,2019
예술,"(현진's)펜 들고, 그림일기","아침 일찍 나와 정신없이 보냈던 하루, 할 일 없이 뒹굴뒹굴 했던 하루, 비 오고 바람 불어, 우산이 뒤집어졌던 하루, 자고 나면 아무 것도 아닌 하루라도 다이어리에 기록하는 순간 소중한 하루로 기억된다. 지금 펜 하나 들고, 나의 하루를 기록해 보자. 어느덧 꽉 채워진 한 달을 만날 수 있다.",https://shopping-phinf.pstatic.net/main_5139918/51399188629.20241116072438.jpg, 박현진 저, 북코디,2024
예술,우리가 잊고 있던 날들,"한국인이 가장 사랑하는 인상파 거장들, 빛나는 어릴 적 추억을 담다. 인상파의 고향, 프랑스 지베르니인상파미술관(Musee des Impressionnismes Giverny)에서 어린이와 어린 시절을 주제로 한 150점의 명화를 직접 엄선해 《우리가 잊고 있던 날들》을 출간했다.",https://dls2.edunet.net/DLS/api/homepage/holding/getCoverImage.do?prov_code=E10&neis_code=E100000276&bib_key=34206488254, 시릴 시아마;마리 델바르 [공]지음;김소연 옮김, 더퀘스트(길벗),2025
예술,(2025)K리그 스카우팅리포트,"빨라진 시즌 개막에 맞춰 유독 더 바쁜 K리그 전 구단의 겨울 일정을 직접 취재하며 최신 정보들을 담았으며, 한국프로축구연맹의 지원으로 정확한 데이터와 다채로운 사진을 실어 책의 정확도와 완성도를 높였다.",https://dls2.edunet.net/DLS/api/homepage/holding/getCoverImage.do?prov_code=E10&neis_code=E100000276&bib_key=34206548269, 김성원 외 지음, bs(브레인스토어),2025
예술,(2025)프로야구 가이드북,긴 시간 야구 팬들이 애타게 기다려 온 프로야구 개막! 2025시즌 정식 개막 전에 시범경기부터 찾아보며 기대에 잔뜩 부푼 야구 팬들의 갈증을 해소해 줄 『2025 프로야구 가이드북』이 다시 돌아왔다.,https://dls2.edunet.net/DLS/api/homepage/holding/getCoverImage.do?prov_code=E10&neis_code=E100000276&bib_key=34206548684, 나유리 외 지음, bs(브레인스토어),2025
예술,80대20 러닝 훈련법,"러너이자 지구력 스포츠 코치로 활약하는 맷 피츠제럴드의 최신 러닝 훈련법 책이다. 고강도 운동, 극한의 인터벌, 러닝 자세 등의 통념을 깨고 ‘저강도·고훈련량’이 중요하다는 사실을 밝혀낸다. 과학적 연구와 실제 러너들의 훈련법을 바탕으로 80%는 천천히 20%는 강하게 달릴 때 가장 빠르게 실력이 향상될 수 있음을 보여준다.",https://dls2.edunet.net/DLS/api/homepage/holding/getCoverImage.do?prov_code=E10&neis_code=E100000276&bib_key=34206608617, 맷 피츠제럴드 지음;최보배 옮김, 빌리버튼,2025
예술,당신의 저녁에 클래식이 있다면 좋겠습니다,"가장 빛나는 세계의 중심에 있었던 월드클래스 바이올리니스트가 당신에게 손 내미는 용기와 환대의 클래식 수업이다. 클래식 음악을 고립과 오해에 빠뜨린 엘리트주의와 특권 의식의 벽을 통쾌하게 부수어버리는 이 책을 읽고 나면, 클래식 본연의 아름다움을 마음껏 누릴 수 있게 된다.",https://dls2.edunet.net/DLS/api/homepage/holding/getCoverImage.do?prov_code=E10&neis_code=E100000276&bib_key=34206782383, 아리아나 워소팬 라우흐 지음;고정아 옮김, 다산초당(다산북스),2025
예술,야생화 페이퍼 플라워 43,"서양의 야생화를 중심으로 사람들의 생활과 밀접한 곳에서 성장하는 식물을 종이로 만드는 방법을 소개한다. 봄꽃, 여름꽃, 가을꽃, 겨울꽃 사계절 4부로 나뉘어져 있으며, 각 부에 꽃 작품과 만드는 법이 소개되어 있다.",https://dls2.edunet.net/DLS/api/homepage/holding/getCoverImage.do?prov_code=E10&neis_code=E100000276&bib_key=34206786687, 야마모토 에미코 지음;이지혜 옮김, 한스미디어,2023
예술,페이퍼 플라워 꽃다발,"장미, 모란, 아네모네, 데이지…. 15종의 종이꽃으로 나만의 꽃다발을 만들어보자. 접착제만 있으면 만들 수 있는 클래식한 꽃다발을 만들 수 있다. 줄기부터 꽃잎까지 필요한 모든 것을 책 속에 담았다.",https://dls2.edunet.net/DLS/api/homepage/holding/getCoverImage.do?prov_code=E10&neis_code=E100000276&bib_key=34206787781, 프루든스 로저스 지음;황희경 옮김, 한즈미디어(한스미디어),2025
예술,보나파르트. 3,"파울로는 자신의 의수를 만들어 준 동료의 죽음에 분노하여, 곧바로 연장을 들고 독쥐 버민을 찾아가려 했다. 그러나 보나파르트가 해골촌에서 연장금지 룰을 부활시킨다고 선언하며 그를 저지한다. 한편, 격투대회 결승전에 진출한 파울로의 아들 단톨로는 상대 곰토끼에게 고전하지만, 아버지의 응원과 포기하지 않는 끈기로 결국 우승을 차지하는데...",https://dls2.edunet.net/DLS/api/homepage/holding/getCoverImage.do?prov_code=E10&neis_code=E100000276&bib_key=34206826658, 몹시찰진우럭 글·그림, 영컴(YOUNG COM),2024
예술,"명화의 비밀, 그때 그 사람","유려한 스토리텔링으로 예술 분야 베스트셀러 1위를 기록하며 독자들의 뜨거운 사랑을 받고 있는 한국경제신문 성수영 기자가 《명화의 탄생, 그때 그 사람》과 《명화의 발견, 그때 그 사람》에 이은 세 번째 후속작을 선보인다. 전작과 마찬가지로 연재 중인 칼럼의 글을 모아 새롭게 재정비하고 다듬어 보강했으며, 훨씬 풍성해진 주제와 다채로운 화풍을 접할 수 있다.",https://shopping-phinf.pstatic.net/main_5540159/55401591103.20250621105743.jpg, 성수영 지음, 한경arte(한국경제신문),2025
예술,미술관에 간 할미,유쾌한 수업을 책으로 옮긴 미술 교양서다. 르네상스부터 현대미술까지 시대를 넘나드는 미술사 지식을 그림사랑꾼 할머니의 따뜻하고 웅숭깊은 시선으로 풀어냈다. 마치 숨겨진 진실을 파헤치는 추리소설처럼 한 장 한 장 페이지를 넘기다 보면 복잡하던 미술사가 어느새 평생 기억될 지식으로 새겨진다.,https://shopping-phinf.pstatic.net/main_5510784/55107843803.20250610092753.jpg, 할미 지음, 더퀘스트,2025
예술,오타니 쇼헤이의 홈런 배팅 기술,"MLB 최초로 50홈런-50도루를 달성한 오타니 쇼헤이의 타격 폼 변화 과정을 분석해 타구를 최대한 멀리 날려 보내려면 어떻게 해야 하는지, 즉 ‘홈런 잘 치는 법’은 어떤 것인지 그 방법론에 대해 정리한 책이다.",https://shopping-phinf.pstatic.net/main_5632063/56320630935.20250819084512.jpg, 다치바나 유지 지음;이지호 옮김, 한즈미디어,2025
예술,러닝&마라톤 무작정 따라하기,"국가대표 출신 러닝 코치 3인이 수년간의 실전 경험과 전문 훈련을 바탕으로 집대성한 러닝의 정석이자 실전형 가이드북이다. 각자의 수준과 목표에 따라 훈련을 설계할 수 있도록 구성돼 있어, 러닝을 막 시작한 초보 러너부터 기록 향상을 노리는 중급 러너까지 모두에게 실질적인 도움이 되는 노하우를 전한다.",https://shopping-phinf.pstatic.net/main_5574391/55743917418.20250729092257.jpg, 김병현;문보성;배성훈 [공]지음, 길벗,2025
예술,미술관 여행자를 위한 도슨트 북,800년 미술사의 흐름을 거장들의 대표작을 통해 한눈에 조망하는 책이다. 단순한 연대기 대신 작품과 인물에 집중한 구성으로 한 권의 전시 도록을 넘기듯 생생하고 풍성한 감각을 선사한다.,https://shopping-phinf.pstatic.net/main_5665704/56657042642.20251011091229.jpg, 카미유 주노 지음;;이세진 옮김, 윌북,2025
예술,모두를 위한 디자인은,"발달장애가 있는 어린이, 자녀를 키우는 시각장애인 부모, 휠체어 이용자, 치매 노인을 위한 마을의 주민, 난독증이 있는 디자이너 등 서로 다른 몸과 삶을 기반으로 하는 이들을 위한 차별 없는 디자인 사고법과 실천 과정을 담았다. 각 국가의 구체적 사례는 기업과 기관 담당자, 시민 개인을 막론하고 사회 공동체가 ‘완성되지 않은 환대’를 함께 만들어 가는 길을 보여 준다.",https://shopping-phinf.pstatic.net/main_5694290/56942903632.20250928085722.jpg, 김병수 지음, 휴머니스트,2025
예술,내가 미래 도시의 건축가라면,"아파트, 백화점, 박물관 등 누구에게나 친숙한 건물들을 통해 건축 지식을 쉽고 재미있게 알려주는 책이다. 건축물이 지금의 모습으로 지어지게 된 배경을 공학적, 예술적, 사회적인 관점에서 두루 설명한다.",https://image.aladin.co.kr/product/25967/84/cover500/k812738835_1.jpg, 서윤영 지음, 다른,2021
예술,소확행 워라벨시대 취미생활백서,"코로나19 대유행으로 멈춰있던 문화산업이 다시금 활기를 띠며 적극적인 취미생활을 즐기는 ‘하비슈머’들이 늘어나고 있다. 하비슈머는 취미와 소비자의 합성어로 일과 후 취미생활을 즐기기 위해 적극적으로 소비하는 사람들을 뜻한다. 이들은 악기 연주, 원데이 클래스, 요리 등의 취미활동을 통해 일상 속 압박에서 벗어나 자기 만족감을 얻고 새로운 네트워킹을 형성한다.",https://shopping-phinf.pstatic.net/main_5660911/56609114847.20250909080111.jpg, 비피기술거래;비티인사이트 [공]지음, 비티인사이트,2025
예술,"전시디자인, 미술의 발견","우리나라 전시디자인을 새 지평을 연 김용주 국립현대미술관 전시기획관의 전시디자인 아이디어와 경험, 난관 극복 방법이 녹아있는 책이다. 저자는 국내 공채1호 전시디자이너로 한계를 도전으로 받아들이며 길을 개척해왔다.",https://shopping-phinf.pstatic.net/main_4392181/43921813619.20260331110142.jpg, 김용주 지음, 소동,2023
예술,세계 명화 잡학사전 통조림,"89그루의 명화 이야기라는 나무로 이루어진 ‘숲’이자 89가지 기상천외하고, 은밀하고, 흥미진진한 명화 이야기라는 재료로 만들어진 ‘통조림’이다. 세계 명화도 ‘통·조·림’ 방식으로 읽으면 지금까지 알지 못했던 진실들이 베일을 벗고 모습을 드러내기 시작한다. 일테면, 이런 질문을 던져 보자. ‘위대한 화가들은 자기 작품 속에 무엇을 은밀히 감춰 놓았을까?’",https://shopping-phinf.pstatic.net/main_5557976/55579765042.20260331123036.jpg, 드림프로젝트 지음;김수경 옮김;[이강훈 그림], 사람과나무사이,2025
예술,(볼수록 아름다운)우리 그림,"다양한 재료와 기법으로 선조들의 멋과 자연, 일상을 담은 60여 가지 작품을 통해 우리가 잊고 있었던 한국 전통회화의 미를 재발견하는 책이다. 수묵화만 떠오르던 전통회화의 경계를 넘어 화가의 손가락 끝에서 탄생한 지두화나 현대의 픽셀화를 연상시키는 지직화 등 다채로운 기법의 작품을 총체적으로 다루고 있다.",https://shopping-phinf.pstatic.net/main_5319153/53191531884.20260331121945.jpg, 이소영 지음, 미술문화,2025
예술,인생은 오타니처럼,"'야구 소년'이라는 별명을 알려져 있는 KBS 스포츠국 기자 한성윤이 '7억 달러의 사나이' 오타니 쇼헤이의 유소년기의 성장 과정을 살펴보면서 '성공 요인'들을 제시하고, 다른 한편으로 오타니의 야구를 대하는 자세와 태도, 오늘날 오타니를 존재할 수 있도록 한 부모님과 스승들의 가르침, 그리고 라이벌과 동료를 비롯한 주변 사람들과의 '우정' 등 오타니의 삶 전반을 보여주는 책이다.",https://shopping-phinf.pstatic.net/main_4594514/45945149624.20260331104330.jpg, 한성윤 지음, 써네스트,2024
예술,나도 재즈 좋아해,일본의 유명한 소설가 무라카미 하루키는 재즈 마니아로 유명하다. 그의 단골집 재즈 킷사 더그DUG도 덕분에 유명해졌다. 더그만큼 도쿄 신주쿠에서 유명한 곳이 바로 ‘이구루eagle’다. 《나도 재즈 좋아해》는 이구루 마스터 고토 마사히로가 쓴 재즈 입문서다.,https://shopping-phinf.pstatic.net/main_5599931/55999317394.20260331122503.jpg, 고토 마사히로 지음;아스카 사치코 그림;서슬기 옮김, 날(태학사),2025
예술,오늘도 미술관에 다녀왔습니다,"17년 동안 문화부에서 근무한 미술 전문기자이자 예술 애호가인 김슬기 기자가 유럽 미술관에서 보낸 1년을 담은 책 『오늘도 미술관에 다녀왔습니다』가 출간되었다. 방문학자로 런던에 1년간 머무르게 된 저자는, 100여 곳이 넘는 유럽 미술관을 돌아다니면서 그중 인상적이었던 공간과 작품들을 이 한 권에 망라했다.",https://shopping-phinf.pstatic.net/main_5857180/58571808236.20260331100328.jpg, 김슬기 지음, 마음산책,2026
예술,대운동회 2024 : 학교 안,"《대운동회 2024》는 다양한 연령대, 활동 영역을 가진 12명의 작가들이(근하/김푸른/래현/버선버섯/산호/심규태/우이/유영열음/최성민/하민석/하호하호/헤) 모여 학교 안팎에서 다양한 이유로 소외되기 쉬운 청소년을 응원하는 ‘연대의 서사’를 그려낸다.",https://shopping-phinf.pstatic.net/main_5479376/54793763367.20260331111241.jpg, 래현 [외]지음, 삐약삐약출판사,2024
예술,빨간 자전거. 3: 엄마,,https://image.aladin.co.kr/product/54/32/cover500/8990664578_2.jpg, 김동화 지음, 행복한만화가게,2008
예술,미술관에 가고 싶어지는 미술책,"미술관에도 가봤고, 미술책도 봤는데, 도대체 뭐가 감동적인지, 왜 다들 훌륭하다고 하는지 도통 모르겠다는 사람들을 위한 유쾌한 그림 읽기 입문서. 지은이는 사이버 공간에서 네티즌의 열렬한 호응을 받았던 그 특유의 글맛으로 유쾌하게 그림의 세계로 안내한다. 그림 감상에 반드시 많은 지식이 필요한 것은 아니다.",https://image.aladin.co.kr/product/337/6/cover500/8958622717_3.jpg, 김영숙 지음, 휴머니스트,2009
예술,하이큐!!. 12: 시합개시!!,,/img/no_book.805feab5.png, 후루타테 하루이치 지음;강동욱 옮김, 대원씨아이,2015
예술,하이큐!!. 14: 근성 없는 녀석의 싸움,,/img/no_book.805feab5.png, 후루다테 하루이치 지음;강동욱 옮김, 대원씨아이,2015
예술,하이큐!!. 21: 콘셉트의 싸움,,/img/no_book.805feab5.png, 후루다테 하루이치 지음;강동욱 옮김, 대원씨아이,2016
예술,발레리안,,/img/no_book.805feab5.png, 뤽 베송 감독, 노바미디어,2018
예술,영원스,인류의 마지막 희망,https://image.aladin.co.kr/product/13406/27/cover500/d282837896_1.jpg, 제이크 팰트로 감독, 에이스미디어,2018
예술,인디펜던스,,https://image.aladin.co.kr/product/13113/71/cover500/d782837280_1.jpg, 자바 라이사이 감독, 비디오여행,2018
예술,비마나 미스터리,,/img/no_book.805feab5.png, 다니엘 미릭 감독, 에이스미디어,2018
예술,라라랜드,,/img/no_book.805feab5.png, 데미안 차젤레 감독, 에프엔씨애드컬쳐,2017
예술,하이큐!!. 45: 도전자들,,/img/no_book.805feab5.png, 후루타테 하루이치 지음;강동욱 옮김, 대원씨아이,2007
예술,알고나면 한국 미술박사,,/img/no_book.805feab5.png, 주완수, 가나아트,
예술,내가 본 세계의 건축,,/img/no_book.805feab5.png, 이성미, 한국건설산업연구,
예술,미야자키하야오는 이렇게 창작한다,,/img/no_book.805feab5.png, 황의웅, 시공사,
예술,그림의 숲에서 동서양을 읽다,,/img/no_book.805feab5.png, 조용훈, 효형출판,
예술,이 집은 누구인가,,/img/no_book.805feab5.png, 김진애, 한길사,
예술,명탐정 코난 38. 38,,/img/no_book.805feab5.png, Aoyamagosho 지음;오경화 번역, 서울문화사,2002
예술,우리세계의 70가지 경이로운 건축물,,/img/no_book.805feab5.png, 닐 파킨, 오늘의 책,
예술,(개정판)문학과 예술의 사회사 3. 3: 로꼬꼬·고전주의·낭만주의,"진보적 예술사학을 대표하는 명저로 선사시대 동굴벽화에서 20세기 초 영화의 탄생까지 인류 문화사상의 거의 전시기와 분야를 통괄하고 있다. 저자는 인간의 모든 정신활동이 사회·경제적 조건의 산물이라는 확고한 신념을 갖고, 개별작품들과 사회역사적 상황을 적절히 연결시켜 해석한다",https://image.aladin.co.kr/product/5/21/cover500/8936483056_1.jpg," 아르놀트 하우저 지음;백낙청, 반성완 옮김", 창작과 비평사,1999
예술,"한국의 고궁: 경복궁.창덕궁.창경궁.후원,종묘.덕수궁.경희궁",,/img/no_book.805feab5.png, 신영훈 지음, 한옥문화,2005
예술,라누스세계음악사전,,https://image.aladin.co.kr/img/noimg_b.gif, 탐구당출판부 편, 탐구당,1998
예술,명탐정 코난. 87,,/img/no_book.805feab5.png, Aoyamagosho 지음;이희정 번역, 서울미디어코믹스,2020
예술,걱정은 걱정을 낳는다,"한국어판으로 출간된 , , 은 만화 시리즈 중 위트와 유머가 돋보이는 것들이다.",https://image.aladin.co.kr/product/94/59/cover500/8995763523_1.jpg, 찰스 M. 슐츠 지음;김난주 옮김, 종이책,2007
예술,어느 수집가의 초대,,/img/no_book.805feab5.png, 국립광주박물관 편, 국립광주박물관,2022
예술,엄마 어렸을 적엔,,/img/no_book.805feab5.png, 이승은;허헌선, 조선일보사,1997
예술,이중섭,,/img/no_book.805feab5.png, 오광수, 시공사,
예술,뭉크뭉크,,/img/no_book.805feab5.png, 편집부, 교육부,
예술,천년궁궐을 짓는다,,/img/no_book.805feab5.png, 신응수, 김영사,
예술,아름다운 사람 이중섭,,/img/no_book.805feab5.png, 전인권, 문학과 지성사,
예술,(사진과 그림으로 보는)건축의 역사,,/img/no_book.805feab5.png, 조너선 글랜시, 시공사,
예술,복식테니스: 기선을 잡는 선제공격,,/img/no_book.805feab5.png, 이우룡, 삼호미디어,
예술,50일간의 유럽 미술관 체험. 1,"미술평론가 이주헌씨가 가족과 함께 유럽 15개도시 31곳의 미술관을 돌아보고 쓴 유럽미술 순례기, 의 개정판이다. 지난 10년 동안의 변화와 새로운 정보, 더욱 풍성한 도판을 담았다. 영국 런던에서 스페인 마드리드까지 유럽 미술관을 둘러볼 수 있는 최적의 동선을 소개한다.",https://image.aladin.co.kr/product/57/44/cover500/8956250383_2.jpg, 이주헌 지음, 학고재,2005
예술,명탐정 코난 39. 39,,https://image.aladin.co.kr/product/22/6/cover500/6000007399_1.gif, Aoyamagosho 지음;오경화 번역, 서울문화사,2003
예술,일본속의 한국 문화재,,/img/no_book.805feab5.png, 이경재, 미래M＆B,
예술,(그림으로 보는)불교 이야기,,/img/no_book.805feab5.png, 정병삼, 풀빛,
예술,명탐정 코난 43. 43,,/img/no_book.805feab5.png, Aoyamagosho 지음;오경화 번역, 서울문화사,2003
예술,명탐정 코난 29. 29,,https://image.aladin.co.kr/product/26/3/cover500/6000020447_1.gif, Aoyamagosho 지음;윤희선 번역, 서울문화사,2000
예술,인듀어런스,"2002년 출간되자마자 국내에 ‘섀클턴’ 붐을 일으키며 꾸준히 사랑받아온 스테디셀러 《인듀어런스》가 출간 23만에 새롭게 단장한 개정판을 선보인다. 이번 개정판은 생동감 있는 흥미로운 사진들이 인듀어런스의 모험을 더욱 생생하고, 풍성하게 만들어 준다.",https://shopping-phinf.pstatic.net/main_5706895/57068950740.20251004071436.jpg, 캐롤라인 알렉산더 지음;김세중 옮김;프랭크 헐리 사진, 뜨인돌,2025
예술,틴 맨,,https://image.aladin.co.kr/product/13400/98/cover500/d432837893_1.jpg, 닉 윌링 감독, 키노필름,2018
예술,어트랙션,불확실한 미래를 수용하는 섬세하고도 감동적인 이야기!,https://image.aladin.co.kr/product/12857/5/cover500/d402837677_1.jpg, 표도르 본다르추크 감독, 미디어룩,2018
예술,하이큐!!. 35: 새장,,/img/no_book.805feab5.png, 후루다테 하루이치 지음;강동욱 옮김, 대원씨아이,2019
예술,OUR UNITED,,/img/no_book.805feab5.png, 진달수, 디자인하다 MK,2024
예술,"하이큐!!. 3: 팀 카라스노, 출발",,/img/no_book.805feab5.png, 후루타테 하루이치 지음;강동욱 옮김, 대원씨아이,2013
예술,하이큐!!. 13: 놀이터,,/img/no_book.805feab5.png, 후루타테 하루이치 지음;강동욱 옮김, 대원씨아이,2015
예술,(초급 연주자를 위한)시스테마 트럼펫 교본,"저자는 2013부터 현재까지 엘 시스테마 음악감독으로 활동하며 그 동안 교육현장에서 얻은 교육법을 체계적으로 정리하여 초급 연주를자를 위한 312개 Etudes , 29개 Trumpet duets, 23 Basic ensembles with brass friends를 각 단계에 맞춰 제시하였다.",https://image.aladin.co.kr/product/25311/49/cover500/k692633409_1.jpg, 문권철 지음, 우노에디션,2020
예술,미술의 불복종,"고대로부터 현대에 이르기까지 인간의 생각과 손을 통해 만들어진 모든 미술 가운데 로마의 분수, 초상화, 민중의 편에 선 미술, 사실의 표현, 미술의 파괴, 팝아트, 풍경화, 미술과 여성 등 여덟 가지 주제를 중심으로 인간과 사회를 읽어 내는 책.",https://image.aladin.co.kr/product/428/21/cover500/897483393x_1.jpg, 김정락 지음, 서해문집,2009
예술,라루스 청소년 미술사,,/img/no_book.805feab5.png, 라루스편집부 지음;김미정 옮김, 아트북스,2007
예술,혹성탈출,,/img/no_book.805feab5.png, 맷 리브스 감독, 20세기폭스,2018
예술,색의 수수께끼,,/img/no_book.805feab5.png, 조정옥 역, 세종연구원,
예술,백남준 그 치열한 삶과 예술,,/img/no_book.805feab5.png, 이용우, 열음사,
예술,한국의 미 특강,,/img/no_book.805feab5.png, 오주석, 솔,
예술,서양미술 사건수첩,"책은 그림이 '무엇을' 그리고 있냐고 묻는 대신에, '왜' 라고 묻는다. 단순히 그 그림에 '어떤 것이 나타나 있다'라고 말하는 대신에, 무엇이 화가가 그 그림을 그리게 했고, 그 때의 정신상태는 어떠했는지 등을 밝힘으로써, 작품을 다른 시각으로 바라 보고 작품이 하는 말을 들을 수 있도록 돕는다.",https://image.aladin.co.kr/product/55/75/cover500/8989800463_1.jpg, 세기신이치 지음;황성옥 옮김, 아트북스,2005
예술,서예대백과,,/img/no_book.805feab5.png, 유덕선, 맑은 소리,
예술,OUR CITY,,/img/no_book.805feab5.png, 진달수, 디자인하다 MK,2024
