book_type,book_name,book_desc,book_img_link,author,publisher,published_y
총류,(도전!)임베디드 OS 만들기,"작고 간단한 임베디드 운영체제를 만들어 보면서 운영체제의 원리를 가르쳐 주는 책. 어려운 전공 서적에나 나올 법한 설명들은 잠시 제쳐두고, 일단 코딩을 하면서 작동 방식을 파악해 보면 이론 역시 쉽게 이해할 수 있다.",https://image.aladin.co.kr/product/349/90/cover500/8991268579_1.jpg, 이만우 지음, 인사이트,2009
총류,이토록 매혹적인 고전이라면,대한민국 최고의 명품 강의를 책으로 만난다! 현직 서울대 교수진의 강의를 엄선한 ‘서가명강(서울대 가지 않아도 들을 수 있는 명강의)’ 시리즈의 열다섯 번째 책. 서울대생들에게 인기 수업으로 손꼽히던 고전 강의를 단행본으로 엮은 책이다.,https://image.aladin.co.kr/product/26358/89/cover500/8950994151_1.jpg, 홍진호 지음, 21세기북스,2021
총류,"1780년, 열하로 간 정조의 사신들","대한민국 최고의 명품 강의를 책으로 만난다. <1780년, 열하로 간 정조의 사신들>은 중국 근세사 전문가인 서울대학교 동양사학과 구범진 교수가 쓴 책으로, '1780년의 열하'를 배경으로 조선과 청나라의 외교 관계에 관한 역사적 장면을 흥미롭게 풀어냈다.",https://image.aladin.co.kr/product/26817/69/cover500/8950994690_1.jpg, 구범진 지음, 21세기북스,2021
총류,음악이 멈춘 순간 진짜 음악이 시작된다,"서가명강 명강 19권. “음악가가 되면 될수록 더욱 철학자가 된다”고 주장한 니체를 포함해 플라톤, 쇼펜하우어, 아도르노 등 음악 이면에 담긴 철학 세계가 클래식과 대중음악을 넘나들며 아름운 선율과 함께 펼쳐진다.",https://image.aladin.co.kr/product/27964/36/cover500/8950997495_1.jpg, 오희숙 지음, 21세기북스,2021
총류,"그들은 로마를 만들었고, 로마는 역사가 되었다","로마제국을 만든 4인의 리더들을 통해 본 로마 역사서로, 2200년이라는 긴 시간 동안 로마를 역시에 새길 수 있게 이끈 네 명의 리더들을 다룬다. 업적과 역량을 살펴보면 한계를 극복하고 시대를 전환하는 리더십이 무엇인지 배울 수 있을 것이다.",https://image.aladin.co.kr/product/28407/27/cover500/8950998327_1.jpg, 김덕수 지음, 21세기북스,2021
총류,(Do it!)HTML5 + CSS3 웹 표준의 정석,"문과생도, 중학생도 쉽게 배우는 책! 웹 분야 1위 도서인 《Do it! HTML5+CSS3 웹 표준의 정석》이 전면 개정판으로 돌아왔다! 초판보다 더 쉽고 더 실용적인 예제는 물론, 중학생도 이해하는 쉬운 설명에 최신 표준이 반영되었다.",https://image.aladin.co.kr/product/9909/55/cover500/k582536861_1.jpg, 고경희 지음, 이지스퍼블리싱,2017
총류,21세기 청소년 인문학. 1,단비 청소년 교양 왈 5권. 각자의 분야에서 활발히 활동하고 있는 28인의 전문가들이 우리 청소년들에게 전하고 싶은 이야기를 모아 엮었기에 이 책에서 다루는 내용은 아주 구체적이며 또한 상당히 다양하다.,https://image.aladin.co.kr/product/10823/35/cover500/k152530551_1.jpg, 김고연주 외 지음, 단비,2017
총류,(프로그래밍 논리 학습을 위한)순서도 작성 기법,IT Holic Series 83권. 넓고 넓은 정보화 바다에 첫발을 내딛고자하는 새내기들에게 도움을 주기 위해서 만들어진 책이다. 이 책은 순서도를 이용하여 프로그래밍의 논리를 이해하고 반복적으로 학습할 수 있도록 하였다.,https://image.aladin.co.kr/product/4804/2/cover500/1185123237_1.jpg," 주형석,이규건 지음", 북스홀릭 퍼블리싱,2017
총류,(실전!)ARM Cortex-M3 시스템 프로그래밍 완전정복. Ⅱ,Cortex-M3 MCU의 장착된 각종 주변 장치와 외장 센서를 다루는 것에 대해 심도 있게 설명하였다. “완정정복 1”과 같이 모든 코드와 회로는 직접 만들고 실전에서 검증하여 실제 응용에 바로 활용할 수 있도록 하였다.,https://image.aladin.co.kr/product/8533/88/cover500/k292535878_1.jpg," 박선호,오영환 공저", 씨알지테크놀러지,2016
총류,(소프트웨어 교육을 위한)순서도 & C언어,주어진 문제에 대한 순서도를 이해하고 이를 C 언어로 구현하여 제시된 관련 과제를 스스로 해결해보는 형식으로 이루어져 있다. 이런 체계적인 구성으로 이 책을 이용하는 독자들은 올바른 소프트웨어 교육을 경험하게 되고 프로그래밍에 자신감을 갖게 될 것이다.,https://image.aladin.co.kr/product/5120/63/cover500/8997587161_1.jpg, 김종훈;김용민;서영호 지음, 다올미디어,2015
총류,(도전!)임베디드 OS 만들기,"작고 간단한 임베디드 운영체제를 만들어 보면서 운영체제의 원리를 가르쳐 주는 책. 어려운 전공 서적에나 나올 법한 설명들은 잠시 제쳐두고, 일단 코딩을 하면서 작동 방식을 파악해 보면 이론 역시 쉽게 이해할 수 있다.",https://image.aladin.co.kr/product/349/90/cover500/8991268579_1.jpg, 이만우 지음, 인사이트,2009
총류,(Do it!)안드로이드 앱 프로그래밍,《Do it! 안드로이드 앱 프로그래밍》의 다섯 번째 전면 개정판. 이번 개정 5판에서는 안드로이드 8.0 버전(오레오)에 맞춰 소스 코드 테스트를 완료했다. 특히 업그레이드된 ‘안드로이드 스튜디오 3.0 버전’의 사용법도 상세히 다뤄 초보자의 눈높이를 맞추었다.,https://image.aladin.co.kr/product/13259/54/cover500/k752532693_1.jpg, 정재곤 지음, 이지스퍼블리싱,2018
총류,이렇게 하면 나도 프로그램을 잘 만들 수 있다. 3,"누구나 세상을 바꿀 수 있는 프로그램을 만들 수 있도록 체계적이고 효율적인 학습 방법을 제시하는 책.문제 해결 관점에서 프로그래밍을 하는 방법을 소개하고, 몇 가지의 예제를 통해 문제를 해결하는 방식을 제시하고, 제시된 문제 해결 방식을 참고하여 많은 문제들을 스스로 해결하면서 개인마다 창의적인 문제 해결 방법을 확립하도록 한다.",https://image.aladin.co.kr/product/2816/66/cover500/8997399136_1.jpg, 김석현 지음, 박컴,2013
총류,데이터통신과 네트워킹,,https://image.aladin.co.kr/product/2243/79/cover500/8960552895_1.jpg, 베루즈 A. 포루잔 저;이재광 외 역, 한국맥그로힐,2013
총류,메이커를 위한 라즈베이 파이,"라즈베리 파이를 이용해 자신만의 프로젝트를 만들어 보려는 메이커를 위한 실용서로, 라즈베리 파이와 주변 장치들이 어떻게 신호를 주고 받고 작동하는지에 대한 물리 법칙부터 동작 원리, 파이썬 언어를 기반으로 한 프로그램을 만드는 방법까지 배울 수 있다.",https://image.aladin.co.kr/product/11347/50/cover500/8966264018_1.jpg, 이승현 지음, 인사이트,2017
총류,메이커를 위한 라즈베이 파이,"라즈베리 파이를 이용해 자신만의 프로젝트를 만들어 보려는 메이커를 위한 실용서로, 라즈베리 파이와 주변 장치들이 어떻게 신호를 주고 받고 작동하는지에 대한 물리 법칙부터 동작 원리, 파이썬 언어를 기반으로 한 프로그램을 만드는 방법까지 배울 수 있다.",https://image.aladin.co.kr/product/11347/50/cover500/8966264018_1.jpg, 이승현 지음, 인사이트,2017
총류,메이커를 위한 라즈베이 파이,"라즈베리 파이를 이용해 자신만의 프로젝트를 만들어 보려는 메이커를 위한 실용서로, 라즈베리 파이와 주변 장치들이 어떻게 신호를 주고 받고 작동하는지에 대한 물리 법칙부터 동작 원리, 파이썬 언어를 기반으로 한 프로그램을 만드는 방법까지 배울 수 있다.",https://image.aladin.co.kr/product/11347/50/cover500/8966264018_1.jpg, 이승현 지음, 인사이트,2017
총류,내가 하는 사물인터넷 프로그래밍. 2: 라즈베리 파이 C++ 편,"초음파 거리 센서, 불꽃감지 센서, 미세먼지 센서, 자외선 센서 등 30여 가지의 다양한 센서를 동작시켜 사물인터넷이 어떤 것인지를 체험하도록 안내한다.",https://image.aladin.co.kr/product/11634/67/cover500/k302531115_1.jpg," 설상동,김혜숙 지음", 지식과감성,2017
총류,내가 하는 사물인터넷 프로그래밍. 2: 라즈베리 파이 C++ 편,"초음파 거리 센서, 불꽃감지 센서, 미세먼지 센서, 자외선 센서 등 30여 가지의 다양한 센서를 동작시켜 사물인터넷이 어떤 것인지를 체험하도록 안내한다.",https://image.aladin.co.kr/product/11634/67/cover500/k302531115_1.jpg," 설상동,김혜숙 지음", 지식과감성,2017
총류,ATmega128A 제어 및 C&#35 HMI 프로그래밍,마이크로콘트롤러의 응용기술을 완벽히 이해하기 위해서는 반드시 하드웨어의 제작 및 실습을 병행하여야 한다. 본 교재에서 소개하고 있는 ATmega128A/128 및 ATmega1281 /2561을 구동하기 위한 메인 모듈의 회로와 다양한 입.출력 모듈의 회로를 이해하여 실제 제작을 하였다.,https://image.aladin.co.kr/product/9853/20/cover500/8938111059_1.jpg," 김재영,허덕행 공저", 동일출판사,2017
총류,지식 e. 3,"팀 버튼, 미야자와 겐지, 워렌 버핏, 프리다 칼로, 떡볶이 아저씨, 두바이의 노동자… 의 세번째 시즌이 다루는 것은 이러한 '인간'입니다. 'Homo artex / Homo violence / Homo ethiques'라는 분류를 통해 인간의 창조성과 폭력성, 윤리성을 탐구하는 책은 꼭지 꼭지를 읽는 길지 않은 시간 동안, 정말로 많은 생각을 하게 합니다.",https://image.aladin.co.kr/product/233/44/cover500/8956052859_1.jpg, EBS 지식채널e 제작팀 지음, 북하우스,2008
총류,(예제중심 쉽게 배우는)ATmega 128 마이크로컨트롤러,,https://image.aladin.co.kr/product/9088/14/cover500/k192535309_1.jpg," 정영호,김덕영,조남형 지음", 복두출판사,2016
총류,(예제중심 쉽게 배우는)ATmega 128 마이크로컨트롤러,,https://image.aladin.co.kr/product/9088/14/cover500/k192535309_1.jpg," 정영호,김덕영,조남형 지음", 복두출판사,2016
총류,(아두이노처럼 사용하는)라즈베리 파이 3 직접 코딩하기,C/C++ 언어 기반으로 wiringPi 라이브러리를 이용하여 여러 가지 하드웨어를 제어하는 방법을 소개한다. 아두이노를 배운 독자들이 파이썬을 몰라도 손쉽게 라즈베리 파이를 정복할 수 있도록 구성하였다.,https://image.aladin.co.kr/product/13553/72/cover500/k032532917_1.jpg, 서민우 외 지음, 앤써북,2018
총류,이것이 MySQL이다,실무 환경에서 이뤄지는 MySQL을 그대로 체험할 수 있는 실습 중심의 MySQL 입문서. 이 책은 MySQL의 고급 기술을 다루는 기술서가 아니다. 실무 환경에서 이뤄지는 MySQL의 실제 사용 사례를 실습을 통해 학습자가 체험하면서 배울 수 있게 한다.,https://image.aladin.co.kr/product/8467/66/cover500/8968482799_1.jpg, 우재남 지음, 한빛미디어,2016
총류,PHP + MySQL 웹 개발 마스터 북,"PHP와 MySQL의 입문서. PHP 5.4와 MySQL 5.5를 기반으로 기초부터 단계적으로 살펴 보고, 기본적인 예제 소스를 가지고 PHP와 MySQL의 동작을 전반적으로 확인할 수 있도록 하였다.",https://image.aladin.co.kr/product/8665/25/cover500/k992535080_1.jpg, 나가타 요리노부 지음;김동섭 옮김, 남가람북스,2016
총류,PHP + MySQL 웹 개발 마스터 북,"PHP와 MySQL의 입문서. PHP 5.4와 MySQL 5.5를 기반으로 기초부터 단계적으로 살펴 보고, 기본적인 예제 소스를 가지고 PHP와 MySQL의 동작을 전반적으로 확인할 수 있도록 하였다.",https://image.aladin.co.kr/product/8665/25/cover500/k992535080_1.jpg, 나가타 요리노부 지음;김동섭 옮김, 남가람북스,2016
총류,PHP 프로그래밍 입문,컴퓨터 및 전자상거래 관련 학과 학생을 비롯한 PHP를 처음 배우는 초보자를 위한 책. 기본 문법부터 웹 사이트 제작까지 실습해보면서 웹 사이트를 제작할 수 있는 기본 지식과 자신감을 얻을 수 있도록 돕는다.,https://image.aladin.co.kr/product/2707/97/cover500/899875620x_1.jpg, 황재호 지음, 한빛아카데미,2013
총류,PHP 프로그래밍 입문,컴퓨터 및 전자상거래 관련 학과 학생을 비롯한 PHP를 처음 배우는 초보자를 위한 책. 기본 문법부터 웹 사이트 제작까지 실습해보면서 웹 사이트를 제작할 수 있는 기본 지식과 자신감을 얻을 수 있도록 돕는다.,https://image.aladin.co.kr/product/2707/97/cover500/899875620x_1.jpg, 황재호 지음, 한빛아카데미,2013
총류,넘버원 PHP. [1]: 기초문법 주무르기,"PHP 7.x 기반으로 PHP 언어를 설명한다. 최신 버전의 PHP는 기존보다 문법의 규약을 세분화하고 좀 더 모던한 PHP 코드 개발을 위한 다양한 환경을 제공하며, PHP 내장 웹서버를 통해 모든 테스트를 최소 설치 환경에서 실습하고 학습할 수 있도록 간소화했다.",https://image.aladin.co.kr/product/13053/73/cover500/k192532895_1.jpg, 이호진 지음, 비제이퍼블릭,2018
총류,지식 e. 3,"팀 버튼, 미야자와 겐지, 워렌 버핏, 프리다 칼로, 떡볶이 아저씨, 두바이의 노동자… 의 세번째 시즌이 다루는 것은 이러한 '인간'입니다. 'Homo artex / Homo violence / Homo ethiques'라는 분류를 통해 인간의 창조성과 폭력성, 윤리성을 탐구하는 책은 꼭지 꼭지를 읽는 길지 않은 시간 동안, 정말로 많은 생각을 하게 합니다.",https://image.aladin.co.kr/product/233/44/cover500/8956052859_1.jpg, EBS 지식채널e 제작팀 지음, 북하우스,2008
총류,넘버쓰리 PHP. [3]: 응용 실전 끝장내기,개발을 위한 기본함수들을 튼튼하게 학습하는 것은 중요하다. 3권에서는 PHP의 전반적인 내부함수들을 살펴보고 응용 서비스를 개발하는 데 도움되는 함수들을 설명하고자 한다. 또한 책의 후반부에는 PHP 라이브러리의 바다라고 할 수 있는 컴포저 및 패키지에 대해서 간략하게 소개하고 있다.,https://image.aladin.co.kr/product/13054/8/cover500/k682532895_1.jpg, 이호진 지음, 비제이퍼블릭,2018
총류,넘버쓰리 PHP. [3]: 응용 실전 끝장내기,개발을 위한 기본함수들을 튼튼하게 학습하는 것은 중요하다. 3권에서는 PHP의 전반적인 내부함수들을 살펴보고 응용 서비스를 개발하는 데 도움되는 함수들을 설명하고자 한다. 또한 책의 후반부에는 PHP 라이브러리의 바다라고 할 수 있는 컴포저 및 패키지에 대해서 간략하게 소개하고 있다.,https://image.aladin.co.kr/product/13054/8/cover500/k682532895_1.jpg, 이호진 지음, 비제이퍼블릭,2018
총류,Hello Coding HTML5+CSS3,"문서 작성만큼, 아니 그보다 더 쉬운 웹페이지 만들기, 초보자를 위한 맞춤형 입문서. 지금 당장 컴퓨터가 없어도 괜찮다. 코드와 실행 화면이 바로 보여서 눈으로만 읽어도 어떻게 작동하는지 쉽게 파악할 수 있는 것은 기본이고, 중간중간 퀴즈를 추가하여 재미있게 게임하듯 복습할 수 있다.",https://image.aladin.co.kr/product/13415/63/cover500/k912532408_1.jpg, 황재호 지음, 한빛미디어,2018
총류,(그림으로 쉽게 설명하는)안드로이드 프로그래밍,개정판에서는 안드로이드 버전인 8.0 기반에서 모든 예제를 다시 작성하고 테스트하였다. 최신 버전에 맞지 않는 코드는 삭제하였고 최신 예제들을 보강하였다. 독자들이 조금 큰 규모의 앱을 개발할 때 사용할 수 있는 Lab을 제공한다.,https://image.aladin.co.kr/product/13723/56/cover500/8970509453_1.jpg, 천인국 지음, 생능출판사,2018
총류,(골빈해커의)3분 딥러닝,"신경망 기초부터 CNN, Autoencoder, GAN, RNN, DQN까지 딥러닝의 가장 기본이 되는 모델들을 직접 구현하며 익히도록 안내한다. 이론을 깊이 파헤치기보다 다양한 딥러닝 모델의 기초 개념과 기본적인 텐서플로 사용법을 학습하는 데 초점을 두었다.",https://image.aladin.co.kr/product/11830/24/cover500/k682531529_1.jpg, 김진중 지음, 한빛미디어,2017
총류,신경망 첫걸음,"딥러닝 입문자가 늘고 있지만, 수학 이론을 공부하자니 갈 길이 멀고 원리를 무시한 채 코딩부터 하자니 응용이 불가능하다. 수학 공식과 통계 이론을 달달 익혀야 딥러닝을 배울 수 있는 것은 아니다. 딥러닝을 관통하는 핵심은 신경망이고, 신경망의 기초는 행렬을 통한 가중치 계산뿐이다.",https://image.aladin.co.kr/product/10600/96/cover500/8968483507_1.jpg, 타리크 라시드 지음 ;송교석 옮김, 한빛미디어,2017
총류,(Hello coding)파이썬,"처음 프로그래밍을 시작하는 쌩초보자를 위한 파이썬 입문서. 프로그래밍을 전혀 경험해보지 못한 비전공자, 파이썬 프로그래밍 경험이 있지만, 쉬운 입문서로 파이썬을 다시 배우고 싶은 사람, 파이썬으로 할 수 있는 프로그래밍에 관심 있는 사람 등 모두에게 도움이 될 것이다.",https://image.aladin.co.kr/product/12540/54/cover500/k842532463_1.jpg, 윤인성 지음, 한빛미디어,2018
총류,궁금한 IT,"다채로운 IT 기술의 모습을 흥미로운 이야기와 그림으로 설명하는 재미있는 IT 교양 입문서다. 메타버스, 빅데이터, 데이터베이스, 코딩, 인공지능(AI), 블록체인, 디지털 트랜스포메이션(DT) 등 궁금하지만 잘 몰랐던 IT 지식과 기술이 어떤 개념과 원리로 동작하는지를 쉽게 설명한다.",https://image.aladin.co.kr/product/30479/69/cover500/k522830386_1.jpg, 김상래 지음, 위키북스,2022
총류,평생공부 가이드,"미국의 철학자이자 전설적인 브리태니커 편집장 모티머 애들러는 평생공부의 개념마저 한 단계 뛰어넘어 인간으로서 이룰 수 있는 수준 높은 교양의 경지, 르네상스인이 되고자 하는 이들을 위해 인류가 이제까지 쌓아온 지식을 제대로 파악할 수 있는 지도를 완성했다.",https://image.aladin.co.kr/product/3887/85/cover500/1185152075_1.jpg, 모티머 J. 애들러 지음;이재만 옮김, 유유,2014
총류,넘버원 PHP. [1]: 기초문법 주무르기,"PHP 7.x 기반으로 PHP 언어를 설명한다. 최신 버전의 PHP는 기존보다 문법의 규약을 세분화하고 좀 더 모던한 PHP 코드 개발을 위한 다양한 환경을 제공하며, PHP 내장 웹서버를 통해 모든 테스트를 최소 설치 환경에서 실습하고 학습할 수 있도록 간소화했다.",https://image.aladin.co.kr/product/13053/73/cover500/k192532895_1.jpg, 이호진 지음, 비제이퍼블릭,2018
총류,디지털시대의 장서관리,,https://image.aladin.co.kr/product/24617/30/cover500/8976783808_1.jpg, 윤혜영 저, 한국도서관협회,2020
총류,정보검색의 세계,,https://image.aladin.co.kr/product/1104/39/cover500/8976781449_1.jpg, 이수상 저, 한국도서관협회,2011
총류,학교도서관 운영의 실제,,https://image.aladin.co.kr/product/27876/44/cover500/8976783859_1.jpg, 송기호 지음, 한국도서관협회,2021
총류,난생처음 C 언어 프로그래밍,"C 언어를 비롯하여 프로그래밍을 처음 시작하는 학생에게 최적화된 교재다. C 언어의 핵심 개념을 일상 속 비유와 그림을 통해 시작적으로 설명하며, C 언어의 문법 자체보다 동작 원리에 집중하였다.",https://image.aladin.co.kr/product/28612/97/cover500/k582835950_1.jpg, 김화수 지음, 한빛아카데미,2022
총류,난생처음 C 언어 프로그래밍,"C 언어를 비롯하여 프로그래밍을 처음 시작하는 학생에게 최적화된 교재다. C 언어의 핵심 개념을 일상 속 비유와 그림을 통해 시작적으로 설명하며, C 언어의 문법 자체보다 동작 원리에 집중하였다.",https://image.aladin.co.kr/product/28612/97/cover500/k582835950_1.jpg, 김화수 지음, 한빛아카데미,2022
총류,1일 1로그 100일 완성 IT 지식,"복잡한 IT 세상을 선명하게 읽는 디지털 문해력 기르기 챌린지. 컴퓨팅의 4가지 핵심 분야인 하드웨어, 소프트웨어, 통신, 데이터를 이해하면 어떤 복잡한 디지털 시스템이라도 잘게 쪼개 비즈니스 구조와 흐름을 파악하는 디지털 문해력을 기를 수 있다.",https://image.aladin.co.kr/product/28554/54/cover500/8966263305_1.jpg, 브라이언 W. 커니핸 지음;하성창 옮김, 인사이트,2021
총류,"라즈베리파이 피코, 마이크로파이썬을 만나다","데이터의 입출력 방법부터 센서, 모터, 통신 모듈 등 다양한 장치를 활용하고 제어하는 방법까지 설명한다. 프로젝트마다 작동 원리를 설명하고 마이크로파이썬으로 구현한 코드를 제공하므로 처음 접하는 사람도 어려움 없이 따라 할 수 있다.",https://image.aladin.co.kr/product/30607/88/cover500/k972830515_1.jpg, 허경용 지음, Jpub(제이펍),2022
총류,2023 이기적 정보보안기사(산업기사) 필기. 2: 기출문제,,/img/no_book.805feab5.png, 임호진, 영진.com(영진닷컴),2023
총류,(2026 시나공)프로그래밍기능사 . [2]: 실기 기본서,2026년부터 정보처리기능사가 ‘프로그래밍기능사’로 이름과 출제기준이 전면 개편된다. 바뀐 출제기준을 100% 반영하였다. NCS 학습 모듈을 가이드 삼아 자세한 설명과 충분한 예제를 더한 후 기초가 없는 수험생도 이해할 수 있도록 최대한 쉽게 설명하고 출제 예상 문제를 같이 수록했다.,https://shopping-phinf.pstatic.net/main_5854263/58542632264.20260331114706.jpg, 길벗알앤디 지음, 길벗,2026
총류,(비전공자도 이해할 수 있는)AI 지식,"인공지능이란 도구가 주어진 시대에, 다양한 사람이 인공지능을 이해하고 자신의 분야에서 활용할 수 있게 돕기 위해 쓰였다. 관련 공부를 해본 적 없는 사람들, 과학.수학이 낯선 문과생까지도 인공지능 기술의 역사와 원리를 이해할 수 있게 교양 수준으로 쉽게 풀어냈다.",https://image.aladin.co.kr/product/28968/75/cover500/k382836727_2.jpg, 박상길 지음;정진호 그림, 반니,2022
총류,(2026 시나공)프로그래밍기능사 . [1]: 필기 기본서,"출제기준이 전면 개편된 새 시험에 맞춰 NCS 기반 이론과 예제를 쉽게 정리하고 유사 기출·예상문제로 첫 시험 대비를 강화했다. 이론-문제-요약 3단 구성, 난도 등급, 모의고사 5회, 무료 강의와 학습 자료로 효율적 준비가 가능하다.",https://shopping-phinf.pstatic.net/main_5802191/58021910550.20260331122308.jpg, 길벗 R&D 지음, 길벗,2026
총류,(2022 시나공)컴퓨터활용능력 2급 필기,"실제 시험의 출제 경향을 친절하게 짚어주고, 자주 시험에 나온 내용은 확실히 강조하여 혼자서도 충분히 공부할 수 있게 도와준다. 지금까지 출제된 모든 기출문제를 통계적으로 분석하여 시험에 나오는 것만 골라 106개의 섹션, 335개의 필드로 정리하였다.",https://image.aladin.co.kr/product/28139/65/cover500/k442734655_2.jpg, 길벗알앤디 지음, 길벗,2021
총류,(2022 시나공)컴퓨터활용능력 2급 필기,"실제 시험의 출제 경향을 친절하게 짚어주고, 자주 시험에 나온 내용은 확실히 강조하여 혼자서도 충분히 공부할 수 있게 도와준다. 지금까지 출제된 모든 기출문제를 통계적으로 분석하여 시험에 나오는 것만 골라 106개의 섹션, 335개의 필드로 정리하였다.",https://image.aladin.co.kr/product/28139/65/cover500/k442734655_2.jpg, 길벗알앤디 지음, 길벗,2021
총류,(이렇게 기막힌 적중률)워드프로세서 실기 기본서,한글 2020 버전을 적용하여 수험생들이 보고 따라하기만 해도 실력이 쑥쑥! 합격에 한 발짝 다가갈 수 있도록 구성했다.,https://image.aladin.co.kr/product/27608/65/cover500/893146455x_1.jpg," 송재현,영진정보연구소 공저", 영진닷컴,2021
총류,(이렇게 기막힌 적중률)워드프로세서 실기 기본서,한글 2020 버전을 적용하여 수험생들이 보고 따라하기만 해도 실력이 쑥쑥! 합격에 한 발짝 다가갈 수 있도록 구성했다.,https://image.aladin.co.kr/product/27608/65/cover500/893146455x_1.jpg," 송재현,영진정보연구소 공저", 영진닷컴,2021
총류,모두의 라즈베리 파이 with 파이썬,"먼저 라즈베리 파이가 무엇인지 알아보고, 복잡한 운영체제 설치, 환경 설정 과정은 그림만 보고도 따라 할 수 있게 알려준다. 146개의 예제와 56개의 도해로 파이썬 프로그래밍을 쉽고 확실하게 배우고, 이렇게 배운 프로그래밍과 전자 회로 공작을 통해 각종 입출력 부품도 다뤄 본다.",https://image.aladin.co.kr/product/8514/39/cover500/k872535778_1.jpg, 이시이 모루나;에사키 노리히데 [공]지음;서수환 옮김, 길벗,2016
총류,Java의 정석. 2,저자는 자바를 소개하는데 그치지 않고 프로그래머로써 꼭 알아야하는 내용들을 체계적으로 정리하였으며 200페이지에 달하는 지면을 객체지향개념에 할애함으로써 이 책 한 권이면 객체지향개념을 완전히 이해할 수 있도록 원리중심으로 설명하고 있다.,https://image.aladin.co.kr/product/7608/30/cover500/8994492038_1.jpg, 남궁성 지음, 도우,2016
총류,Java의 정석. 2,저자는 자바를 소개하는데 그치지 않고 프로그래머로써 꼭 알아야하는 내용들을 체계적으로 정리하였으며 200페이지에 달하는 지면을 객체지향개념에 할애함으로써 이 책 한 권이면 객체지향개념을 완전히 이해할 수 있도록 원리중심으로 설명하고 있다.,https://image.aladin.co.kr/product/7608/30/cover500/8994492038_1.jpg, 남궁성 지음, 도우,2016
총류,라즈베리파이 3을 이용한 사물인터넷 기초부터 실무까지,"파이선은 문법이 매우 간단하다. 배우기 쉬울 뿐 아니라, OOP를 기반으로 하고 있기 때문에 초보자들이 라이브러리로 활용할 수 있는 장점을 가진 언어이다. 이 책은 Language에 익숙하지 않은 독자들을 위하여 4편으로 구성하였다.",https://image.aladin.co.kr/product/9112/54/cover500/8938110540_1.jpg, 김경희;김장욱;김경연 [공]지음, 동일출판사,2016
총류,(1인 개발자를 위한) 처음 시작하는 유니티: 슈팅 게임편,"유니티를 활용한 게임 개발에 관심 있는 초보자를 대상으로 하는 교재. 게임 개발에 대해 잘 몰라도, 유니티 프로그램이 어렵게만 느껴져도 책의 처음부터 끝까지 차근차근 따라 하다보면 게임의 기본적인 뼈대를 만들 수 있도록 구성되어 있다.",https://image.aladin.co.kr/product/10235/6/cover500/8960882003_1.jpg, 이동훈 지음, 디지털북스,2017
총류,디스커버리 Go 언어,"Go는 범용 프로그래밍 언어로, 깔끔하고 간결하게 생산성 높은 프로그래밍이 가능하다. 작성한 코드를 빠르게 컴파일하고 가비지 컬렉션을 지원하며, 정적 자료형 언어이지만 동적 자료형 언어로 프로그램을 작성하는 것 같은 기분을 느끼게 해주는 매력적인 언어다.",https://image.aladin.co.kr/product/7878/61/cover500/8968482683_1.jpg, 염재현 지음, 한빛미디어,2016
총류,(STM32F1 시리즈를 이용한) ARM Cortex-M3 구조와 응용,,https://image.aladin.co.kr/product/9212/40/cover500/k732535012_1.jpg, 차동혁;김재일 [공]지음, 홍릉과학출판사,2016
총류,이것이 자바다,15년 이상 자바 언어를 교육해온 자바 전문강사의 노하우를 아낌 없이 담아낸 자바 입문서. 저자 직강의 인터넷 강의와 Q/A를 위한 커뮤니티(네이커 카페)까지 무료로 제공하여 자바 개발자로 가는 길을 안내한다.,https://image.aladin.co.kr/product/5056/31/cover500/8968481474_2.jpg, 신용권 지음, 한빛미디어,2016
총류,(당신을 야근에서 구해줄 무기)데이터 리터러시,"데이터 리터러시, 최소한의 노력으로 마스터하자. 코딩 말고, 엑셀로 데이터 분석할 수 있도록 돕는 책이다.",https://image.aladin.co.kr/product/29697/91/cover500/k742838791_1.jpg, 피터 지음, 비제이퍼블릭,2022
총류,데이터 사이언티스트 실전 노트,막연하게 데이터 사이언티스트를 꿈꾸는 것은 이제 그만! 데이터 사이언티스트의 업무가 무엇인지 정확히 이해하고 그 업무를 해결하기 위한 필수 역량이 적힌 체크리스트를 확인해 보자.,https://image.aladin.co.kr/product/29697/83/cover500/k752838791_2.jpg, 이지영 지음, 비제이퍼블릭,2022
총류,데이터로 전문가처럼 말하기,"다양한 표현 도구와 시각적 요소를 활용해 데이터를 효과적으로 나타내는 방법과 이를 설득력 있게 전달하는 결과물 도출 방법을 안내한다. 데이터에는 어떤 종류가 있는지, 어떤 차트를 사용해야 효과적으로 정보를 전달할 수 있는지는 알 수 있다.",https://image.aladin.co.kr/product/30041/42/cover500/k532839363_1.jpg, 칼 올친 지음;이한호 옮김, 한빛미디어,2022
총류,똑똑한 코드 작성을 위한 실전 알고리즘,"소프트웨어 개발에서 가장 많이 활용되는 핵심 알고리즘을 각각 언제, 어떻게 사용하면 좋은지 단계별로 상세히 알려준다. 알고리즘 진행 과정을 시각화한 그림과 함께 예제 코드를 한 줄씩 알기 쉽게 설명하며, 성능을 직접 측정해볼 수 있도록 실행 가능한 코드를 제공한다.",https://image.aladin.co.kr/product/29484/86/cover500/k582837435_1.jpg, 조지 하이네만 지음;윤대석 옮김, 한빛미디어,2022
총류,"인공지능, 너 때는 말이야","청소년 미래 생존 프로젝트 2권. 기술이 만드는 디지털 트랜스포메이션을 다루고 있다. 이 책은 다양한 분야에서 현재 진행되고 있는 디지털 트랜스포메이션의 사례를 소개함으로써, MZ세대가 자신의 꿈을 이루는 데 도움을 주기 위해 만들어졌다.",https://image.aladin.co.kr/product/27571/11/cover500/k952733013_1.jpg, 정동훈 지음, 넥서스,2021
총류,자바 웹 개발 워크북,"직접 손으로 친 코드를 몸으로 익히며 스스로 학습할 수 있도록 돕는다. 과거에서 현재, 최근 개발을 주도하는 스프링 기반 웹 개발에 필요한 기술들을 순차적으로 학습한다. 또 최근 실무에서 주도하는 기술, 스프링 프레임워크 기반의 자바 웹 프로그래밍 로드맵을 제안한다.",https://image.aladin.co.kr/product/29875/95/cover500/8965403340_1.jpg, 구멍가게 코딩단 지음, 프리렉,2022
총류,(1인 개발자를 위한) 처음 시작하는 유니티: 슈팅 게임편,"유니티를 활용한 게임 개발에 관심 있는 초보자를 대상으로 하는 교재. 게임 개발에 대해 잘 몰라도, 유니티 프로그램이 어렵게만 느껴져도 책의 처음부터 끝까지 차근차근 따라 하다보면 게임의 기본적인 뼈대를 만들 수 있도록 구성되어 있다.",https://image.aladin.co.kr/product/10235/6/cover500/8960882003_1.jpg, 이동훈 지음, 디지털북스,2017
총류,파이써닉한 파이썬을 익히는 간결한 안내서,"군더더기 없는 설명, 간결한 예제로 배우는 최신 파이썬 프로그래밍 레퍼런스. 전반부에서 기초적인 파이썬 문법을 쉽고 간결하게 정리하고 있다. 중반 이후부터는 고급 사용자를 위한 프로토콜, 객체, 제너레이터, 비동기 등 파이썬 개발에서 핵심이 되는 주제를 심도 있게 다룬다.",https://image.aladin.co.kr/product/29949/97/cover500/8966263658_1.jpg, 데이비드 M. 비즐리 지음;송현제 옮김, 인사이트,2022
총류,이독,50만 독자들의 독서 습관을 잡아준 스테디셀러 <독서 천재가 된 홍 대리>의 전면개정판이다. 출간과 동시에 국내에 책 읽기 열풍을 일으키며 성공한 독서가들의 독서 바이블로 자리매김한 책이다.,https://image.aladin.co.kr/product/13494/44/cover500/k532532503_1.jpg, 이지성;스토리베리 지음, 차이정원,2018
총류,이기적 워드프로세서 필기 최신문제집,"워드프로세서 필기 시험을 준비하는 수험생을 위한 기출문제집으로서 문제은행식 워드프로세서 필기 시험에 최적화된 기출문제집이다. 총 20회의 풍성한 기출문제 구성과 핵심 이론 포인트, 자주 출제되는 기출문제 모음까지 준비되어 있다.",https://image.aladin.co.kr/product/29898/77/cover500/8931466331_1.jpg, 김옥남;이상미 지음, 영진닷컴,2022
총류,스프링 부트와 AWS로 혼자 구현하는 웹 서비스,"스프링 부트와 AWS로 웹 서비스를 구현한다. JPA와 JUnit 테스트, 그레이들, 머스테치, 스프링 시큐리티를 활용한 소셜 로그인 등으로 애플리케이션을 개발하고, 뒤이어 AWS 인프라의 기본 사용법과 AWS EC2와 RDS를 사용해 서비스가 가능하도록 한다.",https://image.aladin.co.kr/product/21856/89/cover500/8965402603_2.jpg, 이동욱 지음, 프리렉,2019
총류,라즈베리 파이로 구현하는 사물 인터넷 프로젝트,"라즈베리 파이로 할 수 있는 거의 모든 것들을 방대하게 다루는 책이다. 라즈베리 파이의 기본 구성과 개념을 소개하고, 초보 프로그래머나 아이들을 대상으로 스크래치를 통해 라즈베리 파이를 제어하는 방법을 설명한다.",https://image.aladin.co.kr/product/5526/95/cover500/8998139936_1.jpg, 국중진, 위키북스,2015
총류,라즈베리 파이로 구현하는 사물 인터넷 프로젝트,"라즈베리 파이로 할 수 있는 거의 모든 것들을 방대하게 다루는 책이다. 라즈베리 파이의 기본 구성과 개념을 소개하고, 초보 프로그래머나 아이들을 대상으로 스크래치를 통해 라즈베리 파이를 제어하는 방법을 설명한다.",https://image.aladin.co.kr/product/5526/95/cover500/8998139936_1.jpg, 국중진, 위키북스,2015
총류,라즈베리 파이로 구현하는 사물 인터넷 프로젝트,"라즈베리 파이로 할 수 있는 거의 모든 것들을 방대하게 다루는 책이다. 라즈베리 파이의 기본 구성과 개념을 소개하고, 초보 프로그래머나 아이들을 대상으로 스크래치를 통해 라즈베리 파이를 제어하는 방법을 설명한다.",https://image.aladin.co.kr/product/5526/95/cover500/8998139936_1.jpg, 국중진, 위키북스,2015
총류,"학교도서관, 희망을 꿈꾸다","전국학교도서관담당교사모임의 회원들이 자신들의 체험을 밑바탕 삼아 진정한 독서교육 공간으로서 학교도서관이 어떠해야 하는지 적극적인 대안과 메시지를 담은 책. 도서관을 운영하고 꾸미기 위한 기초적인 내용부터 시작해, 한 단계 더 나아간 활동까지, 사례와 예시를 곁들여 자세히 설명한 도서관 운영 길라잡이다.",https://image.aladin.co.kr/product/90/97/cover500/8980406339_1.jpg, 전국학교도서관담당교사모임 지음, 우리교육,2007
총류,칼리 리눅스로 파헤치는 도커 해킹,"보안 관제, 모의 해킹 등의 직군이라면 꽤 유용한 배포판이라고 할 수 있다. 리눅스 명령어에 익숙하지 않아 고전하는 입문자를 위해 이 책에서는 이해하는 데 필요한 명령어를 간단하게 설명한다.",https://image.aladin.co.kr/product/24112/28/cover500/k242639639_1.jpg, 문성호 지음, 비제이퍼블릭,2020
총류,자바스크립트는 왜 그 모양일까?,"자바스크립트라는 언어 자체에 대해 모든 개발자가 알아야 할 것들을 다룬다. 특히 자바스크립트를 철저하게 재평가하여 자바스크립트는 어떻게 동작하며, 어떻게 더 나은 언어가 될 수 있는지, 그리고 어떻게 더 잘 사용될 수 있는지를 다룬다.",https://image.aladin.co.kr/product/24060/31/cover500/8966262597_1.jpg, 더글러스 크락포드 지음;박수현 옮김, 인사이트,2020
총류,(당신의 호기심을 풀어보는)신비한 파이썬 프로젝트,"다양한 프로젝트로 새로운 파이썬 기술을 익히거나 창의적인 프로그래밍을 배워볼 수 있다. 미국 남북전쟁 암호 해독, 외계 화산 시뮬레이션, 대형 금융 거래, 벤포드 법칙을 이용한 사기 탐지 등 다양한 프로젝트를 수행해 보면서 파이썬 라이브러리와 모듈에 관한 지식을 쌓아본다.",https://image.aladin.co.kr/product/23994/47/cover500/8931462085_1.jpg, 이 본 지음;전인표 역, 영진닷컴,2020
총류,Git 교과서,"대표적인 버전 관리 시스템인 깃의 설치부터 커밋, 브랜치, 임시 처리, 병합, 복귀, 서브모듈, 태그까지 깃 입문자가 꼭 알아야 할 내용을 설명한 책이다.",https://image.aladin.co.kr/product/23546/15/cover500/k872638022_1.jpg, 이호진 지음, 길벗,2020
총류,(서비스 운영이 쉬워지는)AWS 인프라 구축 가이드,"위키북스 클라우드 컴퓨팅 시리즈 4권. AWS나 클라우드 환경에 익숙하지 않은 분들이 AWS 서비스를 잘 활용해 실전에서 바로 서비스를 운영할 수 있게 도와준다. 기초적인 서버 구성 방법부터 배포, 모니터링, CI/CD 같은 고도화 등 운영 서버 관리에 필요한 모든 영역을 다룬다.",https://image.aladin.co.kr/product/17897/28/cover500/k812534832_1.jpg, 김담형 지음, 위키북스,2019
총류,Node.js 교과서,"서버와 데이터베이스 개념을 시작으로 노드의 기본 개념을 차근차근 설명해나간다. 군더더기 없는 직관적인 설명, 풍부한 그림으로 기본 개념을 확실히 이해하고, 노드의 기능과 생태계를 사용해보며 실제로 동작하는 서버를 만들어 볼 수 있다.",https://image.aladin.co.kr/product/15837/93/cover500/k422533335_1.jpg, 조현영 지음, 길벗,2018
총류,(WinAVR 컴파일러를 사용한)AVR ATmega128 마이크로컨트롤러 활용,"입문부터 장비제어까지 상세하게 살펴보는 책. 마이크로컨트롤러를 배우는 동시에 C-언어의 프로그래밍 능력을 향상 시킬 수 있게 한 교재. 마이크로컨트롤러의 기본사항을 살펴보고, C-언어를 사용한 마이크로컨트롤러 활용 기초를 살펴본다.",https://image.aladin.co.kr/product/18591/78/cover500/k562635068_1.jpg, 이인석 지음, 홍릉과학출판사,2019
총류,STM32CubeIDE를 이용한 STM32 따라하기,"사용자 중심의 임베디드 시스템 설계 환경이 구축되는 분위기 속, 자료는 방대하지만 실무에 활용 가능한 정보는 흩어져 있다. 이 책은 ST에서 제공하는 최신 STM32CubeIDE 개발 툴을 활용하여 실무에 바로 적용 가능한 실습 예제들을 담았다.",https://image.aladin.co.kr/product/24307/89/cover500/k202630593_1.jpg, 김남수 지음, 북랩,2020
총류,팀 개발을 위한 Git·GitHub 시작하기,"깃과 깃허브의 전체 과정을 먼저 따라하며, 소스트리를 사용해 깃과 깃허브에 대한 접근성을 낮췄다. 스토리텔링을 통해 버전관리가 이뤄지는 원리를 학습하며, 커맨드라인을 사용한다.",https://image.aladin.co.kr/product/22332/32/cover500/k712636023_1.jpg," 정호영,진유림 [공]지음", 한빛미디어,2020
총류,(사물인터넷을 위한)리눅스 프로그래밍 with 라즈베리 파이,"라즈베리 파이 같은 오픈 소스 하드웨어와 소프트웨어를 융합한 IoT 제품을 개발할 수 있도록 GPIO를 이용한 기본적인 하드웨어 개발에서부터 리눅스 프로그래밍, 멀티미디어 프로그래밍, 3D 프로그래밍, 인공지능(딥러닝) 등 다양한 내용을 담고 있다.",https://image.aladin.co.kr/product/23398/72/cover500/k162637217_1.jpg, 서영진 지음, 제이펍,2020
총류,인공지능 100점을 위한 파이썬 수학,고등학교 수준의 수학적 지식을 파이썬과 함께 다루며 인공지능을 향한 첫 걸음을 내딜수 있게 돕는다. 인공지능 학습은 지도학습으로 시작된다. MNIST 손글씨 데이터를 이용해 컴퓨터가 학습한 후 제대로 된 대답을 할 수 있게 천천히 진행한다.,https://image.aladin.co.kr/product/23834/82/cover500/k482639389_1.jpg, 임성국 지음, 비제이퍼블릭,2020
총류,금융 데이터를 위한 파이썬,"비전문가가 금융 데이터를 ‘쉽고’, ‘빠르게’ 수집 ? 분석 ? 활용할 수 있는 방법을 소개한다. 또한 부동산, 주식 투자, 재무제표 등 실생활에 적용 가능한 금융 관련 소재를 다뤄 누구나 쉽고 흥미롭게 접근 가능하다.",https://image.aladin.co.kr/product/24292/58/cover500/k172630784_2.jpg, 테리엇 지음, 비제이퍼블릭,2020
총류,신문 읽기의 혁명. 2,"'편집을 읽어야 기사가 보인다'고 말했던 <신문읽기의 혁명>이 출간된 이후 10년이 지났다. 그 10년 간 언론의 역사를 되짚어보면 언론개혁운동, 인터넷신문, 블로거, 미디어법 등 굵직한 키워드들이 나타난다. <신문읽기의 혁명2>는 그 변화상을 차분히 해설하기 위한 손석춘의 답변이다.",https://image.aladin.co.kr/product/491/12/cover500/895769109x_1.jpg, 손석춘 지음, 개마고원,2009
총류,절대지식 세계고전,"<교양으로 읽어야 할 절대지식> 개정판. 고전 200여 권의 내용을 다이제스트한 초판본 가운데 반드시 읽어야 할 핵심 고전 94권을 선정해 고전의 정수만을 모았다. 책의 판형은 신국판형인 초판본에 비해 읽기에 편한 4*6판형으로 제작해 가독성을 높였고, 종이도 재생지를 사용해 무게를 줄이면서 휴대하기 편하도록 배려했다.",https://image.aladin.co.kr/product/725/63/cover500/8988350995_1.jpg, 사사키 다케시 외 지음;윤철규 옮김, 이다미디어,2010
총류,(오준석의)안드로이드 생존코딩,"소문난 명강의 시리즈. 기본을 빠르게 익히고 나서 현업에서 사용하는 라이브러리와 프레임워크로 앱을 효과적으로 만드는 방법을 알려주는 입문 + 활용서이다. 코틀린을 몰라도, 안드로이드를 몰라도 안드로이드 앱을 만들 수 있다.",https://image.aladin.co.kr/product/16846/36/cover500/k482534873_1.jpg, 오준석 지음, 한빛미디어,2018
총류,(핵심만 골라 배우는)코틀린 프로그래밍,"코틀린 기본 문법에 충실한 설명과 예제로 구성되었으며, 이를 통해 코틀린 언어의 핵심을 일목요연하고 깊이 있게 파악할 수 있다. 코틀린으로 작성된 소스 코드는 코틀린 컴파일러에 의해 JVM에서 실행되는 바이트 코드로 생성되므로 자바와 100% 호환된다.",https://image.aladin.co.kr/product/13492/85/cover500/k292532502_1.jpg, 심재철 지음, Jpub,2018
총류,(초보자를 위한)Kotlin 200제,"프로그래밍 입문자의 시선에서 코틀린을 설명한 입문서. 코틀린은 함수형 프로그래밍을 지원하는 언어이기 때문에 문제 접근 방식이 객체지향 언어인 자바와는 조금 다르다. 코틀린은 자바에서 지나치게 길었던 상용구 코드를 줄여주는 문법들이 있으며, 자바에 비해 더 안전한 코드를 작성할 수 있도록 해준다.",https://image.aladin.co.kr/product/14577/24/cover500/8956747814_1.jpg, 엄민석 지음, 정보문화사,2018
총류,베가스 프로 16,"영상 편집 입문자가 베가스 프로 16을 통해 쉽고 빠르게 영상 편집을 배울 수 있도록 35가지 챕터로 나눠서 실습과 함께 설명한다. 실습에 필요한 동영상, 이미지, 오디오와 함께 실습의 결과로 생성되는 예시 영상도 함께 제공하여 독자가 책의 내용을 제대로 따라하였는지 확인할 수 있다.",https://image.aladin.co.kr/product/18581/43/cover500/8983799854_1.jpg, 김성욱 지음, 혜지원,2019
총류,(맛있는 디자인)프리미어 프로＆애프터 이펙트 CC 2019,"영상 제작과 편집에 꼭 필요한 프리미어 프로와 애프터 이펙트를 한 번에 쉽게 배울 수 있다. 영상, 모션 그래픽 제작 및 편집 필수 기능만 골라 담아 부담 없이 학습할 수 있으며, 두 프로그램을 따로따로 배우는 것보다 효과적으로 익힐 수 있다.",https://image.aladin.co.kr/product/17915/10/cover500/k652534937_1.jpg," 김덕영 외 지음,심수진,윤성우,이수정", 한빛미디어,2019
총류,(현업 최고의 안드로이드 개발자가 알려 주는)안드로이드 개발 레벨업 교과서,안드로이드 프로그래밍을 어느 정도 할 수 있게 됐지만 한걸음 더 나아가고 싶어 하는 이들을 위한 책이다. 만들고 싶은 앱은 대충 만들 수 있지만 더 효율적인 개발 방법과 가독성 높은 설계를 하고자 할 때 참고할 수 있도록 구성하였다.,https://image.aladin.co.kr/product/11042/78/cover500/k142531173_1.jpg, 쯔쯔이 순스케 외 지음;김성훈 옮김, 위키북스,2017
총류,앱 인벤터로 도전! 안드로이드 앱 디벨로퍼,코더블(Codable)이라는 IT교육 기업이 개발한 이 책은 앱 인벤터로 개발한 앱을 실제로 단계별로 따라 해 보면서 활용할 수 있도록 아예 QR코드를 매 장 앞부분에 넣었다. QR코드로 앱이 인식되는 것을 보면서 앞으로 개발할 앱을 짐작할 수 있다.,https://image.aladin.co.kr/product/9062/45/cover500/8931554516_1.jpg, 코더블 지음, BM성안당,2016
총류,독서교육의 이해,,https://image.aladin.co.kr/product/5585/37/cover500/8976782615_1.jpg, 변우열 저, 한국도서관협회,2014
총류,학교도서관 경영 통론,,https://image.aladin.co.kr/product/13783/65/cover500/8993419922_1.jpg, 이병기 지음, 조은글터,2019
총류,(Do it!)자료구조와 함께 배우는 알고리즘 입문,"213개의 그림과 함께 저자의 친절한 설명으로 개념을 쉽게 이해할 수 있다. 이를 바탕으로 136개의 파이썬 실습 예제로 직접 코딩하며 개발 능력을 키울 수 있다. 눈으로 읽고, 코드를 한 줄씩 입력하다 보면 어느새 자료구조와 알고리즘은 여러분의 것이 될 것이다.",https://image.aladin.co.kr/product/24643/56/cover500/k892631393_1.jpg, 시바타 보요 지음;강민 옮김, 이지스퍼블리싱,2020
총류,(Do it!)자료구조와 함께 배우는 알고리즘 입문,"213개의 그림과 함께 저자의 친절한 설명으로 개념을 쉽게 이해할 수 있다. 이를 바탕으로 136개의 파이썬 실습 예제로 직접 코딩하며 개발 능력을 키울 수 있다. 눈으로 읽고, 코드를 한 줄씩 입력하다 보면 어느새 자료구조와 알고리즘은 여러분의 것이 될 것이다.",https://image.aladin.co.kr/product/24643/56/cover500/k892631393_1.jpg, 시바타 보요 지음;강민 옮김, 이지스퍼블리싱,2020
총류,면접을 위한 CS 전공지식 노트,"디자인 패턴, 네트워크, 운영체제, 데이터베이스, 자료 구조 등 면접에 필요한 CS 전공지식을 모두 담고 있다. 200여 개의 그림과 코드로 이론을 자세히 설명하고, 실무 활용법을 함께 다뤄 이론과 실무를 놓치지 않고 학습할 수 있도록 구성했다.",https://image.aladin.co.kr/product/29281/57/cover500/k382837902_1.jpg, 주홍철 지음, 길벗,2022
총류,면접을 위한 CS 전공지식 노트,"디자인 패턴, 네트워크, 운영체제, 데이터베이스, 자료 구조 등 면접에 필요한 CS 전공지식을 모두 담고 있다. 200여 개의 그림과 코드로 이론을 자세히 설명하고, 실무 활용법을 함께 다뤄 이론과 실무를 놓치지 않고 학습할 수 있도록 구성했다.",https://image.aladin.co.kr/product/29281/57/cover500/k382837902_1.jpg, 주홍철 지음, 길벗,2022
총류,면접을 위한 CS 전공지식 노트,"디자인 패턴, 네트워크, 운영체제, 데이터베이스, 자료 구조 등 면접에 필요한 CS 전공지식을 모두 담고 있다. 200여 개의 그림과 코드로 이론을 자세히 설명하고, 실무 활용법을 함께 다뤄 이론과 실무를 놓치지 않고 학습할 수 있도록 구성했다.",https://image.aladin.co.kr/product/29281/57/cover500/k382837902_1.jpg, 주홍철 지음, 길벗,2022
총류,면접을 위한 CS 전공지식 노트,"디자인 패턴, 네트워크, 운영체제, 데이터베이스, 자료 구조 등 면접에 필요한 CS 전공지식을 모두 담고 있다. 200여 개의 그림과 코드로 이론을 자세히 설명하고, 실무 활용법을 함께 다뤄 이론과 실무를 놓치지 않고 학습할 수 있도록 구성했다.",https://image.aladin.co.kr/product/29281/57/cover500/k382837902_1.jpg, 주홍철 지음, 길벗,2022
총류,(생활코딩!)자바 프로그래밍,"생활코딩에서 제공하는 수업 가운데 생활코딩 'Java1' 수업과 '제어문', '메서드', '객체지향프로그래밍', '상속' 수업을 정리했다. 이 수업은 프로그래밍을 처음 시작하는 분들의 눈높이에 맞게 만들어진 강의로서 동영상이나 텍스트만으로도 학습할 수 있게 만들어졌다.",https://image.aladin.co.kr/product/28736/71/cover500/k572836780_1.jpg, 이고잉 지음, 위키북스,2022
총류,쉽게 배우는 자료구조 with 파이썬,기본 자료구조와 알고리즘을 밀도 있게 풀어낸 기본서다. 기본 원리는 이해하기 쉽게 단계별로 차근차근 설명하면서도 구현을 위해 논리의 골격을 구성해가는 과정에서는 저자의 내공까지 충실하게 담았다.,https://image.aladin.co.kr/product/28737/82/cover500/k562836784_1.jpg, 문병로 지음, 한빛아카데미,2022
총류,(인사이드)안드로이드 OS,"임베디드 디바이스에 안드로이드를 커스터마이징 및 통합하고, 성공적인 안드로이드 기반 제품을 제작 혹은 운영하고자 하는 전문 기술자를 위한 종합 안내서이자 참고서다. 예제 코드가 풍부하게 제공되어 자신만의 코드를 생성할 수 있다는 자신감을 갖게 될 것이다.",https://image.aladin.co.kr/product/28871/22/cover500/k212836309_1.jpg," G. 블레이크 마이크,래리 쉬퍼 지음;류진훈 옮김", 워키북스,2022
총류,자바스크립트 프로그래밍 입문,"자바스크립트의 기본 단계와 응용 단계로 나누어 다룬다. 기본 단계에서 자바스크립트의 특징과 문법을 익히고, 응용 단계에서 여러 라이브러리를 이용해 프로그램을 완성해 볼 수 있다.",https://image.aladin.co.kr/product/28575/16/cover500/k662835349_1.jpg, 윤인성 지음, 한빛아카데미,2022
총류,자바스크립트 프로그래밍 입문,"자바스크립트의 기본 단계와 응용 단계로 나누어 다룬다. 기본 단계에서 자바스크립트의 특징과 문법을 익히고, 응용 단계에서 여러 라이브러리를 이용해 프로그램을 완성해 볼 수 있다.",https://image.aladin.co.kr/product/28575/16/cover500/k662835349_1.jpg, 윤인성 지음, 한빛아카데미,2022
총류,컴파일러 개발자가 들려주는 C 이야기,최고의 C 프로그래머들이 사용한 코딩 테크닉을 보여준다. 이러한 코딩 기법과 전략은 다른 프로그래밍 언어에도 적용할 수 있다. 저자는 썬 마이크로시스템즈의 컴파일러/운영 체제 커널 부문에서 근무한 실무 경험을 바탕으로 실용적인 사례들을 쉽고 재미있는 방식으로 풀어낸다.,https://image.aladin.co.kr/product/28612/87/cover500/8966263313_1.jpg, 페터르 판데르린던 지음;정기훈 옮김, 인사이트,2022
총류,쿠버네티스 입문,"쿠버네티스의 주요 요소를 충실하게 설명하려고도 노력했을 뿐만 아니라, 운용할 때 필요한 여러 가지 부가 기술도 함께 담았다. 또한 저자와 함께 많은 독자가 실제 실습하면서 발생할 수 있는 여러 가지 문제 사항에 대처하는 TIP을 담으려고 노력했다.",https://image.aladin.co.kr/product/22453/72/cover500/k802636422_1.jpg, 정원천 외 지음, 동양북스,2020
총류,파이썬 라이브러리를 활용한 머신러닝,"사이킷런의 핵심 개발자가 복잡한 수학을 동원하지 않고 실용적으로 머신러닝을 구축하는 모든 단계를 설명한다. 미적분, 선형대수, 확률 이론을 공부하지 않았어도 이 책을 통해 머신러닝을 활용할 수 있게 될 것이다.",https://image.aladin.co.kr/product/28973/52/cover500/k772836825_1.jpg," 안드레아스 뮐러,세라 가이도 지음;박해선 옮김", 한빛미디어,2022
총류,(파이썬으로 만드는)나만의 게임,"파이썬의 기초 지식과 응용 지식을 함께 함양한다. 기본 문법과 연산자, 제어문, 함수를 익히며 프로젝트를 실습하고, 이 과정에서 파이썬 문법에 대한 기본기를 완전히 습득할 수 있다. 실제 실습을 통하여 코딩에 대한 기본기를 성장시킬 수 있다.",https://image.aladin.co.kr/product/28715/36/cover500/k152836669_1.jpg, 이수안 지음, 비제이퍼블릭,2022
총류,(2022 시나공)정보처리기능사,2022 시나공 정보처리기능사 실기는 NCS 학습 모듈을 가이드 삼아 실무에서 방대하게 다뤄지는 내용들을 압축하여 최대한 쉽게 수록했다. 예제나 문제는 간단해 보이지만 원론을 이해하기 쉽도록 간략하게 구성한 것으로 교재의 내용만 이해하면 어떠한 변형 문제도 풀 수 있을 것이다.,https://image.aladin.co.kr/product/28918/6/cover500/k652836016_1.jpg, 길벗알앤디 지음;윤석남 그림, 길벗,2022
총류,(2022 시나공)정보처리기능사,2022 시나공 정보처리기능사 실기는 NCS 학습 모듈을 가이드 삼아 실무에서 방대하게 다뤄지는 내용들을 압축하여 최대한 쉽게 수록했다. 예제나 문제는 간단해 보이지만 원론을 이해하기 쉽도록 간략하게 구성한 것으로 교재의 내용만 이해하면 어떠한 변형 문제도 풀 수 있을 것이다.,https://image.aladin.co.kr/product/28918/6/cover500/k652836016_1.jpg, 길벗알앤디 지음;윤석남 그림, 길벗,2022
총류,(2022 시나공)정보처리기능사,2022 시나공 정보처리기능사 실기는 NCS 학습 모듈을 가이드 삼아 실무에서 방대하게 다뤄지는 내용들을 압축하여 최대한 쉽게 수록했다. 예제나 문제는 간단해 보이지만 원론을 이해하기 쉽도록 간략하게 구성한 것으로 교재의 내용만 이해하면 어떠한 변형 문제도 풀 수 있을 것이다.,https://image.aladin.co.kr/product/28918/6/cover500/k652836016_1.jpg, 길벗알앤디 지음;윤석남 그림, 길벗,2022
총류,(2022 시나공)정보처리기능사,2022 시나공 정보처리기능사 실기는 NCS 학습 모듈을 가이드 삼아 실무에서 방대하게 다뤄지는 내용들을 압축하여 최대한 쉽게 수록했다. 예제나 문제는 간단해 보이지만 원론을 이해하기 쉽도록 간략하게 구성한 것으로 교재의 내용만 이해하면 어떠한 변형 문제도 풀 수 있을 것이다.,https://image.aladin.co.kr/product/28918/6/cover500/k652836016_1.jpg, 길벗알앤디 지음;윤석남 그림, 길벗,2022
총류,(2022 시나공)컴퓨터활용능력 2급 필기,"실제 시험의 출제 경향을 친절하게 짚어주고, 자주 시험에 나온 내용은 확실히 강조하여 혼자서도 충분히 공부할 수 있게 도와준다. 지금까지 출제된 모든 기출문제를 통계적으로 분석하여 시험에 나오는 것만 골라 106개의 섹션, 335개의 필드로 정리하였다.",https://image.aladin.co.kr/product/28139/65/cover500/k442734655_2.jpg, 길벗알앤디 지음, 길벗,2021
총류,(2022 시나공)컴퓨터활용능력 2급 필기,"실제 시험의 출제 경향을 친절하게 짚어주고, 자주 시험에 나온 내용은 확실히 강조하여 혼자서도 충분히 공부할 수 있게 도와준다. 지금까지 출제된 모든 기출문제를 통계적으로 분석하여 시험에 나오는 것만 골라 106개의 섹션, 335개의 필드로 정리하였다.",https://image.aladin.co.kr/product/28139/65/cover500/k442734655_2.jpg, 길벗알앤디 지음, 길벗,2021
총류,TCG 일러스트 작법서,"게임 일러스트레이션을 그리기 위한 기초 가이드와 예제를 통해 쉽게 이해되는 CG 이론, 포토샵 사용법이 수록되어 있다. 상세한 튜토리얼을 포함한 해설과 실전에 많이 사용하는 팁 등으로 초보자와 입문자가 게임일러스트에 대해 이해하기 쉽게 구성되어 있다.",https://image.aladin.co.kr/product/6487/14/cover500/896088166x_1.jpg, 노진 저, 디지털북스,2015
총류,(만들면서 배우는) 라즈베리파이 라지그 프로젝트,커널연구회에서 진행하고 있는 만들기 프로젝트를 소개하는 책. 책의 내용은 커널연구회의 라지그 프로젝트를 수행하기 위해서 라즈베리파이를 어떻게 환경설정 하는지 설명하고 있다.,https://image.aladin.co.kr/product/8253/85/cover500/8997750070_1.jpg, 정재준 지음, 커널연구회,2016
총류,(처음 해보는) Servlet ＆ JSP 웹 프로그래밍,웹 프로그래밍을 처음 시작하는 독자를 위한 책이다. 웹 프로그래밍을 처음 접할 때 이 책에 담긴 내용만 정확하게 정립하면 어떠한 웹 기술에도 대응할 수 있게 구성하였다.,https://image.aladin.co.kr/product/10555/1/cover500/k972530233_1.jpg, 오정임 지음, 루비페이퍼,2017
총류,모두의 라즈베리 파이 with 파이썬,"먼저 라즈베리 파이가 무엇인지 알아보고, 복잡한 운영체제 설치, 환경 설정 과정은 그림만 보고도 따라 할 수 있게 알려준다. 146개의 예제와 56개의 도해로 파이썬 프로그래밍을 쉽고 확실하게 배우고, 이렇게 배운 프로그래밍과 전자 회로 공작을 통해 각종 입출력 부품도 다뤄 본다.",https://image.aladin.co.kr/product/8514/39/cover500/k872535778_1.jpg, 이시이 모루나;에사키 노리히데 [공]지음;서수환 옮김, 길벗,2016
총류,모두의 라즈베리 파이 with 파이썬,"먼저 라즈베리 파이가 무엇인지 알아보고, 복잡한 운영체제 설치, 환경 설정 과정은 그림만 보고도 따라 할 수 있게 알려준다. 146개의 예제와 56개의 도해로 파이썬 프로그래밍을 쉽고 확실하게 배우고, 이렇게 배운 프로그래밍과 전자 회로 공작을 통해 각종 입출력 부품도 다뤄 본다.",https://image.aladin.co.kr/product/8514/39/cover500/k872535778_1.jpg, 이시이 모루나;에사키 노리히데 [공]지음;서수환 옮김, 길벗,2016
총류,이것이 자바다,15년 이상 자바 언어를 교육해온 자바 전문강사의 노하우를 아낌 없이 담아낸 자바 입문서. 저자 직강의 인터넷 강의와 Q/A를 위한 커뮤니티(네이커 카페)까지 무료로 제공하여 자바 개발자로 가는 길을 안내한다.,https://image.aladin.co.kr/product/5056/31/cover500/8968481474_2.jpg, 신용권 지음, 한빛미디어,2016
총류,3ds Max 베이직클래스,단순히 3ds Max라는 툴을 배우는 것을 넘어 3d 모델링 기본 원리와 접근 방법을 제시한다. 3ds Max의 수없이 많은 기능을 의미 없이 따라 하기보다는 저자가 오랜 실무를 통해 얻은 경험을 토대로 학습을 저해하는 기능 설명은 자제하고 독자가 성취감을 느끼면서 학습할 수 있도록 구성했다.,https://image.aladin.co.kr/product/6865/57/cover500/k512434074_2.jpg, 이동후 지음, 루비페이퍼,2015
총류,(2022 시나공)정보처리기능사,2022 시나공 정보처리기능사 실기는 NCS 학습 모듈을 가이드 삼아 실무에서 방대하게 다뤄지는 내용들을 압축하여 최대한 쉽게 수록했다. 예제나 문제는 간단해 보이지만 원론을 이해하기 쉽도록 간략하게 구성한 것으로 교재의 내용만 이해하면 어떠한 변형 문제도 풀 수 있을 것이다.,https://image.aladin.co.kr/product/28918/6/cover500/k652836016_1.jpg, 길벗알앤디 지음;윤석남 그림, 길벗,2022
총류,"지적 대화를 위한 넓고 얕은 지식. 1: 철학, 과학, 예술, 종교, 신비 편","출간 즉시 베스트셀러를 기록한 <지적 대화를 위한 넓고 얕은 지식: 현실 세계 편>에 이은 두 번째 책. 이번에 출간한 현실 너머 편은 이제 그 세계를 넘어서 철학, 과학, 예술, 종교, 신비의 영역으로 이어진다.",https://image.aladin.co.kr/product/5177/66/cover500/8994120998_3.jpg, 채사장 지음;최광렬 그림, 한빛비즈,2015
총류,가상현실,"가상현실의 역사와 원리에서부터 일반인들도 쉽게 접할 수 있는 VR기기의 이용법, 흥미로운 가상현실 콘텐츠들, 가상현실 기술과 그 생태계를 둘러싸고 벌어지는 IT기업들의 치열한 경쟁 상황까지 우리가 가상현실에 대해 궁금해하는 모든 것을 한 권에 담았다.",https://image.aladin.co.kr/product/10189/34/cover500/8959894443_1.jpg, 오컴 지음, 미래의창,2017
총류,Java의 정석. 1,저자는 자바를 소개하는데 그치지 않고 프로그래머로써 꼭 알아야하는 내용들을 체계적으로 정리하였으며 200페이지에 달하는 지면을 객체지향개념에 할애함으로써 이 책 한 권이면 객체지향개념을 완전히 이해할 수 있도록 원리중심으로 설명하고 있다.,https://image.aladin.co.kr/product/7608/30/cover500/8994492038_1.jpg, 남궁성 지음, 도우,2016
총류,Java의 정석. 1,저자는 자바를 소개하는데 그치지 않고 프로그래머로써 꼭 알아야하는 내용들을 체계적으로 정리하였으며 200페이지에 달하는 지면을 객체지향개념에 할애함으로써 이 책 한 권이면 객체지향개념을 완전히 이해할 수 있도록 원리중심으로 설명하고 있다.,https://image.aladin.co.kr/product/7608/30/cover500/8994492038_1.jpg, 남궁성 지음, 도우,2016
총류,Java의 정석. 1,저자는 자바를 소개하는데 그치지 않고 프로그래머로써 꼭 알아야하는 내용들을 체계적으로 정리하였으며 200페이지에 달하는 지면을 객체지향개념에 할애함으로써 이 책 한 권이면 객체지향개념을 완전히 이해할 수 있도록 원리중심으로 설명하고 있다.,https://image.aladin.co.kr/product/7608/30/cover500/8994492038_1.jpg, 남궁성 지음, 도우,2016
총류,(시작하세요!)Cocos2d-x 3.0 프로그래밍,Cocos2d-x를 이용한 게임 개발에 대해 기초부터 중급까지 다루는 책. 읽기 쉬운 스타일로 핵심을 간파하는 쉬운 예제와 실행 화면으로 구성된 이 책은 Cocos2d-x 초보자는 물론 고급 독자가 모두 쉽고 빠르게 Cocos2d-x를 이해하고 사용할 수 있게 도와준다.,https://image.aladin.co.kr/product/3754/82/cover500/8998139464_1.jpg, 이재환 지음, 위키북스,2014
총류,펭귄은 왜 바다로 갔을까?,"꿈결 청소년 교양서 시리즈 꿈의 비행 시리즈 5권. 국립어린이청소년도서관에서 마련한 ‘청소년 인문학 강연’을 엮어낸 두 번째 책이다. 인문학을 환경, 역사, 고전문학, 사회, 과학, 동양철학, 문학, 예술이라는 8가지 주제별로 쉽고 재미있게 풀어내고 있다.",https://image.aladin.co.kr/product/4070/84/cover500/8998400235_2.jpg, 강유정 외 지음, 꿈결,2014
총류,(ARM으로 배우는)임베디드 리눅스 시스템,"임베디드 개념과 CPU 선택에서부터 커널 포팅, 디바이스 드라이버 개발, Qt 애플리케이션 개발, 안드로이드 탑재 등 임베디드 개발 전 과정을 다루는 책이다.",https://image.aladin.co.kr/product/3400/40/cover500/8968480680_1.jpg, 안효복 지음, 한빛미디어,2013
총류,IPTV 혁명,"세계 최고의 인터넷 왕국이며 IT강국인 우리나라가 새로운 메가미디어 시대에 또 한번의 성공역사를 만들기 위해 필요한 IPTV 성공전략과 해답을 제시한다. IPTV 서비스는 초고속 인터넷으로 TV 방송을 시청할 수 있는 서비스로, TV라는 방송분야와 초고속 인터넷이라는 통신분야가 융합한 서비스다. 실시간으로 방송을 시청할 수 있으며, 놓친 프로그램도 원하는 때에 다시 볼 수 있다.",https://image.aladin.co.kr/product/251/1/cover500/8992885075_1.jpg, 니시 타다시;하원규, 전자신문사,2008
총류,"지적 대화를 위한 넓고 얕은 지식. 1: 역사, 경제, 정치, 사회, 윤리 편","역사, 경제, 정치, 사회, 윤리 전 과정을 마치 하나의 천일야화처럼 재미있는 이야기로 자연스럽게 풀어낸다. 먼저 역사는 직선적 시간관에 의해 설명된다. 이 과정에서 원시시대부터 현대까지 기나긴 세계사가 자연스럽게 이해된다.",https://image.aladin.co.kr/product/4948/14/cover500/8994120963_1.jpg, 채사장 지음;최광렬 그림, 한빛비즈,2014
총류,(돈과 시간을 아껴주는)정보기기운용기능사,정보기기운용기능사 실기시험은 작업형으로 패킷 트레이서라고 불리는 시뮬레이션 연습 도구를 활용해 네트워크 환경을 직접 설정하는 작업이다. 각 기능별 유형예제를 제공함으로써 명령에 대한 이해와 함께 몸으로 익힐 수 있도록 충분한 실습 예제를 제공하고 있다.,https://image.aladin.co.kr/product/10396/91/cover500/k022536092_1.jpg, IT자격분석팀 지음, 시대인,2017
총류,(돈과 시간을 아껴주는)정보기기운용기능사,정보기기운용기능사 실기시험은 작업형으로 패킷 트레이서라고 불리는 시뮬레이션 연습 도구를 활용해 네트워크 환경을 직접 설정하는 작업이다. 각 기능별 유형예제를 제공함으로써 명령에 대한 이해와 함께 몸으로 익힐 수 있도록 충분한 실습 예제를 제공하고 있다.,https://image.aladin.co.kr/product/10396/91/cover500/k022536092_1.jpg, IT자격분석팀 지음, 시대인,2017
총류,(Win-Q)전자계산기기능사 필기 단기완성,수험생이 짧은 시간 안에 필기시험에 합격할 수 있도록 구성되었다. 특히 한국산업인력공단의 출제기준과 과년도 기출문제를 철저히 분석하여 핵심이론을 구성하였고 기출문제에도 상세한 해설을 첨부하였다.,https://image.aladin.co.kr/product/20520/78/cover500/k802635556_1.jpg, 이복자 지음, 시대고시기획,2020
총류,(2020 시나공)정보처리기능사 필기. [1],"실제 시험의 출제 경향을 친절하게 짚어주고, 자주 시험에 나온 내용은 확실히 강조하여 혼자서도 충분히 공부할 수 있게 도와준다. 지금까지 출제된 모든 기출문제를 통계적으로 분석하여 시험에 나오는 것만 골라 75개의 섹션, 263개의 필드로 정리하였다.",https://image.aladin.co.kr/product/21346/30/cover500/k112636682_1.jpg, 길벗R&D 지음, 길벗,2019
총류,(2020 시나공)정보처리기능사 필기. [1],"실제 시험의 출제 경향을 친절하게 짚어주고, 자주 시험에 나온 내용은 확실히 강조하여 혼자서도 충분히 공부할 수 있게 도와준다. 지금까지 출제된 모든 기출문제를 통계적으로 분석하여 시험에 나오는 것만 골라 75개의 섹션, 263개의 필드로 정리하였다.",https://image.aladin.co.kr/product/21346/30/cover500/k112636682_1.jpg, 길벗R&D 지음, 길벗,2019
총류,SQL이 보이는 그림책,"SQL은 쿼리와 테이블, 무엇보다 데이터베이스 자체에 대한 개념 없이는 쉽게 접근하기 어려운 도구라고 할 수 있다. 딱딱하고, 개념적이기 쉬운 데이터베이스를 SQL을 통해 일러스트와 함께 아주 쉽게 이해할 수 있도록 설명하고 있다.",https://image.aladin.co.kr/product/18025/98/cover500/8931555873_1.jpg," ANK Co., Ltd. 지음;이영란;김성훈 옮김", BM성안당,2019
총류,PHP가 보이는 그림책,"PHP나 프로그래밍의 기초를 배우고자 하는 초보자를 위한 책. 문장보다는 이미지를 전면에 내세워 설명하고 있다. 캐릭터 베이스의 프로그램을 작성함으로써 PHP의 개념의 확실한 이해 도모를 도모한다. 일러스트와 그림을 많이 사용하고 있으므로, 단순히 문장으로만 설명하는 것보다 더 명확한 전달이 장점인 책이다.",https://image.aladin.co.kr/product/294/26/cover500/8931550049_1.jpg," ANK Co., Ltd. 지음;한동순 옮김", 성안당,2008
총류,프로그래밍이 보이는 그림책,일본에서 70만 부가 판매된 입문서의 대명사인 의 최 신간이다. 기본에서 시작해 요즘의 고급 프로그래밍 방법까지 전체적인 흐름을 이해할 수 있는 탄탄한 구성이 특징이다. 프로그래밍이나 소프트웨어 공부에 입문하려는 이를 위한 교재로 적합하다.,https://image.aladin.co.kr/product/10603/85/cover500/8931554753_1.jpg," ANK Co., Ltd 지음;김성훈 옮김", BM성안당,2017
총류,C가 보이는 그림책,"C 언어 입문서의 스테디셀러 <C가 보이는 그림책>의 개정증보판. 새로운 <그림책 시리즈>는 기존의 이해 용이성, 편의, 기초에 충실한 내용이라는 콘셉트는 그대로 두고, Web/넷이 전성기를 맞이한 현재의 컴퓨터 기술의 흐름에 맞춘 해설에 중점을 두었다.",https://image.aladin.co.kr/product/17049/66/cover500/8931555342_1.jpg, ANK Co. 지음;김성훈;김필호 옮김, BM성안당,2018
총류,PHP＆MySQL 닌자 비법서,"PHP와 MySQL을 다루는 도구, 원리, 기법을 배우고 이를 토대로 실제 웹 애플리케이션을 구축한다. PHP 7과 최신 개발 기법을 폭넓게 아우르는 동시에, 개발 환경을 구성하고 온라인 콘텐츠 관리 시스템(CMS)을 완성하기까지 모든 과정을 빠짐없이 설명한다.",https://image.aladin.co.kr/product/17914/87/cover500/k122534937_1.jpg, 톰 버틀러;케빈 양크 지음;김재영;정병열 옮김, 한빛미디어,2019
총류,프로페셔널 안드로이드,"핸즈온 가이드로서 모든 안드로이드 기기에서 사용할 수 있는 안드로이드 애플리케이션을 어떻게 만드는지 안내한다. 이번 4판은 기본적인 원칙은 확실히 지키면서 최신 버전에 맞춘 업데이트를 진행하고, 새롭게 도입된 도구와 이론, 그에 따른 프로그래밍 예제 코드에 관한 내용을 추가하였다.",https://image.aladin.co.kr/product/21296/90/cover500/k572636480_1.jpg, 리토 마이어;이안 레이크 지음;현호철 옮김, 제이펍,2019
총류,클린 아키텍처,소프트웨어 아키텍처의 보편 원칙을 적용하면 소프트웨어 수명 전반에서 개발자 생산성을 획기적으로 끌어올릴 수 있다. 《클린 코드》와 《클린 코더》의 저자이자 전설적인 소프트웨어 장인인 로버트 C. 마틴은 이 책에서 이러한 보편 원칙들을 설명하고 여러분이 실무에 적용할 수 있도록 도와준다.,https://image.aladin.co.kr/product/20232/24/cover500/8966262473_1.jpg, 로버트 C. 마틴 지음;송준이 옮김, 인사이트,2019
총류,웹 앱 API 개발을 위한 GraphQL,"혁신적인 데이터 페치 기술이 된 GraphQL에 관한 실용적인 안내서로서 자바스크립트로 GraphQL 서비스를 구현하는 방법을 다룬다. 웹 서비스 아키텍처를 자체적으로 구성할 수 있는 GraphQL의 장점과 트렌드, 모범 기법 들을 알려준다.",https://image.aladin.co.kr/product/21431/69/cover500/8966262538_1.jpg, 이브 포셀로 지음, 인사이트,2019
총류,클라우드 네이티브 인프라스트럭처,"고 가용성과 확장성, 신뢰성을 보장하는 클라우드 인프라스트럭처와 클라우드 네이티브한 애플리케이션 개발이 무엇인지 아직 잘 모르는 개발자와 엔지니어, 인프라 관리자에게 클라우드 네이티브 컴퓨팅의 개념과 아키텍처 패턴, 설계 원리를 알려준다.",https://image.aladin.co.kr/product/16833/72/cover500/k622534779_1.jpg, 저스틴 개리슨;크리스 노바 지음;공용준 옮김, 책만,2018
총류,"카프카, 데이터 플랫폼의 최강자","국내 최대 모바일 플랫폼 회사인 카카오에서 '전사 공용 카프카' 서비스를 운영하고, 데이터 파이프라인과 빅데이터 플랫폼을 구축한 저자들의 풍부한 지식, 생생한 실전 경험, 노하우가 담겼다.",https://image.aladin.co.kr/product/14210/7/cover500/k652532434_1.jpg, 고승범;공용준 지음, 책만,2018
총류,(실체가 손에 잡히는)딥러닝,"파이썬과 기초 수학부터 시작해 역전파와 컨볼루션 신경망까지, 딥러닝의 필수 요소를 빠짐없이 자세하게 설명한다. 파이썬 프로그래밍을 직접 코딩하면서 차근차근 순서대로 공부해 나가다 보면 딥러닝의 기초를 완벽하게 습득할 수 있을 것이다.",https://image.aladin.co.kr/product/19387/22/cover500/k712635112_1.jpg, 아즈마 유키나가 지음;최재원 옮김, 책만,2019
총류,(이론부터 전략까지)한 권으로 이해하는 IoT 교과서,지금 '내가 참여중인 비즈니스도 IoT로 스마트하게 만들 수 있지 않을까?' 고민하는 사람들을 위해 이 책은 기업에서 IoT를 도입하고 제대로 응용할 수 있는 방법에 대해 알려준다.,https://image.aladin.co.kr/product/21436/50/cover500/8931461534_1.jpg, 야코 토모노리 지음;주한길 옮김, 영진닷컴,2019
총류,(이론부터 전략까지)한 권으로 이해하는 IoT 교과서,지금 '내가 참여중인 비즈니스도 IoT로 스마트하게 만들 수 있지 않을까?' 고민하는 사람들을 위해 이 책은 기업에서 IoT를 도입하고 제대로 응용할 수 있는 방법에 대해 알려준다.,https://image.aladin.co.kr/product/21436/50/cover500/8931461534_1.jpg, 야코 토모노리 지음;주한길 옮김, 영진닷컴,2019
총류,(게임처럼 쉽고 재미있게 배우는)어셈블리 언어 튜토리얼,"어셈블리 언어를 처음 공부하는 사람들이 쉽게 언어에 접근할 수 있도록 내용이 구성되어 있는 책이다. 전통적인 문법 중심의 방법은 사용하지 않았다. 실제로 코딩을 할 수 있는 내용을 중심으로 구성했으며, 동일한 문법으로 다양한 운영체제에서 공통으로 동작하는 NASM 어셈블러를 사용했다.",https://image.aladin.co.kr/product/21355/22/cover500/k012636799_1.jpg, 원일용 지음, 북스홀릭퍼블리싱,2019
총류,PHP＆MySQL 닌자 비법서,"PHP와 MySQL을 다루는 도구, 원리, 기법을 배우고 이를 토대로 실제 웹 애플리케이션을 구축한다. PHP 7과 최신 개발 기법을 폭넓게 아우르는 동시에, 개발 환경을 구성하고 온라인 콘텐츠 관리 시스템(CMS)을 완성하기까지 모든 과정을 빠짐없이 설명한다.",https://image.aladin.co.kr/product/17914/87/cover500/k122534937_1.jpg, 톰 버틀러;케빈 양크 지음;김재영;정병열 옮김, 한빛미디어,2019
총류,인공지능 쫌 아는 10대,과학 쫌 아는 십대 1권. 첨단 과학기술이자 논쟁의 한복판에 서 있는 인공지능을 전격 해부한다. 인공지능을 둘러싼 여러 희망과 불안의 파편 속에서 가장 올바른 판단을 하고 가장 적합한 행동을 하기 위해 마련된 매뉴얼이다.,https://image.aladin.co.kr/product/17917/99/cover500/k072534033_1.jpg, 오승현 지음;방상호 그림, 풀빛,2019
총류,조선 지식인의 서가를 탐하라,"소설책과 시문선집, 불교경전이나 역사책을 비롯해 조선 지식인들이 귀하게 여기며 읽었던 책들을 소개한다. 오랫동안 옛 책을 읽고 그것이 지금 우리 시대에 어떤 의미로 재해석될 수 있을까를 고민해온 김풍기 교수는 먼저 책들의 성립 과정과 판본을 정리하면서 그 이면에 스며 있는 옛 사람의 흔적을 추적하고, 나아가 그 책들이 갖는 의미를 되새겨보았다. <조선 지식인의 서가를 탐하다>는 그 낱낱의 과정에 대한 충실한 기록물이다.",https://image.aladin.co.kr/product/457/83/cover500/899265023x_2.jpg, 김풍기 글, 푸르메,2009
총류,지식 e. 2,"'강한 비판의 날'과 '인간애'를 겸비한 지식사전으로서, 당대의 예민한 시사쟁점을 제시하며 큰 호응을 얻었던 <지식 e>의 두 번째 책이 출간된다. 1권이 사회적인 이슈들을 주로 다루었다면, 2권은 '희노애락'을 키워드로 한다. 사회 정치적인 이슈에 더해, 일상의 재발견에 관한 내용과 주목할 만한 인물들의 이야기들을 담았다.",https://image.aladin.co.kr/product/102/10/cover500/8956052190_3.jpg, EBS 지식채널e 제작팀 지음, 북하우스,2008
총류,(Altera Quartus Ⅱ와)디지털 응용회로 설계,"디지털 논리 회로의 설계 아이디어, 설계 과정, 모의실험 그리고 실장실험까지의 모든 전개 과정을 아주 상세하고 세부적으로 설명한다. 이 교재에서 사용하는 CAD는 알테라사에서 제공하는 Quartus II 프로그램이다.",https://image.aladin.co.kr/product/3818/81/cover500/8970508007_1.jpg, 박군종;정성순, 생능출판사,2014
총류,"디지털 논리회로 : 이론, 실습, 시뮬레이션","디지털 하드웨어를 처음 배우는 전기, 전자, 컴퓨터, 정보통신 관련 학과 학생을 대상으로 한 교재. 복잡한 이론을 확실히 이해하도록 풍부한 그림과 함께 설명 후 관련 실험을 진행할 수 있게 구성했다.",https://image.aladin.co.kr/product/2786/17/cover500/8998756145_1.jpg, 임석구.홍경호, 한빛아데미,2014
총류,안드로이드가 보이는 그림책,"풍부한 일러스트와 그림을 사용하여 안드로이드 앱 개발 방법을 설명한다. 안드로이드 앱 개발에 사용하는 Java 언어, 화면을 구성하는 방법, 액티비티 작성, 음성 및 동영상 재생까지 폭넓은 주제에 대해 프로그램 구조와 개념을 잡을 수 있도록 설명하고 있다.",https://image.aladin.co.kr/product/4897/45/cover500/8931553331_1.jpg," ANK Co., Ltd 저;이영란 역", 성안당,2014
총류,안드로이드가 보이는 그림책,"풍부한 일러스트와 그림을 사용하여 안드로이드 앱 개발 방법을 설명한다. 안드로이드 앱 개발에 사용하는 Java 언어, 화면을 구성하는 방법, 액티비티 작성, 음성 및 동영상 재생까지 폭넓은 주제에 대해 프로그램 구조와 개념을 잡을 수 있도록 설명하고 있다.",https://image.aladin.co.kr/product/4897/45/cover500/8931553331_1.jpg," ANK Co., Ltd 저;이영란 역", 성안당,2014
총류,(뇌를 자극하는)red hat fedora&quot;리눅스 서버 & 네트워크,"VMware 가상머신의 설치, 리눅스 설치 과정, 리눅스 명령어 기초, 하드디스크 관리, 셸 스크립트 프로그래밍 등 리눅스를 다루는 데 필요한 기초 지식도 충실하게 설명한다.",https://image.aladin.co.kr/product/4551/62/cover500/8968481202_1.jpg, 우재남 지음, 한빛미디어,2014
총류,(28일 동안 배우는)리눅스 서버 관리,"침입 탐지 시스템을 구축하기 위한 snort, IPSec을 설정/관리하는 방법, postfix, ORBS에 기반한 스팸 차단 기능 등 기존 리눅스 서버 도서에서는 다루지 않았던 현장의 폭넓은 요구 사항을 반영했다.",https://image.aladin.co.kr/product/4560/46/cover500/8968481210_1.jpg, 카사노 히데마츠 지음;김성재 옮김, 한빛미디어,2014
총류,KODE VICIOUS 개발 지옥,15년 넘게 수많은 코더와 IT 업계 종사자들에게 현장의 날카로운 통찰력을 공유해 온 Kode Vicious는 프로그래머들이 현업에서 겪는 중차대한 문제들에 관한 핵심적인 조언을 전한다.,https://image.aladin.co.kr/product/30023/85/cover500/8931466978_1.jpg, 조지 V. 네빌-닐 지음;황건구 옮김, 영진닷컴,2022
총류,(그림으로 배우는)웹 구조,"웹 사이트 제작 기술과 웹의 다양한 구조들은 물론, 클라우드와 같은 최신 동향 및 보안 대책들도 전부 소개한다. 웹에서 사용하는 여러 기술과 용어를 쉽게 이해할 수 있도록 왼쪽 페이지에서 새로운 개념을 소개하면, 오른쪽 페이지에서 일러스트로 내용을 요약하여 보여준다.",https://image.aladin.co.kr/product/29861/97/cover500/8931466595_1.jpg, 니시무라 야스히로 지음;김은철;유세라 옮김, 영진닷컴,2022
총류,왜 언론이 문제일까?,"언론의 역할과 중요성을 제대로 이해하고 바람직한 언론을 만들어가기 위한 길잡이. 정보가 넘쳐나는 요즈음, 언론의 의미는 무엇인지, 좋은 언론이란 어떤 것이며, 정의로운 언론을 위해 우리는 무엇을 해야 하는지 알려주는 책이다.",https://image.aladin.co.kr/product/13195/24/cover500/k372532103_1.jpg, 박영흠 지음, 반니,2018
총류,지적 대화를 위한 넓고 얕은 지식. 1: 철학·과학·예술·종교·신비 편,"출간 즉시 베스트셀러를 기록한 <지적 대화를 위한 넓고 얕은 지식: 현실 세계 편>에 이은 두 번째 책. 이번에 출간한 현실 너머 편은 이제 그 세계를 넘어서 철학, 과학, 예술, 종교, 신비의 영역으로 이어진다.",https://image.aladin.co.kr/product/5177/66/cover500/8994120998_3.jpg, 채사장 지음, 한빛비즈,2015
총류,사물인터넷을 위한 리눅스 프로그래밍 with 라즈베리파이,라즈베리 파이 같은 오픈 소스 하드웨어와 소프트웨어를 융합한 IoT 제품을 개발할 수 있도록 GPIO를 이용한 기본적인 하드웨어 개발에서부터 리눅스 프로그래밍까지의 모든 내용을 담고 있다.,https://image.aladin.co.kr/product/6533/82/cover500/k412433649_1.jpg, 서영진 지음, Jpub,2015
총류,사물인터넷을 위한 리눅스 프로그래밍 with 라즈베리파이,라즈베리 파이 같은 오픈 소스 하드웨어와 소프트웨어를 융합한 IoT 제품을 개발할 수 있도록 GPIO를 이용한 기본적인 하드웨어 개발에서부터 리눅스 프로그래밍까지의 모든 내용을 담고 있다.,https://image.aladin.co.kr/product/6533/82/cover500/k412433649_1.jpg, 서영진 지음, Jpub,2015
총류,진짜 코딩하며 배우는 라즈베리파이 4,"Python 3.x 언어 기반으로 파이썬 용 GPIO, I2C, SPI 라이브러리를 이용하여 여러 가지 하드웨어를 제어하는 방법을 소개한다. opencv, google cloud speech 인공 지능 라이브러리을 이용하여 영상 인식, 음성 인식 활용 방법도 소개한다.",https://image.aladin.co.kr/product/24780/80/cover500/k082631829_1.jpg, 서민우 지음, 앤써북,2020
총류,HTML CSS 입문,『HTML & CSS for Beginner』의 후속 버전으로 집필 되었다. 단계 별로 제시되는 예제들을 따라하기 식으로 실습하다 보면 자연스럽게 HTML/CSS의 지식을 습득하고 최신 반응형 웹 기술을 익힐 수 있도록 하였다.,https://image.aladin.co.kr/product/25643/69/cover500/k542735049_1.jpg, 황재호 지음, 인포앤북,2020
총류,HTML CSS 입문,『HTML & CSS for Beginner』의 후속 버전으로 집필 되었다. 단계 별로 제시되는 예제들을 따라하기 식으로 실습하다 보면 자연스럽게 HTML/CSS의 지식을 습득하고 최신 반응형 웹 기술을 익힐 수 있도록 하였다.,https://image.aladin.co.kr/product/25643/69/cover500/k542735049_1.jpg, 황재호 지음, 인포앤북,2020
총류,(다양한 예제로 배우는)CSS 설계 실전 가이드,"CSS의 다양한 설계 방법을 소개하면서 제반 사고방식은 물론, 실전 포인트까지 짚어 준다. 이를 기반으로 버튼, 라벨, 카드, 테이블 등 대표적인 웹 모듈을 전반적으로 다루고, 이 구조들을 조합하는 실전적인 코드도 소개한다.",https://image.aladin.co.kr/product/26332/69/cover500/k572738927_1.jpg, 한다 아츠시 지음;김연수 옮김, 제이펍,2021
총류,(다양한 예제로 배우는)CSS 설계 실전 가이드,"CSS의 다양한 설계 방법을 소개하면서 제반 사고방식은 물론, 실전 포인트까지 짚어 준다. 이를 기반으로 버튼, 라벨, 카드, 테이블 등 대표적인 웹 모듈을 전반적으로 다루고, 이 구조들을 조합하는 실전적인 코드도 소개한다.",https://image.aladin.co.kr/product/26332/69/cover500/k572738927_1.jpg, 한다 아츠시 지음;김연수 옮김, 제이펍,2021
총류,(처음 프로그래밍을 시작하는 입문자의 눈높이에 맞춘)생활코딩! PHP+MySQL,HTML/CSS/자바스크립트는 배웠지만 실제 서비스에서 사용되는 웹 애플리케이션을 제작하려면 동적 웹 애플리케이션을 만드는 기술을 익혀야 한다. PHP와 MySQL은 전 세계에서 가장 인기 있는 웹 프로그래밍 언어와 데이터베이스다.,https://image.aladin.co.kr/product/17746/61/cover500/k362534127_1.jpg, 이고잉 지음, 위키북스,2019
총류,친절한 SQL 튜닝,"개발자를 위한 SQL 튜닝 입문서. 20년 가까이 DB 성능 컨설팅을 수행한 현직 튜너로서 개발자에게 들려주고 싶은 DB 성능 이야기를 담았다. 핵심 성능 이론은 변하지 않으므로 일부 전작에서 그대로 차용한 내용도 있지만, 그림을 보충하고 더 쉽고 친절하게 설명했다.",https://image.aladin.co.kr/product/14823/37/cover500/k892532350_1.jpg, 조시형 지음, 디비안,2018
총류,(책으로 예습하고 YouTube로 복습하는)스케치업 베이직,"스케치업의 각 기능과 원리에 대해서 자세하게 설명한다. 같은 기능을 반복해서 사용하는 예제들 대신 필요한 기능을 꼼꼼하게 설명해두었다. 기본 원리와 개념 그리고 기본 동작 방법에 대해서 자세하게 다루며, 카메라 및 스타일, 장면 설정하는 방법 등을 담았다.",https://image.aladin.co.kr/product/23553/92/cover500/8962852462_1.jpg, 이지환 지음, 대가,2020
총류,지적 대화를 위한 넓고 얕은 지식 0. [3],《지적 대화를 위한 넓고 얕은 지식》 시리즈 제로편. 이원론 전에 훨씬 더 오랜 시간을 지배했던 일원론을 다룬 책이다. 인류 사상사에서 가장 중요한 지식으로 꼽히는 동양의 사상과 인물들을 흥미진진하게 소개한다.,https://image.aladin.co.kr/product/21984/15/cover500/k622636607_3.jpg, 채사장 지음, 웨일북,2019
총류,(블루투스와 와이파이 통신을 이용한)아두이노와 앱인벤터,"기초부터 음성 인식 대화, 인공지능, 스마트자동차, 스마트홈 등 수준 높은 프로젝트를 아두이노와 앱인벤터로 직접 만들고 제어하는 내용을 한 권에 모두 담았다. 아두이노 앱인벤터 기초부터 설명하고 간단한 예제로 입문한 후 10개 프로젝트 실습을 난이도와 단계별로 접근할 수 있게 구성하였다.",https://image.aladin.co.kr/product/25456/22/cover500/k152633615_1.jpg, 장문철 지음, 앤써북,2020
총류,코딩과 스토리텔링,,https://image.aladin.co.kr/product/26666/31/cover500/8970504389_1.jpg," 백성욱,오범수 지음", 생능출판사,2021
총류,(모던 웹을 위한)마이크로 프런트엔드,"마이크로 프런트엔드 아키텍처로 복잡성을 해결하고 단일 장애 지점을 제거하자! 따라 하기 쉬운 가이드 형식으로 실습 튜토리얼, 프로젝트 및 자가 평가 질문으로 구성돼 있으며, 마이크로 프런트엔드 솔루션을 구현하는 데 사용할 수 있는 패턴을 안내한다.",https://image.aladin.co.kr/product/31328/2/cover500/k882832792_1.jpg, 플로리안 라플 지음;박성규;김정동;김창준 [공]옮김, 위키북스,2023
총류,스위프트 프로그래밍,'스위프트를 제대로 이해하자'라는 콘셉트를 충실히 지키고자 스위프트의 기본 개념과 함께 함수형 및 프로토콜 지향 프로그래밍 패러다임을 이용하는 스위프트 프로그래밍 방법론을 소개한다.,https://image.aladin.co.kr/product/20861/6/cover500/k962636971_1.jpg, 야곰 지음, 한빛미디어,2019
총류,갈대 속의 영원,"무엇보다도 현재에 이르기까지 책을 고안하고 지켜낸 사람들에 관한 이야기다. 바예호는 이들이 지식과 사상과 이야기를 지켜냄으로써 우리가 다른 세상을 꿈꿀 수 있게 해주었음을, 정신적 영토의 경계를 확장해주었음을, 낯선 시대와 지역의 사람들을 하나의 공동체로 만들어주었음을 밝혀낸다.",https://image.aladin.co.kr/product/28582/75/cover500/k922832104_1.jpg, 이레네 바예호 지음;이경민 옮김, 반비,2023
총류,만들면서 배우는 라즈베리파이와 40개의 작품들,중고생과 문과생도 배울 수 있도록 40개 프로젝트 실습을 재미있고 실생활에도 활용할 수 있는 기초.응용.사물인터넷.인공지능 주제와 난이도별로 구성하였다. 40개 작품 만들기를 통해 라즈베리파이와 파이썬 언어도 자연스럽게 배울 수 있다.,https://image.aladin.co.kr/product/28011/77/cover500/k532734933_1.jpg, 장문철 저, 앤써북,2021
총류,독서학교 이야기,"독서학교의 작은 첫걸음과 함께 학교와 아이들이 성장하고 발전하는 모습을 보여 주고, 실제로 독서학교가 어떻게 운영되었는지에 대한 노하우를 전한다.",https://image.aladin.co.kr/product/28933/80/cover500/k222836313_1.jpg, 임영규 지음, 고래가숨쉬는도서관,2022
총류,(쇼호스트 엄마와 쌍둥이 자매의)브랜드 인문학,"변화하는 브랜드 시장과 소비의 흐름을 알기 쉽게 녹여낸 청소년 인문교양 지식소설. 명품과 브랜드 제품에 관심이 많은 은서, 브랜드를 따지기보단 합리적인 소비를 해야 한다는 현서, 그 둘을 중재하는 쇼호스트 엄마의 ‘브랜드 썰전’이 펼쳐진다.",https://image.aladin.co.kr/product/29270/85/cover500/k832837900_1.jpg, 김미나 지음, 특별한서재,2022
총류,(흔들리는 직장인을 위한) 30일 인문학,"실제 회사에서 일어나는 구체적인 상황에 대한 인문학적 성찰을 제공하는 동시에, 이야기 형식으로 매 꼭지를 풀어나가기 때문에 인문학, 철학에 대해 기본지식이 거의 없는 사람이라도 누구나 쉽게 읽을 수 있는 책이다.",https://image.aladin.co.kr/product/2371/8/cover500/8950946874_2.jpg, 이호건 지음, 21세기북스,2013
총류,(디자이너와 개발자가 함께 읽는)안드로이드 UI ＆ GUI 디자인,에이콘 UX 프로페셔널 시리즈 15권. 디지털 이미지를 다루는 그래픽 디자이너들을 위한 책이다. 안드로이드를 잘 알지 못하는 초보 디자이너도 안드로이드 애플리케이션 UI & GUI 디자인을 개념부터 이해하고 들어갈 수 있도록 집필되었다.,https://image.aladin.co.kr/product/3642/16/cover500/8960775266_2.jpg, 박수레 지음, 에이콘,2014
총류,자바+안드로이드를 다루는 기술,다년간 강의 경험을 통해 앱을 만들고 싶은 사람들이 어떻게 하면 개념을 빠르게 잡고 그 내용을 자신의 것으로 만들 수 있을까? 고민해서 만든 포인트 공략법 6단계를 이용해 안드로이드 앱 개발에 필요한 기초 자바를 효율적으로 학습할 수 있게 설명한다.,https://image.aladin.co.kr/product/4809/56/cover500/8966188249_2.jpg, 정재곤 지음, 길벗,2014
총류,리눅스 서버를 다루는 기술,"우분투 설치부터 네트워크 설정, 애플리케이션 설치뿐 아니라 가상화, 파일서버, 웹 서버, 자동화 및 백업까지 다양한 주제를 재미있는 스토리로 상황에 맞게 다루고 있어 쉽고 재미있게 우분투를 사용할 수 있도록 알려준다.",https://image.aladin.co.kr/product/5248/56/cover500/8966188990_1.jpg, 신재훈 지음, 길벗,2015
총류,(스파르타!)파이썬 포렌식,"철통보안 시리즈 25권. 파이썬 분석을 도움말에서 꺼내자마자, 증명된 포렌식 모듈, 라이브러리, 그리고 솔루션을 바로 사용할 수 있게 제공한다.",https://image.aladin.co.kr/product/5592/27/cover500/8994774947_1.jpg, 쳇 호스머 지음;이은희 옮김, 비제이퍼블릭,2015
총류,(실전!)안드로이드 시스템 프로그래밍 완전정복,"ARM11 (S3C6410), ARM Cortex-A8 (S5PC100) 실전 테스트 보드를 통한 가장 완벽한 실제 개발에 활용할 수 있는 안드로이드 지침서. 환경 구축, 보드 포팅부터 디바이스 드라이버까지 초보자도 쉽게 따라서 할 수 있고 전문가의 수준까지 총 망라한 지도서이다. 안드로이드 어플리케이션부터 플랫폼 내부를 통하여 리눅스 디바이스 드라이버부터 하드웨어까지 전체의 연결을 한번에 파악할 수 있다.",https://image.aladin.co.kr/product/816/84/cover500/8996380091_1.jpg, 박선호;오영환 지음, D&W Wave,2010
총류,(사진가의 하드디스크를 그대로 털어와 후반작업에 강한)포토샵 라이트룸 사진보정 강의,사진가의 민낯인 원본사진을 그대로 보여주며 완성까지의 ‘모든 보정 노하우’를 공개한다. 라이트룸과 포토샵 설명을 위한 억지 예제가 아니다. 사진가의 하드디스크를 그대로 털어와 프로의 원본이 어떻게 우리가 보는 완성사진이 되는지까지를 직접 따라하며 배울 수 있다.,https://image.aladin.co.kr/product/9542/73/cover500/s712531846_1.jpg, 권학봉 지음, BM황금부엉이,2016
총류,독서 천재가 된 홍대리,"베스트셀러 작가이자 국민 희망 멘토인 이지성이 그의 멘티 정회일과 실제로 진행했던 독서 멘토링을 바탕으로 구성된 이야기. ‘1년 365권 자기계발 독서’를 통해 성공자의 사고방식을 갖게 되는 방법을 담고 있다. 저자는 독서를 통해 내면의 부정적인 사고방식과 씨름하던 사람에서 그 반대의 사람으로, 꿈의 성취를 믿고 싶어서 발버둥 치던 사람이 꿈의 성취를 확신하는 사람으로, 소위 성공자의 사고방식을 가진 사람으로 완벽하게 변화할 수 있다고 말한다.",https://image.aladin.co.kr/product/1298/89/cover500/896370632x_3.jpg, 이지성;정회일 지음, 다산라이프,2011
총류,세상을 바꾼 12권의 책,소설가이자 영국 독립 텔레비전 방송국에서 The South Bank Show를 진행하며 700명이 넘는 예술가를 소개한 멜빈 브래그가 책을 향한 애정을 담아 집필한 책. 해외에서는 많은 호응을 얻어 동명의 다큐멘터리로 4주간 방영되기도 하였다.,https://image.aladin.co.kr/product/92/6/cover500/8925507374_1.jpg, 멜빈 브래그 지음;이원경 옮김, 랜덤하우스코리아,2007
총류,독서의 즐거움,"고전을 꾸준히 읽어 나가는 체계적인 독서법을 통해 고전 읽기의 진정한 즐거움을 이야기하는, 수전 와이즈 바우어의 <독서의 즐거움>. 저자는 독학으로 대학 교수까지 된 자신의 경험을 바탕으로, 무엇보다 고전을 무조건 읽으려는 습관을 지양하고, 고전을 읽는 올바른 방법부터 파악할 것을 권한다.",https://image.aladin.co.kr/product/672/20/cover500/8937426781_1.jpg, 수전 와이즈 바우어 지음;이옥진 옮김, 민음사,2010
총류,청춘의 독서,"우리 시대를 대표하는 지식인 유시민. 그가 청춘의 시절에 품었던 의문들, 그리고 지금 고민하는 젊은이들이 가지고 있는 뜨거운 질문에 '세상을 바꾼 한 권의 책'으로 답한다. 유시민이 뜨거운 청춘의 시절에 함께 했던 책들을 다시 집어 든 것이다. 삶에서 이정표가 되었던 책들, 갈림길과 장애물이 나타날 때마다 도움을 받았던 ‘낡은 지도'를 다시 꺼내들었다.",https://image.aladin.co.kr/product/479/64/cover500/8901101563_1.jpg, 유시민 지음, 웅진지식하우스,2011
총류,(법정 스님의)내가 사랑한 책들,"법정 스님의 진리와 구도의 길에 함께해 온 책들을 소개한다. 스님이 경전이나 주석서 못지않게 자주 펼쳐 보았다는 <어린 왕자> 같은 동화에서부터 창간호부터 줄곧 구독해 오고 있다는 <녹색평론>과 인도철학의 꽃이라 불리는 <바가바드기타>에 이르기까지, 법정 스님의 독서 기록을 담았다.",https://image.aladin.co.kr/product/651/50/cover500/8993838100_1.jpg, 문학의 숲 편집부 엮음, 문학의숲,2010
총류,책에 미친 청춘,"책에 미친 청춘. 저자 김애리는 지난 10년간 어떻게 젊음을 보낼 것인가를 물으며 천여 권에 달하는 책을 읽었다. 27세의 저자 역시 청춘을 지나고 있는 중이다. 이제 천 권의 책의 정수를 모아 동시대를 살아가는 88만원세대, 낭만도 객기도 모험도 잃어버린 채 취업경쟁에 떠밀리고 있는 청춘들에게 당당하게 외친다. ""책을 읽어라!""",https://image.aladin.co.kr/product/648/42/cover500/898954890x_1.jpg, 김애리 지음, 미다스북스,2011
총류,기록관리론,"기록관리의 핵심적 주제영역인 기록과 사회, 기록과 기록관리, 기록의 선별과 평가, 기록의 분류 기술, 기록정보서비스, 전자기록관리, 보존, 기록관리 법제, 전문직으로서의 기록관리, 공공기록관리 체제와 기관을 총체적으로 다룬 책이다.",https://image.aladin.co.kr/product/2427/14/cover500/8942817637_2.jpg, 한국기록관리학회 편, 아세아문화사,2013
총류,라즈베리 파이 활용백서,"라즈베리 파이의 진정한 매력인 활용 방법을 보여주기 위해 라즈베리 파이 자체에 대한 설명은 최소한으로 줄이고, 라즈베리 파이의 활용을 위한 개발 환경 구축과 웹 서버, 미디어 센터, 게임기, 제어기로서의 활용의 대표적인 활용 방법에 대해서 설명하고 있다.",https://image.aladin.co.kr/product/3202/99/cover500/8994774491_1.jpg, 이재상;표윤석 [공]지음, 비제이퍼블릭,2013
총류,라키비움 J. [3]: 다홍,"일곱 번째 『라키비움J』는 밝고 붉은 ‘다홍’이다. 특히 ‘다홍’의 표지를 주목하자. 이억배 그림책 작가가 라키비움J를 위해 특별히 그린 표지는 어린이가 독서를 통해 어떻게 자기만의 세상을 만들고, 외부 세계로 확장하는지 ‘독서와 아이의 성장’을 아름답게 보여준다.",https://image.aladin.co.kr/product/31396/46/cover500/k302832107_1.jpg, 제이포럼 편, 제이포럼,2023
총류,(푸름아빠의)아이 내면의 힘을 키우는 몰입독서,"스토리텔링의 통합교과 시대로 한 단계 진화한 요즘, 단순히 문제만 많이 푼다고 해서 결코 좋은 성적을 받기는 어렵다. 이제는 독서가 경쟁력이기 때문이다. 발달 단계별 특성을 중심으로 내 아이에게 맞는 독서법을 소개하고 있는 이 책은 아이의 독서습관을 키우는 데 꼭 필요한 기준을 제시해줄 것이다.",https://image.aladin.co.kr/product/31248/94/cover500/8992963785_1.jpg, 최희수 지음, 푸른육아(초록아이),2023
총류,독서 천재가 된 홍대리,"베스트셀러 작가이자 국민 희망 멘토인 이지성이 그의 멘티 정회일과 실제로 진행했던 독서 멘토링을 바탕으로 구성된 이야기. ‘1년 365권 자기계발 독서’를 통해 성공자의 사고방식을 갖게 되는 방법을 담고 있다. 저자는 독서를 통해 내면의 부정적인 사고방식과 씨름하던 사람에서 그 반대의 사람으로, 꿈의 성취를 믿고 싶어서 발버둥 치던 사람이 꿈의 성취를 확신하는 사람으로, 소위 성공자의 사고방식을 가진 사람으로 완벽하게 변화할 수 있다고 말한다.",https://image.aladin.co.kr/product/1298/89/cover500/896370632x_3.jpg, 이지성;정회일 지음, 다산라이프,2011
총류,책의 정신,책과 세계에 관한 다섯 가지 이야기. 어떤 사람도 책 세계의 전모를 파악할 수 없다. 그런 모호한 상황에서 책에 대한 그럴듯한 소문들이 횡행하는 것은 당연한 이치다. 《책의 정신》은 이 같은 인간의 한계에서 비롯된 소문들을 근본적으로 성찰해나간다.,https://image.aladin.co.kr/product/3378/53/cover500/1185430016_1.jpg, 강창래 지음, 알마,2013
총류,(핵심만 골라 배우는)안드로이드 스튜디오,"안드로이드 스튜디오와 안드로이드 SDK를 사용해서 안드로이드 애플리케이션 개발 방법을 소개한다. 우선 안드로이드 스튜디오 기반의 애플리케이션 개발과 테스트에 필요한 환경 설정 방법을 알려 주며, 이어서 안드로이드 스튜디오의 주요 기능과 사용법도 살펴본다.",https://image.aladin.co.kr/product/6116/50/cover500/6000859438_2.jpg, 닐 스미스 지음;심재철 옮김, 제이펍,2015
총류,(다양한 실습이 가득한) ATmega128 기초와 응용. 1,저자와 Ohm사에서는 하나의 보드에서 ATmega128의 기본적인 실습뿐 아니라 간단한 배선으로 다양한 응용실습과 작품제작이 가능하도록 새로운 교육실습용 보드 KUT-128_COM를 개발하였다.,https://image.aladin.co.kr/product/4969/88/cover500/8971017910_1.jpg, 신동욱, ohm,2014
총류,(다양한 실습이 가득한) ATmega128 기초와 응용. 1,저자와 Ohm사에서는 하나의 보드에서 ATmega128의 기본적인 실습뿐 아니라 간단한 배선으로 다양한 응용실습과 작품제작이 가능하도록 새로운 교육실습용 보드 KUT-128_COM를 개발하였다.,https://image.aladin.co.kr/product/4969/88/cover500/8971017910_1.jpg, 신동욱, ohm,2014
총류,VHDL과 ISE 14.5 및 RoV-Lab을 활용한 FPGA 설계 실습,,https://image.aladin.co.kr/product/3126/63/cover500/8997570986_1.jpg, 이제현, 홍릉과학출판사,2013
총류,난 정말 JAVA를 공부한 적이 없다구요,"많은 것을 알려주는 것도 중요하지만, 많은 것을 스스로 알아갈 수 있는 능력을 향상시키는 자바 기본서. 자바 프로그래머의 프로그램 개발에 있어서 필수요소인 자바 API 문서의 참조를 최대한 유도하고, 다양한 클래스 설계에 대한 기회를 제공해야 하며, 프로젝트에 대한 간접 경험의 기회를 제공한다. 또한 실제 적용에 있어서의 객체지향을 설명하고 객체지향과 자바문법에 대한 설명이 하나로 연계되어 있다.",https://image.aladin.co.kr/product/440/81/cover500/8996094021_1.jpg, 윤성우 지음, 오렌지미디어,2009
총류,수학과 함께하는 AI 기초,"인공지능의 발전 과정과 함께 활용 방법 그리고 수학과 어떤 연관 관계가 있는지를 담았으며, 본격적인 인공지능 분야로 진입하기에 앞서 기계 학습의 재료가 되는 다양한 생활 데이터, 이미지와 소리 데이터가 컴퓨터과학에서 처리되는 과정과 이를 뒷받침하는 수학 개념을 소개한다.",https://image.aladin.co.kr/product/25097/4/cover500/8954754074_1.jpg, EBS 지음, EBS,2020
총류,수학과 함께하는 AI 기초,"인공지능의 발전 과정과 함께 활용 방법 그리고 수학과 어떤 연관 관계가 있는지를 담았으며, 본격적인 인공지능 분야로 진입하기에 앞서 기계 학습의 재료가 되는 다양한 생활 데이터, 이미지와 소리 데이터가 컴퓨터과학에서 처리되는 과정과 이를 뒷받침하는 수학 개념을 소개한다.",https://image.aladin.co.kr/product/25097/4/cover500/8954754074_1.jpg, EBS 지음, EBS,2020
총류,IT 용어 도감,하루가 멀다 하고 새롭게 등장하는 IT 용어. 모든 것을 외우는 것은 힘든 일이며 같은 의미의 용어나 같은 철자의 약어도 많아 혼란스럽다. 다만 기술의 발전에 수반해서 생겨난 용어가 대부분이므로 이 책에서 소개하는 엄선 용어를 짚고 넘어가면 앞으로 나올 최신 용어도 쉽게 이해할 수 있다.,https://image.aladin.co.kr/product/24791/51/cover500/8931589174_1.jpg, 마쓰이 토시카츠 지음;김기태 옮김, BM성안당,2020
총류,임베디드 엔지니어 교과서,"하드웨어 및 소프트웨어 지식, 임베디드 프로그램의 개요, 실시간 운영체제, 임베디드 소프트웨어의 개발 프로세스뿐만 아니라 사물인터넷/인공지능 시대의 임베디드 소프트웨어에 대해서도 상세히 다루고 있다.",https://image.aladin.co.kr/product/24651/82/cover500/k992631395_1.jpg," 와타나베 노보루,마키노 신지 지음;정인식 옮김", 제이펍,2020
총류,임베디드 엔지니어 교과서,"하드웨어 및 소프트웨어 지식, 임베디드 프로그램의 개요, 실시간 운영체제, 임베디드 소프트웨어의 개발 프로세스뿐만 아니라 사물인터넷/인공지능 시대의 임베디드 소프트웨어에 대해서도 상세히 다루고 있다.",https://image.aladin.co.kr/product/24651/82/cover500/k992631395_1.jpg," 와타나베 노보루,마키노 신지 지음;정인식 옮김", 제이펍,2020
총류,우분투 리눅스,"대부분의 윈도 사용자를 위해 리눅스를 가상 머신에 설치하여 실습할 수 있도록 구성했고, 리눅스 시스템 관리에 필요한 기본 기능과 명령을 자세히 설명하여 리눅스의 기초에서부터 시스템, 서버 및 네트워크 구축 능력까지 키울 수 있도록 했다.",https://image.aladin.co.kr/product/13504/91/cover500/k902532601_1.jpg, 이종원 지음, 한빛아카데미,2018
총류,우분투 리눅스,"대부분의 윈도 사용자를 위해 리눅스를 가상 머신에 설치하여 실습할 수 있도록 구성했고, 리눅스 시스템 관리에 필요한 기본 기능과 명령을 자세히 설명하여 리눅스의 기초에서부터 시스템, 서버 및 네트워크 구축 능력까지 키울 수 있도록 했다.",https://image.aladin.co.kr/product/13504/91/cover500/k902532601_1.jpg, 이종원 지음, 한빛아카데미,2018
총류,(4차 산업혁명 시대의)정보통신개론,"4차 산업혁명 시대의 변화에 맞춰 정보통신 분야를 이해할 수 있도록 정리했다. 정보통신의 기본 이론부터 4차 산업혁명 핵심 기술로 주목받고 있는 사물인터넷, 빅데이터, 인공지능까지 소개한다.",https://image.aladin.co.kr/product/22589/76/cover500/k732636938_1.jpg, 고응남 지음, 한빛아카데미,2020
총류,공부란 무엇인가,"대학입시 “제도”에 대한 논의만 무성한 지금, 대학교육 혹은 시민교육의 “내용”은 무엇이야 할까. 성숙한 시민으로서 무엇을 공부해야 하는지 쓰기, 읽기, 생각하기를 중심으로 이야기한다. 서울대 김영민 교수의 공부에세이.",https://image.aladin.co.kr/product/24790/60/cover500/k422631839_1.jpg, 김영민 지음, 어크로스,2020
총류,(수학 교사를 위한)그래픽 디자인 with Algeomath,"수능 및 모의고사에서 제시된 그래픽과 같은 평가 문제 출제가 가능한 공학도구로서, 기존의 지오지브라 등보다 쉽고 무료로 사용 가능한 프로그램인 알지오매스(AlgeoMath)를 이용한 시험문제 출제를 도와주는 도서이다.",https://image.aladin.co.kr/product/22158/94/cover500/k722636217_1.jpg, 이정환 지음, 경문사,2020
총류,(이기적)정보처리기사. 1,"기본서(이론서)로 기초를 확실하게 다져놓고 이론을 확인하는 문제로 다양한 유형의 문제들을 풀어, 다시 한 번 자신의 실력을 점검할 수 있다.",https://image.aladin.co.kr/product/25508/63/cover500/8931462859_1.jpg," 최의준,영진정보연구소 지음", 영진닷컴,2020
총류,(이기적)정보처리기사. 2,"기본서(이론서)로 기초를 확실하게 다져놓고 이론을 확인하는 문제로 다양한 유형의 문제들을 풀어, 다시 한 번 자신의 실력을 점검할 수 있다.",https://image.aladin.co.kr/product/25508/63/cover500/8931462859_1.jpg," 최의준,영진정보연구소 지음", 영진닷컴,2020
총류,숫자는 거짓말을 한다,"거의 매 순간 우리는 그래프와 지도, 인포그래픽 등 다양한 차트를 접하고 있지만 그 안에 담긴 정보와 메시지를 제대로 해석하는 경우는 극소수다. 이 책은 객관성과 신뢰도의 상징과 같은 차트가 어떻게 데이터를 왜곡해 우리를 오해와 착각의 늪으로 이끄는지 밝혀낸다.",https://image.aladin.co.kr/product/25356/60/cover500/8901245590_1.jpg, 알베르토 카이로 지음;박슬라 옮김, 웅진지식하우스,2020
총류,짚문화,"불과 얼마 전까지만 해도 곡식을 거두고 남은 볏짚은 지붕을 올리거나 그릇으로 만들어 썼고, 신발, 멍석 등 생활 곳곳에서 다양하게 쓰여 왔다. 실용성과 예술성을 두루 갖추었던 짚 제품의 생김새와 쓰임새, 짚의 민속을 통해 농촌에서조차 사라져 가는 옛것에 대한 아름다움을 살펴 본다.",https://image.aladin.co.kr/product/13/94/cover500/8936900013_2.jpg, 인병선 지음, 대원사,2001
총류,소반,"수십 년 혹은 수백 년의 긴 시간이 흐르는 동안 생활의 규모와 제도는 바뀌었지만 지난 시대의 사상과 생활상을 오래도록 간직한 선조들의 유품 가운데 소반은 상당히 중요한 몫을 차지한다. 이제는 생활에서 쓰이지 않아 무심히 지나치기 쉬운 소반의 특성과 쓰임새, 종류, 사용된 나무의 재질, 제작 기법과 연장 등 소반에 대한 개괄적인 이해를 돕는 책이다.",https://image.aladin.co.kr/product/8/17/cover500/893690003x_3.jpg, 나선화 지음, 대원사,2002
총류,민속놀이,이 책은 민속 놀이를 내용별로 구분하여 놀이 방법과 놀이의 성격에 대해 자세히 적고 있어 이론적으로 탄탄한 민속학 서적이 될 뿐만 아니라 잊혀져 가는 우리의 옛 놀이를 직접 즐길 수 있는 지침서이기도 하다.,https://image.aladin.co.kr/product/26/45/cover500/893690244x_1.jpg, 김광언 지음, 대원사,2006
총류,전통 매듭,"우리나라 매듭은 문헌이나 유물로는 배우기 어려운, 손끝에서 손끝으로 이어져 내려온 전승 민속 공예이다. 이 책은 이러한 매듭의 역사를 되짚어 보고 조선시대 매듭의 용도에 따른 구분과 매듭에 사용된 염색, 술의 제작 방법 등에 대해 설명한다.",https://image.aladin.co.kr/product/12/87/cover500/8936900056_2.jpg, 김은영 지음, 대원사,2007
총류,전통 자수,"자수는 의생활에 아름다움을 불어넣으려는 목적 뿐만 아니라 계급이나 사회적인 지위를 표시하려는 실용적인 요구의 반영물이다. 이 책은 이러한 자수의 개념 아래 고대부터 현대에 이르는 자수의 역사, 문양 등을 살펴보고 실제적인 자수의 기법을 소개한다. 또한 이들 자수가 사용된 여러 의상이나 도구, 장식물 등 명품에 담긴 단아한 아름다움을 보여 주고 있다.",https://image.aladin.co.kr/product/12/88/cover500/8936900064_2.jpg, 한영화 지음, 대원사,2010
총류,복식,복식의 풍속은 식생활이나 주생활과 함께 기층 문화의 알맹이일 뿐만 아니라 예의나 의식을 보여 주는 중요한 문화 현상이다. 이 책의 저자는 복식 심리의 입장에서 우리 옛 전통 의상에 대한 단순한 역사적인 규명보다는 그 속에 흐르는 민중 의식이나 심리를 살펴봄으로써 보다 근본적인 복식의 변천 원리에 접근할 수 있다는 견해를 밝히고 있다.,https://image.aladin.co.kr/product/6/17/cover500/8936900072_2.jpg, 조효순 지음, 대원사,2003
총류,한국의 배,"상고시대부터 근세에 이르기까지 우리나라에서 만들고 사용해 온 배(통나무배, 뗏목배, 싸움배, 조운선, 거북배, 사견선, 전함, 바닷배, 강배 등)의 역사를 그림과 사진, 도면을 통해 시대별로 정리한 책이다. 저자는 일반인의 이해를 돕기 위해 책 뒤에 배에 관한 전문 용어 해설도 수록했다.",https://image.aladin.co.kr/product/16/24/cover500/8936900110_2.jpg, 이원식 지음, 대원사,2003
총류,(이기적 in 2018)정보처리기능사,"정보처리기능사 필기 시험을 준비하는 수험생을 위한 기본서로, 다년간의 출제 경향을 철저히 분석하여 핵심 이론인 기본서와 기출문제집으로 구성했다.",https://image.aladin.co.kr/product/11509/74/cover500/8931456212_1.jpg, 홍태성;영진정보연구소 [공]저, 영진닷컴,2017
총류,책 잘 읽는 방법,"나름의 독서법을 정리한 것이지만, 어느 독서법 책보다 ‘책 잘 읽는 방법’을 충실하게 담고 있다. 저자는 그동안 읽어온 책들 중에서 자신의 생각을 깨준 31권을 골라 ‘김봉진의 도끼 같은 책’으로 소개한다. 다른 독서법 책들과 다른 점이라면, 제목과 저자명만 소개한 것이 아니라 독서일기처럼 나름의 느낀 점과 추천 포인트를 정리했다는 것이다.",https://image.aladin.co.kr/product/13377/93/cover500/k082532104_1.jpg, 김봉진 지음, 북스톤,2018
총류,(Android fragment를 활용한)반응형 안드로이드 앱 UI 개발,acorn+PACKT 시리즈. 안드로이드 프래그먼트(fragment)를 이용하여 기대치 높은 오늘날의 사용자들이 만족할만한 모던 안드로이드 애플리케이션을 만드는 방법을 알려주는 책이다.,https://image.aladin.co.kr/product/5157/41/cover500/8960776661_1.jpg, 짐 윌슨 지음;김성일 옮김, 에이콘,2015
총류,(개발자와 디자이너가 함께 보는)자바스크립트 프로그래밍,"에이콘 웹프로페셔널 시리즈. 이 책은 점진적 기능 향상으로 시작해 기본적인 자바스크립트 코드 작성법, 관련 웹 개발 기법 등 다양한 주제가 한데 어우러져 있다.",https://image.aladin.co.kr/product/5925/76/cover500/8960777102_1.jpg, 팀 라이트 지음;이대엽 옮김, 에이콘,2015
총류,"Learning PHP, MySQL, JavaScript & CSS","웹서버의 구축부터 웹을 구성하는 핵심 기술인 PHP와 MySQL, 자바스크립트, CSS를 자세하고 신속하게 익힐 수 있는 책. 각 기술에 대한 문법과 함께 활용 예제가 들어있으므로, 단시간 안에 웹 사이트를 손쉽게 구성하는 방법을 배울 수 있다.",https://image.aladin.co.kr/product/2765/11/cover500/8960774421_1.jpg, 로빈 닉슨 지음;황진호 옮김, 에이콘,2013
총류,(제이쿼리모바일·폰갭을 활용한)모바일웹+웹앱+하이브리드앱,"초심자가 웹 기술을 배우고 익히기에 기술들이 너무나 광범위하고 복잡해서 상당한 시간과 노력을 기울여야만 하는 점들을 고려하여, 이 책은 누구나 쉽고 간단하고 빠르게 앱을 만드는 핵심 방법들에 대해 설명하고 있다.",https://image.aladin.co.kr/product/5307/0/cover500/8970508260_1.jpg, 박성진 지음, 생능,2015
총류,이렇게 하면 나도 프로그램을 잘 만들 수 있다,"누구나 세상을 바꿀 수 있는 프로그램을 만들 수 있도록 체계적이고 효율적인 학습 방법을 제시하는 책.문제 해결 관점에서 프로그래밍을 하는 방법을 소개하고, 몇 가지의 예제를 통해 문제를 해결하는 방식을 제시하고, 제시된 문제 해결 방식을 참고하여 많은 문제들을 스스로 해결하면서 개인마다 창의적인 문제 해결 방법을 확립하도록 한다.",https://image.aladin.co.kr/product/2816/66/cover500/8997399136_1.jpg, 김석현 지음, 박컴,2013
총류,CCENT/CCNA ICND2 640-816 시스코 공인 학습 가이드,,https://image.aladin.co.kr/product/2244/31/cover500/8945077235_1.jpg, 웬델 오돔 지음;신용태;김기천;이혁준;최종원;김아란 옮김, 피어슨에듀케이션코리아,2012
총류,이것이 리눅스다,동영상 강의와 함께 독학으로 학습 가능한 리눅스 실무 입문서. 저자는 '초보자도 리눅스의 실무 기능을 막힘 없이 실습 가능하도록' 17년간의 생생한 강의 경험을 이 책과 동영상에 담아냈다.,https://image.aladin.co.kr/product/6208/20/cover500/8968481962_1.jpg, 우재남 지음, 한빛미디어,2015
총류,(초급자를 위한)시스코 네트워크 보안 완전 분석,에이콘 네트워크 프로그래밍 시리즈. 시스코 보안 자격증(CCNA)뿐만 아니라 네트워크 보안 업무 분야에 새롭게 입문하는 실무자를 위한 시스코 네트워크 보안 지침서다.,https://image.aladin.co.kr/product/6862/40/cover500/8960777803_2.jpg, 정철윤 지음, 에이콘,2015
총류,(이제 시작이야!)정보 보안의 이해,"정보 보안의 이론과 실무에 대한 기초지식을 제공한다. 기밀성, 가용성, 무결성과 같은 정보 보안의 핵심 개념뿐만 아니라 더욱 향상된 고급연구를 위한 팁과 추가 자료를 다루고 있다. 이 책은 또한 운영, 물리, 네트워크, 운영체제, 응용프로그램의 보안에 대한 실제 응용을 담고 있고, 각 장의 끝에 연습문제를 수록하여 교재로 사용되기 위한 충분한 내용을 포함한다.",https://image.aladin.co.kr/product/1702/28/cover500/8994774149_1.jpg, 제이슨 안드레스 지음;융합보안연구회(CSS)엮음, Bj퍼블릭,2012
총류,C를 배우면 함수를 잘 만들어야 한다,"저자가 십 수년간 프로그램 개발 전문가 교육을 하면서 왜곡된 프로그래밍 입문에 대해서 안타까움을 느끼고 이에 대해 프로그래밍 입문자들의 시행착오를 줄이고자 프로그램을 왜, 어떻게 작성해야 하는지 명확하게 제시하고 있다.",https://image.aladin.co.kr/product/681/5/cover500/8995664231_1.jpg, 김석현 지음, 명진도서,2010
총류,엑셀의 신 회사에서 쓰는 실무엑셀,"실무진 출신의 저자가 독자의 눈높이에 맞춰 업무에 필요한 기능만 콕 집어 설명한다. 무엇을 모르는지조차 모르는 초보자를 배려하여 엑셀 설치 방법부터 친절히 안내한다. 윈도우용 엑셀 2007부터 엑셀 2016, 최신형 오피스 365까지 모든 버전의 호환 메뉴까지 꼼꼼하게 담았다.",https://image.aladin.co.kr/product/13660/98/cover500/8960305014_1.jpg, 심지은 지음, BM황금부엉이,2018
총류,(유튜버 데르센의)사진 촬영 ＆ 라이트룸,스튜디오 데르센 스토리샷 대표이자 유튜브에서 사진 촬영 강의로 구독 수 1만이 넘는 인기 유튜버 ‘데르센’이 어도비 포토샵 라이트룸의 분야별 실전 사용법과 진짜 사진 촬영 기법을 알려준다.,https://image.aladin.co.kr/product/16604/90/cover500/8931555776_1.jpg, 김용만 지음, BM성안당,2018
총류,아이돌을 인문하다,"방탄소년단과 워너원, 트와이스 등의 아이돌 그룹을 중심으로, ‘문학’과 ‘철학’의 시선을 통하여 꼼꼼하게 바라보고 엮은 책이다. 이 책에선 K-POP을 대표하는 세 그룹의 노래들을 비롯한 총 46곡의 노랫말과 함께, 46가지 인문학적 키워드들이 심도 있게 논의되고 있다.",https://image.aladin.co.kr/product/14013/55/cover500/k562532930_2.jpg, 박지원 지음, 사이드웨이,2018
총류,지식 e. 4,많은 사랑을 받고 있는 <지식 e>의 시즌 4의 주제는 'In Vistro / In Vivo / In Situ'이다. 생물학에서 '기구 내 실험 / 체내 실험 / 본래의 장소'를 일컫는 용어라고. 조금 낯선 말이긴 하지만 <지식 e>가 탐구하는 것은 여전히 우리의 삶이다. 통념 밖에 있었던 예술과 도전 / 인류 문명 한복판에서 일어난 역사적이고 정치적인 사건 / 우리사회의 가치와 소외된 삶 등 아프고 불편한 지식들을 매혹적으로 전달한다.,https://image.aladin.co.kr/product/320/35/cover500/8956053278_2.jpg, EBS 지식채널e 제작팀 지음, 북하우스,2008
총류,(책 읽어주는 책)북멘토,포털 사이트 네이버 대표카페 '책을 좋아하는 사람들'의 카페회원 서평 소개를 통해 책을 소개한다. 6년여 간 5만여 명의 책벌레들이 책에 대한 사소하고도 소박한 생각들을 묶어 놓은 수십만 건의 서평 중 카페회원 모두가 베스트 책 혹은 베스트 서평이라고 추천하여 선정된 3만여 개의 베스트 게시 글 중 100여 종의 책을 각 분야별로 심도 있게 선정하여 수록하였다.,https://image.aladin.co.kr/product/871/40/cover500/8996506117_3.jpg, 책을 좋아하는 사람들 지음, 더블류엔터테인먼트,2011
총류,"(책읽기의 달인,)호모 부커스 2 0","호모 부커스(Homo Bookers)가 한 단계 진화했다는 의미의 <책읽기의 달인, 호모 부커스 2.0>은 “이 땅의 책읽기 달인들과 함께 독서론을 주제로 책을 펴내 공유하자”는 취지로 <책읽기의 달인, 호모 부커스>의 저자 이권우가 제안하여 시작된 ‘호모 부커스 2.0 프로젝트’의 결과물이다.",https://image.aladin.co.kr/product/483/93/cover500/8976828070_1.jpg, 이권우;강양구, 그린비출판사,2009
총류,(이것이)리눅스다,"『이것이 리눅스다』가 차세대 리눅스 배포판 Rocky Linux 9를 품고 돌아왔다. 실무와 동일한 환경에서 학습할 수 있도록 VMware 프로그램을 활용해 리눅스 3대, Windows 1대, 총 4대의 가상머신으로 리눅스 서버 구축을 실습하며 배울 수 있도록 구성되었다.",https://image.aladin.co.kr/product/31190/41/cover500/k852831958_1.jpg, 우재남 지음, 한빛미디어,2023
총류,(Android Studio를 활용한)안드로이드 프로그래밍,기본적인 프로그래밍을 접해본 독자라면 안드로이드에 꼭 필요한 Java 기초부터 안드로이드 앱 개발까지 학습 가능하도록 구성되어 있다. 안드로이드 프로그래밍을 하면서 부딪힐 수 있는 다양한 오류나 실수까지 친절하게 안내하여 시행착오 없이 안드로이드를 빠르게 정복할 수 있다.,https://image.aladin.co.kr/product/30906/78/cover500/k902831486_1.jpg, 우재남;박길식 [공]지음, 한빛아카데미,2023
총류,객체지향 파이썬,"객체지향 프로그래밍을 마스터할 수 있는 완벽한 안내서다. 클래스 구축 및 객체 생성의 기본 사항을 다루고, 객체지향 스타일을 시각화하는 데 도움이 되는 파이게임과 GUI를 사용하여 실습한다.",https://image.aladin.co.kr/product/32505/53/cover500/k702935723_1.jpg, 어브 캘브 지음;박찬성 옮김, Jpup(제이펍),2023
총류,틀을 깨는 사고력,"오드리 탕은 디지털 시대의 새로운 천재다. 전통적인 학습 체계에서 벗어난 방식으로 공부하고, 현명하게 시간을 관리한 덕분에 분명한 사고방식을 가질 수 있었고, 업무에 얽매이는 것이 아니라 스스로 자기 삶의 주도권을 잡을 수 있었다. 이 책은 오드리 탕이 어떻게 독학해 자신의 사고 체계를 만들었으며, 실제 하루를 어떻게 보내는지를 낱낱이 공개한다.",https://image.aladin.co.kr/product/32444/78/cover500/k722935290_1.jpg, 양첸룽 지음;오드리 탕 구술;이에스더 옮김, 미디어숲,2023
총류,(2023 ADsP)데이터 분석 준전문가,"2014년 4월 이후 시행된 자격증 시험의 기출문제를 분석하여 문제의 의도와 유형을 파악하여 중요한 내용을 표와 그림을 위주로 1과목 데이터의 이해, 2과목 데이터 분석 기획 그리고 3과목 데이터 분석의 내용을 정리하였다.",https://image.aladin.co.kr/product/30828/53/cover500/k982831176_1.jpg, 윤종식 저, Data Edu(데이터에듀),2023
총류,박태웅의 AI 강의,"인공지능의 다양한 측면을 두루 보고, 그것이 가진 함의와 품고 있는 위험들, 그래서 우리가 해야 할 일들을 짚어내고 있다. 인공지능의 개념과 역사, 그리고 미래를 종합적으로 알려준다.",https://image.aladin.co.kr/product/31830/50/cover500/k102833125_3.jpg, 박태웅 지음, 한빛비즈,2023
총류,코틀린 완벽 가이드,"코틀린 언어의 기초부터 심화 내용까지 탄탄히 배우고 모바일, 웹, 데스크톱에서 다양한 애플리케이션을 개발하는 데 코틀린을 사용해 보는 것을 목표로 한다. 이 책을 통해 코틀린의 기본 문법을 시작으로 동작 원리와 그 이면의 핵심 아이디어를 이해할 수 있다.",https://image.aladin.co.kr/product/28979/25/cover500/k112836925_1.jpg, 알렉세이 세두노프 지음;오현석 옮김, 길벗,2022
총류,(시나공 기출문제집)컴퓨터활용능력 1급 실기. 1급실기,"과목별 기출유형을 10회씩 수록하여 새롭게 출제된 기출문제를 유형별로 완벽하게 복원하였다. ‘기출유형별 기능 정리표’가 있어 필요한 부분만 집중적으로 학습할 수 있고, 자동 채점 프로그램이 들어 있어 간단하게 오답 체크를 하여 틀린 부분만 찾아서 효과적으로 학습할 수 있도록 도와준다.",https://image.aladin.co.kr/product/30571/71/cover500/k052830710_1.jpg, 길벗 R&D 지음, 길벗,2023
총류,(2023 시나공)컴퓨터활용능력 1급 실기. 1급실기-1: 스프레드시트 실무,"엑셀, 액세스의 방대한 기능 중 시험에 꼭 나오는 엑셀 기능 18가지, 액세스 기능 8가지로 압축하고, 쉽게 익힐 수 있도록 따라하기 형식으로 구성하였다. 각 섹션마다 출제된 비율에 따라 A, B, C, D 등급을 지정하여 중요한 내용을 먼저 볼 수 있다.",https://image.aladin.co.kr/product/29825/31/cover500/k582838418_1.jpg, 길벗알앤디 지음, 길벗,2022
총류,(2023 시나공)컴퓨터활용능력 1급 실기. 1급실기-2: 데이터베이스 실무,"엑셀, 액세스의 방대한 기능 중 시험에 꼭 나오는 엑셀 기능 18가지, 액세스 기능 8가지로 압축하고, 쉽게 익힐 수 있도록 따라하기 형식으로 구성하였다. 각 섹션마다 출제된 비율에 따라 A, B, C, D 등급을 지정하여 중요한 내용을 먼저 볼 수 있다.",https://image.aladin.co.kr/product/29825/31/cover500/k582838418_1.jpg, 길벗알앤디 지음, 길벗,2022
총류,(2024 이기적)컴퓨터활용능력 2급 필기 기본서. 2급필기-1: 컴퓨터 일반,변경된 2024년 출제 기준을 완벽하게 반영한 이 도서는 필기시험 준비 수험생을 위한 꼭 필요한 기본서다. 여러 해 동안의 출제 경향을 깊이 분석하여 집필된 2권의 이론서와 함께 상시 기출문제가 담긴 기출공략집으로 구성되어 있다.,https://image.aladin.co.kr/product/32446/63/cover500/8931468180_1.jpg, 홍태성;영진정보연구소 지음, 영진.com(영진닷컴),2023
총류,(2024 이기적)컴퓨터활용능력 2급 필기 기본서. 2급필기-2: 스프레드시트 일반,변경된 2024년 출제 기준을 완벽하게 반영한 이 도서는 필기시험 준비 수험생을 위한 꼭 필요한 기본서다. 여러 해 동안의 출제 경향을 깊이 분석하여 집필된 2권의 이론서와 함께 상시 기출문제가 담긴 기출공략집으로 구성되어 있다.,https://image.aladin.co.kr/product/32446/63/cover500/8931468180_1.jpg, 홍태성;영진정보연구소 지음, 영진.com(영진닷컴),2023
총류,(2023 이기적)컴퓨터활용능력 2급. 2023,"컴퓨터활용능력 2급 필기와 실기 시험을 한 번에 합격할 수 있도록 구성한 필기, 실기 합본 도서다. 기출 유형을 완벽하게 분석한 [자주 출제되는 기출문제 120선]과 실제 시험에서 출제되었던 지문으로 구성한 [핵심 암기 노트], 상시 기출문제 12회분으로 구성되어 있다.",https://image.aladin.co.kr/product/30659/15/cover500/8931466420_1.jpg, 홍태성;박윤정 공저, 영진닷컴,2023
총류,(2023 시나공)컴퓨터활용능력 1급 필기. 1급필기-3: 기출문제집,"합격에 필요한 내용만 골라 듣는 시나공식 맞춤 동영상 강의를 제공하여 수험생의 부담을 줄이고 독학을 가능하게 하였다. 실제 시험의 출제 경향을 친절하게 짚어주고, 자주 시험에 나온 내용은 확실히 강조하여 혼자서도 충분히 공부할 수 있게 도와준다.",https://image.aladin.co.kr/product/29998/37/cover500/k502838251_1.jpg, 길벗알앤디 지음, 길벗,2023
총류,마이크로프로세서 ATmega128,"ATmega128을 사용하여 시스템을 개발하고자 하는 엔지니어를 위한 참고서로, 대학에서 마이크로프로세서 강의를 하기 위한 교재로 사용하기에 적합하도록 구성되어 있다. Atmel사가 제공한 데이터시트 내용을 바탕으로 기술하였다.",https://image.aladin.co.kr/product/10060/17/cover500/8970508848_1.jpg, 이창주 외 지음, 생능,2017
총류,(이기적)정보처리기능사 필기 기본서. [1],"필기 시험을 준비하는 수험생을 위한 기본서로서 다년간의 출제 경향을 철저히 분석하여 크게 핵심 이론인 기본서와 기출문제집으로 분권하였다. 1권에서는 필기시험 과목별로 나뉜 Part를 따라 공부하며 이론을 확인하는 기출문제와 예상문제로 실력을 체크하고, 2권에서는 자주 출제되는 기출문제 130선을 빠르게 익히고 최신 기출문제 5회를 실전처럼 풀어볼 수 있다.",https://image.aladin.co.kr/product/15924/84/cover500/8931457863_1.jpg, 홍태성;영진정보연구소 공저, 영진닷컴,2018
총류,(이기적)정보처리기능사 실기 기본서. [2],"시행처의 출제기준 및 출제유형에 맞는 이론과 문제들로 꼭꼭 채워진 교재다. 핵심이론으로 내용을 공부한 뒤, 도서 내에 있는 '이론을 확인하는 기출문제'와 '예상문제'로 실제 시험이 어떻게 출제되는지 감을 잡고, 기출문제 10회분으로 마무리 정리를 할 수 있다.",https://image.aladin.co.kr/product/16236/59/cover500/8931457421_1.jpg, 김명주;강희영 지음, 영진닷컴,2018
총류,안드로이드 스튜디오를 활용한 실전 앱 만들기,"최신 Android 8.0 버전과 Android Studio 3.0 최신 버전을 적용하였고, 안드로이드 스튜디오를 활용해 다양한 안드로이드 앱 만드는 과정을 한 권에 담아 소개한다. 안드로이드 앱 제작에 필요한 자바의 주요 개념을 쉽게 정리한다.",https://image.aladin.co.kr/product/13170/8/cover500/8931456905_1.jpg, 조상철 저, 영진닷컴,2018
총류,파이썬 for Beginner,다양한 예제와 프로젝트를 활용해 초보자도 쉽게 프로그래밍의 기본을 익힐 수 있는 파이썬 입문서. 사전식으로 문법을 나열하기보다는 작지만 기능적인 프로그램을 하나씩 완성하면서 익힐 수 있게 구성했다.,https://image.aladin.co.kr/product/12471/41/cover500/k962532960_1.jpg, 우재남 지음, 한빛아카데미,2017
총류,"파이썬을 이용한 머신러닝, 딥러닝 실전 앱 개발","《파이썬으로 배우는 머신러닝 딥러닝 실전 개발 입문》의 활용편으로, 이전 책에서는 데이터를 수집하는 스크레이핑부터 기본적인 머신러닝 딥러닝을 다루었다면, 이번에는 기본적인 머신러닝 딥러닝부터 좀 더 실용적인 머신러닝 딥러닝 예제를 다룬다.",https://image.aladin.co.kr/product/18707/33/cover500/k662635874_1.jpg, 쿠지라 히코우주쿠에;스기야마 요우이치;엔도 슌스케 [공]지음;윤인성 옮김, 위키북스,2019
총류,(초보자를 위한)JavaScript 200제,"발 빠르게 진화되면서 세계에서 가장 인기 있는 언어가 된 자바스크립트를 설치부터 활용까지 예제별로 친절하게 안내한다. 총 5개의 파트(입문, 초급, 중급, 활용, 실무)로 구성되어 있으며 200개의 예제를 학습하면서 자바스크립트를 익힐 수 있다.",https://image.aladin.co.kr/product/18474/78/cover500/8956748241_1.jpg, 고재도 지음, 정보문화사,2019
총류,(명품)Java programming,"<명품 JAVA Programming>의 개정4판. 자바 프로그래밍 개념과 방법을 충실히 정리하고 적절한 예제를 수록하였다. 많은 그림과 삽화로 개념을 쉽게 이해하도록 하였고, 각 절마다 Check Time 문제를 두어 배운 내용을 확인할 수 있도록 하였다.",https://image.aladin.co.kr/product/14830/18/cover500/897050947x_1.jpg, 황기태;김효수 [공]지음, 생능출판,2018
총류,정보처리기술사 이론과 전략,"국가기술시험인 IT기술사(정보관리기술사&컴퓨터시스템응용기술사)의 기본서. 이번 4번째 개정판은 각 도메인별로 중요한 토픽 분야를 추가 보완하였으며, 많은 IT 분들께서 책에 대한 조언과 개선사항을 적용하였다.",https://image.aladin.co.kr/product/8665/21/cover500/898258658x_1.jpg, 강정배 외 지음, 한국생산성본부,2016
총류,케라스 창시자에게 배우는 딥러닝,"창시자의 철학까지 담은 딥러닝 입문서.케라스 창시자이자 구글 딥러닝 연구원인 저자는 ‘인공 지능의 민주화’를 강조한다. 이 책 역시 많은 사람에게 딥러닝을 전달하는 또 다른 방법이며, 딥러닝 이면의 개념과 구현을 가능하면 쉽게 이해할 수 있게 하는 데 중점을 두었다.",https://image.aladin.co.kr/product/17031/74/cover500/k632534677_1.jpg, 프랑소와 숄레 지음;박해선 옮김, 길벗,2018
총류,(라즈베리파이 3를 활용한)임베디드 리눅스 프로그래밍,"리눅스 OS를 갖춘 Raspberry Pi3를 사용하여, LCD, 마우스 및 다양한 하드웨어 장치 사용에 필요한 디바이스 드라이버를 만들고 이를 활용하는 응용 프로그램을 작성하는 방법을 익힐 수 있도록 한다.",https://image.aladin.co.kr/product/16727/96/cover500/8970939121_1.jpg, 이영일 지음, 光文閣,2018
총류,(파이썬으로 배우는)알고리즘 트레이딩,파이썬이라는 프로그래밍 언어를 이용한 알고리즘 트레이딩을 다룬다. 프로그래밍을 전혀 모르는 비전공자나 HTS(Home Trading System)로 주식 투자 정도만 할 수 있는 일반인도 빠르게 파이썬과 알고리즘 트레이딩을 배울 수 있는 알고리즘 트레이딩 입문서이다.,https://image.aladin.co.kr/product/18582/28/cover500/k992635866_1.jpg, 조대표 지음, 위키북스,2019
총류,공부머리 독서법,12년 동안 저자가 아이들과 함께 독서 논술 수업을 하면서 축적한 노하우를 집약한 독서교육 지침서. 전국을 누비며 독서법 강연을 하는 전문가지만 《공부머리 독서법》에는 가정에서 실현 가능한 독서법만을 엮었다. 실제 사례와 데이터를 바탕으로 직접 효과를 본 독서법들이 알차게 채워져 있다.,https://image.aladin.co.kr/product/14131/58/cover500/k722532337_1.jpg, 최승필 지음, 책구루,2018
총류,외계인 인터뷰,,https://image.aladin.co.kr/product/3270/72/cover500/8996671029_2.jpg, 로렌스 R. 스펜서 편저;유리타 옮김, 아이커넥,2013
총류,"재미나는 생각, AI와 게임","인공지능(AI)이나 게임에 대한 배경지식이 전혀 없더라도 그에 관한 역사와 주요 개념을 쉽게 이해할 수 있는 책이다. AI에 관련된 몇 가지 중요한 알고리즘에 관한 설명은 있지만, 저자조차 수학을 싫어하는 덕에 복잡한 수식 없이 핵심 개념을 꿰뚫어 이해할 수 있다.",https://image.aladin.co.kr/product/18470/55/cover500/k152534552_1.jpg, 줄리안 토겔리우스 지음;송지연 옮김, 에이콘,2019
총류,차이나는 클라스. 2: 고전·인류·사회 편,"JTBC 대표 시사교양 프로그램 의 두 번째 책으로 고전 · 인류 · 사회 분야를 대표하는 9명의 강연자들이 고전에서 찾는 인생과 인간관계의 지혜, 인류와 지구의 미래를 위한 대비책, 오늘의 대한민국을 이끌어가는 모든 이들과 소통하며 살아가는 법에 대해 담아냈다.",https://image.aladin.co.kr/product/18227/79/cover500/8927809998_1.jpg, JTBC〈차이나는 클라스〉제작팀 지음, 중앙books,2019
총류,대한민국 독서사,"해방 이후 지난 70년간의 ‘한국 현대 독서문화사’다. 즉, 책 읽기 문화를 통해 돌아본 우리의 ‘知의 현대사’이자, 상식과 교양의 역사다. 지난 70년간 방방곡곡의 학교와 도서관과 서점들, 대학과 교회와 노동조합 사무실에서 열렸던 독서회들, 때로는 버스와 지하철 그리고 저마다의 내밀한 방과 마음속에 펼쳐진 독서의 풍경을 되돌아본다.",https://image.aladin.co.kr/product/16938/65/cover500/8974839571_1.jpg, 천정환;정종현 [공]지음, 서해문집,2018
총류,교사를 위한 독서교육론,아이들을 평생 독자로 이끄는 신개념의 독서교육 안내서. ‘책맹’이 늘어 가는 현실에서 학교와 교사가 어떻게 해야 학생들이 능동적인 독자로 성장하도록 도울 수 있을지를 다루고 있다.,https://image.aladin.co.kr/product/18564/55/cover500/k262635762_1.jpg, 김주환 지음, 우리학교,2019
총류,(초보자를 위한)SQL 200제,"총 5개 파트와 200개의 예제로 구성되어 있다. 차근차근 예제를 통해 SQL 기초를 다지고, 직접 프로그램을 실행해봄으로써 SQL을 활용한 머신러닝 데이터 분석으로 Kaggle 상위권에 진입할 수 있도록 구성되어 있다.",https://image.aladin.co.kr/product/24012/39/cover500/8956748500_1.jpg, 유연수 지음, 정보문화사,2020
총류,그림으로 배우는 SQL 입문,"데이터베이스를 처음 접하는 초보자들을 위해 반드시 알아야 할 SQL 필수 구문들을 이해하기 쉽게 소개한다. 친절하고 자세한 설명, 만화와 일러스트를 통해 누구나 한눈에 SQL과 데이터베이스의 원리를 익힐 수 있도록 쉽게 구성된 것이 특징이다.",https://image.aladin.co.kr/product/27357/47/cover500/8931465513_1.jpg, 사카시타 유리 저;김은철;유세라 역, 영진닷컴,2021
총류,나는 주니어 개발자다,"다섯 명의 평범한 주니어 개발자들의 성장 이야기를 다룬다. 하지만 각자의 이야기는 결코 평범하지 않다. 늦깎이 취업 준비생, 사범대 졸업생, 임베디드, 산업기능요원, 비전공자 출신 개발자가 모여 글을 썼다.",https://image.aladin.co.kr/product/27889/98/cover500/8997924885_1.jpg, 지찬규 [외] 지음, 로드북,2021
총류,Node.js 교과서,"프런트부터 서버, 데이터베이스, 배포까지 아우르는 광범위한 내용을 다룬다. 군더더기 없는 직관적인 설명으로 기본 개념을 확실히 이해하고, 노드의 기능과 생태계를 사용해보면서 실제로 동작하는 서버를 만들어보자.",https://image.aladin.co.kr/product/24639/12/cover500/k272631896_1.jpg, 조현영 지음, 길벗,2020
총류,IT 업계에서 살아남기,"IT 업계 종사자들을 위한 필독 안내서. IT 업계에서 살아남으려면 어떻게 해야 할까? 이 책은 크게 업무, 헬프데스크, IT 프로그래머, 기획 및 운영 업무, 공통 업무의 다섯 장으로 나뉘어 영역별로 현실적인 대응법을 제시한다.",https://image.aladin.co.kr/product/26948/79/cover500/8956749086_1.jpg, 알렉스 지음, 정보문화사,2021
총류,(모던 웹을 위한)Node.js 프로그래밍,"이번 개정판은 30개월의 안정적인 지원을 약속하는 Node.js LTS 버전에 맞춰 전면 개정했으며, 학습목표를 추가해 각 장별로 꼭 알아야 할 사항을 다시 한번 정리했다.",https://image.aladin.co.kr/product/8623/7/cover500/8968482942_1.jpg, 윤인성 지음, 한빛미디어,2016
총류,VR의 이해,"VR을 인간의 의사소통의 매체로써 공유하는 수단으로 사용하는 방법을 탐구한다. 이 책을 통해 물리적으로 생동감 있는 효과를 생산하는 데 필요한 기술, 유용하고 의미 있는 콘텐츠를 제공하는 데 필요한 인터페이스 디자인을 포함해 VR의 포괄적인 개요를 제공한다.",https://image.aladin.co.kr/product/27266/62/cover500/k302732209_2.jpg, 윌리엄 셔먼;앨런 크레이그 지음;송지연 옮김, 에이콘출판,2021
총류,(2021 시나공)컴퓨터활용능력 2급 실기. 1,"엑셀의 방대한 기능 중 시험에 꼭 나오는 엑셀 기능 16가지로 압축하고, 쉽게 익힐 수 있도록 따라하기 형식으로 구성하였다. 각 섹션마다 출제된 비율에 따라 A, B, C, D 등급을 지정하여 중요한 내용을 먼저 볼 수 있다.",https://image.aladin.co.kr/product/25430/6/cover500/k462633411_1.jpg, 길벗알앤디 지음, 길벗,2020
총류,(2021 시나공)정보처리기능사 실기,NCS 학습 모듈을 가이드 삼아 실무에서 방대하게 다뤄지는 내용들을 압축하여 최대한 쉽게 수록했다. 예제나 문제는 간단해 보이지만 원론을 이해하기 쉽도록 간략하게 구성한 것으로 교재의 내용만 이해하면 어떠한 변형 문제도 풀 수 있을 것이다.,https://image.aladin.co.kr/product/26729/43/cover500/k462730285_1.jpg, 길벗알앤디 지음, 길벗,2021
총류,러닝 텐서플로,"파이썬 지식이 있는 개발자를 대상으로 텐서플로의 구동 원리를 알려주며 기초부터 고급 활용법까지 파헤친다. 텐서보드, 케라스, TFLearn, 텐서플로 서빙 등 텐서플로를 더 강력하게 해주는 도구와 멀티스레딩 및 분산처리를 이용한 규모 확장 등 다른 곳에서 찾을 수 없는 실무 노하우가 담겨 있다.",https://image.aladin.co.kr/product/14314/92/cover500/k262532840_1.jpg, 톰 호프;예헤즈켈 레셰프;이타이 리더 [공]지음;박상은 옮김, 한빛미디어,2018
총류,(2022 Win-Q)전자계산기기능사,핵심이론+핵심예제로 구성되었다. 필수적으로 학습해야 하는 중요한 핵심이론들을 각 과목별로 분류하여 수록하였고 시험에 자주 나오는 핵심예제를 엄선해 이론과 문제를 한 번에 학습할 수 있도록 하였다.,https://image.aladin.co.kr/product/27840/56/cover500/k432734889_1.jpg, 이복자 지음, 시대고시기획,2022
총류,사물인터넷을위한 ESP8266 프로그래밍,와이파이 통신 기능을 포함한 마이크로컨트롤러를 친숙한 아두이노 환경에서 프로그래밍 하는 법을 알려준다. ESP8266을 일반적인 마이크로컨트롤러로 사용하는 방법과 ‘와이파이’ 기능을 사용하는 방법을 제공한다.,https://image.aladin.co.kr/product/12265/15/cover500/k422531856_1.jpg, 허경용 지음, 제이펍,2017
총류,(놓치기 아까운)젊은날의 책들,서평 전문 인터넷 블로그 '최보기의 책보기'를 운영 중인 최보기 북칼럼니스트가 '청춘을 위한 책들'을 주제로 동서고금의 고전과 근래에 출판된 책들을 넘나들며 모두 64권을 엄선해 쓴 추천 서평들을 엮어 책으로 냈다.,https://image.aladin.co.kr/product/2984/54/cover500/899738533x_2.jpg, 최보기 지음, 모아북스,2013
총류,청소년을 위한 북 내비게이션,국어 교사인 저자가 지난해 「한겨레」에 연재한 칼럼 [류대성 교사의 북 내비게이션]에서 미처 하지 못한 이야기를 풀고 핵심적이고 인상 깊은 구절의 책갈피를 꺼내어 엮은 책이다. 청소년들에게 영향을 주는 거의 모든 분야에서 추천할 만한 책 112권을 골랐다.,https://image.aladin.co.kr/product/2995/5/cover500/8958626410_1.jpg, 류대성 지음, 휴머니스트,2013
총류,(거침없이 배우는)라즈베리 파이,"라즈베리 파이의 공동 제작자인 에벤 업튼과 과학 기술 분야 작가인 가레스 할퍼크리가 저술한 '거침없이 배우는 라즈베리 파이, 지앤선 2013'의 최신판이다. 이 책은 라즈베리 파이를 조립하고 실행하는데 필요한 모든 정보를 수록하고 있다.",https://image.aladin.co.kr/product/6287/97/cover500/8993827974_1.jpg, 에벤 업튼;가레스 할퍼크리 [공]지음;유하영;전우영 [공]옮김, 지앤선,2015
총류,아두이노로 만드는 사물인터넷,"다양한 사물인터넷 프로젝트 제작 시 알아야 할 “아두이노 스케치 구조”, “수퍼루프 아두이노 구조”, “RTOS 아두이노 구조”를 이해하기 쉽게 그림과 함께 설명하였다.",https://image.aladin.co.kr/product/8490/12/cover500/k592535466_1.jpg, 서민우 지음, 앤써북,2015
총류,디지털 논리회로 실험,"IT Cookbook 한빛 교재 시리즈 158권. 쿡북 대표 베스트셀러인 [IT CookBook, 디지털 논리회로]의 이론을 직접 실험해볼 수 있다. 또한 다양한 텀 프로젝트를 통해 자신만의 디지털 장난감을 만들어 볼 수도 있다.",https://image.aladin.co.kr/product/3512/98/cover500/8998756757_1.jpg," 임석구,홍경호 [공]지음", 한빛아카데미,2014
총류,디지털 논리회로 실험,"IT Cookbook 한빛 교재 시리즈 158권. 쿡북 대표 베스트셀러인 [IT CookBook, 디지털 논리회로]의 이론을 직접 실험해볼 수 있다. 또한 다양한 텀 프로젝트를 통해 자신만의 디지털 장난감을 만들어 볼 수도 있다.",https://image.aladin.co.kr/product/3512/98/cover500/8998756757_1.jpg," 임석구,홍경호 [공]지음", 한빛아카데미,2014
총류,리눅스 커널 심층 분석,"리눅스 커널의 핵심을 간결하면서도 심도있게 다루고 있다. 일반적인 운영체제에 대한 이해를 넘어, 여타 유닉스 시스템과 다른 리눅스만의 특징적인 부분에 대한 설계, 구현, 인터페이스 등을 이론과 실제 사이에서 균형감 있게 소개한다.",https://image.aladin.co.kr/product/1848/5/cover500/896077331x_1.jpg, 로버트 러브 지음 ;황정동 옮김, 에이콘,2012
총류,(Do it!)점프 투 파이썬,지난 10년간 온라인 독자들의 질문 댓글에 답변하며 쌓아온 저자만의 노하우를 초보자들이 이해하기 쉽게 풀어냈다. 특히 이 책은 파이썬의 문법들을 실생활에서 쉽게 접할 수 있는 일들을 사례로 들어 설명하는 저자의 탁월함이 돋보인다.,https://image.aladin.co.kr/product/7811/86/cover500/8997390910_1.jpg, 박응용 지음, 이지스퍼블리싱,2016
총류,유니티로 배우는 게임 수학,게임 개발에 필요한 수학 원리를 유니티를 실행해 눈으로 확인하는 실습형 지침서. 난해한 설명보다는 고등학교 수준의 수학 원리를 그림과 함께 차근차근 소개하는 것에 중점을 두었다. 수학을 싫어하는 사람도 쉽게 접근할 수 있도록 풀컬러로 풍부한 삽화와 스크린샷을 곁들였다.,https://image.aladin.co.kr/product/8820/8/cover500/8968485003_1.jpg, 구부키 류이치 지음;김성재 옮김, 한빛미디어,2016
총류,모두의 라즈베리 파이 with 파이썬,"먼저 라즈베리 파이가 무엇인지 알아보고, 복잡한 운영체제 설치, 환경 설정 과정은 그림만 보고도 따라 할 수 있게 알려준다. 146개의 예제와 56개의 도해로 파이썬 프로그래밍을 쉽고 확실하게 배우고, 이렇게 배운 프로그래밍과 전자 회로 공작을 통해 각종 입출력 부품도 다뤄 본다.",https://image.aladin.co.kr/product/8514/39/cover500/k872535778_1.jpg," 이시이 모루나,에사키 노리히데 [같이]지음;서수환 옮김", 길벗,2016
총류,ChatGPT로 시작하는 대화형 인공지능 활용법,"ChatGPT가 이슈인 이유와 개념 등을 알기 쉽게 설명했다. 인공지능과 ChatGPT를 처음 접하는 독자들은 음성으로 영어 회화를 하거나, 엑셀이나 파워포인트 등을 활용하는 사례를 중심으로 배울 수 있다.",https://image.aladin.co.kr/product/31709/98/cover500/k542833794_1.jpg, 김상윤 지음, 에이콘,2023
총류,청소년을 위한 두 글자 인문학,"우리 일상 속 무수한 두 글자 가운데 삶에서 떼려야 뗄 수 없는 아홉 가지 두 글자를 선별해 그 하나하나의 주제를 오롯이 풀어낸 책이다. 독자 스스로 답을 찾으며, 또 새로운 물음을 더해 가며, 자신만의 새로운 관점을 오롯이 키워나갈 수 있을 것이다.",https://image.aladin.co.kr/product/32934/74/cover500/k222936945_1.jpg, 김경윤 [외]지음, 지노,2023
총류,공기업 일반상식 핵심공략: 2024 일반상식 시험대비,"일반상식 시험에서 중요한 사항을 핵심공략했다. 먼저 2023~2022년 주요 공기업에서 출제된 최신기출문제를 토대로 공략비법을 정리해 최신기출 트렌드를 파악할 수 있도록 했으며, 2개년의 빈출상식을 발췌했다.",https://image.aladin.co.kr/product/32800/36/cover500/k502936695_1.jpg, 시사상식연구소 지음, 시대고시기획,2024
총류,(에듀윌 취업) 공기업기출 일반상식: 2024 최신판,"나온 것만, 나올 것만 집중적으로 학습하는 단 한 권의 책! 최신 기출 키워드 포함 5개년 빈출/핵심 키워드 총 810선 + 최신기출모의고사 5회분",https://image.aladin.co.kr/product/32702/32/cover500/k092936772_1.jpg, 에듀윌상식연구소 지음, 에듀윌,2023
총류,만들면서 배우는 나만의 인공지능 서비스,챗GPT를 비롯한 다양한 생성형 인공지능 API를 사용하는 방법과 실제 프로젝트에 적용하는 방법을 다룬다. 컴퓨터 프로그래밍 경험이 없는 초보자도 배우고 따라 할 수 있도록 파이썬의 기본 문법부터 인공지능 웹 앱을 만드는 데 필요한 내용까지 다양한 예제와 함께 알기 쉽게 설명한다.,https://image.aladin.co.kr/product/32361/76/cover500/k782935565_1.jpg, 최은석 지음, 위키북스,2023
총류,규칙으로 배우는 임베디드 시스템. [1]: CPU 이론 및 펌웨어 개발 규칙,CPU의 사용은 하드웨어만으로 설계된 시스템에 비하여 소프트웨어만 변경함으로써 시스템의 구현 및 수정을 쉽게 할 수 있다는 최대의 장점으로 대부분의 전기/전자 시스템에 사용되므로 구조 및 동작에 대해 알아 두어야 한다.,https://image.aladin.co.kr/product/32130/40/cover500/k662834300_1.jpg, 장선웅 지음, 북랩,2023
총류,규칙으로 배우는 임베디드 시스템. [2]: 회로 설계 및 PCB 설계 규칙,베테랑 엔지니어의 전기/전자 임베디드 시스템 개발을 위한 확실한 로드맵! 전반적인 기초 이론을 다시 정리하고 그 이론을 사용하는 방법에 관해 이야기한다. 또한 시스템 개발 규칙을 만들기 위한 이론과 방법에 대해서도 다룬다.,https://image.aladin.co.kr/product/32099/28/cover500/k262834008_1.jpg, 장선웅 지음, 북랩,2023
총류,지금도 책에서만 얻을 수 있는 것,"책 읽는 사람이 줄며 사람들은 너무 쉽게 “요즘 사람들은 읽기를 싫어한다”라고 말하지만, 통계에 따르면 과거에 비해 글 읽는 시간이 짧아지지도, 읽은 글의 양이 줄지도 않았다. 그럼에도 왜 ‘즐거운 읽기 경험’은 요원하고 어려운 일이 되어 버렸을까? 책을 기반으로 한 인문교양 뉴스레터 ‘인스피아’ 발행인 김지원이 그 질문에 대한 답을 찾아 나간다.",https://image.aladin.co.kr/product/33533/22/cover500/k642939571_1.jpg, 김지원 지음, 유유,2024
총류,(코드 없는)알고리즘과 데이터 구조,대다수 프로그래밍 언어나 시스템에서 공통으로 다루는 알고리즘과 데이터 구조 개념을 빠르게 살펴보려는 목적으로 썼다. 데이터 구조와 알고리즘을 이해하고 싶지만 프로그래밍 언어의 상세한 특징을 알 필요 없이 알고리즘과 데이터 구조를 설명한다.,https://image.aladin.co.kr/product/26404/89/cover500/k572738325_1.jpg, 암스트롱 수베로 지음;류태호 옮김, 동양북스,2021
총류,랭체인으로 LLM 기반의 AI 서비스 개발하기,"LLM의 기본 개념부터 동작 원리까지, LLM을 활용할 수 있는 랭체인 사용법은 물론 LLM과 랭체인을 나에게 맞게 사용할 수 있도록 다양한 8가지 실습을 담았다. 랭체인과 오픈AI 등 다양한 AI 서비스를 직접 만들어 볼 수 있다.",https://image.aladin.co.kr/product/33493/24/cover500/k262938458_1.jpg, 서지영 지음, 길벗,2024
총류,논리회로 설계,"컴퓨터공학 또는 전자공학에서 논리회로 설계와 관련된 과목의 교재로 사용할 수 있다. 논리회로 설계와 관련된 핵심적인 내용들을 간결하게 정리하였고, 각 장에 이해를 돕기 위한 적절한 예제, 단원요약을 수록하였다.",https://image.aladin.co.kr/product/7466/78/cover500/8970508600_1.jpg," 송상훈,한동일 [공]지음", 생능,2015
총류,코드로 배우는 리액트,"과감하게 이론적인 설명은 줄이고 현실적으로 자주 사용하는 함수형 컴포넌트와 훅스를 이용하는 처리, Tailwind CSS를 사용하는 빠른 CSS 처리 등 최소한의 시간으로 확장 가능한 리액트 애플리케이션의 구조를 만드는 방식을 설명한 실습서다.",https://image.aladin.co.kr/product/32819/68/cover500/k962936800_1.jpg," 구멍가게 코딩단,유영진 [공]지음", 남가람북스,2023
총류,(소플의) 처음 만난 리액트,오픈소스 자바스크립트 라이브러리인 리액트를 처음 배우는 개발자를 위한 책이다. 먼저 웹 서비스를 만들기 위해 알아야 할 리액트의 필수 개념을 짚어 본다. 그리고 간단한 실습으로 리액트 사용법을 익힌 뒤 실무 밀착형 프로젝트를 진행하며 직접 기획부터 개발까지 경험해 본다.,https://image.aladin.co.kr/product/32965/86/cover500/k512936253_1.jpg, 이인제 지음, 한빛미디어,2023
총류,머신러닝 시스템 구축 실전 가이드,"과제 설정, 워크플로 설계, 시스템 구축과 개발 등 머신러닝 제품을 실제 비즈니스로 만들기 위해 알아야 할 모든 것을 다룬다. 머신러닝을 사용해서만 해결할 수 있는 비즈니스 과제인지 여부를 판단하고, 디자인 패턴에 따라 팀과 아키텍처를 설정한 다음, 워크플로에 필요한 전반적인 소프트웨어를 직접 구현해본다.",https://image.aladin.co.kr/product/33048/98/cover500/k472937894_1.jpg, 시부이 유스케 지음;김모세 옮김, 제이펍,2024
총류,(현장에서 바로 써먹는)SQL with PostgreSQL,다양한 가상의 데이터를 통해 기본적인 SQL 사용법뿐만 아니라 목적에 따른 테이블의 형태 그리고 테이블 간의 데이터 연결에 대한 이해까지 함께 고민할 수 있게 구성했다. 가장 인기있는 프리웨어 RDB인 PostgreSQL DB로 구성되어 있어 실무에서 활용하기에 적합하다.,https://image.aladin.co.kr/product/33235/96/cover500/k872937255_1.jpg, 김임용 지음, 심통,2024
총류,그림으로 배우는 StatQuest 머신러닝 강의,,https://image.aladin.co.kr/product/30989/66/cover500/k012831404_1.jpg, 조시 스타머 지음;김태헌 옮김, 제이펍,2023
총류,디지털 논리회로 설계 및 실험,"디지털 분야의 이론과 실험을 처음 접하는 전자.통신.컴퓨터.전기.자동제어.자동차.메카트로닉스 등의 분야에 근무하는 산업체 실무자들과 대학에서 마이크로프로세서, PLC, 아두이노, 각종 인터페이스 등의 학습을 필요로 하는 학생들에게 선이수 도서로 적합하다.",https://image.aladin.co.kr/product/13783/89/cover500/8970938877_1.jpg," 김선규,염의종,이봉수,김진우 [공]지음", 光文閣,2018
총류,학교도서관 경영 통론,,https://image.aladin.co.kr/product/33374/94/cover500/k232938317_1.jpg, 이병기 지음, 조은글터,2024
총류,가장 빠른 풀스택을 위한 Flask & FastAPI,파이썬 기반 웹 프레임워크는 자바(Java)로의 복잡한 구현에 버금가는 좋은 성능의 결과물을 도출하면서도 개발 기간을 획기적으로 단축시킬 수 있다. 따라서 세계적으로 인기를 누린 지는 이미 오래되었고 국내에서의 니즈도 점차 활발해지고 있다.,https://image.aladin.co.kr/product/33959/35/cover500/k592930341_1.jpg, Dave Lee 지음, 비제이퍼블릭,2024
총류,"실패의 순간, 치트키 독서","누군가는 직장에서, 누군가는 인간관계에서, 누군가는 돈 때문에 고민하며 산다. 그러한 순간에 우리는 어떻게 해야 할까? 『실패의 순간, 치트키 독서』를 집필한 이혜주 작가는 “책은 해답을 얻을 수 있는 유일한 치트키”라고 말한다.",https://image.aladin.co.kr/product/33994/17/cover500/k862930643_1.jpg, 이혜주 지음, 모모북스,2024
총류,레벨업 리액트 프로그래밍 with Next.js,"웹과 프레임워크의 역사, 앱의 작동 원리, 렌더링 방식과 실행 구조에 대해 속속들이 살펴보며 리액트 개발자로서의 기반을 탄탄하게 다져보자. 그리고 Next.js 기술의 활용 방법을 예시 코드와 실습 문제로 익히며 실력을 쑥쑥 키워보자. 차트 중심 대시보드, AI 챗봇을 통합하는 웹앱, 전자 상거래 사이트를 직접 제작해보는 경험은 실무에서의 든든한 발판이 되어줄 것이다.",https://image.aladin.co.kr/product/34005/35/cover500/k922931869_2.jpg, 팍스 지음, 비제이퍼블릭,2024
총류,(처음 프로그래밍을 시작하는 입문자의 눈높이에 맞춘) 러닝스쿨! 자바스크립트 첫걸음,"자바스크립트의 기초부터 프런트엔드 개발의 최신 트렌드까지 웹 개발을 시작하려는 분들에게 필수적인 지식을 제공하는 책이다. 현재 가장 인기 있는 기술인 React.js와 Next.js를 배우고 싶은 초보자부터, 이미 이 기술들을 다루고 있는 개발자 모두에게 적합하다.",https://image.aladin.co.kr/product/33858/79/cover500/k242930306_1.jpg, 김효빈 지음, 위키북스,2024
총류,(챗GPT API를 활용한) 챗봇 만들기,"비전공자, 비개발자도 LLM을 기반으로 챗봇을 개발하는 과정을 짧은 기간 안에 효과적으로 체험하도록 고안되었다. 딱 필요한 만큼 다루는 파이썬, 프롬프트 엔지니어링, API를 통한 언어 모델과의 대화, 자율적 에이전트 구현, 기억 장치 사용을 단계별로 다루었다.",https://image.aladin.co.kr/product/33654/28/cover500/k912939228_1.jpg, 이승우 지음, 한빛미디어,2024
총류,챗GPT 사용설명서 버전업 2024,"전작《챗GPT 사용설명서》가 챗GPT의 기본 이력서 같은 책이라면, 《챗GPT 사용설명서 버전업 2024》는 챗GPT를 아직 써보지 않았거나, 써보고도 감을 잡지 못한 이들을 위한 가이드북이다.",https://image.aladin.co.kr/product/33954/75/cover500/k612930431_1.jpg, 송준용 지음, 여의도책방,2024
총류,"엑셀마왕의 엑셀 이럴 땐, 이렇게!",실무 엑셀을 마스터하고 싶지 않나요? 빠르게 그리고 한 번에 처리할 수 있을 것 같은데 구체적인 방법을 몰라서 방황하지 않았는가? 인스타그램 420K 팔로워를 보유한 엑셀마왕이 실무 엑셀에서 발생할 수 있는 문제 상황별 해결법을 알려준다.,https://image.aladin.co.kr/product/33585/91/cover500/k002939690_2.jpg, 엑셀마왕(임규범) 지음, 길벗,2024
총류,혼자 공부하는 얄팍한 코딩 지식,"독학으로 IT 지식을 배우는 입문자가 ‘꼭 필요한 내용을 제대로 학습’할 수 있도록 구성했다. 뭘 모르는지조차 모르는 입문자의 막연한 마음에 십분 공감하여 과외 선생님이 알려주듯 친절하게, 핵심 내용만 콕콕 집어 준다.",https://image.aladin.co.kr/product/29446/54/cover500/k362837939_2.jpg, 고현민 지음, 한빛미디어,2022
총류,노션 저널,노션으로 나만의 온라인 일상 관리&기록 시스템 만들기! 온라인 일상 관리&기록 시스템인 노션 저널을 만들기 위해 노션의 기본&핵심 기능을 익힌 후에 본인에게 맞는 노션 저널의 전체 페이지를 따라하면서 만들어 본다.,https://image.aladin.co.kr/product/33973/42/cover500/k502930443_1.jpg, 김지혜 지음, icox(아이콕스),2024
총류,RESTful web API 패턴과 모범 사례,"소프트웨어 설계자, 아키텍트, 개발자를 대상으로 웹의 강점을 활용해 안정적이고 비용 효율적인 서비스 인터페이스를 구축하는 방법을 다루는 책이다. 저자가 수십 년 간의 경험을 통해 개발한 70여 가지의 레시피와 패턴을 제공하며, 이러한 레시피는 다양한 기술 플랫폼에 적용 가능하다.",https://image.aladin.co.kr/product/33818/56/cover500/k332930798_1.jpg, 마이크 애먼슨 지음 ;김성준 옮김, 에이콘출판,2024
총류,C#과 파이썬을 활용한 OpenCV 4 프로그래밍,"컴퓨터 비전의 기초 이론과 함께 OpenCV에서 가장 널리 사용되는 기능들을 자세히 소개하고, 이미지 데이터에서 의미 있는 정보를 추출하는 방법을 다룬다. 이 책은 C#과 파이썬 두 언어로 구성되어 있어 두 언어 간의 비교도 가능하다.",https://image.aladin.co.kr/product/33990/42/cover500/k082930648_1.jpg, 윤대희 지음, 위키북스,2024
총류,청소년을 위한 두 글자 인문학,"우리 일상 속 무수한 두 글자 가운데 삶에서 떼려야 뗄 수 없는 아홉 가지 두 글자를 선별해 그 하나하나의 주제를 오롯이 풀어낸 책이다. 독자 스스로 답을 찾으며, 또 새로운 물음을 더해 가며, 자신만의 새로운 관점을 오롯이 키워나갈 수 있을 것이다.",https://image.aladin.co.kr/product/32934/74/cover500/k222936945_1.jpg, 김경윤 [외]지음, 지노,2023
총류,효율적 개발로 이끄는 파이썬 실천 기술,"읽기 쉬우면서도 얕지 않은 입문서로서 파이썬이라는 언어의 사양과 그 특징적인 기능, 표준 라이브러리에 있는 것을 중점적으로 다뤄 웹 개발, 데이터 분석, 머신러닝 등 분야를 가리지 않고 활용할 수 있다.",https://shopping-phinf.pstatic.net/main_3250683/32506833090.20221228073529.jpg, 스야마 레이, 제이펍,2021
총류,나는 어떻게 삶의 해답을 찾는가 : 고명환의 독서 내공,"지난 20여 년간 책을 통해 원하는 모든 것을 이루는 경험을 한 저자가 알려주는 인생 내공이 담긴 책이다. 어떻게 내 삶에 질문을 던지고, 어떻게 책을 읽고 해답을 찾아내며, 어떻게 인생에 적용하는지 말이다.",https://shopping-phinf.pstatic.net/main_4061630/40616305628.20230928091946.jpg, 고명환, 라곰,2023
총류,인공지능은 나의 읽기-쓰기를 어떻게 바꿀까,"논의의 중심을 바꿔 인간처럼 읽고 쓴다는 생성형 인공지능을 이제까지와는 다른 관점으로 보기를 제안한다. 생산성과 효율 대신 ‘나’ ‘우리’ ‘인간’ ‘삶’과 같은 단어를 중심으로, 인공지능과 어떤 식으로 관계 맺고 공존하는 것이 가장 인간적이며 효율을 넘어 우리 삶의 유익을 추구하는 쪽인지 고민한다.",https://shopping-phinf.pstatic.net/main_4947397/49473974619.20240730091721.jpg, 김성우, 유유,2024
총류,결국 독서력이다,"10년 넘게 전국 기업과 학교는 물론이고 군부대 장병들에게 헌신적으로 독서와 서평 지도를 해 ‘독서대통령’으로 불리는 김을호 숭실대학교 교수가 독서의 중요성을 다시 한번 강조하며 독서력을 키우기 위한 생존 독서, 몰입 독서, 극한 독서, 목적 독서의 필요성과 실천 방법들까지 알려주고 있다.",https://shopping-phinf.pstatic.net/main_4931380/49313800618.20240723091024.jpg, 김을호, 클라우드나인,2024
총류,파이썬 플러스,파이썬에 대한 여러 가지 개념을 더하여 한 권에 집약한 책이다. 이 책은 파이썬 입문자도 쉽게 따라올 수 있도록 파이썬에 대해 자세하고 쉽게 설명한다. 또한 파이썬 최신 버전을 반영하여 학습자들이 업데이트된 코드로 실습할 수 있도록 하였다.,https://shopping-phinf.pstatic.net/main_4980032/49800327644.20240816071200.jpg, 최희식 지음, 인피니티북스,2024
총류,부자의 독서법,"부자들처럼 읽을 수 있도록 돕기 위한 스토리보드이다. ‘책읽기’라는 무기를 자유자재로 사용하여 당신이 원하는 부와 성공에 이르는 길로 나아가도록 설계되어 있다. 저자의 목소리를 따라 자본주의 역사 200년 동안 부를 만들고 지키고 키운 비밀을 탐색하고, 문해력을 키워 아웃풋을 내는 독서로 이행하며, 공부머리 일머리 부자머리를 키우고, 부자되는 책읽기 1년 프로젝트를 시작할 수 있도록 이끈다.",https://shopping-phinf.pstatic.net/main_3247309/32473093004.20230808085443.jpg, 송숙희 지음, 토트,2022
총류,개발자를 위한 필수 수학,"데이터 과학, 머신러닝, 통계학에서 탁월한 능력을 발휘하는 데 필요한 수학을 이해하고 여러분의 것으로 만들어보자. 이 책에서는 미적분, 확률, 통계, 선형대수학을 설명하고 선형 회귀, 로지스틱 회귀, 신경망과 같은 기술에 수학이 어떻게 적용되는지 안내한다. 그 과정에서 데이터 과학의 현황과 통찰력을 깨우쳐 여러분의 가치를 극대화하는 방법과 실용적인 인사이트도 얻을 수 있다.",https://shopping-phinf.pstatic.net/main_4802532/48025327621.20240529101511.jpg, 토마스 닐드 지음;박해선 옮김, 한빛미디어,2024
총류,금빛 종소리,"『말하기를 말하기』, 『당신과 나의 아이디어』, 『힘 빼기의 기술』 김하나 작가가 『금빛 종소리_김하나의 자유롭고 쾌락적인 고전 읽기』를 출간하였다. 김하나 작가는 다섯 작품을 중심으로, 고전 산책 안내자가 되어 ‘자유롭고 쾌락적으로’ 독자와 함께 ‘고전 읽기’ 골목들을 걷는다.",https://shopping-phinf.pstatic.net/main_4874984/48749849628.20240629092304.jpg, 김하나 지음, 민음사,2024
총류,제대로 빠르게 파이썬 입문,"파이썬은 충실한 기본 기능, 사용하기 쉬운 기능 정리, 편리한 라이브러리가 특징으로 가장 많은 인기를 얻고 있는 언어다. 이 책은 기초편과 응용편으로 구성되어 본인에게 필요한 부분부터 골라서 읽어도 된다.",https://shopping-phinf.pstatic.net/main_3993491/39934914622.20230919132227.jpg, 마츠우라 켄이치로;츠카사 유키 [공]지음;김은철;유세라 [공]옮김, AK IT(에이케이커뮤니케이션즈),2023
총류,디퓨전 모델 DIFFUSION MODEL,"DIFFUSION MODEL을 다양한 분야에 적용하는 방법을 포괄적으로 소개하며, AIGC（AI Generated Content: 인공지능 생성 콘텐츠）와 관련 기술, 확산 모델의 기초, 확산 모델의 효율적인 샘플링, 확산 모델의 가능성 극대화, 특수 구조를 가진 데이터에 확산 모델 적용, 확산 모델과 다른 생성 모델과의 상관관계, 확산 모델의 응용, 확산 모델의 미래 등을 다루며, 확산 모델의 주요 연구 분야를 파악하는 데 도움이 될 것이다.",https://shopping-phinf.pstatic.net/main_5065034/50650346624.20241005071346.jpg, 양링 외 지음;장지롱 공저;장웬타오 공저;빈쿠이 공저;신민정 옮김;안가영 옮김;류태선 옮김, 지니북스,2024
총류,인공지능이 다 해주는 브루 Vrew 영상 편집,인공지능을 영상 편집에 도입한 선두 주자 브루에는 자동 자막 생성 기능을 시작으로 현재는 텍스트를 이용한 영상 편집부터 생성형 AI를 이용한 자동 영상 생성 기능까지 인공지능으로 할 수 있는 거의 모든 영상 편집 기능이 다 담겨 있다.,https://shopping-phinf.pstatic.net/main_5046271/50462714624.20240925091028.jpg, 지현이(디지털거북이) 지음, 시프트,2024
총류,공부머리 키우는 기적의 독서 습관,"우리 아이들이 책 읽기에 푹 빠지게 하는 구체적인 방법이 담겨 있다. 아이가 책을 읽어야 하는 이유를 아이의 발달단계에 맞춰 자세히 설명한다. 학교 공부와 독서의 관련성 그리고 그 중요성에 대해 다각도로 분석했다. 가정에서 필요한 독서 기본원칙과 책 읽기 활동 시 꼭 지켜야 할 방법, 집에서 실천할 수 있는 책 읽기 10일 프로젝트 등을 구체적으로 제시하여 누구나 쉽게 따라 할 수 있다.",https://shopping-phinf.pstatic.net/main_4981596/49815960634.20240817091315.jpg, 김기용 지음, 미디어숲(다빈치하우스),2024
총류,랭체인 완벽 입문,위키북스 생성형 AI 프로그래밍 4권. 랭체인을 사용해 애플리케이션을 개발하면서 랭체인의 기능을 자세히 설명한다.,https://shopping-phinf.pstatic.net/main_4568940/45689403618.20240208071005.jpg, 타무라 하루카 지음;최용 옮김, 위키북스,2024
총류,1일 1페이지 짧고 깊은 지식수업 365 : 통찰력 편,,https://shopping-phinf.pstatic.net/main_3249143/32491431121.20221019150603.jpg, 김옥림 지음, 미래북,2022
총류,(2025 이기적)워드프로세서 필기 기본서,"워드프로세서 필기 시험의 최신 출제 경향을 철저히 분석하여, 한 권으로 단기 합격이 가능하도록 집필된 교재이다. 수험생의 학습 효율을 높이기 위해 ‘1권 이론서+2권 기출공략집’으로 교재를 구성하여, 단기간에 집중적으로 시험 대비가 가능하도록 하였다.",https://shopping-phinf.pstatic.net/main_5019947/50199478626.20240908070959.jpg," 김옥남,이상미 공저", 영진.com,2024
총류,(2025 시나공)워드프로세서 필기 기본서,"지금까지 출제된 모든 기출문제를 유형별로 분석하여 합격이 가능한 수준을 정한 후, 출제 비중이 낮은 내용은 과감히 빼고 중요한 것은 확실하게 표시해 둠으로써 어떠한 변형 문제가 나오더라도 대처할 수 있도록 최대한 자세하고 쉽게 설명했다.",https://shopping-phinf.pstatic.net/main_5015322/50153227624.20240905092051.jpg," 길벗알앤디,강윤석,김용갑,김우경,김종일 지음", 길벗,2024
총류,(2025 이기적)워드프로세서 필기 + 실기 올인원,"수험생의 학습 부담을 줄이기 위해, 한 권으로 워드프로세서 필기와 실기 시험 대비가 동시에 가능하도록 집필된 교재다. 단기간에 필기와 실기 시험을 빠르게 합격할 수 있도록 핵심 내용만 압축하여 최적의 구성을 완성했다.",https://shopping-phinf.pstatic.net/main_5101446/51014461625.20241026071035.jpg," 김옥남,송재현 공저", 영진.com,2024
총류,(Do it!)점프 투 스프링 부트 3,자바 웹 개발의 표준이 된 스프링 부트를 활용해 게시판 하나를 만들며 웹 개발의 한 사이클을 배울 수 있다. 자바 선수 학습이 이뤄진 독자 수준에 맞췄지만 IT 용어나 코드 설명을 구체적으로 담아 비전공자나 저학년 전공생도 어렵지 않게 읽을 수 있다.,https://shopping-phinf.pstatic.net/main_4465607/44656078626.20231216070823.jpg, 박응용 지음, 이지스퍼블리싱,2023
총류,(2025 이기적)정보처리기능사 필기 기본서,"2025년 출제기준을 반영한 이기적 정보처리기능사 필기 기본서. 핵심이론으로 공부한 뒤에 이론의 예상문제로 이해도를 점검하고, 대표 기출 이론과 문제로 최종 복습을 하면서 이론을 충분히 공부하자.",https://shopping-phinf.pstatic.net/main_4924874/49248746619.20240720092101.jpg, 영진정보연구소 지음, 영진닷컴,2024
총류,(혁펜하임의)Easy! 딥러닝,"딥러닝을 처음 접하는 독자들을 위한 필수 가이드로, 인공지능의 기초 개념부터 CNN, RNN 등 딥러닝의 주요 주제를 폭넓게 다루고 있다. KAIST 박사이자 유튜버로 활동 중인 혁펜하임이 집필한 이 책은 직관적인 비유를 통해 딥러닝의 원리를 체계적으로 이해할 수 있도록 설계되었다.",https://shopping-phinf.pstatic.net/main_5161300/51613001627.20241129071057.jpg, 혁펜하임 지음, 북엔드,2024
총류,누구나 아는 나만 모르는 엑셀,"처음 엑셀을 배우는 분을 위한 책이다. 셀에 내용 입력하기, 단축키 사용법 같은 기초 내용부터, 합계나 평균을 계산할 수 있는 함수까지 단계별로 친절히 알려준다. 너무 기초적이라 누구에게도 물어보기 민망했던 내용, ‘누구나 알지만 나만 몰랐던’ 엑셀의 기본기를 이 책에서 배울 수 있다.",https://shopping-phinf.pstatic.net/main_5167114/51671141625.20241130092348.jpg, 이성원 지음, 한빛미디어,2024
총류,마이크로컨트롤러 프로그래밍,테크러닝 시리즈 3권. 이 책은 아트멜의 AVR 시리즈 마이크로컨트롤러 중 하나인 ATmega128을 이해하고 활용하는 방법을 다룬다.,https://shopping-phinf.pstatic.net/main_3248143/32481439517.20230919122241.jpg, 허경용 지음, 제이펍,2016
총류,정보학의 이해,"""정보학은 정보의 수집, 조직, 접근, 검색, 이용에 대한 인간 및 사회적 측면과 더불어 기술 및 공학적 측면을 모두 다루는 학문분야이다. 이에 본서에서는 정보학의 주요 영역에 대한 기본적인 개념을 총 9개의 장에 걸쳐 기술하였다.",https://shopping-phinf.pstatic.net/main_3249182/32491823714.20230912083510.jpg," 이종욱,김수정 공저", 청람,2022
총류,(2025 이기적)워드프로세서 필기 기본서,"워드프로세서 필기 시험의 최신 출제 경향을 철저히 분석하여, 한 권으로 단기 합격이 가능하도록 집필된 교재이다. 수험생의 학습 효율을 높이기 위해 ‘1권 이론서+2권 기출공략집’으로 교재를 구성하여, 단기간에 집중적으로 시험 대비가 가능하도록 하였다.",https://shopping-phinf.pstatic.net/main_5019947/50199478626.20240908070959.jpg," 김옥남,이상미 공저", 영진.com,2024
총류,(2025 이기적)워드프로세서 필기 기본서,"워드프로세서 필기 시험의 최신 출제 경향을 철저히 분석하여, 한 권으로 단기 합격이 가능하도록 집필된 교재이다. 수험생의 학습 효율을 높이기 위해 ‘1권 이론서+2권 기출공략집’으로 교재를 구성하여, 단기간에 집중적으로 시험 대비가 가능하도록 하였다.",https://shopping-phinf.pstatic.net/main_5019947/50199478626.20240908070959.jpg," 김옥남,이상미 공저", 영진.com,2024
총류,(2025 시나공)워드프로세서 필기 기본서,"지금까지 출제된 모든 기출문제를 유형별로 분석하여 합격이 가능한 수준을 정한 후, 출제 비중이 낮은 내용은 과감히 빼고 중요한 것은 확실하게 표시해 둠으로써 어떠한 변형 문제가 나오더라도 대처할 수 있도록 최대한 자세하고 쉽게 설명했다.",https://shopping-phinf.pstatic.net/main_5015322/50153227624.20240905092051.jpg," 길벗알앤디,강윤석,김용갑,김우경,김종일 지음", 길벗,2024
총류,(2025 시나공)워드프로세서 필기 기본서,"지금까지 출제된 모든 기출문제를 유형별로 분석하여 합격이 가능한 수준을 정한 후, 출제 비중이 낮은 내용은 과감히 빼고 중요한 것은 확실하게 표시해 둠으로써 어떠한 변형 문제가 나오더라도 대처할 수 있도록 최대한 자세하고 쉽게 설명했다.",https://shopping-phinf.pstatic.net/main_5015322/50153227624.20240905092051.jpg," 길벗알앤디,강윤석,김용갑,김우경,김종일 지음", 길벗,2024
총류,(2025 시나공)워드프로세서 필기 기본서,"지금까지 출제된 모든 기출문제를 유형별로 분석하여 합격이 가능한 수준을 정한 후, 출제 비중이 낮은 내용은 과감히 빼고 중요한 것은 확실하게 표시해 둠으로써 어떠한 변형 문제가 나오더라도 대처할 수 있도록 최대한 자세하고 쉽게 설명했다.",https://shopping-phinf.pstatic.net/main_5015322/50153227624.20240905092051.jpg," 길벗알앤디,강윤석,김용갑,김우경,김종일 지음", 길벗,2024
총류,(2025 시나공)워드프로세서 실기 기본서,"시험에 꼭 나오는 기능만 17가지로 압축하여 따라하기 형식으로 구성하였다. 20회 분량의 모의고사, 5회 분량의 최신 기출문제를 통해 시험에 어떤 문제가 나와도 해결할 수 있도록 훈련한다. 유튜브와 홈페이지에서 핵심별 저자 무료 강의를 제공한다.",https://shopping-phinf.pstatic.net/main_4987792/49877926630.20240822070940.jpg," 길벗알앤디,강윤석,김용갑,김우경,김종일 지음", 길벗,2024
총류,(2025 이기적)워드프로세서 실기 기본서 (무선),"수험생의 학습 효율을 높이기 위해 ‘핵심이론+기출문제+모의고사’로 교재를 구성하여, 단기간에 집중적으로 워드프로세서 실기 시험 대비가 가능하도록 하였다.",https://shopping-phinf.pstatic.net/main_4964419/49644199623.20240807170410.jpg," 송재현,영진정보연구소 공저", 영진.com,2024
총류,(2025 이기적)워드프로세서 필기 + 실기 올인원,"수험생의 학습 부담을 줄이기 위해, 한 권으로 워드프로세서 필기와 실기 시험 대비가 동시에 가능하도록 집필된 교재다. 단기간에 필기와 실기 시험을 빠르게 합격할 수 있도록 핵심 내용만 압축하여 최적의 구성을 완성했다.",https://shopping-phinf.pstatic.net/main_5101446/51014461625.20241026071035.jpg," 김옥남,송재현 공저", 영진.com,2024
총류,(2025 이기적)정보처리기능사 필기 기본서,"2025년 출제기준을 반영한 이기적 정보처리기능사 필기 기본서. 핵심이론으로 공부한 뒤에 이론의 예상문제로 이해도를 점검하고, 대표 기출 이론과 문제로 최종 복습을 하면서 이론을 충분히 공부하자.",https://shopping-phinf.pstatic.net/main_4924874/49248746619.20240720092101.jpg, 영진정보연구소 지음, 영진닷컴,2024
총류,스프링 부트 완전정복,‘개념-실습-프로젝트’로 끝내는 쉽고 빠른 스프링 부트! 스프링 부트는 스프링을 기반으로 쉽고 빠르게 웹 애플리케이션을 개발할 수 있는 도구다. 이 책에서는 스프링 부트의 기본 개념을 쉽게 이해하고 다양한 실습 예제로 빠르게 익힐 수 있다.,https://dls2.edunet.net/DLS/api/homepage/holding/getCoverImage.do?prov_code=E10&neis_code=E100000276&bib_key=34206022792, 송미영 지음, 길벗캠퍼스,2024
총류,(프론트엔드 입문자를 위한)리액트의 정석 with 타입스크립트,"기존의 리액트 및 타입스크립트 학습서들과는 전혀 다른 시각에서 구성되었다. 단순히 타입스크립트 기반에서 리액트만 다루는 것이 아니라 그 근본이 되는 프로그래밍 원 리부터 객체지향 개념, 타입스크립트의 기초까지 탄탄히 익힐 수 있도록 설계되었다.",https://dls2.edunet.net/DLS/api/homepage/holding/getCoverImage.do?prov_code=E10&neis_code=E100000276&bib_key=34206308845, 이창현 지음, 길벗캠퍼스,2025
총류,(Do it!)타입스크립트 프로그래밍,"ES6 자바스크립트를 경험한 독자가 타입스크립트를 이해하고 함수형 프로그래밍을 익히는 데 필요한 개념과 소스를 다룬다. 타입스크립트는 2012년 발표된 이후 빠르게 확장해 여러 오픈 소스에 사용되고 있으며, 국내에서도 다양한 프로젝트에 도입되면서 개발자로 취업할 때 우대 조건으로 주목받고 있다.",https://dls2.edunet.net/DLS/api/homepage/holding/getCoverImage.do?prov_code=E10&neis_code=E100000276&bib_key=34206330428, 전예홍 지음, 이지스퍼블리싱,2022
총류,(2025 이기적)정보처리기능사 필기 기본서,"2025년 출제기준을 반영한 이기적 정보처리기능사 필기 기본서. 핵심이론으로 공부한 뒤에 이론의 예상문제로 이해도를 점검하고, 대표 기출 이론과 문제로 최종 복습을 하면서 이론을 충분히 공부하자.",https://dls2.edunet.net/DLS/api/homepage/holding/getCoverImage.do?prov_code=E10&neis_code=E100000276&bib_key=34206437192, 영진정보연구소 저, Youngjin.com(영진닷컴),2025
총류,(5일만에 합격하는)MOS 2016 워드 Expert,MOS 2016 버전을 담은 첫 교재. 전문 강사진이 시험 문제 유형을 수차례 분석한 적중률 높은 수험서이다. 출제 가능성을 상/중/하로 구분하였고 MOS 2016 버전의 워드의 다양한 기능을 접하고 익힐 수 있는 자세한 설명을 실었다.,https://dls2.edunet.net/DLS/api/homepage/holding/getCoverImage.do?prov_code=E10&neis_code=E100000276&bib_key=34206464456, 김경희;오해강 [공]지음, 한빛아카데미,2021
총류,챗GPT·퍼플렉시티·클로드·코파일럿·제미나이 다 잘함,"시대적 환경에 맞춰 다섯 가지 주요 텍스트 생성형 AI인 챗지피티, 퍼플렉시티, 클로드, 코파일러, 제미나이의 특징과 활용법을 58개의 사례로 담아 자세히 안내한다. 즉, SNS에 올릴 홍보 게시글을 써야 하는 마케터라면 클로드를, 엑셀 작업이 많은 회계 담당자라면 코파일럿을, 다음 달에 해외 여행을 계획 중이라면 제미나이를 사용할 것을 추천하는 식이다.",https://dls2.edunet.net/DLS/api/homepage/holding/getCoverImage.do?prov_code=E10&neis_code=E100000276&bib_key=34206467593, 이호정 지음, Re,2025
총류,꼭 맞는 책,"사람들을 새로운 책의 세계로 안내하고 그들의 마음을 책으로 위로하려면 책을 어떻게 읽고, 정리하고, 기록해야 할까? 국내 최초 책 처방 서점인 ‘사적인서점’을 운영하는 정지혜 대표가 그간 책 처방 프로그램을 운영하며 터득한 독서법을 모았다.",https://dls2.edunet.net/DLS/api/homepage/holding/getCoverImage.do?prov_code=E10&neis_code=E100000276&bib_key=34206492824, 정지혜 지음, 유유,2025
총류,기울어진 문해력,,https://dls2.edunet.net/DLS/api/homepage/holding/getCoverImage.do?prov_code=E10&neis_code=E100000276&bib_key=34206504094, 조병영 지음, 21세기북스(북이십일),2025
총류,RAG 마스터,"실제 RAG 기반 서비스를 구축해온 현업 개발자 겸 데이터 과학자 4인이 이론과 함께 생생한 실무 중심의 노하우를 담아냈다. RAG의 기본 원리부터 다양한 고급 기법과 랭그래프, ReAct 에이전트 활용, 그리고 RAG 성능 향상을 극대화하는 LLM과 임베딩 모델 파인튜닝까지 다룬다.",https://dls2.edunet.net/DLS/api/homepage/holding/getCoverImage.do?prov_code=E10&neis_code=E100000276&bib_key=34206507846, 브라이스 유 외 지음, 프리렉,2025
총류,공여사들의 엑셀 혁명 with 챗GPT,대기업 핵심인재 출신 엑셀 유튜버 공여사들이 선보이는 실무 엑셀 입문서다. 유튜브에서 37만 구독자의 엑셀 고충을 ‘조져 부셔’준 실전 노하우가 가득 담겨 있다. 이 책은 일잘러의 필수 스킬인 엑셀을 처음 배우는 사람이 시작부터 챗GPT라는 AI의 도움을 받아 엑셀 무적이 되는 법을 안내한다.,https://dls2.edunet.net/DLS/api/homepage/holding/getCoverImage.do?prov_code=E10&neis_code=E100000276&bib_key=34206542146, 공여사들 지음, 한빛미디어,2025
총류,청춘의 독서,혼탁한 정국마다 명료한 통찰을 전하며 ‘신경안정제’ 역할을 해준 우리 시대의 지식인 유시민. 그의 대표작 중 하나로 2009년 처음 출간되어 오랜 시간 사랑받아온 『청춘의 독서』가 고급 양장 제본의 특별증보판으로 독자들과 새롭게 만난다.,https://dls2.edunet.net/DLS/api/homepage/holding/getCoverImage.do?prov_code=E10&neis_code=E100000276&bib_key=34206660436, 유시민 지음, 웅진지식하우스(웅진씽크빅),2025
총류,알아두면 쓸데 있는 유쾌한 상식사전. [5]: 최초·최고 편,"‘내가 알고 있는 상식이 과연 진짜일까?’라는 의문에서 출발해, 수많은 책과 각종 연구자료, 신문, 방송 등을 파헤쳐 엮은 ‘가리지날 시리즈’ 5권. 저자가 30년 이상 역사 관련 책과 방송, 논문, 신문 등 다양한 매체를 두루 읽고 공부하는 등, 역사 덕후질로 쌓아온 내공의 집합체이다.",https://dls2.edunet.net/DLS/api/homepage/holding/getCoverImage.do?prov_code=E10&neis_code=E100000276&bib_key=34206783022, 조홍석 지음, 트로이목마,2021
총류,알아두면 쓸데 있는 유쾌한 상식사전. [1]: 일상생활 편,"‘내가 알고 있는 상식이 과연 진짜일까?’라는 의문에서 출발해, 수많은 책과 각종 연구자료, 신문 등을 파헤쳐 엮은 오리지날 상식의 유래와 역사를 담은 책이다. 사람들에게 잘못 알려지거나 제대로 알려지지 않았던 수많은 내용을 한 권에 담을 수 없기에, 시리즈 중 첫 번째로 ‘일상생활 편’을 엮었다.",https://dls2.edunet.net/DLS/api/homepage/holding/getCoverImage.do?prov_code=E10&neis_code=E100000276&bib_key=34206784517, 조홍석 지음, 트로이목마,2022
총류,"AI 시대의 질문력, 프롬프트 엔지니어링","프롬프트 전문가가 되기 위한 기초적인 이해에서부터 AI를 똑똑한 부하직원으로 써먹을 수 있는 질문의 기본 구조, 나아가 다양한 상황에서 바로 적용할 수 있는 프롬프트 패턴과 프레임워크까지, 생성형 AI를 제대로 사용하고 싶은 당신의 니즈를 모두 담은 책. 이 한 권이면 프롬프트를 마스터할 수 있다.",https://shopping-phinf.pstatic.net/main_5611336/56113361967.20250806071130.jpg, 류한석 지음, 코리아닷컴,2025
총류,5백 년 명문가의 독서교육,"요즘처럼 인간관계의 기본이 무시되고, 인성교육의 중요성이 간과되고 있는 상황에서 무엇보다 꼭 필요한 교육이 기초 중시의 독서교육이다. 이 지점이 바로 오늘날 우리가 5백 년 명문가의 독서교육에 주목해야 하는 결정적 이유이다.",https://shopping-phinf.pstatic.net/main_3244151/32441515673.20230321162718.jpg, 최효찬 지음, 한솔수북,2014
총류,"생성형 AI, 너 때는 말이야","4차 산업혁명이 어떻게 이루어지고 있는지, 앞으로 어떤 변화를 가져올지, 그 시대를 살아갈 우리 청소년들은 어떻게 대처해야 할지 이야기하고 있다. 미디어, 인공지능, 메타버스, 로봇 등 4차 산업혁명을 이끄는 핵심 산업을 소개해 온 이 시리즈의 다섯 번째 책은 ‘생성형 AI'를 주제로 삼았다.",https://shopping-phinf.pstatic.net/main_5203706/52037066619.20241221071943.jpg, 정동훈 지음, 넥서스,2025
총류,생성형 AI 활용 백과사전,"하루가 다르게 진화하는 생성형 AI, 어디서부터 어떻게 시작해야 할지 막막한가? 이 책은 지금 가장 주목받는 AI 도구들과 100가지 실전 예제를 한눈에 정리한 가장 실용적인 입문서이다.",https://shopping-phinf.pstatic.net/main_5534067/55340676308.20250621110209.jpg, 타구치 카즈히로;모리시마 료코;이시타니 마사키 [공]지음;서수환 옮김, 길벗,2025
총류,노션하는 직장인의 정리법,"오늘도 업무는 정신없다. 챙길 건 산더미인데 시간은 태부족하다. 기억 저편의 이력을 더듬어 메일함을 뒤지기 일쑤고, 기껏 스크랩해둔 자료는 찾지 못해 전혀 쓸 수 없다. 대부분의 문제는 체계적인 정리 도구와 정리 스킬이 없기 때문에 일어난다. 이 난관을 해결하고자 저자는 디지털 정리 도구 '노션'을 추천한다.",https://shopping-phinf.pstatic.net/main_5521203/55212038568.20250610093800.jpg, 지니언트 지음, 프리렉,2025
총류,(이게 되네?)업무 자동화 미친 활용 앱스 스크립트 with 챗GPT,"매일 반복하는 업무, 이제는 자동화로 해결하자. ‘자동화는 어렵고 코드는 복잡해...'라고 생각했나? 이 책은 초보자도 쉽게 따라 할 수 있도록 실습를 하나하나 풀어 설명하며, 챗GPT와 함께 자동화를 구현하는 노하우도 알려준다. 자동화 경험이 없어도 챗GPT와 함께 컴퓨터에게 명령을 내리는 법을 배우고, 단순 반복 작업에서 벗어날 수 있다.",https://shopping-phinf.pstatic.net/main_5095650/50956503622.20241023071551.jpg, 서휘승 저, Golden Rabbit(골든래빗),2024
총류,문해력 격차,"대한민국에 문해력 열풍을 불러온 EBS ‘문해력 시리즈’ <당신의 문해력> <책맹인류> 등 을 연출해온 두 PD가 우리 사회의 문해력 격차를 말한다. 7년여 간의 취재, 국내외 주요 연구와 실험, 교육 정책 등을 토대로 문해력 격차가 어떻게 만들어지고 심화되는지 설명한다.",https://shopping-phinf.pstatic.net/main_5498493/54984939697.20250603080247.jpg, 김지원;민정홍 [공]지음, 어크로스,2025
총류,AI 전략수업 : AI 시대의 유일한 인간 생존 로드맵,"GPT-5 최신 업데이트를 포함해 챗GPT와 다양한 AI 활용법을 한 권에 담은 실전 가이드다. 삼성을 비롯한 38개 기업과 협업하며 AI 혁신을 이끌어 온 저자가, 기초 마인드셋부터 질문 설계, AI 모델 선택, 그리고 부록에 담은 250여 개의 일상 속 상황별 프롬프트까지 A부터 Z를 체계적으로 전수한다.",https://shopping-phinf.pstatic.net/main_5635830/56358304670.20250824072117.jpg, 리더인 지음, 하이스트,2025
총류,국민이 지키는 나라,"윤석열 탄핵심판 과정을 담은 책으로, 헌법재판소 심판정에서 피청구인 윤석열과 맞서며 탄핵을 이끌어낸 이들의 목소리를 담았다.",https://shopping-phinf.pstatic.net/main_5560745/55607454099.20250708072321.jpg, 대통령 탄핵소추위원 법률 대리인단 지음;국회 소추위원 국회 법제사법위원회 위원장 공저, 푸른숲,2025
총류,2026 이기적 컴퓨터활용능력 2급 실기 기본서. 1: 이론서,"출제기준을 분석, 반영하여 컴퓨터활용능력 실기 시험에 대비할 수 있도록 구성하였다. 1권의 이론서에서 핵심이론과 함수사전을 공부한 후, 2권의 문제집에서 상시 기출 문제&기출 유형 문제를 풀어보자.",https://shopping-phinf.pstatic.net/main_5548208/55482084245.20250626091911.jpg, 박윤정 지음, 영진.com,2025
총류,2026 이기적 컴퓨터활용능력 1급 실기 기본서. 2-1: 스프레드시트,"출제기준을 분석, 반영하여 컴퓨터활용능력 실기 시험에 대비할 수 있도록 구성하였다. 1권 스프레드시트, 2권 데이터베이스, 3권의 함수공략집에서 이론과 기출 문제를 풀어보자.",https://shopping-phinf.pstatic.net/main_5546614/55466149550.20250625102406.jpg, 박윤정 지음, 영진.com,2025
총류,2026 이기적 컴퓨터활용능력 1급 실기 기본서. 2-1: 스프레드시트,"출제기준을 분석, 반영하여 컴퓨터활용능력 실기 시험에 대비할 수 있도록 구성하였다. 1권 스프레드시트, 2권 데이터베이스, 3권의 함수공략집에서 이론과 기출 문제를 풀어보자.",https://shopping-phinf.pstatic.net/main_5546614/55466149550.20250625102406.jpg, 박윤정 지음, 영진.com,2025
총류,2026 이기적 컴퓨터활용능력 2급 실기 기본서. 1: 이론서,"출제기준을 분석, 반영하여 컴퓨터활용능력 실기 시험에 대비할 수 있도록 구성하였다. 1권의 이론서에서 핵심이론과 함수사전을 공부한 후, 2권의 문제집에서 상시 기출 문제&기출 유형 문제를 풀어보자.",https://shopping-phinf.pstatic.net/main_5548208/55482084245.20250626091911.jpg, 박윤정 지음, 영진.com,2025
총류,2026 이기적 컴퓨터활용능력 2급 실기 기본서. 1: 이론서,"출제기준을 분석, 반영하여 컴퓨터활용능력 실기 시험에 대비할 수 있도록 구성하였다. 1권의 이론서에서 핵심이론과 함수사전을 공부한 후, 2권의 문제집에서 상시 기출 문제&기출 유형 문제를 풀어보자.",https://shopping-phinf.pstatic.net/main_5548208/55482084245.20250626091911.jpg, 박윤정 지음, 영진.com,2025
총류,2026 이기적 컴퓨터활용능력 2급 실기 기본서. 1: 이론서,"출제기준을 분석, 반영하여 컴퓨터활용능력 실기 시험에 대비할 수 있도록 구성하였다. 1권의 이론서에서 핵심이론과 함수사전을 공부한 후, 2권의 문제집에서 상시 기출 문제&기출 유형 문제를 풀어보자.",https://shopping-phinf.pstatic.net/main_5548208/55482084245.20250626091911.jpg, 박윤정 지음, 영진.com,2025
총류,2026 이기적 컴퓨터활용능력 2급 실기 기본서. 1: 이론서,"출제기준을 분석, 반영하여 컴퓨터활용능력 실기 시험에 대비할 수 있도록 구성하였다. 1권의 이론서에서 핵심이론과 함수사전을 공부한 후, 2권의 문제집에서 상시 기출 문제&기출 유형 문제를 풀어보자.",https://shopping-phinf.pstatic.net/main_5548208/55482084245.20250626091911.jpg, 박윤정 지음, 영진.com,2025
총류,2026 이기적 컴퓨터활용능력 2급 필기 기본서. 1,컴퓨터활용능력 2급 필기 시험을 준비하는 모든 사람에게 필요한 <이기적 컴퓨터활용능력 2급 필기 기본서>가 출간되었다. 기본서로 개념을 탄탄하게 잡고 한 번에 합격하자!,https://shopping-phinf.pstatic.net/main_5534325/55343252774.20250619120719.jpg, 홍태성 지음;영진정보연구소 공저, 영진.com,2025
총류,2026 이기적 컴퓨터활용능력 2급 필기 기본서. 1,컴퓨터활용능력 2급 필기 시험을 준비하는 모든 사람에게 필요한 <이기적 컴퓨터활용능력 2급 필기 기본서>가 출간되었다. 기본서로 개념을 탄탄하게 잡고 한 번에 합격하자!,https://shopping-phinf.pstatic.net/main_5534325/55343252774.20250619120719.jpg, 홍태성 지음;영진정보연구소 공저, 영진.com,2025
총류,2026 이기적 컴퓨터활용능력 2급 필기 기본서. 1,컴퓨터활용능력 2급 필기 시험을 준비하는 모든 사람에게 필요한 <이기적 컴퓨터활용능력 2급 필기 기본서>가 출간되었다. 기본서로 개념을 탄탄하게 잡고 한 번에 합격하자!,https://shopping-phinf.pstatic.net/main_5534325/55343252774.20250619120719.jpg, 홍태성 지음;영진정보연구소 공저, 영진.com,2025
총류,2026 이기적 컴퓨터활용능력 1급 실기 기본서. 2-2: 데이터베이스,"출제기준을 분석, 반영하여 컴퓨터활용능력 실기 시험에 대비할 수 있도록 구성하였다. 1권 스프레드시트, 2권 데이터베이스, 3권의 함수공략집에서 이론과 기출 문제를 풀어보자.",https://shopping-phinf.pstatic.net/main_5546614/55466149550.20250625102406.jpg, 박윤정 지음, 영진.com,2025
총류,2026 이기적 컴퓨터활용능력 1급 실기 기본서. 2-2: 데이터베이스,"출제기준을 분석, 반영하여 컴퓨터활용능력 실기 시험에 대비할 수 있도록 구성하였다. 1권 스프레드시트, 2권 데이터베이스, 3권의 함수공략집에서 이론과 기출 문제를 풀어보자.",https://shopping-phinf.pstatic.net/main_5546614/55466149550.20250625102406.jpg, 박윤정 지음, 영진.com,2025
총류,2026 이기적 컴퓨터활용능력 1급 필기 기본서. 1-1: 컴퓨터 일반,컴활 필기 시험을 준비하는 수험생이라면 필수인 책 <2026 이기적 컴퓨터활용능력 1급 필기 기본서>가 출간되었다. 기본서는 3권의 이론서와 상시 기출문제를 담은 기출공략집까지 총 4권으로 구성되어 있다.,https://shopping-phinf.pstatic.net/main_5521518/55215185808.20250610093805.jpg, 홍태성 지음;영진정보연구소 공저, 영진.com,2025
총류,2026 이기적 컴퓨터활용능력 1급 필기 기본서. 1-1: 컴퓨터 일반,컴활 필기 시험을 준비하는 수험생이라면 필수인 책 <2026 이기적 컴퓨터활용능력 1급 필기 기본서>가 출간되었다. 기본서는 3권의 이론서와 상시 기출문제를 담은 기출공략집까지 총 4권으로 구성되어 있다.,https://shopping-phinf.pstatic.net/main_5521518/55215185808.20250610093805.jpg, 홍태성 지음;영진정보연구소 공저, 영진.com,2025
총류,2026 이기적 컴퓨터활용능력 1급 필기 기본서. 1-1: 컴퓨터 일반,컴활 필기 시험을 준비하는 수험생이라면 필수인 책 <2026 이기적 컴퓨터활용능력 1급 필기 기본서>가 출간되었다. 기본서는 3권의 이론서와 상시 기출문제를 담은 기출공략집까지 총 4권으로 구성되어 있다.,https://shopping-phinf.pstatic.net/main_5521518/55215185808.20250610093805.jpg, 홍태성 지음;영진정보연구소 공저, 영진.com,2025
총류,2026 이기적 컴퓨터활용능력 1급 필기 기본서. 1-2: 스프레드시트 일반,컴활 필기 시험을 준비하는 수험생이라면 필수인 책 <2026 이기적 컴퓨터활용능력 1급 필기 기본서>가 출간되었다. 기본서는 3권의 이론서와 상시 기출문제를 담은 기출공략집까지 총 4권으로 구성되어 있다.,https://shopping-phinf.pstatic.net/main_5521518/55215185808.20250610093805.jpg, 홍태성 지음;영진정보연구소 공저, 영진.com,2025
총류,2026 이기적 컴퓨터활용능력 1급 필기 기본서. 1-2: 스프레드시트 일반,컴활 필기 시험을 준비하는 수험생이라면 필수인 책 <2026 이기적 컴퓨터활용능력 1급 필기 기본서>가 출간되었다. 기본서는 3권의 이론서와 상시 기출문제를 담은 기출공략집까지 총 4권으로 구성되어 있다.,https://shopping-phinf.pstatic.net/main_5521518/55215185808.20250610093805.jpg, 홍태성 지음;영진정보연구소 공저, 영진.com,2025
총류,2026 이기적 컴퓨터활용능력 1급 필기 기본서. 1-2: 스프레드시트 일반,컴활 필기 시험을 준비하는 수험생이라면 필수인 책 <2026 이기적 컴퓨터활용능력 1급 필기 기본서>가 출간되었다. 기본서는 3권의 이론서와 상시 기출문제를 담은 기출공략집까지 총 4권으로 구성되어 있다.,https://shopping-phinf.pstatic.net/main_5521518/55215185808.20250610093805.jpg, 홍태성 지음;영진정보연구소 공저, 영진.com,2025
총류,2026 이기적 컴퓨터활용능력 1급 필기 기본서. 1-2: 스프레드시트 일반,컴활 필기 시험을 준비하는 수험생이라면 필수인 책 <2026 이기적 컴퓨터활용능력 1급 필기 기본서>가 출간되었다. 기본서는 3권의 이론서와 상시 기출문제를 담은 기출공략집까지 총 4권으로 구성되어 있다.,https://shopping-phinf.pstatic.net/main_5521518/55215185808.20250610093805.jpg, 홍태성 지음;영진정보연구소 공저, 영진.com,2025
총류,2026 이기적 컴퓨터활용능력 1급 필기 기본서. 1-2: 스프레드시트 일반,컴활 필기 시험을 준비하는 수험생이라면 필수인 책 <2026 이기적 컴퓨터활용능력 1급 필기 기본서>가 출간되었다. 기본서는 3권의 이론서와 상시 기출문제를 담은 기출공략집까지 총 4권으로 구성되어 있다.,https://shopping-phinf.pstatic.net/main_5521518/55215185808.20250610093805.jpg, 홍태성 지음;영진정보연구소 공저, 영진.com,2025
총류,2026 이기적 컴퓨터활용능력 1급 필기 기본서. 1-3: 데이터베이스 일반,컴활 필기 시험을 준비하는 수험생이라면 필수인 책 <2026 이기적 컴퓨터활용능력 1급 필기 기본서>가 출간되었다. 기본서는 3권의 이론서와 상시 기출문제를 담은 기출공략집까지 총 4권으로 구성되어 있다.,https://shopping-phinf.pstatic.net/main_5521518/55215185808.20250610093805.jpg, 홍태성 지음;영진정보연구소 공저, 영진.com,2025
총류,2026 이기적 컴퓨터활용능력 1급 필기 기본서. 1-3: 데이터베이스 일반,컴활 필기 시험을 준비하는 수험생이라면 필수인 책 <2026 이기적 컴퓨터활용능력 1급 필기 기본서>가 출간되었다. 기본서는 3권의 이론서와 상시 기출문제를 담은 기출공략집까지 총 4권으로 구성되어 있다.,https://shopping-phinf.pstatic.net/main_5521518/55215185808.20250610093805.jpg, 홍태성 지음;영진정보연구소 공저, 영진.com,2025
총류,2026 이기적 컴퓨터활용능력 2급 실기 기본서. 2: 문제집,"출제기준을 분석, 반영하여 컴퓨터활용능력 실기 시험에 대비할 수 있도록 구성하였다. 1권의 이론서에서 핵심이론과 함수사전을 공부한 후, 2권의 문제집에서 상시 기출 문제&기출 유형 문제를 풀어보자.",https://shopping-phinf.pstatic.net/main_5548208/55482084245.20250626091911.jpg, 박윤정 지음, 영진.com,2025
총류,2026 이기적 컴퓨터활용능력 2급 실기 기본서. 2: 문제집,"출제기준을 분석, 반영하여 컴퓨터활용능력 실기 시험에 대비할 수 있도록 구성하였다. 1권의 이론서에서 핵심이론과 함수사전을 공부한 후, 2권의 문제집에서 상시 기출 문제&기출 유형 문제를 풀어보자.",https://shopping-phinf.pstatic.net/main_5548208/55482084245.20250626091911.jpg, 박윤정 지음, 영진.com,2025
총류,요즘 개발자를 위한 시스템 설계 수업,"시스템 설계의 기초 개념부터 분산 시스템과 서비스 설계까지, 실무자가 알아야 할 시스템 설계의 기본 요소를 빠짐없이 다루고 있다. 로드 밸런서, 데이터베이스, 스토리지, 캐싱, 큐, DNS까지 시스템 아키텍트라면 꼭 알아야 할 개념과 지식을 실용적인 순서로 모두 담았으며, 풍부한 도표, 일러스트가 함께 제공되므로 쉽고 빠르게 실무 지식을 쌓을 수 있다.",https://shopping-phinf.pstatic.net/main_5675574/56755742474.20250917095242.jpg, 디렌드라 신하;테자스 초프라 [공]지음;양문규 옮김, 길벗,2025
총류,정지훈의 양자 컴퓨터 강의,"양자를 쉽고, 넓게 배울 수 있는 최고의 입문서이다. 중첩, 얽힘, 큐비트 같은 양자 컴퓨팅의 핵심 개념을 어려운 수식 없이 비유와 그림으로 풀어내고, 초전도·이온 트랩·중성 원자·광자·위상학적 큐비트 등 5가지 구현 기술의 원리와 장단점을 정리해 양자 컴퓨터의 구조와 흐름을 입체적으로 이해할 수 있도록 구성했다.",https://shopping-phinf.pstatic.net/main_5635612/56356122467.20250910092313.jpg, 정지훈 지음, 한빛미디어,2025
총류,MCP로 똑똑하게 일하는 법,"인공지능을 단순한 대화 도구가 아닌, 실제 작업을 수행하는 도구로 활용하고 싶은 독자를 위한 MCP 활용 입문서다. MCP는 AI가 외부 시스템과 연결되어 실질적인 작업을 수행할 수 있도록 돕는 핵심 기술로, AI 활용 범위를 획기적으로 확장시킨다.",https://shopping-phinf.pstatic.net/main_5527992/55279925002.20250613093916.jpg, 케이트리 지음, Jpub(제이펍),2025
총류,모두의 인공지능 with 파이썬,"그동안 인공지능 입문서로 제 역할을 톡톡히 해낸 『모두의 인공지능 with 파이썬』이 요즘 주목 받고 있는 생성형 인공지능을 담아 기존 내용을 보강하여 개정 2판으로 돌아왔다. 생성형 인공지능의 개념과 원리 등 새로운 내용을 수록했고, LLM을 불러와서 실행해 보고 RAG, 파인튜닝까지 경험할 수 있게 구성했다.",https://shopping-phinf.pstatic.net/main_5581367/55813672861.20250717071733.jpg, 이영호 지음, 길벗,2025
총류,(AI 시대의 필수)문해력 수업,"AI가 글을 요약해주고, 회의록까지 자동으로 정리하는 시대. 그러나 말투 하나, 맞춤법 하나, 보고서의 표현 한 줄은 여전히 사람의 태도와 신뢰를 가늠하는 기준이 된다. 《AI 시대의 필수 문해력 수업》은 바로 이 지점에 주목한다. 신입사원 승훈의 20가지 에피소드와 생생한 직장 현장을 바탕으로, 문해력이 곧 태도이자 커리어 경쟁력임을 드러낸다.",https://shopping-phinf.pstatic.net/main_5670932/56709323330.20250914080733.jpg, 조기준 지음, Atto book(아토북),2025
총류,(데이터 과학 기반의)파이썬 빅데이터 분석,"통계적 기초 분석부터 딥러닝 기반 고급 분석에 이르기까지 데이터를 분석하고 시각화하는 핵심 방법론을 체계적으로 학습할 수 있도록 안내한다. 각 프로젝트를 실습하기에 앞서, 주요 분석 기법의 핵심 개념부터 탄탄하게 짚어주어 이론과 활용 방법을 균형 있게 습득할 수 있다.",https://shopping-phinf.pstatic.net/main_5165782/51657824622.20241129092331.jpg, 이지영 지음, 한빛아카데미,2024
총류,IT 지식으로 미래를 읽는다면,게임·콘텐츠 산업을 예로 들어 IT 기초지식을 전달한다. 최소한의 IT 지식은 이제 선택이 아닌 필수다. 이 책은 큰 틀에서 컴퓨터의 근본 원리를 이해하고 IT 기술로 재편될 미래 사회의 모습을 그려볼 수 있도록 돕는다.,https://shopping-phinf.pstatic.net/main_3247427/32474277109.20230516165550.jpg, 윤정구 지음, 다른,2022
총류,2026 이기적 컴퓨터활용능력 2급 필기 기본서. 1,컴퓨터활용능력 2급 필기 시험을 준비하는 모든 사람에게 필요한 <이기적 컴퓨터활용능력 2급 필기 기본서>가 출간되었다. 기본서로 개념을 탄탄하게 잡고 한 번에 합격하자!,https://shopping-phinf.pstatic.net/main_5534325/55343252774.20250619120719.jpg, 홍태성 지음;영진정보연구소 공저, 영진.com,2025
총류,2026 이기적 컴퓨터활용능력 2급 필기 기본서. 1,컴퓨터활용능력 2급 필기 시험을 준비하는 모든 사람에게 필요한 <이기적 컴퓨터활용능력 2급 필기 기본서>가 출간되었다. 기본서로 개념을 탄탄하게 잡고 한 번에 합격하자!,https://shopping-phinf.pstatic.net/main_5534325/55343252774.20250619120719.jpg, 홍태성 지음;영진정보연구소 공저, 영진.com,2025
총류,(10대와 통하는)처음 만나는 세계 고전,"인간, 사랑, 삶, 모험, 과학, 문명, 공동체, 소외, 평화, 종교 등 열 가지 주제를 중심으로 세계의 고전 120편을 알기 쉽게 소개하며, 청소년들이 책을 스스로 고를 수 있게 하는 길잡이 역할을 한다. 청소년들은 이 책에 소개된 고전을 통해 자신만의 책을 찾아가는 여정에 자연스럽게 나설 수 있다.",https://shopping-phinf.pstatic.net/main_5816459/58164590074.20260331102219.jpg, 장동석 글, 철수와영희,2026
총류,(세상에서 가장 쉬운)교양 교과서 : 인문사회,"인문사회의 핵심 개념과 흐름을 한눈에 잡아 주는, 말 그대로 ‘막힐 때마다 펼쳐 보는’ 만능 교양 안내서다. 복잡한 이론을 시대와 개념 중심으로 다시 세워 주기 때문에 이 책을 정독하면 어떤 전문서를 읽든 전보다 더 쉽게 접할 수 있을 것이다.",https://shopping-phinf.pstatic.net/main_5810632/58106323892.20260331103430.jpg, 고다마 가쓰유키 지음;Fancomi 그림;장윤정 옮김, 날,2025
총류,10대의 독서,"스마트폰과 짧은 영상 콘텐츠에 익숙해진 시대, “요즘 청소년들은 책을 읽지 않는다”는 말은 이제 익숙한 진단이 되었다. 그러나 정말 문제는 ‘읽지 않는다’는 사실일까, 아니면 ‘왜 읽어야 하는지 모른다’는 데 있을까? 이러한 질문에서 출발한 책 《10대의 독서》가 출간되었다.",https://shopping-phinf.pstatic.net/main_5869805/58698050082.20260331094755.jpg, 류지후 지음, 퍼블리온,2026
총류,"(어쨌든,)바이브 코딩","프롬프트 한 줄로 아이디어를 바로 구현하는 시대를 위한 안내서로, 바이브 코딩 사고방식과 프롬프트 엔지니어링, 50개 실습을 통해 ‘하고 싶다’를 ‘바로 한다’로 바꿔 준다.",https://shopping-phinf.pstatic.net/main_5809847/58098479608.20260331103819.jpg, 코다프레스 지음;양희은 옮김, 인사이트,2025
총류,독서중심 주제탐구활동 올인원. 2,"<독서중심 주제탐구활동 올인원>은 SKY 추천도서를 기반으로 독서 및 연계활동을 지원한다. SKY 추천도서 210권을 수록하였고, 도서별 탐구주제 추천 및 서본결 모범사례를 제시한다. 도서별 토론주제 추천, 각 주제별 내용을 소개하고, 찬반의견 및 근거자료를 제공한다.",https://shopping-phinf.pstatic.net/main_5868450/58684506473.20260331122156.jpg, 한승배 [외]지음, 오픈스카이,2026
총류,(학교 업무가 쉬워지는)구글 스프레드시트 실전 가이드북,새 학기 시작에 필요한 학급 기초 자료를 만드는 업무부터 학기 마무리 성적 자동 완성 업무까지 현장에서 교사가 가장 필요로 하는 내용들을 학교 업무 흐름에 맞추어 체계적으로 한 권에 담아 구성하였다.,https://shopping-phinf.pstatic.net/main_5761192/57611923332.20260331112037.jpg, 김동호 [외]지음, 씨마스21,2026
총류,(Do it!)깡샘의 플러터 & 다트 프로그래밍,"다트(Dart) 언어의 핵심 문법을 다른 언어와 비교하며 자세히 설명한다. 그리고 각종 위젯으로 앱의 화면을 꾸미고 비동기 프로그래밍으로 성능을 높이는 방법, 데이터 변화를 관리하는 상태 관리 방법 등 개발 현장에서 요구하는 다양한 기술을 다룬다.",https://shopping-phinf.pstatic.net/main_3757968/37579681630.20260331111850.jpg, 강성윤 지음, 이지스퍼블리싱,2023
총류,안티그래비티 완벽 가이드,"구글 안티그래비티로 바이브 코딩하는 방법을 정리한 실전 가이드다. UI 설계부터 코드 구현, 모델 스위칭과 프롬프팅 전략까지 실제 웹서비스 구축 흐름을 따라가며 개발 전 과정을 익힐 수 있다.",https://shopping-phinf.pstatic.net/main_5857181/58571810619.20260331120655.jpg, 코드팩토리 최지호 지음, Golden Rabbit(골든래빗),2026
총류,클로드 코드를 활용한 바이브 코딩 완벽 입문,"타입스크립트(TypeScript)나 Next.js를 깊이 알지 못하더라도 실습을 따라갈 수 있도록 설계되었다. 클로드 코드의 설치부터 세팅, 그리고 실제 앱 배포까지 모든 과정을 직접 경험하며, AI 에이전트 시대의 새로운 개발 방식을 내 것으로 만든다.",https://shopping-phinf.pstatic.net/main_5907963/59079630432.20260331121534.jpg, 히라카와 토모히데 지음;최용 옮김, 위키북스,2026
총류,파이썬 코딩 도장,이론 > 실습 > 퀴즈 > 연습문제 > 심사문제로 반복해서 학습한다. 핵심정리와 Q&A로 학습한 내용을 정리한다. 혼자 작성한 코드가 올바른지 알 수 없다. 심사를 통과하지 못한다면 코드가 잘못된 것이다. 온라인 심사로 꼼꼼하게 채점해서 실수를 바로 잡을 수 있다.,https://shopping-phinf.pstatic.net/main_3718091/37180911622.20260331121613.jpg, 남재윤 지음, 길벗,2023
총류,(2026 시나공)컴퓨터활용능력 2급 필기,"A-Z까지 기본 탄탄, <2026 시나공 컴퓨터활용능력2급 필기 기본서>. 2026 시나공 컴퓨터활용능력2급 필기 기본서는 기출문제 분석을 통해 최신 출제 경향을 완벽하게 반영한 도서다.",https://shopping-phinf.pstatic.net/main_5513707/55137070364.20260331100924.jpg, 길벗알앤디 지음, 길벗,2023
총류,(2026 시나공)컴퓨터활용능력 2급 필기,"A-Z까지 기본 탄탄, <2026 시나공 컴퓨터활용능력2급 필기 기본서>. 2026 시나공 컴퓨터활용능력2급 필기 기본서는 기출문제 분석을 통해 최신 출제 경향을 완벽하게 반영한 도서다.",https://shopping-phinf.pstatic.net/main_5513707/55137070364.20260331100924.jpg, 길벗알앤디 지음, 길벗,2023
총류,우리집 인문학. 3: 세계소설,<우리 집 인문학> 시리즈는 부모와 아이가 함께 읽고 대화하도록 이끄는 인문교양서다. 《우리 집 인문학: 세계소설》은 부모와 아이가 고대부터 현대까지 세계 명작 소설 30선을 함께 읽고 대화하도록 안내하는 책이다.,https://shopping-phinf.pstatic.net/main_5888950/58889500354.20260331100532.jpg, 김문영 지음, 상상스퀘어,2026
총류,(2026 시나공) 컴퓨터활용능력 2급 실기 기본서,"A-Z까지 기본 탄탄, <2026 시나공 컴퓨터활용능력2급 실기 기본서>. 기출문제 분석을 통해 최신 출제 경향을 완벽하게 반영한 도서이다.",https://shopping-phinf.pstatic.net/main_5579426/55794264772.20250715073116.jpg, 길벗알앤디 [외]지음, 길벗,2024
총류,프로그램은 어떻게 작동하는가,"역설적으로 들릴지도 모르지만, AI 시대에 요구되는 개발자의 능력은 기본기에 있다. 프로그램이 컴퓨터에서 어떻게 작동하는지를 제대로 알고 있어야, 목적에 맞는 프로그램을 만들 수 있고 문제가 발생했을 때도 수월하게 해결한다. 이 책은 메모리에 로딩된 기계어 명령을 CPU가 해석하고 실행하는 과정, 즉 프로그램이 컴퓨터에서 움직이는 진짜 모습을 보여준다.",https://shopping-phinf.pstatic.net/main_5735541/57355415156.20260331104947.jpg, 야자와 히사오 지음;김현옥 옮김, 보누스,2025
총류,혼자 공부하는 바이브 코딩 with 클로드 코드,"코딩을 잘 모르는 독자도 대화하듯 만들고, 질문을 통해 앱을 개선하며 AI 시대의 프로그래밍 방식을 가장 쉽게 체험할 수 있게 만든 안내서다. 클로드 코드와 함께 15개의 실습 프로젝트를 완주하며 자연스럽게 개발 흐름을 익힐 수 있다.",https://shopping-phinf.pstatic.net/main_5798994/57989940683.20260407112338.jpg, 조태호 지음, 한빛미디어,2025
총류,독서중심 주제탐구활동 올인원. 3,"<독서중심 주제탐구활동 올인원>은 SKY 추천도서를 기반으로 독서 및 연계활동을 지원한다. SKY 추천도서 210권을 수록하였고, 도서별 탐구주제 추천 및 서본결 모범사례를 제시한다. 도서별 토론주제 추천, 각 주제별 내용을 소개하고, 찬반의견 및 근거자료를 제공한다.",https://shopping-phinf.pstatic.net/main_5868450/58684506435.20260331095538.jpg, 한승배 [외]지음, 오픈스카이,2026
총류,일 잘하는 엔지니어의 생각 기법,"시간·비용을 잡아먹는 성능 저하의 원인을 정확히 파악하고, 30여 년 경력의 저자가 111가지 사례로 엔지니어적 사고법과 최적화 스킬을 안내한다. 모든 시스템에 적용 가능한 관찰법과 개선 원리를 알려주는 실전형 문제 해결서다.",https://shopping-phinf.pstatic.net/main_5785735/57857358784.20260331103451.jpg, 캐리 밀샙 지음;장현희 옮김, 책만,2025
총류,오브젝트,"역할, 책임, 협력에 기반해 객체지향 프로그램을 설계하고 구현하는 방법, 응집도와 결합도를 이용해 설계를 트레이드오프하는 방법, 설계를 유연하게 만드는 다양한 의존성 관리 기법, 타입 계층을 위한 상속과 코드 재사용을 위한 합성의 개념 등을 다룬다.",https://image.aladin.co.kr/product/19368/10/cover500/k972635015_1.jpg, 조영호 지음, 위키북스,2019
총류,(마츠모토 유키히로의)프로그래밍 언어 만들기,"하나의 프로그래밍 언어가 만들어질 때, 어떤 고민과 과정을 거쳐야 하는지 알려준다. 먼저 낱말 해석기 및 구문 해석기의 구현부터 시작해 파이프라인 형태의 프로세싱 규칙 만들기, 멀티스레드 구현 등 프로그래밍 언어가 가져야 할 기능들을 새로운 언어 'Streem'을 직접 설계하며 설명한다.",https://image.aladin.co.kr/product/19340/57/cover500/k182635717_2.jpg, 마츠모토 유키히로 지음;김성준 옮김, 에이콘출판,2019
총류,(Do it!)코틀린 프로그래밍,"변수, 제어문, 함수형 프로그래밍, 객체 지향 프로그래밍, 코틀린 라이브러리 등 코틀린의 기초를 빈틈없이 공부한다. 후반부에는 실무 활용이 궁금한 독자를 위해 Anko 라이브러리, 코틀린 안드로이드 확장 등 안드로이드 앱 개발의 기초부터 응용까지 알차게 담았다.",https://image.aladin.co.kr/product/19344/45/cover500/k192635811_1.jpg, 황영덕 지음, 이지스퍼블리싱,2019
총류,(Do it!)코틀린 프로그래밍,"변수, 제어문, 함수형 프로그래밍, 객체 지향 프로그래밍, 코틀린 라이브러리 등 코틀린의 기초를 빈틈없이 공부한다. 후반부에는 실무 활용이 궁금한 독자를 위해 Anko 라이브러리, 코틀린 안드로이드 확장 등 안드로이드 앱 개발의 기초부터 응용까지 알차게 담았다.",https://image.aladin.co.kr/product/19344/45/cover500/k192635811_1.jpg, 황영덕 지음, 이지스퍼블리싱,2019
총류,(오준석의)안드로이드 생존코딩,"소문난 명강의 시리즈. 기본을 빠르게 익히고 나서 현업에서 사용하는 라이브러리와 프레임워크로 앱을 효과적으로 만드는 방법을 알려주는 입문 + 활용서이다. 코틀린을 몰라도, 안드로이드를 몰라도 안드로이드 앱을 만들 수 있다.",https://image.aladin.co.kr/product/16846/36/cover500/k482534873_1.jpg, 오준석 지음, 한빛미디어,2018
총류,커리어 스킬,"개발자가 되고, 성공하는 데 필요한 내용을 광범위하게 담고 있고, 그에 대한 조언이 현실적이고 유용하다. 이 책은 어디로 가야할지 로드맵을 그려주고, 무엇을 선택하면 좋을지 각 선택지들을 비교 분석해주고, 어떻게 행동해야 이득인지 구체적인 사례를 들어 안내해준다.",https://image.aladin.co.kr/product/18782/34/cover500/k662635470_1.jpg, 존 손메즈 지음;이미령 옮김, 길벗,2019
총류,하드웨어(회로 아두이노) 시뮬레이션,"컴퓨터 시뮬레이션을 통해 실제로 회로를 구현한 것과 같은 결과를 확인할 수 있다. 블록 코딩을 통해 회로를 제어하는 방법을 배울 수 있으며, 실제 회로를 설계할 때의 문제점을 미리 예측, 과전압 등으로 인한 오작동 및 파손 등을 방지할 수 있다.",https://image.aladin.co.kr/product/19458/0/cover500/8959603805_1.jpg, 이상범 지음, 렉스미디어닷넷,2019
총류,깡샘의 안드로이드 프로그래밍,"안드로이드 새내기도 앱을 만들 수 있도록 구성된 책. 각 챕터마다 안드로이드 프로그램과 각 기능이 어떠한 구조로 어떻게 작동하는지 그 원리를 파악하는 데 주력한다. 그리고 이를 구현하는 핵심 코드를 알아본 다음, 이를 종합하여 기능을 직접 개발해보는 실습을 진행한다.",https://image.aladin.co.kr/product/19540/52/cover500/k902635121_1.jpg, 강성윤 지음, 루비페이퍼,2017
총류,(핵심만 골라 배우는)안드로이드 스튜디오 3 ＆ 프로그래밍,"안드로이드 스튜디오 기반의 애플리케이션 개발과 테스트에 필요한 환경 설정, 그리고 안드로이드 스튜디오의 주요 기능과 사용법을 간명한 예제 코드로 설명한다. 안드로이드 스튜디오 3의 각종 최신 기능에 대한 내용도 국내 최초로 포함하고 있다.",https://image.aladin.co.kr/product/11509/6/cover500/k812531307_1.jpg, 닐 스미스 지음;심재철 옮김, 제이펍,2017
총류,혼자 공부하는 파이썬,"독학으로 프로그래밍 언어를 처음 배우려는 입문자가, 혹은 파이썬을 배우려는 입문자가 '꼭 필요한 내용을 제대로' 학습할 수 있도록 구성했다. '무엇을', '어떻게' 학습해야 할지조차 모르는 입문자의 막연한 마음을 살펴, 친절하게, 그러나 핵심적인 내용만 콕콕 집어준다.",https://image.aladin.co.kr/product/19393/14/cover500/k432635210_1.jpg, 윤인성 지음, 한빛미디어,2019
총류,"(수능, 내신, 학종을 위한)공부완성 독서법","오랜 기간 중고생들과 함께 책을 읽고 독서교육과 토론을 진행한 저자가 갈수록 중요해지는 독서의 필요성과 공부와 입시를 둘 다 잡을 수 있는, 쓸모 있는 독서법을 정리한 내용이다. 수능, 내신, 학종 등 각각에 특화된 맞춤형 책을 소개하고 어떻게 읽어야 하는지 방법을 알려 준다.",https://image.aladin.co.kr/product/19387/35/cover500/k962635113_1.jpg, 신진상 지음, 미디어숲,2019
총류,(학교도서관 중심의)정보매체와 교수매체론,,https://image.aladin.co.kr/product/11784/93/cover500/8993419817_1.jpg, 이병기 지음, 조은글터,2017
총류,개발자로 살아남기,"실리콘밸리와 우리나라에서 30년간 TOP 개발자로 활약한 저자의 커리어패스 인사이트를 공개한다. 주니어/시니어 개발자, 팀장, 리드에 이르기까지 다양한 역할에 필요한 역량을 9가지 기술 중심으로 소개한다.",https://image.aladin.co.kr/product/28501/32/cover500/k572835625_2.jpg, 박종천 지음, 골든래빗,2022
총류,(그림과 실습으로 배우는)도커 ＆ 쿠버네티스,"컨테이너 기술이 어렵게 느껴지는 엔지니어나 백엔드 기술에 자신이 없는 분들을 위한 도커 입문서입니다. 자세한 그림과 친절한 실습을 통해 리눅스 지식이나 서버 구축 경험이 없어도 컨테이너와 도커, 쿠버네티스에 대한 지식을 쉽게 이해할 수 있다.",https://image.aladin.co.kr/product/29141/96/cover500/k052837077_1.jpg, 오가사와라 시게타카 지음;심효섭 옮김, 위키북스,2022
총류,누구나 자료 구조와 알고리즘,"자료 구조와 알고리즘은 프로그래밍의 핵심 스킬이다. 더 빠른 코드, 더 효율적인 코드를 작성하려면 반드시 알아야 하는 사고 방식이 자료 구조와 알고리즘에 담겨 있다. 실생활에서 마주할 수 있는 상황을 제시하며 자료 구조와 알고리즘을 적용하는 방법을 보여준다.",https://image.aladin.co.kr/product/28337/25/cover500/k992835002_1.jpg, 제이 웬그로우 지음;심지현 옮김, 길벗,2021
총류,데이터 과학자가 되는 법,데이터 과학 분야에 진출한 모든 이를 위한 실전 입문서다. 데이터 과학자로 취업하는 방법과 커리어를 탄탄하게 쌓는 노하우를 상세히 소개한다. 또한 다양한 업계에 종사하는 데이터 과학자들의 인터뷰를 참고해 실무 적응 능력을 키우고 자신의 커리어를 한 단계 향상할 수 있도록 구성했다.,https://image.aladin.co.kr/product/28347/85/cover500/k352835200_1.jpg," 에밀리 로빈슨,재클린 놀리스 지음;이창화 옮김", 한빛미디어,2021
총류,리액트 교과서,"기본기에 충실한 리액트 입문서. React.js를 사용해 웹/모바일을 개발하고자 하는 웹/모바일 개발자, 소프트웨어 엔지니어를 대상으로 한다.",https://image.aladin.co.kr/product/14555/20/cover500/k052532640_1.jpg, 아자트 마르단 지음;곽현철 옮김, 길벗,2018
총류,(헬로! 인공지능)생활 코딩 머신러닝 with 파이썬 텐서플로,"초등학생부터 어르신까지, 딥러닝이 궁금하고 직접 코딩해보고 싶은 모든 분을 위한 책이다. 복잡한 원리와 수학을 몰라도, 휴대폰 사용법을 익히듯 쉽고 재미있게 딥러닝을 배울 수 있다. 구글의 딥러닝 라이브러리인 텐서플로를 활용해 간단한 형태의 딥러닝 모델을 작성한다.",https://image.aladin.co.kr/product/28413/84/cover500/k492835112_1.jpg," 이숙번,이고잉 [공]지음", 위키북스,2021
총류,(헬로! 인공지능)생활 코딩 머신러닝 with 파이썬 텐서플로,"초등학생부터 어르신까지, 딥러닝이 궁금하고 직접 코딩해보고 싶은 모든 분을 위한 책이다. 복잡한 원리와 수학을 몰라도, 휴대폰 사용법을 익히듯 쉽고 재미있게 딥러닝을 배울 수 있다. 구글의 딥러닝 라이브러리인 텐서플로를 활용해 간단한 형태의 딥러닝 모델을 작성한다.",https://image.aladin.co.kr/product/28413/84/cover500/k492835112_1.jpg," 이숙번,이고잉 [공]지음", 위키북스,2021
총류,생활코딩! 아마존 웹 서비스,"생활코딩에서 제공하는 수업 가운데 '생활코딩과 함께하는 AWS 탐구생활 777' 강좌와 'AWS2 - RDS', 'AWS2 - Route 53' 강좌를 정리한 책이다. AWS 기초 사용법은 물론 생활 코딩 수업을 통해 배운 내용을 클라우드 상에 올리고 운영할 수 있는 방법을 안내한다.",https://image.aladin.co.kr/product/28734/10/cover500/k182836789_1.jpg, 이고잉 지음, 위키북스,2022
총류,생활코딩! 아마존 웹 서비스,"생활코딩에서 제공하는 수업 가운데 '생활코딩과 함께하는 AWS 탐구생활 777' 강좌와 'AWS2 - RDS', 'AWS2 - Route 53' 강좌를 정리한 책이다. AWS 기초 사용법은 물론 생활 코딩 수업을 통해 배운 내용을 클라우드 상에 올리고 운영할 수 있는 방법을 안내한다.",https://image.aladin.co.kr/product/28734/10/cover500/k182836789_1.jpg, 이고잉 지음, 위키북스,2022
총류,쉽게 배우는 자료구조 with 자바,기본 자료구조와 알고리즘을 밀도 있게 풀어낸 기본서다. 기본 원리는 이해하기 쉽게 단계별로 차근차근 설명하면서도 구현을 위해 논리의 골격을 구성해가는 과정에서는 저자의 내공까지 충실하게 담았다.,https://image.aladin.co.kr/product/28737/79/cover500/k422836784_1.jpg, 문병로 지음, 한빛아카데미,2022
총류,쉽게 배우는 자료구조 with 파이썬,기본 자료구조와 알고리즘을 밀도 있게 풀어낸 기본서다. 기본 원리는 이해하기 쉽게 단계별로 차근차근 설명하면서도 구현을 위해 논리의 골격을 구성해가는 과정에서는 저자의 내공까지 충실하게 담았다.,https://image.aladin.co.kr/product/28737/82/cover500/k562836784_1.jpg, 문병로 지음, 한빛아카데미,2022
총류,파이썬 자료구조와 알고리즘 for beginner,IT Cookbook 한빛 교재 시리즈. 기본 자료구조와 알고리즘을 쉽게 풀어낸 입문서다. 기본 → 간단 구현 → 일반 구현 → 응용 순으로 체계적으로 학습할 수 있다.,https://image.aladin.co.kr/product/26245/24/cover500/k572738386_1.jpg, 우재남 지음, 한빛아카데미,2021
총류,(2022 시나공)정보처리기능사,2022 시나공 정보처리기능사 실기는 NCS 학습 모듈을 가이드 삼아 실무에서 방대하게 다뤄지는 내용들을 압축하여 최대한 쉽게 수록했다. 예제나 문제는 간단해 보이지만 원론을 이해하기 쉽도록 간략하게 구성한 것으로 교재의 내용만 이해하면 어떠한 변형 문제도 풀 수 있을 것이다.,https://image.aladin.co.kr/product/28918/6/cover500/k652836016_1.jpg, 길벗알앤디 지음;윤석남 그림, 길벗,2022
총류,(2022 시나공)정보처리기능사,2022 시나공 정보처리기능사 실기는 NCS 학습 모듈을 가이드 삼아 실무에서 방대하게 다뤄지는 내용들을 압축하여 최대한 쉽게 수록했다. 예제나 문제는 간단해 보이지만 원론을 이해하기 쉽도록 간략하게 구성한 것으로 교재의 내용만 이해하면 어떠한 변형 문제도 풀 수 있을 것이다.,https://image.aladin.co.kr/product/28918/6/cover500/k652836016_1.jpg, 길벗알앤디 지음;윤석남 그림, 길벗,2022
총류,(2022 시나공)컴퓨터활용능력 2급 실기,"엑셀의 방대한 기능 중 시험에 꼭 나오는 엑셀 기능 16가지로 압축하고, 쉽게 익힐 수 있도록 따라하기 형식으로 구성하였다. 각 섹션마다 출제된 비율에 따라 A, B, C, D 등급을 지정하여 중요한 내용을 먼저 볼 수 있다.",https://image.aladin.co.kr/product/28053/86/cover500/k812734534_1.jpg, 길벗알앤디 지음, 길벗,2021
총류,(2022 시나공)컴퓨터활용능력 2급 실기,"엑셀의 방대한 기능 중 시험에 꼭 나오는 엑셀 기능 16가지로 압축하고, 쉽게 익힐 수 있도록 따라하기 형식으로 구성하였다. 각 섹션마다 출제된 비율에 따라 A, B, C, D 등급을 지정하여 중요한 내용을 먼저 볼 수 있다.",https://image.aladin.co.kr/product/28053/86/cover500/k812734534_1.jpg, 길벗알앤디 지음, 길벗,2021
총류,(2022 시나공)컴퓨터활용능력 2급 실기,"엑셀의 방대한 기능 중 시험에 꼭 나오는 엑셀 기능 16가지로 압축하고, 쉽게 익힐 수 있도록 따라하기 형식으로 구성하였다. 각 섹션마다 출제된 비율에 따라 A, B, C, D 등급을 지정하여 중요한 내용을 먼저 볼 수 있다.",https://image.aladin.co.kr/product/28053/86/cover500/k812734534_1.jpg, 길벗알앤디 지음, 길벗,2021
총류,손석희의 앵커브리핑. 1: `L의 운동화`는 집으로 가는 중입니다,"뉴스 속에서 대본이 아니라 앵커만의 목소리를 고스란히 들려줌으로써 한국 방송사에서 전무후무한 새로운 저널리즘을 탄생시켰던 ‘앵커브리핑’ 950편 중 특별히 더 큰 울림을 줬던 284편이 앵커 손석희의 새로운 코멘트와 주석, 그리고 이미지들을 덧붙여 두 권의 책으로 재탄생했다.",https://image.aladin.co.kr/product/29097/75/cover500/8976965671_3.jpg," 손석희,김현정 지음", 역사비평사,2022
총류,손석희의 앵커브리핑. 2: 바람은 언제나 당신의 등 뒤에서 불고,"뉴스 속에서 대본이 아니라 앵커만의 목소리를 고스란히 들려줌으로써 한국 방송사에서 전무후무한 새로운 저널리즘을 탄생시켰던 ‘앵커브리핑’ 950편 중 특별히 더 큰 울림을 줬던 284편이 앵커 손석희의 새로운 코멘트와 주석, 그리고 이미지들을 덧붙여 두 권의 책으로 재탄생했다.",https://image.aladin.co.kr/product/29097/35/cover500/897696568x_3.jpg," 손석희,김현정 지음", 역사비평사,2022
총류,(아트멜 스튜디오와 아두이노로 배우는) ATmega328 프로그래밍,"아두이노 우노에서 사용되는 마이크로컨트롤러인 ATmega328을 위한 두 가지 프로그램 작성 방법을 다룬다. 그중 하나는 레지스터를 사용하여 프로그램을 작성하는 ‘C 스타일’이며, 다른 하나는 추상화된 함수를 사용하여 스케치를 작성하는 ‘아두이노 스타일’이다.",https://image.aladin.co.kr/product/6319/70/cover500/k682433137_1.jpg, 허경용 지음, 제이펍,2015
총류,(만들면서 배우는) 라즈베리파이 라지그 프로젝트,커널연구회에서 진행하고 있는 만들기 프로젝트를 소개하는 책. 책의 내용은 커널연구회의 라지그 프로젝트를 수행하기 위해서 라즈베리파이를 어떻게 환경설정 하는지 설명하고 있다.,https://image.aladin.co.kr/product/8253/85/cover500/8997750070_1.jpg, 정재준 지음, 커널연구회,2016
총류,Java의 정석. 2,저자는 자바를 소개하는데 그치지 않고 프로그래머로써 꼭 알아야하는 내용들을 체계적으로 정리하였으며 200페이지에 달하는 지면을 객체지향개념에 할애함으로써 이 책 한 권이면 객체지향개념을 완전히 이해할 수 있도록 원리중심으로 설명하고 있다.,https://image.aladin.co.kr/product/7608/30/cover500/8994492038_1.jpg, 남궁성 지음, 도우,2016
총류,최신 Raspberry Pi로 시작하는 IOT의 모든 것. 1,라즈베리파이 3 (Raspberry Pi 3)의 최신 내용을 기준으로 모든 내용을 설명하여 독자들이 최신 지식을 이해하고 실제 적용하는 과정에 문제가 없도록 하였다.,https://image.aladin.co.kr/product/9121/51/cover500/899085203x_1.jpg, 김덕규 지음, 리얼오메가컨설팅,2016
총류,최신 Raspberry Pi로 시작하는 IOT의 모든 것. 2,라즈베리파이 3 (Raspberry Pi 3)의 최신 내용을 기준으로 모든 내용을 설명하여 독자들이 최신 지식을 이해하고 실제 적용하는 과정에 문제가 없도록 하였다.,https://image.aladin.co.kr/product/9121/51/cover500/899085203x_1.jpg, 김덕규 지음, 리얼오메가컨설팅,2016
총류,라즈베리파이 3을 이용한 사물인터넷 기초부터 실무까지,"파이선은 문법이 매우 간단하다. 배우기 쉬울 뿐 아니라, OOP를 기반으로 하고 있기 때문에 초보자들이 라이브러리로 활용할 수 있는 장점을 가진 언어이다. 이 책은 Language에 익숙하지 않은 독자들을 위하여 4편으로 구성하였다.",https://image.aladin.co.kr/product/9112/54/cover500/8938110540_1.jpg, 김경희;김장욱;김경연 [공]지음, 동일출판사,2016
총류,핵심강좌! 유니티 5,위키북스 게임 개발 시리즈 17권. 이 책은 유니티에 대한 모든 것을 담고 있는 사전 같은 책은 아니지만 유니티를 이용하여 게임 개발을 한다면 반드시 알아야 할 필수적인 기술 요소들에 대한 내용을 담고 있다.,https://image.aladin.co.kr/product/7799/68/cover500/k662434222_1.jpg, 이재환 지음, 위키북스,2016
총류,ARM Cortex-M3 완벽 가이드,,https://image.aladin.co.kr/product/345/52/cover500/8990758211_1.jpg, 조셉 위 지음;임희연 옮김, ITC,2009
총류,이것이 자바다,15년 이상 자바 언어를 교육해온 자바 전문강사의 노하우를 아낌 없이 담아낸 자바 입문서. 저자 직강의 인터넷 강의와 Q/A를 위한 커뮤니티(네이커 카페)까지 무료로 제공하여 자바 개발자로 가는 길을 안내한다.,https://image.aladin.co.kr/product/5056/31/cover500/8968481474_2.jpg, 신용권 지음, 한빛미디어,2016
총류,Verilog HDL을 이용한 디지털 시스템 설계 및 실습,,https://image.aladin.co.kr/product/3087/19/cover500/8998338351_1.jpg, 신경욱 지음, 카오스북,2013
총류,열한 계단,어느 날 홀연히 나타나 100만 독자를 사로잡은 작가 채사장은 '불편한' 책을 권한다. 어떤 독서는 한 인간의 지평을 넓히지만 어떤 독서는 오히려 그를 우물에 가둘 수도 있다는 것이다. 저자는 나를 불편하게 하는 지식만이 내면에 균열을 일으켜 나를 '한 계단' 성장시킬 수 있다고 말한다.,https://image.aladin.co.kr/product/30912/60/cover500/k482831582_1.jpg, 채사장 지음, 웨일북,2016
총류,Java의 정석. 1,저자는 자바를 소개하는데 그치지 않고 프로그래머로써 꼭 알아야하는 내용들을 체계적으로 정리하였으며 200페이지에 달하는 지면을 객체지향개념에 할애함으로써 이 책 한 권이면 객체지향개념을 완전히 이해할 수 있도록 원리중심으로 설명하고 있다.,https://image.aladin.co.kr/product/7608/30/cover500/8994492038_1.jpg, 남궁성 지음, 도우,2016
총류,(이기적)정보기기운용기능사 실기 기본서,정보기기운용기능사 실기 시험을 위한 이론을 수록하여 짧은 시간에 자격증 대비가 가능하도록 한 완벽 대비서다. Packet Tracer 프로그램 사용법과 시행처에서 공개한 샘플 문제를 적극 반영하였으며 상시 문제로 출제되었던 기출문제를 복원하여 누구나 쉽게 이 책을 따라해 봄으로써 정보기기운용기능사 실기 시험에 합격할 수 있도록 구성하였다.,https://image.aladin.co.kr/product/20636/11/cover500/8931460406_1.jpg, 이시영 지음, 영진닷컴,2019
총류,(이기적)정보기기운용기능사 실기 기본서,정보기기운용기능사 실기 시험을 위한 이론을 수록하여 짧은 시간에 자격증 대비가 가능하도록 한 완벽 대비서다. Packet Tracer 프로그램 사용법과 시행처에서 공개한 샘플 문제를 적극 반영하였으며 상시 문제로 출제되었던 기출문제를 복원하여 누구나 쉽게 이 책을 따라해 봄으로써 정보기기운용기능사 실기 시험에 합격할 수 있도록 구성하였다.,https://image.aladin.co.kr/product/20636/11/cover500/8931460406_1.jpg, 이시영 지음, 영진닷컴,2019
총류,(돈과 시간을 아껴주는)정보기기운용기능사,정보기기운용기능사 실기시험은 작업형으로 패킷 트레이서라고 불리는 시뮬레이션 연습 도구를 활용해 네트워크 환경을 직접 설정하는 작업이다. 각 기능별 유형예제를 제공함으로써 명령에 대한 이해와 함께 몸으로 익힐 수 있도록 충분한 실습 예제를 제공하고 있다.,https://image.aladin.co.kr/product/10396/91/cover500/k022536092_1.jpg, IT자격분석팀 지음, 시대인,2017
총류,(돈과 시간을 아껴주는)정보기기운용기능사,정보기기운용기능사 실기시험은 작업형으로 패킷 트레이서라고 불리는 시뮬레이션 연습 도구를 활용해 네트워크 환경을 직접 설정하는 작업이다. 각 기능별 유형예제를 제공함으로써 명령에 대한 이해와 함께 몸으로 익힐 수 있도록 충분한 실습 예제를 제공하고 있다.,https://image.aladin.co.kr/product/10396/91/cover500/k022536092_1.jpg, IT자격분석팀 지음, 시대인,2017
총류,(Win-Q)전자계산기기능사 필기 단기완성,수험생이 짧은 시간 안에 필기시험에 합격할 수 있도록 구성되었다. 특히 한국산업인력공단의 출제기준과 과년도 기출문제를 철저히 분석하여 핵심이론을 구성하였고 기출문제에도 상세한 해설을 첨부하였다.,https://image.aladin.co.kr/product/20520/78/cover500/k802635556_1.jpg, 이복자 지음, 시대고시기획,2020
총류,(Win-Q)전자계산기기능사 필기 단기완성,수험생이 짧은 시간 안에 필기시험에 합격할 수 있도록 구성되었다. 특히 한국산업인력공단의 출제기준과 과년도 기출문제를 철저히 분석하여 핵심이론을 구성하였고 기출문제에도 상세한 해설을 첨부하였다.,https://image.aladin.co.kr/product/20520/78/cover500/k802635556_1.jpg, 이복자 지음, 시대고시기획,2020
총류,(Win-Q)전자계산기기능사 필기 단기완성,수험생이 짧은 시간 안에 필기시험에 합격할 수 있도록 구성되었다. 특히 한국산업인력공단의 출제기준과 과년도 기출문제를 철저히 분석하여 핵심이론을 구성하였고 기출문제에도 상세한 해설을 첨부하였다.,https://image.aladin.co.kr/product/20520/78/cover500/k802635556_1.jpg, 이복자 지음, 시대고시기획,2020
총류,(Win-Q)전자계산기기능사 필기 단기완성,수험생이 짧은 시간 안에 필기시험에 합격할 수 있도록 구성되었다. 특히 한국산업인력공단의 출제기준과 과년도 기출문제를 철저히 분석하여 핵심이론을 구성하였고 기출문제에도 상세한 해설을 첨부하였다.,https://image.aladin.co.kr/product/20520/78/cover500/k802635556_1.jpg, 이복자 지음, 시대고시기획,2020
총류,(2020 시나공)정보처리기능사 필기. [1],"실제 시험의 출제 경향을 친절하게 짚어주고, 자주 시험에 나온 내용은 확실히 강조하여 혼자서도 충분히 공부할 수 있게 도와준다. 지금까지 출제된 모든 기출문제를 통계적으로 분석하여 시험에 나오는 것만 골라 75개의 섹션, 263개의 필드로 정리하였다.",https://image.aladin.co.kr/product/21346/30/cover500/k112636682_1.jpg, 길벗R&D 지음, 길벗,2019
총류,(2020 시나공)정보처리기능사 필기. [1],"실제 시험의 출제 경향을 친절하게 짚어주고, 자주 시험에 나온 내용은 확실히 강조하여 혼자서도 충분히 공부할 수 있게 도와준다. 지금까지 출제된 모든 기출문제를 통계적으로 분석하여 시험에 나오는 것만 골라 75개의 섹션, 263개의 필드로 정리하였다.",https://image.aladin.co.kr/product/21346/30/cover500/k112636682_1.jpg, 길벗R&D 지음, 길벗,2019
총류,(2020 시나공)정보처리기능사 필기. [1],"실제 시험의 출제 경향을 친절하게 짚어주고, 자주 시험에 나온 내용은 확실히 강조하여 혼자서도 충분히 공부할 수 있게 도와준다. 지금까지 출제된 모든 기출문제를 통계적으로 분석하여 시험에 나오는 것만 골라 75개의 섹션, 263개의 필드로 정리하였다.",https://image.aladin.co.kr/product/21346/30/cover500/k112636682_1.jpg, 길벗R&D 지음, 길벗,2019
총류,(2020 시나공)정보처리기능사 필기. [1],"실제 시험의 출제 경향을 친절하게 짚어주고, 자주 시험에 나온 내용은 확실히 강조하여 혼자서도 충분히 공부할 수 있게 도와준다. 지금까지 출제된 모든 기출문제를 통계적으로 분석하여 시험에 나오는 것만 골라 75개의 섹션, 263개의 필드로 정리하였다.",https://image.aladin.co.kr/product/21346/30/cover500/k112636682_1.jpg, 길벗R&D 지음, 길벗,2019
총류,(2020 시나공)정보처리기능사 필기. [1],"실제 시험의 출제 경향을 친절하게 짚어주고, 자주 시험에 나온 내용은 확실히 강조하여 혼자서도 충분히 공부할 수 있게 도와준다. 지금까지 출제된 모든 기출문제를 통계적으로 분석하여 시험에 나오는 것만 골라 75개의 섹션, 263개의 필드로 정리하였다.",https://image.aladin.co.kr/product/21346/30/cover500/k112636682_1.jpg, 길벗R&D 지음, 길벗,2019
총류,JavaScript가 보이는 그림책,"그림으로 배우는 JavaScript 프로그래밍 입문서. HTML이나 JavaScript를 사용하는 홈페이지 작성의 기초를 모르는 초보자용으로, 말로 설명하기보다는 그림을 사용하여 정확하게 이미지로 전달한다. HTML이나 CSS등 홈페이지의 기초부터 화제의 Ajax 입문까지 설명한다.",https://image.aladin.co.kr/product/13650/83/cover500/8931555334_1.jpg," ANK Co., Ltd. 지음;이영란;김성훈 옮김", BM성안당,2018
총류,HTML5가 보이는 그림책,HTML의 기본적인 내용과 더불어 HTML5에서 새로 도입된 기술 등을 한눈에 파악할 수 있도록 구성되어 있다. 각 기술에 대한 개요뿐만 아니라 관련 태그나 API를 사용하는 예제 프로그램도 풍부하다.,https://image.aladin.co.kr/product/1891/92/cover500/8931552149_1.jpg," ANK Co., Ltd. 지음;이영란 옮김", BM성안당,2012
총류,모두의 데이터 분석 with 파이썬,"초보자와 비전공자를 위한 가장 쉬운 데이터 분석 입문서. 기온, 인구, 대중교통 같은 공공데이터를 활용한 데이터 분석 프로젝트를 진행한다. 데이터 다운로드부터 정제, 문제 해결 방법 구상, 파이썬 코드로 구현까지 차근차근 진행하면서, 초보자가 데이터 분석의 성공적인 첫걸음을 내딛도록 도와준다.",https://image.aladin.co.kr/product/18986/26/cover500/k602635687_1.jpg, 송석리;이현아 지음, 길벗,2019
총류,모두의 데이터 과학 with 파이썬,"데이터 과학에서 주로 사용하는 파이썬의 핵심 내용을 살펴보는 한편, 분석하고 그래프를 만들어 보면서 실제로 데이터를 어떻게 다루고 활용할 수 있는지 이해할 수 있다.",https://image.aladin.co.kr/product/11296/44/cover500/k322531995_1.jpg, 드미트리 지노비에프 지음;황준식 옮김, 길벗,2017
총류,"파이썬을 이용한 빅데이터 수집, 분석과 시각화","빅데이터 수집, 분석, 시각화를 실습할 수 있는 기본서. 페이스북, 트위터, 네이버, 공공, 일반 웹 사이트에서 데이터를 수집하고 분석하는 방법에 중점을 두고 있으며, 최소한의 파이썬 지식만으로도 실습할 수 있도록 구성되어 있다.",https://image.aladin.co.kr/product/11108/74/cover500/8994797696_1.jpg, 이원하 지음, 비팬북스,2017
총류,PHP＆MySQL 닌자 비법서,"PHP와 MySQL을 다루는 도구, 원리, 기법을 배우고 이를 토대로 실제 웹 애플리케이션을 구축한다. PHP 7과 최신 개발 기법을 폭넓게 아우르는 동시에, 개발 환경을 구성하고 온라인 콘텐츠 관리 시스템(CMS)을 완성하기까지 모든 과정을 빠짐없이 설명한다.",https://image.aladin.co.kr/product/17914/87/cover500/k122534937_1.jpg, 톰 버틀러;케빈 양크 지음;김재영;정병열 옮김, 한빛미디어,2019
총류,PHP＆MySQL 닌자 비법서,"PHP와 MySQL을 다루는 도구, 원리, 기법을 배우고 이를 토대로 실제 웹 애플리케이션을 구축한다. PHP 7과 최신 개발 기법을 폭넓게 아우르는 동시에, 개발 환경을 구성하고 온라인 콘텐츠 관리 시스템(CMS)을 완성하기까지 모든 과정을 빠짐없이 설명한다.",https://image.aladin.co.kr/product/17914/87/cover500/k122534937_1.jpg, 톰 버틀러;케빈 양크 지음;김재영;정병열 옮김, 한빛미디어,2019
총류,PHP＆MySQL 닌자 비법서,"PHP와 MySQL을 다루는 도구, 원리, 기법을 배우고 이를 토대로 실제 웹 애플리케이션을 구축한다. PHP 7과 최신 개발 기법을 폭넓게 아우르는 동시에, 개발 환경을 구성하고 온라인 콘텐츠 관리 시스템(CMS)을 완성하기까지 모든 과정을 빠짐없이 설명한다.",https://image.aladin.co.kr/product/17914/87/cover500/k122534937_1.jpg, 톰 버틀러;케빈 양크 지음;김재영;정병열 옮김, 한빛미디어,2019
총류,(IoT)사물인터넷 with Python 실전 프로젝트 가이드,"사물인터넷(IoT) 분야에서 널리 활용되고 있는 ‘라즈베리파이’를 기반으로 가급적 주변에서 쉽게 구할 수 있는 준비물들을 활용하여 가장 재미있게 만들어 볼 만한 종류별 사물인터넷을 구현해 보고, 최종적으로는 ‘구글(Google) 어시스턴트’로 ‘음성 명령’까지 적용하게 된다.",https://image.aladin.co.kr/product/20420/68/cover500/k012635351_1.jpg, 박진현;이동수 지음, 아이콕스,2019
총류,라즈베리파이로 시작하는 핸드메이드 IoT,라즈베리파이 보드를 이용하여 개발할 수 있는 다양한 예제들을 제공하고 있다. 무엇이든 처음 자신만의 작품을 만드는 것이 어려울 수 있는데 저자는 그런 초심자 및 학생들을 위해 임베디드 기술을 최대한 쉽게 설명하기 위해 노력했다.,https://image.aladin.co.kr/product/20780/74/cover500/k902636666_2.jpg, 임근식 지음, 비제이퍼블릭,2019
총류,Windows 환경에서 침해 시스템 분석하기,"인터넷상에 공개된 다양한 유형의 침해 윈도우 이미지를 분석가가 분석 목표와 계획을 수립하고, 이를 분석해 가는 과정을 기술하고 있다. 침해 시스템을 분석하는 전반적 과정과 상황에 맞게 적용해야 할 분석 기술 등 할랜 카비의 숙련된 노하우를 얻을 수 있을 것이다.",https://image.aladin.co.kr/product/19271/9/cover500/k242635201_2.jpg, 할란 카비 지음;이명수 옮김, 에이콘,2019
총류,미술관에 GAN 딥러닝 실전 프로젝트,"케라스를 사용한 딥러닝 기초부터 AI 분야 최신 알고리즘까지 설명한다. 기계 스스로 그림을 그리고, 글을 쓰고, 음악을 작곡하고, 게임을 하는 딥러닝 생성 모델을 재현하는 과정에서 독자는 변이형 오토인코더, 생성적 적대 신경망, 인코더-디코더 모델, 월드 모델 등을 학습할 수 있다.",https://image.aladin.co.kr/product/21431/98/cover500/k202636997_1.jpg, 데이비드 포스터 지음;박해선 옮김, 한빛미디어,2019
총류,미술관에 GAN 딥러닝 실전 프로젝트,"케라스를 사용한 딥러닝 기초부터 AI 분야 최신 알고리즘까지 설명한다. 기계 스스로 그림을 그리고, 글을 쓰고, 음악을 작곡하고, 게임을 하는 딥러닝 생성 모델을 재현하는 과정에서 독자는 변이형 오토인코더, 생성적 적대 신경망, 인코더-디코더 모델, 월드 모델 등을 학습할 수 있다.",https://image.aladin.co.kr/product/21431/98/cover500/k202636997_1.jpg, 데이비드 포스터 지음;박해선 옮김, 한빛미디어,2019
총류,클라우드 네이티브 자바,"스프링 부트, 스프링 클라우드, 클라우드 파운드리를 이용한 다양한 예제를 통해 확장성 높은 마이크로서비스 아키텍처 설계와 데브옵스 애자일 개발의 진정한 실천 방법을 알려준다.",https://image.aladin.co.kr/product/15143/17/cover500/k782533366_1.jpg, 조쉬 롱;케니 바스타니 지음;정윤진;오명운;장현희 옮김, 책만,2018
총류,(왓슨을 이용한)인공지능 서비스 입문,"왓슨 무료 평가판으로 쉽고 빠르게 만들어보는 인공지능 서비스 기초 실습서. 인공지능 서비스 하나씩 따라 해보면서 쉽게 이해할 수 있도록 200여 개의 스크린샷과 그림, 친절한 설명을 넣었다.",https://image.aladin.co.kr/product/12007/94/cover500/k712531843_1.jpg, 이노우에 켄이치 지음;마창수;김남근 옮김, 책만,2017
총류,(실무가 훤히 보이는)머신러닝＆딥러닝,"파이썬에 기반을 둔 다양한 인공지능 프레임워크 및 서비스를 활용한 한글 자연어 처리, 이미지 분류, 대화 서비스 챗봇 개발, 텍스트 감정 분석 등 친절한 알고리즘 이론 학습과 풍부한 실전 코딩 예제가 가득하다.",https://image.aladin.co.kr/product/19968/59/cover500/k712635846_1.jpg, 마창수;최재철 지음, 책만,2019
총류,Boost C++ 애플리케이션 개발,"현대 C++에 맞춰 부스트 라이브러리를 소개한다. 부스트 라이브러리는 C++ STL로 포함되기 전에 실험적인 라이브러리를 철저히 검증해 정식으로 선보인다. 이 책에서는 메모리를 포함한 자원 관리, 문자열 처리, 다중 스레드 등 실제 구현에서 자주 쓰일 레시피를 제시한다.",https://image.aladin.co.kr/product/21502/35/cover500/k962636191_1.jpg, 안토니 폴루킨 지음, 에이콘출판,2019
총류,MS Power BI를 활용한 빅데이터 시각화 분석,"Power BI가 왜 만들어지고 어디에 사용되는지, 데이터를 어떻게 연결해서 가져올 것인지, 기본 매뉴얼을 사례중심으로 학습하고, 파워 쿼리의 Dax 함수 전체 150여 개를 정리하여 Power BI의 시각화 개체 예제 중심으로 소개하고 있다.",https://image.aladin.co.kr/product/21428/18/cover500/8992475950_1.jpg, 변정한 지음, 컴원미디어,2019
총류,오라클 성능 고도화 원리와 해법. 1,"고성능 데이터베이스 개발 및 운영 환경에 실제 적용할 수 있는 실용적 해법들을 기본 원리부터 상세하게 설명한다. 데이터베이스 성능을 논할 때 기본적으로 알아야 할 개념과 아키텍처, 그리고 성능 관리 방법론과 도구 사용법에 대해 알려준다.",https://image.aladin.co.kr/product/21354/29/cover500/k952636798_1.jpg, 조시형 지음, 디비안,2009
총류,파이썬 웹프로그래밍,"Django에서의 웹 애플리케이션 개발 방식과 그 원리에 대해 명확하게 설명한다. 실전 예제를 통해 Django의 초/중급 기술을 소개하며, 부트스트랩을 사용하여 UI 화면을 구성한다. 또한 모든 예제를 클래스형 뷰(CBV)로 실습하며, CBV의 장점을 습득하고 활용할 수 있다.",https://image.aladin.co.kr/product/21316/27/cover500/k812636589_2.jpg, 김석훈 지음, 한빛미디어,2019
총류,모두의 스크래치 알고리즘,"알고리즘과 순서도 개념을 익힌 후 더하기, 빼기와 같은 산술 연산부터 최댓값 찾기, 최대공약수, 피보나치 수열 등 기초 수학을 푸는 다양한 알고리즘 원리를 알아본다. 또한, 한 단계 더 나아가 정렬과 검색 알고리즘을 익히며 프로그래밍 기초를 이해하고 사고력을 키울 수 있다.",https://image.aladin.co.kr/product/21298/49/cover500/k562636482_1.jpg, 문혜영 지음, 길벗,2019
총류,(맛있는 디자인)포토샵 ＆ 일러스트레이터 CC 2019,"그래픽 디자인에 꼭 필요한 포토샵과 일러스트레이터 기능을 한 번에, 그리고 가볍게 배울 수 있도록 핵심만 골라 담아 부담 없이 학습할 수 있는 그래픽 입문서. 가장 최신 버전인 CC 2019의 신기능까지 더 빠르고 쉽게 배울 수 있다.",https://image.aladin.co.kr/product/17889/85/cover500/k672534737_1.jpg, 빨간고래;윤이사라 지음, 한빛미디어,2019
총류,사물인터넷 디자인의 원칙,"저자 아드리안 맥이웬과 하킴 카시말리는 사물 인터넷 디바이스를 만들 때 부딪히게 될 여러 가지 디자인 결정에 대해 차근차근히 설명하고 있다. 그저 재미로 단 하나뿐인 장치를 만들어보고 싶다거나, 또는 미래에 기술 기반의 기업가가 되기를 꿈꾸는 모든 사람들이게 도움이 될 것이다.",https://image.aladin.co.kr/product/4730/28/cover500/8994774807_1.jpg, 아드리안 맥이웬;하킴 카시말리 지음;문현선 옮김, 비제이퍼블릭,2014
총류,이것이 안드로이드다,저자는 2010년 도우넛부터 안드로이드 프레임워크 분석과 앱 개발을 병행했고 사내 강사로 활약했다. 그간의 저자의 경험을 녹여낸 이 책은 무작정 암기하지 않아도 자연스럽게 고급 정보를 익힐 수 있어 실무에 강한 전문가로 여러분을 이끌어 줄 것이다.,https://image.aladin.co.kr/product/4410/96/cover500/8968481172_1.jpg, 박성근 지음, 한빛미디어,2014
총류,(STEP BY STEP)안드로이드 프로그래밍,"<Step by Step 안드로이드 프로그래밍>의 전면 개정판. KitKat 4.4로 내용을 업그레이드 하면서 구성을 새롭게 하고, 알찬 내용으로 가득 채웠다.",https://image.aladin.co.kr/product/4505/79/cover500/1185578110_1.jpg, 장용식;성낙현 지음, 인피니트북스,2014
총류,(뇌를 자극하는)red hat fedora&quot;리눅스 서버 & 네트워크,"VMware 가상머신의 설치, 리눅스 설치 과정, 리눅스 명령어 기초, 하드디스크 관리, 셸 스크립트 프로그래밍 등 리눅스를 다루는 데 필요한 기초 지식도 충실하게 설명한다.",https://image.aladin.co.kr/product/4551/62/cover500/8968481202_1.jpg, 우재남 지음, 한빛미디어,2014
총류,My first MySQL & PHP programming : 데이터베이스 기초부터 PHP 활용까지,전 세계에서 가장 많이 사용하는 오픈소스 데이터베이스인 MySQL의 기초부터 PHP에서 활용하는 내용까지 친절하게 설명하고 있다. 이 책에서는 자세한 설명과 함께 집요할 정도로（→p.○○）이라고 참고할 페이지를 알려준다.,https://image.aladin.co.kr/product/3960/14/cover500/8965400643_1.jpg, 니시자와유메지 지음;이해란 옮김, 프리렉,2014
총류,MicroC / OS-II 실시간 커널,"임베디드 시스템 프로그래머, 자문가, 리얼타임 운영체제에 관심있는 학생들을 위한 책. 확장적인 리얼타임 커널이며 상용 임베디드 제품에 적용 가능한 Micro C/OS-II 커널을 통해 커널의 동작 원리를 이해하고, 이를 다른 사용 커널에도 적용할 수 있다.",https://image.aladin.co.kr/product/55/76/cover500/8989975603_1.jpg, Jean J. Labrosse 저;성원호 역, 에이콘,2010
총류,(28일 동안 배우는)리눅스 서버 관리,"침입 탐지 시스템을 구축하기 위한 snort, IPSec을 설정/관리하는 방법, postfix, ORBS에 기반한 스팸 차단 기능 등 기존 리눅스 서버 도서에서는 다루지 않았던 현장의 폭넓은 요구 사항을 반영했다.",https://image.aladin.co.kr/product/4560/46/cover500/8968481210_1.jpg, 카사노 히데마츠 지음;김성재 옮김, 한빛미디어,2014
총류,(Do it! 누구나 쉽게 배우는)조코딩의 프로그래밍 입문,드디어 누구나 쉽게 배울 수 있는 조코딩식 코딩 공부법을 담은 책이 나왔다. 조코딩의 초고속 코딩 학습법은 지루한 문법 중심이 아니다. 조코딩은 뚜렷한 목표를 세우고 작은 실습부터 [동물상 테스트]까지 성취감을 주며 진도를 나가므로 더욱 특별하다.,https://image.aladin.co.kr/product/29763/18/cover500/k792838304_1.jpg, 조동근;김형태 지음, 이지스퍼블리싱,2022
총류,(Fusion 360으로 디자인하는)나만의 굿즈 with 3D 프린팅,"누구나 쉽고 빠르게 퓨전360의 기초를 배울 수 있도록, 꼭 필요한 기능 위주로 커리큘럼을 구성하였다. 2D 스케치, 3D 모델링 등 퓨전360의 다양한 기능 사용 방법을 배우고, 일상에서 유용하게 활용할 수 있는 굿즈를 모델링한 후 3D 프린터로 출력하는 과정까지 다룬다.",https://image.aladin.co.kr/product/29735/10/cover500/k092838699_1.jpg, 노상균;전다은 지음, 제이펍,2022
총류,개발자를 위한 머신러닝&딥러닝,"수학이 어려운 개발자에게 바치는 코드 실습형 머신러닝 가이드북. 수만 명이 선택한 온라인 강좌 기반으로 내용을 구성했고, 복잡하거나 어려운 수식은 다루지 않으며 다양한 예제 코드를 실습하면서 주요 개념을 배워본다.",https://image.aladin.co.kr/product/29989/91/cover500/k072838056_1.jpg, 로런스 모로니 지음;박해선 옮김, 한빛미디어,2022
총류,단단한 파이썬,파이썬은 접근하기 쉽고 사용하기도 쉬운 장점이 있지만 자칫 하면 코드의 양이 방대해지기도 쉽다. 그리고 그에 따른 문제가 발생할 가능성이 높은데 이 책에서는 이를 방지하고 해결할 수 있는 방법을 알려준다.,https://image.aladin.co.kr/product/29922/87/cover500/k602838533_1.jpg, 패트릭 비아포어 지음;김성준 옮김, 에이콘출판,2022
총류,최재천의 공부,"동물과 인간을 깊이 관찰해온 최재천 교수가 10여 년 전부터 꼭 쓰고 싶었던 책으로, 지금 이 시대에 꼭 필요한 공부에 관한 생각을 총망라한다.",https://image.aladin.co.kr/product/29445/40/cover500/8934943459_1.jpg, 최재천;안희경 지음, 김영사,2022
총류,(파이썬 프로그래밍)코딩영어,저자가 개발한 자기주도 학습법을 다루고 있다. 급변하는 디지털 시대에 발맞춰 우리가 해야 할 것은 무엇일까? 우리가 온라인 교육의 이점을 누리기 위해 준비해야 할 것은 무엇일까? 저자는 바로 영어와 파이썬 공부라고 이야기하고 있다.,https://image.aladin.co.kr/product/29265/59/cover500/k072837801_1.jpg, 김용찬 지음, 원펀치,2022
총류,핸즈온 데이터 시각화,간단한 시각화 도구부터 사용자 반응형 고급 도구까지. 실무에 바로 적용 가능한 데이터 시각화 방법을 모두 모은 책이다.,https://image.aladin.co.kr/product/29679/88/cover500/k572838282_1.jpg, 잭 도허티;일리야 일라얀코우 지음;김태헌 옮김, 한빛미디어,2022
총류,동물들의 위대한 법정,"지구생활자들에 대한 인간의 무관심, 생물 다양성 상실이 가져올 미래를 보여 줌으로써 공생을 위한 새로운 동맹의 모습을 고민하게 하는 책. 《어린 왕자》가 남긴 ‘길들인다’는 말의 의미를 과학의 언어로 전하는 강렬한 우화다.",https://image.aladin.co.kr/product/30147/55/cover500/k842839381_1.jpg, 장 뤽 포르케 글;야체크 워즈니악 그림;장한라 옮김, 서해문집,2022
총류,(이기적)정보처리기능사,"2022년 출제기준 및 출제유형에 맞는 이론과 문제들로 꼭꼭 채워진 도서로 시험에 대비하실 수 있다. 핵심이론으로 내용을 공부한 뒤, 도서 내에 있는 '합격을 다지는 예상문제'로 실제 시험이 어떻게 출제되는지 감을 잡아보자.",https://image.aladin.co.kr/product/28858/57/cover500/8931464576_1.jpg, 임승현 지음, 영진닷컴,2022
총류,(이기적)정보처리기능사,"2022년 출제기준 및 출제유형에 맞는 이론과 문제들로 꼭꼭 채워진 도서로 시험에 대비하실 수 있다. 핵심이론으로 내용을 공부한 뒤, 도서 내에 있는 '합격을 다지는 예상문제'로 실제 시험이 어떻게 출제되는지 감을 잡아보자.",https://image.aladin.co.kr/product/28858/57/cover500/8931464576_1.jpg, 임승현 지음, 영진닷컴,2022
총류,스프링 부트와 AWS로 혼자 구현하는 웹 서비스,"스프링 부트와 AWS로 웹 서비스를 구현한다. JPA와 JUnit 테스트, 그레이들, 머스테치, 스프링 시큐리티를 활용한 소셜 로그인 등으로 애플리케이션을 개발하고, 뒤이어 AWS 인프라의 기본 사용법과 AWS EC2와 RDS를 사용해 서비스가 가능하도록 한다.",https://image.aladin.co.kr/product/21856/89/cover500/8965402603_2.jpg, 이동욱 지음, 프리렉,2019
총류,"문과생, 데이터 사이언티스트 되다","데이터 분석에 뛰어든 마케터, 기획자, 공대생 등 다양한 배경을 가진 사람들이 차별화된 역량을 키워갈 수 있도록 안내한다. 실제 프로젝트에서 어떤 역량이 쓰이는지도 직접 확인해볼 수 있다. ‘인사이트를 사람에게 전달하는 경우’와 ‘IT서비스에 반영하는 경우’ 2가지 유형으로 분류해 실무에 필요한 역량을 비교해준다.",https://image.aladin.co.kr/product/24138/47/cover500/k242639741_2.jpg, 차현나 지음;차현나 본문 일러스트, 더퀘스트,2020
총류,디버깅을 통해 배우는 리눅스 커널의 구조와 원리. 2,최신 버전의 리눅스 커널 소스를 함수 흐름을 따라가며 자세히 분석하고 ftrace와 TRACE32 같은 디버깅 툴을 활용해 커널의 동작 원리를 설명한다. 또한 라즈베리 파이에서 리눅스 커널의 소스코드를 직접 수정해 설치한 다음 커널을 디버깅하는 방법을 다룬다.,https://image.aladin.co.kr/product/23841/65/cover500/k792639386_1.jpg, 김동현 지음, 위키북스,2020
총류,당신이 지금 알아야 할 빅4 클라우드 머신러닝,"머신러닝 기초 이론을 클라우드 머신러닝 환경에서 다루는 도서로, 아마존, MS, 구글, IB에서 제공하는 네 가지 주요 클라우드 AIaaS의 특징을 설명하고 실습을 통해 비교할 수 있다.",https://image.aladin.co.kr/product/23599/83/cover500/k742638426_1.jpg, 이영호 지음, 비제이퍼블릭,2020
총류,딥러닝을 위한 수학,"미분과 벡터, 행렬과 확률과 같은 딥러닝에 필요한 수학을 고등학교 1학년 수준부터 복습해 나가면서 설명하고 있다. 최단 코스로 익힐 수 있도록 꼭 필요한 수학 개념만 간추려서 설명하고 그것들의 관계를 그림으로 표현했다.",https://image.aladin.co.kr/product/23598/45/cover500/k952638425_2.jpg, 아카이시 마사노리 지음;신상재 옮김, 위키북스,2020
총류,자바스크립트로 서버와 클라이언트 구축하기,"자바스크립트에서 vue.js 라이브러리와 node.js를 이용하여 서버와 프론트 영역을 개발할 수 있는 책으로, 프로그래밍을 경험하지 못한 사람들도 쉽게 볼 수 있도록 최소한의 문법을 설명한다. 총 네 단계로, 클라이언트 구축을 시작으로 서버를 구축하고, 채팅과 쇼핑몰을 구축하며 혼자 웹 서비스를 뚝딱 만들 수 있다.",https://image.aladin.co.kr/product/14794/18/cover500/8956747849_1.jpg, 박정태 지음, 정보문화사,2018
총류,Nginx HTTP 서버,가장 빠르고 안전한 웹 서버 중 하나로 알려진 엔진엑스는 최근 급격히 보급돼 기존 1위 웹 서버였던 아파치의 자리를 이어 받아 인터넷의 가장 많은 웹 서비스를 지탱하는 웹 서버가 됐다. 특히 클라우드 인프라 환경에서는 더욱 중요한 역할을 담당하고 있다.,https://image.aladin.co.kr/product/23596/94/cover500/k572638423_1.jpg," 끌레망 네델꾸 지음;박성철,구인본 옮김", 에이콘,2020
총류,(Do it!)안드로이드 앱 프로그래밍,"《Do it! 안드로이드 앱 프로그래밍》 전면 개정판. 이번 개정판은 안드로이드 운영체제가 ‘파이’에서 ‘안드로이드 10’으로 바뀌면서 외부 라이브러리가 androidx로 변경된 점에 맞춰 본문의 코드를 모두 수정했고, 독자의 버그 제보까지 검토?반영하여 실습 코드의 안정성도 보완했다.",https://image.aladin.co.kr/product/23149/67/cover500/k292637908_1.jpg, 정재곤 지음, 이지스퍼블리싱,2020
총류,(Do it!)안드로이드 앱 프로그래밍,"《Do it! 안드로이드 앱 프로그래밍》 전면 개정판. 이번 개정판은 안드로이드 운영체제가 ‘파이’에서 ‘안드로이드 10’으로 바뀌면서 외부 라이브러리가 androidx로 변경된 점에 맞춰 본문의 코드를 모두 수정했고, 독자의 버그 제보까지 검토?반영하여 실습 코드의 안정성도 보완했다.",https://image.aladin.co.kr/product/23149/67/cover500/k292637908_1.jpg, 정재곤 지음, 이지스퍼블리싱,2020
총류,(Do it!)안드로이드 앱 프로그래밍,"《Do it! 안드로이드 앱 프로그래밍》 전면 개정판. 이번 개정판은 안드로이드 운영체제가 ‘파이’에서 ‘안드로이드 10’으로 바뀌면서 외부 라이브러리가 androidx로 변경된 점에 맞춰 본문의 코드를 모두 수정했고, 독자의 버그 제보까지 검토?반영하여 실습 코드의 안정성도 보완했다.",https://image.aladin.co.kr/product/23149/67/cover500/k292637908_1.jpg, 정재곤 지음, 이지스퍼블리싱,2020
총류,이것이 안드로이드다 with 코틀린,"안드로이드 스튜디오 사용법과 코틀린의 기본 문법부터 오픈 API를 활용해 안드로이드 앱을 만들고, 구글 플레이 스토어에 출시하는 과정까지 안드로이드 앱 개발에 필요한 모든 과정을 설명한다.",https://image.aladin.co.kr/product/23798/39/cover500/k752639083_3.jpg, 고돈호 지음, 한빛미디어,2020
총류,(WinAVR 컴파일러를 사용한)AVR ATmega128 마이크로컨트롤러 활용,"입문부터 장비제어까지 상세하게 살펴보는 책. 마이크로컨트롤러를 배우는 동시에 C-언어의 프로그래밍 능력을 향상 시킬 수 있게 한 교재. 마이크로컨트롤러의 기본사항을 살펴보고, C-언어를 사용한 마이크로컨트롤러 활용 기초를 살펴본다.",https://image.aladin.co.kr/product/18591/78/cover500/k562635068_1.jpg, 이인석 지음, 홍릉과학출판사,2019
총류,(WinAVR 컴파일러를 사용한)AVR ATmega128 마이크로컨트롤러 활용,"입문부터 장비제어까지 상세하게 살펴보는 책. 마이크로컨트롤러를 배우는 동시에 C-언어의 프로그래밍 능력을 향상 시킬 수 있게 한 교재. 마이크로컨트롤러의 기본사항을 살펴보고, C-언어를 사용한 마이크로컨트롤러 활용 기초를 살펴본다.",https://image.aladin.co.kr/product/18591/78/cover500/k562635068_1.jpg, 이인석 지음, 홍릉과학출판사,2019
총류,인공지능과 테크놀로지,"진화하는 인공지능(AI)과 테크놀로지는 특이점(싱귤래리티)으로 시시각각 다가오고 있다. 빅데이터, IoT, 딥러닝을 시작으로 주목되고 가상통화, 블록체인, MR(혼합현실) 등 모르는 것이 끝나지 않는 최첨단의 혁신과 우리의 가까운 미래가 ‘변화되는 생활’에 대해 중요한 주제를 중심으로 다루었다.",https://image.aladin.co.kr/product/24129/70/cover500/893158881x_1.jpg, BM성안당 [편];황명희 옮김, BM성안당,2020
총류,(Do it)첫 코딩,"초등 고학년부터 대학생, 어르신까지 남녀노소 누구나 ‘코딩할 줄 아는 사람’이 되도록 도와주는 책이다. 디지털 시대에 알아야 할 프로그래밍의 52가지 핵심 개념을 99가지 비유와 그림으로 풀어내 국내 최초 ‘문과식’ 입문서라고도 불린다.",https://image.aladin.co.kr/product/21684/16/cover500/k452636800_1.jpg, 정동균 지음, 이지스퍼블리싱,2019
총류,(Do it!)깃＆깃허브 입문,일반 사람들에게 쉽게 프로그래밍을 알려 주는 '생활코딩'의 깃&깃허브 관련 강의에서 52개를 엄선해 체계적으로 재구성한 책이다. 깃&깃허브를 처음 사용하는 사람이 볼 때 막힘이 없도록 자주 쓰지 않는 기능이나 복잡한 동작 원리 등은 빼고 유용한 기능은 모두 담았다.,https://image.aladin.co.kr/product/22060/96/cover500/k722636915_1.jpg," 이고잉,고경희 [공]지음", 이지스퍼블리싱,2019
총류,내 일을 바꾸는 업무 자동화,"매일 반복하는 업무부터 매주, 매달 잊지 않고 수행해야 하는 업무까지도 간단한 프로그래밍으로 자동화할 수 있도록 구성되어 있다. 파이썬 설치부터 현실적인 실제 업무 적용 사례까지, 파이썬을 통한 업무 자동화의 A to Z를 소개하므로 누구나 쉽게 따라 할 수 있다.",https://image.aladin.co.kr/product/24208/62/cover500/8965402743_1.jpg, 이태화 지음, 프리렉,2020
총류,파이썬 증권 데이터 분석,"웹 스크레이핑으로 증권 데이터를 주기적으로 자동 수집, 분석, 자동 매매, 예측하는 전 과정을 파이썬으로 직접 구현한다. 그 과정에서 금융 데이터 처리 기본 라이브러리(팬더스)부터 주가 예측에 딥러닝 라이브러리(텐서플로)까지, 증권 데이터 분석에 필요한 핵심 라이브러리를 빠짐없이 다룬다.",https://image.aladin.co.kr/product/24291/49/cover500/k272630783_1.jpg, 김황후 지음, 한빛미디어,2020
총류,사물인터넷을 위한 인공지능,"분산된 데이터 소스로부터 사물인터넷 데이터를 수집해 전처리하는 과정을 다룬다. 이 책을 통해 머신러닝, 딥러닝, 강화학습, 자연어 처리 같은 다양한 인공지능 기술을 학습해 스마트 IoT 시스템을 구축할 수 있다.",https://image.aladin.co.kr/product/24112/78/cover500/k562639639_1.jpg, 아미타 카푸어 지음;박진수 옮김, 위키북스,2020
총류,(따라하며 배우는)웹 프로그래밍,"웹 프로그래밍은 코딩의 입문으로서 처음 프로그램을 시작하는 사람들과 전문 프로그래머의 길을 희망하는 사람들이 거쳐야 하는 필수과정이다. 이 책은 프로그래밍 언어의 의미와 코딩을 위한 도구들을 학습하며, HTML, 스타일러시트(CSS), 자바스크립트의 기본 사용법을 익혀본다.",https://image.aladin.co.kr/product/23333/97/cover500/8989383811_1.jpg, 고민정 지음, 배움터,2020
총류,혼자 공부하는 자바,"독학으로 자바를 배우는 입문자가 ‘꼭 필요한 내용을 제대로’ 학습할 수 있도록 구성했다. ‘무엇을’ ‘어떻게’ 학습해야 할지 조차 모르는 입문자의 막연한 마음을 살펴, 과외 선생님이 알려주듯 친절하게, 그러나 핵심적인 내용만 콕콕 집어준다.",https://image.aladin.co.kr/product/19393/14/cover500/k422635210_1.jpg, 신용권 지음, 한빛미디어,2019
총류,(사물인터넷을 위한)리눅스 프로그래밍 with 라즈베리 파이,"라즈베리 파이 같은 오픈 소스 하드웨어와 소프트웨어를 융합한 IoT 제품을 개발할 수 있도록 GPIO를 이용한 기본적인 하드웨어 개발에서부터 리눅스 프로그래밍, 멀티미디어 프로그래밍, 3D 프로그래밍, 인공지능(딥러닝) 등 다양한 내용을 담고 있다.",https://image.aladin.co.kr/product/23398/72/cover500/k162637217_1.jpg, 서영진 지음, 제이펍,2020
총류,인공지능 100점을 위한 파이썬 수학,고등학교 수준의 수학적 지식을 파이썬과 함께 다루며 인공지능을 향한 첫 걸음을 내딜수 있게 돕는다. 인공지능 학습은 지도학습으로 시작된다. MNIST 손글씨 데이터를 이용해 컴퓨터가 학습한 후 제대로 된 대답을 할 수 있게 천천히 진행한다.,https://image.aladin.co.kr/product/23834/82/cover500/k482639389_1.jpg, 임성국 지음, 비제이퍼블릭,2020
총류,(이기적)정보처리기능사 필기 기출문제집,정보처리기능사 필기 시험을 준비하는 수험생이 이론을 충분히 숙지한 후 시험 전 마지막으로 실력을 점검할 수 있도록 최신 기출문제 20회분과 핵심이론(PDF 제공)을 알차게 엮은 기출문제집이다. 최근에 시행됐던 문제부터 과년도 문제까지 출제 경향을 한눈에 살펴볼 수 있다.,https://image.aladin.co.kr/product/24489/86/cover500/8931462891_1.jpg, 영진정보연구소 저, 영진닷컴,2020
총류,(이기적)정보처리기능사 실기 기본서,"변경된 출제기준 및 출제유형에 맞는 이론과 문제들로 꼭꼭 채워진 도서로 시험에 대비할 수 있다. 핵심이론으로 내용을 공부한 뒤, 도서 내에 있는 '이론을 확인하는 예상문제'와 '합격을 다지는 예상문제'로 실제 시험이 어떻게 출제되는지 감을 잡아보자.",https://image.aladin.co.kr/product/24193/74/cover500/8931460724_1.jpg," 강희영,영진정보연구소 공저", 영진닷컴,2020
총류,(이기적)정보처리기능사 실기 기본서,"변경된 출제기준 및 출제유형에 맞는 이론과 문제들로 꼭꼭 채워진 도서로 시험에 대비할 수 있다. 핵심이론으로 내용을 공부한 뒤, 도서 내에 있는 '이론을 확인하는 예상문제'와 '합격을 다지는 예상문제'로 실제 시험이 어떻게 출제되는지 감을 잡아보자.",https://image.aladin.co.kr/product/24193/74/cover500/8931460724_1.jpg," 강희영,영진정보연구소 공저", 영진닷컴,2020
총류,(이기적)정보처리기능사 실기 기본서,"변경된 출제기준 및 출제유형에 맞는 이론과 문제들로 꼭꼭 채워진 도서로 시험에 대비할 수 있다. 핵심이론으로 내용을 공부한 뒤, 도서 내에 있는 '이론을 확인하는 예상문제'와 '합격을 다지는 예상문제'로 실제 시험이 어떻게 출제되는지 감을 잡아보자.",https://image.aladin.co.kr/product/24193/74/cover500/8931460724_1.jpg," 강희영,영진정보연구소 공저", 영진닷컴,2020
총류,(이기적)정보처리기능사 실기 기본서,"변경된 출제기준 및 출제유형에 맞는 이론과 문제들로 꼭꼭 채워진 도서로 시험에 대비할 수 있다. 핵심이론으로 내용을 공부한 뒤, 도서 내에 있는 '이론을 확인하는 예상문제'와 '합격을 다지는 예상문제'로 실제 시험이 어떻게 출제되는지 감을 잡아보자.",https://image.aladin.co.kr/product/24193/74/cover500/8931460724_1.jpg," 강희영,영진정보연구소 공저", 영진닷컴,2020
총류,(쉽게 배우는)AVR ATmega128 마이크로컨트롤러,"Atmel社에서 개발한 AVR계열 마이크로컨트롤러인 ATmega128의 효과적인 학습을 위해 제작된 책이다. 마이크로컨트롤러에 처음 입문하는 학생들의 눈높이를 고려하여 실험 예제를 단순화하였고, 학생들의 이해력을 높이기 위해 단계별로 예제를 구성하였다.",https://image.aladin.co.kr/product/23313/29/cover500/8970509992_1.jpg," 김진환,장성용,김동식 [공]지음", 생능출판,2020
총류,(쉽게 배우는)AVR ATmega128 마이크로컨트롤러,"Atmel社에서 개발한 AVR계열 마이크로컨트롤러인 ATmega128의 효과적인 학습을 위해 제작된 책이다. 마이크로컨트롤러에 처음 입문하는 학생들의 눈높이를 고려하여 실험 예제를 단순화하였고, 학생들의 이해력을 높이기 위해 단계별로 예제를 구성하였다.",https://image.aladin.co.kr/product/23313/29/cover500/8970509992_1.jpg," 김진환,장성용,김동식 [공]지음", 생능출판,2020
총류,(쉽게 배우는)AVR ATmega128 마이크로컨트롤러,"Atmel社에서 개발한 AVR계열 마이크로컨트롤러인 ATmega128의 효과적인 학습을 위해 제작된 책이다. 마이크로컨트롤러에 처음 입문하는 학생들의 눈높이를 고려하여 실험 예제를 단순화하였고, 학생들의 이해력을 높이기 위해 단계별로 예제를 구성하였다.",https://image.aladin.co.kr/product/23313/29/cover500/8970509992_1.jpg," 김진환,장성용,김동식 [공]지음", 생능출판,2020
총류,(쉽게 배우는)AVR ATmega128 마이크로컨트롤러,"Atmel社에서 개발한 AVR계열 마이크로컨트롤러인 ATmega128의 효과적인 학습을 위해 제작된 책이다. 마이크로컨트롤러에 처음 입문하는 학생들의 눈높이를 고려하여 실험 예제를 단순화하였고, 학생들의 이해력을 높이기 위해 단계별로 예제를 구성하였다.",https://image.aladin.co.kr/product/23313/29/cover500/8970509992_1.jpg," 김진환,장성용,김동식 [공]지음", 생능출판,2020
총류,위대한 책들과의 만남. Ⅰ,"평론가 데이비드 덴비는 각종 미디어의 발전과 정보의 홍수로 위태로운 현 시대 속에서 자신의 삶이 고갈되고 있다는 위기의식으로, 모교인 컬럼비아대학교를 찾아가 고전작품들을 읽는 교양강좌를 청강한다. 그리고 고전목록에 수록된 텍스트들을 읽으면서 공감하고 불화하는 과정을 적었다.",https://image.aladin.co.kr/product/212/59/cover500/8956371415_1.jpg, 데이비드 덴비 지음;김번;문병훈 옮김, 씨앗을 뿌리는 사람,2008
총류,"다시 태어난다면, 한국에서 살겠습니까","서가명강 시리즈 4권. 창의성이 넘치고 서로 신뢰하는 사회, 체제와 규율이 잘 지켜지는 사회, 도전으로 생동감이 넘치는 사회, 이러한 ‘품격 있는 사회’가 되었을 때, 한국은 비로소 내일을 그릴 수 있다는 메시지다.",https://image.aladin.co.kr/product/19182/97/cover500/8950981165_1.jpg, 이재열 지음, 21세기북스,2019
총류,우리에게는 헌법이 있다,"대한민국 최고의 명품 강의를 책으로 만난다! 현직 서울대 교수진의 강의를 엄선한 ‘서가명강’ 시리즈의 열 번째 책. 역사, 철학, 과학, 의학, 예술 등 각 분야 최고의 서울대 교수진들의 명강의를 책으로 옮긴 서가명강 시리즈는 독자들에게 지식의 확장과 배움의 기쁨을 선사하고 있다.",https://image.aladin.co.kr/product/24050/83/cover500/8950988267_1.jpg, 이효원 지음, 21세기북스,2020
총류,불온한 것들의 미학,"서가명강 시리즈 13권. 서울대학교 미학과 교수이자 분석미학자인 이해완 교수의 첫 대중서다. 이 책은 미학에서 흔히 다뤄지지 않았던 ‘위작’, ‘포르노그래피’, ‘나쁜 농담’, ‘공포 영화’라는 네 가지 키워드를 통해 미와 예술의 핵심 문제들을 조망하는 미학 입문서다.",https://image.aladin.co.kr/product/25453/93/cover500/895099254x_1.jpg, 이해완 지음, 21세기북스,2020
총류,"사는 게 고통일 때, 쇼펜하우어",서가명강 시리즈 18권. 세상일이 뜻대로 되지 않아 지친 현대인들에게 위로가 되어줄 쇼펜하우어의 소중한 통찰을 담고 있다.,https://image.aladin.co.kr/product/27262/39/cover500/8950995484_1.jpg, 박찬국 지음, 21세기북스,2021
총류,AI는 차별을 인간에게서 배운다,"서가명강 22권. 한국인공지능법학회장과 서울대 인공지능정책 이니셔티브 공동디렉터를 맡고 있는 서울대학교 법학전문대학원 고학수 교수가 쓴 책으로, 새로운 기술이 우리 사회에 미치는 영향은 무엇인지, 제도와 정책은 어떻게 대응하고 변화해야 하는지에 대한 고민을 담고 있다.",https://image.aladin.co.kr/product/28765/37/cover500/8950999013_1.jpg, 고학수 지음, 21세기북스,2022
총류,기업은 누구의 것인가,"서가명강 시리즈 23권. 전 세계 주식시장을 대상으로 주식가격 결정 등 투자론을 연구하는 서울대학교 경영대학 이관휘 교수가 쓴 책으로, 주식시장의 핵심이자 기본인 ‘기업지배구조’에 대해 날카롭고 명쾌하게 분석하고 있다.",https://image.aladin.co.kr/product/29327/0/cover500/8950900564_1.jpg, 이관휘 지음, 21세기북스,2022
총류,지속 불가능 대한민국,경제 성장의 기적을 만들어낸 것이 무엇이었는지 가감 없이 밝히며 그동안 알지 못했던 우리 사회의 민낯을 마주하게 한다. 오랫동안 경제 정책 분야의 최전선에서 누구보다 치열하게 혁신을 외쳐온 경제학자 박상인 서울대학교 행정대학원 교수는 과감하고 전면적인 혁신 없이는 더 이상의 경제 성장은 없을 것이라고 단언한다.,https://image.aladin.co.kr/product/30352/28/cover500/8950942399_1.jpg, 박상인 지음, 21세기북스,2022
총류,"SF, 시대정신이 되다","서울대 영어영문학과 이동신 교수가 SF의 계보를 살피며 SF의 매력과 가능성, 그리고 SF를 통해서 우리가 무엇을 얻을 수 있는지를 짚어낸 책이다. SF의 가장 대표적인 소재인 ‘시간’과 ‘공간’을 문학이 어떻게 다루어왔고 또 어떻게 확장하여 뻗어가고 있는지 뜯어본다.",https://image.aladin.co.kr/product/30555/84/cover500/8950942747_1.jpg, 이동신 지음, 북이십일 21세기북스,2022
총류,(하루 만에 배우는)안드로이드 앱 만들기,안드로이드 스튜디오를 이용하여 어려운 자바 프로그래밍 언어를 몰라도 누구나 쉽게 따라 하기만 하면 간단한 기능의 앱을 만들 수 있게 도와주는 앱 제작 입문 가이드다.,https://image.aladin.co.kr/product/9467/53/cover500/8931454872_1.jpg, 서창준 지음, 영진닷컴,2016
총류,스피치 세계사,"말로써 대중의 마음을 움직이고 역사를 이끈 사람들이 있다. 이들은 세계 대전, 냉전, 테러의 시대를 지나오면서 스피치를 통해 다양한 의제에 힘을 발휘하려 했다. 현대 세계를 만든 50편의 연설문을 골라 뽑은 책으로, 연설자와 연설 상황에 대한 정보를 보태어 세계사적 맥락에서 연설을 볼 수 있도록 했다.",https://image.aladin.co.kr/product/11380/18/cover500/k662531431_1.jpg, 앤드루 버넷 지음;정미나 옮김, 휴머니스트,2017
총류,(코딩을 위한)컴퓨팅 사고력,천천히 읽는책 16권. 4차 산업혁명 시대를 살아갈 우리 아이들에게 ‘코딩보다 먼저 컴퓨팅 사고력을 길러주는 교육’이 필요하다는 생각에서 아이들 눈높이에서 컴퓨팅 사고력이 무엇인지 설명하는 책이다.,https://image.aladin.co.kr/product/11205/92/cover500/k822531386_2.jpg," 채성수,오동환 지음", 현북스,2017
총류,"(ACM ICPC, IOI／KOI)알고리즘 트레이닝","국내외 프로그래밍 경진대회나 각종 알고리즘 테스트를 대비해 문제 해결 능력과 효과적인 코드 구현 방법을 훈련할 수 있도록 구성된 책이다. 효율적으로 문제를 해결하는 팁 등을 제시하고, 당장 대회에서 사용할 수 있는 실용적인 테크닉과 접근 방법들을 제시하고 있다.",https://image.aladin.co.kr/product/11084/79/cover500/896626400x_1.jpg, 스티븐 할림;펠릭스 할림 지음;김진현 옮김, 인사이트,2017
총류,실용주의 프로그래머,"'실용적인 프로그래머'들의 경험에서 우러나오는 정제된 통찰과 지혜를 통해, 더 나은 프로그래머가 되도록 돕는 탈무드다. '어떻게' 보다는 '왜'를 생각하게 한고, 어떤 언어를 쓰고, 어떤 분야를 다루든지 상관없이 읽을 수 있다.",https://image.aladin.co.kr/product/3878/67/cover500/8966261035_1.jpg, 앤드류 헌트;데이비드 토머스 지음;김창준;정지호 옮김, 인사이트,2014
총류,사물인터넷을 위한 ESP8266 프로그래밍,와이파이 통신 기능을 포함한 마이크로컨트롤러를 친숙한 아두이노 환경에서 프로그래밍 하는 법을 알려준다. ESP8266을 일반적인 마이크로컨트롤러로 사용하는 방법과 ‘와이파이’ 기능을 사용하는 방법을 제공한다.,https://image.aladin.co.kr/product/12265/15/cover500/k422531856_1.jpg, 허경용 지음, 제이펍,2017
총류,C언어의 정석,"C언어의 꽃인 포인터는 저자가 오랜 연구끝에 체계적이면서도 명쾌한 설명방식을 새로 만들었으며, 이 책을 다른 책과 구별짓는 가장 큰 장점이다.",https://image.aladin.co.kr/product/8999/7/cover500/8995379472_1.jpg, 남궁성 지음, 도우출판,2016
총류,이렇게 하면 나도 프로그램을 잘 만들 수 있다. [1],"누구나 세상을 바꿀 수 있는 프로그램을 만들 수 있도록 체계적이고 효율적인 학습 방법을 제시하는 책.문제 해결 관점에서 프로그래밍을 하는 방법을 소개하고, 몇 가지의 예제를 통해 문제를 해결하는 방식을 제시하고, 제시된 문제 해결 방식을 참고하여 많은 문제들을 스스로 해결하면서 개인마다 창의적인 문제 해결 방법을 확립하도록 한다.",https://image.aladin.co.kr/product/1554/93/cover500/8997399039_1.jpg, 김석현 지음, 삼양애드,2012
총류,(ED-4513 마이크로프로세서 콤보Ⅱ를 이용한)AVR ATmega128 프로그래밍,㈜ED사의 ED-4513 마이크로프로세서 콤보 II 트레이닝 키트를 기반으로 하고 있다. ED-4513 마이크로프로세서 콤보 II는 다양한 마이크로프로세서를 학습하기 위하여 만들어진 마이크로프로세서 및 응용장치 복합 실습 트레이닝 키트이다.,https://image.aladin.co.kr/product/6580/53/cover500/k212433956_1.jpg," 김세찬,이한석 공저", 복두출판사,2015
총류,(블루투스 와이파이 통신을 이용한)앱인벤터+아두이노 스마트폰 앱 프로젝트,"아이와 청소년이 코딩을 통해 작품을 만들 때 가장 많이 사용하는 마이크로컴퓨터 ‘아두이노’, 그리고 스마트폰 앱을 만들 수 있는 프로그램 ‘앱인벤터’를 결합하여, 스마트폰 세대의 아이들로 하여금 스스로 아두이노로 작품을 만들고 앱을 만들어 작품을 제어할 수 있는 다양한 정보들을 제공한다.",https://image.aladin.co.kr/product/12963/21/cover500/8960882208_2.jpg, 우지윤 저, 디지털북스,2018
총류,(사물인터넷을 위한)라즈베리파이 3 활용,"비전공자라도 오픈소스 플랫폼에 관심이나 프로그래밍에 대한 조금의 지식만 있으면 쉽게 시작할 수 있도록 한 책이다. 라즈베리파이를 제어하기 위해 기초적이고 꼭 필요한 사용법을 시작으로 파이썬 프로그래밍 언어, 리눅스에 대한 개념, 장치 제어 및 웹 서버 구현을 설명하고 있다.",https://image.aladin.co.kr/product/10709/97/cover500/s8970938427_1.jpg, 정원석 지음, 光文閣,2017
총류,(사물인터넷을 위한)라즈베리파이 3 활용,"비전공자라도 오픈소스 플랫폼에 관심이나 프로그래밍에 대한 조금의 지식만 있으면 쉽게 시작할 수 있도록 한 책이다. 라즈베리파이를 제어하기 위해 기초적이고 꼭 필요한 사용법을 시작으로 파이썬 프로그래밍 언어, 리눅스에 대한 개념, 장치 제어 및 웹 서버 구현을 설명하고 있다.",https://image.aladin.co.kr/product/10709/97/cover500/s8970938427_1.jpg, 정원석 지음, 光文閣,2017
총류,메이커를 위한 라즈베이 파이,"라즈베리 파이를 이용해 자신만의 프로젝트를 만들어 보려는 메이커를 위한 실용서로, 라즈베리 파이와 주변 장치들이 어떻게 신호를 주고 받고 작동하는지에 대한 물리 법칙부터 동작 원리, 파이썬 언어를 기반으로 한 프로그램을 만드는 방법까지 배울 수 있다.",https://image.aladin.co.kr/product/11347/50/cover500/8966264018_1.jpg, 이승현 지음, 인사이트,2017
총류,발언 2. 2: 2008. 5. ~ 2012. 8,"저자 김종철이 <경향신문>, <한겨레> 등에 발표한 글들을 엮었다. 우리사회와 인류사회가 공통으로 빠진 나락의 정체를 말하고, 세계 곳곳에서 일어나고 있는 근본적 변화의 움직임을 소개해온 저자의 핵심 메시지를 포착할 수 있다.",https://image.aladin.co.kr/product/5686/87/cover500/899027480x_1.jpg, 김종철 지음, 녹색평론사,2016
총류,발언 3. 3: 2008. 5. ~ 2012. 8,"저자 김종철이 <경향신문>, <한겨레> 등에 발표한 글들을 엮었다. 우리사회와 인류사회가 공통으로 빠진 나락의 정체를 말하고, 세계 곳곳에서 일어나고 있는 근본적 변화의 움직임을 소개해온 저자의 핵심 메시지를 포착할 수 있다.",https://image.aladin.co.kr/product/5686/87/cover500/899027480x_1.jpg, 김종철 지음, 녹색평론사,2016
총류,(기초 이론부터 응용 사례까지 모두 배우는)사물 인터넷을 위한 자바,"위키북스 임베디드 & 모바일 시리즈 31권. 이 책은 기존의 라즈베리 파이 활용서와 달리 사물인터넷이라는 관점에서 전자부품과 자바로 사물을 만드는 방법과 인터넷 프로토콜을 통해 사물과 사람, 사물과 사물간에 상호 연동하는 방법을 중점적으로 설명한다.",https://image.aladin.co.kr/product/7761/19/cover500/k392434120_1.jpg, 양성일 지음, 위키북스,2016
총류,이것이 MySQL이다,실무 환경에서 이뤄지는 MySQL을 그대로 체험할 수 있는 실습 중심의 MySQL 입문서. 이 책은 MySQL의 고급 기술을 다루는 기술서가 아니다. 실무 환경에서 이뤄지는 MySQL의 실제 사용 사례를 실습을 통해 학습자가 체험하면서 배울 수 있게 한다.,https://image.aladin.co.kr/product/8467/66/cover500/8968482799_1.jpg, 우재남 지음, 한빛미디어,2016
총류,(그림으로 쉽게 설명하는)안드로이드 프로그래밍,개정판에서는 안드로이드 버전인 8.0 기반에서 모든 예제를 다시 작성하고 테스트하였다. 최신 버전에 맞지 않는 코드는 삭제하였고 최신 예제들을 보강하였다. 독자들이 조금 큰 규모의 앱을 개발할 때 사용할 수 있는 Lab을 제공한다.,https://image.aladin.co.kr/product/13723/56/cover500/8970509453_1.jpg, 천인국 지음, 생능출판사,2018
총류,모두의 딥러닝,"초보자와 비전공자를 위한 딥러닝 입문서로 딥러닝을 전혀 모르는 사람이 봐도 쉽게 읽을 수 있게 쉽게 설명한다. 또한, 딥러닝의 원리를 잘 보여주는 예제를 엄선하여 직관적인 몇 줄의 코드로 강력한 딥러닝을 구현해볼 수 있다.",https://image.aladin.co.kr/product/12688/18/cover500/k892532177_1.jpg, 조태호 지음, 길벗,2017
총류,모두의 딥러닝,"초보자와 비전공자를 위한 딥러닝 입문서로 딥러닝을 전혀 모르는 사람이 봐도 쉽게 읽을 수 있게 쉽게 설명한다. 또한, 딥러닝의 원리를 잘 보여주는 예제를 엄선하여 직관적인 몇 줄의 코드로 강력한 딥러닝을 구현해볼 수 있다.",https://image.aladin.co.kr/product/12688/18/cover500/k892532177_1.jpg, 조태호 지음, 길벗,2017
총류,딥러닝 제대로 시작하기,"데이터 과학과 머신 러닝 전문가를 위한 콤팩트한 입문서. 이 책은 최근 많은 관심을 받고 있는, 머신 러닝의 접근 방법론 중 하나인 딥 러닝을 권위 있는 저자가 알기 쉽게 해설한 책이다.",https://image.aladin.co.kr/product/9316/91/cover500/k332535614_1.jpg, 오카타니 타카유키 지음;심효섭 옮김, 제이펍,2016
총류,차세대 디지털 도서관의 이해,,https://image.aladin.co.kr/product/9213/21/cover500/8959725323_1.jpg, 노영희 저, 청람,2016
총류,회사는 엑셀을 가르쳐주지 않아요,"1:1 과외, 그룹 스터디, 대형 강의, 기업 출강, 탈잉 온·오프라인 클래스까지?총 10,000명 이상을 가르친 쏘피 튜터의 노하우가 고스란히 담긴 이 책은 엑셀 입문자의?눈높이에 맞춰 회사에서 반드시 필요한 엑셀 사용법을 설명한다.",https://image.aladin.co.kr/product/30154/39/cover500/k212839588_1.jpg, 쏘피 지음, 메가스터디books(메가스터디),2022
총류,서점의 시대,"서점의 역사를 본격적으로 다룬다. 현재 각광받는 서점이나 외국의 유명 서점 이야기를 담은 책은 여럿이지만, 우리 서점의 문화사를 살피면서 그 궤적을 들여다본 책은 흔치 않다. 이 책이 만들어낸 새로운 길이다. 독자들의 이해를 돕기 위해 사진 자료도 가능한 한 충실하게 수록했다.",https://image.aladin.co.kr/product/30396/91/cover500/k222830163_1.jpg, 강성호 지음, 나무연필,2022
총류,장고+부트스트랩 파이썬 웹 개발의 정석,"블로그 웹 사이트를 만드는 실습을 진행하면서 웹 개발 기초부터 블로그 개발, 배포, 운영까지 한 번에 다룬다. 이 과정에서 HTML, CSS, 자바스크립트부터 부트스트랩, 파이썬 웹 프레임워크 장고(Django), 도커(Docker) 등 웹 사이트를 만들고 배포할 때 필요한 대부분의 기술을 배울 수 있다.",https://image.aladin.co.kr/product/25949/15/cover500/k572737808_1.jpg, 이성용;김태곤 지음, 이지스퍼블리싱,2021
총류,(사서 교사를 위한)통합정보활용교육론,"학교도서관 교육의 의미와 특징을 정리하고, 이론적 배경에 정보처리이론을 추가한 개정판이다. 그리고 정보활용능력의 성격과 위상을 좀 더 체계화 하였다. 특히 정보활용과정과 정보처리모형, 다중지능이론을 활용한 교육과정 분석 사례를 추가하였다.",https://image.aladin.co.kr/product/22897/48/cover500/k502636942_1.jpg, 송기호 지음, 태일사,2020
총류,정보활용교육론,"사서교사가 정보활용교육을 전개하는데 필요한 이론과 실무를 균형 있게 다루는 책이다. 제3판에서는 국가수준의 교육과정인 ‘2015 개정교육과정’의 관점에서 정보활용교육체제를 수정하였으며, 혁신확산 이론과 플립러닝의 관점에서 바라 본 도서관활용(협력) 수업의 내용을 추가하였다.",https://image.aladin.co.kr/product/23347/82/cover500/k832637012_1.jpg, 이병기 지음, 태일사,2020
총류,난생처음 C 언어 프로그래밍,"C 언어를 비롯하여 프로그래밍을 처음 시작하는 학생에게 최적화된 교재다. C 언어의 핵심 개념을 일상 속 비유와 그림을 통해 시작적으로 설명하며, C 언어의 문법 자체보다 동작 원리에 집중하였다.",https://image.aladin.co.kr/product/28612/97/cover500/k582835950_1.jpg, 김화수 지음, 한빛아카데미,2022
총류,난생처음 C 언어 프로그래밍,"C 언어를 비롯하여 프로그래밍을 처음 시작하는 학생에게 최적화된 교재다. C 언어의 핵심 개념을 일상 속 비유와 그림을 통해 시작적으로 설명하며, C 언어의 문법 자체보다 동작 원리에 집중하였다.",https://image.aladin.co.kr/product/28612/97/cover500/k582835950_1.jpg, 김화수 지음, 한빛아카데미,2022
총류,(Kernighan의)C언어 프로그래밍,,https://image.aladin.co.kr/product/8734/44/cover500/8993712670_1.jpg, Brian W. Kernighan;Dennis M. Ritchie [공]지음;김석환;박용규;최홍순 [공]옮김, Human Science(휴먼싸이언스),2016
총류,이것이 자료구조+알고리즘이다,처음 배우는 사람의 눈높이에 맞춰 리스트부터 백트래킹까지 자주 사용되는 자료구조와 알고리즘 개념을 위트 넘치는 이야기로 쉽게 설명한다. 보기만 해도 헉 소리가 나는 복잡한 수식은 최소화하고 이해에 꼭 필요한 수식만 담았다.,https://image.aladin.co.kr/product/29897/14/cover500/k022838932_1.jpg, 박상현 지음, 한빛미디어,2022
총류,라즈베리파이4로 구현하는 사물인터넷(IoT)과 초거대 인공지능(AI),전자공학과 소프트웨어에 대한 비전공자들도 쉽게 접근할 수 있도록 기초적인 파이썬 언어에 대한 내용과 리눅스 기초 명령어들을 습득하고 라즈베리파이 4 실제 보드에서 파이썬을 이용해서 간단한 센서들의 동작 원리를 바로 실습해 볼 수 있도록 하였다.,https://image.aladin.co.kr/product/31285/64/cover500/8970930914_1.jpg, 김경연 외 지음, 광문각,2023
총류,(그림으로 쉽게 설명하는)안드로이드 프로그래밍,안드로이드는 아주 빠르게 버전이 업데이트된다. 개정판에서는 최신 12.0 버전에서 업데이트된 내용들을 수정하고 반영하였다. 12.0 버전에 맞지 않는 코드는 삭제하거나 수정하였다. 최신 예제들을 보강하였다.,https://image.aladin.co.kr/product/28828/47/cover500/8970505377_1.jpg, 천인국 지음, 생능출판,2022
총류,C로 배우는 자료구조와 알고리즘,"자료구조의 기본인 변수와 자료형, 배열, 리스트, 스택, 큐, 트리, 포인터, 연결 리스트와 알고리즘의 가장 기본인 정렬과 검색 알고리즘을 개념 이해를 돕는 그림과 함께 설명함으로써 코딩을 위한 초석을 단단히 놓도록 개념 이해와 확인에 주력했다.",https://image.aladin.co.kr/product/12533/72/cover500/893155527x_1.jpg, 한인;정승태 [공]저, 성안당,2017
총류,(프로그래밍 대회에서 배우는)알고리즘 문제 해결 전략. 1,"프로그래밍 대회 문제를 풀면서 각종 알고리즘 설계 기법과 자료 구조에 대해 배우고, 나아가 문제 해결 능력까지 키울 수 있도록 구성되어 있다. 각 장에는 독자가 스스로 프로그램을 작성해서 채점받을 수 있는 연습 문제들이 포함되어 있다.",https://image.aladin.co.kr/product/2108/91/cover500/8966260543_1.jpg, 구종만 지음, 인사이트,2012
총류,(프로그래밍 대회에서 배우는)알고리즘 문제 해결 전략. 2,,/img/no_book.805feab5.png, 구종만 지음, 인사이트,2012
총류,(2022 시나공)컴퓨터활용능력 2급 실기,"엑셀의 방대한 기능 중 시험에 꼭 나오는 엑셀 기능 16가지로 압축하고, 쉽게 익힐 수 있도록 따라하기 형식으로 구성하였다. 각 섹션마다 출제된 비율에 따라 A, B, C, D 등급을 지정하여 중요한 내용을 먼저 볼 수 있다.",https://image.aladin.co.kr/product/28053/86/cover500/k812734534_1.jpg, 길벗알앤디 지음, 길벗,2021
총류,(2022 시나공)컴퓨터활용능력 2급 실기,"엑셀의 방대한 기능 중 시험에 꼭 나오는 엑셀 기능 16가지로 압축하고, 쉽게 익힐 수 있도록 따라하기 형식으로 구성하였다. 각 섹션마다 출제된 비율에 따라 A, B, C, D 등급을 지정하여 중요한 내용을 먼저 볼 수 있다.",https://image.aladin.co.kr/product/28053/86/cover500/k812734534_1.jpg, 길벗알앤디 지음, 길벗,2021
총류,(2022 시나공)컴퓨터활용능력 2급 실기,"엑셀의 방대한 기능 중 시험에 꼭 나오는 엑셀 기능 16가지로 압축하고, 쉽게 익힐 수 있도록 따라하기 형식으로 구성하였다. 각 섹션마다 출제된 비율에 따라 A, B, C, D 등급을 지정하여 중요한 내용을 먼저 볼 수 있다.",https://image.aladin.co.kr/product/28053/86/cover500/k812734534_1.jpg, 길벗알앤디 지음, 길벗,2021
총류,(2022 시나공)컴퓨터활용능력 2급 필기,"실제 시험의 출제 경향을 친절하게 짚어주고, 자주 시험에 나온 내용은 확실히 강조하여 혼자서도 충분히 공부할 수 있게 도와준다. 지금까지 출제된 모든 기출문제를 통계적으로 분석하여 시험에 나오는 것만 골라 106개의 섹션, 335개의 필드로 정리하였다.",https://image.aladin.co.kr/product/28139/65/cover500/k442734655_2.jpg, 길벗알앤디 지음, 길벗,2021
총류,(이렇게 기막힌 적중률)워드프로세서 실기 기본서,한글 2020 버전을 적용하여 수험생들이 보고 따라하기만 해도 실력이 쑥쑥! 합격에 한 발짝 다가갈 수 있도록 구성했다.,https://image.aladin.co.kr/product/27608/65/cover500/893146455x_1.jpg," 송재현,영진정보연구소 공저", 영진닷컴,2021
총류,(이렇게 기막힌 적중률)워드프로세서 실기 기본서,한글 2020 버전을 적용하여 수험생들이 보고 따라하기만 해도 실력이 쑥쑥! 합격에 한 발짝 다가갈 수 있도록 구성했다.,https://image.aladin.co.kr/product/27608/65/cover500/893146455x_1.jpg," 송재현,영진정보연구소 공저", 영진닷컴,2021
총류,(이렇게 기막힌 적중률)워드프로세서 실기 기본서,한글 2020 버전을 적용하여 수험생들이 보고 따라하기만 해도 실력이 쑥쑥! 합격에 한 발짝 다가갈 수 있도록 구성했다.,https://image.aladin.co.kr/product/27608/65/cover500/893146455x_1.jpg," 송재현,영진정보연구소 공저", 영진닷컴,2021
총류,(만들면서 배우는) 라즈베리파이 라지그 프로젝트,커널연구회에서 진행하고 있는 만들기 프로젝트를 소개하는 책. 책의 내용은 커널연구회의 라지그 프로젝트를 수행하기 위해서 라즈베리파이를 어떻게 환경설정 하는지 설명하고 있다.,https://image.aladin.co.kr/product/8253/85/cover500/8997750070_1.jpg, 정재준 지음, 커널연구회,2016
총류,라즈베리파이 3을 이용한 사물인터넷 기초부터 실무까지,"파이선은 문법이 매우 간단하다. 배우기 쉬울 뿐 아니라, OOP를 기반으로 하고 있기 때문에 초보자들이 라이브러리로 활용할 수 있는 장점을 가진 언어이다. 이 책은 Language에 익숙하지 않은 독자들을 위하여 4편으로 구성하였다.",https://image.aladin.co.kr/product/9112/54/cover500/8938110540_1.jpg, 김경희;김장욱;김경연 [공]지음, 동일출판사,2016
총류,유니티로 배우는 게임 인공지능,실제 유니티로 게임을 개발하는데 필요한 거의 모든 인공지능 알고리즘들을 나열한 책이다. 게임을 개발하는 개발자라면 한번쯤은 고민해봤을 A* 알고리즘에서부터 게임에 적용할법한 머신 러닝 알고리즘까지 게임 안에서 쓰이는 다양한 인공지능 기술들을 담고 있다.,https://image.aladin.co.kr/product/10423/43/cover500/8960779784_2.jpg, 호르헤 팔라시오스 지음;최동훈 옮김, 에이콘,2017
총류,유니티 게임 레벨 디자인,"acorn+PACKT 시리즈. 이 책은 유니티 엔진 5.0.1에 도입된 새로운 기능을 소개하고, 유니티 5를 이용한 3D 게임의 레벨 구축법을 예제를 통해 따라 하는 튜토리얼 성격의 책이다.",https://image.aladin.co.kr/product/9735/38/cover500/8960779334_1.jpg, 볼로디미르 게라시모프 지음;고은혜 옮김, 에이콘,2016
총류,(명품) HTML5 + CSS3 + Javascript 웹 프로그래밍,"HTML5 태그, CSS3, 자바스크립트를 모두 아우르도록 내용을 구성하고, 특히 자바스크립트 API로 HTML5 웹 응용프로그램을 작성하는 지식을 예제와 실습 중심으로 구성되어 있다.",https://image.aladin.co.kr/product/10113/21/cover500/8970508880_1.jpg, 황기태 지음, 생능출판,2017
총류,디스커버리 Go 언어,"Go는 범용 프로그래밍 언어로, 깔끔하고 간결하게 생산성 높은 프로그래밍이 가능하다. 작성한 코드를 빠르게 컴파일하고 가비지 컬렉션을 지원하며, 정적 자료형 언어이지만 동적 자료형 언어로 프로그램을 작성하는 것 같은 기분을 느끼게 해주는 매력적인 언어다.",https://image.aladin.co.kr/product/7878/61/cover500/8968482683_1.jpg, 염재현 지음, 한빛미디어,2016
총류,(STM32F1 시리즈를 이용한) ARM Cortex-M3 구조와 응용,,https://image.aladin.co.kr/product/9212/40/cover500/k732535012_1.jpg, 차동혁;김재일 [공]지음, 홍릉과학출판사,2016
총류,이것이 자바다,15년 이상 자바 언어를 교육해온 자바 전문강사의 노하우를 아낌 없이 담아낸 자바 입문서. 저자 직강의 인터넷 강의와 Q/A를 위한 커뮤니티(네이커 카페)까지 무료로 제공하여 자바 개발자로 가는 길을 안내한다.,https://image.aladin.co.kr/product/5056/31/cover500/8968481474_2.jpg, 신용권 지음, 한빛미디어,2016
총류,이것이 자바다,15년 이상 자바 언어를 교육해온 자바 전문강사의 노하우를 아낌 없이 담아낸 자바 입문서. 저자 직강의 인터넷 강의와 Q/A를 위한 커뮤니티(네이커 카페)까지 무료로 제공하여 자바 개발자로 가는 길을 안내한다.,https://image.aladin.co.kr/product/5056/31/cover500/8968481474_2.jpg, 신용권 지음, 한빛미디어,2016
총류,사물인터넷을 위한 리눅스 프로그래밍 with 라즈베리파이,라즈베리 파이 같은 오픈 소스 하드웨어와 소프트웨어를 융합한 IoT 제품을 개발할 수 있도록 GPIO를 이용한 기본적인 하드웨어 개발에서부터 리눅스 프로그래밍까지의 모든 내용을 담고 있다.,https://image.aladin.co.kr/product/6533/82/cover500/k412433649_1.jpg, 서영진 지음, Jpub,2015
총류,(熱血講義)파이썬,서블릿과 JSP에 대한 내용을 설명하면서 예제 프로그램들을 작성할 수 있도록 구성했다. 책의 후반에 가서는 앞에서 작성한 예제 프로그램들을 하나의 큰 프로그램으로 결합하여 사용할 수 있다. 서블릿 2.4/JSP 2.0 표준을 지원한다.,https://image.aladin.co.kr/product/60/31/cover500/6000193585_1.jpg, 이강성 저, 프리렉,2005
총류,헬로! 파이썬 프로그래밍,파이썬에 매료된 저자와 그의 아들이 함께 프로그래밍을 배워나가면서 간단한 프로그램부터 그래픽과 사운드가 가미된 게임까지 만드는 과정을 그렸다.,https://image.aladin.co.kr/product/6575/75/cover500/k462433951_1.jpg, 워렌 산데;카터 산데 [공]지음;이대엽옮김, 위키북스,2014
총류,(만들면서 배우는)인터프리터,"인터프리터를 만들면서 컴파일러 이론을 배우고 인터프리터 작성 원리를 학습할 수 있도록 한 책. 문법 표현, 어휘 분석, 수식 분석과 같은 컴파일러 이론과 공통된 부분에서부터 인터프리터 처리에 특화된 부분까지 모두 설명하고 있다.",https://image.aladin.co.kr/product/2028/28/cover500/8979149042_1.jpg, 하야시 하루히코 지음;김성재 옮김, 한빛미디어,2012
총류,음식의 언어,7만 명이 수강한 스탠퍼드대 대표 교양 강의를 책으로 만난다. 언어학 분야의 세계적 석학이자 스탠퍼드 대학의 괴짜 언어학 교수 댄 주래프스키는 음식을 전혀 새로운 방식으로 접근해 우리의 허기를 품격 있게 채워준다.,https://image.aladin.co.kr/product/5518/81/cover500/8997379615_1.jpg, 댄 주래프스키 지음;김병화 옮김, 어크로스,2015
총류,음식의 언어,7만 명이 수강한 스탠퍼드대 대표 교양 강의를 책으로 만난다. 언어학 분야의 세계적 석학이자 스탠퍼드 대학의 괴짜 언어학 교수 댄 주래프스키는 음식을 전혀 새로운 방식으로 접근해 우리의 허기를 품격 있게 채워준다.,https://image.aladin.co.kr/product/5518/81/cover500/8997379615_1.jpg, 댄 주래프스키 지음;김병화 옮김, 어크로스,2015
총류,이것이 안드로이드다 with 코틀린,"최신 버전에 대응해 코틀린 익스텐션 코드를 걷어내고 뷰바인딩 코드로 전면 수정했다. 물론 안드로이드 스튜디오 4.1과 4.2 베타, 그리고 안드로이드 11에 맞게 테스트했으며 MediaStore, Room, 코루틴 등의 설명도 추가했다.",https://image.aladin.co.kr/product/26429/56/cover500/k282738628_1.jpg, 고돈호 지음, 한빛미디어,2021
총류,(Android studio를 활용한)안드로이드 프로그래밍,기본적인 프로그래밍을 접해본 독자라면 안드로이드에 꼭 필요한 Java 기초부터 안드로이드 앱 개발까지 학습 가능하도록 구성되어 있다. 안드로이드 프로그래밍을 하면서 부딪힐 수 있는 다양한 오류나 실수까지 친절하게 안내하여 시행착오 없이 안드로이드를 빠르게 정복할 수 있다.,https://image.aladin.co.kr/product/26027/50/cover500/k812737856_1.jpg," 우재남,박길식 지음", 한빛아카데미,2021
총류,(Android studio를 활용한)안드로이드 프로그래밍,기본적인 프로그래밍을 접해본 독자라면 안드로이드에 꼭 필요한 Java 기초부터 안드로이드 앱 개발까지 학습 가능하도록 구성되어 있다. 안드로이드 프로그래밍을 하면서 부딪힐 수 있는 다양한 오류나 실수까지 친절하게 안내하여 시행착오 없이 안드로이드를 빠르게 정복할 수 있다.,https://image.aladin.co.kr/product/26027/50/cover500/k812737856_1.jpg," 우재남,박길식 지음", 한빛아카데미,2021
총류,처음 시작하는 파이썬,"프로그래밍을 막 시작하는 입문자나, 이미 다른 프로그래밍 언어를 학습한 개발자가 파이썬을 쉽고 빠르게 배울 수 있게 안내한다. 1부에서는 파이썬 기본 개념을 설명하며, 2부에서는 다양한 파이썬 도구와 비즈니스, 과학 등 여러 분야에서 사용하는 오픈 소스 패키지를 소개한다.",https://image.aladin.co.kr/product/24920/97/cover500/k892632578_1.jpg, 빌 루바노빅 지음;최길우 옮김, 한빛미디어,2020
총류,(처음 프로그래밍을 시작하는 입문자의 눈높이에 맞춘)생활코딩! HTML+CSS+자바스크립트,위키북스 러닝스쿨 시리즈 3권. 단순히 HTML/CSS/자바스크립트 기술을 알려주는 데서 그치는 것이 아니라 무엇을 모르는지 모르는 상태에서조차 무언가를 배울 수 있는 학습 방법까지도 습득할 수 있다.,https://image.aladin.co.kr/product/17746/71/cover500/k342534127_1.jpg, 이고잉 지음, 위키북스,2020
총류,(처음 프로그래밍을 시작하는 입문자의 눈높이에 맞춘)생활코딩! HTML+CSS+자바스크립트,위키북스 러닝스쿨 시리즈 3권. 단순히 HTML/CSS/자바스크립트 기술을 알려주는 데서 그치는 것이 아니라 무엇을 모르는지 모르는 상태에서조차 무언가를 배울 수 있는 학습 방법까지도 습득할 수 있다.,https://image.aladin.co.kr/product/17746/71/cover500/k342534127_1.jpg, 이고잉 지음, 위키북스,2020
총류,(처음 프로그래밍을 시작하는 입문자의 눈높이에 맞춘)생활코딩! HTML+CSS+자바스크립트,위키북스 러닝스쿨 시리즈 3권. 단순히 HTML/CSS/자바스크립트 기술을 알려주는 데서 그치는 것이 아니라 무엇을 모르는지 모르는 상태에서조차 무언가를 배울 수 있는 학습 방법까지도 습득할 수 있다.,https://image.aladin.co.kr/product/17746/71/cover500/k342534127_1.jpg, 이고잉 지음, 위키북스,2020
총류,(다양한 예제로 배우는)CSS 설계 실전 가이드,"CSS의 다양한 설계 방법을 소개하면서 제반 사고방식은 물론, 실전 포인트까지 짚어 준다. 이를 기반으로 버튼, 라벨, 카드, 테이블 등 대표적인 웹 모듈을 전반적으로 다루고, 이 구조들을 조합하는 실전적인 코드도 소개한다.",https://image.aladin.co.kr/product/26332/69/cover500/k572738927_1.jpg, 한다 아츠시 지음;김연수 옮김, 제이펍,2021
총류,(처음 프로그래밍을 시작하는 입문자의 눈높이에 맞춘)생활코딩! PHP+MySQL,HTML/CSS/자바스크립트는 배웠지만 실제 서비스에서 사용되는 웹 애플리케이션을 제작하려면 동적 웹 애플리케이션을 만드는 기술을 익혀야 한다. PHP와 MySQL은 전 세계에서 가장 인기 있는 웹 프로그래밍 언어와 데이터베이스다.,https://image.aladin.co.kr/product/17746/61/cover500/k362534127_1.jpg, 이고잉 지음, 위키북스,2019
총류,(처음 프로그래밍을 시작하는 입문자의 눈높이에 맞춘)생활코딩! PHP+MySQL,HTML/CSS/자바스크립트는 배웠지만 실제 서비스에서 사용되는 웹 애플리케이션을 제작하려면 동적 웹 애플리케이션을 만드는 기술을 익혀야 한다. PHP와 MySQL은 전 세계에서 가장 인기 있는 웹 프로그래밍 언어와 데이터베이스다.,https://image.aladin.co.kr/product/17746/61/cover500/k362534127_1.jpg, 이고잉 지음, 위키북스,2019
총류,(한 권으로 읽는)컴퓨터 구조와 프로그래밍,"하드웨어의 토대가 되는 기초 전자회로, 게이트 등을 설명하고, 그 위에서 소프트웨어를 작성하는 방법을 웹과 C 프로그램으로 직접 만들어보며, 개발자라면 반드시 알아야 할 커튼 뒤에 감춰진 컴퓨터 구조와 프로그래밍에 대한 거의 모든 것을 다루는 컴퓨터공학 개론서다.",https://image.aladin.co.kr/product/26844/45/cover500/k942730395_1.jpg, 조너선 스타인하트 지음;오현석 옮김, 책만,2021
총류,게임으로 배우는 파이썬,"간단한 게임을 직접 만들어 보면서 쉽고 재미있게 파이썬을 배워본다. 기초편에서는 파이썬 문법과 PyGame 등 기초 지식에 대해서 설명하고, 게임편에서는 9가지 예제 게임들을 통해 앞에서 배운 문법이 실제로 어떻게 구현되는지 보여준다.",https://image.aladin.co.kr/product/18648/52/cover500/893145998x_1.jpg," 다나카 겐이치로 지음;김은철,유세라 옮김", 영진닷컴,2020
총류,(MySQL로 배우는)데이터베이스 개론과 실습,"데이터베이스를 처음 배우는 학생을 대상으로, 이론과 실습을 함께 공부할 수 있도록 구성했다. 데이터베이스 시스템을 이해하는 데 필요한 이론을 4개의 부로 나누어 설명하고, 마지막에는 배운 내용을 총정리할 수 있는 워크북을 제공한다.",https://image.aladin.co.kr/product/20311/89/cover500/k022635059_1.jpg," 박우창,남송휘,이현룡 지음", 한빛아카데미,2021
총류,지적 대화를 위한 넓고 얕은 지식. 2: 현실너머:철학·과학·예술·종교·신비,"'제로' 편에 이어, 출간 5년 만에 처음으로 개정증보판이 나왔다. 거칠고 부족했던 부분은 부드럽게 매만지고 채워 넣었다. 낡은 이야기는 시대에 맞게 바꿨다. 꼼꼼하게 수선된 개정판을 읽는 순간, 왜 지난 5년간 이 책의 아성이 깨지지 않았는지 확인하게 될 것이다.",https://image.aladin.co.kr/product/22872/85/cover500/k912636841_1.jpg, 채사장 지음, 웨일북,2020
총류,지적 대화를 위한 넓고 얕은 지식. 2: 현실너머:철학·과학·예술·종교·신비,"'제로' 편에 이어, 출간 5년 만에 처음으로 개정증보판이 나왔다. 거칠고 부족했던 부분은 부드럽게 매만지고 채워 넣었다. 낡은 이야기는 시대에 맞게 바꿨다. 꼼꼼하게 수선된 개정판을 읽는 순간, 왜 지난 5년간 이 책의 아성이 깨지지 않았는지 확인하게 될 것이다.",https://image.aladin.co.kr/product/22872/85/cover500/k912636841_1.jpg, 채사장 지음, 웨일북,2020
총류,라즈베리파이4로 구현하는 사물인터넷(IoT)과 인공지능(AI),"아두이노로 할 수 있는 간단한 일들이 무엇이고, 그것들을 아두이노를 이용해서 어떻게 쉽게 구현이 되는지 기초 과정까지만 설명하였다. 리눅스 운영체제를 사용하는 라즈베리파이는 아두이노보다 많은 것을 할 수 있다.",https://image.aladin.co.kr/product/26667/79/cover500/8970934782_1.jpg, 김경연 외 지음, 광문각,2021
총류,(예제중심 쉽게 배우는)ATmega128 마이크로컨트롤러,,https://image.aladin.co.kr/product/20646/46/cover500/k702636063_1.jpg, 정영호 지음, 복두출판사,2019
총류,초보자도 간단히 단숨에 배우는 자바,프로그래밍을 전혀 모르는 비전공자도 자바 프로그래밍에 쉽게 입문할 수 있도록 구성되어 있다. 또한 저자 직강 동영상 강의를 제공하여 프로그래밍을 처음 해보는 사람이라도 누구나 쉽게 자바 프로그래밍에 도전할 수 있다.,https://image.aladin.co.kr/product/24879/76/cover500/k152632276_1.jpg, 이현석 지음, 터닝포인트,2020
총류,(블루투스와 와이파이 통신을 이용한)아두이노와 앱인벤터,"기초부터 음성 인식 대화, 인공지능, 스마트자동차, 스마트홈 등 수준 높은 프로젝트를 아두이노와 앱인벤터로 직접 만들고 제어하는 내용을 한 권에 모두 담았다. 아두이노 앱인벤터 기초부터 설명하고 간단한 예제로 입문한 후 10개 프로젝트 실습을 난이도와 단계별로 접근할 수 있게 구성하였다.",https://image.aladin.co.kr/product/25456/22/cover500/k152633615_1.jpg, 장문철 지음, 앤써북,2020
총류,코딩과 스토리텔링,,https://image.aladin.co.kr/product/26666/31/cover500/8970504389_1.jpg," 백성욱,오범수 지음", 생능출판사,2021
총류,파이썬과 Qt6로 GUI 애플리케이션 만들기,"PyQt6에 대한 방대한 주제를 다룬다. PyQt6의 기본적인 내용부터 데이터 처리, 병렬 프로그래밍, 데이터 시각화까지 폭넓은 내용을 설명하고 있다. 다양한 예제를 통해 GUI 애플리케이션을 개발하는 방법을 쉽게 배울 수 있다.",https://image.aladin.co.kr/product/31356/33/cover500/k442832098_1.jpg, 마틴 피츠패트릭 지음;김동호 옮김, 에이콘출판,2023
총류,혼자 공부하는 C 언어,『혼자 공부하는 C 언어』가 더욱 흥미 있고 알찬 내용으로 돌아왔다. 혼자 공부하더라도 막히는 부분이 없도록 부가 설명용 동영상 ‘QR 코드’를 추가했다. 또한 최신 프로그램에서도 무리 없이 실습을 진행할 수 있도록 비주얼 스튜디오 2022 버전을 반영했다.,https://image.aladin.co.kr/product/31688/89/cover500/k482833588_1.jpg, 서현우 지음, 한빛미디어,2023
총류,Docs for Developers 기술 문서 작성 완벽 가이드,"‘강아지 음성 번역 서비스’를 만드는 개발 팀의 스토리를 따라가며, 개발 문서를 만드는 과정을 단계별로 배우도록 구성되었다. 단계별 예제, 템플릿, 가이드를 통해 이론적인 내용뿐만 아니라 문서를 효과적으로 작성하고 관리하는 방법도 배우게 된다.",https://image.aladin.co.kr/product/31438/52/cover500/k722832318_1.jpg, 자레드 바티 외 지음;하성창 옮김, 한빛미디어,2023
총류,데이터 과학 레벨 업 with 로드맵,"데이터 과학 플랫폼 캐글에서는 다양한 대회에 참가하고 데이터 세트와 노트북, 토론을 주고받으며 ‘실습을 통한 학습’ 경험을 쌓을 수 있다. 캐글 그랜드마스터인 콘라트 바나헤비치와 루카 마사론이 데이터 과학 대회와 프로젝트에서 성공하는 데 필요한 기술과 비법을 하나로 모았다.",https://image.aladin.co.kr/product/31535/33/cover500/k792832443_1.jpg, 콘라트 바나헤비치;루카 마사론 [공]지음;김형민 옮김, 한빛미디어,2023
총류,"(팀 개발을 위한)Git, GitHub 시작하기","<팀 개발을 위한 Git, GitHub 시작하기>가 실무에 적절한 명령어와 용어, 협업에 100% 활용할 수 있는 내용이 추가된 개정판으로 돌아왔다. 이 책은 시나리오를 곁들인 실습으로 구성되어 깃&깃허브를 처음 시작하는 분도 쉽게 시작할 수 있다.",https://image.aladin.co.kr/product/31649/38/cover500/k092833476_1.jpg, 정호영;진유림 [공]지음, 한빛미디어,2023
총류,장서관리론,,https://image.aladin.co.kr/product/23702/83/cover500/8976783794_1.jpg, 윤희윤 저, 한국도서관협회,2020
총류,만화로 보는 IT 상식사전,"IT 전문용어와 기술에 대한 설명은 물론 구글, MS 등의 빅테크 기업 동향과 일론 머스크, 비탈릭 부테린 등 주요 IT 거물까지 알차게 다뤘다. 만화에 다 담지 못한 지식은 ‘더 알아보기’라는 별도의 코너에서 심도 있게 설명한다.",https://image.aladin.co.kr/product/31630/2/cover500/k572833876_1.jpg, 윤진 글;이솔 그림, 더퀘스트(길벗),2023
총류,유니티를 활용한 메타버스 교과서,"다가온 언택트의 세계, 메타버스를 이해하고, 유니티로 코딩 실습하면서 누구나 쉽게 가상 콘텐츠를 만들 수 있다. 온라인 게임부터 플랫폼 서비스 등 일상 속 메타버스를 위한 유니티 학습부터 다양한 예제를 통해 인공지능 AI부터 가상 콘텐츠, 증강 현실 구현 방법을 소개하고 있다.",https://image.aladin.co.kr/product/30812/60/cover500/k762831564_2.jpg, 김영일;임상국 [공]지음, 길벗캠퍼스,2023
총류,(모두를 위한 메타버스) 젭(ZEP) 크리에이터,젭(ZEP) 스페이스 만들기부터 일러스트레이터로 만드는 젭(ZEP) 맵까지. 젭(ZEP) 크리에이터가 되기 위한 필수 활용서다. 기초부터 차근차근 따라 하면서 상상력에 날개를 달아 더 나은 공간을 만들어 보기를 바란다.,https://image.aladin.co.kr/product/31244/62/cover500/k462832166_1.jpg, 김경희;공다예 공저, 광문각,2023
총류,지식의 반전,"문어의 다리는 8개가 아니고, 물은 섭씨 0도에서 얼지 않는다. 지식의 오류를 바로잡아주는 유쾌한 지식책. 베스트셀러 <지식의 반전>의 후속작이다. 뻔한 질문을 던져놓고는, 예상을 훌쩍 뛰어넘는 대답을 제시한다.",https://image.aladin.co.kr/product/2563/55/cover500/895605648x_2.jpg, 존 로이드;존 미친슨 [공] 지음;이한음 옮김, 해나무,2013
총류,청춘의 커리큘럼,교단에서 아이들의 삶에 가슴 아파하며 현실에서 부딪치는 문제들의 근원을 묻고 힘없는 이들과 함께하고자 노력해온 이계삼 교사가 십여 년의 교직 생활을 떠나며 쓴 책이다. 청년들에게 ‘다른 삶’을 살아보자고 함께 ‘다른’ 길을 걸어보자고 건네는 책이다.,https://image.aladin.co.kr/product/2493/3/cover500/8997090151_1.jpg, 이계삼 지음, 한티재,2013
총류,인문학의 뿌리를 읽다,"서울대학교 서양 고전 열풍을 이끈 김헌 교수의 서양 고전에 대한 이야기. 저자는 고전을 둘러싸고 있는 단단한 장벽을 허물고, '아무도 읽지 않는 책'인 고전을 누구나 읽을 수 있도록 우리를 고전의 세계, 인문학의 뿌리로 인도한다.",https://image.aladin.co.kr/product/7582/74/cover500/899893311x_1.jpg, 김헌 지음, 이와우,2016
총류,실전 IoT 네트워크 프로그래밍,"이 책에서는 사물인터넷, 즉 IoT에서 활용할 수 있는 대표적인 프로토콜 HTTP, UPnP, CoAP, MQTT, XMPP를 하나씩 소개하고, 각 프로토콜을 이용해 네트워크 토폴로지를 구성하고 통신하는 방법과 방화벽이 통신에 미치는 영향에 대해 알아본다.",https://image.aladin.co.kr/product/6130/76/cover500/8960777234_1.jpg, 피터 웨허 지음;남기혁 옮김, 에이콘,2015
총류,이렇게 하면 나도 프로그램을 잘 만들 수 있다,"누구나 세상을 바꿀 수 있는 프로그램을 만들 수 있도록 체계적이고 효율적인 학습 방법을 제시하는 책.문제 해결 관점에서 프로그래밍을 하는 방법을 소개하고, 몇 가지의 예제를 통해 문제를 해결하는 방식을 제시하고, 제시된 문제 해결 방식을 참고하여 많은 문제들을 스스로 해결하면서 개인마다 창의적인 문제 해결 방법을 확립하도록 한다.",https://image.aladin.co.kr/product/1554/93/cover500/8997399039_1.jpg, 김석현 지음, 박컴,2012
총류,(무엇으로도 위로받지 못할 때)혼자 책 읽는 시간,"비틀거리는 삶을 일으킨 위로와 치유의 독서기. 저자는 사랑하는 언니가 죽은 후, 3년 간 슬픔을 잊으려고 바쁘게 살았다. 그래도 허무함만 남던 어느 날, 400쪽이 넘는 책을 하루 만에 읽고 처음으로 편안하게 잠이 든다. '하루에 한 권, 마법 같은 독서의 한 해' 프로젝트를 시작할 수밖에 없었던 숙명적인 계기다. 여기에 실린 365권에 대한 이야기는 마음 속 상처를 다스리고, 풀어낸 치유의 기록이다.",https://image.aladin.co.kr/product/1581/37/cover500/8901142619_1.jpg, 니나 상코비치 지음;김병화 옮김, 웅진지식하우스,2012
총류,리눅스 커널 내부구조,리눅스에 관심이 있는 사람들이 보다 ‘쉽게’ 리눅스를 접할 수 있게 해야 한다는 생각으로 만든 책. 그러나 이 한 권의 책으로 리눅스 커널 전체를 다 설명한다는 것은 불가능하다는 것을 너무도 잘 알고 있기에 꼭 알아야 한다고 생각되는 것들만을 중심으로 기술하였다.,https://image.aladin.co.kr/product/5216/67/cover500/8998955202_1.jpg, 백승재;최종무 [공]지음, 아티오,2015
총류,C포인터의 이해와 활용,"C 포인터와 메모리 관리에 관한 확고한 이해로 프로그래밍 실력을 향상시킬 수 있다. 이 책은 포인터가 어떻게 메모리에 대한 동적인 관리 메커니즘과 데이터 구조에 대한 향상된 지원, 그리고 하드웨어에 대한 접근 방법을 제공하는지에 대해 배울 수 있는 책이다.",https://image.aladin.co.kr/product/3378/48/cover500/8994506799_1.jpg, 리차드 리스 지음;조인중;강성용 [공]옮김, 제이펍,2013
총류,(실전!)ARM Cortex-M3 시스템 프로그래밍 완전정복. 1,"ARM Cortex-M3 (STM32F10x) 테스트 보드를 통해 실제 개발에 활용할 수 있는 지침서. ARM Cortex-M3 시스템 프로그램 개발 실전 가이드로, 입문에서 전문가 수준까지 안내하고 있다. Cortex-M3 MCU를 활용한 펌웨어 개발 실전 코드를 제공하고, 단순 제어에서 무선통신까지 광범위한 체험이 가능하도록 하였다.",https://image.aladin.co.kr/product/833/33/cover500/8996380016_1.jpg, 박선호;오영환 [공]지음, D&W Wave,2010
총류,(30일 레슨으로 쉽게 배우는)HTML5 ＆ CSS3,"30개의 레슨을 통해 모든 웹 제작의 토대가 되는 HTML5과 CSS3의 지식과 기술을 기초부터 확실히 설명한다. 각 레슨은 개념이나 규칙을 설명하는 ‘강의’와 실제로 샘플 파일을 제작해 보는 ‘실습’ 두 파트로 구성되어, 실습을 통해 개념을 자연스레 익히게 했다.",https://image.aladin.co.kr/product/10336/44/cover500/8931455437_1.jpg, Akemi Kusano 지음;김선숙 옮김, 영진닷컴,2018
총류,자바 프로젝트 필수 유틸리티,"소스 관리에서 자동 배포까지 일하기 편한 지속적인 통합 개발 환경을 만드는 자바 개발 도구 활용서. 자바 프로젝트를 수행하는 데 유용한 깃/깃허브, 젠킨스, 메이븐, 그레이들, SBT를 협업 관점에서 소개한다.",https://image.aladin.co.kr/product/14309/21/cover500/k052532744_1.jpg," 쇼다 츠야노,전민수 지음;배효진 옮김", 한빛미디어,2018
총류,(데이터 분석을 위한)파이썬 철저 입문,"다양한 예제를 바탕으로 기본적인 파이썬 문법에서부터 실무에 필요한 데이터 분석 기법까지 상세히 설명한다. 아나콘다를 활용한 파이썬 개발 환경 설치 및 기본 문법, 문자열 데이터 처리, 객체와 클래스, 자주 사용하는 내장 모듈, NumPy와 Pandas를 이용한 구조적 데이터 처리 및 분석 등의 내용을 담았다.",https://image.aladin.co.kr/product/16068/63/cover500/k082533745_1.jpg, 최은석 지음, 위키북스,2018
총류,밑바닥부터 시작하는 딥러닝,"라이브러리나 프레임워크에 의존하지 않고, 딥러닝의 핵심을 ‘밑바닥부터’ 직접 만들어보며 즐겁게 배울 수 있는 본격 딥러닝 입문서이다. 술술 읽힐 만큼 쉽게 설명하였고, 역전파처럼 어려운 내용은 ‘계산 그래프’ 기법으로 시각적으로 풀이했다.",https://image.aladin.co.kr/product/9951/87/cover500/8968484635_1.jpg, 사이토 고키 지음;개잎맵시 옮김, 한빛미디어,2017
총류,익스플로링 라즈베리 파이,라즈베리 파이를 실생활에 활용하려는 혁신가를 위한 안내서. 무작정 따라하기 식이 아니라 공학적 원리를 바탕으로 자신만의 프로젝트를 구상하고 완성하는 데 필요한 기술을 가르친다.,https://image.aladin.co.kr/product/13912/45/cover500/k982532424_1.jpg, 데릭 몰로이 지음;최용 옮김, 위키북스,2018
총류,익스플로링 라즈베리 파이,라즈베리 파이를 실생활에 활용하려는 혁신가를 위한 안내서. 무작정 따라하기 식이 아니라 공학적 원리를 바탕으로 자신만의 프로젝트를 구상하고 완성하는 데 필요한 기술을 가르친다.,https://image.aladin.co.kr/product/13912/45/cover500/k982532424_1.jpg, 데릭 몰로이 지음;최용 옮김, 위키북스,2018
총류,(한권으로 읽는)브리태니커,"32권, 3만 3천여쪽에 달하는 브리태니커 백과사전 2002년판을 처음부터 끝까지 완독한 경험을 담은 책으로 100억년 역사의 지식을 먹어치운 한 남자의 대담무쌍한 기록이다. 각 단어에 대한 피상적이거나 단편적으로 설정되어 있는 글이 아닌 구체적인 삶의 모습으로 지식이 다가오게 한다.",https://image.aladin.co.kr/product/169/89/cover500/8934928301_1.jpg, A. J. 제이콥스 지음;표정훈;김명남 옮김, 김영사,2008
총류,(법정 스님의)내가 사랑한 책들,"법정 스님의 진리와 구도의 길에 함께해 온 책들을 소개한다. 스님이 경전이나 주석서 못지않게 자주 펼쳐 보았다는 <어린 왕자> 같은 동화에서부터 창간호부터 줄곧 구독해 오고 있다는 <녹색평론>과 인도철학의 꽃이라 불리는 <바가바드기타>에 이르기까지, 법정 스님의 독서 기록을 담았다.",https://image.aladin.co.kr/product/651/50/cover500/8993838100_1.jpg, 문학의 숲 편집부 엮음, 문학의숲,2010
총류,책 읽는 청춘에게,"대한민국 20대가 가장 닮고 싶은 멘토인 안철수가 추천한 책. 21인의 멘토와 7명의 대학생들이 함께 만든 <책 읽는 청춘에게>는 청춘들에게 보내는 가슴 뜨거운 메시지들과 좋은 책들에 관한 이야기를 같이 담고 있는 책이다. 특히 취업을 준비하는 대학생들, 갓 취업에 성공한 사회 초년생들, 30대를 바라보는 20대 후반의 젊은이들에게 미래를 열어 주는 희망과 응원이자 삶의 가이드라인이 되어 줄 것이다.",https://image.aladin.co.kr/product/708/66/cover500/8994197109_2.jpg," 우석훈 외,지음", 북로그컴퍼니,2010
총류,이것이 자바다,"이번 개정판은 기존 Java 8 버전에 최신 Java 17 LTS 버전까지 아우르는 내용으로 업그레이드하였으며, 더욱 풍부해진 708개의 실전 예제를 통해 이론으로 학습한 모든 내용을 직접 코드를 실행하며 따라 할 수 있도록 구성했다.",https://image.aladin.co.kr/product/30034/9/cover500/k192839167_1.jpg, 신용권;임경균 [공]지음, 한빛미디어,2023
총류,(혼자 공부하는)자바스크립트,"독학으로 자바스크립트를 배우는 입문자가 '꼭 필요한 내용을 제대로' 학습할 수 있도록 구성했다. '무엇을' '어떻게' 학습해야 할지조차 모르는 입문자의 막연한 마음을 살펴, 과외 선생님이 알려주듯 친절하게, 그러나 핵심적인 내용만 콕콕 집어준다.",https://image.aladin.co.kr/product/25858/38/cover500/k302737364_2.jpg, 윤인성 지음, 한빛미디어,2022
총류,러닝 MySQL,최신 버전인 MySQL 8.0(MySQL 5.7 정보 포함)을 바탕으로 강력한 RDBMS를 최대한 활용하는 데 필요한 인사이트와 도구를 소개한다. 또한 데이터베이스를 구성하고 관리하는 모든 이가 MySQL을 쉽게 활용하도록 다양한 실습을 제공한다.,https://image.aladin.co.kr/product/32505/69/cover500/k142935724_1.jpg, 비니시우스 그리파;세르게이 쿠즈미체프 지음;김선종 옮김, 한빛미디어,2023
총류,(Python)파이썬 3학년 머신러닝의 구조,데이터세트를 실행하기 위한 파이썬 라이브러리를 포함하여 설치되는 배포판 아나콘다 설치 방법부터 파이썬 웹 인터프리터인 구글 코랩과 주피터 노트북(주피터랩)으로 누구나 실행할 수 있도록 그림과 설명으로 자세하고 쉽게 안내한다.,https://image.aladin.co.kr/product/32449/77/cover500/8931559232_1.jpg," 모리 요시나오 지음, 김성훈 옮김", 성안당,2023
총류,(진짜 쓰는)프리미어 프로 영상 편집,《유튜브 영상 편집을 위한 프리미어 프로》의 최신 개정판이다. 이미 수많은 독자와 수강생에게 검증받은 콘텐츠에 새로운 기능과 노하우를 더해 더욱 탄탄한 구성으로 돌아온 조블리의 영상 편집 강의로 프리미어 프로를 시작해 보자.,https://image.aladin.co.kr/product/31877/47/cover500/k072833432_1.jpg, 조애리 지음, Jpub(제이펍),2023
총류,"데이터가 뛰어노는 AI 놀이터, 캐글","데이터 분석 무한 경쟁 '캐글'에서 살아남기 위한 비결. 특징(feature)을 만드는 방법, 앙상블, 평가지표, 사이킷런, xgboost 등 기존에는 잘 다루지 않았던 기법과 사례를 이 책 한 권에 정리한 책이다.",https://image.aladin.co.kr/product/27073/96/cover500/k362731589_1.jpg, 가도와키 다이스케 외 지음;대니얼WJ 옮김, 한빛미디어,2021
총류,(Do it!)깡샘의 안드로이드 앱 프로그래밍 with 코틀린,"이번 판에서는 안드로이드 13, 티라미수 기준으로 달라진 내용을 보충했으며 실습 소스를 업데이트하며 책의 완성도를 더욱 높였다. 이 책은 구글에서 공식 언어로 채택한 코틀린으로 안드로이드 앱을 개발하는 전 과정을 다룬다.",https://image.aladin.co.kr/product/30638/53/cover500/k632830022_1.jpg, 강성윤 지음, 이지스퍼블리싱,2022
총류,(Do it!)데이터 과학자를 위한 실전 머신러닝,"각 모델의 밑바탕에 있는 알고리즘 기초과 수리 이론을 살펴보고, 간단한 형태로 모델을 직접 구현해 본다. 그리고 최적화된 파이썬 패키지로 다시 모델링한 다음, 둘 사이에 어떤 차이가 발생하는지를 비교해 보며 머신러닝의 작동 원리를 탐구한다.",https://image.aladin.co.kr/product/32240/15/cover500/k282834638_1.jpg, 배기웅 지음, 이지스퍼블리싱,2023
총류,(2023 시나공)컴퓨터활용능력 2급 실기. 2급실기,"엑셀의 방대한 기능 중 시험에 꼭 나오는 엑셀 기능 16가지로 압축하고, 쉽게 익힐 수 있도록 따라하기 형식으로 구성하였다. 각 섹션마다 출제된 비율에 따라 A, B, C, D 등급을 지정하여 중요한 내용을 먼저 볼 수 있다.",https://image.aladin.co.kr/product/29825/35/cover500/k622838418_1.jpg, 길벗알앤디;강윤석;김용갑;김우경;김종일;김선길 지음, 길벗,2022
총류,(2024 이기적)컴퓨터활용능력 1급 필기 기본서. 1급필기-1: 컴퓨터 일반,변경된 2024년 출제 기준을 완벽하게 반영한 이 도서는 필기시험 준비 수험생을 위한 꼭 필요한 기본서다. 여러 해 동안의 출제 경향을 깊이 분석하여 집필된 3권의 이론서와 함께 상시 기출문제가 담긴 기출공략집으로 구성되어 있다.,https://image.aladin.co.kr/product/32182/3/cover500/8931468172_2.jpg, 홍태성;영진정보연구소 지음, 영진.com(영진닷컴),2023
총류,(2024 이기적)컴퓨터활용능력 1급 필기 기본서. 1급필기-3: 데이터베이스 일반,변경된 2024년 출제 기준을 완벽하게 반영한 이 도서는 필기시험 준비 수험생을 위한 꼭 필요한 기본서다. 여러 해 동안의 출제 경향을 깊이 분석하여 집필된 3권의 이론서와 함께 상시 기출문제가 담긴 기출공략집으로 구성되어 있다.,https://image.aladin.co.kr/product/32182/3/cover500/8931468172_2.jpg, 홍태성;영진정보연구소 지음, 영진.com(영진닷컴),2023
총류,(2023 시나공)컴퓨터활용능력 1급 필기. 1급필기-1: 컴퓨터일반,"합격에 필요한 내용만 골라 듣는 시나공식 맞춤 동영상 강의를 제공하여 수험생의 부담을 줄이고 독학을 가능하게 하였다. 실제 시험의 출제 경향을 친절하게 짚어주고, 자주 시험에 나온 내용은 확실히 강조하여 혼자서도 충분히 공부할 수 있게 도와준다.",https://image.aladin.co.kr/product/29998/37/cover500/k502838251_1.jpg, 길벗알앤디 지음, 길벗,2023
총류,(Android Studio를 활용한)안드로이드 프로그래밍,"Android 9.0 (파이) 버전으로 만나는 Android Studio를 활용한 안드로이드 프로그래밍. 초보자도 쉽게 접근할 수 있도록 친절하게 설명하였으며, 프로그램을 단계별로 완성해가면서 코드에 대한 이해도를 높인다.",https://image.aladin.co.kr/product/17845/26/cover500/k822534521_1.jpg, 우재남;박길식 [공]지음, 한빛아카데미,2019
총류,(데이터 과학을 위한)파이썬 프로그래밍,"K-MOOC 공개강좌인 최성철 교수의 '데이터 과학을 위한 파이썬' 강의를 기반으로 집필하였다. 파이썬으로 프로그래밍을 시작하는 입문자가 쉽게 이해할 수 있도록 기본 개념을 상세하게 설명하며, 다양한 예제를 제시한다.",https://image.aladin.co.kr/product/17723/50/cover500/k222534023_1.jpg, 최성철 지음, 한빛아카데미,2019
총류,(NCS 직업기초능력평가)수리능력 완전정복(2018)(개정판):2016~17 PSAT 기출문제,수리능력에 어려움을 겪고 있는 수험생들을 돕기 위한 교재다. 수리능력을 2개의 하위능력으로 나누어 각 하위능력에서 꼭 풀어봐야 할 핵심문항만을 엄선하여 수록하였다. 또한 각 공공기관의 기출문제 중 우수문항만을 엄선하여 수록하였다.,https://image.aladin.co.kr/product/13176/71/cover500/k742532297_1.jpg, 박민제 지음, 박문각,2018
총류,(핵심 개념과 실전 문제로 마스터하는)필수 알고리즘 with 파이썬,"핵심 개념과 실전 문제 2개의 파트로 나눠서 알고리즘의 모든 것을 배울 수 있다. 핵심 개념 파트에서는 파이썬의 기본적인 문법과 사용 방법, 그리고 필수 알고리즘의 특성에 대해 설명한다.",https://image.aladin.co.kr/product/17017/38/cover500/8931459505_1.jpg, 박선주 지음, 영진닷컴,2018
총류,(명품)Java programming,"<명품 JAVA Programming>의 개정4판. 자바 프로그래밍 개념과 방법을 충실히 정리하고 적절한 예제를 수록하였다. 많은 그림과 삽화로 개념을 쉽게 이해하도록 하였고, 각 절마다 Check Time 문제를 두어 배운 내용을 확인할 수 있도록 하였다.",https://image.aladin.co.kr/product/14830/18/cover500/897050947x_1.jpg, 황기태;김효수 [공]지음, 생능출판,2018
총류,(명품)Java programming,"<명품 JAVA Programming>의 개정4판. 자바 프로그래밍 개념과 방법을 충실히 정리하고 적절한 예제를 수록하였다. 많은 그림과 삽화로 개념을 쉽게 이해하도록 하였고, 각 절마다 Check Time 문제를 두어 배운 내용을 확인할 수 있도록 하였다.",https://image.aladin.co.kr/product/14830/18/cover500/897050947x_1.jpg, 황기태;김효수 [공]지음, 생능출판,2018
총류,정보처리기술사 이론과 전략,"국가기술시험인 IT기술사(정보관리기술사&컴퓨터시스템응용기술사)의 기본서. 이번 4번째 개정판은 각 도메인별로 중요한 토픽 분야를 추가 보완하였으며, 많은 IT 분들께서 책에 대한 조언과 개선사항을 적용하였다.",https://image.aladin.co.kr/product/8665/21/cover500/898258658x_1.jpg, 강정배 외 지음, 한국생산성본부,2016
총류,정보처리기술사 이론과 전략,"국가기술시험인 IT기술사(정보관리기술사&컴퓨터시스템응용기술사)의 기본서. 이번 4번째 개정판은 각 도메인별로 중요한 토픽 분야를 추가 보완하였으며, 많은 IT 분들께서 책에 대한 조언과 개선사항을 적용하였다.",https://image.aladin.co.kr/product/8665/21/cover500/898258658x_1.jpg, 강정배 외 지음, 한국생산성본부,2016
총류,XML 프로그래밍,IT CookBook 185권. 이 책은 인터넷 기초 학습을 마치고 처음으로 XML을 배우려는 컴퓨터 관련학과 및 e-비즈니스 관련학과 학생을 위한 책이다.,https://image.aladin.co.kr/product/6081/89/cover500/6000856583_1.jpg, 홍성용 지음, 한빛아카데미,2015
총류,실습과 그림으로 배우는 리눅스 구조,"컴퓨터 시스템을 구성하는 운영체제를, 그중 가장 많이 사용하는 리눅스를 예로 들어 설명했다. 단순히 읽고 넘어가지 않고 스스로 실습해보며 동작 원리를 익힐 수 있으며, 프로그래머, 시스템 설계자 등 대부분의 개발자에게 꼭 필요한 지식을 담았다.",https://image.aladin.co.kr/product/18155/41/cover500/k842534140_1.jpg, 다케우치 사토루 지음;신순희 옮김, 한빛미디어,2019
총류,라즈베리파이로 구현하는 사물인터넷(IoT)(라즈베리파이로 구현하는),,https://image.aladin.co.kr/product/18617/70/cover500/k752635168_2.jpg, 장호덕 지음, 복두,2019
총류,리눅스 시스템,"리눅스의 사용 및 활용, 시스템 원리까지 포괄적으로 다루고 있다. 또한 원리를 제대로 이해하기 위해서 일부 시스템 프로그래밍에 관한 기본적인 내용을 담았다. 중요한 사항들은 핵심 개념을 통해 다시 한 번 강조했으며, QnA를 통해 초보자들이 궁금해 할 수 있는 질문들에 대해 보다 상세히 설명했다.",https://image.aladin.co.kr/product/12868/4/cover500/8970509348_1.jpg, 창병모 지음, 생능출판,2018
총류,(모두를 위한)리눅스 프로그래밍,"리눅스 구조를 쉽게 배울 수 있는, 그리고 리눅스 gcc 프로그래밍의 입문서. 개발자 관점에서 리눅스 구조를 해설하고, 리눅스를 구성하는 개념과 리눅스 프로그래밍의 표준 기법을 설명하며, Hello World!에서 HTTP 서버 구축까지 다룬다.",https://image.aladin.co.kr/product/17349/90/cover500/k962534494_1.jpg, 아오키 미네로 지음;이동규 옮김, 제이펍,2018
총류,(그림과 이야기로 쉽게 배우는)소프트웨어와 코딩 첫걸음,"IT 분야에서 20여 년을 몸담아온 소프트웨어 전문가와 재기발랄 개성 있는 그림 작가가 소프트웨어 이야기를 한편의 소설을 읽듯 재미있게 들려준다. 그와 함께 어우러지는 아기자기 귀여운 캐릭터 그림들은 어렵고 딱딱하게만 느꼈던 기술에 대한 거부감은 줄어들고, 소프트웨어와 점점 더 친해지게 만든다.",https://image.aladin.co.kr/product/12370/57/cover500/8958204915_1.jpg, 김현정 글;조혜영 그림, 궁리,2017
총류,모바일 앱 디자인 패턴,에이콘 모바일 프로그래밍 시리즈. 모바일 애플리케이션을 만들고자 하는 누구나를 위한 책이다. 이 책은 풍부한 실제 사례 중심으로 간단하게 상황에 맞는 디자인과 구성 패턴을 찾을 수 있도록 구성하여 모바일 애플리케이션 디자인 고민 해결에 도움이 될 수 있다.,https://image.aladin.co.kr/product/5298/71/cover500/8960776769_2.jpg, 테레사 닐 지음;박정아;임정화 [공]옮김, 에이콘,2015
총류,이것이 C&#35이다,"『뇌를 자극하는 C# 5.0』의 전면개정판. C# 언어의 탄생 배경부터 상세한 입문 과정까지, C#의 전반적인 큰 틀을 설명한다. 문법 설명에만 치중하지 않고 프로그램의 동작 원리도 충분히 다뤘으며, C# 프로그래밍이 수행될 때 밑단에서 돌아가는 .NET 프레임워크도 상세히 설명한다",https://image.aladin.co.kr/product/15219/43/cover500/k102533662_1.jpg, 박상현 지음, 한빛미디어,2018
총류,책으로 행복한 북적북적 책놀이,"‘전국학교도서관 인천모임 책친구’가 책놀이 콘텐츠를 연구하고 개발한 다양한 책놀이 프로그램을 모은 ‘책놀이 책’이다. ‘책놀이’란 책을 읽고 책의 내용과 관련된 놀이 활동을 하거나, 책이 매개가 되어 다양한 경험을 하는 것을 말한다.",https://image.aladin.co.kr/product/16724/26/cover500/k652534462_1.jpg, 전국학교도서관 인천모임 책친구 글, 단비,2018
총류,문헌정보학사,,https://image.aladin.co.kr/product/3345/43/cover500/8992866755_1.jpg, 남태우 저, 태일사,2013
총류,이것이 MySQL이다,"『이것이 MySQL이다』가 MySQL 8.0 버전을 반영하여 개정되었다. 특히 ‘파이썬 기초 및 파이썬과 데이터베이스의 연동’, ‘ 파이썬으로 공간 데이터 응용 프로그래밍 작성하기’ 등의 내용을 추가하여 더욱 실무 밀착형 교재로 업그레이드되었다.",https://image.aladin.co.kr/product/23868/84/cover500/k592639486_1.jpg, 우재남 지음, 한빛미디어,2020
총류,이것이 MySQL이다,"『이것이 MySQL이다』가 MySQL 8.0 버전을 반영하여 개정되었다. 특히 ‘파이썬 기초 및 파이썬과 데이터베이스의 연동’, ‘ 파이썬으로 공간 데이터 응용 프로그래밍 작성하기’ 등의 내용을 추가하여 더욱 실무 밀착형 교재로 업그레이드되었다.",https://image.aladin.co.kr/product/23868/84/cover500/k592639486_1.jpg, 우재남 지음, 한빛미디어,2020
총류,그림으로 배우는 SQL 입문,"데이터베이스를 처음 접하는 초보자들을 위해 반드시 알아야 할 SQL 필수 구문들을 이해하기 쉽게 소개한다. 친절하고 자세한 설명, 만화와 일러스트를 통해 누구나 한눈에 SQL과 데이터베이스의 원리를 익힐 수 있도록 쉽게 구성된 것이 특징이다.",https://image.aladin.co.kr/product/27357/47/cover500/8931465513_1.jpg, 사카시타 유리 저;김은철;유세라 역, 영진닷컴,2021
총류,Node.js 교과서,"프런트부터 서버, 데이터베이스, 배포까지 아우르는 광범위한 내용을 다룬다. 군더더기 없는 직관적인 설명으로 기본 개념을 확실히 이해하고, 노드의 기능과 생태계를 사용해보면서 실제로 동작하는 서버를 만들어보자.",https://image.aladin.co.kr/product/24639/12/cover500/k272631896_1.jpg, 조현영 지음, 길벗,2020
총류,(초보자를 위한)Node.js 200제,"총 5개 파트 200개의 예제로 구성되어 있는 책으로, ES6 문법과 함수형 프로그래밍을 한 번에 배우기 위해 만들어졌다. 웹 브라우저에서만 사용하던 스크립트 언어였던 자바스크립트를 node.js라는 엔진이 나오면서 웹 브라우저뿐만 아니라 서버, 앱 등 많은 분야에서 사용하기 때문에 개발하는 데 편리함을 준다.",https://image.aladin.co.kr/product/13816/75/cover500/8956747792_1.jpg, 김경록;정지현 [공]지음, 정보문화사,2018
총류,IT 사용설명서,"이 시대를 사는 직장인, 부모, 대학생, 취업준비생, 그리고 전통기업의 경영진이 최소한 알아야 하는 디지털 기술의 동작원리와 개념, 이를 통해 구현된 비즈니스 모델을 소개하고, 이들 기술이 우리 일상과 사회에 가져다준 변화와 영향에 주목한다.",https://image.aladin.co.kr/product/27816/82/cover500/k302734576_1.jpg, 김지현 지음, 크레타,2021
총류,디지털 시대에 살아남는 IT 지식,"전공과 관계없이 IT 지식은 이제 필수 불가결한 시점에 도달했다. 이 책의 저자는 문과 출신으로, 비전공자도 이해하기 쉬운 방식으로 지식을 전한다.",https://image.aladin.co.kr/product/27809/83/cover500/8956749116_1.jpg, 박성묵 지음, 정보문화사,2021
총류,(2021 시나공)컴퓨터활용능력 2급 실기. 2,"엑셀의 방대한 기능 중 시험에 꼭 나오는 엑셀 기능 16가지로 압축하고, 쉽게 익힐 수 있도록 따라하기 형식으로 구성하였다. 각 섹션마다 출제된 비율에 따라 A, B, C, D 등급을 지정하여 중요한 내용을 먼저 볼 수 있다.",https://image.aladin.co.kr/product/25430/6/cover500/k462633411_1.jpg, 길벗알앤디 지음, 길벗,2020
총류,파이썬 해킹 레시피,"저자가 다년간의 정보 보안 강의, 컨설팅, 개발 경험을 토대로 작성한 해킹 요리 비법서다. 파이썬 3.9, Asyncio, BeautifulSoup, 비동기 문법 등 최신 파이썬 트렌드를 반영한 코드는 싱싱한 요리 재료이며 기본에 충실히 풀어나가는 이론은 레시피와 같다.",https://image.aladin.co.kr/product/27239/60/cover500/k222732591_1.jpg, 공재웅 지음, 비제이퍼블릭,2021
총류,(코드업과 함께 하는)C 언어 & 문제 해결,"코드업 온라인 저지를 활용한 C 언어 프로그래밍 학습용 교재이다. 프로그래밍의 본질인 문제 해결 방법을 익히는 데 초점을 두어 따라하기 형태의 기본 예제를 통해 코드를 확인하고, 핵심 내용을 중심으로 설명을 최소화하였다.",https://image.aladin.co.kr/product/11001/35/cover500/8958973277_1.jpg, 배준호 [외] 지음, 삼양미디어,2017
총류,(유니티를 몰라도 만들 수 있는)유니티 2D 게임 제작,"유니티 기본부터 차근차근 설명하면서, 누구나 이해할 수 있도록 간단하고 단순한 명령만으로 구성된 2D 게임을 만들어 본다. 게임 제작에 기본이 되는 스크립트을 따라 만들어보고, 마우스 터치, 애니메이션 등 게임 동작들을 응용해서 나만의 유니티 2D 게임을 완성해 보자.",https://image.aladin.co.kr/product/26331/29/cover500/8931463405_1.jpg, 모리 요시나오 지음;김은철;유세라 [공]옮김, 영진닷컴,2021
총류,(SQL server로 배우는)데이터베이스 개론과 실습,"데이터베이스 핵심 이론을 SQL Server로 실습하며 공부할 수 있는 책이다. 데이터베이스 시스템을 이해하는 데 필요한 이론을 4개의 부로 나누어 실습과 함께 익힌 다음, 마지막에는 워크북으로 배운 내용을 총정리한다.",https://image.aladin.co.kr/product/26406/32/cover500/k132738327_1.jpg, 박우창;남송휘;이현룡 [공]지음, 한빛아카데미,2021
총류,HTTP 완벽 가이드,HTTP 규약이 어떻게 동작하고 웹 기반 애플리케이션을 개발하는 데 어떻게 사용하는지 설명한다. 하지만 이 책은 단순히 HTTP에 대해서만 다루지는 않는다. HTTP가 효율적으로 동작하도록 함께 사용하는 다른 핵심 인터넷 기술에 대해서도 다룬다.,https://image.aladin.co.kr/product/4973/15/cover500/8966261205_1.jpg, 데이빗 고울리 외 지음;이응준;정상일 [공]옮김, 인사이트,2014
총류,코스페이시스 메이커,"4차 산업혁명의 중요성이 대두되고 가상현실이라는 용어를 일상생활에서 자연스럽게 접하는 세상을 맞이하여 가상현실 콘텐츠 제작 도구인 ‘코스페이시스 에듀’를 통해 나만의 가상세계를 만들고 이를 코딩으로 제어하는 방법을 배우며, 직접 만든 가상세계를 VR과 AR로 체험하는 활동을 할 수 있도록 한 교재다.",https://image.aladin.co.kr/product/26262/53/cover500/k092738589_1.jpg, 창의콘텐츠연구소 지음, 해람북스,2021
총류,로호의 배경 일러스트 메이킹,"영화, 게임, 웹툰, 만화, 애니메이션 등을 완성하기 위해 없어서는 안 될 배경 일러스트만을 다룬다. 프로 디자이너들이 하는 작업 방식 그대로 구성하여 실무 배경 일러스트에 필요한 기획, 구상, 구도, 드로잉, 색감 등을 맛볼 수 있다.",https://image.aladin.co.kr/product/18125/33/cover500/895674825x_2.jpg, 고아라 지음, 정보문화사,2019
총류,(처음 프로그래밍을 시작하는 입문자의 눈높이에 맞춘)생활코딩! PHP+MySQL,HTML/CSS/자바스크립트는 배웠지만 실제 서비스에서 사용되는 웹 애플리케이션을 제작하려면 동적 웹 애플리케이션을 만드는 기술을 익혀야 한다. PHP와 MySQL은 전 세계에서 가장 인기 있는 웹 프로그래밍 언어와 데이터베이스다.,https://image.aladin.co.kr/product/17746/61/cover500/k362534127_1.jpg, 이고잉 지음, 위키북스,2019
총류,저는 인문학이 처음인데요,진짜 인문학은 우리에게 똑바로 서서 살아가는 힘을 준다. 인문학을 공부하면 삶의 문제들이 해결될까? 인문학은 문제를 해결해주지 않는다. 문제를 풀어나갈 역량을 키워준다. 이것이 인문학 지식을 단순히 암기식으로 습득해서는 안 되는 이유다.,https://image.aladin.co.kr/product/3789/73/cover500/8994120769_1.jpg, 박홍순 지음, 한빛비즈,2014
총류,페도라 리눅스,"리눅스의 기초를 잡아주는 것은 물론, 리눅스로 무엇을 할 수 있는지 알려주는 실습 교재로 강의에 특화된 교재이다. 실습을 따라해보기, 혼자해보기 2트랙으로 제시하여 반복적인 학습을 통해 빠르게 실력을 키울 수 있도록 구성했다.",https://image.aladin.co.kr/product/3485/88/cover500/899875665x_1.jpg, 이종원 지음, 한빛아카데미,2014
총류,라즈베리 파이 시작하기,"신용카드만 한 크기의 35불짜리 컴퓨터 라즈베리 파이의 체험형 안내서. 파이 보드의 하드웨어 특징, 리눅스 배우기, 파이썬과 스크래치의 기초, 파이게임 프레임워크로 그림 그리기, 소리 재생하기, 마우스 조작하기 등의 내용으로 구성되어 있다.",https://image.aladin.co.kr/product/2566/93/cover500/8994506624_1.jpg, 매트 리처드슨;숀 월리스 [공]지음;배장열 옮김, 제이펍,2013
총류,리눅스와 함께하는 라즈베리 파이,"아이러브로봇 시리즈 5권. 라즈베리 파이 컴퓨터를 시작하기 위해 알아야 하는 모든 것을 다루고 있다. 두 명의 리눅스 전문가가 라즈베리 파이에 모니터와 키보드, 마우스, 인터넷 등을 연결하는 방법, 그리고 데스크톱 설정을 변경하는 방법 등을 속속들이 파헤친다.",https://image.aladin.co.kr/product/3726/34/cover500/899450687x_1.jpg, 피터 멤브리;데이비드 하우스 [공]지음;배장열 옮김, 제이펍,2014
총류,리눅스와 함께하는 라즈베리 파이,"아이러브로봇 시리즈 5권. 라즈베리 파이 컴퓨터를 시작하기 위해 알아야 하는 모든 것을 다루고 있다. 두 명의 리눅스 전문가가 라즈베리 파이에 모니터와 키보드, 마우스, 인터넷 등을 연결하는 방법, 그리고 데스크톱 설정을 변경하는 방법 등을 속속들이 파헤친다.",https://image.aladin.co.kr/product/3726/34/cover500/899450687x_1.jpg, 피터 멤브리;데이비드 하우스 [공]지음;배장열 옮김, 제이펍,2014
총류,(분투 환경에서)C 언어로 배우는 리눅스 프로그래밍,앞으로 리눅스 환경에서 C 프로그래밍을 해야 하거나 리눅스 프로그래밍을 경험해보고 싶은 사람에게 바로 도움이 될 수 있는 실용적인 내용으로 구성되어 있다. 라이브러리를 활용한 접근 방식과 흥미롭고 적절한 예제 덕분에 학습하는 재미를 느낄 수 있다.,https://image.aladin.co.kr/product/1913/47/cover500/8979149530_1.jpg, 이이오 준 지음;김성재 옮김, 한빛미디어,2012
총류,막막한 독서,"독서모임진행자 시로의 첫 번째 인문 에세이다. 저자 시로는 ‘막막한 독서’라는 독서 모임을 15년 동안 지속해 왔다.『막막한 독서』에 서술된 스무 편이 넘는 소설은 그가 15년간 함께한 ‘막막한 독서인’의 소설 읽기이며, 저자 시로의 독서 노트이기도 하다.",https://shopping-phinf.pstatic.net/main_5127483/51274833618.20241107091638.jpg, 시로군 지음, 북루덴스,2024
총류,공부가 인생에 무슨 쓸모인지 묻는다면?,"폴폴 시리즈 6권. 철학, 문학, 다름과 존중(장애), 언어의 인문학 테마를 통해 ‘살아가면서 꼭 공부해야 할 한 가지’를 이야기한다. 정치철학자 이진민, 소설가 하성란, 사회적기업가이자 사회복지사 백정연, 언어학자 김미소 네 명의 저자가 각자의 이야기를 전하며 살아가는 데 필요한 나만의 배움을 진솔하고 흥미롭게 털어놓는다.",https://shopping-phinf.pstatic.net/main_5346761/53467610147.20250311084653.jpg, 이진민 외 지음;이주윤 그림, 책폴,2025
총류,결국 다 좋아서 하는 거잖아요,"사랑하는 한국문학이라는 세계를 알리기 위해 저자 김승복이 10년 전, 그리고 18년 전부터 성실히 뛰어다니며 만난 사람들에 대한 기록이다.",https://shopping-phinf.pstatic.net/main_5557318/55573183676.20250701091248.jpg, 김승복 지음, 달,2025
총류,2026 이기적 컴퓨터활용능력 1급 실기 기본서. 2-1: 스프레드시트,"출제기준을 분석, 반영하여 컴퓨터활용능력 실기 시험에 대비할 수 있도록 구성하였다. 1권 스프레드시트, 2권 데이터베이스, 3권의 함수공략집에서 이론과 기출 문제를 풀어보자.",https://shopping-phinf.pstatic.net/main_5546614/55466149550.20250625102406.jpg, 박윤정 지음, 영진.com,2025
총류,2026 이기적 컴퓨터활용능력 1급 필기 기본서. 1-1: 컴퓨터 일반,컴활 필기 시험을 준비하는 수험생이라면 필수인 책 <2026 이기적 컴퓨터활용능력 1급 필기 기본서>가 출간되었다. 기본서는 3권의 이론서와 상시 기출문제를 담은 기출공략집까지 총 4권으로 구성되어 있다.,https://shopping-phinf.pstatic.net/main_5521518/55215185808.20250610093805.jpg, 홍태성 지음;영진정보연구소 공저, 영진.com,2025
총류,2026 이기적 컴퓨터활용능력 1급 실기 기본서. 2-1: 스프레드시트,"출제기준을 분석, 반영하여 컴퓨터활용능력 실기 시험에 대비할 수 있도록 구성하였다. 1권 스프레드시트, 2권 데이터베이스, 3권의 함수공략집에서 이론과 기출 문제를 풀어보자.",https://shopping-phinf.pstatic.net/main_5546614/55466149550.20250625102406.jpg, 박윤정 지음, 영진.com,2025
총류,2026 이기적 컴퓨터활용능력 2급 실기 기본서. 1: 이론서,"출제기준을 분석, 반영하여 컴퓨터활용능력 실기 시험에 대비할 수 있도록 구성하였다. 1권의 이론서에서 핵심이론과 함수사전을 공부한 후, 2권의 문제집에서 상시 기출 문제&기출 유형 문제를 풀어보자.",https://shopping-phinf.pstatic.net/main_5548208/55482084245.20250626091911.jpg, 박윤정 지음, 영진.com,2025
총류,2026 이기적 컴퓨터활용능력 2급 실기 기본서. 1: 이론서,"출제기준을 분석, 반영하여 컴퓨터활용능력 실기 시험에 대비할 수 있도록 구성하였다. 1권의 이론서에서 핵심이론과 함수사전을 공부한 후, 2권의 문제집에서 상시 기출 문제&기출 유형 문제를 풀어보자.",https://shopping-phinf.pstatic.net/main_5548208/55482084245.20250626091911.jpg, 박윤정 지음, 영진.com,2025
총류,2026 이기적 컴퓨터활용능력 2급 필기 기본서. 1,컴퓨터활용능력 2급 필기 시험을 준비하는 모든 사람에게 필요한 <이기적 컴퓨터활용능력 2급 필기 기본서>가 출간되었다. 기본서로 개념을 탄탄하게 잡고 한 번에 합격하자!,https://shopping-phinf.pstatic.net/main_5534325/55343252774.20250619120719.jpg, 홍태성 지음;영진정보연구소 공저, 영진.com,2025
총류,2026 이기적 컴퓨터활용능력 2급 필기 기본서. 1,컴퓨터활용능력 2급 필기 시험을 준비하는 모든 사람에게 필요한 <이기적 컴퓨터활용능력 2급 필기 기본서>가 출간되었다. 기본서로 개념을 탄탄하게 잡고 한 번에 합격하자!,https://shopping-phinf.pstatic.net/main_5534325/55343252774.20250619120719.jpg, 홍태성 지음;영진정보연구소 공저, 영진.com,2025
총류,2026 이기적 컴퓨터활용능력 2급 필기 기본서. 1,컴퓨터활용능력 2급 필기 시험을 준비하는 모든 사람에게 필요한 <이기적 컴퓨터활용능력 2급 필기 기본서>가 출간되었다. 기본서로 개념을 탄탄하게 잡고 한 번에 합격하자!,https://shopping-phinf.pstatic.net/main_5534325/55343252774.20250619120719.jpg, 홍태성 지음;영진정보연구소 공저, 영진.com,2025
총류,2026 이기적 컴퓨터활용능력 1급 실기 기본서. 2-2: 데이터베이스,"출제기준을 분석, 반영하여 컴퓨터활용능력 실기 시험에 대비할 수 있도록 구성하였다. 1권 스프레드시트, 2권 데이터베이스, 3권의 함수공략집에서 이론과 기출 문제를 풀어보자.",https://shopping-phinf.pstatic.net/main_5546614/55466149550.20250625102406.jpg, 박윤정 지음, 영진.com,2025
총류,2026 이기적 컴퓨터활용능력 1급 실기 기본서. 2-2: 데이터베이스,"출제기준을 분석, 반영하여 컴퓨터활용능력 실기 시험에 대비할 수 있도록 구성하였다. 1권 스프레드시트, 2권 데이터베이스, 3권의 함수공략집에서 이론과 기출 문제를 풀어보자.",https://shopping-phinf.pstatic.net/main_5546614/55466149550.20250625102406.jpg, 박윤정 지음, 영진.com,2025
총류,2026 이기적 컴퓨터활용능력 1급 실기 기본서. 2-2: 데이터베이스,"출제기준을 분석, 반영하여 컴퓨터활용능력 실기 시험에 대비할 수 있도록 구성하였다. 1권 스프레드시트, 2권 데이터베이스, 3권의 함수공략집에서 이론과 기출 문제를 풀어보자.",https://shopping-phinf.pstatic.net/main_5546614/55466149550.20250625102406.jpg, 박윤정 지음, 영진.com,2025
총류,2026 이기적 컴퓨터활용능력 1급 필기 기본서. 1-1: 컴퓨터 일반,컴활 필기 시험을 준비하는 수험생이라면 필수인 책 <2026 이기적 컴퓨터활용능력 1급 필기 기본서>가 출간되었다. 기본서는 3권의 이론서와 상시 기출문제를 담은 기출공략집까지 총 4권으로 구성되어 있다.,https://shopping-phinf.pstatic.net/main_5521518/55215185808.20250610093805.jpg, 홍태성 지음;영진정보연구소 공저, 영진.com,2025
총류,2026 이기적 컴퓨터활용능력 1급 필기 기본서. 1-1: 컴퓨터 일반,컴활 필기 시험을 준비하는 수험생이라면 필수인 책 <2026 이기적 컴퓨터활용능력 1급 필기 기본서>가 출간되었다. 기본서는 3권의 이론서와 상시 기출문제를 담은 기출공략집까지 총 4권으로 구성되어 있다.,https://shopping-phinf.pstatic.net/main_5521518/55215185808.20250610093805.jpg, 홍태성 지음;영진정보연구소 공저, 영진.com,2025
총류,2026 이기적 컴퓨터활용능력 1급 필기 기본서. 1-2: 스프레드시트 일반,컴활 필기 시험을 준비하는 수험생이라면 필수인 책 <2026 이기적 컴퓨터활용능력 1급 필기 기본서>가 출간되었다. 기본서는 3권의 이론서와 상시 기출문제를 담은 기출공략집까지 총 4권으로 구성되어 있다.,https://shopping-phinf.pstatic.net/main_5521518/55215185808.20250610093805.jpg, 홍태성 지음;영진정보연구소 공저, 영진.com,2025
총류,2026 이기적 컴퓨터활용능력 1급 필기 기본서. 1-2: 스프레드시트 일반,컴활 필기 시험을 준비하는 수험생이라면 필수인 책 <2026 이기적 컴퓨터활용능력 1급 필기 기본서>가 출간되었다. 기본서는 3권의 이론서와 상시 기출문제를 담은 기출공략집까지 총 4권으로 구성되어 있다.,https://shopping-phinf.pstatic.net/main_5521518/55215185808.20250610093805.jpg, 홍태성 지음;영진정보연구소 공저, 영진.com,2025
총류,2026 이기적 컴퓨터활용능력 1급 필기 기본서. 1-2: 스프레드시트 일반,컴활 필기 시험을 준비하는 수험생이라면 필수인 책 <2026 이기적 컴퓨터활용능력 1급 필기 기본서>가 출간되었다. 기본서는 3권의 이론서와 상시 기출문제를 담은 기출공략집까지 총 4권으로 구성되어 있다.,https://shopping-phinf.pstatic.net/main_5521518/55215185808.20250610093805.jpg, 홍태성 지음;영진정보연구소 공저, 영진.com,2025
총류,2026 이기적 컴퓨터활용능력 1급 필기 기본서. 1-3: 데이터베이스 일반,컴활 필기 시험을 준비하는 수험생이라면 필수인 책 <2026 이기적 컴퓨터활용능력 1급 필기 기본서>가 출간되었다. 기본서는 3권의 이론서와 상시 기출문제를 담은 기출공략집까지 총 4권으로 구성되어 있다.,https://shopping-phinf.pstatic.net/main_5521518/55215185808.20250610093805.jpg, 홍태성 지음;영진정보연구소 공저, 영진.com,2025
총류,2026 이기적 컴퓨터활용능력 1급 필기 기본서. 1-3: 데이터베이스 일반,컴활 필기 시험을 준비하는 수험생이라면 필수인 책 <2026 이기적 컴퓨터활용능력 1급 필기 기본서>가 출간되었다. 기본서는 3권의 이론서와 상시 기출문제를 담은 기출공략집까지 총 4권으로 구성되어 있다.,https://shopping-phinf.pstatic.net/main_5521518/55215185808.20250610093805.jpg, 홍태성 지음;영진정보연구소 공저, 영진.com,2025
총류,2026 이기적 컴퓨터활용능력 1급 필기 기본서. 1-3: 데이터베이스 일반,컴활 필기 시험을 준비하는 수험생이라면 필수인 책 <2026 이기적 컴퓨터활용능력 1급 필기 기본서>가 출간되었다. 기본서는 3권의 이론서와 상시 기출문제를 담은 기출공략집까지 총 4권으로 구성되어 있다.,https://shopping-phinf.pstatic.net/main_5521518/55215185808.20250610093805.jpg, 홍태성 지음;영진정보연구소 공저, 영진.com,2025
총류,2026 이기적 컴퓨터활용능력 1급 필기 기본서. 1-3: 데이터베이스 일반,컴활 필기 시험을 준비하는 수험생이라면 필수인 책 <2026 이기적 컴퓨터활용능력 1급 필기 기본서>가 출간되었다. 기본서는 3권의 이론서와 상시 기출문제를 담은 기출공략집까지 총 4권으로 구성되어 있다.,https://shopping-phinf.pstatic.net/main_5521518/55215185808.20250610093805.jpg, 홍태성 지음;영진정보연구소 공저, 영진.com,2025
총류,2026 이기적 컴퓨터활용능력 1급 필기 기본서. 1-3: 데이터베이스 일반,컴활 필기 시험을 준비하는 수험생이라면 필수인 책 <2026 이기적 컴퓨터활용능력 1급 필기 기본서>가 출간되었다. 기본서는 3권의 이론서와 상시 기출문제를 담은 기출공략집까지 총 4권으로 구성되어 있다.,https://shopping-phinf.pstatic.net/main_5521518/55215185808.20250610093805.jpg, 홍태성 지음;영진정보연구소 공저, 영진.com,2025
총류,2026 이기적 컴퓨터활용능력 1급 필기 기본서. 1-3: 데이터베이스 일반,컴활 필기 시험을 준비하는 수험생이라면 필수인 책 <2026 이기적 컴퓨터활용능력 1급 필기 기본서>가 출간되었다. 기본서는 3권의 이론서와 상시 기출문제를 담은 기출공략집까지 총 4권으로 구성되어 있다.,https://shopping-phinf.pstatic.net/main_5521518/55215185808.20250610093805.jpg, 홍태성 지음;영진정보연구소 공저, 영진.com,2025
총류,2026 이기적 컴퓨터활용능력 2급 실기 기본서. 2: 문제집,"출제기준을 분석, 반영하여 컴퓨터활용능력 실기 시험에 대비할 수 있도록 구성하였다. 1권의 이론서에서 핵심이론과 함수사전을 공부한 후, 2권의 문제집에서 상시 기출 문제&기출 유형 문제를 풀어보자.",https://shopping-phinf.pstatic.net/main_5548208/55482084245.20250626091911.jpg, 박윤정 지음, 영진.com,2025
총류,2026 이기적 컴퓨터활용능력 2급 실기 기본서. 2: 문제집,"출제기준을 분석, 반영하여 컴퓨터활용능력 실기 시험에 대비할 수 있도록 구성하였다. 1권의 이론서에서 핵심이론과 함수사전을 공부한 후, 2권의 문제집에서 상시 기출 문제&기출 유형 문제를 풀어보자.",https://shopping-phinf.pstatic.net/main_5548208/55482084245.20250626091911.jpg, 박윤정 지음, 영진.com,2025
총류,2026 이기적 컴퓨터활용능력 2급 실기 기본서. 2: 문제집,"출제기준을 분석, 반영하여 컴퓨터활용능력 실기 시험에 대비할 수 있도록 구성하였다. 1권의 이론서에서 핵심이론과 함수사전을 공부한 후, 2권의 문제집에서 상시 기출 문제&기출 유형 문제를 풀어보자.",https://shopping-phinf.pstatic.net/main_5548208/55482084245.20250626091911.jpg, 박윤정 지음, 영진.com,2025
총류,2026 이기적 컴퓨터활용능력 2급 실기 기본서. 2: 문제집,"출제기준을 분석, 반영하여 컴퓨터활용능력 실기 시험에 대비할 수 있도록 구성하였다. 1권의 이론서에서 핵심이론과 함수사전을 공부한 후, 2권의 문제집에서 상시 기출 문제&기출 유형 문제를 풀어보자.",https://shopping-phinf.pstatic.net/main_5548208/55482084245.20250626091911.jpg, 박윤정 지음, 영진.com,2025
총류,AI 엔지니어링,"프롬프트 엔지니어링, RAG, 파인튜닝, 에이전트, 데이터셋 설계 등의 다양한 기법부터 평가 지표 설계, 인프라 최적화, 사용자 피드백을 통한 개선 루프 구축까지, AI 모델을 실제 서비스로 연결하기 위한 전 과정을 체계적으로 설명한다.",https://shopping-phinf.pstatic.net/main_5693640/56936409025.20250927071246.jpg, 칩 후옌 지음;변성윤 옮김, 한빛미디어,2025
총류,"(소상공인, 마케터, 직장인을 위한)된다! 미리캔버스 & 캔바 디자인 수업","비싸고 어려운 디자인 프로그램을 살지 말지 망설이거나 외주로 디자인을 맡겼는데 원하는 것을 설명하지 못해 고민만 깊었던 경험이 있다면, 이제 이 책이 그 고민을 말끔히 씻어 줄 것이다. 간단한 기능으로 수준 높은 퀄리티 작업을 해낼 수 있는 ‘미리캔버스’와 ‘캔바’를 알려 준다.",https://shopping-phinf.pstatic.net/main_5646754/56467541981.20250829093014.jpg, 방구석 다람쥐 지음, 이지스퍼블리싱,2025
총류,처음이지만 프로처럼 쓰는 노션 Notion,"노션은 메모, 프로젝트 관리, 협업까지 아우르는 최고의 생산성 도구이다. 하지만 많은 사용자가 빈 페이지 앞에서 막막함을 느끼거나, 남이 만든 템플릿에 의존하곤 한다. 이 책은 노션 앰버서더 노션너굴의 노하우를 담아, 기초부터 데이터베이스, 자동화 템플릿까지 실전 중심으로 안내한다.",https://shopping-phinf.pstatic.net/main_5675574/56755746002.20250917095242.jpg, 박한용(노션너굴) 지음, Digital Books(디지털북스),2025
총류,누구나 아는 나만 모르는 챗GPT,"누구나 아는, 그러나 나만 몰랐던 챗GPT와 AI, 이 책은 IT에 서툰 분도 단숨에 따라 할 수 있도록 진짜 쉽고 친절하게 설명한다. 카톡만큼 쉽고, 누구보다 친절한 챗GPT를 차근차근 익혀보자. 복잡한 기술 설명은 빼고, 꼭 필요한 핵심만 담아 누구라도 부담 없이 시작할 수 있다.",https://shopping-phinf.pstatic.net/main_5677064/56770643613.20250918101448.jpg, 누나IT(이성원) 지음, 한빛미디어,2025
총류,AI의 역사,"세계적인 AI 전문가 토비 월시가 집필한 이 책은 1800년대부터 이어진 인공지능의 거대한 발전사를 보여준다. 수많은 학자와 연구자, 기업들이 성공과 실패, 협업과 경쟁을 거쳐 써 내려간 방대한 드라마이자, IT 비즈니스의 흥망성쇠를 정리한 보고서이며, 동시에 앞으로 다가올 변화를 내다보는 미래 예측서이기도 하다.",https://shopping-phinf.pstatic.net/main_5669231/56692317077.20250912092046.jpg, 토비 월시 지음;김성훈 옮김, 세종연구원,2025
총류,2023 정보 보안 1000제. 2: 정답과해설,,/img/no_book.805feab5.png," 김정재,곽동훈", 프리렉,2023
총류,챗GPT와 글쓰기,"ChatGPT와 같은 AI가 어떻게 글을 쓰는지, 사람의 글쓰기와는 뭐가 다른지, 사람은 AI의 도움을 받아 어떻게 글을 쓸 수 있는지, AI보다 더 좋은 글은 어떻게 쓰는지 이 책이 친절하게 알려준다. 이 책은 엄연히 글쓰기 책이다.",https://image.aladin.co.kr/product/31148/51/cover500/k362831044_1.jpg, 김철수 지음, 위키북스,2023
총류,(Altera Quartus Ⅱ를 이용한)FPGA 시스템 설계 및 실습,,https://image.aladin.co.kr/product/616/67/cover500/8993668086_1.jpg, 박영석;송태훈 지음, GS인터비전,2013
총류,(EBS)지식 프라임,"EBS에서 방영된 신개념 교양다큐 <지식프라임>의 정수만 모았다. 에스컬레이터 한줄 서기, 우측통행 같은 평범한 사회현상에서 인간심리와 물리학의 연관관계를 찾는 식으로 지식의 샘에 다가가는 이 책은 세상의 순환원리를 이해하도록 도와준다. 우리가 알고 있다고 믿는 지식들이 사실은 얼마나 왜곡되었는지, 실생활 속에 무심코 스쳐가는 일상 속에 얼마나 많은 지식의 단초들이 숨어 있는 지 되새겨 볼 수 있다.",https://image.aladin.co.kr/product/607/63/cover500/8991643612_1.jpg, EBS 지식프라임 제작팀 지음, 밀리언하우스,2012
총류,도서관 여행,"10년 전 도서관이 그저 책 읽고 공부하는 곳에 불과한 어두컴컴한 장소였다면 지금의 도서관은 모든 사람이 쉬어갈 수 있는 휴식처로, 복합문화센터로 발돋움하고 있다. 도서관 100배 즐기기를 '떠나고 머무르고 돌아다니는' 여행에 비유한 책이다. 저자는 일상을 접고 훌쩍 여행을 떠나듯, 도서관으로의 여행을 통해 재미를 느끼고, 자유를 만끽하고, 달콤한 휴식을 취한다.",https://image.aladin.co.kr/product/1205/16/cover500/8994104046_1.jpg, 권희린 지음, 네시간,2012
총류,지식 e. 8,"지식e 8권의 주제는 ‘국민의, 국민에 의한, 국민을 위한’이다. 새로운 정부가 출범한 2013년, 정치란 무엇인가를 다시 한번 새겨보고픈 마음을 담아 30가지의 이야기를 담았다.",https://image.aladin.co.kr/product/2583/73/cover500/895605651x_1.jpg, EBS 지식채널ⓔ 제작팀 지음, 북하우스,2013
총류,48분 기적의 독서법,"개정증보판에서는 기존 연령대별 도서목록뿐만 아니라, Great Books 재단 도서목록을 국내에서 찾기 쉬운 도서로 엄선해 144권에서 70권으로 재선별했다. 이밖에도 서울대학교 권장도서 100선, 뉴욕타임즈 선정 100대 필독도서 등의 목록을 추가했다.",https://image.aladin.co.kr/product/2682/9/cover500/8966370454_1.jpg, 김병완 지음, 미다스북스,2013
총류,세상의 모든 지식,"인류의 진보를 믿으며 활동했던 참 인간, 눈앞에서는 손해가 올지 모르지만 결국에는 인류의 발전에 기여한 이론들, 그리고 우리가 몰랐던 탁월한 지성의 역사를 담은 책. 정치, 경제, 철학으로부터 역사, 예술, 과학에 이르는 분야에서 인류가 이룩해 온 모든 지식과 지성의 발자취가 두루 포함되어 있다.",https://image.aladin.co.kr/product/5947/71/cover500/8974837161_2.jpg, 김흥식, 서해문집,2015
총류,리눅스 마스터 2급 정복하기,,https://image.aladin.co.kr/product/3598/5/cover500/1185123083_1.jpg, 배유미;정성재 공저, 북스홀릭 Publishing,2014
총류,(사물인터넷을 품은)라즈베리 파이,사물인터넷은 물건을 나타내는 원자 세계와 인터넷을 통하여 정보를 나타내는 비트 세계의 만남이다. 라즈베리 파이는 아두이노와 더불어 사물인터넷을 위한 소프트웨어를 프로그래밍할 수 있는 대표적인 오픈소스 교육용 컴퓨터다.,https://image.aladin.co.kr/product/24800/45/cover500/k642631930_1.jpg, 김성우 지음, 제이펍,2020
총류,IT 용어 도감,하루가 멀다 하고 새롭게 등장하는 IT 용어. 모든 것을 외우는 것은 힘든 일이며 같은 의미의 용어나 같은 철자의 약어도 많아 혼란스럽다. 다만 기술의 발전에 수반해서 생겨난 용어가 대부분이므로 이 책에서 소개하는 엄선 용어를 짚고 넘어가면 앞으로 나올 최신 용어도 쉽게 이해할 수 있다.,https://image.aladin.co.kr/product/24791/51/cover500/8931589174_1.jpg, 마쓰이 토시카츠 지음;김기태 옮김, BM성안당,2020
총류,(Do it! )11가지 프로젝트로 시작하는 파이썬 생활 프로그래밍,"생활 프로그래머 김창현 박사가 일상과 업무에서 파이썬 프로그래밍을 활용한 경험을 바탕으로 만들어졌다. 가장 쉬운 활용법인 계산기부터 미드 '프렌즈'에서 대사 추출, 아파트 실거래가 통계 분석, 포털 사이트 기사 수집까지 총 11개 프로그램을 직접 만들어 볼 수 있다.",https://image.aladin.co.kr/product/24788/0/cover500/k072631735_1.jpg, 김창현 지음, 이지스퍼블리싱,2020
총류,우분투 리눅스,"대부분의 윈도 사용자를 위해 리눅스를 가상 머신에 설치하여 실습할 수 있도록 구성했고, 리눅스 시스템 관리에 필요한 기본 기능과 명령을 자세히 설명하여 리눅스의 기초에서부터 시스템, 서버 및 네트워크 구축 능력까지 키울 수 있도록 했다.",https://image.aladin.co.kr/product/13504/91/cover500/k902532601_1.jpg, 이종원 지음, 한빛아카데미,2018
총류,알파제로를 분석하며 배우는 인공지능,"프로 바둑 기사들에게 승리를 거둔 인공지능 알파고의 최신 버전인 알파제로를 실제로 만들어 보면서 학습하는 인공지능 프로그래밍 입문서이다. 작은 프로그램을 단계별로 작성하면서 프로그래밍 언어인 파이썬과 인공지능 기초 기술인 딥 러닝, 강화 학습, 탐색을 학습한다.",https://image.aladin.co.kr/product/22235/19/cover500/k882636617_1.jpg, 후루카와 히데카즈 지음;김연수 옮김, 제이펍,2019
총류,한 알의 모래에서 세계를 본다,"‘환경 고전’이라고 할 만한 책 30여 권에 대한 이야기 모음집이다. 오랫동안 환경 관련 잡지와 출판사에서 일하고 환경을 비롯한 여러 주제로 책을 쓰고 만든 저자가 세월이 흘러도 사그라지지 않는 ‘녹색의 빛’을 발하는, ‘지금, 팬데믹 시대에 우리가 꼭 읽어야 할 환경 책’을 선별했다.",https://image.aladin.co.kr/product/25312/83/cover500/8993690758_1.jpg, 장성익 지음, 이상북스,2020
총류,(이기적)정보처리기사. 3,"기본서(이론서)로 기초를 확실하게 다져놓고 이론을 확인하는 문제로 다양한 유형의 문제들을 풀어, 다시 한 번 자신의 실력을 점검할 수 있다.",https://image.aladin.co.kr/product/25508/63/cover500/8931462859_1.jpg," 최의준,영진정보연구소 지음", 영진닷컴,2020
총류,(맛있는 디자인)포토샵 CC 2020,"그래픽 디자인의 기본인 포토샵의 기초부터 활용까지 제대로 배울 수 있도록 구성하였다. 포토샵의 기본&핵심 기능을 꼼꼼하게 설명하여 기초부터 탄탄하게 학습할 수 있으며, 다양한 실무 예제 실습을 구성하여 디자인 실무를 효과적으로 익힐 수 있다.",https://image.aladin.co.kr/product/23423/74/cover500/k742638488_1.jpg," 윤이사라,김신애 지음", 한빛미디어,2020
총류,짚문화,"불과 얼마 전까지만 해도 곡식을 거두고 남은 볏짚은 지붕을 올리거나 그릇으로 만들어 썼고, 신발, 멍석 등 생활 곳곳에서 다양하게 쓰여 왔다. 실용성과 예술성을 두루 갖추었던 짚 제품의 생김새와 쓰임새, 짚의 민속을 통해 농촌에서조차 사라져 가는 옛것에 대한 아름다움을 살펴 본다.",https://image.aladin.co.kr/product/13/94/cover500/8936900013_2.jpg, 인병선 지음, 대원사,2001
총류,유기,"그릇, 촛대, 악기, 불구(佛具) 등 놋쇠로 만든 제품들을 통틀어 유기라 한다. 놋쇠는 세계적으로도 특이한 금속으로 이 책은 그 과학적인 성분에서부터 전통적인 유기 제작 방법과 제작 도구 등 유기의 역사와 종류를 정리했다.",https://image.aladin.co.kr/product/11/27/cover500/8936900021_2.jpg, 홍정실 지음, 대원사,2006
총류,유기,"그릇, 촛대, 악기, 불구(佛具) 등 놋쇠로 만든 제품들을 통틀어 유기라 한다. 놋쇠는 세계적으로도 특이한 금속으로 이 책은 그 과학적인 성분에서부터 전통적인 유기 제작 방법과 제작 도구 등 유기의 역사와 종류를 정리했다.",https://image.aladin.co.kr/product/11/27/cover500/8936900021_2.jpg, 홍정실 지음, 대원사,2006
총류,전통 매듭,"우리나라 매듭은 문헌이나 유물로는 배우기 어려운, 손끝에서 손끝으로 이어져 내려온 전승 민속 공예이다. 이 책은 이러한 매듭의 역사를 되짚어 보고 조선시대 매듭의 용도에 따른 구분과 매듭에 사용된 염색, 술의 제작 방법 등에 대해 설명한다.",https://image.aladin.co.kr/product/12/87/cover500/8936900056_2.jpg, 김은영 지음, 대원사,2007
총류,전통 자수,"자수는 의생활에 아름다움을 불어넣으려는 목적 뿐만 아니라 계급이나 사회적인 지위를 표시하려는 실용적인 요구의 반영물이다. 이 책은 이러한 자수의 개념 아래 고대부터 현대에 이르는 자수의 역사, 문양 등을 살펴보고 실제적인 자수의 기법을 소개한다. 또한 이들 자수가 사용된 여러 의상이나 도구, 장식물 등 명품에 담긴 단아한 아름다움을 보여 주고 있다.",https://image.aladin.co.kr/product/12/88/cover500/8936900064_2.jpg, 한영화 지음, 대원사,2010
총류,조상 제례,"조상 제례란 조상과 자손과의 이념적 관계를 행동으로 표현한 양식이다. 이러한 제례는 기제사, 차례, 묘제, 시제 등 여러 종류가 있으며 불천위 제사와 성씨 시조를 위한 제례가 있다. 이 책은 제례의 대상과 참가 자손, 절차와 음식 등을 소개하며 민속학의 입장에 국한되지 않고 사회, 경제, 문화의 측면에서 이들 제례의 양상을 살펴본다.",https://image.aladin.co.kr/product/13/18/cover500/8936900102_2.jpg, 임돈희 지음;김수남 사진, 대원사,2004
총류,최적합 리눅스 마스터 2급(최적합):국가공인 자격검정,리눅스마스터 2급 자격 취득을 위한 탄탄한 기본 이론을 설명하고 출제가 예상되는 문제를 정리한 다음 꼼꼼하게 해설하였다. 기출문제 분석과 기출문제에 대한 상세한 풀이를 중심으로 해당기출풀이만 봐도 관련 내용을 모두 학습할 수 있게 하였다.,https://image.aladin.co.kr/product/12804/32/cover500/8931554958_1.jpg, 임호진 지음, 성안당,2018
총류,마이크로컨트롤러,,https://image.aladin.co.kr/product/7980/35/cover500/k692434439_1.jpg, 정종대 지음, 공감북스,2016
총류,"세상을 만드는 글자, 코딩","코딩 및 프로그래밍 언어를 배운다고 ‘코딩’에 대해 다 안다고 말할 수 없다. 체계적으로, 그리고 무엇보다 차근차근 친절하게 설명하면서, 코딩이란 무엇이고 우리에게 코딩이 왜 필요한지를 이 책은 알려주고 있다.",https://image.aladin.co.kr/product/13178/33/cover500/8962622211_1.jpg, 박준석 지음, 동아시아,2018
총류,오직 읽기만하는 바보,"실제로 10대 자녀를 둔 저자가 자신의 자녀들에게 꼭 해주고 싶은 독서와 독서법 이야기를 담고 있는 책으로, 혁신적인 독서법으로 자신의 꿈을 이루고자 하는 모든 청소년들에게 보다 현실적인 로드맵을 제시한다.",https://image.aladin.co.kr/product/3042/59/cover500/8994194436_1.jpg, 김병완 지음, 브레인스토어,2013
총류,C를 배우면 함수를 잘 만들어야 한다,"저자가 십 수년간 프로그램 개발 전문가 교육을 하면서 왜곡된 프로그래밍 입문에 대해서 안타까움을 느끼고 이에 대해 프로그래밍 입문자들의 시행착오를 줄이고자 프로그램을 왜, 어떻게 작성해야 하는지 명확하게 제시하고 있다.",https://image.aladin.co.kr/product/681/5/cover500/8995664231_1.jpg, 김석현 지음, 명진도서,2010
총류,"데이터 은닉의 기술, 데이터 하이딩","비밀 통신, 진화된 악성 프로그램 기법, 데이터 은닉 기법에 사용되는 현재와 차세대의 툴과 기술에 대한 탐구를 제공한다. 데이터 하이딩 기술은 모바일 기기, 멀티미디어, 가상 환경 시스템 등 최신 기술을 포함한다.",https://image.aladin.co.kr/product/3042/87/cover500/8994774459_1.jpg, 마이클 라고;체트 호스머 [공]지음;김상정 옮김, 비제이퍼블릭,2013
총류,해킹과 침투 테스트를 위한 코딩,,https://image.aladin.co.kr/product/1848/40/cover500/8994774173_1.jpg, 제이슨 안드레스;라이언 린 [공]지음;김선국;양우철 [공]엮음, 비제이퍼브릭,2012
총류,라즈베리 파이 3,"라즈베리 파이의 개요와 OS 설치 방법, 저전력 소형 컴퓨터로의 이용, 유·무선 LAN 설정 서버 구축, 프로그래밍 기본, 전자 공작, I2C 디바이스 제어, 인터넷 서비스를 이용한 응용까지 라즈베리 파이의 활용 방법을 전체적으로 알아본다.",https://image.aladin.co.kr/product/15741/81/cover500/k252533231_1.jpg," 후쿠다 카즈히로 지음;김은철,유세라 옮김", 위키북스,2018
총류,스마트폰 100배 활용하기,"‘4차 산업혁명의 첨병’인 스마트폰을 단시간 내에 이해하여 실생활에서 가장 효과적으로 다룰 수 있도록 스마트폰의 기본적인 기능, 사용 방법과 함께 실제 많이 사용되는 스마트폰 앱(App)의 종류와 앱의 사용 방법을 소개한다.",https://image.aladin.co.kr/product/16429/25/cover500/k342533640_2.jpg, 박대영 외 지음, 행복에너지,2018
총류,(2500년 인문고전에서 찾은)말공부,"시공을 뛰어넘어 지혜의 정수로 남은 역사 속 인물들의 대화를 통해 말공부뿐만 아니라 사람공부, 더 나아가 인생공부를 함께 시도하는 책.",https://image.aladin.co.kr/product/3843/60/cover500/896596105x_3.jpg, 조윤제 지음, 흐름,2014
총류,"철통보안, 윈도우즈 레지스트리 포렌식","포렌식 분야에서 가장 분석하기 어려운 부분인 윈도우 레지스트리에 관한 도서로 레지스트리 하이브 파일의 바이너리 구조에 관한 이해를 발전시킬 수 있는 레지스트리의 배경지식을 제공한다. 또한 실시간 대응과 실시간 분석에 관한 접근이 포함되어 있을 뿐만 아니라, 사후분석에서 활용할 수 있는 도구들과 기법들이 상당히 많은 분량을 차지하고 있다.",https://image.aladin.co.kr/product/1262/53/cover500/899477405x_1.jpg, 할랜 카비 지음;백제현 옮김, 비제이퍼블릭,2011
총류,리버싱 윈도우,윈도우 구조를 먼저 이해하고 이를 바탕으로 실습을 통해 '리버싱'을 익히는 책이다. 윈도우 구조 학습은 디버거를 활용해 직접 부팅 단계부터 내부를 들여다보면서 학습한다. 실제로 디버깅 환경을 구축해보고 내부 구조를 살펴보는 방식을 취하고 있다.,https://image.aladin.co.kr/product/2997/7/cover500/8997924052_1.jpg, 한주성 지음, 로드북,2013
총류,컴퓨터활용능력 2급 필기 2024 총정리,"빠른 합격을 희망하는 수험생을 위해 핵심요약과 기출문제, 실전 모의고사로 구성한 초단기 합격 전략집이다. 독자분들의 의견을 반영하여, 2024년판 총정리가 가로 넘김형 도서로 출간되었다. 길이를 줄이되, 넓이를 키워 휴대성을 확보했다. 시원시원한 내용 배치로 가독성이 좋아졌다.",https://image.aladin.co.kr/product/32939/17/cover500/k202936043_1.jpg, 길벗알앤디;강윤석;김용갑;김우경;김종일 지음, 길벗,2023
총류,컴퓨터활용능력 2급 필기 2024 기본서,기출문제 분석을 통해 최신 출제 경향을 완벽하게 반영한 도서다. 철저한 분석으로 출제 개념을 구성하여 확실한 시험 대비가 가능하다. 각 섹션과 장이 끝날 때마다 기출문제와 핵심요약을 배치해 필수 학습 이론을 완벽 흡수할 수 있도록 만들었다.,https://image.aladin.co.kr/product/32476/41/cover500/k112935508_1.jpg, 길벗알앤디 지음, 길벗,2023
총류,컴퓨터활용능력 2급 실기 2024 총정리,"출제기능별 합격전략+기출+모의고사까지, 〈2024 시나공 컴퓨터활용능력 2급 실기 총정리〉. 빠른 합격을 희망하는 수험생을 위해 기능별 합격전략과 기출문제, 실전 모의고사로 구성한 초단기 합격 전략집이다.",https://image.aladin.co.kr/product/32972/70/cover500/k812936453_1.jpg, 길벗알앤디;강윤석;김용갑;김우경;김종일 지음, 길벗,2023
총류,프롬프트 엔지니어링으로 인공지능 제대로 일 시키기,"질문만 하면 바로 답을 내리는 인공지능이라도 어떻게 쓰느냐에 따라 천차만별의 결과를 만든다. 다양한 인공지능 서비스에 적용할 수 있는 프롬프트 엔지니어링을 배우고, 실질적으로 도움이 되는 직무별 인공지능 활용법을 살펴보자.",https://image.aladin.co.kr/product/32764/53/cover500/k202936283_1.jpg, 이규남;조우진;김동민 [공]지음, Jpub(제이펍),2023
총류,(신문으로 공부하는 말랑말랑)시사상식: 종합편,"효율적으로 상식을 쌓을 수 있는 신문 읽기 방법과 신문을 이해하는 데 꼭 필요한 키워드들을 수록한 수험서다. 시사상식의 주요 핵심 키워드들을 7개의 분야로 나눠 분야별 주요 상식을 말랑말랑한 설명과 함께, 쉽게 이해할 수 있도록 구성했다.",https://image.aladin.co.kr/product/32580/34/cover500/k802935247_1.jpg, 시사상식연구소 편저, SD에듀(시대고시기획),2024
총류,실무로 통하는 인과추론 with 파이썬,"관리자, 데이터 과학자, 데이터 분석가를 위한 A/B 테스트, 선형회귀, 성향점수, 통제집단합성법, 이중차분법과 같은 고전적 인과추론 방법과, 이질적 효과 추정을 위한 머신러닝 도입과 같은 현대적 접근법을 실제 응용 사례와 함께 다룬다.",https://image.aladin.co.kr/product/33517/78/cover500/k362938652_1.jpg," 마테우스 파쿠레 지음;신진수,가짜연구소 인과추론팀 [공]옮김", 한빛미디어,2024
총류,(모두를 위한)컴퓨터와 프로그래밍 지식,"컴퓨터를 전혀 모르는 사람이나 좀 더 깊이 있는 지식을 원하는 사람 모두가 IT 세상을 이해하는 데 도움이 될 수 있도록, IT 기술과 인공지능 기술의 근간이 되는 컴퓨터와 프로그래밍 지식을 쉽고 자세하게 설명한 IT 지식 입문서이다.",https://image.aladin.co.kr/product/33086/8/cover500/k992937605_1.jpg," 이연우,양기철,윤가희,전이주 [공]지음", 위키북스,2024
총류,챗GPT & 파이썬으로 AI 직원 만들기,"챗GPT와 파이썬을 활용해 기획부터 자료 준비, 이미지 생성, 영상 편집까지 할 줄 아는 ‘만능 유튜브 PD’ AI 앱을 만들어 본다. 프로젝트의 처음부터 끝까지 챗GPT와 함께하기에 파이썬 기초 문법만 알면 누구나 책의 실습을 끝까지 따라 해 앱을 만들 수 있다.",https://image.aladin.co.kr/product/32794/1/cover500/k762936698_1.jpg, 이성용 지음, 이지스퍼블리싱,2023
총류,(Do it!)데이터 분석을 위한 판다스 입문,《Do it! 데이터 분석을 위한 판다스》가 파이썬 3.11.X 버전과 판다스 2.X 버전에 맞춰 개정하였다. 기존 판보다 100쪽 이상 증보되어 더 자세하고 친절하다. 파이썬 기초를 뗐다면 이 책으로 판다스를 공부하기 어렵지 않다.,https://image.aladin.co.kr/product/32896/65/cover500/k122936629_1.jpg, 다니엘 첸 지음;시진 옮김, 이지스퍼블리싱,2023
총류,(OpenCV·Python)머신러닝·딥러닝 프로그래밍,"영상처리, 컴퓨터비전, 인공지능, 머신러닝, 딥러닝, 딥러닝 프레임워크, OpenCV DNN 모듈 이용을 위한 소프트웨어 설치 방법 등 파이썬 기반의 OpenCV, Tensorflow, PyTorch, ONNX를 이용하는 프로그래밍에 대하여 설명한다.",https://image.aladin.co.kr/product/29224/75/cover500/8980783116_1.jpg, 김동근 지음, 가메출판사,2022
총류,노션 덕후의 놀라운 꿀팁 아카이브,"노션의 기본 사용법과 고급 활용법 사이를 접착해줄 노션 덕후의 구석구석 노하우를 체계적으로 모아두었다. 복잡해서 누구도 알려주지 않았지만, 한 번 습득하고 나면 손쉽게 활용할 수 있는 방대한 양의 팁을 촘촘하게 담았다.",https://image.aladin.co.kr/product/33372/54/cover500/k642938319_1.jpg, 전소라 지음, 비제이퍼블릭,2024
총류,제가 쓰는 챗GPT는 당신이 쓰는 챗GPT와 전혀 다릅니다,“제가 쓰는 챗GPT는 당신이 쓰는 챗GPT와 전혀 다릅니다.” 챗GPT의 성능을 한 차원 끌어올리는 방법을 담은 책이 탄생했다. 『제가 쓰는 챗GPT는 당신이 쓰는 챗GPT와 전혀 다릅니다』는 단순한 챗GPT 사용법이 아닌 챗GPT를 제대로 사용하고 있는 상위 1%의 활용법을 다룬다.,https://image.aladin.co.kr/product/33492/91/cover500/k152938357_1.jpg, 허민 지음, 리코멘드,2024
총류,(사장님 몰래하는)파이썬 업무 자동화,"웹, 엑셀, 워드, PDF, 이메일 파일&폴더 정리 등의 다양하고 실용적인 업무 자동화 패키지를 파이썬 초보 입장에서 친절히 설명했다. 이 책을 통해 매일 반복되는 루틴한 문서 작업을 효율화해 보자.",https://image.aladin.co.kr/product/33148/50/cover500/k302937138_1.jpg," 정용범,손상우 [공]지음", 비제이퍼블릭,2024
총류,양자컴퓨터의 미래,"저명한 이론물리학자이자 세계적인 베스트셀러 작가 미치오 카쿠가 양자컴퓨터의 역사와 원리, 힘과 가능성을 특유의 유려하고 명쾌한 문체로 흥미진진하게 풀어낸다.",https://image.aladin.co.kr/product/33011/4/cover500/8934955171_1.jpg, 미치오 카쿠 지음;박병철 옮김, 김영사,2023
총류,(그림과 작동 원리로 쉽게 이해하는)서버의 기초,"눈부신 변화의 한가운데에 있는 서버를 갑자기 다루게 된 '신입 IT 엔지니어' 또는 '비IT 엔지니어' 독자를 대상으로 설명한다. 인프라 관련 업무에서 기본적으로 꼭 알아둬야 할 중요한 용어를 잘 정리하고 이해할 수 있도록, 소프트웨어나 서비스 이름을 설명과 그림으로 충분히 담았다.",https://image.aladin.co.kr/product/31544/28/cover500/k242832643_1.jpg, 키하시 마사히로 지음;김모세 옮김, 위키북스,2023
총류,(2024 단원별 기출 1000제)정보봉사개론,"‘정보봉사론’, ‘정보검색론’, ‘디지털도서관론’으로 영역을 나누어 공무원 시험에 출제되는 모든 영역의 기출문제를 체계적으로 정리했다. 영역별로 2010~2021년 사이에 출제된 기출문제를 수록하였고, 준비하는 시험에 따라 난이도별로 선택적으로 학습할 수 있도록 기본문제와 심화문제로 배치하였다.",https://image.aladin.co.kr/product/33196/34/cover500/k432937756_1.jpg, 신인수 편저, 스페라 플러스,2024
총류,디지털 논리회로,이 책의 특징은 논리회로의 분석 및 설계를 위하여 반드시 알아야 할 핵심적인 내용들만 발췌하여 이해하기 쉽도록 간결하게 설명하였다는 점과 한 학기 동안 마지막 장까지 공부하기에 적합하도록 분량을 조절하였다는 점이다.,https://image.aladin.co.kr/product/30664/39/cover500/897050608x_1.jpg, 김종현 지음, 생능출판,2022
총류,독학 강의노트,"독서교육론, 학교도서관운영론을 수록한 강의노트 교재다. 다양한 도표와 그림자료를 통해 개념정리를 제공한다.",https://image.aladin.co.kr/product/31197/22/cover500/k782831053_1.jpg, 신인수 지음, 미래가치,2023
총류,(맛있는 디자인)포토샵 & 일러스트레이터 CC 2024,"그래픽 디자인에 꼭 필요한 포토샵과 일러스트레이터를 한번에, 그리고 가볍게 배울 수 있다. 핵심만 골라 담아 부담 없이 학습할 수 있으며, 따로따로 배우는 것보다 두 가지 프로그램을 더욱 효과적으로 익힐 수 있다.",https://image.aladin.co.kr/product/33272/90/cover500/k882938771_1.jpg," 빨간고래,윤이사라 [공]지음", 한빛미디어,2024
총류,러닝 깃허브 액션,"오픈 소스 작가이자 트레이너, DevOps 디렉터인 저자가 완벽한 깃허브 사용법을 설명한다. 액션과 워크플로가 무엇인지, 이를 프로세스에 통합해 개발 과정을 단순화, 표준화, 자동화하는 방법은 무엇인지 알아본다.",https://image.aladin.co.kr/product/33992/18/cover500/k672930641_1.jpg," 브렌트 래스터 지음 ;정의형,;정한결 [공] 옮김", 한빛미디어,2024
총류,(Do it!) 조코딩의 첫 웹 개발,우리가 평소에 보던 웹 페이지가 어떻게 만들어지는지 알게 된다면 어렵게만 느껴지던 코딩도 재미있어지고 웹 개발자가 어떤 일을 하는지도 배울 수 있다. 이 책은 웹 개발의 전 과정을 이론 중심으로 외우기보다 코드를 직접 작성하며 실습을 해보자. 이 책을 끝까지 완독한다면 이제 어디가서 “나 웹 개발 해봤다!”라고 말할 수 있을 것이다.,https://image.aladin.co.kr/product/33976/17/cover500/k902930548_1.jpg, 조동근;조경민 [공] 지음, 이지스퍼블리싱,2024
총류,"(생각한 대로 말할 수 없어 답답했던) 개발자를 위한 생각의 정리, 문서 작성법","컴퓨터를 구동하기 위해 프로그래밍 언어가 필요한 것처럼, 원만하게 협업하고 업무를 수월하게 진행하려면 특별한 ‘언어’가 필요하다. 이 책은 바로 이 ‘언어’가 되는 정보 정리 기술을 소개하고, 이 기술을 접목하여 실제로 종류별 문서는 어떻게 작성하는지 설명한다.",https://image.aladin.co.kr/product/33921/52/cover500/8965403863_1.jpg, 카이마이 미즈히로 지음 ;안동현 옮김, 프리렉,2024
총류,이미지 처리 바이블,"스마트폰의 카메라 앱부터 자율 주행 차량, 그리고 최근 발표한 OpenAI의 동영상 생성 서비스인 Sora까지, 이미지 처리와 컴퓨터 비전 기술은 이미 우리 생활에 깊숙이 자리잡고 있다. 이 책은 이미지 처리의 기본적인 개념부터 시작하여 고급 컴퓨터 비전 기술, 인공지능을 이용한 이미지 분석까지 광범위한 주제를 다룬다.",https://image.aladin.co.kr/product/33847/80/cover500/k682930007_1.jpg, 류태선;콥스랩 연구원 [공] 지음, 길벗,2024
총류,SQL 자격검정 실전문제,,https://image.aladin.co.kr/product/33258/31/cover500/8988474910_1.jpg, 한국데이터산업진흥원 편, 한국데이터산업진흥원,2023
총류,켄트 벡의 Tidy First?,"익스트림 프로그래밍(XP)의 창시자이자 소프트웨어 패턴의 선구자, 켄트 벡이 10년 만에 돌아왔다. 격변의 시기에 놓인 우리를 위한 그의 첫 번째 조언은, 시스템의 전체적인 구조를 생각하며 코드를 작성하고, 복잡한 코드는 논리적인 작은 조각으로 정리하는 방법이다.",https://image.aladin.co.kr/product/33708/44/cover500/k472930471_1.jpg, 켄트 벡 지음 ;안영회 옮김, 한빛미디어,2024
총류,함수형 프로그래밍 with 자바,"함수형 프로그래밍에 새롭게 도입된 다양한 기능을 실전 예제와 함께 소개하고, 기존 자바 코드를 함수형 스타일로 변환하는 방법을 구체적으로 다룬다. 또한 실무에서 자주 활용되는 일반적인 객체 지향 디자인 패턴을 살펴보고, 함수형 접근 방식이 이러한 패턴에 어떤 이점을 제공하고 있는지도 살펴본다.",https://image.aladin.co.kr/product/33664/26/cover500/k322939739_1.jpg, 벤 바이히디 지음 ;허귀영 옮김, 한빛미디어,2024
총류,(Web.programming.git이 쉬워지는) 비주얼 스튜디오 코드 가이드,"웹 디자이너나 프로그래머는 물론 평범한 텍스트 에디터로 Visual Studio Code를 사용하는 분들도 더욱 편리하게 사용할 수 있도록 기본부터 커스터마이즈, 효율 향상에 도움을 주는 기능들, 나아가 Visual Studio Code가 표준 지원하는 Git의 사용법까지 꼼꼼히 담았다.",https://image.aladin.co.kr/product/33823/88/cover500/8931475381_1.jpg," 리브로웍스 지음 ;김은철,;유세라 [공] 옮김", 영진.com(영진닷컴),2024
총류,(데이터에듀) 빅데이터 분석기사,"『빅데이터 분석기사』 자격증을 준비하는 수험생들을 위한 도서이다. 2014년 데이터분석 준전문가(Advanced Data Analytics semi-Professional, ADsP) 자격증 시험 시행 이후 정부 주도로 빅데이터 분야의 국가공인 자격증 신설을 준비해 왔다.",https://image.aladin.co.kr/product/33849/91/cover500/k512930108_1.jpg, 윤종식 지음, 데이터에듀,2024
총류,도메인 주도 설계 첫걸음,"도메인 주도 설계를 이해하고 적용하는 데 필요한 이론과 사례를 담은 실질적인 지침서. 비즈니스 도메인을 분석하고 비즈니스 전략을 이해하는 것은 물론이고, 무엇보다 비즈니스 요건에 맞춰 소프트웨어 설계를 조정하기 위한 일련의 핵심 패턴, 원리, 실천법을 알아본다.",https://image.aladin.co.kr/product/29522/75/cover500/k462837347_1.jpg," 블라드 코노노프 지음 ;김민석,;오창윤 [공] 옮김", 위키북스,2022
총류,(업무 속도 10배 향상!) 챗GPT 프롬프트 120% 질문 기술,"이 책을 활용해 본인에게 꼭 맞는 프롬프트를 작성할 수 있도록 작성 방법을 알려준다. 그리고 업무용 문장 작성, 아이디어 도출, 일상생활 속 활용법과 곤란한 상황을 해결할 합리적인 조언, PC/스마트폰 사용법까지 각종 일상과 업무 수행 상황 속 프롬프트를 제시한다.",https://image.aladin.co.kr/product/33855/86/cover500/8956749752_1.jpg, ChatGPT 비즈니스 연구회 지음 ;김모세 옮김, 정보문화사,2024
총류,청소년을 위한 두 글자 인문학,"우리 일상 속 무수한 두 글자 가운데 삶에서 떼려야 뗄 수 없는 아홉 가지 두 글자를 선별해 그 하나하나의 주제를 오롯이 풀어낸 책이다. 독자 스스로 답을 찾으며, 또 새로운 물음을 더해 가며, 자신만의 새로운 관점을 오롯이 키워나갈 수 있을 것이다.",https://image.aladin.co.kr/product/32934/74/cover500/k222936945_1.jpg, 김경윤 [외]지음, 지노,2023
총류,청소년을 위한 두 글자 인문학,"우리 일상 속 무수한 두 글자 가운데 삶에서 떼려야 뗄 수 없는 아홉 가지 두 글자를 선별해 그 하나하나의 주제를 오롯이 풀어낸 책이다. 독자 스스로 답을 찾으며, 또 새로운 물음을 더해 가며, 자신만의 새로운 관점을 오롯이 키워나갈 수 있을 것이다.",https://image.aladin.co.kr/product/32934/74/cover500/k222936945_1.jpg, 김경윤 [외]지음, 지노,2023
총류,라즈베리파이,,https://shopping-phinf.pstatic.net/main_3250617/32506177032.20220527051624.jpg, 심재창, 홍릉과학,2016
총류,"파이썬 매일 코딩 : 매일 10분, 50가지 연습 문제로 키우는 파이썬 코딩 실력!","파이썬을 마스터할 수 있는 유일한 방법은 연습이다. 숫자 맞히기 게임, 16진수 출력하기와 같은 간단한 문제부터 판매세 계산하기, 순환하는 이터레이터 만들기와 같은 궁금한 문제들까지 프로그래밍 실력을 키워 줄 엄선된 50가지 연습 문제를 담았다.",https://shopping-phinf.pstatic.net/main_3246007/32460070241.20230711113946.jpg, 루벤 M. 러너, 길벗,2021
총류,시리얼 포트 완전정복,"시리얼 포트는 아직 건재하다! 시리얼 통신 개발자를 위한 완벽 가이드. 다양한 용도로 활용할 수 있는 시리얼 통신과 네트워크 구축, 프로그래밍을 위한 지침서다. PC용 COM 포트와 USB 가상 COM 포트 시리얼 통신 기술. 임베디드 시스템과 PC 간, 임베디드 시스템 간의 데이터 송수신을 위한 시리얼 포트 활용 방법을 담고 있다.",https://shopping-phinf.pstatic.net/main_3251247/32512471868.20230725121602.jpg, Jan Axelson 지음;박상진 옮김, 에이콘,2010
총류,네트워크 인프라 자동화,"급변하는 IT 환경에서 네트워크 관리자와 엔지니어들이 반드시 알아야 할 자동화 기술의 진수를 담아낸 가이드북이다. 구글, 아마존, 페이스북과 같은 기술 거인들이 어떻게 네트워크를 자동화하여 효율성을 극대화하는지, 그 비밀이 이 한 권에 모두 담겨 있다.",https://shopping-phinf.pstatic.net/main_4938410/49384102624.20240728075106.jpg, 맷 오스왈트 [외]지음;이주호 옮김, 한빛미디어,2024
총류,자기주도 파이썬(4판),,https://shopping-phinf.pstatic.net/main_4980033/49800339741.20240816071239.jpg, 한컴에듀케이션 알고리즘연구소, 복두출판사,2024
총류,엑셀 X 파이썬,"MS 365 엑셀에 파이썬을 통합하는 강력한 기능이 업데이트되었다. 이 책은 엑셀에서 파이썬을 사용하는 기본적인 방법부터 다양한 파이썬 라이브러리를 활용하여 주식 시세 분석, 알고리즘 구현 등 주요 데이터 분석 및 시각화 라이브러리를 제대로 활용하는 방법을 소개한다.",https://shopping-phinf.pstatic.net/main_4925594/49255941621.20240720092116.jpg, 정성일 지음, 길벗,2024
총류,문해력 브레인,"교사로 시작해 30녀 년 동안 독서지도를 해온 저자는 ‘공부=독서’라는 믿음으로 인문 고전 독서 위주의 교육을 해왔다. 지도를 받은 아이들의 긍정적인 변화를 보면서 공부재미 들이고, 문해력을 높이는데 정석이 되었던 비결을 7가지 키워드로 풀어내 공유한다.",https://shopping-phinf.pstatic.net/main_4917227/49172277620.20240716090927.jpg, 박한나 지음, 박이정,2024
총류,생각을 넓혀주는 독서법,"저자들이 제안하는 독서법은 기존에 우리가 알고 있다고 착각하는 독서법을 훌쩍 뛰어넘어 책을 어떻게 표지와 목차로 판단하는지, 어떻게 이해의 바탕인 기초적 읽기 능력을 갖춘 다음 살펴보기, 분석하기, 통합적 읽기로 나아가는지 다양한 책을 사례로 들어 알려준다.",https://shopping-phinf.pstatic.net/main_4684697/46846973619.20240404092858.jpg, 모티머 J. 애들러;찰스 밴 도렌 [공]지음;독고 앤 옮김, 시간과공간,2024
총류,고전이 답했다,"매일 아침 7만 명이 유튜브 강의를 찾아 듣고, 한 달에 20여 차례 전국의 강연장을 찾아가 독자들을 만나는 이 시대 최고의 강연자. 30만 독자가 기다린 베스트셀러 저자 고명환이 지난 10여 년간의 인생 내공이 응축된 책, 『고전이 답했다 마땅히 살아야 할 삶에 대하여』에서 고전(古典)에서 길어 올린 흔들림 없는 삶의 내공을 전한다.",https://shopping-phinf.pstatic.net/main_4986114/49861148625.20240820091409.jpg, 고명환 지음, 라곰,2024
총류,(10대를 위한)데이터 과학 with 파이썬,"데이터 과학에 대한 열정을 가지고 있는 저자는 지난번 <10대를 위한 데이터과학 with 엔트리>를 출간하여, 청소년들이 데이터 과학을 쉽게 이해하고 재미있게 배울 수 있도록 도왔다. 많은 독자들이 긍정적으로 평가해 준 덕분에 큰 힘이 되었고, 그 성원에 힘입어 이번에는 <10대를 위한 데이터과학 with 파이썬>을 준비하게 되었다.",https://shopping-phinf.pstatic.net/main_4886480/48864800634.20240704072045.jpg, 구덕회;권다혜;박소연 [공]저, 잇플,2024
총류,어른의 문해력,“이대로 따라 하면 쓱 읽기만 해도 싹 이해하게 됩니다!” 읽어도 읽은 것 같지 않고 10분 이상 집중이 안 되는 어른을 위한 주 3회 문해력 트레이닝.,https://shopping-phinf.pstatic.net/main_3249411/32494110675.20230927071435.jpg, 김선영 지음, 블랙피쉬(백도씨),2022
총류,만만한 독서,"‘평생 독서’의 가장 중요한 시기인 청소년부터 독서를 잃어버린 성인에 이르기까지 제대로 책을 읽어보겠다고 마음먹은 사람이라면 누구에게나, 어떻게 좋은 읽기 경험을 만들지를 알려주는 책이다.",https://shopping-phinf.pstatic.net/main_4882876/48828761626.20240702091411.jpg, 이윤숙;강윤성;이지현 [공]지음, 생애,2024
총류,AI 영상 제작,"속지 않을 자신 있나? 숏폼부터 딥페이크까지 미드저니, 챗GPT부터 캡컷, 피카, 스테이블 디퓨전, 스테이블 비디오까지 활용법 수록하였다. 쇼츠, 릴스, 틱톡을 자유자재로! 누구나 쉽고 빠르게 콘텐츠 제작 가능하다. 놀라운 딥페이크 기술의 세계를 이해할 수 있다.",https://shopping-phinf.pstatic.net/main_4838639/48386394618.20240613092314.jpg, 민지영 외 지음, 길벗,2024
총류,Computer Time Travel : How to build a microprocessor from transistors,,https://image.aladin.co.kr/product/10139/76/cover500/0995707200_2.jpg, Js Walker 지음, Oldfangled Publishin,2017
총류,그림으로 쉽게 설명하는 안드로이드 프로그래밍,"안드로이드 앱 개발자를 위한 책으로 최신 14.0 버전에서 업데이트된 내용들을 수정하고 반영하였고 14.0 버전에 맞지 않는 코드는 삭제하거나 수정하였다. 독자들이 흥미를 가질 수 있는 예제들을 새롭게 추가하였으며, 많이 사용되지 않는 부분은 과감히 삭제하였고 최근 중요도가 증가하는 내용을 새롭게 추가하였다.",https://shopping-phinf.pstatic.net/main_4531628/45316284623.20240119070908.jpg, 천인국 지음, 생능,2024
총류,블렌더로 애니 그림체 캐릭터를 만들어보자! : 카툰 렌더링편,"블렌더로 귀여운 애니 그림체 캐릭터를 모델링하자! 기본 조작부터 귀여운 캐릭터 만드는 팁까지 단계별로 소개한 책이다. 애니 그림체 3D CG와 버튜얼 캐릭터 제작까지! 총 2권으로 구성된 실전용 해설서 중 두 번째, '카툰렌더링편'이다.",https://shopping-phinf.pstatic.net/main_5079676/50796767619.20241013071126.jpg, 나츠모리 카츠 지음;김모세 옮김, AK커뮤니케이션즈,2024
총류,20가지 템플릿으로 배우는 노션,노션의 기본 기능부터 고급 기능까지 단계별로 템플릿을 직접 만들어 볼 수 있도록 구성하여 노션을 처음 써보는 입문자나 노션 페이지를 워드 문서처럼 텍스트만 입력해서 사용하는 사람들까지 모두를 위한 완벽한 가이드이다.,https://shopping-phinf.pstatic.net/main_5030856/50308565619.20240914071422.jpg, 전시진 지음, 시프트,2024
총류,비전공자를 위한 AWS,"수백만 개의 기업이 문서를 공유하고, 비즈니스 애플리케이션을 실행하고, 중요한 데이터를 저장하기 위해 AWS를 사용하고 있다. 이 책은 비전공자를 위해 전문용어나 복잡한 코드 없이 클라우드 컴퓨팅 개념과 AWS 기능을 명쾌하게 설명한다.",https://shopping-phinf.pstatic.net/main_5078884/50788841620.20241012072707.jpg, 히로코 니시무라 지음;강전희 옮김, 제이펍,2024
총류,1일 1단어 1분으로 끝내는 AI공부,"글담출판 청소년 교양서 <111 시리즈> 여덟 번째 책. AI를 이해하기 위한 필수 단어 100개를 선별해 기본 개념, 역사, 머신러닝, 딥러닝, 응용분야, 기술 및 도구, 주요 인물과 조직, 인공지능 윤리, 대중문화 속 인공지능, 인공지능의 미래의 10개 장으로 나눠 소개한다.",https://shopping-phinf.pstatic.net/main_5044988/50449883628.20240924082347.jpg, 최재운 지음, 글담출판,2024
총류,(비전공자도 이해할 수 있는)AI 지식,"2022년 처음 출간되어 10만 명이 넘는 독자들에게 꾸준한 사랑을 받으며 AI 교양서로 자리매김한 《비전공자도 이해할 수 있는 AI 지식》의 10만부 기념 개정판. 2023년 GPT-4 출시로 화제가 된 챗GPT에 대한 내용이 대폭 보완되었을 뿐 아니라, 2024년이 되면서 변화한 부분들을 전반적으로 새롭게 업데이트했다.",https://shopping-phinf.pstatic.net/main_5077667/50776676623.20241012072700.jpg, 박상길 지음;정진호 그림, 비즈니스북스,2024
총류,(박태웅의)AI 강의 2025,"베스트셀러 《박태웅의 AI 강의》가 최신 AI 트렌드와 더 깊은 인사이트를 담아 돌아왔다. 인공지능 원리에 대한 쉬운 설명은 그대로 유지한 채 더욱 깊이 있는 기술 지식이 책 곳곳에 추가되었고, 우리가 반드시 알아야 할 AI 트렌드는 물론이요, AI로 인해 변화될 앞으로의 우리 모습까지 조망하고 있다.",https://shopping-phinf.pstatic.net/main_5027488/50274887627.20240912092102.jpg, 박태웅 지음, 한빛비즈,2024
총류,읽어도 읽은 게 아니야!,"실제 코칭 사례를 많이 담고자 노력했다. 그러다 보니 비문학 내용이 중심이고, 신문 칼럼 이야기가 많이 나온다. 공통되는 부분도 있지만, 설명하고 주장하는 글을 중심으로 정리했다.",https://shopping-phinf.pstatic.net/main_3851461/38514611624.20230926085056.jpg, 이승화 지음, 시간여행,2023
총류,"(챗GPT도, 일론 머스크도 알고 싶은)요즘 어른을 위한 최소한의 인공지능 이야기",인공지능에 관심은 많지만 잘 모르는 이들을 대상으로 쓴 인공지능 입문서다. 인공지능 기원부터 미래까지 친절하게 설명한다. 책은 독자들이 접근하기 쉽게 질답 형식으로 구성되어 있다.,https://shopping-phinf.pstatic.net/main_4875411/48754112619.20240629071037.jpg, 한세희 지음, 날(태학사),2024
총류,1일 1페이지 짧고 깊은 지식수업 365 : 교양 편,"짧지만 넓고 깊은 다양한 분야의 지식수업 1일 1페이지로 365일 동안 교양을 쌓는다. 이 책은 지식의 가치를 높이고, 지식의 갈증을 느끼는 독자들과 배움에 힘쓰는 이들을 위해 작은 도움이라도 되었으면 하는 마음으로 쓰였다. 그리고 7가지의 다양한 분야의 교양지식을 다루었다.",https://shopping-phinf.pstatic.net/main_3246406/32464065326.20230801122013.jpg, 김옥림 지음, MiraeBook,2022
총류,1일 1페이지 짧고 깊은 지식수업 365 : 마음 편,"《프리드리히 니체 말》, 《쇼펜하우어의 인생론》, 《톨스토이의 인생론》 같은 짧지만 긴 울림을 주는 삶의 성찰을 담았다. 저자가 30년 넘게 시, 에세이, 소설, 인문서, 교양서, 자기계발서, 교육서, 잠언 등의 다양한 글을 쓰고 강연하면서 배우고 연구하고 경험하고 깨달은 모든 지혜가 담겨 있다.",https://shopping-phinf.pstatic.net/main_4520846/45208462618.20240114070851.jpg, 김옥림 지음, 미래북,2024
총류,(Do it!)반응형 웹 페이지 만들기,"서비스 기획, 웹 디자인, 개발까지 1인 3역을 해내는 저자가 가장 효율적으로 반응형 웹사이트를 제작할 수 있는 방법과 노하우를 알려 준다. 헷갈리기 쉬운 반응형 웹의 기본 개념부터 플렉서블 박스, 가변 그리드, 뷰포트와 같은 핵심 기술까지 예제로 실습하는 전 과정을 담았다.",https://shopping-phinf.pstatic.net/main_3244497/32444972699.20241015075936.jpg, 김운아 지음, 이지스퍼블리싱,2021
총류,(Do it!)모던 자바스크립트 프로그래밍의 정석,자바스크립트를 모르는 입문자부터 지금도 자바스크립트로 코딩을 하고 있는 개발자까지 모두에게 도움이 될 수 있도록 최신 문법부터 다양한 API를 활용하는 방법까지 담아 자바스크립트의 교과서라 할 수 있는 책으로 완성했다.,https://shopping-phinf.pstatic.net/main_3608972/36089728624.20230926085201.jpg, 고경희 지음, 이지스퍼블리싱,2022
총류,(Do it!)자바스크립트 + 제이쿼리 입문,누적 5만 5천 명의 독자가 선택한 IT 분야 스테디셀러 《Do it! 자바스크립트+제이쿼리 입문》이 최신 문법과 실무 노하우를 강화하여 전면 개정되었다. 171개 예제로 자바스크립트의 기본 문법을 익히고 반응형 웹 프로젝트를 직접 만들며 실무에서 활용할 수 있는 플러그인까지 공부한다.,https://shopping-phinf.pstatic.net/main_5178158/51781582618.20241207071004.jpg, 정인용 지음, 이지스퍼블리싱,2024
총류,(2025 시나공)정보처리기능사 필기 기본서,"2025 시나공 정보처리기능사 필기 기본서는 기출문제를 면밀히 분석함으로써 출제 경향을 완벽하게 반영한 책으로, 매년 개정을 통해 최신 기출문제를 수록하고 있다. 철저한 분석으로 출제 개념을 구성하여 확실한 시험 대비가 가능하다.",https://shopping-phinf.pstatic.net/main_5104425/51044254618.20241026092254.jpg," 길벗알앤디,강윤석,김용갑,김우경,김종일 지음", 길벗,2024
총류,난생처음 인공지능 입문,"IT 비전공자뿐만 아니라 중고등학생도 쉽게 배울 수 있는 인공지능 입문서이다. 인공지능의 개념을 실생활에서 접할 수 있는 사례를 중심으로 재미있는 삽화와 생생한 이미지를 통해 친절하게 설명한다. 그리고 인공지능을 구현하기 위해 필요한 기술인 GPU, 5G, 클라우드, 사물인터넷, 빅데이터, 머신러닝, 인공신경망, 딥러닝 등을 자세히 알아본다.",https://shopping-phinf.pstatic.net/main_5077949/50779492634.20241012072657.jpg, 서지영 지음, 한빛아카데미,2024
총류,AI 리터러시,이 정도쯤은 알아야 할 수준으로 선별한 'AI와 데이터 지식'을 일러스트와 함께 친절하게 설명하며 출발한다. 인공지능의 탄생과 작동 원리부터 시작해 AI가 요즘과 근미래에 우리 사회에 끼칠 영향을 두루 조망하며 AI 시대에 대한 균형 잡힌 시각을 선보인다.,https://shopping-phinf.pstatic.net/main_5160511/51605115647.20241129092308.jpg, 김용성 지음, 프리렉,2024
총류,스프링 6와 스프링 부트 3로 배우는 모던 API 개발,"RESTful 웹 서비스 기본 지식, 스프링에 대한 개념 이해, API 스펙 설계를 포함한 API 개발에 필수적인 다양한 주제를 다루며 비동기 API 설계, 보안, 사용자 인터페이스 설계, API 테스트, 웹 서비스 배포 등을 설명한다.",https://shopping-phinf.pstatic.net/main_5163429/51634297621.20241129071052.jpg," 소라브 샤르마 지음;김광영,문종민,박천구 옮김", 위키북스,2024
총류,기계는 왜 학습하는가,과학저술가 아닐 아난타스와미의 이 책은 오늘날의 AI를 있게 한 알고리즘을 구성하는 핵심 수학을 상세하게 살펴봄으로써 기계 안에서 어떤 과정이 작동하고 있는지를 선명하게 제시한다.,https://shopping-phinf.pstatic.net/main_5320846/53208469591.20250227095417.jpg, 아닐 아난타스와미 지음;노승영 옮김, 까치,2025
총류,(마법 같은 영상 제작을 위한)스마트폰 촬영 및 편집 with 캡컷,"아이폰, 갤럭시 등 스마트폰에 탑재된 카메라는 매년 업그레이드되어 전문가의 촬영 장비 못지않은 성능을 자랑한다. 이런 고성능 카메라를 유튜브 시청용으로만 사용한다면 너무 아깝지 않을까? 영상 콘텐츠 제작은 더 이상 전문가만의 전유물이 아니다. 지금부터는 스마트폰 카메라를 사용해 소중한 추억, 재미있는 일상을 영상으로 남겨 보자.",https://shopping-phinf.pstatic.net/main_5280038/52800387827.20250208075137.jpg, 롱제이 지음, 시프트,2025
총류,AI 리터러시,이 정도쯤은 알아야 할 수준으로 선별한 'AI와 데이터 지식'을 일러스트와 함께 친절하게 설명하며 출발한다. 인공지능의 탄생과 작동 원리부터 시작해 AI가 요즘과 근미래에 우리 사회에 끼칠 영향을 두루 조망하며 AI 시대에 대한 균형 잡힌 시각을 선보인다.,https://shopping-phinf.pstatic.net/main_5160511/51605115647.20241129092308.jpg, 김용성 지음, 프리렉,2024
총류,"작심하고 다시, 기자","20년 차 MBC 기자였던 장인수는 2023년 11월 20일, 김건희 디올백 수수 사건을 보도하기 위해 MBC를 나왔다. <작심하고 다시, 기자>는 MBC를 나와 유튜브 채널 <저널리스트>를 만든 장인수 기자의 지난 취재기를 담았다.",https://shopping-phinf.pstatic.net/main_5248332/52483322964.20250116071203.jpg, 장인수 지음, 시월,2025
총류,신기한 현상 사전,"우리가 일상 속에서 겪었을 법한 다양한 현상의 원인과 이름을 알려 주는 《아이들도 잘 모르고 어른들은 더 모르는 신기한 현상 사전》이 출간되었다. 이 책은 자주 겪지만 왜 일어나는지 잘 몰랐던, 그리고 아무도 원인을 알려 주지 않는 신기한 현상 56가지를 요시타케 신스케의 그림으로 소개한다.",https://shopping-phinf.pstatic.net/main_3244551/32445515392.20221228072423.jpg, 요시타케 신스케 그림;이소담 옮김;신기한 현상학회 기획, 주니어김영사,2022
총류,(2025 시나공)워드프로세서 필기 기본서,"지금까지 출제된 모든 기출문제를 유형별로 분석하여 합격이 가능한 수준을 정한 후, 출제 비중이 낮은 내용은 과감히 빼고 중요한 것은 확실하게 표시해 둠으로써 어떠한 변형 문제가 나오더라도 대처할 수 있도록 최대한 자세하고 쉽게 설명했다.",https://shopping-phinf.pstatic.net/main_5015322/50153227624.20240905092051.jpg," 길벗알앤디,강윤석,김용갑,김우경,김종일 지음", 길벗,2024
총류,(2025 시나공)워드프로세서 실기 기본서,"시험에 꼭 나오는 기능만 17가지로 압축하여 따라하기 형식으로 구성하였다. 20회 분량의 모의고사, 5회 분량의 최신 기출문제를 통해 시험에 어떤 문제가 나와도 해결할 수 있도록 훈련한다. 유튜브와 홈페이지에서 핵심별 저자 무료 강의를 제공한다.",https://shopping-phinf.pstatic.net/main_4987792/49877926630.20240822070940.jpg," 길벗알앤디,강윤석,김용갑,김우경,김종일 지음", 길벗,2024
총류,(2025 시나공)워드프로세서 실기 기본서,"시험에 꼭 나오는 기능만 17가지로 압축하여 따라하기 형식으로 구성하였다. 20회 분량의 모의고사, 5회 분량의 최신 기출문제를 통해 시험에 어떤 문제가 나와도 해결할 수 있도록 훈련한다. 유튜브와 홈페이지에서 핵심별 저자 무료 강의를 제공한다.",https://shopping-phinf.pstatic.net/main_4987792/49877926630.20240822070940.jpg," 길벗알앤디,강윤석,김용갑,김우경,김종일 지음", 길벗,2024
총류,(2025 시나공)워드프로세서 실기 기본서,"시험에 꼭 나오는 기능만 17가지로 압축하여 따라하기 형식으로 구성하였다. 20회 분량의 모의고사, 5회 분량의 최신 기출문제를 통해 시험에 어떤 문제가 나와도 해결할 수 있도록 훈련한다. 유튜브와 홈페이지에서 핵심별 저자 무료 강의를 제공한다.",https://shopping-phinf.pstatic.net/main_4987792/49877926630.20240822070940.jpg," 길벗알앤디,강윤석,김용갑,김우경,김종일 지음", 길벗,2024
총류,(2025 이기적)워드프로세서 필기 + 실기 올인원,"수험생의 학습 부담을 줄이기 위해, 한 권으로 워드프로세서 필기와 실기 시험 대비가 동시에 가능하도록 집필된 교재다. 단기간에 필기와 실기 시험을 빠르게 합격할 수 있도록 핵심 내용만 압축하여 최적의 구성을 완성했다.",https://shopping-phinf.pstatic.net/main_5101446/51014461625.20241026071035.jpg," 김옥남,송재현 공저", 영진.com,2024
총류,(김범준의)핸즈온 리액트 네이트브,"프로젝트를 시작하면서 리액트 네이티브를 학습할 수 있도록 구성되어 있다. 계산기, ToDo리스트, 여행 사진 공유 앱 만들기 등 3가지 프로젝트를 진행하면서 필요한 리액트 네이티브 기초 내용을 익히고, 다양한 라이브러리를 사용해보며 크로스 플랫폼 모바일 앱 개발 역량을 키운다.",https://dls2.edunet.net/DLS/api/homepage/holding/getCoverImage.do?prov_code=E10&neis_code=E100000276&bib_key=34206328670, 김범준 지음, 한빛미디어,2022
총류,프로그레시브 웹앱 만들기,"글로벌 IT 기업들이 주목하는 차세대 웹 기술인 프로그레시브 웹앱(PWA)을 다룬다. 뷰와 뷰티파이, ES6 버전 이상의 모던 자바스크립트를 활용해 기본적인 반응형 웹을 개발하고, 여기에 PWA의 핵심 요소를 추가함으로써 데스크톱이나 모바일 등 어디서나 실행되는 웹앱을 만들어 본다.",https://dls2.edunet.net/DLS/api/homepage/holding/getCoverImage.do?prov_code=E10&neis_code=E100000276&bib_key=34206329482, 김응석 지음, 이지스퍼블리싱,2022
총류,(Do it!)리액트 네이티브 앱 프로그래밍,크로스플랫폼 방식의 모바일 앱 개발 프레임워크인 리액트 네이티브를 다룬다. 리액트 네이티브로 개발한 앱을 플랫폼별 코드로 빌드하면 안드로이드와 iOS 앱을 한 번에 만들 수 있어 시간과 비용을 아낄 수 있다.,https://dls2.edunet.net/DLS/api/homepage/holding/getCoverImage.do?prov_code=E10&neis_code=E100000276&bib_key=34206332036, 전예홍 지음, 이지스퍼블리싱,2021
총류,(2025 시나공)정보처리기능사 필기 기본서,"2025 시나공 정보처리기능사 필기 기본서는 기출문제를 면밀히 분석함으로써 출제 경향을 완벽하게 반영한 책으로, 매년 개정을 통해 최신 기출문제를 수록하고 있다. 철저한 분석으로 출제 개념을 구성하여 확실한 시험 대비가 가능하다.",https://dls2.edunet.net/DLS/api/homepage/holding/getCoverImage.do?prov_code=E10&neis_code=E100000276&bib_key=34206445275, 길벗알앤디 지음, 길벗,2025
총류,주니어 백엔드 개발자가 반드시 알아야 할 실무 지식,"성능 저하, DB 연결 오류, 비동기 연동 문제, 동시성 제어, 인프라 운영, 보안 취약점 등 서비스 운영 과정에서 겪게 되는 핵심 이슈를 살펴보면서 왜 이런 문제가 발생하는지, 어떻게 대응해야 하는지를 체계적으로 알려준다.",https://dls2.edunet.net/DLS/api/homepage/holding/getCoverImage.do?prov_code=E10&neis_code=E100000276&bib_key=34206462743, 최범균 지음, 한빛미디어,2025
총류,(10대를 위한)시사 개념어 상식 사전,"경제, 무역, 법률, 사회, 환경, 역사, 철학, 정치, 노동, 과학, IT, 사자성어 등 다양한 주제로 학교에서 배운 내용과 최근 사회적으로 이슈가 되고 있는 어휘를 뽑아, 총 7가지 주제로 나누어 어휘와 개념어를 모두 담아냈다.",https://dls2.edunet.net/DLS/api/homepage/holding/getCoverImage.do?prov_code=E10&neis_code=E100000276&bib_key=34206494571, 김한수 지음, 하늘아래,2024
총류,(2025 이기적)정보기기운용기능사 실기 기본서,"최신 출제기준을 적용한 도서로, 정보기기운용기능사 실기 시험 경향을 분석하여 수험생들이 혼자서도 학습할 수 있도록 한 완벽 대비서이다. Packet Tracer 프로그램 사용법과 시행처에서 공개한 샘플 문제를 반영하였으며, 기출 유형 문제 12회, 모의고사 8회를 따라해 봄으로써 누구나 쉽게 정보기기운용기능사 실기 시험에 합격할 수 있도록 구성하였다.",https://dls2.edunet.net/DLS/api/homepage/holding/getCoverImage.do?prov_code=E10&neis_code=E100000276&bib_key=34206526291, 영진정보연구소 저, Youngjin.com(영진닷컴,2024
총류,(챗GPT)일타강사의 직장인 업무 만렙 공략집,"프로 일잘러들만 몰래 쓰던 챗GPT 업무 활용 노하우가 드디어 책으로 공개된다. 120개 기업이 앞다퉈 섭외하고 직장인 2만 명이 극찬한 ‘챗GPT 일타강사’의 초실전 업무 공략법을 한 권에 압축했다. 이 책은 단순한 AI 사용법이 아닌, 진짜 업무 성과로 직결되는 극강의 예제만을 안내한다.",https://dls2.edunet.net/DLS/api/homepage/holding/getCoverImage.do?prov_code=E10&neis_code=E100000276&bib_key=34206543207, 이승필 지음, 한빛미디어,2025
총류,(된다!)조회수 터지는 유튜브 쇼츠 만들기,유튜브 쇼츠를 처음 시작하는 분들을 위해 ‘첫 영상 올리기’부터 ‘수익화’까지 전 과정을 담은 입문서이다. 유튜브가 밀어 주는 키워드와 주제를 발굴해 채널의 방향성과 전략을 구사할 수 있도록 다양한 벤치마킹 방법과 챗GPT 활용법을 소개한다.,https://dls2.edunet.net/DLS/api/homepage/holding/getCoverImage.do?prov_code=E10&neis_code=E100000276&bib_key=34206544564, 최지영 지음, 이지스퍼블리싱,2025
총류,커서 AI,"커서 AI라는 혁신적 도구를 통해 개인과 조직이 어떻게 미래를 준비할 수 있는지 그 청사진을 제시한다. 커서 AI에게 내가 만들고 싶은 것을 ‘사람의 말’로 설명하면 된다. 그냥 바이브(감각)에 몸을 맡기고 코드가 있다는 사실조차 잊어버리는 이른바 바이브 코딩(Vibe Coding)이다. 이 책의 실습을 따라해 보는 것만으로도 내 일상, 내 업무에 당장 써먹을 수 있는 노하우를 얻을 수 있을 것이다.",https://dls2.edunet.net/DLS/api/homepage/holding/getCoverImage.do?prov_code=E10&neis_code=E100000276&bib_key=34206608503, 서승완(유메타랩 대표) 지음, 스마트북스,2025
총류,"양자컴퓨터의 미래, 불확정성","양자역학의 핵심적인 개념의 하나인 불확정성원리는 미시세계에 대한 자연법칙으로, 불확정적인 이론이 아니라 수많은 실험을 통해 옳음이 증명된 확정적 이론이다. 저자는 진지하면서도 흥미롭게 불확정성이 태동하게 된 배경과 과정을 그린다. 불확정성의 원리가 태동할 수밖에 없었던 19세기 여명기부터 이 새로운 물리 원리에 대한 20세기의 격돌을 차근차근 설명해 나간다.",https://dls2.edunet.net/DLS/api/homepage/holding/getCoverImage.do?prov_code=E10&neis_code=E100000276&bib_key=34206717103, 데이비드 린들리 지음;박배식 옮김, 시스테마,2025
총류,알아두면 쓸데 있는 유쾌한 상식사전. [3]: 언어·예술편,"‘내가 알고 있는 상식이 과연 진짜일까?’라는 의문에서 출발해, 수많은 책과 각종 연구자료, 신문, 방송 등을 파헤쳐 엮은 ‘가리지날 시리즈’의 세 번째 책이다. 사람들에게 잘못 알려지거나 제대로 알려지지 않았던 수많은 상식 중 세 번째로, 말과 글, 음악과 미술, 영화와 애니메이션 등의 내용을 담았다.",https://shopping-phinf.pstatic.net/main_3243632/32436328771.20230718122818.jpg, 조홍석 지음, 트로이목마,2021
총류,(이게 되네?)클로드 MCP,클로드에 MCP를 붙여서 가능한 모든 곳에 AI를 적용해 생산성을 끝까지 끌어올리는 방법을 소개한다. 수동적으로 질의와 응답을 반복하는 AI에 질렸다면 이 책을 펼쳐보자. 명령이 떨어지기 무섭게 업무를 쳐 내는 AI를 직접 만나게 될 것이다.,https://shopping-phinf.pstatic.net/main_5544876/55448762927.20250624111540.jpg, 박현규 저, Golden rabbit(골든래빗),2025
총류,(이 정도는 알아야 할)최소한의 잡학상식,"이 세상에 쓸데없는 지식이란 없다. 가볍게 보이는 상식이더라도 알아두면 보는 눈이 넓어지고 세상을 이해하는 힘이 커진다. 이 책은 은 크게 8파트(사회·생활, 신체·의학, 세계, 동물·곤충·식물, 예술·스포츠, 과학·수학, 음식, 역사)로 나누어, 일상에서 바로 활용할 수 있는 흥미롭고 다채로운 상식들을 엄선해 담았다.",https://shopping-phinf.pstatic.net/main_5667055/56670558108.20260115073101.jpg, 문예춘추사 편집부 편, 문예춘추사,2025
총류,(2026 시나공)프로그래밍기능사 . [2]: 실기 기본서,2026년부터 정보처리기능사가 ‘프로그래밍기능사’로 이름과 출제기준이 전면 개편된다. 바뀐 출제기준을 100% 반영하였다. NCS 학습 모듈을 가이드 삼아 자세한 설명과 충분한 예제를 더한 후 기초가 없는 수험생도 이해할 수 있도록 최대한 쉽게 설명하고 출제 예상 문제를 같이 수록했다.,https://shopping-phinf.pstatic.net/main_5854263/58542632264.20260331114706.jpg, 길벗알앤디 지음, 길벗,2026
총류,(2026 시나공)프로그래밍기능사 . [2]: 실기 기본서,2026년부터 정보처리기능사가 ‘프로그래밍기능사’로 이름과 출제기준이 전면 개편된다. 바뀐 출제기준을 100% 반영하였다. NCS 학습 모듈을 가이드 삼아 자세한 설명과 충분한 예제를 더한 후 기초가 없는 수험생도 이해할 수 있도록 최대한 쉽게 설명하고 출제 예상 문제를 같이 수록했다.,https://shopping-phinf.pstatic.net/main_5854263/58542632264.20260331114706.jpg, 길벗알앤디 지음, 길벗,2026
총류,2026 이기적 컴퓨터활용능력 2급 필기 기본서. 1,컴퓨터활용능력 2급 필기 시험을 준비하는 모든 사람에게 필요한 <이기적 컴퓨터활용능력 2급 필기 기본서>가 출간되었다. 기본서로 개념을 탄탄하게 잡고 한 번에 합격하자!,https://shopping-phinf.pstatic.net/main_5534325/55343252774.20250619120719.jpg, 홍태성 지음;영진정보연구소 공저, 영진.com,2025
총류,파이썬 코딩 도장,이론 > 실습 > 퀴즈 > 연습문제 > 심사문제로 반복해서 학습한다. 핵심정리와 Q&A로 학습한 내용을 정리한다. 혼자 작성한 코드가 올바른지 알 수 없다. 심사를 통과하지 못한다면 코드가 잘못된 것이다. 온라인 심사로 꼼꼼하게 채점해서 실수를 바로 잡을 수 있다.,https://shopping-phinf.pstatic.net/main_3718091/37180911622.20260331121613.jpg, 남재윤 지음, 길벗,2023
총류,(2026 이기적)프로그래밍기능사 필기 기본서,정보처리기능사에서 프로그래밍기능사로 바뀐 새 시험에 맞춘 국내 최초 기본서다. 기초부터 실전까지 이론서+기출공략집으로 구성해 노베이스도 이해하기 쉽게 설명하고 중간 문제로 복습하도록 했다. 새 자격증 변화에 가장 빠르게 적응하도록 돕는 필기 대비서다.,https://shopping-phinf.pstatic.net/main_5798136/57981366055.20260331111954.jpg, 김흥식 지음, 영진닷컴,2026
총류,(2026 시나공)컴퓨터활용능력 2급 필기,"A-Z까지 기본 탄탄, <2026 시나공 컴퓨터활용능력2급 필기 기본서>. 2026 시나공 컴퓨터활용능력2급 필기 기본서는 기출문제 분석을 통해 최신 출제 경향을 완벽하게 반영한 도서다.",https://shopping-phinf.pstatic.net/main_5513707/55137070364.20260331100924.jpg, 길벗알앤디 지음, 길벗,2023
총류,우리집 인문학. 6: 영화,"신화의 시대부터 현대사까지 한국사의 결정적 순간 15선을 선정해, 영화 속 이야기와 연결된 원문과 질문을 통해 역사를 입체적으로 이해하도록 이끈다. 줄거리 감상에 그치지 않고, 영화가 던지는 질문을 출발점으로 실제 역사적 맥락과 시대의 고민을 함께 탐구한다.",https://shopping-phinf.pstatic.net/main_5888950/58889500396.20260331104802.jpg, 양혜원 지음, 상상스퀘어,2026
총류,(청소년이 꼭 알아야 할)시사이슈 2026,분초를 다투며 이슈를 쫓는 현직 기자들이 치열한 논의 끝에 직접 건져 올린 살아 꿈틀거리는 ‘대어’ 이슈 11가지를 정리한 책이다. 이슈를 놓치거나 잘못 짚으면 말 그대로 ‘망하는’ 기자들이 엄선한 『청소년이 꼭 알아야 할 시사이슈』 2026년 판이다.,https://shopping-phinf.pstatic.net/main_5776398/57763981361.20260331093444.jpg, 강병철 [외]지음, 동아엠앤비,2025
총류,고전툰. 2: 경제,"플라톤의 『국가』로 시작하며 정치의 본질을 물었던 1권에 이어, 인간의 삶을 지탱하는 또 다른 축 ‘경제’를 탐구한다. 애덤 스미스의 『국부론』, 마르크스의 『자본론』, 헨리 조지의 『진보와 빈곤』, 소스타인 베블런의 『유한계급론』, 박제가의 『북학의』까지… 저자들이 깊게 고민하고 의논하여 선정한 5권의 고전 속에 담긴 사상과 논의를 따라가며, 오늘의 경제를 새롭게 읽어낸다.",https://shopping-phinf.pstatic.net/main_5743230/57432301005.20260331100614.jpg," 강일우,김경윤,송원석 지음", 펜타클,2025
총류,(2026 시나공) 컴퓨터활용능력 2급 실기 기본서,"A-Z까지 기본 탄탄, <2026 시나공 컴퓨터활용능력2급 실기 기본서>. 기출문제 분석을 통해 최신 출제 경향을 완벽하게 반영한 도서이다.",https://shopping-phinf.pstatic.net/main_5579426/55794264772.20250715073116.jpg, 길벗알앤디 [외]지음, 길벗,2024
총류,지구 곳곳 지붕 없는 박물관,"지붕 없는 박물관이라는 발상은 박물관이 ‘객관적 전시’ 중심에서 ‘공동체의 기억과 참여’ 중심으로 전환되는 흐름을 보여준다. “우리는 왜 박물관을 갖는가?”라는 질문에 장소와 문화, 생태적 삶을 보전하고 다시 상상하기 위함이라고 답한다.",https://shopping-phinf.pstatic.net/main_5776650/57766500059.20260331113955.jpg, 김성균 지음, 이담북스,2025
총류,가짜의 바다에서 진짜를 알아보는 힘,정보는 믿는 것이 아니라 읽는 것이다! 보고 들을 것이 넘치는 정보 과잉의 시대 그럴듯한 ‘페이크’와 침묵하는 ‘팩트’를 읽는 법.,https://shopping-phinf.pstatic.net/main_5698831/56988315630.20260331094911.jpg, 양승목 글;최혜진 그림, 김영사,2025
총류,신문 읽기의 혁명,1997년 발행 이후 대학 새내기들의 필독서로 꾸준히 사랑받아온 손석춘의 개정1판. 2003년 오늘의 시각에 맞게 좀더 상세한 설명과 함께 최근 신문 편집의 예를 덧붙였다.,https://image.aladin.co.kr/product/40/46/cover500/8985548948_1.jpg, 손석춘 지음, 개마고원,2010
총류,절대지식 세계고전,"<교양으로 읽어야 할 절대지식> 개정판. 고전 200여 권의 내용을 다이제스트한 초판본 가운데 반드시 읽어야 할 핵심 고전 94권을 선정해 고전의 정수만을 모았다. 책의 판형은 신국판형인 초판본에 비해 읽기에 편한 4*6판형으로 제작해 가독성을 높였고, 종이도 재생지를 사용해 무게를 줄이면서 휴대하기 편하도록 배려했다.",https://image.aladin.co.kr/product/725/63/cover500/8988350995_1.jpg, 사사키 다케시 외 지음;윤철규 옮김, 이다미디어,2010
총류,코틀린 이것만 보면 돼,안드로이드 기반의 클라이언트는 물론 윈도우 기반의 서버를 구현하여 스마트폰에 있는 사진 및 영상을 PC로 전송하는 프로그램을 제작해본다. 온라인에서 볼 수 있는 흔한 예제가 아닌 하나의 독창적 서비스로 발전시킬 수 있는 예제를 제공한다.,https://image.aladin.co.kr/product/18228/90/cover500/k362534442_1.jpg, 서준수 지음, 비제이퍼블릭,2019
총류,(맛있는 디자인)프리미어 프로＆애프터 이펙트 CC 2019,"영상 제작과 편집에 꼭 필요한 프리미어 프로와 애프터 이펙트를 한 번에 쉽게 배울 수 있다. 영상, 모션 그래픽 제작 및 편집 필수 기능만 골라 담아 부담 없이 학습할 수 있으며, 두 프로그램을 따로따로 배우는 것보다 효과적으로 익힐 수 있다.",https://image.aladin.co.kr/product/17915/10/cover500/k652534937_1.jpg," 김덕영 외 지음,심수진,윤성우,이수정", 한빛미디어,2019
총류,(Udemy.com 베스트셀러 강사 하울의)Firebase로 안드로이드 SNS 앱 만들기,"Firebase의 기본적인 기능부터 실제로 사용되는 Firebase 코드들이 정리되어 있으며, Firebase에서 가장 많이 쓰이는 Authendication(인증), Database(데이터베이스), Storage(저장소) 사용법이 정리되어 있다.",https://image.aladin.co.kr/product/15835/55/cover500/k482533334_1.jpg, 하울 지음, BJpublic,2018
총류,안드로이드 with Kotlin 앱 프로그래밍 가이드,"자바와 코틀린으로 직접 구현하며 익히는 실전형 앱 프로그래밍 완벽 가이드. 기존의 자바와 코틀린을 비교 설명하고, 모든 실전형 앱 프로젝트들을 자바와 코틀린 각각으로 구현하는 과정을 통하여 보다 쉽고 효율적인 이해를 도울 수 있도록 구성하였다.",https://image.aladin.co.kr/product/17747/71/cover500/k322534228_1.jpg, 안귀정 지음, 아이콕스,2019
총류,안드로이드 App 개발,"‘안드로이드 애플리케이션을 개발하고 싶지만 막상 배우려고 하니 너무 어렵다’ 또는 ‘개발은 하고 싶은데 어떻게, 무엇부터 시작해야 할지 모르겠다.’고 호소하는 분들을 위한 책.",https://image.aladin.co.kr/product/5365/78/cover500/1186333286_1.jpg," 전현민,김재완 공저", 복두출판사,2015
총류,(Node.js와 오픈소스를 활용한)안드로이드 서비스 개발,"제이펍의 모바일 시리즈. 맛집 검색 및 등록 서비스를 제공하는 ‘베스트푸드’ 애플리케이션 개발 과정을 설명하며, 이를 통해 클라이언트와 서버 그리고 데이터베이스를 어떻게 구성하는지를 배울 수 있다.",https://image.aladin.co.kr/product/11465/49/cover500/k062531007_1.jpg, 한동호 지음, 제이펍,2017
총류,(만들면서 배우는)Android Game Programming,안드로이드 게임 개발에 필요한 환경 구성부터 시작하며 간단한 Hello World부터 시작해서 단계별로 게임을 완성해가면서 게임 프로그래밍에 필요한 기술을 습득할 수 있도록 구성한 책이다.,https://image.aladin.co.kr/product/2774/68/cover500/8968480249_1.jpg, 황동윤 지음, 한빛미디어,2013
총류,독서의 역사,"문자의 시작에서부터 글 읽기, 독서 방법의 변화, 책의 형태 그리고 책을 읽는다는 것이 무엇을 의미하는지 등 독서행위와 관련된 다방면의 문제들에 대해 서술하는 책이다. 저자는 책과 관련된 다양한 주제들을 다루면서 그 속에 내포되어 있는 사회적, 문화적 의미를 분석해내고 있다.",https://image.aladin.co.kr/product/8680/12/cover500/898407568x_1.jpg, 알베르토 망구엘 지음;정명진 옮김, 세종서적,2016
총류,"다시, 책으로","쉴 새 없이 디지털 기기에 접속하며 ‘순간접속의 시대’를 살아가는 우리의 뇌가 인류의 가장 기적적인 발명품인 읽기(독서), 그중에서도 특히 ‘깊이 읽기’ 능력을 영영 잃어버릴지도 모른다는 긴급한 경고를 담은 책이다.",https://image.aladin.co.kr/product/17915/74/cover500/k642635493_1.jpg, 매리언 울프 지음;전병근 옮김, 어크로스,2019
총류,Making books,초보자도 혼자서 쉽게 따라 할 수 있는 핸드크래프트 북바인딩 가이드북. 영국 최초의 북아트 공방 런던북아트센터(LCBA)의 두 운영자가 유럽의 정통 제책 기법에 현대적 감수성을 더한 감각적이고 세련된 12가지 핸드크래프트 북바인딩을 소개한다.,https://image.aladin.co.kr/product/16598/35/cover500/k682533052_1.jpg, 사이먼 구드 외 지음;김부민 옮김, 푸른지식,2018
총류,(이기적in)정보시스템 감리사 기출문제집,정보시스템 감리사 시험을 준비하는 분들이 효과적으로 시험에 대비할 수 있도록 구성된 기출문제집이다. 정보시스템 감리사 기출문제에 대해서 상세한 풀이를 제공하는 책으로서 감리사 시험을 준비하는 데 가장 중요한 기출문제를 2005~2015년 11회분을 수록하였다.,https://image.aladin.co.kr/product/9817/29/cover500/8931455135_1.jpg, 임호진 지음, 영진닷컴,2016
총류,"기초부터 완성까지, 프런트엔드","탄탄하게 개념을 잡고, 개념을 바로 적용하며 이해할 수 있도록 실습 활동을 추가했다. 현업에 적용할 수 있는 기술과 업무의 효율을 높여주는 기술, 모두 놓치지 않고 담았다. 두 마리의 토끼를 다 잡고 싶은 욕심꾸러기 독자분께 이 도서를 추천한다.",https://image.aladin.co.kr/product/28376/93/cover500/k852835600_1.jpg," 이재성,한정 지음", 비제이퍼블릭,2021
총류,마케터의 파이썬,"현업에서 접하는 각종 사례를 들어 데이터를 가공하고 보고서를 만드는 과정을 보여준다. 빅데이터 분석을 위한 판다스 라이브러리 활용법, 엑셀 파일을 다루는 법 등 업무 자동화로 효율성을 높이는 코딩을 중점적으로 설명함으로써 현장의 마케터들에게 도움을 준다.",https://image.aladin.co.kr/product/28712/64/cover500/k422836564_2.jpg, 정희석 지음, e비즈북스,2022
총류,면접을 위한 CS 전공지식 노트,"디자인 패턴, 네트워크, 운영체제, 데이터베이스, 자료 구조 등 면접에 필요한 CS 전공지식을 모두 담고 있다. 200여 개의 그림과 코드로 이론을 자세히 설명하고, 실무 활용법을 함께 다뤄 이론과 실무를 놓치지 않고 학습할 수 있도록 구성했다.",https://image.aladin.co.kr/product/29281/57/cover500/k382837902_1.jpg, 주홍철 지음, 길벗,2022
총류,(처음 프로그래밍을 시작하는 입문자의 눈높이에 맞춘)생활코딩! React 리액트 프로그래밍,"생활코딩은 일반인에게 프로그래밍을 알려주는 것을 목적으로 하는 비영리 교육 활동으로, 생활코딩에서 제공하는 수업 가운데 WEB3 - React 수업을 정리한 책이다.",https://image.aladin.co.kr/product/26736/27/cover500/k532730383_1.jpg, 이고잉 지음, 위키북스,2021
총류,(생활코딩!)자바 프로그래밍,"생활코딩에서 제공하는 수업 가운데 생활코딩 'Java1' 수업과 '제어문', '메서드', '객체지향프로그래밍', '상속' 수업을 정리했다. 이 수업은 프로그래밍을 처음 시작하는 분들의 눈높이에 맞게 만들어진 강의로서 동영상이나 텍스트만으로도 학습할 수 있게 만들어졌다.",https://image.aladin.co.kr/product/28736/71/cover500/k572836780_1.jpg, 이고잉 지음, 위키북스,2022
총류,쉽게 배우는 자료구조 with 자바,기본 자료구조와 알고리즘을 밀도 있게 풀어낸 기본서다. 기본 원리는 이해하기 쉽게 단계별로 차근차근 설명하면서도 구현을 위해 논리의 골격을 구성해가는 과정에서는 저자의 내공까지 충실하게 담았다.,https://image.aladin.co.kr/product/28737/79/cover500/k422836784_1.jpg, 문병로 지음, 한빛아카데미,2022
총류,어떤 개발자가 살아남는가,"우리가 향해야 할 모습은 기술과 사람을 통섭하는 르네상스형 개발자다. 더 나은 개발자가 되기 위해, 성공적인 소프트웨어를 만들기 위해 어떻게 사고하고 어떤 자세를 가져야 하는지 이 책에서 그 실마리를 찾을 수 있다.",https://image.aladin.co.kr/product/29153/33/cover500/k922837372_1.jpg, 이경종 지음, 비제이퍼블릭,2022
총류,(오준석의)안드로이드 생존코딩,소문난 명강의 시리즈. 안드로이드 스튜디오와 코틀린 기초를 학습하고 총 9가지 실용 앱을 개발한다. 그림을 많이 첨부하여 쉽게 따라 할 수 있도록 구성했다.,https://image.aladin.co.kr/product/28465/18/cover500/k542835929_1.jpg, 오준석 지음, 한빛미디어,2018
총류,이펙티브 코틀린,,https://image.aladin.co.kr/product/28690/76/cover500/8966263372_1.jpg, 마르친 모스칼라 지음;윤인성 옮김, 인사이트,2022
총류,파이썬으로 배우는 자료구조 프로그래밍,,https://image.aladin.co.kr/product/28932/2/cover500/k622836319_1.jpg, 유석종 지음, 휴먼싸이언스,2022
총류,(파이썬으로 익히는)말랑말랑 알고리즘,"처음 코딩 테스트를 준비하는 초보자도 어려움없이 배우는 알고리즘 도서. 첫 코드로 속도, 적은 메모리 공간, 깔끔한 변수, 이 모든 것을 고려할 수 없다. 처음엔 투박하게 작성된 코드를 계속해서 다듬고 발전시켜서 멋진 코드로 완성해 간다.",https://image.aladin.co.kr/product/28726/53/cover500/k262836577_1.jpg, 김경록 지음, 비제이퍼블릭,2022
총류,(2022 시나공)컴퓨터활용능력 2급 필기,"실제 시험의 출제 경향을 친절하게 짚어주고, 자주 시험에 나온 내용은 확실히 강조하여 혼자서도 충분히 공부할 수 있게 도와준다. 지금까지 출제된 모든 기출문제를 통계적으로 분석하여 시험에 나오는 것만 골라 106개의 섹션, 335개의 필드로 정리하였다.",https://image.aladin.co.kr/product/28139/65/cover500/k442734655_2.jpg, 길벗알앤디 지음, 길벗,2021
총류,(이렇게 기막힌 적중률)워드프로세서 실기 기본서,한글 2020 버전을 적용하여 수험생들이 보고 따라하기만 해도 실력이 쑥쑥! 합격에 한 발짝 다가갈 수 있도록 구성했다.,https://image.aladin.co.kr/product/27608/65/cover500/893146455x_1.jpg," 송재현,영진정보연구소 공저", 영진닷컴,2021
총류,(이렇게 기막힌 적중률)워드프로세서 실기 기본서,한글 2020 버전을 적용하여 수험생들이 보고 따라하기만 해도 실력이 쑥쑥! 합격에 한 발짝 다가갈 수 있도록 구성했다.,https://image.aladin.co.kr/product/27608/65/cover500/893146455x_1.jpg," 송재현,영진정보연구소 공저", 영진닷컴,2021
총류,나의 첫 블렌더,"모델링부터 애니메이션, 영상 편집까지 할 수 있는 오픈소스 통합 3DCG 소프트웨어인 블렌더를 기반으로 3DCG를 제작하는 일련의 과정을 설명하는 가이드 북이다. 3DCG 제작 공부를 시작하는 초보자에게 필요한 블렌더의 핵심 기능을 다양한 실전 예제와 함께 설명한다.",https://image.aladin.co.kr/product/28098/66/cover500/k302734444_1.jpg, Benjamin 지음;윤인성 옮김, 위키북스,2021
총류,(자바 ORM 표준)JPA 프로그래밍,"에이콘 오픈 소스 프로그래밍 시리즈. 이 책은 JPA 기초 이론과 핵심 원리, 그리고 실무에 필요한 성능 최적화 방법까지 JPA에 대한 모든 것을 다룬다.",https://image.aladin.co.kr/product/6268/14/cover500/8960777331_1.jpg, 김영한 지음, 에이콘,2015
총류,(아트멜 스튜디오와 아두이노로 배우는) ATmega328 프로그래밍,"아두이노 우노에서 사용되는 마이크로컨트롤러인 ATmega328을 위한 두 가지 프로그램 작성 방법을 다룬다. 그중 하나는 레지스터를 사용하여 프로그램을 작성하는 ‘C 스타일’이며, 다른 하나는 추상화된 함수를 사용하여 스케치를 작성하는 ‘아두이노 스타일’이다.",https://image.aladin.co.kr/product/6319/70/cover500/k682433137_1.jpg, 허경용 지음, 제이펍,2015
총류,JSP 2.3 ＆ Servlet 3.1,입문부터 모델2 MVC 패턴까지 누구나 따라 할 수 있는 웹 프로그래밍,https://image.aladin.co.kr/product/10007/34/cover500/8983799188_1.jpg, 오정원 지음, 혜지원,2017
총류,(만들면서 배우는) 라즈베리파이 라지그 프로젝트,커널연구회에서 진행하고 있는 만들기 프로젝트를 소개하는 책. 책의 내용은 커널연구회의 라지그 프로젝트를 수행하기 위해서 라즈베리파이를 어떻게 환경설정 하는지 설명하고 있다.,https://image.aladin.co.kr/product/8253/85/cover500/8997750070_1.jpg, 정재준 지음, 커널연구회,2016
총류,Java의 정석. 2,저자는 자바를 소개하는데 그치지 않고 프로그래머로써 꼭 알아야하는 내용들을 체계적으로 정리하였으며 200페이지에 달하는 지면을 객체지향개념에 할애함으로써 이 책 한 권이면 객체지향개념을 완전히 이해할 수 있도록 원리중심으로 설명하고 있다.,https://image.aladin.co.kr/product/7608/30/cover500/8994492038_1.jpg, 남궁성 지음, 도우,2016
총류,라즈베리파이 3을 이용한 사물인터넷 기초부터 실무까지,"파이선은 문법이 매우 간단하다. 배우기 쉬울 뿐 아니라, OOP를 기반으로 하고 있기 때문에 초보자들이 라이브러리로 활용할 수 있는 장점을 가진 언어이다. 이 책은 Language에 익숙하지 않은 독자들을 위하여 4편으로 구성하였다.",https://image.aladin.co.kr/product/9112/54/cover500/8938110540_1.jpg, 김경희;김장욱;김경연 [공]지음, 동일출판사,2016
총류,(쉽게 따라하는) 앱 인벤터2 배우기,"생활속에 파고드는 스마트폰 앱을 앱 인벤터를 통해 직접 구현하고 경험하고 느껴볼 수 있다. 이 책은 '센서', '그리기 & 애니메이션', '미디어', '사용자 인터페이스 & 저장소' 등 4파트로 구성되어 있다.",https://image.aladin.co.kr/product/9061/98/cover500/8956746990_1.jpg, 이미향 지음, 정보문화사,2016
총류,안드로이드 카드보드 VR 프로젝트,네이티브 자바 SDK를 이용해 구글 카드보드에서 실행할 수 있는 다양한 프로젝트를 만들어 보는 기회를 제공한다.,https://image.aladin.co.kr/product/10068/93/cover500/8960779687_1.jpg, 조나단 리노위즈;매트 쇤 [공]지음;이지훈 옮김, 에이콘,2017
총류,유니티 C＃ 스크립팅 마스터하기,acorn+PACKT 시리즈. 이 책은 유니티에서 C#을 이용해 게임 스크립트를 작성하는 데 필요한 고급 기술들을 집중적으로 탐구해보는 중급자용 안내서다.,https://image.aladin.co.kr/product/7542/25/cover500/8960778214_2.jpg, 앨런 쏜 지음;장석현 옮김, 에이콘,2016
총류,유니티 게임 AI 프로그래밍 2／e,"acorn+PACKT 시리즈. 유니티 개발 환경에서 인공지능을 다루는 방법을 기초부터 설명하였다. 그리고, 인공지능을 구현할 때 필수적으로 알아야 하는 유한 상태 기계의 개념이라든지 랜덤과 확률의 활용 방법등 어떻게 하면 유니티가 제공하는 기능을 활용해 쉽게 구현할 수 있는지를 명쾌하게 설명한다.",https://image.aladin.co.kr/product/8367/71/cover500/8960778621_2.jpg, Ray Barrera [등]지음;조경빈 옮김, 에이콘,2016
총류,3ds Max 베이직클래스,단순히 3ds Max라는 툴을 배우는 것을 넘어 3d 모델링 기본 원리와 접근 방법을 제시한다. 3ds Max의 수없이 많은 기능을 의미 없이 따라 하기보다는 저자가 오랜 실무를 통해 얻은 경험을 토대로 학습을 저해하는 기능 설명은 자제하고 독자가 성취감을 느끼면서 학습할 수 있도록 구성했다.,https://image.aladin.co.kr/product/6865/57/cover500/k512434074_2.jpg, 이동후 지음, 루비페이퍼,2015
총류,밤의 도서관,"세계 최고의 독서가 알베르토 망구엘이 전하는 도서관 이야기. 전작 <독서의 역사>와 <독서일기>를 통해 세계 최고의 독서가이자 작가로 이름을 날린 알베르토 망구엘은 자신만의 도서관을 지으면서 그는 세상에 존재했던, 그리고 존재하는, 또 앞으로 존재할지도 모르는 모든 도서관에 대한 사색에 잠기게 된다.",https://image.aladin.co.kr/product/1190/31/cover500/8984073520_1.jpg, 알베르토 망구엘 지음;강주헌 옮김, 세종서적,2011
총류,책은 도끼다,"<인문학으로 광고하다>의 저자이자 광고인 박웅현의 아이디어 원천은 바로 '책'이었다. 고은의 <순간의 꽃>, 톨스토이 <안나 카레니나>, 밀란 쿤데라 <참을 수 없는 존재의 가벼움>, 니코스 카잔차키스 <그리스인 조르바>, 프리초프 카프라 <현대물리학과 동양사상> 등 시집에서부터 인문 과학 서적까지 다양한 분야의 책들을 어렵지 않게 소개한다.",https://image.aladin.co.kr/product/1318/66/cover500/8956055467_1.jpg, 박웅현 지음, 북하우스(북하우스 퍼블리셔스),2011
총류,(이기적)정보기기운용기능사 실기 기본서,정보기기운용기능사 실기 시험을 위한 이론을 수록하여 짧은 시간에 자격증 대비가 가능하도록 한 완벽 대비서다. Packet Tracer 프로그램 사용법과 시행처에서 공개한 샘플 문제를 적극 반영하였으며 상시 문제로 출제되었던 기출문제를 복원하여 누구나 쉽게 이 책을 따라해 봄으로써 정보기기운용기능사 실기 시험에 합격할 수 있도록 구성하였다.,https://image.aladin.co.kr/product/20636/11/cover500/8931460406_1.jpg, 이시영 지음, 영진닷컴,2019
총류,(이기적)정보기기운용기능사 실기 기본서,정보기기운용기능사 실기 시험을 위한 이론을 수록하여 짧은 시간에 자격증 대비가 가능하도록 한 완벽 대비서다. Packet Tracer 프로그램 사용법과 시행처에서 공개한 샘플 문제를 적극 반영하였으며 상시 문제로 출제되었던 기출문제를 복원하여 누구나 쉽게 이 책을 따라해 봄으로써 정보기기운용기능사 실기 시험에 합격할 수 있도록 구성하였다.,https://image.aladin.co.kr/product/20636/11/cover500/8931460406_1.jpg, 이시영 지음, 영진닷컴,2019
총류,(이기적)정보기기운용기능사 실기 기본서,정보기기운용기능사 실기 시험을 위한 이론을 수록하여 짧은 시간에 자격증 대비가 가능하도록 한 완벽 대비서다. Packet Tracer 프로그램 사용법과 시행처에서 공개한 샘플 문제를 적극 반영하였으며 상시 문제로 출제되었던 기출문제를 복원하여 누구나 쉽게 이 책을 따라해 봄으로써 정보기기운용기능사 실기 시험에 합격할 수 있도록 구성하였다.,https://image.aladin.co.kr/product/20636/11/cover500/8931460406_1.jpg, 이시영 지음, 영진닷컴,2019
총류,(이기적)정보기기운용기능사 실기 기본서,정보기기운용기능사 실기 시험을 위한 이론을 수록하여 짧은 시간에 자격증 대비가 가능하도록 한 완벽 대비서다. Packet Tracer 프로그램 사용법과 시행처에서 공개한 샘플 문제를 적극 반영하였으며 상시 문제로 출제되었던 기출문제를 복원하여 누구나 쉽게 이 책을 따라해 봄으로써 정보기기운용기능사 실기 시험에 합격할 수 있도록 구성하였다.,https://image.aladin.co.kr/product/20636/11/cover500/8931460406_1.jpg, 이시영 지음, 영진닷컴,2019
총류,(이기적)정보기기운용기능사 실기 기본서,정보기기운용기능사 실기 시험을 위한 이론을 수록하여 짧은 시간에 자격증 대비가 가능하도록 한 완벽 대비서다. Packet Tracer 프로그램 사용법과 시행처에서 공개한 샘플 문제를 적극 반영하였으며 상시 문제로 출제되었던 기출문제를 복원하여 누구나 쉽게 이 책을 따라해 봄으로써 정보기기운용기능사 실기 시험에 합격할 수 있도록 구성하였다.,https://image.aladin.co.kr/product/20636/11/cover500/8931460406_1.jpg, 이시영 지음, 영진닷컴,2019
총류,(돈과 시간을 아껴주는)정보기기운용기능사,정보기기운용기능사 실기시험은 작업형으로 패킷 트레이서라고 불리는 시뮬레이션 연습 도구를 활용해 네트워크 환경을 직접 설정하는 작업이다. 각 기능별 유형예제를 제공함으로써 명령에 대한 이해와 함께 몸으로 익힐 수 있도록 충분한 실습 예제를 제공하고 있다.,https://image.aladin.co.kr/product/10396/91/cover500/k022536092_1.jpg, IT자격분석팀 지음, 시대인,2017
총류,(이기적)정보처리기능사 필기 기본서. [1],"필기 시험을 준비하는 수험생을 위한 기본서로서 다년간의 출제 경향을 철저히 분석하여 핵심 이론인 기본서(이론서)와 기출문제로 분권하였다. 필기시험의 4과목을 Part로 나누어 부족한 부분을 편리하게 학습할 수 있도록 구성하였고, 자주 출제되는 기출문제를 통해 단골 출제 유형의 문제를 빠르게 익힐 수 있도록 하였다.",https://image.aladin.co.kr/product/20400/0/cover500/8931460465_1.jpg, 홍태성;영진정보연구소 지음, 길벗,2019
총류,(2020 시나공)정보처리기능사 필기. [1],"실제 시험의 출제 경향을 친절하게 짚어주고, 자주 시험에 나온 내용은 확실히 강조하여 혼자서도 충분히 공부할 수 있게 도와준다. 지금까지 출제된 모든 기출문제를 통계적으로 분석하여 시험에 나오는 것만 골라 75개의 섹션, 263개의 필드로 정리하였다.",https://image.aladin.co.kr/product/21346/30/cover500/k112636682_1.jpg, 길벗R&D 지음, 길벗,2019
총류,(2020 시나공)정보처리기능사 필기. [1],"실제 시험의 출제 경향을 친절하게 짚어주고, 자주 시험에 나온 내용은 확실히 강조하여 혼자서도 충분히 공부할 수 있게 도와준다. 지금까지 출제된 모든 기출문제를 통계적으로 분석하여 시험에 나오는 것만 골라 75개의 섹션, 263개의 필드로 정리하였다.",https://image.aladin.co.kr/product/21346/30/cover500/k112636682_1.jpg, 길벗R&D 지음, 길벗,2019
총류,(2020 시나공)정보처리기능사 필기. [1],"실제 시험의 출제 경향을 친절하게 짚어주고, 자주 시험에 나온 내용은 확실히 강조하여 혼자서도 충분히 공부할 수 있게 도와준다. 지금까지 출제된 모든 기출문제를 통계적으로 분석하여 시험에 나오는 것만 골라 75개의 섹션, 263개의 필드로 정리하였다.",https://image.aladin.co.kr/product/21346/30/cover500/k112636682_1.jpg, 길벗R&D 지음, 길벗,2019
총류,파이썬이 보이는 그림책,어떤 프로그래밍 언어이든 2페이지 단위 펼침 구성과 다양한 일러스트와 도해로 초보자 누구나 쉽고 재미있게 공부할 수 있는 그림책 시리즈 신간으로 입문서로서 가장 최적화된 구조를 보여준다.,https://image.aladin.co.kr/product/15649/93/cover500/8931555652_2.jpg," ANK Co., Ltd. 지음;이영란 옮김", BM성안당,2018
총류,Internet이 보이는 그림책,"인터넷의 구조와 인터넷에서 이용하는 기술을 소개하는 입문서. 인터넷의 기초를 모르는 초보자의 눈높이에 맞춰 조금이나마 이해하기 쉽도록 그림을 많이 사용하여 설명하고 있다. 가장 기본적인 것부터 서버측 스크립트, 보안에 관한 기술까지 많은 내용을 설명하고 있다.",https://image.aladin.co.kr/product/720/74/cover500/893155074x_1.jpg," ANK Co., Ltd. 지음;이영란 옮김", 성안당,2010
총류,모두의 데이터 과학 with 파이썬,"데이터 과학에서 주로 사용하는 파이썬의 핵심 내용을 살펴보는 한편, 분석하고 그래프를 만들어 보면서 실제로 데이터를 어떻게 다루고 활용할 수 있는지 이해할 수 있다.",https://image.aladin.co.kr/product/11296/44/cover500/k322531995_1.jpg, 드미트리 지노비에프 지음;황준식 옮김, 길벗,2017
총류,C++가 보이는 그림책,"C++ 언어의 새로운 개념들에 대해서 그림책 시리즈 특유의 일러스트를 통해 해설하였다. C++ 언어의 특징인 객체 지향적 프로그래밍 사고법을 시각적으로 정리하여, 좀 더 구체적으로 개념을 파악할 수 있다.",https://image.aladin.co.kr/product/21261/94/cover500/8931556284_1.jpg," ANK Co., Ltd. 지음", 성안당,2019
총류,라즈베리파이로 시작하는 핸드메이드 IoT,라즈베리파이 보드를 이용하여 개발할 수 있는 다양한 예제들을 제공하고 있다. 무엇이든 처음 자신만의 작품을 만드는 것이 어려울 수 있는데 저자는 그런 초심자 및 학생들을 위해 임베디드 기술을 최대한 쉽게 설명하기 위해 노력했다.,https://image.aladin.co.kr/product/20780/74/cover500/k902636666_2.jpg, 임근식 지음, 비제이퍼블릭,2019
총류,프로페셔널 안드로이드,"핸즈온 가이드로서 모든 안드로이드 기기에서 사용할 수 있는 안드로이드 애플리케이션을 어떻게 만드는지 안내한다. 이번 4판은 기본적인 원칙은 확실히 지키면서 최신 버전에 맞춘 업데이트를 진행하고, 새롭게 도입된 도구와 이론, 그에 따른 프로그래밍 예제 코드에 관한 내용을 추가하였다.",https://image.aladin.co.kr/product/21296/90/cover500/k572636480_1.jpg, 리토 마이어;이안 레이크 지음;현호철 옮김, 제이펍,2019
총류,나는 LINE 개발자입니다,"10대 창업자, 게임 마니아, 철학 전공 개발자, 아마존 출신 개발자 등 다양한 경력의 12인이 라인(LINE) 개발자가 되기까지의 이야기, 그리고 라인에서 동료들과 함께 글로벌 개발자로 한 단계 성장하는 과정을 책으로 엮었다.",https://image.aladin.co.kr/product/20458/78/cover500/k582635451_1.jpg, 강윤식 외 지음;LINE Developer Relations 팀 엮음, 한빛미디어,2019
총류,(2019 ADsP)데이터 분석 준전문가,한국데이터베이스진흥원에서 실시하고 있는 『데이터 분석 전문가(ADP)』 자격증과 『데이터 분석 준전문가(ADsP)』 자격증을 준비하는 수험생들을 위한 도서이다. 2014년 4월 이후 시행된 자격증 시험의 기출문제를 분석하여 문제의 의도와 유형을 파악하여 정리하였다.,https://image.aladin.co.kr/product/17862/23/cover500/k742534625_1.jpg, 윤종식 지음, 데이터에듀,2019
총류,데이터 분석 전문가 가이드,"데이터 분석 전문가 양성을 위한 지침서로 산 ㆍ 학의 전문가들과 직무분석 결과와 실무 전문가들의 경험을 바탕으로 데이터의 이해, 처리기술, 분석 기획에서부터 분석과 시각화까지 데이터 분석 전문가에게 요구되는 지식과 기술을 폭넓고 상세하게 제시하였다.",https://image.aladin.co.kr/product/8748/49/cover500/898847483x_2.jpg, 한국데이터베이스진흥원 편, 한국데이터베이스진흥원,2016
총류,"프로메테우스, 오픈소스 모니터링 시스템","프로메테우스의 개념과 설치부터 설정, 모니터링 예제 프로그램의 활용, 익스포터를 이용한 서드파티 시스템에서의 메트릭 수집, 프로메테우스 쿼리언어인 PromQL, 그라파나를 활용한 대시보드 작성과 알림 등 프로메테우스에 대한 모든 것을 담은 완벽 실용 가이드다.",https://image.aladin.co.kr/product/21222/11/cover500/k322636189_1.jpg, 브라이언 브라질 지음;김영기;김현진 옮김, 책만,2019
총류,한국어 임베딩,"다양한 단어/문장 수준 임베딩 기법을 일별하고 데이터 전처리, 임베딩 구축 및 학습에 이르는 전 과정을 튜토리얼 방식으로 소개한다. 통계 기반 언어모델 등 고전부터 BERT, XLNet 등 최신 기법까지 다룬다.",https://image.aladin.co.kr/product/20640/46/cover500/k282636966_1.jpg, 이기창 지음, 에이콘,2019
총류,개발자의 글쓰기,"개발자의 글쓰기 능력을 종합적으로 향상하기 위한 책이다. 코드 안에서는 함수와 변수 이름을 짓는 것부터 주석 쓰는 법, 에러 메시지 쓰는 법까지 알려준다. 코드 밖에서는 릴리스 노트, 장애 보고서, 개발 가이드를 어떻게 하면 잘 쓸 수 있는지를 알려준다.",https://image.aladin.co.kr/product/20957/29/cover500/k512636276_1.jpg, 김철수 지음, 위키북스,2019
총류,(하루 만에 배우는)안드로이드 앱 만들기,"안드로이드 스튜디오를 이용하여 간단한 예제부터 다양한 응용 앱 만들기까지 차근차근 배울 수 있으며, 새로운 개발 언어인 코틀린(Kotlin)에 대해 간단하게 설명하는 앱 제작 입문 가이드이다.",https://image.aladin.co.kr/product/21508/17/cover500/8931461631_1.jpg, 서창준 지음, 영진닷컴,2019
총류,(이론부터 전략까지)한 권으로 이해하는 IoT 교과서,지금 '내가 참여중인 비즈니스도 IoT로 스마트하게 만들 수 있지 않을까?' 고민하는 사람들을 위해 이 책은 기업에서 IoT를 도입하고 제대로 응용할 수 있는 방법에 대해 알려준다.,https://image.aladin.co.kr/product/21436/50/cover500/8931461534_1.jpg, 야코 토모노리 지음;주한길 옮김, 영진닷컴,2019
총류,오라클 성능 고도화 원리와 해법. 2,"고성능 데이터베이스 애플리케이션 구축을 위해 필수적으로 이해하고 적용해야 할 원리와 해법을 다룬 책이다. 데이터베이스 튜닝과 관련된 핵심 주제를 중심으로, 실전에서 자주 접하는 주요 성능 이슈에 대한 원리와 해법을 친절하고 상세하게 설명한다.",https://image.aladin.co.kr/product/21354/38/cover500/k922636798_1.jpg, 조시형 지음, 디비안,2010
총류,(10대를 위한)모든 이슈,시간은 없지만 학습이 필요한 모두를 위해 최소한의 시간과 노력으로 최대의 효과를 가져다줄 책이다. 놓쳐서는 안 될 주요 이슈들과 꼭 알아야 하는 기본 상식들을 모두 한 권에 정리하였다.,https://image.aladin.co.kr/product/19623/51/cover500/k942635526_1.jpg, 시사상식연구소 지음, 시대고시기획,2019
총류,(진짜 하루만에 끝내는)프리미어,프리미어 전체 기능을 알려주기보다는 영상편집을 위해 꼭 필요한 기능과 센스 있는 영상 제작 스킬들을 알려준다. 필요한 기능을 우선적으로 학습하고 그 과정에서 자연스럽게 프리미어가 체화 될 수 있도록 도와준다.,https://image.aladin.co.kr/product/20533/50/cover500/k012635658_1.jpg, 김수진 지음, 티더블유아이지,2019
총류,지식 ⓔ inside. inside,"방송 1000회, 도서 100만 부 판매를 기념하여 출간된 <지식e> 시리즈이다. 제목이 ‘inside’인 이유는 연출자와 작가, 음악감독 등 제작진의 ‘in-side’임과 동시에 인물들의 관점에서 사회를 바라본 ‘인人-side’이기 때문이다.",https://image.aladin.co.kr/product/4335/24/cover500/8956057567_1.jpg, EBS 지식채널ⓔ 제작팀, 북하우스,2014
총류,(이기적)정보처리기능사 필기 기출문제집,정보처리기능사 필기 시험을 준비하는 수험생이 이론을 충분히 숙지한 후 시험 전 마지막으로 실력을 점검할 수 있도록 최신 기출문제 20회분과 핵심이론(PDF 제공)을 알차게 엮은 기출문제집이다. 최근에 시행됐던 문제부터 과년도 문제까지 출제 경향을 한눈에 살펴볼 수 있다.,https://image.aladin.co.kr/product/24489/86/cover500/8931462891_1.jpg, 영진정보연구소 저, 영진닷컴,2020
총류,(이기적)정보처리기능사 필기 기출문제집,정보처리기능사 필기 시험을 준비하는 수험생이 이론을 충분히 숙지한 후 시험 전 마지막으로 실력을 점검할 수 있도록 최신 기출문제 20회분과 핵심이론(PDF 제공)을 알차게 엮은 기출문제집이다. 최근에 시행됐던 문제부터 과년도 문제까지 출제 경향을 한눈에 살펴볼 수 있다.,https://image.aladin.co.kr/product/24489/86/cover500/8931462891_1.jpg, 영진정보연구소 저, 영진닷컴,2020
총류,(이기적)정보처리기능사 필기 기출문제집,정보처리기능사 필기 시험을 준비하는 수험생이 이론을 충분히 숙지한 후 시험 전 마지막으로 실력을 점검할 수 있도록 최신 기출문제 20회분과 핵심이론(PDF 제공)을 알차게 엮은 기출문제집이다. 최근에 시행됐던 문제부터 과년도 문제까지 출제 경향을 한눈에 살펴볼 수 있다.,https://image.aladin.co.kr/product/24489/86/cover500/8931462891_1.jpg, 영진정보연구소 저, 영진닷컴,2020
총류,(이기적)정보처리기능사 필기 기출문제집,정보처리기능사 필기 시험을 준비하는 수험생이 이론을 충분히 숙지한 후 시험 전 마지막으로 실력을 점검할 수 있도록 최신 기출문제 20회분과 핵심이론(PDF 제공)을 알차게 엮은 기출문제집이다. 최근에 시행됐던 문제부터 과년도 문제까지 출제 경향을 한눈에 살펴볼 수 있다.,https://image.aladin.co.kr/product/24489/86/cover500/8931462891_1.jpg, 영진정보연구소 저, 영진닷컴,2020
총류,(이기적)정보처리기능사 실기 기본서,"변경된 출제기준 및 출제유형에 맞는 이론과 문제들로 꼭꼭 채워진 도서로 시험에 대비할 수 있다. 핵심이론으로 내용을 공부한 뒤, 도서 내에 있는 '이론을 확인하는 예상문제'와 '합격을 다지는 예상문제'로 실제 시험이 어떻게 출제되는지 감을 잡아보자.",https://image.aladin.co.kr/product/24193/74/cover500/8931460724_1.jpg," 강희영,영진정보연구소 공저", 영진닷컴,2020
총류,(쉽게 배우는)AVR ATmega128 마이크로컨트롤러,"Atmel社에서 개발한 AVR계열 마이크로컨트롤러인 ATmega128의 효과적인 학습을 위해 제작된 책이다. 마이크로컨트롤러에 처음 입문하는 학생들의 눈높이를 고려하여 실험 예제를 단순화하였고, 학생들의 이해력을 높이기 위해 단계별로 예제를 구성하였다.",https://image.aladin.co.kr/product/23313/29/cover500/8970509992_1.jpg," 김진환,장성용,김동식 [공]지음", 생능출판,2020
총류,나는 매주 시체를 보러 간다,"서울대학교 의과대학 법의학교실의 교수이자, 에서 자문을 담당하고 있는 유성호 교수의 교양강의를 바탕으로 한 책이다.",https://image.aladin.co.kr/product/17950/40/cover500/8950979403_2.jpg, 유성호 지음, 21세기북스,2019
총류,크로스 사이언스,"문.이과 학생들이 함께 듣는 서울대 대표 융합 과학 강의를 한 권의 책으로 만난다. 서울대 생명과학부 교수이자 과학기술학의 대가, 홍성욱 교수의 책으로, 대중독자들이 과학을 쉽고 친근하게 이해할 수 있도록 영화, 소설, 만화 등 대중문화 콘텐츠를 통해 과학과 우리 사회의 관계를 분석한다.",https://image.aladin.co.kr/product/17950/18/cover500/8950979411_1.jpg, 홍성욱 지음, 21세기북스,2019
총류,이토록 아름다운 수학이라면,"서가명강 3권. 서울대 수학교육과 최영기 교수가 수학의 아름다움에 대한 깊고 넓은 단상을 편안한 언어로 풀어낸 대중교양서다. 저자는 수학이 단순한 계산의 반복, 복잡한 수식을 풀어내는 지겨운 과정이 전부라는 편견을 깨고자 이 책에서 수학의 정신과 그 가치에 대해 설명하고자 노력했다.",https://image.aladin.co.kr/product/18617/97/cover500/8950979950_1.jpg, 최영기 지음, 21세기북스,2019
총류,왜 칸트인가,"서가명강 시리즈 5권. 서울대 철학과 김상환 교수가 칸트의 위대한 업적을 통해 인간에게 생각한다는 것이 무엇인지, 철학이 시대의 고민을 어떻게 다룰 수 있는지 그 의미를 세밀하게 되짚어보는 대중교양서다.",https://image.aladin.co.kr/product/19583/36/cover500/8950981785_1.jpg, 김상환 지음, 21세기북스,2019
총류,"세상을 읽는 새로운 언어, 빅데이터",대한민국 최고의 명품 강의를 책으로 만난다! 현직 서울대 교수진의 강의를 엄선한 ‘서가명강(서울대 가지 않아도 들을 수 있는 명강의)’ 시리즈의 여섯 번째 책. 서울대 산업공학과 조성준 교수가 인공지능 시대의 새로운 자원이자 화폐라 불리고 있는 빅데이터가 무엇인지에 대해 쓴 대중교양서다.,https://image.aladin.co.kr/product/20533/67/cover500/8950982730_1.jpg, 조성준 지음, 21세기북스,2019
총류,어둠을 뚫고 시가 내게로 왔다,"대한민국 명품 강의를 책으로 만난다. 현직 서울대 교수진의 강의를 엄선한 '서가명강(서울대 가지 않아도 들을 수 있는 명강의)' 시리즈의 여섯 번째 책으로, 서울대 서어서문학과 김현균 교수가 라틴아메리카를 대표하는 시인 4명의 삶과 시에 대해 쓴 대중교양서다.",https://image.aladin.co.kr/product/21353/26/cover500/8950984059_1.jpg, 김현균 지음, 21세기북스,2019
총류,한국 정치의 결정적 순간들,대한민국 최고의 명품 강의를 책으로 만난다! 현직 서울대 교수진의 강의를 엄선한 '서가명강(서울대 가지 않아도 들을 수 있는 명강의)' 시리즈의 여덟 번째 책이 출간됐다. 서울대 정치외교학부 강원택 교수가 한국 정치의 흐름과 특성을 특유의 예리한 시선으로 짚은 대중교양서다.,https://image.aladin.co.kr/product/21679/28/cover500/8950984318_1.jpg, 강원택 지음, 21세기북스,2019
총류,우리는 모두 별에서 왔다,서울대학교 물리천문학부 윤성철 교수가 서울대 인기 교양과목 <인간과 우주>에서 진행한 수업 내용을 바탕으로 쓴 책이다. 우주의 탄생과 생명의 기원에 대한 현대 천문학의 눈부신 성과들을 소개함으로써 우리를 우주라는 낯선 공간으로 데려간다.,https://image.aladin.co.kr/product/22933/90/cover500/8950985810_1.jpg, 윤성철 지음, 21세기북스,2020
총류,"위기의 지구, 물러설 곳 없는 인간","위기에 처한 지구와 위기를 자초한 인간, 두 존재가 공존할 방법은 무엇일까? 저자는 자연재해와 기후변화를 둘러싼 오해와 진실을 과학적으로 조명하면서 환경 문제를 직시하고, 어떻게 인류와 지구가 더불어 살 수 있는지 그 방법을 구체적인 데이터로 제시한다.",https://image.aladin.co.kr/product/24158/2/cover500/8950988496_1.jpg, 남성현 지음, 21세기북스,2020
총류,"삼국시대, 진실과 반전의 역사","현직 서울대 교수진의 강의를 엄선한 '서가명강(서울대 가지 않아도 들을 수 있는 명강의)' 시리즈의 열두 번째 책. 유물과 유적을 통해 하남 위례성, 임나일본부설 등 기존의 통설이 뒤집히는 극적인 순간들을 소개하면서 다이나믹한 한국 고대사로 우리를 안내한다.",https://image.aladin.co.kr/product/24993/77/cover500/8950989840_1.jpg, 권오영 지음, 21세기북스,2020
총류,메이지유신을 설계한 최후의 사무라이들,"서가명강 14권. 서울대학교 동양사학과 박훈 교수가 메이지유신의 토대를 닦은 4명의 사무라이인 요시다 쇼인, 사카모토 료마, 사이고 다카모리, 오쿠보 도시미치를 중심으로 일본사를 풀어냈다.",https://image.aladin.co.kr/product/25869/28/cover500/8950993333_1.jpg, 박훈 지음, 21세기북스,2020
총류,"건축, 모두의 미래를 짓다","현직 서울대 교수진의 강의를 엄선한 서가명강 시리즈의 열일곱 번째 책. 건축학도들의 큰 스승으로 우리나라 건축계를 오랫동안 이끌어온 서울대학교 건축학과 김광현 명예교수가 쓴 책으로, 건축의 지속적 가치와 궁극적인 본질을 찾기 위한 40여 년에 걸친 그의 치열한 성찰이 담긴 책이다.",https://image.aladin.co.kr/product/26956/52/cover500/8950994836_1.jpg, 김광현 지음, 21세기북스,2021
총류,"뇌를 읽다, 마음을 읽다","세계적인 뇌영상학 전문가인 권준수 교수가 쓴 책으로, 35년간 임상과 연구 현장을 넘나들며 탐구해온 인간의 마음과 뇌에 관한 통찰을 담고 있다. ‘의학’에서부터 ‘뇌과학’까지, 두 영역을 오가며 인간의 마음을 이해할 수 있는 색다르고 흥미로운 이야기들을 펼쳐 보인다.",https://image.aladin.co.kr/product/28573/83/cover500/8950998602_1.jpg, 권준수 지음, 21세기북스,2021
총류,"참을 수 없이 불안할 때, 에리히 프롬",대한민국 최고의 명품 강의를 책으로 만난다! 현직 서울대 교수진의 강의를 엄선한 ‘서가명강(서울대 가지 않아도 들을 수 있는 명강의)’ 시리즈의 스물네 번째 책이 출간됐다.,https://image.aladin.co.kr/product/29577/40/cover500/8950902966_1.jpg, 박찬국 지음, 21세기북스,2022
총류,"기억하는 뇌, 망각하는 뇌","뇌에서 기억을 관장하는 ‘해마’를 통해 여러 기억이 총체적으로 기능하여 생존할 수 있게 되고, 각자 고유한 인간으로 형성된다. 이에 더해 뇌의 핵심 기능인 ‘기억’이란 키워드를 바탕으로 인간적인 것이란 무엇이며 AI와의 차별성은 무엇인지 뇌인지과학자의 시선으로 분석한다.",https://image.aladin.co.kr/product/29801/76/cover500/8950911795_1.jpg, 이인아 지음, 21세기북스,2022
총류,(파이선으로 쉽게 배우는)기초 프로그래밍,"소프트웨어에 대한 기본적인 이해는 물론, 더욱 중요하게, 문제해결을 위한 코딩 능력을 향상시키는 방향으로 구성되었다. 소프트웨어에 대한 기본 개념과 프로그래밍에서 사용 가능한 문제해결 도구에 관해 개괄적으로 고찰한다.",https://image.aladin.co.kr/product/7883/28/cover500/8984686395_1.jpg, 국형준 지음, 21세기사,2016
총류,21세기 청소년 인문학. 2,". 각자의 분야에서 활발히 활동하고 있는 28인의 전문가들이 우리 청소년들에게 전하고 싶은 이야기를 모아 엮었다. 살아온 배경도 다르고, 하는 일도 다르고, 전공도 다른 28인의 저자들로부터 다양하고 풍성한 이야기들이 모였다.",https://image.aladin.co.kr/product/10823/49/cover500/k272530551_1.jpg, 강응천 외 지음, 단비,2017
총류,스피치 세계사,"말로써 대중의 마음을 움직이고 역사를 이끈 사람들이 있다. 이들은 세계 대전, 냉전, 테러의 시대를 지나오면서 스피치를 통해 다양한 의제에 힘을 발휘하려 했다. 현대 세계를 만든 50편의 연설문을 골라 뽑은 책으로, 연설자와 연설 상황에 대한 정보를 보태어 세계사적 맥락에서 연설을 볼 수 있도록 했다.",https://image.aladin.co.kr/product/11380/18/cover500/k662531431_1.jpg, 앤드루 버넷 지음;정미나 옮김, 휴머니스트,2017
총류,애자일 프랙티스,현장에서 바로 실천할 수 있는 실용적인 애자일 프랙티스만을 엄선해 담았다. 총 45개의 애자일 프랙티스로 구성되어 있으며 사례중심의 각 프랙티스는 완결된 해결책을 제공한다.,https://image.aladin.co.kr/product/97/69/cover500/8991268331_1.jpg," 벤캣 수브라마니암,앤디 헌트 지음;신승환,정태중 옮김", 인사이트,2007
총류,(Hello coding)프로그래밍,"프로그래밍 기초 개념 입문서. 프로그래밍의 명령어의 사전적 의미부터 차근차근 알려주며, 실습 코드와 각 장 마지막에 있는 게임 프로그래밍을 통해 기초 개념을 완벽히 자신의 것으로 학습할 수 있다.",https://image.aladin.co.kr/product/12540/57/cover500/k932532464_1.jpg, 포페김 지음;김연주 그림, 한빛미디어,2018
총류,발언. 1: 2008. 5. ~ 2012. 8,"저자 김종철이 <경향신문>, <한겨레> 등에 발표한 글들을 엮었다. 우리사회와 인류사회가 공통으로 빠진 나락의 정체를 말하고, 세계 곳곳에서 일어나고 있는 근본적 변화의 움직임을 소개해온 저자의 핵심 메시지를 포착할 수 있다.",https://image.aladin.co.kr/product/5686/87/cover500/899027480x_1.jpg, 김종철 지음, 녹색평론사,2016
총류,(아두이노처럼 사용하는)라즈베리 파이 3 직접 코딩하기,C/C++ 언어 기반으로 wiringPi 라이브러리를 이용하여 여러 가지 하드웨어를 제어하는 방법을 소개한다. 아두이노를 배운 독자들이 파이썬을 몰라도 손쉽게 라즈베리 파이를 정복할 수 있도록 구성하였다.,https://image.aladin.co.kr/product/13553/72/cover500/k032532917_1.jpg, 서민우 외 지음, 앤써북,2018
총류,(라즈베리 파이로 배우는)컴퓨터 아키텍처,"모든 하드웨어 구성요소가 무슨 역할을 하고, 어떻게 서로 연관되는지, 그리고 다른 컴퓨터 시스템의 구성요소와 어떻게 작용하는지 설명한다. 또한 프로그래밍의 작동 방식과 운영체제와 라즈베리 파이의 물리적 구성요소의 연관성도 함께 다룬다.",https://image.aladin.co.kr/product/12421/21/cover500/k942531651_1.jpg, 에반 업튼 외 지음;임지순 옮김, 위키북스,2017
총류,(라즈베리 파이로 배우는)컴퓨터 아키텍처,"모든 하드웨어 구성요소가 무슨 역할을 하고, 어떻게 서로 연관되는지, 그리고 다른 컴퓨터 시스템의 구성요소와 어떻게 작용하는지 설명한다. 또한 프로그래밍의 작동 방식과 운영체제와 라즈베리 파이의 물리적 구성요소의 연관성도 함께 다룬다.",https://image.aladin.co.kr/product/12421/21/cover500/k942531651_1.jpg, 에반 업튼 외 지음;임지순 옮김, 위키북스,2017
총류,넘버투 PHP. [2]: MySQL 맞짱뜨기,PHP의 모든 이론을 화끈하게 총 정리하는 '이호진의 PHP 시리즈'의 두 번째 책 <넘버투 PHP>. SQL의 기능을 배우고 실제적인 PHP 코드를 같이 작성하여 초보자들이 좀 더 쉽게 데이터베이스를 이해하고 응용할 수 있도록 기초부터 다시 설명한다.,https://image.aladin.co.kr/product/13053/93/cover500/k442532895_1.jpg, 이호진 지음, 비제이퍼블릭,2018
총류,넘버투 PHP. [2]: MySQL 맞짱뜨기,PHP의 모든 이론을 화끈하게 총 정리하는 '이호진의 PHP 시리즈'의 두 번째 책 <넘버투 PHP>. SQL의 기능을 배우고 실제적인 PHP 코드를 같이 작성하여 초보자들이 좀 더 쉽게 데이터베이스를 이해하고 응용할 수 있도록 기초부터 다시 설명한다.,https://image.aladin.co.kr/product/13053/93/cover500/k442532895_1.jpg, 이호진 지음, 비제이퍼블릭,2018
총류,Hello Coding HTML5+CSS3,"문서 작성만큼, 아니 그보다 더 쉬운 웹페이지 만들기, 초보자를 위한 맞춤형 입문서. 지금 당장 컴퓨터가 없어도 괜찮다. 코드와 실행 화면이 바로 보여서 눈으로만 읽어도 어떻게 작동하는지 쉽게 파악할 수 있는 것은 기본이고, 중간중간 퀴즈를 추가하여 재미있게 게임하듯 복습할 수 있다.",https://image.aladin.co.kr/product/13415/63/cover500/k912532408_1.jpg, 황재호 지음, 한빛미디어,2018
총류,Hello Coding HTML5+CSS3,"문서 작성만큼, 아니 그보다 더 쉬운 웹페이지 만들기, 초보자를 위한 맞춤형 입문서. 지금 당장 컴퓨터가 없어도 괜찮다. 코드와 실행 화면이 바로 보여서 눈으로만 읽어도 어떻게 작동하는지 쉽게 파악할 수 있는 것은 기본이고, 중간중간 퀴즈를 추가하여 재미있게 게임하듯 복습할 수 있다.",https://image.aladin.co.kr/product/13415/63/cover500/k912532408_1.jpg, 황재호 지음, 한빛미디어,2018
총류,IT 5분 잡학사전,"누구나 쉽게 이해할 수 있는 IT 지식이 가득한 입문서. 코딩 기초 개념부터 웹 개발, 컴퓨터 공학, 최신 기술까지! IT 세계의 사람들과 의사소통하려면 꼭 알아야 하는 개념과 그동안 잘못 알고 있었던 지식을 비유와 그림으로 니꼬 샘이 5분 안에 잡아 준다.",https://image.aladin.co.kr/product/30182/53/cover500/k992839897_1.jpg, 니꼴라스;배지현 [공]지음, 이지스퍼블리싱,2022
총류,독서의 즐거움,"독서는 TV가 등장하기 전부터 집중을 요하는 활동이었고, 고전을 읽는 것이야말로 다른 어떤 학습보다 스스로의 훈련과 숙련 과정이 필요하다. 그래서 저자는 고전을 엄선하여 소개하기에 앞서, 스스로의 힘으로 꾸준히 고전을 읽어 나갈 방법부터 체계적으로 알려준다.",https://image.aladin.co.kr/product/22503/97/cover500/8937490870_1.jpg, 수잔 와이즈 바우어 [지음];이옥진 옮김, 민음사,2020
총류,디지털도서관 운영론,,https://image.aladin.co.kr/product/248/78/cover500/8976781147_1.jpg, 이수상 지음, 한국도서관협회,2010
총류,문헌정보학의 이해,"문헌정보학 입문자를 위하여 핵심적인 내용을 간결하고 알기 쉽게 서술하였으며, 종전의 장 구성을 대폭 줄여서 대학의 한 학기 강의에 알맞게 구성하고, 사서 및 관련 전문가의 역사적.사회적 역할과 기능을 강화하기 위한 비전을 제시하였다.",https://image.aladin.co.kr/product/26602/19/cover500/8976783816_1.jpg, 한국문헌정보학회 지음, 한국도서관협회,2021
총류,난생처음 C 언어 프로그래밍,"C 언어를 비롯하여 프로그래밍을 처음 시작하는 학생에게 최적화된 교재다. C 언어의 핵심 개념을 일상 속 비유와 그림을 통해 시작적으로 설명하며, C 언어의 문법 자체보다 동작 원리에 집중하였다.",https://image.aladin.co.kr/product/28612/97/cover500/k582835950_1.jpg, 김화수 지음, 한빛아카데미,2022
총류,난생처음 C 언어 프로그래밍,"C 언어를 비롯하여 프로그래밍을 처음 시작하는 학생에게 최적화된 교재다. C 언어의 핵심 개념을 일상 속 비유와 그림을 통해 시작적으로 설명하며, C 언어의 문법 자체보다 동작 원리에 집중하였다.",https://image.aladin.co.kr/product/28612/97/cover500/k582835950_1.jpg, 김화수 지음, 한빛아카데미,2022
총류,난생처음 C 언어 프로그래밍,"C 언어를 비롯하여 프로그래밍을 처음 시작하는 학생에게 최적화된 교재다. C 언어의 핵심 개념을 일상 속 비유와 그림을 통해 시작적으로 설명하며, C 언어의 문법 자체보다 동작 원리에 집중하였다.",https://image.aladin.co.kr/product/28612/97/cover500/k582835950_1.jpg, 김화수 지음, 한빛아카데미,2022
총류,챗GPT + 엑셀 업무자동화 정석,"ChatGPT와 오피스 프로그램을 활용하여 업무자동화를 효율적으로 구현하는 적합한 방법을 제시한다. 책에서 소개하는 '단계별 접근 방법'을 따라하다 보면, 엑셀 업무자동화뿐만 아니라 상품기획, 계약서 작성, 프레젠테이션 자료 서식 자동화 등 다양한 작업이 손쉽게 가능해진다.",https://image.aladin.co.kr/product/31426/5/cover500/8960884243_1.jpg, 권현욱(엑셀러) 저, 아이생각(디지털북스),2023
총류,(만들면서 배우는)파이썬과 40개의 작품들,"내 업무와 생활에 바로 적용할 수 있는 40개의 프로그램을 직접 코딩해서 만들어보고, 동시에 파이썬을 자연스럽게 이해할 수 있게 구성하였다. 파이썬 기초 문법 떼고 자동화, 크롤링, 이미지처리 관련 40개 프로그램 직접 파이썬 코딩하며 만들어 본다.",https://image.aladin.co.kr/product/28919/57/cover500/k132836119_1.jpg, 장문철 지음, 앤써북,2022
총류,처음 배우는 NHN Colud,"국내 클라우드 서비스인 NHN Cloud를 이해하고 다루는 데 필요한 기본기를 쌓으려는 개발자, 시스템 엔지니어, 기술 영업 사원, IT 분야 전공자를 대상으로 한다. NHN Cloud 주요 서비스 개요를 설명하고 36개의 실전 연습으로 실무에 적용하기 위해 꼭 알아야 하는 내용을 안내한다.",https://image.aladin.co.kr/product/31379/74/cover500/k422832001_1.jpg, 김도균 지음, 한빛미디어,2023
총류,챗GPT와 업무자동화,"ChatGPT에게 코드를 요청하고, ChatGPT가 작성한 코드를 사용해서 엑셀이든 파워포인트든 구글 시스프레드시트든 뭐든 자동화할 수 있다. Ctrl+C와 Ctrl+V로 하루 종일 해야 했던 단순 반복 업무를 ChatGPT만 있으면 1분 안에 끝낼 수 있다.",https://image.aladin.co.kr/product/31315/8/cover500/k872832884_1.jpg, 김철수 지음, 위키북스,2023
총류,리버싱 입문,"예제를 중심으로 구성한 리버싱 입분서. ""백문불여일타(百聞不如一打)""라는 IT 업계의 격언에 따라 이론을 깊이 있게 배우기보다는 이론은 간단히 공부하고 예제를 따라 하면서 자연스럽게 리버싱을 배울 수 있도록 구성되어 있다. 마지막으로, 반드시 알아야 하는 지식은 부록으로 한 번 더 다룬다.",https://image.aladin.co.kr/product/8361/65/cover500/8965401283_1.jpg, 조성문 지음, 프리렉,2016
총류,진짜 챗GPT 활용법,"ChatGPT의 원리 및 기본 사용법부터 블로그, 영상 제작, 업무 등에서 다양하게 활용하는 '진짜 활용법'을 담았다. 일상에서도 업무에서도 ChatGPT 그리고 다양한 AI 도구로 똑똑하게 일해보자.",https://image.aladin.co.kr/product/31314/81/cover500/k152832884_1.jpg, 김준성;유원준;안상준 [공]지음, 위키북스,2023
총류,(맛있는 디자인)포토샵 & 일러스트레이터 CC 2023,"그래픽 디자인에 꼭 필요한 포토샵과 일러스트레이터를 한번에, 그리고 가볍게 배울 수 있다. 핵심만 골라 담아 부담 없이 학습할 수 있으며, 따로따로 배우는 것보다 두 가지 프로그램을 더욱 효과적으로 익힐 수 있다.",https://image.aladin.co.kr/product/30935/11/cover500/k292831490_1.jpg, 빨간고래;윤이사라 [공]지음, 한빛미디어,2023
총류,(비전공자를 위한 이해할 수 있는)IT 지식,"비전공자를 위한 'IT 기초 문법서'로, 한 번쯤 들어봤을 프로그래밍 언어, 운영체제, 네트워크, API, JSON, 데이터베이스, 이미지 처리, 프레임워크, 라이브러리, 깃(Git), 디자인 이슈 등 다양한 지식을 담고 있다.",https://image.aladin.co.kr/product/24606/45/cover500/k662631176_1.jpg, 최원영 지음, 티더블유아이지,2020
총류,(진짜 쓰는)실무 엑셀,"대기업 직장 생활 10년의 실무 노하우와 엑셀 유튜브 채널을 운영하면서 들은 수많은 직장인의 고민을 해결할 수 있는 다양한 엑셀 비법을 담았다. '진짜 쓰는 실무 엑셀' 한 권이면 빠른 일 처리로 워라밸을 실현하고, 일잘러로 거듭날 수 있다!",https://image.aladin.co.kr/product/28819/83/cover500/k152836497_3.jpg, 오빠두(전진권) 지음, Jpup(제이펍),2022
총류,리버싱 핵심 원리,‘리버싱’에 필요한 핵심 원리를 50여개 장을 통해 꼼꼼하게 설명한 책. 저자가 오랫동안 안철수 연구소에서 경험을 토대로 직접 작성한 다양한 코드는 물론 리버서라면 꼭 알아야 할 다양한 리버싱 기법을 상세하게 소개하고 있다.,https://image.aladin.co.kr/product/1957/71/cover500/8966260527_2.jpg, 이승원 지음, 인사이트,2012
총류,(실전!)ARM 임베디드시스템 Firmware/RTOS 완전정복,"ARM9 (S3C2443), ARM11(S3C6410) 테스트 보드를 통해 실제 개발에 활용할 수 있는 지침서로, Embedded System Firmware, RTOS (eCos)의 통합 가이드. 입문에서 전문가 수준까지를 담고 있으며, 펌웨어 및 RTOS (eCos) 개발 실전 코드를 제공한다. RTOS (eCos) 포팅에 대한 실전적 설명과 단순 제어에서 RTOS 디바이스 드라이버까지 광범위한 체험을 할 수 있도록 구성하였다.",https://image.aladin.co.kr/product/1157/55/cover500/8996380032_1.jpg, 박선호;오영환 지음, D&amp W WAVE,2011
총류,내 식탁 위의 책들,"우물우물 씹어 맛보는 미식 독서. 이 책의 지은이는 혼자 식사하는 시간을 책과 함께 보낸다. 좋아하는 음식을 해서 좋아하는 그릇에 담아 차려낸 다음, 서가로 다가가서는 책 한 권을 꺼낸다. 그러고는 책을 읽으며 식사를 한다. 이 혼자만의 식탁에 초대되는 책들은 정해져 있다. '수백 번 읽어서 이미 외운 지 오래인 책들'이며, '책장이 저절로 펼쳐질 정도로 보는 곳만 계속 본' 책들이다. 물론 그 부분들에는 어김없이 먹을 것 이야기가 들어 있다.",https://image.aladin.co.kr/product/1661/43/cover500/896196108x_2.jpg, 정은지 지음, 앨리스,2012
총류,책인시공,에세이와 인문학의 경계를 넘나들며 파리와 프로방스의 골목에 숨어 있는 '사색과 영감의 장소'들로 독자들을 이끌었던 사회학자이자 작가 정수복의 에세이. 그가 이번에 걸어들어간 곳은 특정 도시나 마을이 아닌 '책과 독서가들이 있는 시간과 공간'이다.,https://image.aladin.co.kr/product/2442/8/cover500/8954620698_1.jpg, 정수복 지음, 문학동네,2013
총류,(New)C 언어 입문 : 초급자편,C언어에 지식이 전혀 없는 초보자를 위한 책. 보다 가볍고 쉽게 C언어의 기초적인 지식을 설명한다. 실용적인 프로그램을 쓰기 위한 지식도 습득할 수 있다.,https://image.aladin.co.kr/product/190/97/cover500/8931436572_1.jpg, Haruhiko Hayashi 지음;영진닷컴편집부 역, 영진닷컴,2013
총류,(프로젝트로 배우는)라즈베리 파이,"라즈베리 파이는 신용카드 한 장 크기의 싱글 보드 컴퓨터로서, 가격이 저렴하고 사용법이 쉬우며 다양한 프로젝트의 구현이 가능한 개발 보드다. 이 책은 라즈베리 파이를 활용한 13가지의 프로젝트를 각 장마다 소개한다.",https://image.aladin.co.kr/product/5670/36/cover500/8968481881_1.jpg, 도날드 노리스 지음;임지순 옮김, 한빛미디어,2015
총류,리눅스 마스터 2급 정복하기,,https://image.aladin.co.kr/product/3598/5/cover500/1185123083_1.jpg, 배유미;정성재 공저, 북스홀릭 Publishing,2014
총류,포르잔 C++ 바이블. 1,"C를 몰라도 곧바로 C++을 공부하도록 구성했다. 개념을 이해하고 프로젝트 실습을 따라 하면 C++에 대한 전반적인 이해도를 높을 수 있다. 스크립트 언어에서 빠른 처리를 해야 하는 프레임워크, 라이브러리, 외부 프로그램은 대부분 C++로 작성되었다.",https://image.aladin.co.kr/product/25131/54/cover500/k952633372_2.jpg," Behrouz A. Forouzan,Richard F. Gilberg 지음;윤인성 옮김", 한빛아카데미,2020
총류,포르잔 C++ 바이블. 2,"C를 몰라도 곧바로 C++을 공부하도록 구성했다. 개념을 이해하고 프로젝트 실습을 따라 하면 C++에 대한 전반적인 이해도를 높을 수 있다. 스크립트 언어에서 빠른 처리를 해야 하는 프레임워크, 라이브러리, 외부 프로그램은 대부분 C++로 작성되었다.",https://image.aladin.co.kr/product/25131/54/cover500/k952633372_2.jpg," Behrouz A. Forouzan,Richard F. Gilberg 지음;윤인성 옮김", 한빛아카데미,2020
총류,유닉스의 탄생,"유닉스의 역사를 기록한 책이자 유닉스 개발 현장에 있던 이들의 회고록이다. 유닉스가 무엇인지, 어떤 이유로 개발되었는지, 어떤 과정을 거쳐 발전했는지 꼼꼼하게 기록했다. 동시에 수많은 가능성에 도전한 천재들의 이야기와 자유로운 연구 환경을 제공한 벨 연구소 현장도 생생하게 담았다.",https://image.aladin.co.kr/product/24639/9/cover500/k072631896_1.jpg, 브라이언 커니핸 지음;하성창 옮김, 한빛미디어,2020
총류,(Do it! )11가지 프로젝트로 시작하는 파이썬 생활 프로그래밍,"생활 프로그래머 김창현 박사가 일상과 업무에서 파이썬 프로그래밍을 활용한 경험을 바탕으로 만들어졌다. 가장 쉬운 활용법인 계산기부터 미드 '프렌즈'에서 대사 추출, 아파트 실거래가 통계 분석, 포털 사이트 기사 수집까지 총 11개 프로그램을 직접 만들어 볼 수 있다.",https://image.aladin.co.kr/product/24788/0/cover500/k072631735_1.jpg, 김창현 지음, 이지스퍼블리싱,2020
총류,(중ㆍ고등학생을 위한)인공지능 교과서. 1,인공지능을 배우고자 하는 학생들이면 한 번쯤은 인공지능에 대한 과학적 이론을 이해하도록 하고 처음부터 차근차근 인공지능 이론과 기본적인 능력을 활용할 수 있도록 총 9장으로 구성되어 있다.,https://image.aladin.co.kr/product/24490/86/cover500/8970939989_1.jpg, 천위쿤 편집;사이언스주니어인공지능연구회 옮김, 광문각,2020
총류,(Do it!)정직하게 코딩하며 배우는 딥러닝 입문,"개념 한 걸음, 수식 한 걸음 그리고 코딩 한 걸음. 가장 적당한 보폭과 올곧은 방향으로 안내하는 딥러닝 입문서. 그래프, 삽화, 도해는 100개가 넘어 추상적인 개념도 쉽고 빠르게 받아들일 수 있다.",https://image.aladin.co.kr/product/20831/61/cover500/k932636873_1.jpg, 박해선 지음, 이지스퍼블리싱,2019
총류,모두의 딥러닝,"베스트셀러 『모두의 딥러닝』이 최근 주목받는 주제들을 담아 기존 내용을 보강하여 돌아왔다. 초판에서 다루지 않았던 GAN, 오토인코더, 자연어 처리, 전이 학습 등 새로운 내용을 수록하였고, 딥러닝을 공부하면서 나오는 수식을 좀 더 수월하게 이해할 수 있도록 기초 수학편을 추가했다.",https://image.aladin.co.kr/product/22896/24/cover500/k522636940_1.jpg, 조태호 지음, 길벗,2020
총류,"인공지능, 엔트리를 만나다",블록형 프로그래밍 언어인 엔트리를 활용해 인공지능을 재미있게 탐험할 수 있도록 구성하였다. 인공지능의 사물 인식 기술을 이용해 시각 장애인을 위한 AI 사물 인식 프로그램 등을 만들어 보며 인공지능 기술이 우리 생활에 어떤 영향을 미치는지 쉽게 체험할 수 있다.,https://image.aladin.co.kr/product/25177/13/cover500/8931463243_1.jpg, 홍지연 지음, 영진닷컴,2020
총류,UX·UI의 10가지 심리학 법칙,"디자이너가 갖춰야 할 필수 소양인 심리학, 특히 사용자의 행동 방식이나 디지털 인터페이스와 인터랙션하는 방식 이면에서 작동하는 심리학에 관해 다룬다. 이 책은 더욱 직관적이고 인간 중심적인 제품과 경험을 만드는 데 활용할 수 있는 주요 심리학 법칙을 소개하는 실용 가이드다.",https://image.aladin.co.kr/product/25093/61/cover500/k412632959_1.jpg, 존 야블론스키 지음;이미령 옮김, 책만,2020
총류,(이기적)정보처리기사. 1,"기본서(이론서)로 기초를 확실하게 다져놓고 이론을 확인하는 문제로 다양한 유형의 문제들을 풀어, 다시 한 번 자신의 실력을 점검할 수 있다.",https://image.aladin.co.kr/product/25508/63/cover500/8931462859_1.jpg," 최의준,영진정보연구소 지음", 영진닷컴,2020
총류,(이기적)정보처리기사. 2,"기본서(이론서)로 기초를 확실하게 다져놓고 이론을 확인하는 문제로 다양한 유형의 문제들을 풀어, 다시 한 번 자신의 실력을 점검할 수 있다.",https://image.aladin.co.kr/product/25508/63/cover500/8931462859_1.jpg," 최의준,영진정보연구소 지음", 영진닷컴,2020
총류,(이기적)정보처리기사. 3,"기본서(이론서)로 기초를 확실하게 다져놓고 이론을 확인하는 문제로 다양한 유형의 문제들을 풀어, 다시 한 번 자신의 실력을 점검할 수 있다.",https://image.aladin.co.kr/product/25508/63/cover500/8931462859_1.jpg," 최의준,영진정보연구소 지음", 영진닷컴,2020
총류,숫자는 거짓말을 한다,"거의 매 순간 우리는 그래프와 지도, 인포그래픽 등 다양한 차트를 접하고 있지만 그 안에 담긴 정보와 메시지를 제대로 해석하는 경우는 극소수다. 이 책은 객관성과 신뢰도의 상징과 같은 차트가 어떻게 데이터를 왜곡해 우리를 오해와 착각의 늪으로 이끄는지 밝혀낸다.",https://image.aladin.co.kr/product/25356/60/cover500/8901245590_1.jpg, 알베르토 카이로 지음;박슬라 옮김, 웅진지식하우스,2020
총류,(맛있는 디자인)포토샵 CC 2020,"그래픽 디자인의 기본인 포토샵의 기초부터 활용까지 제대로 배울 수 있도록 구성하였다. 포토샵의 기본&핵심 기능을 꼼꼼하게 설명하여 기초부터 탄탄하게 학습할 수 있으며, 다양한 실무 예제 실습을 구성하여 디자인 실무를 효과적으로 익힐 수 있다.",https://image.aladin.co.kr/product/23423/74/cover500/k742638488_1.jpg," 윤이사라,김신애 지음", 한빛미디어,2020
총류,소반,"수십 년 혹은 수백 년의 긴 시간이 흐르는 동안 생활의 규모와 제도는 바뀌었지만 지난 시대의 사상과 생활상을 오래도록 간직한 선조들의 유품 가운데 소반은 상당히 중요한 몫을 차지한다. 이제는 생활에서 쓰이지 않아 무심히 지나치기 쉬운 소반의 특성과 쓰임새, 종류, 사용된 나무의 재질, 제작 기법과 연장 등 소반에 대한 개괄적인 이해를 돕는 책이다.",https://image.aladin.co.kr/product/8/17/cover500/893690003x_3.jpg, 나선화 지음, 대원사,2002
총류,민속놀이,이 책은 민속 놀이를 내용별로 구분하여 놀이 방법과 놀이의 성격에 대해 자세히 적고 있어 이론적으로 탄탄한 민속학 서적이 될 뿐만 아니라 잊혀져 가는 우리의 옛 놀이를 직접 즐길 수 있는 지침서이기도 하다.,https://image.aladin.co.kr/product/26/45/cover500/893690244x_1.jpg, 김광언 지음, 대원사,2006
총류,복식,복식의 풍속은 식생활이나 주생활과 함께 기층 문화의 알맹이일 뿐만 아니라 예의나 의식을 보여 주는 중요한 문화 현상이다. 이 책의 저자는 복식 심리의 입장에서 우리 옛 전통 의상에 대한 단순한 역사적인 규명보다는 그 속에 흐르는 민중 의식이나 심리를 살펴봄으로써 보다 근본적인 복식의 변천 원리에 접근할 수 있다는 견해를 밝히고 있다.,https://image.aladin.co.kr/product/6/17/cover500/8936900072_2.jpg, 조효순 지음, 대원사,2003
총류,조상 제례,"조상 제례란 조상과 자손과의 이념적 관계를 행동으로 표현한 양식이다. 이러한 제례는 기제사, 차례, 묘제, 시제 등 여러 종류가 있으며 불천위 제사와 성씨 시조를 위한 제례가 있다. 이 책은 제례의 대상과 참가 자손, 절차와 음식 등을 소개하며 민속학의 입장에 국한되지 않고 사회, 경제, 문화의 측면에서 이들 제례의 양상을 살펴본다.",https://image.aladin.co.kr/product/13/18/cover500/8936900102_2.jpg, 임돈희 지음;김수남 사진, 대원사,2004
총류,한국의 배,"상고시대부터 근세에 이르기까지 우리나라에서 만들고 사용해 온 배(통나무배, 뗏목배, 싸움배, 조운선, 거북배, 사견선, 전함, 바닷배, 강배 등)의 역사를 그림과 사진, 도면을 통해 시대별로 정리한 책이다. 저자는 일반인의 이해를 돕기 위해 책 뒤에 배에 관한 전문 용어 해설도 수록했다.",https://image.aladin.co.kr/product/16/24/cover500/8936900110_2.jpg, 이원식 지음, 대원사,2003
총류,라즈베리파이 3을 이용한 사물인터넷 기초부터 실무까지,"파이선은 문법이 매우 간단하다. 배우기 쉬울 뿐 아니라, OOP를 기반으로 하고 있기 때문에 초보자들이 라이브러리로 활용할 수 있는 장점을 가진 언어이다. 이 책은 Language에 익숙하지 않은 독자들을 위하여 4편으로 구성하였다.",https://image.aladin.co.kr/product/9112/54/cover500/8938110540_1.jpg," 김경희,김장욱,김경연 [공]지음", 동일출판사,2016
총류,(VHDL 및 VERILOG를 이용한)FPGA 로봇 설계 실습,,https://image.aladin.co.kr/product/58/17/cover500/8972834858_1.jpg, 이제현 [외]지음, 홍릉과학출판사,2005
총류,안드로이드 앱 인벤터,프로그래밍을 모르는 사람들도 안드로이드 앱을 쉽게 만들어서 마켓에 배포할 수 있도록 하는 앱 인벤터를 소개하는 책. 풍부한 예제와 그림이 들어간 자세한 설명은 독자를 단 일주일 만에 안드로이드 앱 개발자로 만들어줄 것이다.,https://image.aladin.co.kr/product/2681/98/cover500/8960774375_1.jpg, 외르크 클로스 지음;이승현 옮김, 에이콘,2013
총류,내 꿈을 열어 주는 진로 독서,꿈결 진로 직업 시리즈 꿈의 나침반 2권. 「한겨레신문」에 1년 가까이 연재되었던 진로 독서 관련 글을 엮은 책이다. 독서 전문가인 저자가 청소년들이 꼭 읽어야 할 도서 30권을 선정하여 소개한다.,https://image.aladin.co.kr/product/2709/22/cover500/8998400049_2.jpg, 임성미 지음, 꿈결,2013
총류,Embedded systems building blocks,"<embedded Systems Building Blocks, Complete and Ready-to-Use Modules in C>의 두 번째판으로, 임베디드 시스템을 디자인할 때 사용할 수 있는 소프트웨어 모듈을 다루고 있다. 또 구체적인 예제 프로그램을 기반으로 임베디드 시스템 디자인에 대한 궁금증을 풀어준다.",https://image.aladin.co.kr/product/196/94/cover500/8960770396_1.jpg, JEAN J. LABROSSE 지음;성원호 옮김, 에이콘,2008
총류,이렇게 하면 나도 프로그램을 잘 만들 수 있다,"누구나 세상을 바꿀 수 있는 프로그램을 만들 수 있도록 체계적이고 효율적인 학습 방법을 제시하는 책.문제 해결 관점에서 프로그래밍을 하는 방법을 소개하고, 몇 가지의 예제를 통해 문제를 해결하는 방식을 제시하고, 제시된 문제 해결 방식을 참고하여 많은 문제들을 스스로 해결하면서 개인마다 창의적인 문제 해결 방법을 확립하도록 한다.",https://image.aladin.co.kr/product/2001/36/cover500/8997399063_1.jpg, 김석현 지음, 박컴,2012
총류,(실전!)ARM Cortex-M3 시스템 프로그래밍 완전정복. 2,"Cortex-M3 MCU의 특성과 프로그래밍에 대해 기초부터 각종 내장 주변장치 활용에 이르기까지 폭넓게 다루었다. Cortex-M3 MCU의 장착된 각종 주변 장치와 외장 센서를 다루는 것에 대해 심도 있게 설명하였으며, 모든 코드와 회로는 직접 만들고 실전에서 검증하여 실제 응용에 바로 활용할 수 있도록 하였다. 특히, MCU 응용에서 자주 사용되는 가속도센서와 CAN 보드를 따로 만들어 이들에 대해 실습해 볼 수 있도록 하여 좀 더 실질적인 MCU 응용 프로그래밍을 체험 할 수 있도록 하였다.",https://image.aladin.co.kr/product/975/69/cover500/8996380024_1.jpg, 박선호;오영환 [공]지음, D&W WAVE,2011
총류,(실전!)ARM Cortex-M3 시스템 프로그래밍 완전정복. 2,"Cortex-M3 MCU의 특성과 프로그래밍에 대해 기초부터 각종 내장 주변장치 활용에 이르기까지 폭넓게 다루었다. Cortex-M3 MCU의 장착된 각종 주변 장치와 외장 센서를 다루는 것에 대해 심도 있게 설명하였으며, 모든 코드와 회로는 직접 만들고 실전에서 검증하여 실제 응용에 바로 활용할 수 있도록 하였다. 특히, MCU 응용에서 자주 사용되는 가속도센서와 CAN 보드를 따로 만들어 이들에 대해 실습해 볼 수 있도록 하여 좀 더 실질적인 MCU 응용 프로그래밍을 체험 할 수 있도록 하였다.",https://image.aladin.co.kr/product/975/69/cover500/8996380024_1.jpg, 박선호;오영환 [공]지음, D&W WAVE,2011
총류,라즈베리 파이 3,"라즈베리 파이의 개요와 OS 설치 방법, 저전력 소형 컴퓨터로의 이용, 유·무선 LAN 설정 서버 구축, 프로그래밍 기본, 전자 공작, I2C 디바이스 제어, 인터넷 서비스를 이용한 응용까지 라즈베리 파이의 활용 방법을 전체적으로 알아본다.",https://image.aladin.co.kr/product/15741/81/cover500/k252533231_1.jpg," 후쿠다 카즈히로 지음;김은철,유세라 옮김", 위키북스,2018
총류,직장인을 위한 실무 엑셀,방대한 양의 빅데이터를 빠르게 입력하는 방법부터 최적의 분석 결과를 얻기 위한 노하우까지 업무 시간 단축을 위한 맞춤 팁을 알려준다.,https://image.aladin.co.kr/product/9938/65/cover500/a552536068_2.jpg, 선양미 지음, 길벗,2018
총류,한입에 웹 크롤링,"프로그래밍에 문외한인 분들도 자신만의 크롤러를 만들고 활용할 수 있도록 개발 환경 설치부터 코딩까지 그림과 함께 단계별로 쉽게 풀어서 설명했다. 한 단계씩 실습해보고, 다른 예시를 찾아보고 또한 비슷하게 자신만의 코드를 작성해본다면 훨씬 더 빠르고 깊게 프로그래밍에 익숙해질 것이다.",https://image.aladin.co.kr/product/16869/1/cover500/k782534970_1.jpg, 김경록;서영덕 [공]지음, 비제이퍼블릭,2018
총류,(Joyce의)안드로이드 앱 프로그래밍 with 코틀린,"안드로이드 앱을 만드는 최신 기술을 알려준다. 다섯 가지 프로젝트를 만들며 스레드, 미디어 플레이어 API, 서비스, ROOM 데이터베이스, 구글 머신러닝 키트, 카메라, 구글 맵, 구글 애드몹 같은 실전에 유용한 기능을 배운다.",https://image.aladin.co.kr/product/28833/91/cover500/k892836692_2.jpg, 홍정아 지음, Golden Rabbit(골든래빗),2022
총류,"(알고리즘으로 배우는) 인공지능, 머신러닝, 딥러닝","본격적인 인공지능 시대를 준비하기 위해 이제는 인공지능 실체를 정확히 이해할 필요가 있다. 이 책에서는 ‘인공지능, 머신러닝, 딥러닝’에 관련된 모든 것을 기본개념과 그림자료를 통해 알기 쉽게 설명한다.",https://image.aladin.co.kr/product/32264/67/cover500/k842834849_1.jpg, 김의중 지음, 미리어드스페이스,2023
총류,머신러닝·딥러닝 문제해결 전략,"수많은 캐글 수상자의 노트북을 리팩터링하며 찾아낸 공통된 패턴이 담겨 있다. 단순 따라하기에서 벗어나 어떤 점을 분석해야 하는지, 분석 결과를 어떻게 적용하는지, 이 기법이 왜 유용하고 어떻게 활용하는지까지 친절하게 알려준다.",https://image.aladin.co.kr/product/29251/4/cover500/k332837394_2.jpg, 신백균 지음, Golden Rabbit(골든래빗),2022
총류,핸즈온 머신러닝,‘실제로 머신러닝을 구현하면서 학습한다’는 목표를 더욱 효과적으로 달성할 수 있도록 복잡한 주제를 구조화하고 난이도에 따라 순차적으로 학습할 수 있게 개선했다. 또한 누구나 쉽게 이해할 수 있도록 기존 설명을 더 친절하고 명확하게 다듬고 보완했다.,https://image.aladin.co.kr/product/32427/88/cover500/k332935094_2.jpg, 오렐리앙 제롱 지음;박해선 옮김, 한빛미디어,2023
총류,자바에서 코틀린으로,"자바에서 코틀린으로 코드 마이그레이션하기. 저자들은 2015년에 이 여행을 시작한 후, 많은 팀과 개발자가 자신들의 발자취를 따르도록 도왔다. 옵셔널에서 널이 될 수 있는 타입으로, 빈에서 값으로, 열린 클래스에서 봉인된 클래스로 변경하는 등 여러 코스로 나누어진 여행을 함께 떠나보자.",https://image.aladin.co.kr/product/30440/76/cover500/k632830273_1.jpg, 덩컨 맥그레거;냇 프라이스 [공]지음;오현석 옮김, 한빛미디어,2022
총류,(핵심만 골라 배우는)젯팩 컴포즈,"젯팩 컴포즈, 안드로이드 스튜디오, 코틀린 프로그래밍 언어를 사용해 신속하고 빠르게 안정적이고 쾌적하게 동작하는 안드로이드 네이티브 UI 빌드 방법을 소개한다. 이 책에서 다루는 주제들은 자세한 튜토리얼 방식의 실습과 함께 진행되며, 다운로드할 수 있는 샘플 소스 코드도 함께 제공된다.",https://image.aladin.co.kr/product/30631/68/cover500/k432830824_1.jpg, 닐 스미스 지음;김모세 옮김, Jpub(제이펍),2022
총류,만들면서 배우는 생성 AI,"딥러닝 기초부터 최신 생성 AI 모델까지 설명합니다. 텐서플로와 케라스를 사용해 변이형 오토인코더(VAE), 생성적 적대 신경망(GAN), 트랜스포머, 노멀라이징 플로 모델, 에너지 기반 모델, 잡음 제거 확산 모델 등 인상적인 생성 딥러닝 모델을 만드는 법을 다룬다.",https://image.aladin.co.kr/product/32427/87/cover500/k392935094_1.jpg, 데이비드 포스터 지음;박해선 옮김, 한빛미디어,2023
총류,(백견불여일타)딥러닝 입문,"텐서플로우 2.x 기반의 실습형 딥러닝 입문서. 초급자용 실습예제 165개, 실전 연습문제 15개를 수록했다. 딥러닝도 다른 프로그래밍 입문서와 마찬가지로 반복 학습만이 입문 단계를 벗어나기 위한 가장 빠른 방법이다.",https://image.aladin.co.kr/product/24199/24/cover500/8997924583_1.jpg, 조휘용 지음, 로드북,2023
총류,모션그래픽 실무테크닉 with 애프터 이펙트,"여러 효과와 도형을 이용해 모션그래픽 레이아웃과 애니메이션을 이해하고, 퀄리티 향상에 필수적인 합성 방법과 3D 아트웍을 위한 다양한 효과를 배운다. 하이퀄리티를 위해 주로 사용하는 유료 서드파티 플러그인인 3D Element와 Optical Flare도 다뤄본다.",https://image.aladin.co.kr/product/28491/78/cover500/8931465815_1.jpg, 김현중 지음, 영진닷컴,2023
총류,도서관과 리터러시 파워,무엇이 사람과 사람 사이의 소통을 방해하는 것일까? 우리가 놓치고 있는 힘은 그저 단어(word)를 읽는 능력이 아닌 세상(world)을 비판적으로 읽는 능력이다.,https://image.aladin.co.kr/product/32477/32/cover500/k212935500_1.jpg, 송경진 지음, 정은문고,2023
총류,(2023년 이기적)컴퓨터활용능력 1급 실기 기본서. 1-1: 스프레드시트,컴퓨터활용능력 1급 실기 응시자를 위한 도서로 시험에 나오는 이론만을 수록하여 짧은 시간에 자격증 대비가 가능하도록 한 완벽 대비서다. 2022년 출제된 상시 시험 문제 유형을 적극 반영하였으며 누구나 쉽게 이 책을 따라 해 봄으로써 합격할 수 있도록 구성하였다.,https://image.aladin.co.kr/product/29957/9/cover500/8931466374_1.jpg, 박윤정 저, 영진닷컴,2023
총류,(2023년 이기적)컴퓨터활용능력 1급 실기 기본서. 1-2: 데이터베이스,컴퓨터활용능력 1급 실기 응시자를 위한 도서로 시험에 나오는 이론만을 수록하여 짧은 시간에 자격증 대비가 가능하도록 한 완벽 대비서다. 2022년 출제된 상시 시험 문제 유형을 적극 반영하였으며 누구나 쉽게 이 책을 따라 해 봄으로써 합격할 수 있도록 구성하였다.,https://image.aladin.co.kr/product/29957/9/cover500/8931466374_1.jpg, 박윤정 저, 영진닷컴,2023
총류,(2023년 이기적)컴퓨터활용능력 1급 실기 기본서. 1-3: 문제집,컴퓨터활용능력 1급 실기 응시자를 위한 도서로 시험에 나오는 이론만을 수록하여 짧은 시간에 자격증 대비가 가능하도록 한 완벽 대비서다. 2022년 출제된 상시 시험 문제 유형을 적극 반영하였으며 누구나 쉽게 이 책을 따라 해 봄으로써 합격할 수 있도록 구성하였다.,https://image.aladin.co.kr/product/29957/9/cover500/8931466374_1.jpg, 박윤정 저, 영진닷컴,2023
총류,(2024 이기적)컴퓨터활용능력 2급 실기 기본서. 2급실기-1,"2024년 출제기준을 분석, 반영하여 컴퓨터활용능력 실기 시험에 대비할 수 있도록 구성하였다. 1권의 이론서에서 핵심이론과 함수사전을 공부한 후, 2권의 문제집에서 기출 유형 문제&상시 기출 문제를 풀어보자.",https://image.aladin.co.kr/product/32509/47/cover500/8931468482_1.jpg, 박윤정 지음, 영진.com(영진닷컴),2023
총류,(2024 이기적)컴퓨터활용능력 2급 실기 기본서. 2급실기-2,"2024년 출제기준을 분석, 반영하여 컴퓨터활용능력 실기 시험에 대비할 수 있도록 구성하였다. 1권의 이론서에서 핵심이론과 함수사전을 공부한 후, 2권의 문제집에서 기출 유형 문제&상시 기출 문제를 풀어보자.",https://image.aladin.co.kr/product/32509/47/cover500/8931468482_1.jpg, 박윤정 지음, 영진.com(영진닷컴),2023
총류,"(2023 시나공)컴퓨터활용능력 1급 실기. 1급실기-3: 엑셀, 엑세스 2016","엑셀, 액세스의 방대한 기능 중 시험에 꼭 나오는 엑셀 기능 18가지, 액세스 기능 8가지로 압축하고, 쉽게 익힐 수 있도록 따라하기 형식으로 구성하였다. 각 섹션마다 출제된 비율에 따라 A, B, C, D 등급을 지정하여 중요한 내용을 먼저 볼 수 있다.",https://image.aladin.co.kr/product/29825/31/cover500/k582838418_1.jpg, 길벗알앤디 지음, 길벗,2022
총류,(2023 시나공)기출문제집 컴퓨터활용능력 2급 필기. 2급필기,"초단타 합격 전략집이다. 최근 6년간 출제된 최신 기출문제 15회분을 수록하고 문제마다 시험에 출제된 비율에 따라 A,B,C,D 등급을 지정하여 중요도를 표시했다. 개념과 함께 더 공부해야 할 문제, 문제와 지문을 외워야 할 문제, 답만 기억하고 넘어갈 문제들을 전문가가 꼼꼼히 알려준다.",https://image.aladin.co.kr/product/30443/50/cover500/k422830378_1.jpg, 길벗알앤디 지음, 길벗,2023
총류,(2024 이기적)컴퓨터활용능력 1급 필기 기본서. 1급필기-2: 스프레드시트 일반,변경된 2024년 출제 기준을 완벽하게 반영한 이 도서는 필기시험 준비 수험생을 위한 꼭 필요한 기본서다. 여러 해 동안의 출제 경향을 깊이 분석하여 집필된 3권의 이론서와 함께 상시 기출문제가 담긴 기출공략집으로 구성되어 있다.,https://image.aladin.co.kr/product/32182/3/cover500/8931468172_2.jpg, 홍태성;영진정보연구소 지음, 영진.com(영진닷컴),2023
총류,(2023 시나공)기출문제집 컴퓨터활용능력 1급 필기. 1급필기,"초단타 합격 전략집이다. 최근 6년간 출제된 최신 기출문제 15회분을 수록하고 문제마다 시험에 출제된 비율에 따라 A,B,C,D 등급을 지정하여 중요도를 표시했다. 개념과 함께 더 공부해야 할 문제, 문제와 지문을 외워야 할 문제, 답만 기억하고 넘어갈 문제들을 전문가가 꼼꼼히 알려준다.",https://image.aladin.co.kr/product/30442/82/cover500/k362830277_1.jpg, 길벗 R&D 외 지음, 길벗,2023
총류,(2023 이기적)컴퓨터활용능력 1급. 1급-1: 필기,"컴퓨터활용능력 1급 필기와 실기 시험을 한 번에 합격할 수 있도록 구성한 필기, 실기 합본 도서다. 필기 기출 유형을 완벽하게 분석한 [자주 출제되는 기출문제 120선]과 실제 시험에서 출제되었던 지문으로 구성한 [핵심 암기 노트] 등으로 구성되어 있다.",https://image.aladin.co.kr/product/30791/60/cover500/8931466412_1.jpg, 홍태성;박윤정 공저, 영진닷컴,2023
총류,(2023 이기적)컴퓨터활용능력 1급. 1급-2: 실기,"컴퓨터활용능력 1급 필기와 실기 시험을 한 번에 합격할 수 있도록 구성한 필기, 실기 합본 도서다. 필기 기출 유형을 완벽하게 분석한 [자주 출제되는 기출문제 120선]과 실제 시험에서 출제되었던 지문으로 구성한 [핵심 암기 노트] 등으로 구성되어 있다.",https://image.aladin.co.kr/product/30791/60/cover500/8931466412_1.jpg, 홍태성;박윤정 공저, 영진닷컴,2023
총류,(2023 시나공)컴퓨터활용능력 1급 필기. 1급필기-2: 스프레드시트 일반 데이터베이스 일반,"합격에 필요한 내용만 골라 듣는 시나공식 맞춤 동영상 강의를 제공하여 수험생의 부담을 줄이고 독학을 가능하게 하였다. 실제 시험의 출제 경향을 친절하게 짚어주고, 자주 시험에 나온 내용은 확실히 강조하여 혼자서도 충분히 공부할 수 있게 도와준다.",https://image.aladin.co.kr/product/29998/37/cover500/k502838251_1.jpg, 길벗알앤디 지음, 길벗,2023
총류,안드로이드 스튜디오를 활용한 실전 앱 만들기,"최신 Android 8.0 버전과 Android Studio 3.0 최신 버전을 적용하였고, 안드로이드 스튜디오를 활용해 다양한 안드로이드 앱 만드는 과정을 한 권에 담아 소개한다. 안드로이드 앱 제작에 필요한 자바의 주요 개념을 쉽게 정리한다.",https://image.aladin.co.kr/product/13170/8/cover500/8931456905_1.jpg, 조상철 저, 영진닷컴,2018
총류,모두의 파이썬×알고리즘,"베스트셀러『모두의 파이썬, 개정판(2018)』과 『모두의 알고리즘 with 파이썬(2017)』의 내용을 하나로 합친 합본호이다. 전문 용어와 복잡한 수학을 사용하지 않고 최대한 쉽게 설명하므로 컴퓨터 프로그래밍을 처음 배우는 사람도 볼 수 있다.",https://image.aladin.co.kr/product/17596/96/cover500/k232534815_1.jpg, 이승찬 지음, 길벗,2018
총류,(초보자를 위한)Java 200제,"자바 초급자부터 중급자까지 고려하여 집필한 책으로, JDK와 이클립스를 설치 및 설정하는 방법과 자바 필수 문법 같은 기초적인 내용부터 고급 내용까지 자세히 설명한다. 소스 코드 행별로 설명을 달아 독자들이 자바 프로그래밍을 쉽게 이해할 수 있도록 하였다.",https://image.aladin.co.kr/product/15253/54/cover500/8956747857_1.jpg, 조효은 지음, 정보문화사,2018
총류,라즈베리파이3:네트워크 프로그래밍(2판),,https://image.aladin.co.kr/product/18677/84/cover500/k422635568_1.jpg, 이용진 지음, 복두,2019
총류,(처음 만나는)디지털 논리회로,"IT CookBook 360권. 이 책은 디지털 하드웨어를 처음 배우는 공학계열 학생들을 위한 입문서로, 친절한 설명과 풍부한 그림으로 이론을 쉽게 다룬다.",https://image.aladin.co.kr/product/8819/73/cover500/k832535993_1.jpg, 임석구;홍경호 [공]지음, 한빛아카데미,2016
총류,정보처리기술사 이론과 전략,"국가기술시험인 IT기술사(정보관리기술사&컴퓨터시스템응용기술사)의 기본서. 이번 4번째 개정판은 각 도메인별로 중요한 토픽 분야를 추가 보완하였으며, 많은 IT 분들께서 책에 대한 조언과 개선사항을 적용하였다.",https://image.aladin.co.kr/product/8665/21/cover500/898258658x_1.jpg, 강정배 외 지음, 한국생산성본부,2016
총류,정보처리기술사 이론과 전략,"국가기술시험인 IT기술사(정보관리기술사&컴퓨터시스템응용기술사)의 기본서. 이번 4번째 개정판은 각 도메인별로 중요한 토픽 분야를 추가 보완하였으며, 많은 IT 분들께서 책에 대한 조언과 개선사항을 적용하였다.",https://image.aladin.co.kr/product/8665/21/cover500/898258658x_1.jpg, 강정배 외 지음, 한국생산성본부,2016
총류,정보처리기술사 이론과 전략,"국가기술시험인 IT기술사(정보관리기술사&컴퓨터시스템응용기술사)의 기본서. 이번 4번째 개정판은 각 도메인별로 중요한 토픽 분야를 추가 보완하였으며, 많은 IT 분들께서 책에 대한 조언과 개선사항을 적용하였다.",https://image.aladin.co.kr/product/8665/21/cover500/898258658x_1.jpg, 강정배 외 지음, 한국생산성본부,2016
총류,정보처리기술사 이론과 전략,"국가기술시험인 IT기술사(정보관리기술사&컴퓨터시스템응용기술사)의 기본서. 이번 4번째 개정판은 각 도메인별로 중요한 토픽 분야를 추가 보완하였으며, 많은 IT 분들께서 책에 대한 조언과 개선사항을 적용하였다.",https://image.aladin.co.kr/product/8665/21/cover500/898258658x_1.jpg, 강정배 외 지음, 한국생산성본부,2016
총류,정보처리기술사 이론과 전략,"국가기술시험인 IT기술사(정보관리기술사&컴퓨터시스템응용기술사)의 기본서. 이번 4번째 개정판은 각 도메인별로 중요한 토픽 분야를 추가 보완하였으며, 많은 IT 분들께서 책에 대한 조언과 개선사항을 적용하였다.",https://image.aladin.co.kr/product/8665/21/cover500/898258658x_1.jpg, 강정배 외 지음, 한국생산성본부,2016
총류,라즈베리파이3 네트워크 프로그래밍,,https://image.aladin.co.kr/product/15932/85/cover500/k282533638_1.jpg, 이용진 지음, 복두출판사,2018
총류,OS가 보이는 그림책,"CPU와 프로세스, 메모리나 디스크 관리 등 OS와 관련된 하드웨어적인 기작의 모든 것을 알려줄 뿐 아니라 운영체제의 개념과 기능을 소개하며, 운영체제와 연동되어 움직이는 네트워크 관리, 사용자 관리, 특징적인 기술 등을 설명한다.",https://image.aladin.co.kr/product/16671/58/cover500/8931555792_2.jpg," ANK Co., Ltd. 저;이영란 역", BM성안당,2012
총류,될 때까지 안드로이드,안드로이드 프로그래밍 학습 과정을 총 4부로 나누어 단계별로 진행할 수 있게 구성했다. 처음 해보는 독자를 위해 환경설정부터 첫 번째 앱을 만들고 이를 분석하는 과정과 안드로이드 4대 컴포넌트를 중심으로 앱을 개발할 때 필요한 핵심적인 내용과 최근에 자주 사용되는 프로그래밍 기법 등을 충분하게 담았다.,https://image.aladin.co.kr/product/13781/76/cover500/k082532920_1.jpg, 오준석 지음, 루비페이퍼,2018
총류,아들 셋 엄마의 돈 되는 독서,"저자는 평생 책이라고는 읽어본 적 없던 삶, 남의 덕만 보고 살고자했던 철없는 시절을 진솔하게 고백하며, 나조차 해냈으니 이 책을 읽는 독자들은 당연히 할 수 있다고 따뜻한 격려를 건넨다.",https://image.aladin.co.kr/product/17214/9/cover500/s862534996_1.jpg, 김유라 지음, 차이정원,2018
총류,나는 책나무를 심는다,아침독서운동 한상수의 행복한 독서운동 이야기. ㈔행복한아침독서가 이끌어가는 아침독서운동이 이렇게 성공적으로 학교의 독서 환경을 바꾸어놓을 수 있었던 이유는 무엇일까? 아침독서운동이 시작된 2005년부터 적극적으로 이 운동을 실행했던 대구시를 보면 그 답을 찾을 수 있다.,https://image.aladin.co.kr/product/10349/3/cover500/k432536680_1.jpg, 한상수 지음, 한권의책,2017
총류,생각을 바꾸는 생각들,"유발 하라리, 조던 피터슨, 제인 구달, 카를로 로벨리, 마야 안젤루, 얀 마텔, 무하마드 유누스, 잭 웰치, 제임스 다이슨, 셰릴 샌드버그 등 전 세계의 지성을 한 자리에 모아 이 시대의 가장 중요한 문제들에 대한 생각을 직접 들어볼 수 있다면? 일면 불가능해 보이는 이 작업이 실제 현실에서 이뤄졌다.",https://image.aladin.co.kr/product/25967/85/cover500/k702733546_1.jpg, 비카스 샤 지음;임경은 옮김, 인플루엔셜,2021
총류,(초보자를 위한)SQL 200제,"총 5개 파트와 200개의 예제로 구성되어 있다. 차근차근 예제를 통해 SQL 기초를 다지고, 직접 프로그램을 실행해봄으로써 SQL을 활용한 머신러닝 데이터 분석으로 Kaggle 상위권에 진입할 수 있도록 구성되어 있다.",https://image.aladin.co.kr/product/24012/39/cover500/8956748500_1.jpg, 유연수 지음, 정보문화사,2020
총류,(초보자를 위한)Node.js 200제,"총 5개 파트 200개의 예제로 구성되어 있는 책으로, ES6 문법과 함수형 프로그래밍을 한 번에 배우기 위해 만들어졌다. 웹 브라우저에서만 사용하던 스크립트 언어였던 자바스크립트를 node.js라는 엔진이 나오면서 웹 브라우저뿐만 아니라 서버, 앱 등 많은 분야에서 사용하기 때문에 개발하는 데 편리함을 준다.",https://image.aladin.co.kr/product/13816/75/cover500/8956747792_1.jpg, 김경록;정지현 [공]지음, 정보문화사,2018
총류,(모던 웹을 위한)Node.js 프로그래밍,"이번 개정판은 30개월의 안정적인 지원을 약속하는 Node.js LTS 버전에 맞춰 전면 개정했으며, 학습목표를 추가해 각 장별로 꼭 알아야 할 사항을 다시 한번 정리했다.",https://image.aladin.co.kr/product/8623/7/cover500/8968482942_1.jpg, 윤인성 지음, 한빛미디어,2016
총류,(처음 프로그래밍을 시작하는 입문자의 눈높이에 맞춘)생활코딩! Node.js 노드제이에스 프로그래밍,"생활코딩은 일반인에게 프로그래밍을 알려주는 것을 목적으로 하는 비영리 교육 활동으로, 이 책은 생활코딩에서 제공하는 수업 가운데 WEB2 - Node.js 수업을 정리한 책이다. 동영상이나 텍스트만으로도 학습할 수 있게 만들어져 있다.",https://image.aladin.co.kr/product/26736/11/cover500/k622730382_1.jpg, 이고잉 지음, 위키북스,2021
총류,(처음 프로그래밍을 시작하는 입문자의 눈높이에 맞춘)생활코딩! Node.js 노드제이에스 프로그래밍,"생활코딩은 일반인에게 프로그래밍을 알려주는 것을 목적으로 하는 비영리 교육 활동으로, 이 책은 생활코딩에서 제공하는 수업 가운데 WEB2 - Node.js 수업을 정리한 책이다. 동영상이나 텍스트만으로도 학습할 수 있게 만들어져 있다.",https://image.aladin.co.kr/product/26736/11/cover500/k622730382_1.jpg, 이고잉 지음, 위키북스,2021
총류,(따라하며 배우는)파이썬과 데이터 과학,"저자들은 파이썬의 문법을 설명하는 일 이상을 하고 싶었다. 그러한 이유로 파이썬의 강력한 능력을 드러내어, 더 깊고 풍부한 프로그래밍의 세계로 독자를 안내하기 위해 이 책을 기획하였다.",https://image.aladin.co.kr/product/25956/74/cover500/897050477x_1.jpg, 천인국;박동규;강영민 [공]지음, 생능,2020
총류,(업무에 바로 쓰는)SQL 튜닝,SQL의 기초 지식만 있다면 튜닝까지 쉽게 이해할 수 있도록 직관적인 그림과 예제로 구성되어 있다. 또한 실제 업무에서 발생할 수 있는 악성 사례를 통해 SQL 문을 분석하고 튜닝하는 과정을 직접 실습해본다.,https://image.aladin.co.kr/product/27417/39/cover500/k272732658_1.jpg, 양바른 지음, 한빛미디어,2021
총류,실무로 배우는 시스템 성능 최적화,"위키북스 시스템 & 네트워크 시리즈 3권. 이 책은 시스템 최적화 전문가가 15년간의 실무 경험을 바탕으로 4년간의 노력 끝에 완성한, 시스템 운영자와 애플리케이션 개발자를 대상으로 한 성능 개선에 대한 종합적이고 체계적인 가이드이다.",https://image.aladin.co.kr/product/7592/37/cover500/k482434313_1.jpg, 권문수 지음, 위키북스,2016
총류,(처음 프로그래밍을 시작하는 입문자의 눈높이에 맞춘)생활코딩! PHP+MySQL,HTML/CSS/자바스크립트는 배웠지만 실제 서비스에서 사용되는 웹 애플리케이션을 제작하려면 동적 웹 애플리케이션을 만드는 기술을 익혀야 한다. PHP와 MySQL은 전 세계에서 가장 인기 있는 웹 프로그래밍 언어와 데이터베이스다.,https://image.aladin.co.kr/product/17746/61/cover500/k362534127_1.jpg, 이고잉 지음, 위키북스,2019
총류,프레지 완전 활용법,프레지가 한글판으로 바뀐 2013년 이후 가장 최신판을 반영하여 출간했으며 저자 카페에 질의응답이 가능하고 책에서 소개하는 모든 예제의 소스를 저자의 프레지 채널에서 독자가 가져다 쓸 수 있게 배려한 점도 이 책의 장점이다.,https://image.aladin.co.kr/product/3014/8/cover500/8997390236_1.jpg, 레터릭 쇼 지음, 이지스퍼블리싱,2013
총류,AI 상식 사전,"인공지능(AI)이 인간의 일상에 빠르게 스며드는 지금 이 시기에 기초 개념부터 최신 기술 동향, 그리고 개인과 사회에 미치는 영향까지 AI 관련 지식을 총 50개의 핵심 키워드로 풀어낸 가장 실용적인 안내서다.",https://shopping-phinf.pstatic.net/main_5532526/55325267774.20250617094514.jpg, 김지현 지음, CRETA,2025
총류,어느 교실의 멜랑콜리아,"20대 초등교사가 5년간 교육 현장에서 마주한 어린이들의 삶을 통해 한국 사회의 불평등과 돌봄의 사각지대를 조명하는 교육 에세이다. 한겨울에도 외투를 입지 않고 학교에 오는 아이들, 칭찬 간식을 차마 먹지 못하고 주머니에 챙겨 넣는 아이들, 방과 후 길거리를 방황하는 아이들의 얼굴에서 읽히는 그늘이 우리 사회 전체가 공유하는 문제임을 짚는다.",https://shopping-phinf.pstatic.net/main_5623118/56231180474.20250813071450.jpg, 박상아 지음, 북트리거,2025
총류,(2025 최신판 에듀윌 취업)공기업기출 일반상식,,https://shopping-phinf.pstatic.net/main_5099996/50999960634.20250617092100.jpg, 에듀윌 상식연구소 지음, 에듀윌,2024
총류,AI 전쟁 2.0,"2023년 출간돼 당시 큰 반향을 일으킨 《AI 전쟁》의 후속작이다. 2023년 많은 미디어와 서적들이 챗GPT 열풍에 들떠 해외 기술과 세계적 트렌드를 소개할 때 《AI 전쟁》은 이미 대한민국 인공지능의 현재를 분석하고 미래를 조망했다. 2년이 지난 현재, 전작의 경고는 현실이 되었고, 우리는 다시 전략을 짜야 한다.",https://shopping-phinf.pstatic.net/main_5544839/55448392128.20250624105524.jpg, 하정우;한상기 [공]지음, 한빛비즈,2025
총류,2026 이기적 컴퓨터활용능력 2급 필기 기본서. 1,컴퓨터활용능력 2급 필기 시험을 준비하는 모든 사람에게 필요한 <이기적 컴퓨터활용능력 2급 필기 기본서>가 출간되었다. 기본서로 개념을 탄탄하게 잡고 한 번에 합격하자!,https://shopping-phinf.pstatic.net/main_5534325/55343252774.20250619120719.jpg, 홍태성 지음;영진정보연구소 공저, 영진.com,2025
총류,2026 이기적 컴퓨터활용능력 1급 실기 기본서. 2-1: 스프레드시트,"출제기준을 분석, 반영하여 컴퓨터활용능력 실기 시험에 대비할 수 있도록 구성하였다. 1권 스프레드시트, 2권 데이터베이스, 3권의 함수공략집에서 이론과 기출 문제를 풀어보자.",https://shopping-phinf.pstatic.net/main_5546614/55466149550.20250625102406.jpg, 박윤정 지음, 영진.com,2025
총류,2026 이기적 컴퓨터활용능력 1급 실기 기본서. 2-1: 스프레드시트,"출제기준을 분석, 반영하여 컴퓨터활용능력 실기 시험에 대비할 수 있도록 구성하였다. 1권 스프레드시트, 2권 데이터베이스, 3권의 함수공략집에서 이론과 기출 문제를 풀어보자.",https://shopping-phinf.pstatic.net/main_5546614/55466149550.20250625102406.jpg, 박윤정 지음, 영진.com,2025
총류,2026 이기적 컴퓨터활용능력 1급 실기 기본서. 2-1: 스프레드시트,"출제기준을 분석, 반영하여 컴퓨터활용능력 실기 시험에 대비할 수 있도록 구성하였다. 1권 스프레드시트, 2권 데이터베이스, 3권의 함수공략집에서 이론과 기출 문제를 풀어보자.",https://shopping-phinf.pstatic.net/main_5546614/55466149550.20250625102406.jpg, 박윤정 지음, 영진.com,2025
총류,2026 이기적 컴퓨터활용능력 1급 실기 기본서. 2-1: 스프레드시트,"출제기준을 분석, 반영하여 컴퓨터활용능력 실기 시험에 대비할 수 있도록 구성하였다. 1권 스프레드시트, 2권 데이터베이스, 3권의 함수공략집에서 이론과 기출 문제를 풀어보자.",https://shopping-phinf.pstatic.net/main_5546614/55466149550.20250625102406.jpg, 박윤정 지음, 영진.com,2025
총류,2026 이기적 컴퓨터활용능력 1급 실기 기본서. 2-1: 스프레드시트,"출제기준을 분석, 반영하여 컴퓨터활용능력 실기 시험에 대비할 수 있도록 구성하였다. 1권 스프레드시트, 2권 데이터베이스, 3권의 함수공략집에서 이론과 기출 문제를 풀어보자.",https://shopping-phinf.pstatic.net/main_5546614/55466149550.20250625102406.jpg, 박윤정 지음, 영진.com,2025
총류,2026 이기적 컴퓨터활용능력 1급 실기 기본서. 2-1: 스프레드시트,"출제기준을 분석, 반영하여 컴퓨터활용능력 실기 시험에 대비할 수 있도록 구성하였다. 1권 스프레드시트, 2권 데이터베이스, 3권의 함수공략집에서 이론과 기출 문제를 풀어보자.",https://shopping-phinf.pstatic.net/main_5546614/55466149550.20250625102406.jpg, 박윤정 지음, 영진.com,2025
총류,2026 이기적 컴퓨터활용능력 2급 실기 기본서. 1: 이론서,"출제기준을 분석, 반영하여 컴퓨터활용능력 실기 시험에 대비할 수 있도록 구성하였다. 1권의 이론서에서 핵심이론과 함수사전을 공부한 후, 2권의 문제집에서 상시 기출 문제&기출 유형 문제를 풀어보자.",https://shopping-phinf.pstatic.net/main_5548208/55482084245.20250626091911.jpg, 박윤정 지음, 영진.com,2025
총류,2026 이기적 컴퓨터활용능력 2급 실기 기본서. 1: 이론서,"출제기준을 분석, 반영하여 컴퓨터활용능력 실기 시험에 대비할 수 있도록 구성하였다. 1권의 이론서에서 핵심이론과 함수사전을 공부한 후, 2권의 문제집에서 상시 기출 문제&기출 유형 문제를 풀어보자.",https://shopping-phinf.pstatic.net/main_5548208/55482084245.20250626091911.jpg, 박윤정 지음, 영진.com,2025
총류,2026 이기적 컴퓨터활용능력 2급 실기 기본서. 1: 이론서,"출제기준을 분석, 반영하여 컴퓨터활용능력 실기 시험에 대비할 수 있도록 구성하였다. 1권의 이론서에서 핵심이론과 함수사전을 공부한 후, 2권의 문제집에서 상시 기출 문제&기출 유형 문제를 풀어보자.",https://shopping-phinf.pstatic.net/main_5548208/55482084245.20250626091911.jpg, 박윤정 지음, 영진.com,2025
총류,2026 이기적 컴퓨터활용능력 2급 필기 기본서. 1,컴퓨터활용능력 2급 필기 시험을 준비하는 모든 사람에게 필요한 <이기적 컴퓨터활용능력 2급 필기 기본서>가 출간되었다. 기본서로 개념을 탄탄하게 잡고 한 번에 합격하자!,https://shopping-phinf.pstatic.net/main_5534325/55343252774.20250619120719.jpg, 홍태성 지음;영진정보연구소 공저, 영진.com,2025
총류,2026 이기적 컴퓨터활용능력 2급 필기 기본서. 1,컴퓨터활용능력 2급 필기 시험을 준비하는 모든 사람에게 필요한 <이기적 컴퓨터활용능력 2급 필기 기본서>가 출간되었다. 기본서로 개념을 탄탄하게 잡고 한 번에 합격하자!,https://shopping-phinf.pstatic.net/main_5534325/55343252774.20250619120719.jpg, 홍태성 지음;영진정보연구소 공저, 영진.com,2025
총류,2026 이기적 컴퓨터활용능력 2급 필기 기본서. 1,컴퓨터활용능력 2급 필기 시험을 준비하는 모든 사람에게 필요한 <이기적 컴퓨터활용능력 2급 필기 기본서>가 출간되었다. 기본서로 개념을 탄탄하게 잡고 한 번에 합격하자!,https://shopping-phinf.pstatic.net/main_5534325/55343252774.20250619120719.jpg, 홍태성 지음;영진정보연구소 공저, 영진.com,2025
총류,2026 이기적 컴퓨터활용능력 1급 실기 기본서. 2-2: 데이터베이스,"출제기준을 분석, 반영하여 컴퓨터활용능력 실기 시험에 대비할 수 있도록 구성하였다. 1권 스프레드시트, 2권 데이터베이스, 3권의 함수공략집에서 이론과 기출 문제를 풀어보자.",https://shopping-phinf.pstatic.net/main_5546614/55466149550.20250625102406.jpg, 박윤정 지음, 영진.com,2025
총류,2026 이기적 컴퓨터활용능력 1급 실기 기본서. 2-2: 데이터베이스,"출제기준을 분석, 반영하여 컴퓨터활용능력 실기 시험에 대비할 수 있도록 구성하였다. 1권 스프레드시트, 2권 데이터베이스, 3권의 함수공략집에서 이론과 기출 문제를 풀어보자.",https://shopping-phinf.pstatic.net/main_5546614/55466149550.20250625102406.jpg, 박윤정 지음, 영진.com,2025
총류,2026 이기적 컴퓨터활용능력 1급 실기 기본서. 2-2: 데이터베이스,"출제기준을 분석, 반영하여 컴퓨터활용능력 실기 시험에 대비할 수 있도록 구성하였다. 1권 스프레드시트, 2권 데이터베이스, 3권의 함수공략집에서 이론과 기출 문제를 풀어보자.",https://shopping-phinf.pstatic.net/main_5546614/55466149550.20250625102406.jpg, 박윤정 지음, 영진.com,2025
총류,2026 이기적 컴퓨터활용능력 1급 실기 기본서. 2-2: 데이터베이스,"출제기준을 분석, 반영하여 컴퓨터활용능력 실기 시험에 대비할 수 있도록 구성하였다. 1권 스프레드시트, 2권 데이터베이스, 3권의 함수공략집에서 이론과 기출 문제를 풀어보자.",https://shopping-phinf.pstatic.net/main_5546614/55466149550.20250625102406.jpg, 박윤정 지음, 영진.com,2025
총류,2026 이기적 컴퓨터활용능력 1급 실기 기본서. 2-2: 데이터베이스,"출제기준을 분석, 반영하여 컴퓨터활용능력 실기 시험에 대비할 수 있도록 구성하였다. 1권 스프레드시트, 2권 데이터베이스, 3권의 함수공략집에서 이론과 기출 문제를 풀어보자.",https://shopping-phinf.pstatic.net/main_5546614/55466149550.20250625102406.jpg, 박윤정 지음, 영진.com,2025
총류,2026 이기적 컴퓨터활용능력 1급 필기 기본서. 1-1: 컴퓨터 일반,컴활 필기 시험을 준비하는 수험생이라면 필수인 책 <2026 이기적 컴퓨터활용능력 1급 필기 기본서>가 출간되었다. 기본서는 3권의 이론서와 상시 기출문제를 담은 기출공략집까지 총 4권으로 구성되어 있다.,https://shopping-phinf.pstatic.net/main_5521518/55215185808.20250610093805.jpg, 홍태성 지음;영진정보연구소 공저, 영진.com,2025
총류,2026 이기적 컴퓨터활용능력 1급 필기 기본서. 1-1: 컴퓨터 일반,컴활 필기 시험을 준비하는 수험생이라면 필수인 책 <2026 이기적 컴퓨터활용능력 1급 필기 기본서>가 출간되었다. 기본서는 3권의 이론서와 상시 기출문제를 담은 기출공략집까지 총 4권으로 구성되어 있다.,https://shopping-phinf.pstatic.net/main_5521518/55215185808.20250610093805.jpg, 홍태성 지음;영진정보연구소 공저, 영진.com,2025
총류,2026 이기적 컴퓨터활용능력 1급 필기 기본서. 1-1: 컴퓨터 일반,컴활 필기 시험을 준비하는 수험생이라면 필수인 책 <2026 이기적 컴퓨터활용능력 1급 필기 기본서>가 출간되었다. 기본서는 3권의 이론서와 상시 기출문제를 담은 기출공략집까지 총 4권으로 구성되어 있다.,https://shopping-phinf.pstatic.net/main_5521518/55215185808.20250610093805.jpg, 홍태성 지음;영진정보연구소 공저, 영진.com,2025
총류,2026 이기적 컴퓨터활용능력 1급 필기 기본서. 1-1: 컴퓨터 일반,컴활 필기 시험을 준비하는 수험생이라면 필수인 책 <2026 이기적 컴퓨터활용능력 1급 필기 기본서>가 출간되었다. 기본서는 3권의 이론서와 상시 기출문제를 담은 기출공략집까지 총 4권으로 구성되어 있다.,https://shopping-phinf.pstatic.net/main_5521518/55215185808.20250610093805.jpg, 홍태성 지음;영진정보연구소 공저, 영진.com,2025
총류,2026 이기적 컴퓨터활용능력 1급 필기 기본서. 1-2: 스프레드시트 일반,컴활 필기 시험을 준비하는 수험생이라면 필수인 책 <2026 이기적 컴퓨터활용능력 1급 필기 기본서>가 출간되었다. 기본서는 3권의 이론서와 상시 기출문제를 담은 기출공략집까지 총 4권으로 구성되어 있다.,https://shopping-phinf.pstatic.net/main_5521518/55215185808.20250610093805.jpg, 홍태성 지음;영진정보연구소 공저, 영진.com,2025
총류,2026 이기적 컴퓨터활용능력 1급 필기 기본서. 1-2: 스프레드시트 일반,컴활 필기 시험을 준비하는 수험생이라면 필수인 책 <2026 이기적 컴퓨터활용능력 1급 필기 기본서>가 출간되었다. 기본서는 3권의 이론서와 상시 기출문제를 담은 기출공략집까지 총 4권으로 구성되어 있다.,https://shopping-phinf.pstatic.net/main_5521518/55215185808.20250610093805.jpg, 홍태성 지음;영진정보연구소 공저, 영진.com,2025
총류,2026 이기적 컴퓨터활용능력 1급 필기 기본서. 1-3: 데이터베이스 일반,컴활 필기 시험을 준비하는 수험생이라면 필수인 책 <2026 이기적 컴퓨터활용능력 1급 필기 기본서>가 출간되었다. 기본서는 3권의 이론서와 상시 기출문제를 담은 기출공략집까지 총 4권으로 구성되어 있다.,https://shopping-phinf.pstatic.net/main_5521518/55215185808.20250610093805.jpg, 홍태성 지음;영진정보연구소 공저, 영진.com,2025
총류,2026 이기적 컴퓨터활용능력 1급 필기 기본서. 1-3: 데이터베이스 일반,컴활 필기 시험을 준비하는 수험생이라면 필수인 책 <2026 이기적 컴퓨터활용능력 1급 필기 기본서>가 출간되었다. 기본서는 3권의 이론서와 상시 기출문제를 담은 기출공략집까지 총 4권으로 구성되어 있다.,https://shopping-phinf.pstatic.net/main_5521518/55215185808.20250610093805.jpg, 홍태성 지음;영진정보연구소 공저, 영진.com,2025
총류,2026 이기적 컴퓨터활용능력 2급 실기 기본서. 2: 문제집,"출제기준을 분석, 반영하여 컴퓨터활용능력 실기 시험에 대비할 수 있도록 구성하였다. 1권의 이론서에서 핵심이론과 함수사전을 공부한 후, 2권의 문제집에서 상시 기출 문제&기출 유형 문제를 풀어보자.",https://shopping-phinf.pstatic.net/main_5548208/55482084245.20250626091911.jpg, 박윤정 지음, 영진.com,2025
총류,2026 이기적 컴퓨터활용능력 2급 실기 기본서. 2: 문제집,"출제기준을 분석, 반영하여 컴퓨터활용능력 실기 시험에 대비할 수 있도록 구성하였다. 1권의 이론서에서 핵심이론과 함수사전을 공부한 후, 2권의 문제집에서 상시 기출 문제&기출 유형 문제를 풀어보자.",https://shopping-phinf.pstatic.net/main_5548208/55482084245.20250626091911.jpg, 박윤정 지음, 영진.com,2025
총류,2026 이기적 컴퓨터활용능력 2급 실기 기본서. 2: 문제집,"출제기준을 분석, 반영하여 컴퓨터활용능력 실기 시험에 대비할 수 있도록 구성하였다. 1권의 이론서에서 핵심이론과 함수사전을 공부한 후, 2권의 문제집에서 상시 기출 문제&기출 유형 문제를 풀어보자.",https://shopping-phinf.pstatic.net/main_5548208/55482084245.20250626091911.jpg, 박윤정 지음, 영진.com,2025
총류,2026 이기적 컴퓨터활용능력 2급 실기 기본서. 2: 문제집,"출제기준을 분석, 반영하여 컴퓨터활용능력 실기 시험에 대비할 수 있도록 구성하였다. 1권의 이론서에서 핵심이론과 함수사전을 공부한 후, 2권의 문제집에서 상시 기출 문제&기출 유형 문제를 풀어보자.",https://shopping-phinf.pstatic.net/main_5548208/55482084245.20250626091911.jpg, 박윤정 지음, 영진.com,2025
총류,(요즘 바이브 코딩)커서 AI,"코딩 경험이 전무한 일반인도 랜딩 페이지부터 블로그까지 직접 만들 수 있도록, 저자가 수없이 실험하며 축적한 노하우를 기초부터 실전까지 체계적으로 정리했다. 커서 AI와 협업하여 문제를 해결하고, 30가지 프로젝트를 완성하는 과정에서 독자는 자연스럽게 프로그래밍 사고를 익히게 해준다.",https://shopping-phinf.pstatic.net/main_5657264/56572643859.20250904091718.jpg, 박현규 지음, Golden Rabbit(골든래빗),2025
총류,질문의 숲,"청소년 시리즈 장기 베스트셀러 ‘숲 시리즈(철학의 숲, 고전의 숲, 신화의 숲, 논리의 숲)’의 다섯 번째 책으로, 120만 독자가 신뢰하는 인문학 멘토 김종원 작가가 고민 많고 흔들리는 10대를 위해 섬세하게 고심해서 쓴 책이다.",https://shopping-phinf.pstatic.net/main_5663954/56639546206.20250909080533.jpg, 김종원 지음, 포레스트북스,2025
총류,(한 걸음 앞선 개발자가 지금 꼭 알아야 할)클로드 코드,"AI와 함께 개발하는 시대, 이제 클로드 코드는 더 이상 선택이 아닌 필수 도구가 되었다. 이 책은 macOS와 Windows 환경에서 클로드 코드를 설치하는 것부터 CLAUDE.md 설정 및 커스터마이징, MCP 연동 및 활용 전략, 클로드 워크플로 전략, LLM 엔진 최적화, 사용자 정의 명령어 등과 같은 클로드 효율을 극대화하는 방법까지 설명한다.",https://shopping-phinf.pstatic.net/main_5644036/56440366696.20250829093022.jpg, 조훈;정찬훈 [공]지음, 길벗,2025
총류,스마트 노트 정리 with 굿노트,"코넬식 노트 정리법, 개조식 글쓰기 등 대중적으로 사용되고 있는 필기법부터 초등학교 선생님이 직접 알려주는 과목별 노트 정리 노하우, 태블릿 PC와 굿노트 앱을 활용한 스마트 노트 정리 방법까지 알차게 담았다.",https://shopping-phinf.pstatic.net/main_4989534/49895348626.20240822092143.jpg, 이상권;김형지 [공]지음, 길벗,2024
총류,"그 유물, 진짜로 봤어?","박물관이 무엇을 하는 곳인지, 어떻게 하면 박물관 전시를 재미있게 볼 수 있는지를 알려준다. 국립중앙박물관을 비롯해 국립경주박물관, 국립광주박물관 등 전국의 국립박물관 14곳을 소개하고 어떤 문화유산들이 있는지, 어디를 꼭 둘러봐야 하는지를 자세히 살펴본다.",https://shopping-phinf.pstatic.net/main_5692731/56927312567.20250927071254.jpg, 박찬희;배성호 [공]글, 철수와영희,2025
총류,(가볍게! 빠르게! 한눈에 보는)시사용어사전 1228,"시사상식용어를 최대한 많이, 그리고 쉽게 정리하여 학습에 용이하도록 구성하였다. 본격적인 학습 전 자가진단을 통해 수준별 공부 방법을 제시하고 있으며, 분야별 파트 구성을 상세히 하여 어떤 분야에서 어떤 용어가 많이 쓰이는지 확인할 수 있다.",https://shopping-phinf.pstatic.net/main_5302025/53020257725.20250405072945.jpg, 상식연구소 편저, 서원각,2025
총류,지식 e. 5,<지식ⓔ>시즌5의 키워드는 ‘인간人間과 인생人生’이다. 다섯 번째 시리즈를 맞은 <지식ⓔ>는 지난 5년간 방송되었던 <지식채널ⓔ> 중 우리가 다뤄야할 인물과 삶의 이야기 스무 개를 선정했다. 그리고 스무 개의 꼭지는 키워드 해설이 아닌 ‘우리 시대를 살고 있는 인물 스무 명’의 인터뷰가 함께 했다.,https://image.aladin.co.kr/product/477/78/cover500/8956053944_2.jpg, EBS <지식채널ⓔ> 제작팀 지음, 북하우스,2008
총류,지식 e. 6,"시즌6의 화두는 진/선/미다. 진/선/미는 진리와 의지, 미의 가치를 이야기한 칸트철학에 기인한다. 칸트가 자신의 철학을 통해서 인간본질의 존엄성을 이야기했듯『지식e』또한 한국사회를 살아가는 우리가 스스로의 존엄을 위해서 무엇을 추구해야하는지를 이 세 가지 가치로 보여주고자 한다.",https://image.aladin.co.kr/product/849/47/cover500/8956055084_1.jpg, EBS 지식채널ⓔ 지음, 북하우스,2008
총류,지식 e. 1,"2005년 부터 2006년 8월까지 EBS에서 '지식'을 키워드로 시작한 5분짜리 동영상 중 40개의 꼭지를 선별해, 동영상과 간명한 메시지 뒤에 있는 설명을 보충해 책으로 펴냈다. 한편 동영상을 보듯이 텍스트와 사진을 편집해 TV에서 보았던 강렬한 인상을 책을 볼 때도 유지하도록 배려했다.",https://image.aladin.co.kr/product/90/66/cover500/8956051798_2.jpg, EBS 지식채널e 제작팀 지음, 북하우스,2007
총류,"디지털 논리회로 : 이론, 실습, 시뮬레이션","디지털 하드웨어를 처음 배우는 전기, 전자, 컴퓨터, 정보통신 관련 학과 학생을 대상으로 한 교재. 복잡한 이론을 확실히 이해하도록 풍부한 그림과 함께 설명 후 관련 실험을 진행할 수 있게 구성했다.",https://image.aladin.co.kr/product/2786/17/cover500/8998756145_1.jpg, 임석구.홍경호, 한빛아데미,2014
총류,운영체제:그림으로 배우는 원리와 구조,"운영체제 이해를 위한 기본적인 프로세서 중심의 컴퓨터 시스템 개요와 운영체제의 전반적인 내용을 기술한 운영체제 개요, 프로세스, 메모리, 장치(디스크) 파일, 분산처리, 보안 등으로 구성되어 있다. 그리고 마지막으로 운영체제 사례연구로 유닉스를 소개한다.",https://image.aladin.co.kr/product/2942/48/cover500/8998756412_1.jpg, 구현회 지음, 한빛아카데미,2014
총류,임베디드 하드웨어 이해와 설계,특정 마이크로프로세서를 위한 코드를 작성하는데 중점을 두고 임베디드 시스템 설계의 철학을 강조한 책이다. 기존 시스템을 확장하고 커스터마이징하는 방법뿐만 아니라 완전히 새로운 임베디드 장치와 컴퓨터화된 장치들을 제작하고 설계하는 방법을 알려준다.,https://image.aladin.co.kr/product/68/36/cover500/8979143958_1.jpg, 존 캣솔리스 지음;박재호;이해영 [공]옮김, 한빛미디어,2007
총류,임베디드의 모든 것,"임베디드 분야의 전문가는 물론 임베디드 분야에 입문한 엔지니어, 융합기술 전문가에게 최신 임베디드 분야를 통합 정리한 정보를 제공하고, 이 분야에 입문하고자 하는 분들이 별다른 준비 과정 없이도 곧바로 임베디드 분야에 뛰어들 수 있도록 임베디드 분야의 전반을 조망한다.",https://image.aladin.co.kr/product/3876/82/cover500/8998139502_1.jpg, 구제길;국중진;최수한;박대혁;박지훈;한철민;김원희 지음, 위키북스,2014
총류,MicroC / OS-II 실시간 커널,"임베디드 시스템 프로그래머, 자문가, 리얼타임 운영체제에 관심있는 학생들을 위한 책. 확장적인 리얼타임 커널이며 상용 임베디드 제품에 적용 가능한 Micro C/OS-II 커널을 통해 커널의 동작 원리를 이해하고, 이를 다른 사용 커널에도 적용할 수 있다.",https://image.aladin.co.kr/product/55/76/cover500/8989975603_1.jpg, Jean J. Labrosse 저;성원호 역, 에이콘,2010
총류,(Do it!)알고리즘 코딩 테스트: 파이썬 편,"네이버, 카카오, 삼성, 라인 등 주요 IT 기업의 시험에 나오는 알고리즘 내용이 모두 담겨 있다. 책에 수록된 알고리즘 문제 100개는 모두 최신 기출 유형을 반영하고 있어서 이 책의 문제만 다 풀면 당장 코딩 테스트를 볼 수 있는 수준까지 실력을 갖출 수 있다.",https://image.aladin.co.kr/product/29940/91/cover500/k852838631_1.jpg, 김종관 지음, 이지스퍼블리싱,2022
총류,MLOps 도입 가이드,"비즈니스 환경에서 머신러닝 적용 실무를 담당하는 데이터 분석 팀 또는 IT 운영 팀의 관리자들을 대상으로 한다. MLOps가 새로운 영역이라는 점을 감안하여, MLOps 환경을 성공적으로 구축하기 위한 가이드 역할을 제대로 할 수 있도록 머신러닝 전문가 9명(데이터이쿠)이 조직적 이슈부터 기술적 이슈까지 꼼꼼하게 다루었다.",https://image.aladin.co.kr/product/29355/36/cover500/k932837117_1.jpg, 데이터이쿠 지음;동동구 옮김, 한빛미디어,2022
총류,딥러닝을 위한 수학,"Deep Learning, 즉 심층학습의 진입장벽으로서 부담스러울 수도 있는 수학을 재미있는 예시와 최대한 쉬운 설명으로 접근한 책이다. 벡터와 행렬, 확률 분포 등의 근본적인 주제를 설명한 뒤에 행렬 미분과 같은 좀 더 심화한 개념으로 나아간다.",https://image.aladin.co.kr/product/29857/92/cover500/k052838026_1.jpg, 로널드 크노이젤 지음;류광 옮김, 제이펍,2022
총류,브루클린 책방은 커피를 팔지 않는다,"이상하다? 브루클린 책방에는 커피를 팔지 않네? 이 책방들은 커피를 팔지 않고도 어떻게 10년, 30년, 50년 넘는 시간 동안 같은 자리를 지켜냈을까? 저자는 브루클린 동네책방을 찾아가 직접 물어보기로 했다.",https://image.aladin.co.kr/product/30155/37/cover500/k102839580_1.jpg, 이지민 지음, 신라애드,2022
총류,윈도우 11 가이드북,"윈도우 11의 기능들을 어떻게 하면 제대로 활용할 수 있는지 ‘윈도우 11 가이드북’에서는 정말 쉽게 소개하고 있다. 윈도우 11을 설치하는 방법부터 시작하여 Microsoft 계정을 생성하고 관리하는 방법은 물론, 기본 앱들의 사용법과 윈도우 11 설정에 관한 모든 것을 알려준다.",https://image.aladin.co.kr/product/29106/98/cover500/893146603x_1.jpg, 권순만 지음, 영진닷컴,2022
총류,케라스 창시자에게 배우는 딥러닝,"케라스 창시자이자 구글 딥러닝 연구원인 저자는 ‘인공 지능의 민주화’를 강조한다. 이 책 역시 많은 사람에게 딥러닝을 전달하는 또 다른 방법이며, 딥러닝 이면의 개념과 구현을 가능하면 쉽게 이해할 수 있게 하는 데 중점을 두었다.",https://image.aladin.co.kr/product/29981/24/cover500/k792838246_1.jpg, 프랑소와 숄레 지음;박해선 옮김, 길벗,2022
총류,파이썬 자동화 교과서,"매일 반복되는 사무 작업을 파이썬으로 자동화하는 방법을 다룬다. 엑셀 등 샘플 데이터, 예제 코드, 파이썬 문법 핵심을 제공해 입문자의 실습 및 응용을 돕는다. 엑셀 파일 읽고 쓰기, 워드/PDF 파일 저장 등 일과 삶을 편리하게 해주는 자동화 지식을 담았다.",https://image.aladin.co.kr/product/29745/58/cover500/k542838694_1.jpg, 구지라 히코즈쿠에 지음;문지현 옮김, 제이펍,2022
총류,판다스 인 액션,"판다스를 활용한 데이터 분석 완벽 실무 지침서. 마블과 디즈니의 인기 영화, 포켓몬, NBA와 NFL 유명 선수, 넷플릭스 등의 데이터로 판다스 라이브러리를 활용하여 파이썬 기반의 데이터 분석 방법을 소개한다.",https://image.aladin.co.kr/product/30034/10/cover500/k382839167_1.jpg, 보리스 패스캐버 지음;시진 옮김, 한빛미디어,2022
총류,이기적 워드프로세서 필기 최신문제집,"워드프로세서 필기 시험을 준비하는 수험생을 위한 기출문제집으로서 문제은행식 워드프로세서 필기 시험에 최적화된 기출문제집이다. 총 20회의 풍성한 기출문제 구성과 핵심 이론 포인트, 자주 출제되는 기출문제 모음까지 준비되어 있다.",https://image.aladin.co.kr/product/29898/77/cover500/8931466331_1.jpg, 김옥남;이상미 지음, 영진닷컴,2022
총류,(이기적)정보처리기능사,"2022년 출제기준 및 출제유형에 맞는 이론과 문제들로 꼭꼭 채워진 도서로 시험에 대비하실 수 있다. 핵심이론으로 내용을 공부한 뒤, 도서 내에 있는 '합격을 다지는 예상문제'로 실제 시험이 어떻게 출제되는지 감을 잡아보자.",https://image.aladin.co.kr/product/28858/57/cover500/8931464576_1.jpg, 임승현 지음, 영진닷컴,2022
총류,스프링 부트와 AWS로 혼자 구현하는 웹 서비스,"스프링 부트와 AWS로 웹 서비스를 구현한다. JPA와 JUnit 테스트, 그레이들, 머스테치, 스프링 시큐리티를 활용한 소셜 로그인 등으로 애플리케이션을 개발하고, 뒤이어 AWS 인프라의 기본 사용법과 AWS EC2와 RDS를 사용해 서비스가 가능하도록 한다.",https://image.aladin.co.kr/product/21856/89/cover500/8965402603_2.jpg, 이동욱 지음, 프리렉,2019
총류,"지적 대화를 위한 넓고 얕은 지식;역사,경제,정치,사회윤리편. 2: 역사,경제,정치,사회윤리편","역사, 경제, 정치, 사회, 윤리 전 과정을 마치 하나의 천일야화처럼 재미있는 이야기로 자연스럽게 풀어낸다. 먼저 역사는 직선적 시간관에 의해 설명된다. 이 과정에서 원시시대부터 현대까지 기나긴 세계사가 자연스럽게 이해된다.",https://image.aladin.co.kr/product/4948/14/cover500/8994120963_1.jpg, 채사장 지음, 한빛비즈,2014
총류,(무료컴파일러 ArmEdit4 0과 함께 배우는)Cortex-M3(STM32) 이론과 실무,CORTEX-M3(STM32)용 이론/실습 교재. 기존의 AvrEdit를 사용해본 사람이라면 누구나 쉽게 ArmEdit를 배울 수 있으며 AVR 보다 더 쉬운 점도 많다. 이 책은 기본적인 입출력 기능을 익히는데 약 1주일이면 충분하다. 이 책의 가장 큰 특징중의 하나는 ArmEdit4.0 무료 컴파일러와 JTAG Downloader가 하나로 통합되어 컴파일완료 후 바로 CPU에 다운로더해 볼 수 있다.,https://image.aladin.co.kr/product/1310/17/cover500/8980006632_1.jpg, 황해권, 복두출판사,2011
총류,(무료컴파일러 ArmEdit4 0과 함께 배우는)Cortex-M3(STM32) 이론과 실무,CORTEX-M3(STM32)용 이론/실습 교재. 기존의 AvrEdit를 사용해본 사람이라면 누구나 쉽게 ArmEdit를 배울 수 있으며 AVR 보다 더 쉬운 점도 많다. 이 책은 기본적인 입출력 기능을 익히는데 약 1주일이면 충분하다. 이 책의 가장 큰 특징중의 하나는 ArmEdit4.0 무료 컴파일러와 JTAG Downloader가 하나로 통합되어 컴파일완료 후 바로 CPU에 다운로더해 볼 수 있다.,https://image.aladin.co.kr/product/1310/17/cover500/8980006632_1.jpg, 황해권, 복두출판사,2011
총류,(만화로 배우는)프로그래밍,"만화로 재미있게 코딩을 배울 수 있는 책이다. 프로그래밍은 어려울 것이라는 편견을 깨고, 스크래치, 자바스크립트 등 프로그래밍에 대한 기본 개념과 원리를 아주 쉽게 익힐 수 있다. 또 프로그래밍을 배움으로써 컴퓨터가 어떤 원리로 작동하고 움직이는지도 이해할 수 있게 된다.",https://image.aladin.co.kr/product/24137/20/cover500/8963221660_1.jpg, 다니구치 마코토 글;안코 그림;위정훈 옮김, 비전코리아,2020
총류,(엑셀로 배우는)딥러닝,"엑셀로 대화하고 차근차근 이해하는 딥러닝 첫 입문서. 하나의 숫자 이미지를 대상으로 합성곱 신경망이 ‘1’인가 ‘2’인가 판단을 내리는 워크시트의 예라든가, 테스트용 필기체 문자를 O, X 판단을 내리는 워크시트 등 딥러닝의 첫발을 내딛는 독자에게 도움 되는 예제가 다수 수록되어 있다.",https://image.aladin.co.kr/product/24136/36/cover500/8931556705_1.jpg," 와쿠이 요시유키,와쿠이 사다미 지음;권기태 옮김", 성안당,2020
총류,디버깅을 통해 배우는 리눅스 커널의 구조와 원리. 1,최신 버전의 리눅스 커널 소스를 함수 흐름을 따라가며 자세히 분석하고 ftrace와 TRACE32 같은 디버깅 툴을 활용해 커널의 동작 원리를 설명한다. 또한 라즈베리 파이에서 리눅스 커널의 소스코드를 직접 수정해 설치한 다음 커널을 디버깅하는 방법을 다룬다.,https://image.aladin.co.kr/product/23841/54/cover500/k662639386_1.jpg, 김동현 지음, 위키북스,2020
총류,시작하세요! 도커/쿠버네티스,"도커를 처음 접하는 개발자를 위한 도커 컨테이너와 이미지의 기본적인 개념을 먼저 설명한 뒤, 도커 컴포즈와 스웜 모드를 통해 컨테이너 애플리케이션을 YAML 파일로 작성하고 클러스터에서 배포하는 방법을 소개한다.",https://image.aladin.co.kr/product/22170/70/cover500/k342636418_1.jpg, 용찬호 지음, 위키북스,2020
총류,(Do it!)안드로이드 앱 프로그래밍,"《Do it! 안드로이드 앱 프로그래밍》 전면 개정판. 이번 개정판은 안드로이드 운영체제가 ‘파이’에서 ‘안드로이드 10’으로 바뀌면서 외부 라이브러리가 androidx로 변경된 점에 맞춰 본문의 코드를 모두 수정했고, 독자의 버그 제보까지 검토?반영하여 실습 코드의 안정성도 보완했다.",https://image.aladin.co.kr/product/23149/67/cover500/k292637908_1.jpg, 정재곤 지음, 이지스퍼블리싱,2020
총류,전자캐드 기능사 : 실기,"교육기관과 산업현장에 많이 보급되어 사용되고 있는 OrCAD 프로그램을 이용하여, 이 교재의 예제를 통하여 회로와 PCB의 설계를 보다 쉽게 다룰 수 있도록 4편의 단원으로 구성하였다.",https://image.aladin.co.kr/product/4459/49/cover500/8968130655_1.jpg, 박상철 지음, 엔플북스,2014
총류,질문을 던져라 책이 답한다,,https://image.aladin.co.kr/product/626/17/cover500/8993995478_1.jpg, 김은섭 지음, 교보문고,2010
총류,기사 & 편집,,https://image.aladin.co.kr/product/448/44/cover500/8996138819_1.jpg, 김경환;김지용 지음, 미디어포럼,2009
총류,(WinAVR 컴파일러를 사용한)AVR ATmega128 마이크로컨트롤러 활용,"입문부터 장비제어까지 상세하게 살펴보는 책. 마이크로컨트롤러를 배우는 동시에 C-언어의 프로그래밍 능력을 향상 시킬 수 있게 한 교재. 마이크로컨트롤러의 기본사항을 살펴보고, C-언어를 사용한 마이크로컨트롤러 활용 기초를 살펴본다.",https://image.aladin.co.kr/product/18591/78/cover500/k562635068_1.jpg, 이인석 지음, 홍릉과학출판사,2019
총류,(WinAVR 컴파일러를 사용한)AVR ATmega128 마이크로컨트롤러 활용,"입문부터 장비제어까지 상세하게 살펴보는 책. 마이크로컨트롤러를 배우는 동시에 C-언어의 프로그래밍 능력을 향상 시킬 수 있게 한 교재. 마이크로컨트롤러의 기본사항을 살펴보고, C-언어를 사용한 마이크로컨트롤러 활용 기초를 살펴본다.",https://image.aladin.co.kr/product/18591/78/cover500/k562635068_1.jpg, 이인석 지음, 홍릉과학출판사,2019
총류,혼자 공부하는 자바,"독학으로 자바를 배우는 입문자가 ‘꼭 필요한 내용을 제대로’ 학습할 수 있도록 구성했다. ‘무엇을’ ‘어떻게’ 학습해야 할지 조차 모르는 입문자의 막연한 마음을 살펴, 과외 선생님이 알려주듯 친절하게, 그러나 핵심적인 내용만 콕콕 집어준다.",https://image.aladin.co.kr/product/19393/14/cover500/k422635210_1.jpg, 신용권 지음, 한빛미디어,2019
총류,줌＆영상편집,"줌(Zoom)을 이용하여 온라인 수업이나 화상 회의를 위해 회의실 개설부터 화면 및 자료 공유, 원격 협업, 강의 영상 편집까지 소개하고 있다.",https://image.aladin.co.kr/product/24208/1/cover500/8931556713_2.jpg, 앤미디어 지음, BM성안당,2020
총류,내일은 출판사,21세기 취직하지 않고 살기 시리즈 첫 번째 책. 사실은 취업을 하고 싶었다. 하지만 세상은 한번 선로에서 벗어나면 '전혀'라고 할 만큼 나를 믿어주지 않았다. 꿈을 좇으며 이십대를 보내고 어느덧 서른한 살. 어느 회사도 받아주지 않는 대졸의 무직. 초보 편집자 시마다 준이치로의 1인 출판사 창업 이야기.,https://image.aladin.co.kr/product/12770/23/cover500/k902532781_1.jpg, 시마다 준이치로 지음;박정소 옮김, 북콘,2018
총류,"십 대, 읽고 쓰고 치유받다","현직 국어 교사인 저자는 다양한 읽을거리를 통해 다른 사람들과 공감하고 소통하며 자신의 감정을 있는 그대로 표현하는 법을 알려준다. 시, 소설, 일기, 여행기 등을 읽고 느낀 감정을 쓰며, 자신을 생각해보는 기회를 제공한다.",https://image.aladin.co.kr/product/13368/20/cover500/k392532003_1.jpg, 오은주 지음;영수 그림, 팜파스,2018
총류,지적 대화를 위한 넓고 얕은 지식. 1: 철학·과학·예술·종교·신비 편,"출간 즉시 베스트셀러를 기록한 <지적 대화를 위한 넓고 얕은 지식: 현실 세계 편>에 이은 두 번째 책. 이번에 출간한 현실 너머 편은 이제 그 세계를 넘어서 철학, 과학, 예술, 종교, 신비의 영역으로 이어진다.",https://image.aladin.co.kr/product/5177/66/cover500/8994120998_3.jpg, 채사장 지음, 한빛비즈,2015
총류,사물인터넷을 위한 리눅스 프로그래밍 with 라즈베리파이,라즈베리 파이 같은 오픈 소스 하드웨어와 소프트웨어를 융합한 IoT 제품을 개발할 수 있도록 GPIO를 이용한 기본적인 하드웨어 개발에서부터 리눅스 프로그래밍까지의 모든 내용을 담고 있다.,https://image.aladin.co.kr/product/6533/82/cover500/k412433649_1.jpg, 서영진 지음, Jpub,2015
총류,Hello :라즈베리파이,,https://image.aladin.co.kr/product/7069/73/cover500/k592434381_1.jpg, 심재창;강봉구;임진섭 공저, 홍릉과학,2016
총류,주제와 변주. 1,"청소년들이 직접 꾸려나가는 교양 독서토론회 '주제와 변주' 10회 분량의 내용을 책으로 엮었다. , 등의 책을 읽고 저자들을 직접 초청하여 책의 내용에 대한 해설, 지은이들의 가치관, 청소년들의 삶에 대한 기본적이면서도 본질적인 고민에 대해 논의한다. 기존의 논술대비용 책읽기를 벗어나 보다 알찬 삶을 위한 깊이 있는 독자와 저자 간의 소통을 시도한다.",https://image.aladin.co.kr/product/64/45/cover500/8958200561_1.jpg, 인디고 서원 엮음, 궁리,2008
총류,주제와 변주. 2,"짧게는 6개월, 길게는 10년 이상 책을 가까이 하며 지낸 청소년들이 직접 만든 작품. 책을 읽고 토론하는 수업을 통해 가장 만나고 싶은 저자를 선정하고, 또 그들의 이름으로 초대의 편지를 썼다. 두 번째 권에서는 조병준, 환경신, 정재서, 김상봉, 김곰치, 성석제 등의 작가를 만나본다.",https://image.aladin.co.kr/product/87/6/cover500/8958200766_2.jpg, 인디고 서원 엮음, 궁리,2008
총류,독서력,"《내가 공부하는 이유》 《잡담이 능력이다》 《원고지 10장을 쓰는 힘》으로 공부법, 커뮤니케이션, 글쓰기 등 전방위적인 공부 멘토로서 알찬 조언을 계속해온 사이토 다카시가 이번에는 ‘책 읽는 법’을 알려준다.",https://image.aladin.co.kr/product/5531/74/cover500/8901181533_1.jpg, 사이토 다카시 지음;황선종 옮김, 웅진지식하우스,2015
총류,교사를 위로하는 한권의 그림책,"현직 교사들이 학교생활에서 겪은 에피소드와 함께 한 권의 그림책을 소개하는 책. 새 학기의 두려움, 문제 학생 지도, 학부모 민원, 온라인 수업 등 현직 교사들의 진솔한 이야기와 힘든 순간에 위로가 되었던 인생 그림책을 소개한다.",https://image.aladin.co.kr/product/26602/79/cover500/8969150978_2.jpg, 그림책사랑교사모임 지음, 학교도서관저널,2021
총류,진짜 코딩하며 배우는 라즈베리파이 4,"Python 3.x 언어 기반으로 파이썬 용 GPIO, I2C, SPI 라이브러리를 이용하여 여러 가지 하드웨어를 제어하는 방법을 소개한다. opencv, google cloud speech 인공 지능 라이브러리을 이용하여 영상 인식, 음성 인식 활용 방법도 소개한다.",https://image.aladin.co.kr/product/24780/80/cover500/k082631829_1.jpg, 서민우 지음, 앤써북,2020
총류,이것이 안드로이드다 with 코틀린,"최신 버전에 대응해 코틀린 익스텐션 코드를 걷어내고 뷰바인딩 코드로 전면 수정했다. 물론 안드로이드 스튜디오 4.1과 4.2 베타, 그리고 안드로이드 11에 맞게 테스트했으며 MediaStore, Room, 코루틴 등의 설명도 추가했다.",https://image.aladin.co.kr/product/26429/56/cover500/k282738628_1.jpg, 고돈호 지음, 한빛미디어,2021
총류,안드로이드 with Kotlin 앱 프로그래밍 가이드,"자바와 코틀린으로 직접 구현하며 익히는 실전형 앱 프로그래밍 완벽 가이드. 기존의 자바와 코틀린을 비교 설명하고, 모든 실전형 앱 프로젝트들을 자바와 코틀린 각각으로 구현하는 과정을 통하여 보다 쉽고 효율적인 이해를 도울 수 있도록 구성하였다.",https://image.aladin.co.kr/product/26714/33/cover500/k072730082_1.jpg, 안귀정 지음, 아이콕스,2021
총류,HTML CSS 입문,『HTML & CSS for Beginner』의 후속 버전으로 집필 되었다. 단계 별로 제시되는 예제들을 따라하기 식으로 실습하다 보면 자연스럽게 HTML/CSS의 지식을 습득하고 최신 반응형 웹 기술을 익힐 수 있도록 하였다.,https://image.aladin.co.kr/product/25643/69/cover500/k542735049_1.jpg, 황재호 지음, 인포앤북,2020
총류,질문이 답이 되는 순간,"김제동은 누구나 궁금해하지만 쉽게 꺼내지 못했던 질문들을 독자를 대신해 묻고, 각 분야 전문가는 누구나 이해하기 쉽게 설명한다.",https://image.aladin.co.kr/product/26603/71/cover500/k912739010_1.jpg, 김제동 외 지음, 나무의마음,2021
총류,(IoT 사물인터넷을 위한)라즈베리파이 4 정석,왕초보도 라즈베리파이를 이용해 다양한 IoT를 직접 개발할 수 있도록 전기전자 기초 원리부터 센서제어 및 나만의 가상비서 만들기 등 초수/중수/고수 예제 실습과 실전 프로젝트까지 단계별로 구성하였다.,https://image.aladin.co.kr/product/21723/47/cover500/k212636900_1.jpg," 최주호,김재범,정동진 지음", 앤써북,2020
총류,러닝 SQL,"개발자가 SQL 기본을 빨리 익히고 데이터베이스 애플리케이션 작성, 관리 작업 수행, 보고서 생성을 할 수 있게 도와주는 SQL 입문 가이드이다. 각 장에서는 다양한 그림과 주석이 달린 예제로 주요 SQL 개념과 기술을 학습하고 실습한다.",https://image.aladin.co.kr/product/26725/12/cover500/k942730183_1.jpg," 앨런 볼리외 지음;류수미,송희정 옮김", 한빛미디어,2021
총류,(Do it!)점프 투 파이썬,"파이썬 4년 연속 베스트셀러 1위, 'Do it! 점프 투 파이썬'의 전면 개정판. 약 4년 동안의 피드백을 반영하여 초보자가 더 빠르게 입문하고, 더 깊이 있게 공부할 수 있도록 개정되었다.",https://image.aladin.co.kr/product/19483/1/cover500/k582635822_1.jpg, 박응용 지음, 이지스퍼블리싱,2019
총류,(그누위즈의)PHP＆MySQL 웹 프로그래밍 입문+활용,"PHP와 MySQL의기초부터 실전 제작 실습까지 초보자의 눈높이에 맞춘 입문 활용로, 600쪽 분량에 동작원리부터 실무 프로젝트까지 완벽하게 설명했다. 풍부한 그림과 예제를 통해서 PHP와 MySQL을 알기 쉽게, 따라하기 쉽게 설명했다.",https://image.aladin.co.kr/product/16958/50/cover500/k222534473_1.jpg," 윤성훈,정동진,최주호 지음", 앤써북,2018
총류,지적 대화를 위한 넓고 얕은 지식. 1: 현실-역사·경제·정치·사회·윤리,"고대 이후부터 현대까지 우리에게 좀 더 가까운 시간의 지식들을 다룬 책이다. 고대 이후는 이원론이 지배하는 시대였기에, 책의 구조는 이분법을 따른다. 현실 세계를 지배자와 피지배자로 구분해 어렵고 복잡한 지식들을 하나의 단순한 구조로 재편한다.",https://image.aladin.co.kr/product/22872/79/cover500/k992636841_2.jpg, 채사장 지음, 웨일북,2020
총류,지적 대화를 위한 넓고 얕은 지식 0. [3],《지적 대화를 위한 넓고 얕은 지식》 시리즈 제로편. 이원론 전에 훨씬 더 오랜 시간을 지배했던 일원론을 다룬 책이다. 인류 사상사에서 가장 중요한 지식으로 꼽히는 동양의 사상과 인물들을 흥미진진하게 소개한다.,https://image.aladin.co.kr/product/21984/15/cover500/k622636607_3.jpg, 채사장 지음, 웨일북,2019
총류,초보자도 간단히 단숨에 배우는 자바,프로그래밍을 전혀 모르는 비전공자도 자바 프로그래밍에 쉽게 입문할 수 있도록 구성되어 있다. 또한 저자 직강 동영상 강의를 제공하여 프로그래밍을 처음 해보는 사람이라도 누구나 쉽게 자바 프로그래밍에 도전할 수 있다.,https://image.aladin.co.kr/product/24879/76/cover500/k152632276_1.jpg, 이현석 지음, 터닝포인트,2020
총류,Programming 입문자를 위한 C,"프로그래밍 세계에 발을 내딛는 입문자들에게 좀 더 자세한 설명을 제공하면서 프로그래밍의 엄밀함을 느끼게 하려는 의도로 제작되었다. 다양한 상황을 보여주는 예와 따라해 봄직한 예제코드를 포함시키려 노력하였고, 종합 실습과제도 수록하였다.",https://image.aladin.co.kr/product/26602/60/cover500/k562739018_1.jpg, 이완권 지음, 북스홀릭퍼블리싱,2021
총류,Programming 입문자를 위한 C,"프로그래밍 세계에 발을 내딛는 입문자들에게 좀 더 자세한 설명을 제공하면서 프로그래밍의 엄밀함을 느끼게 하려는 의도로 제작되었다. 다양한 상황을 보여주는 예와 따라해 봄직한 예제코드를 포함시키려 노력하였고, 종합 실습과제도 수록하였다.",https://image.aladin.co.kr/product/26602/60/cover500/k562739018_1.jpg, 이완권 지음, 북스홀릭퍼블리싱,2021
총류,(기초부터 배우는)인공지능,"인공지능이란 무엇인가, 또한 인공지능은 어디까지가 학습 범위인가 하는 정의를 포함하여 이론을 처음부터 정중하게 설명하는 입문서이다. 수식은 거의 사용하지 않고 가능한 한 알기 쉽게 개념을 이해할 수 있도록 구성했다.",https://image.aladin.co.kr/product/26678/21/cover500/8931582811_1.jpg, 오다카 토모히로 지음;양지영 옮김, BM성안당,2021
총류,(기초부터 배우는)인공지능,"인공지능이란 무엇인가, 또한 인공지능은 어디까지가 학습 범위인가 하는 정의를 포함하여 이론을 처음부터 정중하게 설명하는 입문서이다. 수식은 거의 사용하지 않고 가능한 한 알기 쉽게 개념을 이해할 수 있도록 구성했다.",https://image.aladin.co.kr/product/26678/21/cover500/8931582811_1.jpg, 오다카 토모히로 지음;양지영 옮김, BM성안당,2021
총류,FastAPI를 사용한 파이썬 웹 개발,"빠르게 배워 실무에 바로 적용하는 FastAPI 핵심 안내서. 파이썬 기반 웹 API 프레임워크인 FastAPI를 애플리케이션 개발에 단계별로 적용한다. 이 과정을 통해 FastAPI의 필수 기능을 익히고 API 서버, 마이크로서비스, 빠른 개발이 필요한 백엔드 프로젝트에 활용해볼 수 있다.",https://image.aladin.co.kr/product/31268/75/cover500/k422832465_1.jpg, 압둘라지즈 압둘라지즈 아데시나 지음;김완섭 옮김, 한빛미디어,2023
총류,모두의 딥러닝,"비전공자 출신으로 오랜 기간 딥러닝 연구를 해온 저자는 자신이 겪어온 오류들을 겪지 않고, 가장 빠른 길로 딥러닝을 접할 수 있도록 하는 데 중점을 두고 이 책을 집필했다. 딥러닝 이론뿐만 아니라 실제 응용이 가능한 라이브러리 중심으로 설명한다.",https://image.aladin.co.kr/product/29169/46/cover500/k662837474_1.jpg, 조태호 지음, 길벗,2022
총류,(2022)자료조직개론 단원별 기출문제,"‘정보자료분류’, ‘정보자료목록’으로 영역을 나누어 공무원 시험에 출제되는 모든 영역의 기출문제를 체계적으로 정리했다. 영역별로 2010~2021년 사이에 출제된 기출문제를 수록해 수험생들이 정확한 출제원리와 경향을 이해할 수 있게 정리했다.",https://image.aladin.co.kr/product/28512/8/cover500/k982835833_2.jpg, 신인수 지음, 스페라플러스(SperaPlus),2021
총류,"십대, 책에서 길을 묻다",작가가 십대 시절 스스로와 약속했던 꿈 ‘서른 전에 1000권 이상의 책 읽기’를 이룬 후 출간하는 십대를 위한 독서에세이다. 독서를 통해 삶을 바꾸었다는 작가는 이 책에서 영혼을 성장시키고 비전에 날개를 달 수 있는 다양한 책들을 안내하고 있다. 단순히 시험성적을 위한 책 읽기에서 벗어나 갈팡질팡 혼란스런 십대 청소년들에게 인생의 이정표가 되어 줄 수많은 책들을 알차게 담아냈다.,https://image.aladin.co.kr/product/1607/15/cover500/8996768855_1.jpg, 김애리 지음, 북씽크,2012
총류,이어령의 교과서 넘나들기. 1: 디지털편-디지털시대와 우리의 미래,"창의적 사고력을 길러 주는 <이어령의 교과서 넘나들기> 시리즈 1권. 아이들이 교과목 중에서 반드시 알고 넘어가야 하는 핵심 내용을 꼼꼼하고 효율적으로 재구성한 시리즈이다. 1권 '디지털' 편에서는 디지로그, 3D 영화, 디지털 네이티브, 집단 지성, 증강 현실 등 디지털이 등장하면서 나타난 세상의 변화들을 쉽고 재미있게 정리해 준다.",https://image.aladin.co.kr/product/837/12/cover500/8952215265_1.jpg, 이어령 콘텐츠 크리에이터;이동은 글;나연경 그림;손영운 기획, 살림,2010
총류,홈페이지 만들기,홈페이지를 처음 만들어 보는 독자들도 쉽게 기초부터 한 단계씩 실습해 보면서 학습하도록 구성되어 있다.,https://image.aladin.co.kr/product/6311/23/cover500/8970508449_1.jpg, 이근형 지음, 생능,2015
총류,ARM Cortex-M3 완벽 가이드,,https://image.aladin.co.kr/product/345/52/cover500/8990758211_1.jpg, 조셉 위 지음;임희연 옮김, ITC,2009
총류,(사물인터넷을 품은)라즈베리 파이,"라즈베리 파이를 활용하여 사물인터넷 프로그래밍을 하려는 사람들을 위해 집필되었다. 리눅스 환경에서 파이썬으로 작성된 웹 서버를 구축하고, 센서 등의 입출력 장치를 제어하며, 다른 컴퓨터 및 클라우드 서버와 네트워크를 통해 연동하는 다양한 방법을 다룬다.",https://image.aladin.co.kr/product/7497/28/cover500/k142434714_1.jpg, 김성우 지음, Jpub,2016
총류,(실전!)ARM Cortex-M3 시스템 프로그래밍 완전정복. 1,"ARM Cortex-M3 (STM32F10x) 테스트 보드를 통해 실제 개발에 활용할 수 있는 지침서. ARM Cortex-M3 시스템 프로그램 개발 실전 가이드로, 입문에서 전문가 수준까지 안내하고 있다. Cortex-M3 MCU를 활용한 펌웨어 개발 실전 코드를 제공하고, 단순 제어에서 무선통신까지 광범위한 체험이 가능하도록 하였다.",https://image.aladin.co.kr/product/833/33/cover500/8996380016_1.jpg, 박선호;오영환 [공]지음, D&W Wave,2010
총류,(된다!)김메주의 유튜브 영상 만들기,"예능 자막부터 비밀스런 광고 수익까지, 가장 빨리 유튜버가 되는 9가지 지름길을 소개한다. <된다> 시리즈의 명성답게 바로 써먹을 수 있는 실습 비중을 최대한 높였다. 유튜버가 작업하는 방식 그대로 영상을 만들어 채널을 운영해 보는 충분한 시간과 기회도 제공한다.",https://image.aladin.co.kr/product/13535/66/cover500/k582532717_1.jpg, 김혜주 지음, 이지스퍼블리싱,2018
총류,파이썬으로 데이터 주무르기,"데이터 분석이라는 특별한 분야에서 초보를 위해 처음부터 끝까지 파이썬으로 진행되는 과정을 다룬다. 서울시 범죄 현황 분석, 셀프 주유소 가격 정보 분석, 19대 대선 결과 분석 등 흥미 있는 목표를 이루기 위해서 파이썬의 기초를 익히고, 필요한 과정을 대화 형식으로 전개한다.",https://image.aladin.co.kr/product/12609/37/cover500/k372532974_1.jpg, 민형기 지음, 비제이퍼블릭,2017
총류,(아두이노 사용자를 위한)라즈베리 파이 드론 만들고 직접 코딩하기,국내 최초로 아두이노 드론을 소프트웨어 코딩으로 풀어낸 화재의 베스트셀러 “아두이노 드론 만들고 직접 코딩하기”의 후속 작품으로 라즈베리 파이를 중심으로 구성되었다. C/C++ 언어 기반으로 wiringPi 라이브러리를 이용하여 드론 제어에 필요한 하드웨어 제어 방법을 소개한다.,https://image.aladin.co.kr/product/15840/22/cover500/k832533337_1.jpg, 서민우 지음, 앤써북,2018
총류,책 읽는 청춘에게,"대한민국 20대가 가장 닮고 싶은 멘토인 안철수가 추천한 책. 21인의 멘토와 7명의 대학생들이 함께 만든 <책 읽는 청춘에게>는 청춘들에게 보내는 가슴 뜨거운 메시지들과 좋은 책들에 관한 이야기를 같이 담고 있는 책이다. 특히 취업을 준비하는 대학생들, 갓 취업에 성공한 사회 초년생들, 30대를 바라보는 20대 후반의 젊은이들에게 미래를 열어 주는 희망과 응원이자 삶의 가이드라인이 되어 줄 것이다.",https://image.aladin.co.kr/product/708/66/cover500/8994197109_2.jpg," 우석훈 외,지음", 북로그컴퍼니,2010
총류,라즈베리 파이로 시작하는 나의 첫 프로그래밍,"초등학생 이상을 대상으로 Raspberry Pi와 이를 이용한 프로그래밍 환경인 'Scratch (스크래치)', 샌드박스 인디 게임인 'Minecraft Pi (마인크래프트 파이)', 전자공작 등의 학습을 통해 프로그래밍과 만들기의 즐거움을 전하고자 한다.",https://image.aladin.co.kr/product/5610/60/cover500/8965400929_1.jpg," 아베 카즈히로,이시하라 준야,시오노 요시타카 지음;안동현 옮김", 프리렉,2015
총류,(공학도를 위한)LabVIEW 기초,,https://image.aladin.co.kr/product/3828/4/cover500/8980003447_1.jpg, 이영석 저, 복두출판사,2014
총류,디지털 시스템 설계 및 응용,,https://image.aladin.co.kr/product/647/18/cover500/8957172459_1.jpg, 이시현 저, 내하,2009
총류,(인사이드)윈도우즈 포렌식,"인사이드 시리즈 1권. 실시간 및 사후 대응 수집과 분석 방법론, 법 집행관, 정부 기관, 학생 그리고 컨설턴트에게 적합한 소재를 다룬다. 첨부된 CD에는 자체 제작 도구, 개량된 코드 그리고 스프레드시트가 들어있다. 제공된 모든 도구들은 각 도구들을 설명하는 장을 기준으로 적절한 디렉터리에 저장되어 있다.",https://image.aladin.co.kr/product/699/65/cover500/8996276545_2.jpg, 할랜 카비 지음;정상민;정명주 옮김, 비제이퍼블릭,2010
총류,(Advanced!)리눅스 시스템 네트워크 프로그래밍,"유닉스 국제 표준인 Single UNIX Specification version 4 (IEEE std 1003.1 issue7 2013, POSIX.1)을 기준으로 하고, 그 외에 리눅스의 확장 기능을 다룬다. 금융 시스템 및 게임, 애플리케이션 서버 등을 제작하는 데 필요한 기반 기술들에 초점을 맞추었다.",https://image.aladin.co.kr/product/8273/28/cover500/8980782810_1.jpg, 김선영 지음, 가메출판사,2016
총류,Beginning Linux programming,튜토리얼식 접근방식으로 유명한 이전 판들의 전통을 그대로 이어받은 이 책은 리눅스와 기타 UNIX류 운영체제용 프로그램을 개발하고자 하는 모든 이에게 필수적인 입문서라고 할 수 있다. 두 명의 경험 많은 리눅스 프로그래머가 공동으로 저술하여 광범위한 주제들을 쉽고 명확하게 설명한다.,https://image.aladin.co.kr/product/233/40/cover500/899075898x_1.jpg, 닐 매튜;릭 스톤스 지음;류광 옮김, ITC,2008
총류,리눅스 마스터 1급 정복하기,"리눅스마스터 1급 자격증 취득뿐만 아니라, 기본적인 리눅스 관리자가 되기 위한 기초적인 실무 능력 향상을 목표로 하고 있다.",https://image.aladin.co.kr/product/6284/43/cover500/k732433834_1.jpg," 정성재,배유미 지음", 북스홀릭 퍼블리싱,2015
총류,모두의 라즈베리 파이 with 파이썬,"먼저 라즈베리 파이가 무엇인지 알아보고, 복잡한 운영체제 설치, 환경 설정 과정은 그림만 보고도 따라 할 수 있게 알려준다. 146개의 예제와 56개의 도해로 파이썬 프로그래밍을 쉽고 확실하게 배우고, 이렇게 배운 프로그래밍과 전자 회로 공작을 통해 각종 입출력 부품도 다뤄 본다.",https://image.aladin.co.kr/product/8514/39/cover500/k872535778_1.jpg," 이시이 모루나,에사키 노리히데 [같이]지음;서수환 옮김", 길벗,2016
총류,컴퓨터활용능력 2급 실기 2024 기본서,"자격증 취득을 목적으로 구성된 만큼 이론상 중요할지라도 시험 문제와 거리가 있는 내용은 배제했다. 또한 지금까지 출제된 모든 기출문제를 기능별로 분석하여 합격이 가능한 수준을 정한 후, 출제 비중이 낮은 내용은 과감히 빼고 중요한 것은 확실하게 표시했다.",https://image.aladin.co.kr/product/32860/95/cover500/k062936014_1.jpg, 길벗알앤디;강윤석;김용갑;김우경;김종일 지음, 길벗,2022
총류,문헌정보학용어사전,,https://image.aladin.co.kr/product/653/69/cover500/8976781341_1.jpg, 한국도서관협회 문헌정보학용어사전 편찬위원회 편, 한국도서관협회,2010
총류,인공지능윤리,,https://image.aladin.co.kr/product/26404/2/cover500/k892738324_1.jpg, 인공지능과 가치 연구회 저, 박영사,2021
총류,이상한 책들의 도서관,"살상을 저지르는 책, 투명한 책, 너무 커서 다음 페이지로 넘기려면 모터를 동원해야 하는 책, 너무 길어서 우주를 파괴하고도 남을 책, 악마를 소환하는 책, 유령이 쓴 책, 사람의 피와 살로 만들어진 책, 먹거나 입을 수 있는 책… 너무 기이하고 창피해서 정전正傳의 역사에서 배제되어 자취를 감춰버린 온갖 희귀 서적들을 가득 모아 소개한다.",https://image.aladin.co.kr/product/33325/29/cover500/k682938893_3.jpg, 에드워드 브룩-히칭 지음;최세희 옮김, 갈라파고스,2024
총류,(실전! 스프링 부트와 리액트로 시작하는)모던 웹 애플리케이션 개발,"스프링 부트와 리액트를 활용한 풀스택 개발이라는 광범위한 영역에서 초보자가 숙련자의 길로 들어서기 위한 방향을 안내한다. 먼저 강력한 백엔드를 구축하기 위한 스프링 부트의 최신 기능을 안내하고, 모든 것을 다루는 실용적인 접근 방식을 설명한다.",https://image.aladin.co.kr/product/31295/59/cover500/k452832788_1.jpg, 주하 힌쿨라 지음;최민석 옮김, 위키북스,2022
총류,개발자가 영어도 잘해야 하나요?,"소프트웨어 개발과 관련된 영어 학습을 목표로 하며, 소프트웨어 개발자가 영어를 능숙하게 활용할 수 있도록 돕는 것이 주요 목적이다. 국내 평범한 개발자에서 보스턴의 웹 개발 프리랜서 겸 매사추세츠 주립대의 컴퓨터 공학 석사가 되기까지 저자가 직접 경험하면서 깨달은 영어 학습 방법과 노하우를 담았다.",https://image.aladin.co.kr/product/33373/84/cover500/k122938312_1.jpg, 최희철 지음, 길벗,2024
총류,(MySQL로 배우는) 데이터베이스 개론과 실습,"데이터베이스 핵심 이론을 MySQL로 실습하며 공부할 수 있는 책이다. 데이터베이스 시스템을 이해하는 데 필요한 이론을 4개의 부로 나누어 실습과 함께 익힌 다음, 마지막에는 워크북으로 배운 내용을 총정리한다.",https://image.aladin.co.kr/product/33109/73/cover500/k202937825_1.jpg," 박우창,남송휘,이현룡 [공]지음", 한빛아카데미,2024
총류,Node.js 백엔드 개발자 되기,"입문자에게 백엔드 개발의 필수 지식을 학습 로드맵 중심으로 설명한다. 이어서 자바스크립트 기반 백엔드 개발에 꼭 필요한 3대장인 타입스크립트 언어와 Node.js 런타임, 익스프레스와 NestJS 웹 프레임워크를 활용하여 최신 트렌드에 맞게 그리고 실무에 유용하도록 백엔드 기술을 알려준다.",https://image.aladin.co.kr/product/31477/49/cover500/k302832529_1.jpg, 박승규 지음, 골든래빗,2023
총류,IT 세상을 만나는 컴퓨터 개론,"우리 주변에서 접할 수 있는 멀티미디어, 네트워크, 모바일과 같은 주제를 다양한 모형과 그림으로 친절하게 설명한다. 단순한 이론 설명에 그치지 않고 기술이 실생활에서 어떻게 응용되는지 소개하여 누구나 쉽게 컴퓨터 이론에 접근할 수 있도록 했다.",https://image.aladin.co.kr/product/33416/68/cover500/k362938439_1.jpg, 조성호 지음, 한빛아카데미,2024
총류,캡컷(CapCut)으로 트렌디한 영상 제작하기,"전세계 5억명 이상이 다운로드받은 가장 인기있는 동영상 앱인 캡컷을 이용하여 스마트폰으로 찍은 영상들을 입맛대로 편집하는 방법을 설명한다. 특히 틱톡, 유튜브 쇼츠, 인스타그램 릴스 등 짧은 영상들이 대세로 떠오르면서, 보다 쉽게 편집할 수 있도록 하는 다양한 기법들을 다루었다.",https://image.aladin.co.kr/product/33142/40/cover500/k902937329_1.jpg, 김수진 지음, 아티오,2024
총류,아는 만큼 보이는 백엔드 개발,"백엔드 로드맵을 따라가며 서버 개발에서 다루는 언어, 기술, 서비스 등을 소개하고 전체 동작 원리를 설명한다. 처음 개발을 접하며 막막해 하는 입문자를 위해 서버 기초 지식은 물론 각 주제마다 '추천 프로젝트'를 제시한다.",https://image.aladin.co.kr/product/33203/65/cover500/k362937950_1.jpg," 정우현,이인,김보인 [공]지음", 길벗,2024
총류,(일반인을 위한)IT 기초 상식,"4차 산업혁명 시대를 살아가는 데 필요한 다양한 IT상식을 누구나 알기 쉬운 언어로 설명한다. 컴퓨터, 인터넷, 미디어, 네트워크 등에 대한 IT 상식은 개인적인 영역은 물론 업무 영역에서도 중요하게 활용될 수 있을 것이다.",https://image.aladin.co.kr/product/33399/10/cover500/k142938514_1.jpg, 유채곤 지음, 21세기사,2024
총류,(가상 면접 사례로 배우는)머신러닝 시스템 설계 기초,"실제 서비스되고 있는 머신러닝 사례, 7가지 설계 접근법, 실제 시스템 설계에 참여한 엔지니어들과 저자의 노하우라는 세 가지 축으로 입체감 있게 설계 지식을 전달한다. 또한 복잡하고 어려운 이론은 걷어 내고 모두에게 익숙한 실제 시스템을 사례로 소개하고 있어, 머신러닝 엔지니어가 아니더라도 시스템의 원리가 궁금한 독자라면 누구나 흥미롭게 읽을 수 있다.",https://image.aladin.co.kr/product/33375/15/cover500/8966264352_1.jpg," 알렉스 쉬,알리 아미니안 [공]지음;최종일 옮김", 인사이트,2024
총류,모던 자바스크립트 deep dive,"자바스크립트를 둘러싼 기본 개념을 정확하고 구체적으로 설명하고, 자바스크립트 코드의 동작 원리를 집요하게 파헤친다. 작성한 코드가 컴퓨터 내부에서 어떻게 동작할 것인지 예측하고, 명확히 설명할 수 있도록 돕는다.",https://image.aladin.co.kr/product/25155/25/cover500/k282633473_1.jpg, 이웅모 지음, 위키북스,2020
총류,코어 자바스크립트,"자바스크립트의 근간을 이루는 핵심 이론들을 정확하게 이해하는 것을 목표로 한다. 기본 이론들 중 ES6에서도 중요성이 높은 핵심 개념을 위주로 다루며, 테크닉이나 요령보다는 원리를 이해하는 데 목적을 두고 있다.",https://image.aladin.co.kr/product/20651/30/cover500/k532636268_1.jpg, 정재남 지음, 위키북스,2019
총류,디지털 논리회로 실험,"베스트셀러인 『IT@CookBook, 디지털 논리회로』의 이론을 직접 실험해볼 수 있다. 또한 다양한 텀 프로젝트를 통해 창의적인 메이커 활동도 가능하다. 모든 실험을 '기본 이론+실험' 형태로 구성하여 이론부터 간단히 정리해볼 수 있다.",https://image.aladin.co.kr/product/28715/49/cover500/k822836669_1.jpg," 임석구,홍경호 지음", 한빛아카데미,2022
총류,업무와 일상을 정리하는 새로운 방법 노션,"처음 출간부터 지금까지 꾸준하게 ‘노션 책 1위’의 자리를 지키면서 인정받은 탄탄한 구성을 기본으로 유지하면서 출간 직전까지의 최신 업데이트를 반영하였다. 입문자부터 노션을 메모 도구로 활용하려는 학생, 직장인까지 누구나 쉽게 배울 수 있도록 체계적으로 구성하였다.",https://image.aladin.co.kr/product/30468/35/cover500/k202830187_1.jpg," 전시진,이해봄 [공]지음", 제이펍,2022
총류,"(팀 개발을 위한)Git, GitHub 시작하기","<팀 개발을 위한 Git, GitHub 시작하기>가 실무에 적절한 명령어와 용어, 협업에 100% 활용할 수 있는 내용이 추가된 개정판으로 돌아왔다. 이 책은 시나리오를 곁들인 실습으로 구성되어 깃&깃허브를 처음 시작하는 분도 쉽게 시작할 수 있다.",https://image.aladin.co.kr/product/31649/38/cover500/k092833476_1.jpg," 정호영,진유림 [공]지음", 한빛미디어,2023
총류,(된다!)하루 만에 끝내는 챗GPT 활용법,"용어조차 생소할 초보자를 위해 인공지능에 대한 개념 설명과 챗GPT 가입 방법부터 시작한다. 이어서 실무에 활용할 프롬프트 작성 예제, 저작권 이슈, ‘챗GPT가 먹통일 때 해결 방법’과 같이 많은 분들이 궁금해할 만한 내용까지 Q & A 형식으로 꼼꼼하게 다룬다.",https://image.aladin.co.kr/product/33203/55/cover500/k712937959_1.jpg, 프롬프트 크리에이터 지음, 이지스퍼블리싱,2024
총류,세상은 이야기로 만들어졌다,2022년 독일 독서문화진흥재단에서 선정한 최고의 논픽션 중 한 권에 들어갔던 이 책에서 저자들은 이야기가 지닌 상반된 영향력을 추적한다. 그들은 어떤 이야기가 오늘날 우리를 위험에 빠뜨리는지 그리고 우리 세상을 유지하기 위해 새로운 이야기가 왜 절박한지를 잘 풀어놓고 있다.,https://image.aladin.co.kr/product/32585/6/cover500/k632935343_1.jpg, 자미라 엘 우아실;프리데만 카릭 [공] 지음 ;;김현정 옮김, 원더박스,2023
총류,보안리더들의 업무 노하우,"다양하고 광범위한 정보보안 분야를 13개의 주제로 구분하여 국내에서 활동하는 보안업계 최고 정보보안리더 14인의(CISO, CPO, 보안팀장, 기술사, ISMS-P 심사원) 경험과 전문 지식을 일목요연하게 정리하여 정보보안 담당자들에게 꼭 필요한 필수템이 될 수 있도록 구성하였다.",https://image.aladin.co.kr/product/33968/6/cover500/8927773853_1.jpg, 권오영 [외] 지음, 다락원,2024
총류,완벽에 관하여,"저자는 완벽을 추구하는 것보다 더 어렵고 고귀한 깨달음은 실패와 무너짐, 약점과 오류를 함부로 조롱해서는 안 된다는 사실이었다고 이야기한다. 스스로 잘해내고 싶은 사람들, 자신이 원하는 일을 삶의 목표로 삼은 사람들에게 인생의 지침이 되어줄 책이다.",https://image.aladin.co.kr/product/33809/20/cover500/k062930585_1.jpg, 마크 엘리슨 지음 ;정윤미 옮김, 북스톤,2024
총류,(OpenAI API와 파이썬으로) 나만의 챗GPT 만들기,"OpenAI API를 활용해 파이썬으로 인공지능 애플리케이션을 개발하는 방법을 알려준다. 챗GPT와 API의 기본 개념부터 최신 정보를 활용한 챗봇, 음성 인식과 요약까지 실전 예제를 통해 OpenAI API의 다양한 활용법을 익힐 수 있다.",https://image.aladin.co.kr/product/33769/96/cover500/k912930565_1.jpg, 후루카와 쇼이치;오기와라 유이 [공] 지음 ;;최용 옮김, 위키북스,2024
총류,"Hey, 파이썬! 생성형 AI 활용 앱 만들어 줘",간결하고 이해하기 쉬운 문법으로 인공지능 분야 종사자들에게 인기 있는 파이썬을 통해 생성형 인공지능 모델의 이해와 활용을 설명한다. 특히 생성형 인공지능의 원리부터 다양한 활용 방법에 이르기까지 폭넓게 이해할 수 있도록 안내한다.,https://image.aladin.co.kr/product/33572/60/cover500/8931559860_1.jpg," 김한호;최태온,;윤택한 [공] 지음", BM성안당,2024
총류,스프링 부트 3 백엔드 개발자 되기,"실력을 갖춘 개발자로 성장하려면 시작이 중요하다. 그래서 이 책은 무엇부터 익혀야 하는지 막막한 입문자에게 백엔드 개발의 필수 지식을 학습 로드맵 중심으로 설명한다. 이어서 스프링 부트 3 개발에 꼭 필요한 4대장인 JPA ORM, OAuth2 인증, AWS 배포, CI/CD를 최신 트렌드에 맞게 그리고 실무에 유용하게 알려준다.",https://image.aladin.co.kr/product/33692/57/cover500/k792939139_1.jpg, 신선영 지음, Golden Rabbit(골든래빗),2024
총류,클라우드 네이티브 스프링 인 액션,클라우드 기술이 발달하면서 많은 애플리케이션이 클라우드에서 서비스되고 있다. 이 책에서는 가상의 온라인 서점 시스템을 개발하며 클라우드 환경에 애플리케이션을 어떻게 구축하는지 상세히 설명한다.,https://image.aladin.co.kr/product/33627/92/cover500/k102939216_1.jpg, 토마스 비탈레 지음 ;차건회 옮김, 제이펍,2024
총류,권학봉의 포토샵&라이트룸 클래식 사진보정 강의,"2016년 초판, 2019년 개정판에 이어 2024년 드디어 최신 전면 개정 특별판이 나왔다. 9년이라는 긴 시간 동안 독자들의 끊임없는 지지와 응원, 때로는 의견이 더해졌고, 그 사이 AI 관련 기능이 눈에 띄게 발전했다. 그래서 이번에는 독자사진을 함께 실었다.",https://image.aladin.co.kr/product/33894/84/cover500/8960306290_1.jpg, 권학봉 지음, 황금부엉이,2024
총류,리액트 쇼핑몰 프로젝트,"만들면서 리액트를 빠르게 배울 수 있는 책이다. ‘쇼핑몰 서비스’를 만들어볼 주제로 택한 이유는 쇼핑몰의 CRUD(상품 등록, 조회, 수정, 삭제) 기능 구현을 통해 다른 주제로 쉽게 확장할 수 있기 때문이다. 순수 리액트로만 쇼핑몰을 개발하며 서버는 다른 기능 없이 데이터만 주고받을 수 있게끔 최소한의 기능만 제공하고 있다.",https://image.aladin.co.kr/product/33803/68/cover500/k762930678_1.jpg, 홍준혁 지음, 로드북,2024
총류,요즘 AI 페어 프로그래밍,"효과적으로 원하는 결과물을 얻어내는 LLM 프롬프트 엔지니어링 기법을 배우고 나서, 깃허브 코파일럿, 챗GPT, 클로드를 활용해 프로그래밍을 더 빠르고 즐겁게 할 수 있는 방법을 예제를 곁들여 설명한다.",https://image.aladin.co.kr/product/33875/55/cover500/k442930506_1.jpg, 서지연(치즈) 지음, 골든래빗,2024
총류,JVM 밑바닥까지 파헤치기,"JVM의 네 가지 주요 주제라 할 수 있는 자동 메모리 관리, 실행 서브시스템, 컴파일, 동시성의 핵심 동작 원리를 살펴보면서 이러한 원리들이 실제 자바로 작성된 소프트웨어가 실행되는 데 어떤 식으로 영향을 미치며, 어떤 식으로 적용해 볼 수 있을지 소개하고 있다.",https://image.aladin.co.kr/product/33839/45/cover500/8966264417_1.jpg, 저우즈밍 지음 ;개앞맵시 옮김, 인사이트,2024
총류,파이썬과 비교하며 배우는 러스트 프로그래밍,"파이썬 개발자를 위한 유일무이한 러스트 입문서. 이 책은 파이썬 코드와 러스트 코드를 비교하면서 차이점과 유사점을 발견하고, 러스트를 쉽게 이해하도록 도와준다.",https://image.aladin.co.kr/product/33968/41/cover500/k712930448_1.jpg, 윤인도 지음, 제이펍,2024
총류,"그림으로 이해하는 알고리즘:알고리즘과 자료 구조, 쉽고 재미있게 시작하자!","‘알고리즘 도감’이라는 애플리케이션을 기반으로 작성했다. 앱은 애니메이션을 사용해 알고리즘의 동작을 설명하는데, 이 책은 그림을 충분히 사용해 동작하는 앱만큼 알기 쉽게 만들었다.",https://shopping-phinf.pstatic.net/main_4731060/47310602619.20240426091014.jpg," 이시다 모리테루,미야자키 슈이치", 길벗,2024
총류,"엑셀마왕의 엑셀 이럴 땐, 이렇게!",실무 엑셀을 마스터하고 싶지 않나요? 빠르게 그리고 한 번에 처리할 수 있을 것 같은데 구체적인 방법을 몰라서 방황하지 않았는가? 인스타그램 420K 팔로워를 보유한 엑셀마왕이 실무 엑셀에서 발생할 수 있는 문제 상황별 해결법을 알려준다.,https://shopping-phinf.pstatic.net/main_4626953/46269532620.20240309092137.jpg, 엑셀마왕(임규범) 지음, 길벗,2024
총류,청소년을 위한 두 글자 인문학,"우리 일상 속 무수한 두 글자 가운데 삶에서 떼려야 뗄 수 없는 아홉 가지 두 글자를 선별해 그 하나하나의 주제를 오롯이 풀어낸 책이다. 독자 스스로 답을 찾으며, 또 새로운 물음을 더해 가며, 자신만의 새로운 관점을 오롯이 키워나갈 수 있을 것이다.",https://image.aladin.co.kr/product/32934/74/cover500/k222936945_1.jpg, 김경윤 [외]지음, 지노,2023
총류,청소년을 위한 두 글자 인문학,"우리 일상 속 무수한 두 글자 가운데 삶에서 떼려야 뗄 수 없는 아홉 가지 두 글자를 선별해 그 하나하나의 주제를 오롯이 풀어낸 책이다. 독자 스스로 답을 찾으며, 또 새로운 물음을 더해 가며, 자신만의 새로운 관점을 오롯이 키워나갈 수 있을 것이다.",https://image.aladin.co.kr/product/32934/74/cover500/k222936945_1.jpg, 김경윤 [외]지음, 지노,2023
총류,(데이터 과학 기반의) 파이썬 빅데이터 분석,"데이터 과학의 개념, 파이썬 기초, 데이터 크롤링 방법을 익힌 후 14개의 프로젝트를 데이터 과학 방법론에 따라 실습하는 책이다. 통계 분석, 텍스트 빈도 분석, 지리 정보 분석부터 머신러닝 기반의 회귀 분석, 분류 분석 등의 핵심 분석 방법과 시각화 기법도 함께 익힐 수 있다.",https://shopping-phinf.pstatic.net/main_3248653/32486531575.20230906071148.jpg, 이지영, 한빛,2020
총류,이것이 우분투 리눅스다,"VMware를 이용해서 1대의 PC로 4대의 컴퓨터를 운영하는 실무와 동일한 환경을 구축한다. 모든 내용을 실무형 실습 환경에서 실습을 통해 익히므로 고급 내용을 자연스럽게 배울 뿐만 아니라, 실무 적응력도 향상시킬 수 있다.",https://image.aladin.co.kr/product/25468/47/cover500/k862633822_1.jpg, 우재남 지음, 한빛미디어,2020
총류,파이썬+AI,"프로그래밍 언어에 익숙한 프로그래머가 아닌 프로그램 입문자들을 대상으로 프로그래밍에 대해 아무런 지식이 없다고 가정하고 프로그램 코딩을 가르치기 위해 작성된 책이다. 이 책을 통해 코딩 개요, Python 기초, numpy, matplotlib, pandas 그리고 머신러닝/딥러닝 퀵스타트 등 Python의 전반을 한 권으로 학습할 수 있다.",https://shopping-phinf.pstatic.net/main_4870388/48703888619.20240627091044.jpg, 안용제;김남규 [공]지음, Digital Books(디지털북스),2024
총류,파이썬과 자바스크립트로 배우는 OpenAI 프로그래밍,"OpenAI API를 활용하면 AI와 상호작용을 하면서 원하는 용도에 특화된 AI 봇을 만들 수 있으며 이미지 생성과 제품 정보를 학습시킨 AI 모델을 제작할 수도 있다. 이 책에서는 OpenAI API 개념을 알아본 후 원하는 결과를 도출하는 프롬프트 작성법, DALL-E를 통한 이미지 생성법, 제품 데이터를 활용한 AI 모델 제작 방법 등을 파이썬과 자바스크립트로 나누어 살펴본다.",https://shopping-phinf.pstatic.net/main_4925596/49255961633.20240720092118.jpg, 쇼다 쓰야노 지음;김모세 옮김, Jpub(제이펍),2024
총류,장르별 독서법,어릴 때부터 문학소녀였던 저자는 영화나 드라마를 시청하는 것보다 소설을 읽는 것을 즐겼다. 영화나 드라마를 볼 땐 만들어진 영상을 그저 받아들여야 하지만 책을 읽을 땐 어떤 영상이든 머릿속에서 만들어 낼 수 있기 때문이다. 그렇듯 독서는 독자의 적극적인 사고를 수반한다. 저자는 그런 구성력으로써 책 속의 정보들을 구조화하는 독서법을 알려 준다.,https://shopping-phinf.pstatic.net/main_4851657/48516579624.20240618091420.jpg, 임수현 지음, Differance(디페랑스),2024
총류,(개념 이해로 시작하기 좋은)최고의 프롬프트 엔지니어링 강의,프롬프트 엔지니어링의 방대한 내용을 프로그래밍 지식이 없는 사람도 이해하고 접근하기 쉽도록 컴팩트하고 짜임새 있게 전달한다. 인공지능 시대를 살아가는 데 꼭 필요한 상식과도 같은 프롬프트 엔지니어링을 기초 개념부터 실습까지 누구나 체계적으로 학습할 수 있도록 했다.,https://shopping-phinf.pstatic.net/main_4791437/47914375620.20240524071052.jpg, 김진중 지음, Re,2024
총류,LLM을 활용한 실전 AI 애플리케이션 개발,LLM의 기본 아키텍처에서 출발해 애플리케이션의 요구사항에 맞춰 LLM을 길들이고 제한된 컴퓨팅 환경에서 동작하게 경량화해서 원활하게 서빙하게끔 기초를 다진 다음에 RAG라는 LLM의 대표적인 애플리케이션을 만드는 방법을 차근차근 설명한다.,https://shopping-phinf.pstatic.net/main_4918353/49183530622.20240718072225.jpg, 허정준 지음;정진호 그림, 책만,2024
총류,FastAPI로 배우는 백엔드 프로그래밍 with 클린 아키텍처,"파이썬 기반의 FastAPI는 플라스크보다 API 생성이 쉽고, 장고보다 가볍다. 이 책은 FastAPI를 활용해 백엔드 소프트웨어를 클린 아키텍처로 작성하는 법을 안내한다. 클린 아키텍처는 계층이 많아짐에 따라 코드의 양 또한 늘어나지만, 계층을 나누기 편한 FastAPI는 클린 아키텍처를 적용하기에 적합한 웹 프레임워크다.",https://shopping-phinf.pstatic.net/main_5056344/50563445648.20241002071049.jpg, 한용재 지음, 제이펍,2024
총류,난생처음 인공지능 입문,"IT 비전공자뿐만 아니라 중고등학생도 쉽게 배울 수 있는 인공지능 입문서이다. 인공지능의 개념을 실생활에서 접할 수 있는 사례를 중심으로 재미있는 삽화와 생생한 이미지를 통해 친절하게 설명한다. 그리고 인공지능을 구현하기 위해 필요한 기술인 GPU, 5G, 클라우드, 사물인터넷, 빅데이터, 머신러닝, 인공신경망, 딥러닝 등을 자세히 알아본다.",https://shopping-phinf.pstatic.net/main_5077949/50779492634.20241012072657.jpg, 서지영 지음, 한빛아카데미,2024
총류,아는 만큼 보이는 IT 지식,"IT 업계에서 일하는 비전공자를 위해 업무에 필요한 IT 지식과 개발자와 소통하는 법을 알려준다. 웹/앱 마케터 및 기획자, IT 계열 취업 준비생, 개발자에 관심 있는 학생, IT 지식이 부족하다고 느끼는 분들이 보면 좋다.",https://shopping-phinf.pstatic.net/main_5091788/50917883621.20241020071147.jpg, 민완기 지음, 길벗,2024
총류,그거 사전,"우리 주변에서 쉽게 찾아볼 수 있고, 매일 사용하고 있지만, 이름을 몰라 부르지 못했던 ‘그거’들의 이름을 찾는 여정을 담고 있다. 이름을 알아가는 과정은 사물의 역사와 세계를 이해하는 첫걸음이 된다.",https://shopping-phinf.pstatic.net/main_5047976/50479769638.20240927091246.jpg, 홍성윤 지음, 인플루엔셜,2024
총류,딥러닝 프로젝트를 위한 허깅페이스 실전 가이드,"허깅페이스를 활용해 모델 설정, 토크나이저 사용, 데이터세트 처리, 모델 학습 및 평가 등 프로젝트 전 과정을 상세히 다룬다. 또한 최신 모델인 BERT, BART, RoBERTa, T5, LLaMA-3.1 등을 활용한 다양한 자연어 처리 모델과 CLIP, OWLv2, SAM 등을 이용한 컴퓨터 비전 모델, 그리고 BLIP-2, LayoutLM, ViLT, Stable-diffusion 등의 멀티모달 모델을 실습할 수 있다.",https://shopping-phinf.pstatic.net/main_5026767/50267677618.20240912092111.jpg, 윤대희 외 지음;김동화 공저;송종민 공저;진현두 공저, 위키북스,2024
총류,(2025 시나공)워드프로세서 실기 기본서,"시험에 꼭 나오는 기능만 17가지로 압축하여 따라하기 형식으로 구성하였다. 20회 분량의 모의고사, 5회 분량의 최신 기출문제를 통해 시험에 어떤 문제가 나와도 해결할 수 있도록 훈련한다. 유튜브와 홈페이지에서 핵심별 저자 무료 강의를 제공한다.",https://shopping-phinf.pstatic.net/main_4987792/49877926630.20240822070940.jpg," 길벗알앤디,강윤석,김용갑,김우경,김종일 지음", 길벗,2024
총류,(2025 이기적)워드프로세서 실기 기본서 (무선),"수험생의 학습 효율을 높이기 위해 ‘핵심이론+기출문제+모의고사’로 교재를 구성하여, 단기간에 집중적으로 워드프로세서 실기 시험 대비가 가능하도록 하였다.",https://shopping-phinf.pstatic.net/main_4964419/49644199623.20240807170410.jpg," 송재현,영진정보연구소 공저", 영진.com,2024
총류,(Do it!)점프 투 장고,장고라는 파이썬 프레임워크로 실제 서비스 중인 파이보(pybo.kr)라는 질문o답변 게시판을 만든 뒤 AWS에 배포하는 과정까지 친절하게 안내한다. 그야말로 웹 개발의 전 과정을 빠르게 경험하고 입문할 수 있는 책이다.,https://shopping-phinf.pstatic.net/main_3244158/32441583690.20230920072931.jpg, 박응용 지음, 이지스퍼블리싱,2021
총류,(Do it!)Vue.js 입문,"Vue.js의 기본 동작 원리부터 꼼꼼하게 설명하고, 실제 서비스를 개발할 때 필요한 컴포넌트 기반 설계 방법과 프로젝트 구조화 노하우까지 알차게 담았다. 특히 입문자들이 어려워하는 웹팩, ES6, NPM을 몰라도 쉽게 학습할 수 있도록 목차를 구성하여 배우기 쉬운 Vue.js의 특성을 잘 살렸다.",https://shopping-phinf.pstatic.net/main_3248950/32489500759.20230808084812.jpg, 장기효 지음, 이지스퍼블리싱,2018
총류,마이크로파이썬을 활용한 사물인터넷,"간결한 언어인 마이크로파이썬을 활용해 누구나 쉽게 사물인터넷(IoT)을 시작할 수 있도록 했다. 일관된 소프트웨어 공학적 관점으로 IoT 관련 기술을 서술하고, 표준화된 모듈 기반 실습을 통해 IoT의 전체 사이클을 효과적으로 이해할 수 있게 했다.",https://shopping-phinf.pstatic.net/main_5238540/52385407618.20250110074905.jpg, 양재삼 지음, 한빛아카데미,2025
총류,IoT 사물인터넷과 OpenAI 인공지능을 위한 라즈베리파이 5 정석,"왕초보도 라즈베리파이를 이용해 다양한 IoT를 직접 개발할 수 있도록 전기전자 기초 원리부터 센서제어 및 나만의 가상비서 만들기 등 초수/중수/고수 예제 실습과 실전 프로젝트까지 단계별로 구성하였다. 라즈베리파이가 무엇인지부터 시작하여 전기, 전자와 배경지식이 부족한 분들도 볼 수 있도록 관련 부품의 동작 원리와 파이썬 기초 내용부터 아주 쉽게 설명하였다. 라즈베리파이 5와 라즈베리파이 4 버전 모두 사용할 수 있다.",https://shopping-phinf.pstatic.net/main_5136019/51360197623.20241113092459.jpg," 최주호,김재범,정동진 지음", 앤써북,2024
총류,알아두면 쓸데 있는 유쾌한 상식사전. 2,"‘내가 알고 있는 상식이 과연 진짜일까?’라는 의문에서 출발해, 수많은 책과 각종 연구자료, 신문, 방송 등을 파헤쳐 엮은 오리지날 상식의 유래와 역사를 담은 ‘가리지날 시리즈’의 두 번째 책이다. 사람들에게 잘못 알려지거나 제대로 알려지지 않았던 수많은 상식 중 두 번째로, 하늘과 땅, 우주와 별자리, 시간과 공간, 교통과 경제, 과학 기술 등의 내용을 담은 ‘과학·경제 편’을 출간했다.",https://shopping-phinf.pstatic.net/main_5024075/50240752623.20240910085827.jpg, 조홍석 지음, 트로이목마,2024
총류,도서관의 역사,"책과 미디어 환경 변화를 분석하며 커뮤니케이션 분야 권위자로서 지난 20년 동안 유럽 인쇄물의 역사를 연구해 온, 앤드루 페테그리와 아르트휘르 데르베뒤언은 『도서관의 역사』에서 인류의 지적 자산을 보관하고 전승해 온 장소로서 도서관이 어떻게 발전하고 변화해 왔는지를 탐구한다.",https://shopping-phinf.pstatic.net/main_5352960/53529606131.20250315093048.jpg," 앤드루 페티그리,아르트휘르 데르베뒤언 지음;배동근,장은수 옮김", arte(북이십일),2025
총류,(성적 초격차를 만드는)독서력 수업,"부모보다 아이들이 더 좋아한다는 독서 수업의 비밀은 대체 무엇일까? 어떻게 아이를 책 읽기의 세계로 빠져들게 만들 수 있을까? 《성적 초격차를 만드는 독서력 수업》은 그동안 받아온 수많은 질문에 대한 가장 구체적인 대답이자, 대치동 대표 독서 교육 기관의 비법을 엿볼 수 있는 절호의 기회가 될 것이다.",https://shopping-phinf.pstatic.net/main_5346725/53467256403.20250311092613.jpg, 김수미 지음, 빅피시,2025
총류,지적 대화를 위한 넓고 얕은 지식 무한,지난 10년간 단 한 번도 베스트셀러에서 내려온 적이 없는 우리 시대 교양서 《지적 대화를 위한 넓고 얕은 지식》으로 대표적인 인문학 작가로 자리매김한 채사장이 5년 만에 다시 시리즈의 신작으로 돌아왔다.,https://shopping-phinf.pstatic.net/main_5163430/51634304620.20241129071106.jpg, 채사장, 웨일북,2024
총류,(2025 이기적)워드프로세서 필기 기본서,"워드프로세서 필기 시험의 최신 출제 경향을 철저히 분석하여, 한 권으로 단기 합격이 가능하도록 집필된 교재이다. 수험생의 학습 효율을 높이기 위해 ‘1권 이론서+2권 기출공략집’으로 교재를 구성하여, 단기간에 집중적으로 시험 대비가 가능하도록 하였다.",https://shopping-phinf.pstatic.net/main_5019947/50199478626.20240908070959.jpg," 김옥남,이상미 공저", 영진.com,2024
총류,(2025 이기적)워드프로세서 실기 기본서 (무선),"수험생의 학습 효율을 높이기 위해 ‘핵심이론+기출문제+모의고사’로 교재를 구성하여, 단기간에 집중적으로 워드프로세서 실기 시험 대비가 가능하도록 하였다.",https://shopping-phinf.pstatic.net/main_4964419/49644199623.20240807170410.jpg," 송재현,영진정보연구소 공저", 영진.com,2024
총류,(2025 이기적)워드프로세서 실기 기본서 (무선),"수험생의 학습 효율을 높이기 위해 ‘핵심이론+기출문제+모의고사’로 교재를 구성하여, 단기간에 집중적으로 워드프로세서 실기 시험 대비가 가능하도록 하였다.",https://shopping-phinf.pstatic.net/main_4964419/49644199623.20240807170410.jpg," 송재현,영진정보연구소 공저", 영진.com,2024
총류,(2025 이기적)워드프로세서 실기 기본서 (무선),"수험생의 학습 효율을 높이기 위해 ‘핵심이론+기출문제+모의고사’로 교재를 구성하여, 단기간에 집중적으로 워드프로세서 실기 시험 대비가 가능하도록 하였다.",https://shopping-phinf.pstatic.net/main_4964419/49644199623.20240807170410.jpg," 송재현,영진정보연구소 공저", 영진.com,2024
총류,(2025 이기적)워드프로세서 필기 + 실기 올인원,"수험생의 학습 부담을 줄이기 위해, 한 권으로 워드프로세서 필기와 실기 시험 대비가 동시에 가능하도록 집필된 교재다. 단기간에 필기와 실기 시험을 빠르게 합격할 수 있도록 핵심 내용만 압축하여 최적의 구성을 완성했다.",https://shopping-phinf.pstatic.net/main_5101446/51014461625.20241026071035.jpg," 김옥남,송재현 공저", 영진.com,2024
총류,(2025 이기적)워드프로세서 필기 + 실기 올인원,"수험생의 학습 부담을 줄이기 위해, 한 권으로 워드프로세서 필기와 실기 시험 대비가 동시에 가능하도록 집필된 교재다. 단기간에 필기와 실기 시험을 빠르게 합격할 수 있도록 핵심 내용만 압축하여 최적의 구성을 완성했다.",https://shopping-phinf.pstatic.net/main_5101446/51014461625.20241026071035.jpg," 김옥남,송재현 공저", 영진.com,2024
총류,2024 이기적 정보처리기능사 필기 최신문제집 (동영상 강의 무료&CBT 온라인 문제집 제공),이론을 충분히 공부한 수험생이 짧은 시간을 투자하여 합격에 이를 수 있도록 구성된 정보처리기능사 필기 문제집이다. 가장 최신 기출문제부터 다년간의 기출문제 15회를 철저하게 분석하였으며 많은 문제와 다양한 유형을 풀어볼 수 있다.,https://shopping-phinf.pstatic.net/main_4049301/40493013626.20250523071359.jpg, 영진정보연구소, 영진닷컴,2023
총류,(실전! 스프링 부트 3 & 리액트로 시작하는)모던 웹 애플리케이션 개발,"풀스택 개발자로 전환하고자 하는 자바 개발자나 새 프런트엔드 프레임워크를 배우고 싶은 사람을 위한 간결한 리액트 입문서다. 세 부분으로 되어 있으며, 스프링 부트 백엔드, 리액트 프런트엔드를 만들고 이를 함께 배포하는 과정을 다룬다.",https://dls2.edunet.net/DLS/api/homepage/holding/getCoverImage.do?prov_code=E10&neis_code=E100000276&bib_key=34206311474, 주하 힌쿨라 지음;변영인 옮김, 위키북스,2024
총류,(Do it!)리액트로 웹앱 만들기 with 타입스크립트,"많은 기업에서 우대하는 타입스크립트 기반의 리액트 프로그래밍으로 요즘 대세로 떠오른 SPA(single page application)와 REST(representational state transfer) API 서버를 만든다. 그 과정에서 리액트 훅과 리덕스, 라우팅은 물론 테일윈드CSS로 컴포넌트 스타일링까지 습득할 수 있다.",https://dls2.edunet.net/DLS/api/homepage/holding/getCoverImage.do?prov_code=E10&neis_code=E100000276&bib_key=34206334655, 전예홍 지음, 이지스퍼블리싱,2025
총류,(2025 이기적)정보처리기능사 필기 최신문제집,"2025년 출제기준을 반영한 정보처리기능사 필기 최신문제집. 핵심이론으로 공부한 뒤에 자주 출제되는 기출문제로 이해도를 점검하고, 기출문제로 최종 복습을 하면서 이론을 충분히 복습해보자.",https://dls2.edunet.net/DLS/api/homepage/holding/getCoverImage.do?prov_code=E10&neis_code=E100000276&bib_key=34206425506, 영진정보연구소 편, Youngjin.com(영진닷컴),2024
총류,(2025 이기적)정보처리기능사 실기 기본서,"최신 출제기준을 적용한 도서로 정보처리기능사 실기 시험의 출제 경향을 분석하여 수험생들이 혼자서도 학습할 수 있도록 한 완벽 대비서이다. 시행처인 한국산업인력공단에서 공개한 출제기준을 바탕으로집필되었으며, 핵심 이론을 통해 기초 실력을 향상시키고, 최신 기출문제와 실전 모의고사로 시험에 철저하게 대비할 수 있도록 구성되었다.",https://dls2.edunet.net/DLS/api/homepage/holding/getCoverImage.do?prov_code=E10&neis_code=E100000276&bib_key=34206432875, 임승현 지음, 길벗,2025
총류,(2025 시나공)정보처리기능사 실기 기본서,"기출문제를 면밀히 분석함으로써 출제 경향을 완벽하게 반영한 책으로, 매년 개정을 통해 최신 기출문제를 수록하고 있다. NCS 학습 모듈을 가이드 삼아 이론에 대한 자세한 설명과 충분한 예제를 더한 후, 기초가 없는 수험생도 이해할 수 있도록 최대한 쉽게 설명했다.",https://dls2.edunet.net/DLS/api/homepage/holding/getCoverImage.do?prov_code=E10&neis_code=E100000276&bib_key=34206442210, 길벗알앤디 지음, 길벗,2025
총류,(5일만에 합격하는)MOS 2016 엑셀 expert,MOS 2016 버전을 담은 첫 교재로 MOS 강의 경력이 깊고 풍부한 전문 강사진이 시험 문제 유형을 수차례 분석한 적중률 높은 수험서이다. 다년간의 기출문제를 분석한 데이터를 바탕으로 출제 가능성을 상/중/하로 구분하였고 엑셀의 다양한 기능을 접하고 익힐 수 있는 자세한 설명을 실었다.,https://dls2.edunet.net/DLS/api/homepage/holding/getCoverImage.do?prov_code=E10&neis_code=E100000276&bib_key=34206465493, 김경희;오해강 [공]지음, 한빛아카데미,2024
총류,(현직 교사가 만든 업무자동화를 원하는 교사를 위한)찐 실전 Chat GPT,,https://dls2.edunet.net/DLS/api/homepage/holding/getCoverImage.do?prov_code=E10&neis_code=E100000276&bib_key=34206474134, 손지선 외 저, 광문각출판미디어,2025
총류,AI 전문가 김병완이 전하는 세계 최고 AI 전문가가 되는 111가지 원칙,전문가란 특정 분야에서 지속적으로 문제를 해결할 수 있는 사람이다. 학술적 논문을 읽지 못하거나 코딩을 모르더라도 문제를 해결할 수 있다면 그는 진정한 전문가다. 이 책은 바로 그런 전문가가 되기 위한 111가지 실전 전략을 담고 있다.,https://dls2.edunet.net/DLS/api/homepage/holding/getCoverImage.do?prov_code=E10&neis_code=E100000276&bib_key=34206475801, 김병완 지음, 플랫폼연구소,2025
총류,(된다!)업무에 바로 쓰는 구글 활용법,"디지털 전환 시대에 꼭 맞는 구글 앱 활용 입문서다. 크롬 설정 방법부터 지메일, 구글 문서, 스프레드시트, 프레젠테이션, 드라이브 등 무료 협업 도구 13가지를 활용해 온라인 실시간 동시 작업 및 공유하는 법, 구글 캘린더로 팀원 일정까지 확인하는 법, 구글 미트를 통한 비대면 회의 진행법, 크롬 브라우저 보안 강화 방법까지 폭넓게 다룬다.",https://dls2.edunet.net/DLS/api/homepage/holding/getCoverImage.do?prov_code=E10&neis_code=E100000276&bib_key=34206732225, 이광희 지음, 이지스퍼블리싱,2025
총류,(교사를 위한 스프레드시트 활용 가이드)구글 시트로 스마트한 학교 만들기,"교육 현장에서 교사들이 직면하는 문제들을 해결하고, 수업과 학급 운영, 행정 업무, 담임 업무, 일정 관리 등의 업무 효율화를 돕기 위해 만들어졌다. 구글 시트(스프레드시트)는 단순한 표 작성 도구를 넘어 학급 운영, 성적 관리, 데이터 분석 등 다양한 방식으로 활용할 수 있는 강력한 도구다.",https://dls2.edunet.net/DLS/api/homepage/holding/getCoverImage.do?prov_code=E10&neis_code=E100000276&bib_key=34206744267, 지미정;장성진;유병선 [공]지음, 앤써북,2025
총류,(신문으로 공부하는 말랑말랑)시사상식 : 청소년,"똑똑한 청소년은 보는 책부터 다르다. 청소년 시각에 맞는 분야별 최신 시사를 쉽고, 재미있게 정리했다. 시사키워드를 영역별로 알아보고 관련 기사와 퀴즈로 한층 높은 이해.복습을 한다. 폭넓은 시각을 갖추기 위한 시사정보들로 수능·수시·면접·토론을 대비한다.",https://dls2.edunet.net/DLS/api/homepage/holding/getCoverImage.do?prov_code=E10&neis_code=E100000276&bib_key=34206778785, 시사상식연구소 편저, 시대에듀(시대고시기획),2025
총류,알아두면 쓸데 있는 유쾌한 상식사전. [6]: 우리말·우리글 편,“꼬리에 꼬리를 무는 교과서 밖 핵꿀잼 상식 이야기!” 99%가 모르는 놀라운 사실을 밝혀주는 가리지날 시리즈 여섯 번째 이야기.,https://dls2.edunet.net/DLS/api/homepage/holding/getCoverImage.do?prov_code=E10&neis_code=E100000276&bib_key=34206783955, 조홍석 지음, 트로이목마,2022
총류,앱인벤터로 20개의 인공지능 앱 만들기 with ChatBot과 생성형AI,"앱인벤터와 챗봇과 챗GPT, 뤼튼, 패들렛 생성형 AI 기초를 뗀 후 누구나 쉽고 재미있게 만들 수 있는 주제별, 난이도별, 기능별 20가지 인공지능 앱 작품을 직접 코딩하며 만드는 과정을 통해 자연스럽게 인공지능, 머신러닝을 이해할 수 있도록 구성하였다.",https://shopping-phinf.pstatic.net/main_5165863/51658635622.20241129092251.jpg, 김수연;전진아;장문철 [공]지음, 앤써북,2024
총류,ESP32로 만드는 IoT 월드 with 아두이노 IDE 2,"초보자부터 중급자까지 모두가 쉽게 따라 할 수 있도록 단계적인 설명을 제공하고, ESP32를 활용한 다양한 현실적인 IoT 프로젝트를 소개하여 독자들의 창의력을 촉진하고 실제 프로젝트에 적용하는 방법을 배울 수 있다.",https://shopping-phinf.pstatic.net/main_4502521/45025212619.20240103153813.jpg, 안선환;아이씨뱅큐 [공]지음, 아이씨뱅큐,2023
총류,이지패스 2025 ADsP 데이터분석 준전문가,방대한 데이터 분석 콘텐츠를 ADsP 출제 경향에 맞게 컴팩트하게 정리하여 시간에 쫓기는 수험생들에게 최대한 공부 효율을 높일 수 있도록 구성했다. 데이터 분석을 처음 접하는 초심자나 비전공자들이 이해하기 쉽도록 용어와 문장을 다듬었다.,https://shopping-phinf.pstatic.net/main_5219296/52192966624.20250202091433.jpg, 전용문;박현민 [공]지음, 위키북스,2025
총류,오늘부터 회사에서 AI 합니다,,https://shopping-phinf.pstatic.net/main_5586140/55861405281.20250722071044.jpg, 이활석;업스테이지 AI 교육 부문 공저, 아이생각,2025
총류,된다! 하루 만에 끝내는 챗GPT 활용법,,https://shopping-phinf.pstatic.net/main_5492470/54924700239.20250527094628.jpg, 프롬프트 크리에이터 지음, 이지스퍼블리싱,2025
총류,AI 에이전트 트렌드＆활용백과,"저자 김덕진은 1,400만 뷰 AI 영상, 매년 수백 회의 강연 등, 다양한 공중파 방송과 대학 교육현장을 넘나드는 가장 핫한 실전형 IT커뮤니케이터이며, 김아람은 오랜 기간 전략기획 컨설턴트로 일해 왔다. 복잡한 기술을 누구나 이해할 수 있도록 풀어내는데 탁월한 능력을 가진 이들은 최신 AI 에이전트를 쉽게 이해하고, 즉시 활용할 수 있도록 안내한다.",https://shopping-phinf.pstatic.net/main_5559072/55590726552.20250705083124.jpg, 김덕진;김아람 [공]지음, 스마트북스,2025
총류,(2022 시나공)정보처리기능사,2022 시나공 정보처리기능사 실기는 NCS 학습 모듈을 가이드 삼아 실무에서 방대하게 다뤄지는 내용들을 압축하여 최대한 쉽게 수록했다. 예제나 문제는 간단해 보이지만 원론을 이해하기 쉽도록 간략하게 구성한 것으로 교재의 내용만 이해하면 어떠한 변형 문제도 풀 수 있을 것이다.,https://image.aladin.co.kr/product/28918/6/cover500/k652836016_1.jpg, 길벗알앤디 지음;윤석남 그림, 길벗,2022
총류,(2022 시나공)컴퓨터활용능력 2급 실기,"엑셀의 방대한 기능 중 시험에 꼭 나오는 엑셀 기능 16가지로 압축하고, 쉽게 익힐 수 있도록 따라하기 형식으로 구성하였다. 각 섹션마다 출제된 비율에 따라 A, B, C, D 등급을 지정하여 중요한 내용을 먼저 볼 수 있다.",https://image.aladin.co.kr/product/28053/86/cover500/k812734534_1.jpg, 길벗알앤디 지음, 길벗,2021
총류,(2022 시나공)컴퓨터활용능력 2급 필기,"실제 시험의 출제 경향을 친절하게 짚어주고, 자주 시험에 나온 내용은 확실히 강조하여 혼자서도 충분히 공부할 수 있게 도와준다. 지금까지 출제된 모든 기출문제를 통계적으로 분석하여 시험에 나오는 것만 골라 106개의 섹션, 335개의 필드로 정리하였다.",https://image.aladin.co.kr/product/28139/65/cover500/k442734655_2.jpg, 길벗알앤디 지음, 길벗,2021
총류,(Do it!)인터랙티브 웹 페이지 만들기,"HTML, CSS, 자바스크립트만으로 누구나 화려한 웹 사이트를 만들 수 있게 알려 준다. 또한 실무에서 잘 쓰지 않는 기본 문법을 모두 배우느라 지치지 않게, 실전 예제에 꼭 필요한 웹 표준 문법만 간추려서 빠르고 쉽게 익힐 수 있도록 도와준다.",https://image.aladin.co.kr/product/27840/74/cover500/k802734889_2.jpg, 최성일 지음, 이지스퍼블리싱,2021
총류,이것이 우분투 리눅스다,"VMware를 이용해서 1대의 PC로 4대의 컴퓨터를 운영하는 실무와 동일한 환경을 구축한다. 모든 내용을 실무형 실습 환경에서 실습을 통해 익히므로 고급 내용을 자연스럽게 배울 뿐만 아니라, 실무 적응력도 향상시킬 수 있다.",https://image.aladin.co.kr/product/25468/47/cover500/k862633822_1.jpg, 우재남 지음, 한빛미디어,2020
총류,JSP 2.3 ＆ Servlet 3.1,입문부터 모델2 MVC 패턴까지 누구나 따라 할 수 있는 웹 프로그래밍,https://image.aladin.co.kr/product/10007/34/cover500/8983799188_1.jpg, 오정원 지음, 혜지원,2017
총류,(대화하는 사물을 만드는) 아두이노 통신 프로젝트,,https://image.aladin.co.kr/product/6245/31/cover500/8960881635_1.jpg, 서영배 저, 디지털북스,2015
총류,(C#을 배우고 싶은 유니티 개발자를 위한) 유니티 5.x와 함께하는 C# 첫걸음,"유니티로 게임을 만들고 싶지만 C# 프로그래밍 언어를 잘 모르는 초보 프로그래머에게 C#을 차근차근 알려준다. 유니티를 사용해 간단한 게임을 만들어가면서 가장 기초적인 개념인 변수와 메소드부터 컬렉션, 흐름 제어, 루프를 거쳐 싱글턴 패턴, 객체지향 프로그램까지 C#의 핵심 개념을 소개한다.",https://image.aladin.co.kr/product/9719/27/cover500/8960779350_2.jpg, 그렉 루코섹Greg Lukosek 지음;김홍중 옮김, 에이콘,2016
총류,난 정말 JAVA를 공부한 적이 없다구요,"많은 것을 알려주는 것도 중요하지만, 많은 것을 스스로 알아갈 수 있는 능력을 향상시키는 자바 기본서. 자바 프로그래머의 프로그램 개발에 있어서 필수요소인 자바 API 문서의 참조를 최대한 유도하고, 다양한 클래스 설계에 대한 기회를 제공해야 하며, 프로젝트에 대한 간접 경험의 기회를 제공한다. 또한 실제 적용에 있어서의 객체지향을 설명하고 객체지향과 자바문법에 대한 설명이 하나로 연계되어 있다.",https://image.aladin.co.kr/product/440/81/cover500/8996094021_1.jpg, 윤성우 지음, 오렌지미디어,2009
총류,(명품) HTML5 + CSS3 + Javascript 웹 프로그래밍,"HTML5 태그, CSS3, 자바스크립트를 모두 아우르도록 내용을 구성하고, 특히 자바스크립트 API로 HTML5 웹 응용프로그램을 작성하는 지식을 예제와 실습 중심으로 구성되어 있다.",https://image.aladin.co.kr/product/10113/21/cover500/8970508880_1.jpg, 황기태 지음, 생능출판,2017
총류,(STM32F1 시리즈를 이용한) ARM Cortex-M3 구조와 응용,,https://image.aladin.co.kr/product/9212/40/cover500/k732535012_1.jpg, 차동혁;김재일 [공]지음, 홍릉과학출판사,2016
총류,(STM32F1 시리즈를 이용한) ARM Cortex-M3 구조와 응용,,https://image.aladin.co.kr/product/9212/40/cover500/k732535012_1.jpg, 차동혁;김재일 [공]지음, 홍릉과학출판사,2016
총류,이것이 자바다,15년 이상 자바 언어를 교육해온 자바 전문강사의 노하우를 아낌 없이 담아낸 자바 입문서. 저자 직강의 인터넷 강의와 Q/A를 위한 커뮤니티(네이커 카페)까지 무료로 제공하여 자바 개발자로 가는 길을 안내한다.,https://image.aladin.co.kr/product/5056/31/cover500/8968481474_2.jpg, 신용권 지음, 한빛미디어,2016
총류,(된다! 하루 만에 끝내는)제미나이 활용법,AI에 쉽게 적응하고 싶은 초보자를 위한 제미나이 입문서이다. AI 활용에 익숙하지 않은 분들을 위해 제미나이에 회원 가입하고 간단한 대화를 나누는 것으로 시작해 상황별로 쓸 수 있는 제미나이 활용법 70가지를 수록했다.,https://shopping-phinf.pstatic.net/main_5758664/57586649927.20260331095430.jpg, 권서림 지음, 이지스퍼블리싱,2025
총류,(2026 시나공)프로그래밍기능사 . [2]: 실기 기본서,2026년부터 정보처리기능사가 ‘프로그래밍기능사’로 이름과 출제기준이 전면 개편된다. 바뀐 출제기준을 100% 반영하였다. NCS 학습 모듈을 가이드 삼아 자세한 설명과 충분한 예제를 더한 후 기초가 없는 수험생도 이해할 수 있도록 최대한 쉽게 설명하고 출제 예상 문제를 같이 수록했다.,https://shopping-phinf.pstatic.net/main_5854263/58542632264.20260331114706.jpg, 길벗알앤디 지음, 길벗,2026
총류,(2026 시나공)프로그래밍기능사 . [1]: 필기 기본서,"출제기준이 전면 개편된 새 시험에 맞춰 NCS 기반 이론과 예제를 쉽게 정리하고 유사 기출·예상문제로 첫 시험 대비를 강화했다. 이론-문제-요약 3단 구성, 난도 등급, 모의고사 5회, 무료 강의와 학습 자료로 효율적 준비가 가능하다.",https://shopping-phinf.pstatic.net/main_5802191/58021910550.20260331122308.jpg, 길벗 R&D 지음, 길벗,2026
총류,(2026 시나공)프로그래밍기능사 . [2]: 실기 기본서,2026년부터 정보처리기능사가 ‘프로그래밍기능사’로 이름과 출제기준이 전면 개편된다. 바뀐 출제기준을 100% 반영하였다. NCS 학습 모듈을 가이드 삼아 자세한 설명과 충분한 예제를 더한 후 기초가 없는 수험생도 이해할 수 있도록 최대한 쉽게 설명하고 출제 예상 문제를 같이 수록했다.,https://shopping-phinf.pstatic.net/main_5854263/58542632264.20260331114706.jpg, 길벗알앤디 지음, 길벗,2026
총류,(2026 시나공)프로그래밍기능사 . [2]: 실기 기본서,2026년부터 정보처리기능사가 ‘프로그래밍기능사’로 이름과 출제기준이 전면 개편된다. 바뀐 출제기준을 100% 반영하였다. NCS 학습 모듈을 가이드 삼아 자세한 설명과 충분한 예제를 더한 후 기초가 없는 수험생도 이해할 수 있도록 최대한 쉽게 설명하고 출제 예상 문제를 같이 수록했다.,https://shopping-phinf.pstatic.net/main_5854263/58542632264.20260331114706.jpg, 길벗알앤디 지음, 길벗,2026
총류,C#을 다루는 기술,"C#을 C#답게 사용하자! 200개의 예제로 실습하며 배우는 간결하고 효과적인 C# 작성법. C#의 주요 기능을 다루는 것은 물론이고, 그 내부 동작 방식을 C# 전문가인 저자만의 경험과 매력적인 통찰로 담아내 C#을 C#답게 사용하도록 돕는다.",https://shopping-phinf.pstatic.net/main_3244313/32443138989.20260331110541.jpg, 존 스킷 지음;김명신 옮김, 길벗,2021
총류,시작하세요! C# 12 프로그래밍,"이 책의 목표는 여러분이 C#을 이용해 프로그래밍 기초를 탄탄하게 다질 수 있게 하는 것이다. 이를 위해 C# 언어의 최신 버전인 C# 12의 문법까지 구체적인 예제와 함께 상세히 설명하며, 단순히 언어의 문법을 습득하는 데 그치지 않고 실제로 프로그램을 제작할 수 있는 단계까지 학습할 수 있게 구성했다.",https://shopping-phinf.pstatic.net/main_4696502/46965020620.20260331104815.jpg, 정성태 지음;[이대엽 엮음], 위키북스,2024
총류,우리집 인문학. 2: 한국소설,"조선시대부터 현대까지 대표 작품 30선을 선정해, 소설의 주요 특징과 작가 소개, 작가가 살았던 시대의 상황을 설명함으로써 작품을 더 깊이 있게 이해하고 배경지식을 넓힐 수 있도록 구성했다.",https://shopping-phinf.pstatic.net/main_5888950/58889500472.20260331103220.jpg, 배혜림 지음, 상상스퀘어,2026
총류,쫌 이상한 도서관 탐험,"‘도서관’을 단순히 책을 빌리고 반납하는 공간으로 보는 통념을 깨며, 도서관을 구성하는 사람과 책, 그리고 이를 연결하는 환경과 구조에 관해 흥미롭게 풀어 낸 청소년 교양서이다. 도서관을 구성하는 여러 요소에 관한 다채로운 비하인드 스토리를 수록하였다.",https://shopping-phinf.pstatic.net/main_5735841/57358412333.20260331113854.jpg, 김은정[외]지음, 창비,2025
총류,고전툰. 1: 정치,"학교에서는 지식을 배우지만, 세상을 살아가는 데 필요한 건 생각하는 힘이다. 『고전툰 1 : 정치』는 그 힘을 키워주는 새로운 인문 교양 시리즈의 첫 권으로, 고전을 통해 스스로 묻고, 토론하고, 판단하는 청소년을 길러내기 위해 만들어졌다.",https://shopping-phinf.pstatic.net/main_5743230/57432301544.20260331102133.jpg," 강일우,김경윤,송원석 지음", 펜타클,2025
총류,AI를 내 편으로 만드는 질문의 기술,"디지털 교과서 시대, 학습의 핵심은 ‘질문’. 질문하는 힘이 어떻게 창의적 사고와 비판적 생각을 이끄는지 AI를 활용해 생생하게 경험한다. 자신만의 질문을 만들고, 답을 탐색하며, 스스로 학습 방향을 정하는, 학생과 선생님을 위한 똑똑한 ‘AI 안내서’다.",https://shopping-phinf.pstatic.net/main_5428002/54280020763.20260331102452.jpg, 김상수 글;프롬프트랩 그림, 스푼북,2025
총류,(AI 자율학습)클로드 코드·코덱스 CLI ·제미나이 CLI 완전 활용법,"AI 코딩 도구를 처음 접할 때 막막한 출발 지점을 짚는다. 클로드 코드, 코덱스 CLI, 제미나이 CLI를 중심으로 설치부터 실전 활용까지 정리했다. 프로젝트 관리와 자동화, AI와 함께 일하는 전체 흐름을 익힌다.",https://shopping-phinf.pstatic.net/main_5862872/58628724213.20260331121911.jpg, Dave Lee 지음, 길벗,2026
총류,독서중심 주제탐구활동 올인원. 1,"<독서중심 주제탐구활동 올인원>은 SKY 추천도서를 기반으로 독서 및 연계활동을 지원한다. SKY 추천도서 210권을 수록하였고, 도서별 탐구주제 추천 및 서본결 모범사례를 제시한다. 도서별 토론주제 추천, 각 주제별 내용을 소개하고, 찬반의견 및 근거자료를 제공한다.",https://shopping-phinf.pstatic.net/main_5868450/58684506427.20260331101247.jpg, 한승배 [외]지음, 오픈스카이,2026
총류,우리집 인문학 . 1: 시,"<우리 집 인문학: 시>는 공무도하가, 하여가, 서시 등 시대를 대표하는 시 30선을 선정해, 시의 창작 배경 및 상황, 작가가 살았던 시대의 역사적 사건을 설명함으로써 작품을 더 깊이 있게 이해하고 배경지식을 넓힐 수 있도록 구성했다.",https://shopping-phinf.pstatic.net/main_5888950/58889500393.20260331094304.jpg, 윤지선 지음, 상상스퀘어,2026
총류,(2026 시나공) 컴퓨터활용능력 2급 실기 기본서,"A-Z까지 기본 탄탄, <2026 시나공 컴퓨터활용능력2급 실기 기본서>. 기출문제 분석을 통해 최신 출제 경향을 완벽하게 반영한 도서이다.",https://shopping-phinf.pstatic.net/main_5579426/55794264772.20250715073116.jpg, 길벗알앤디 [외]지음, 길벗,2024
총류,C#을 다루는 기술,"C#을 C#답게 사용하자! 200개의 예제로 실습하며 배우는 간결하고 효과적인 C# 작성법. C#의 주요 기능을 다루는 것은 물론이고, 그 내부 동작 방식을 C# 전문가인 저자만의 경험과 매력적인 통찰로 담아내 C#을 C#답게 사용하도록 돕는다.",https://shopping-phinf.pstatic.net/main_3244313/32443138989.20260331110541.jpg, 존 스킷 지음;김명신 옮김, 길벗,2021
총류,혼자 공부하는 바이브 코딩 with 클로드 코드,"코딩을 잘 모르는 독자도 대화하듯 만들고, 질문을 통해 앱을 개선하며 AI 시대의 프로그래밍 방식을 가장 쉽게 체험할 수 있게 만든 안내서다. 클로드 코드와 함께 15개의 실습 프로젝트를 완주하며 자연스럽게 개발 흐름을 익힐 수 있다.",https://shopping-phinf.pstatic.net/main_5798994/57989940683.20260407112338.jpg, 조태호 지음, 한빛미디어,2025
총류,우리집 인문학. 4: 철학,"공자, 맹자, 소크라테스, 니체 등 동서양 대표 철학자 30인을 선정해, 각 인물이 던진 질문과 핵심 사상을 따라가며 인간과 세계를 바라보는 다양한 관점을 살펴본다. 철학자의 생각이 탄생한 역사적 맥락을 함께 짚고, 오늘의 삶과 연결해 보며 철학적 사유를 자연스럽게 확장한다.",https://shopping-phinf.pstatic.net/main_5889079/58890797579.20260331114831.jpg, 박시몽 지음, 상상스퀘어,2026
총류,고전툰. 3: 환경,"정치와 경제를 거쳐, 인간과 세계의 가장 오래된 관계인 ‘자연’을 묻는다. 서로 다른 시대와 문화에서 쓰인 다섯 고전을 통해, 인간과 자연의 관계를 다양한 시선으로 조명한다. 그 과정에서 오늘의 환경위기를 단순한 실천 과제가 아닌, 다시 생각해야 할 사유의 문제로 끌어올린다.",https://shopping-phinf.pstatic.net/main_5872248/58722485121.20260331111112.jpg," 강일우,김경윤,송원석[공] 지음;뉴스툰 그림", 펜타클,2026
총류,(Win-Q) 전자계산기기능사,수험생이 짧은 시간 안에 필기시험에 합격할 수 있도록 구성되었다. 특히 한국산업인력공단의 출제기준과 과년도 기출문제를 철저히 분석하여 핵심이론을 구성하였고 기출문제에도 상세한 해설을 첨부하였다.,https://shopping-phinf.pstatic.net/main_5156973/51569736655.20241212071154.jpg, 이복자 편저, 시대에듀,2025
총류,(하루에 30개씩 한 달 PLAN)하루상식,"상식은 ‘소통’이다. 수많은 최신이슈와 시사용어, 필수 상식 중 꼭 알아두어야 하는 핵심 상식들만을 담아, 매일 분야별로 조금씩 부담 없이 공부할 수 있도록 구성하였다.",https://image.aladin.co.kr/product/18744/14/cover500/k272635178_1.jpg, 시사상식연구소 편저, 시대고시기획,2019
총류,"React.js, 스프링 부트, AWS로 배우는 웹 개발 101",스프링부트와 리액트를 이용해 애플리케이션을 구현하면서 확장 가능한 아키텍처를 구축하고 운영해 볼 수 있다.,https://image.aladin.co.kr/product/27982/41/cover500/k732734228_2.jpg, 김다정 지음, 에이콘,2021
총류,인천 교통공사,"최근 공사.공단 채용시험 기출유형을 완벽 반영하였다. 영역별 빈출 상식용어를 정리하였고, 한국사 빈출 내용 정리 및 출제예상문제를 수록하였으며, 출제가 예상되는 핵심 문제를 엄선하여 수록하였다. 또한 학습 능률을 높이는 상세한 해설을 수록하였다.",https://image.aladin.co.kr/product/10636/18/cover500/k702530943_1.jpg, 취업적성연구소 지음, 서원각,2017
총류,인천 교통공사,"최근 공사.공단 채용시험 기출유형을 완벽 반영하였다. 영역별 빈출 상식용어를 정리하였고, 한국사 빈출 내용 정리 및 출제예상문제를 수록하였으며, 출제가 예상되는 핵심 문제를 엄선하여 수록하였다. 또한 학습 능률을 높이는 상세한 해설을 수록하였다.",https://image.aladin.co.kr/product/10636/18/cover500/k702530943_1.jpg, 취업적성연구소 지음, 서원각,2017
총류,Introducing Python,,https://image.aladin.co.kr/product/19043/86/cover500/1492051365_2.jpg, by Bill Lubanovic, O'Reilly Media,2019
총류,OpenCV 4를 활용한 머신러닝 입문,"머신러닝은 경험을 통해 자동으로 개선하는 컴퓨터 알고리즘 연구이며, 인공지능의 한 분야다. 이 책에서는 분류 및 회귀와 같은 통계 학습의 핵심 개념을 간단/직관적인 예제를 통해 확인할 수 있다.",https://image.aladin.co.kr/product/25405/93/cover500/k202633017_2.jpg," 아디타 샤르마,비슈베쉬 라비 슈리말리,마이클 베이어 지음;테크 트랜스 그룹 T4 옮김", 에이콘출판,2020
총류,제주 성읍 마을,"제주의 성읍 마을을 통해 제주도의 역사, 독특한 생활 풍속과 삶의 형태 등을 보여 주는 책이다. 예전에는 정의 마을이라 불렸던 이곳 성읍 마을에는 제주시의 것과는 형태가 다른 하르방이 있고, 주택과 관청 등이 남아 있어 조선시대 제주도의 생활상을 생생히 파악할 수 있다.",https://image.aladin.co.kr/product/22/83/cover500/8936900099_2.jpg, 김영돈 지음;현을생 사진, 대원사,1999
총류,이미지 인식과 자율주행(Feat. 딥코 봇),언플러그드 활동부터 자율주행자동차까지 현직 교사들이 현장에서 직접 검증하며 만든 다양한 실습 프로젝트다. 딥코봇은 실제 자동차와 같은 조향장치로 부드럽게 주행 가능하며 다양한 도로의 데이터를 수집해 안전주행할 수 있다. bot.deepco.co.kr에서 블록코딩으로 인공지능 자율주행차를 내손으로 구현할 수 있다.,https://image.aladin.co.kr/product/32971/32/cover500/8958636378_1.jpg, DEEPCO 출판연구소 지음, UBION,2024
총류,멜랑콜리아. 3,"멜랑콜리아 3호 '치유하는 예술'에서는 치유하는 도구로서의 예술을 다룬다. 일기, 시, 에세이, 미술, 영상 등을 통해 스스로의 감정과 마음을 확인하고 치유에 이용하고 있는 사람들을 만났다.",https://image.aladin.co.kr/product/26615/87/cover500/k252739035_1.jpg, 전인수 지음, 멜랑콜리아,2021
총류,한국십진분류법;본표. 1,,/img/no_book.805feab5.png, 한국도서관협회, 한국도서관협회,2013
총류,한국십진분류법;해설서. 3,,/img/no_book.805feab5.png, 한국도서관협회, 한국도서관협회,2013
총류,TinyML Cookbook - Second Edition: Combine machine learning with microcontrollers to solve real-world problems,,https://shopping-phinf.pstatic.net/main_4456761/44567610652.20240201071516.jpg, Gian Marco Iodice 지음, Packt Publishing,2023
총류,2026 이기적 컴퓨터활용능력 1급 필기 + 실기 올인원,컴퓨터활용능력 1급 필기와 실기 수험서를 하나로 합쳐 합격할 수 있도록 준비한 <이기적 컴퓨터활용능력 1급 필기+실기 올인원> 도서가 출간되었다. 컴퓨터에 대한 기본적인 이해도가 있다면 합본 도서로 간편하고 빠르게 필기 실기 모두 합격하자.,https://shopping-phinf.pstatic.net/main_5623118/56231189447.20250813071229.jpg, 홍태성 지음;박윤정 공저, 영진.com,2025
총류,2026 이기적 컴퓨터활용능력 1급 필기 + 실기 올인원,컴퓨터활용능력 1급 필기와 실기 수험서를 하나로 합쳐 합격할 수 있도록 준비한 <이기적 컴퓨터활용능력 1급 필기+실기 올인원> 도서가 출간되었다. 컴퓨터에 대한 기본적인 이해도가 있다면 합본 도서로 간편하고 빠르게 필기 실기 모두 합격하자.,https://shopping-phinf.pstatic.net/main_5623118/56231189447.20250813071229.jpg, 홍태성 지음;박윤정 공저, 영진.com,2025
총류,요즘 당근 AI 개발,,https://shopping-phinf.pstatic.net/main_5686548/56865483265.20250923093345.jpg, 당근 팀 지음, Golden Rabbit(골든래빗),2025
총류,파이썬 한권으로 끝내기,"시험을 준비하는 누구나 기초부터 학습하고 실전까지 대비할 수 있도록 안내한다. 친절하고 상세한 설명으로 이루어진 핵심이론을 통해 기본기를 다지고, 최신 기출동형 모의고사 7회분을 풀어보며 실력을 점검할 수 있다.",https://shopping-phinf.pstatic.net/main_5368629/53686291569.20250322071221.jpg, 데싸라면;빨간색 물고기;자투리코드 [공]편저, 시대에듀(시대고시기획),2025
총류,AI 시대에 이기는 법,"인공지능이 일상을 점령하고 있는 지금, 당신은 준비되어 있는가? 『AI 시대에 이기는 법』은 단순히 AI 기술을 설명하는 책이 아니라, AI와 공존하며 경쟁우위를 확보하는 실전 전략서이다. 이 책은 AI 혁명의 핵심을 파악하고, 개인과 조직이 살아남기 위한 구체적이고 실용적인 방법론을 제시한다.",https://shopping-phinf.pstatic.net/main_5763557/57635570985.20260331094907.jpg, 김수영 지음, 포춘쿠키,2025
총류,도스토옙스키와 저녁 식사를,"숏폼의 시대, 독서율 감소는 끊임없이 회자된다. 그런데 우리는 왜 책을 읽어야 하는가? 『도스토옙스키와 저녁 식사를』은 이 질문의 답을 200년 전 러시아의 대문호, 도스토옙스키의 문장들 속에서 찾아낸다. 그가 창조한 작품 속 인물들, 그가 인간과 사회에 대해 던졌던 치열한 물음은 시대를 건너 오늘날 우리와도 밀접하게 연관되어 있기 때문이다.",https://shopping-phinf.pstatic.net/main_5820244/58202449543.20260331112413.jpg, 김영웅 지음, 바틀비,2025
총류,(SQL 초보자를 위해 친절하게 설명한) 2026 SQLD SQL 개발자,방대한 SQL 관련 이론을 SQLD 출제 경향에 맞춰 알기 쉽게 정리하였다. SQL을 처음 접하는 초심자나 비전공자가 이해하기 쉽도록 상세하게 설명했다. 다양한 SQL 예제로 무작정 외우는 공부가 아닌 이해하는 공부가 될 수 있도록 구성했다.,https://shopping-phinf.pstatic.net/main_5841360/58413603638.20260331105719.jpg, 전용문 지음;송영민 감수, 위키북스,2026
총류,(2026 이패스)AI능력시험 AICE Associate,"이론과 실습을 결합한 학습으로 AICE Associate 시험과 AI 활용 역량을 함께 키운다. 파이썬 기초부터 NumPy, Pandas, 머신러닝·딥러닝 실습까지 단계적으로 익히고 공식 샘플 문제로 시험을 대비한다.",https://shopping-phinf.pstatic.net/main_5868450/58684506455.20260331102335.jpg," 신성진,김용재 [공]저", epasskorea(이패스코리아),2026
총류,자동 독서 습관,"기존 독서 방식의 한계를 넘기 위한 방편으로 저자는 오랜 교육 현장 경험을 살려 ‘자기독서경영(Self-Directed Reading Management)’을 제안한다. ‘독서경영’과 ‘자기경영’의 통합적 확장 개념인 자기독서경영은 자신의 역량과 목표에 기반해 무엇을, 왜, 어떻게 읽을지 스스로 설계하고 실행하며, 그 결과를 삶과 업무의 변화로 연결하는 실천 방식이다.",https://shopping-phinf.pstatic.net/main_5814880/58148801912.20260331101056.jpg, 김웅식 지음, 마인드빌딩,2025
총류,안드로이드 C-C++ 프로그래밍(개정판):리눅스를 넘어 AOSP 그리고 사물인터넷으로,앞으로 기기들이 점점 더 소형화와 경량화될 것이고 그에 따라 수 많은 기능을 부여하고 자 하였을 때 참고하도록 만들어 진 책이다. 주요 리눅스 커널 버전은 비교적 최근 출시한 안드로이드 파이 버전에 맞추어진 4.14버전이다. 그러나 기능을 소개하면서 자연스럽게 최근 리눅스 커널도 소개한다.,https://image.aladin.co.kr/product/19338/26/cover500/k452635608_1.jpg, 박헌재 지음, 투에이치앤에스,2019
총류,(따라하며 익힐 수 있는)AUTODESK Fusion360 입문,,https://image.aladin.co.kr/product/29014/61/cover500/k162836527_1.jpg, 윤정필 지음, 복두,2022
총류,인천 교통공사,"최근 공사.공단 채용시험 기출유형을 완벽 반영하였다. 영역별 빈출 상식용어를 정리하였고, 한국사 빈출 내용 정리 및 출제예상문제를 수록하였으며, 출제가 예상되는 핵심 문제를 엄선하여 수록하였다. 또한 학습 능률을 높이는 상세한 해설을 수록하였다.",https://image.aladin.co.kr/product/10636/18/cover500/k702530943_1.jpg, 취업적성연구소 지음, 서원각,2017
총류,인천 교통공사,"최근 공사.공단 채용시험 기출유형을 완벽 반영하였다. 영역별 빈출 상식용어를 정리하였고, 한국사 빈출 내용 정리 및 출제예상문제를 수록하였으며, 출제가 예상되는 핵심 문제를 엄선하여 수록하였다. 또한 학습 능률을 높이는 상세한 해설을 수록하였다.",https://image.aladin.co.kr/product/10636/18/cover500/k702530943_1.jpg, 취업적성연구소 지음, 서원각,2017
총류,수치분석과 시뮬레이션 R프로그래밍,"R 언어를 쉽게 풀어서 해설하였고, R 프로그래밍을 할 때 알아야 하는 기초 지식을 살폈다. 또한 확률과 확률분포, 표집분포와 신뢰구간 등을 알아보고, R로 회귀분석하는 방법을 살펴보았다. 수치분석을 R로 프로그래밍하였다.",https://image.aladin.co.kr/product/21635/89/cover500/k682636690_1.jpg, 장상수 지음, 느린생각,2019
총류,2023 이기적 정보보안기사(산업기사) 필기. 1: 이론서,"필기 시험을 준비하는 수험생을 위한 기본서로서 다년 간의 출제 경향을 철저히 분석하여 크게 핵심 이론인 기본서와 기출문제집으로 분권하였다. Part를 따라 핵심 이론을 공부하며, 이론을 확인하는 문제로 실력을 체크할 수 있다.",https://image.aladin.co.kr/product/30966/74/cover500/8931466560_1.jpg, 임호진, 영진.com(영진닷컴),2023
총류,Blender 3D by Example,,https://image.aladin.co.kr/product/6796/19/cover500/1785285076_2.jpg," by Nicq, Pierre-Armand", Packt Publishing,2015
총류,2026 이기적 컴퓨터활용능력 1급 필기 + 실기 올인원,컴퓨터활용능력 1급 필기와 실기 수험서를 하나로 합쳐 합격할 수 있도록 준비한 <이기적 컴퓨터활용능력 1급 필기+실기 올인원> 도서가 출간되었다. 컴퓨터에 대한 기본적인 이해도가 있다면 합본 도서로 간편하고 빠르게 필기 실기 모두 합격하자.,https://shopping-phinf.pstatic.net/main_5623118/56231189447.20250813071229.jpg, 홍태성 지음;박윤정 공저, 영진.com,2025
총류,2026 이기적 컴퓨터활용능력 1급 필기 + 실기 올인원,컴퓨터활용능력 1급 필기와 실기 수험서를 하나로 합쳐 합격할 수 있도록 준비한 <이기적 컴퓨터활용능력 1급 필기+실기 올인원> 도서가 출간되었다. 컴퓨터에 대한 기본적인 이해도가 있다면 합본 도서로 간편하고 빠르게 필기 실기 모두 합격하자.,https://shopping-phinf.pstatic.net/main_5623118/56231189447.20250813071229.jpg, 홍태성 지음;박윤정 공저, 영진.com,2025
총류,2026 이기적 컴퓨터활용능력 1급 필기 + 실기 올인원,컴퓨터활용능력 1급 필기와 실기 수험서를 하나로 합쳐 합격할 수 있도록 준비한 <이기적 컴퓨터활용능력 1급 필기+실기 올인원> 도서가 출간되었다. 컴퓨터에 대한 기본적인 이해도가 있다면 합본 도서로 간편하고 빠르게 필기 실기 모두 합격하자.,https://shopping-phinf.pstatic.net/main_5623118/56231189447.20250813071229.jpg, 홍태성 지음;박윤정 공저, 영진.com,2025
총류,2026 이기적 컴퓨터활용능력 1급 필기 + 실기 올인원,컴퓨터활용능력 1급 필기와 실기 수험서를 하나로 합쳐 합격할 수 있도록 준비한 <이기적 컴퓨터활용능력 1급 필기+실기 올인원> 도서가 출간되었다. 컴퓨터에 대한 기본적인 이해도가 있다면 합본 도서로 간편하고 빠르게 필기 실기 모두 합격하자.,https://shopping-phinf.pstatic.net/main_5623118/56231189447.20250813071229.jpg, 홍태성 지음;박윤정 공저, 영진.com,2025
총류,"돈 되는 AI, 어디서부터 무엇을 어떻게 해야 할까",수십 년간 글로벌 기업과 공공기관의 기술 컨설팅을 맡아온 국내 최고의 AIㆍ빅데이터 전문가인 저자는 최신 기술 동향과 자신이 직접 현장에서 느낀 실제 사례를 엮어 경영자와 실무자 모두가 AI를 올바르게 활용할 수 있는 방안을 정리해서 제시한다.,https://shopping-phinf.pstatic.net/main_5677954/56779545850.20250918101439.jpg, 장동인 지음, 리코멘드,2025
총류,2023 정보 보안 1000제,"이번 개정판은 기존 도서보다 약 1.5배 많은 수의 문제와 해설을 담았다. 이 책에 실린 문제는 모두 새로운 문제들로, 시중에서 볼 수 있는 문제는 최대한 배제했으며 국내 자격 시험뿐 아니라 해외 자격 시험도 단단하게 준비할 수 있도록 문제를 엮었다.",https://image.aladin.co.kr/product/31382/16/cover500/8965403561_2.jpg," 김정재,곽동훈", 프리렉,2023
총류,한국의 춤,모든 예술은 인간과 사회의 관계 속에서 사회적인 배경을 바탕으로 이룩된다. 특히 우리의 감정과 시대상을 잘 나타내는 무용 예술은 예로부터 우리 삶과 함께 생겨나 발전해 왔다. 이 책은 부족국가시대부터 오늘에 이르기까지 한국 춤이 어떠한 배경에서 생겨나 어떻게 발전되고 어떤 종류의 춤으로 나타났는지 춤의 특성과 모든 것을 사진과 함께 보여 준다.,https://image.aladin.co.kr/product/16/28/cover500/8936900129_3.jpg, 김매자 지음;조대형 사진, 대원사,2003
총류,파이썬과 함께하는 RPA,,/img/no_book.805feab5.png, 소혜민, 부크크(Bookk),2024
총류,자바 스프링 부트 프로젝트와 파이썬 AI 프로젝트 연결하기,,/img/no_book.805feab5.png, 허진경, 부크크(Bookk),2024
총류,Bare Metal C: Embedded Programming for the Real World,,https://shopping-phinf.pstatic.net/main_3358191/33581915628.20220719201906.jpg, Stephen Oualline 지음, No Starch Press,2022
총류,RESTful API 서버 구현,"최근에 유행하는 다양한 프런트 엔드 기술을 서포트하기 위해서 만들어진 책이다. React나 Vue.js, Android, iOS와 같이 별도의 애플리케이션을 제작하기 위해서는 데이터를 제공하는 API 서버의 존재는 필수적이고 이를 어떻게 만들어야 하는지에 대한 고민의 결과다.",https://shopping-phinf.pstatic.net/main_4853151/48531510625.20240619092425.jpg, 구멍가게 코딩단 지음, 남가람북스,2024
총류,발자취 DIAT 워드프로세서 한글 2022,"“발빠르게 자격증을 취득한다!”라는 슬로건을 가진 ‘발자취 DIAT’는 최신 출제유형이 100% 반영된 수험서로, 변경된 시험을 완벽하게 준비할 수 있다. 과년도 기출 문제 분석을 바탕으로 실전에서 꼭 필요한 꿀팁과 다양한 실습 예제를 제공하며, 최신 기출문제가 수록되어 있다.",https://shopping-phinf.pstatic.net/main_5172152/51721529624.20241206071118.jpg, 마린북스 수험서개발팀 지음, 마린북스,2024
총류,스프링 부트 3 핵심 가이드,"스프링 부트 기반의 애플리케이션을 개발할 때 필요한 기초 이론을 소개하고, 스프링 부트를 이해할 수 있게 동작 원리를 상세히 설명한다. 또한 '스프링 부트'다운 코드를 작성하는 방법에 초점을 맞춰 스프링 부트에서 제공하는 편의 기능들을 최대한 활용하고, API 설계에서 보안까지 실무에서 스프링 부트 기반의 애플리케이션을 설계하고 구현하는 방법을 종합적으로 안내한다.",https://shopping-phinf.pstatic.net/main_5366961/53669610639.20250321092815.jpg, 장정우 지음, 위키북스,2025
총류,요즘 우아한 AI 개발,,https://dls2.edunet.net/DLS/api/homepage/holding/getCoverImage.do?prov_code=E10&neis_code=E100000276&bib_key=34206542869, 우아한형제들 지음, 골든래빗,2025
총류,(2026) 이기적 리눅스마스터 2급 (1·2차),"리눅스마스터 2급 대비 핵심이론과 출제 유형을 한 권에 정리한 수험서다. 단원별 예상문제와 최신기출 5회분으로 실전까지 대비하고, 무료 강의·합격자료집·CBT 문제집을 제공해 단기간 완성이 가능하다.",https://shopping-phinf.pstatic.net/main_5810332/58103328403.20260331120616.jpg, 권소라 지음, 영진.com(영진닷컴),2026
총류,(맛있는 디자인)피그마 with AI,"피그마를 기능 나열이 아닌 실습 중심으로 익히는 입문서다. 파운데이션 설계부터 컴포넌트, 베리어블 Variables, 반응형과 모드 적용, AI 기능까지 최신 버전에 맞춰 정리했다. 3단계 학습법으로 디자인 시스템 구축까지 완성한다.",https://shopping-phinf.pstatic.net/main_5898531/58985316373.20260331101609.jpg, 이영주 지음, 한빛미디어,2026
총류,(2026 이패스)AI능력시험 AICE Associate,"이론과 실습을 결합한 학습으로 AICE Associate 시험과 AI 활용 역량을 함께 키운다. 파이썬 기초부터 NumPy, Pandas, 머신러닝·딥러닝 실습까지 단계적으로 익히고 공식 샘플 문제로 시험을 대비한다.",https://shopping-phinf.pstatic.net/main_5868450/58684506455.20260331102335.jpg," 신성진,김용재 [공]저", epasskorea(이패스코리아),2026
총류,(합격잡는)ITQ 엑셀2010,"최신 출제 유형을 바탕으로 문제 유형을 분석하였다. 따라하기 식으로 작업별 문제를 구석구석 살펴보기 때문에 쉽고 빠르게 문제 유형을 익힐 수 있다. 또한, 각 Chapter(장)별로 [기본 다듬기] 및 [유형 익히기] 문제를 수록하여 주요 기능들을 복습 할 수 있다.",https://image.aladin.co.kr/product/21505/92/cover500/k952636197_1.jpg, 이용희 지음, 시대고시기획,2019
총류,국산캐드 캐디안(CADian),,https://image.aladin.co.kr/product/21423/88/cover500/k462636990_1.jpg, 최영석 지음, 유니크,2019
총류,비판적 상상력을 위하여 : 녹색평론 서문집,,/img/no_book.805feab5.png, 김종철 지음, 녹색평론사,2008
총류,MagicMirror HowTo,,https://image.aladin.co.kr/product/25371/89/cover500/k162633717_1.jpg, 소혜민 지음, 부크크,2020
총류,제주 성읍 마을,"제주의 성읍 마을을 통해 제주도의 역사, 독특한 생활 풍속과 삶의 형태 등을 보여 주는 책이다. 예전에는 정의 마을이라 불렸던 이곳 성읍 마을에는 제주시의 것과는 형태가 다른 하르방이 있고, 주택과 관청 등이 남아 있어 조선시대 제주도의 생활상을 생생히 파악할 수 있다.",https://image.aladin.co.kr/product/22/83/cover500/8936900099_2.jpg, 김영돈 지음;현을생 사진, 대원사,1999
총류,한국의 춤,모든 예술은 인간과 사회의 관계 속에서 사회적인 배경을 바탕으로 이룩된다. 특히 우리의 감정과 시대상을 잘 나타내는 무용 예술은 예로부터 우리 삶과 함께 생겨나 발전해 왔다. 이 책은 부족국가시대부터 오늘에 이르기까지 한국 춤이 어떠한 배경에서 생겨나 어떻게 발전되고 어떤 종류의 춤으로 나타났는지 춤의 특성과 모든 것을 사진과 함께 보여 준다.,https://image.aladin.co.kr/product/16/28/cover500/8936900129_3.jpg, 김매자 지음;조대형 사진, 대원사,2003
총류,(2026 최신판 에듀윌 취업)기출 금융경제 상식,"최근 5개년 은행·금융공기업 채용 필기시험의 상식 기출 키워드를 완벽 분석하여 2025년 신규출제 키워드 100선을 포함한 핵심 키워드 800개를 엄선하였다. 키워드 별 상세설명과 간결한 한 줄 설명으로 학습 방향, 기간에 맞는 전략적 학습이 가능하다.",https://shopping-phinf.pstatic.net/main_5624374/56243749203.20250814071613.jpg, 에듀윌 상식연구소 지음, 에듀윌,2025
총류,2026 이기적 컴퓨터활용능력 1급 필기 + 실기 올인원,컴퓨터활용능력 1급 필기와 실기 수험서를 하나로 합쳐 합격할 수 있도록 준비한 <이기적 컴퓨터활용능력 1급 필기+실기 올인원> 도서가 출간되었다. 컴퓨터에 대한 기본적인 이해도가 있다면 합본 도서로 간편하고 빠르게 필기 실기 모두 합격하자.,https://shopping-phinf.pstatic.net/main_5623118/56231189447.20250813071229.jpg, 홍태성 지음;박윤정 공저, 영진.com,2025
총류,2026 이기적 컴퓨터활용능력 1급 필기 + 실기 올인원,컴퓨터활용능력 1급 필기와 실기 수험서를 하나로 합쳐 합격할 수 있도록 준비한 <이기적 컴퓨터활용능력 1급 필기+실기 올인원> 도서가 출간되었다. 컴퓨터에 대한 기본적인 이해도가 있다면 합본 도서로 간편하고 빠르게 필기 실기 모두 합격하자.,https://shopping-phinf.pstatic.net/main_5623118/56231189447.20250813071229.jpg, 홍태성 지음;박윤정 공저, 영진.com,2025
총류,2026 이기적 컴퓨터활용능력 1급 필기 + 실기 올인원,컴퓨터활용능력 1급 필기와 실기 수험서를 하나로 합쳐 합격할 수 있도록 준비한 <이기적 컴퓨터활용능력 1급 필기+실기 올인원> 도서가 출간되었다. 컴퓨터에 대한 기본적인 이해도가 있다면 합본 도서로 간편하고 빠르게 필기 실기 모두 합격하자.,https://shopping-phinf.pstatic.net/main_5623118/56231189447.20250813071229.jpg, 홍태성 지음;박윤정 공저, 영진.com,2025
총류,2026 이기적 컴퓨터활용능력 1급 필기 + 실기 올인원,컴퓨터활용능력 1급 필기와 실기 수험서를 하나로 합쳐 합격할 수 있도록 준비한 <이기적 컴퓨터활용능력 1급 필기+실기 올인원> 도서가 출간되었다. 컴퓨터에 대한 기본적인 이해도가 있다면 합본 도서로 간편하고 빠르게 필기 실기 모두 합격하자.,https://shopping-phinf.pstatic.net/main_5623118/56231189447.20250813071229.jpg, 홍태성 지음;박윤정 공저, 영진.com,2025
총류,AI 내부자들,"MIT·스탠퍼드·구글 딥마인드·엔비디아·업스테이지 등 AI 최전선의 내부자들이 쓴 책이다. 로봇·의학·신약·재료공학 등 과학계 혁명은 물론, 창의력을 대표하는 음악과 글쓰기, 비즈니스까지 AI와 함께 만들어 가는 혁신을 한눈에 보여준다. AI와 공존할 우리의 미래를 가장 신빙성 있고 설득력 있게 보여줄 것이다.",https://shopping-phinf.pstatic.net/main_5665317/56653173272.20250913071041.jpg, 안건 [외]지음, 스마트북스,2025
총류,고성능 임베디드 시스템 설계,"최신 기술의 디바이스를 설계하기 위해 고성능 임베디드 시스템 개발 과정 및 FPGA를 이용한 펌웨어 개발을 설명한다. 세 파트에서 각각 임베디드 시스템과 FPGA 개념 소개, FPGA 기능, 고성능 회로 설계, 펌웨어 개발 및 테스트를 자세히 설명한다.",https://image.aladin.co.kr/product/30103/38/cover500/k362839788_2.jpg, 짐 레딘 지음;정병혁;곽종원 옮김, 에이콘,2022
총류,스마트폰 활용 교육 전문가들을 위한 책 길라잡이,스마트폰을 제대로 사용하고 싶으신 분들에게 친절한 길라잡이 역할을 하는 데 도움을 줄 수 있으며 가족 및 세대 간의 소통을 원활히 하시는데도 많은 도움을 줄 것이다.,https://image.aladin.co.kr/product/26761/76/cover500/k862730481_1.jpg, 이종구 외 지음, 에스엔에스소통연구소,2021
총류,오후 2시의 박물관,<박물관이 나에게 말을 걸었다>의 저자 성혜영이 박물관을 통한 일상 치유법에 대해 이야기한다. 저자는 유물이 언제 어떻게 무엇으로 만들어졌는지 등의 정보들을 읽어내는 식의 관람이 아니라 유물이 들려주는 삶의 이야기를 통해 나 자신과 일상을 돌아보고 그 의미를 되새겨보는 새로운 방식의 '박물관으로 떠나는 마음 여행'을 제안한다.,https://image.aladin.co.kr/product/603/58/cover500/8946417676_1.jpg, 성혜영 지음, 샘터,2010
총류,(스마트한 Mbed로 시작하는)Cortex-M 프로그래밍,"Mbed OS의 배경과 기본적인 API 함수의 기능과 활용에 대하여 학습하여 기초를 다지며, 임베디드 시스템을 구현하는 데 필수적인 통신에 대하여 학습한다. 그 중요성에 비하여 자세하게 학습하지 못한 통신 분야인 UART, I2C 그리고 SPI 통신에 대하여 학습한다.",https://image.aladin.co.kr/product/24248/92/cover500/k662630368_1.jpg, 박희재 지음, 인피니티북스,2020
총류,인사이드 요점상식 1000제,"채용 시험에 출제되는 상식을 집요하게 파헤친 교재다. 기초상식, 최신상식 문제로 구성한 고효율 대비서로, 단원별로 다양한 기출문제와 예상문제를 수록하였다. 대기업, 공기업, 언론사 등 핵심기출 상식을 복원하여 실었다.",https://image.aladin.co.kr/product/31136/37/cover500/k362831048_2.jpg, 시사상식연구회 지음, 시스텀(Siscom),2023
총류,리눅스 운영체제 실습,"리눅스 운영체제를 다루는 실습 교재다. 최근에 가장 많이 사용하는 Ubuntu Linux 배포판의 최신 버전인 22.04버전을 사용하였다. IT관련학과 1, 2학년 정도의 학생을 대상으로 집필되어, 학생들의 눈높이에 맞는 난이도와 한 학기 진도에 적합하도록 학습 내용을 선정하고 정리했다.",https://image.aladin.co.kr/product/31421/37/cover500/8963564053_1.jpg, 이인선 저, 에듀컨텐츠·휴피아,2023
총류,한국십진분류법;상관색인. 2,,/img/no_book.805feab5.png, 한국도서관협회, 한국도서관협회,2013
총류,파이썬 아키텍처 패턴,"파이썬 언어를 사용한 확장성, 적응성, 모범 사례를 강조하면서 대규모 소프트웨어 시스템을 설계하고 유지 관리하기 위한 포괄적인 가이드를 제공하는 책이다. 소프트웨어 아키텍처, API 디자인, 데이터 모델링, 12가지 요소 앱 방법론을 포함한 필수 주제를 다룬다.",https://shopping-phinf.pstatic.net/main_4980035/49800356696.20240816071321.jpg, 제이미 부엘타 지음;김용환;박지현 [공]옮김, 에이콘,2024
총류,스프링 부트 3.0 3/e,"스프링 부트 3에 대한 포괄적인 가이드로, 초보자부터 숙련된 개발자까지 모든 수준의 독자들이 활용할 수 있도록 구성돼 있다. 복잡한 인프라 설정을 피하고 효율적인 개발 방법에 초점을 맞춰 웹 애플리케이션 개발의 기초부터 고급 주제까지 다룬다.",https://shopping-phinf.pstatic.net/main_4979889/49798898624.20240816071301.jpg, 그렉 턴키스트 지음;김진웅 옮김, 에이콘,2024
총류,고성능 임베디드 시스템 설계,"최신 기술의 디바이스를 설계하기 위해 고성능 임베디드 시스템 개발 과정 및 FPGA를 이용한 펌웨어 개발을 설명한다. 세 파트에서 각각 임베디드 시스템과 FPGA 개념 소개, FPGA 기능, 고성능 회로 설계, 펌웨어 개발 및 테스트를 자세히 설명한다.",https://image.aladin.co.kr/product/30103/38/cover500/k362839788_2.jpg, 짐 레딘 지음;정병혁;곽종원 옮김, 에이콘,2022
총류,십현담 주해,한용운의 『십현담 주해』는 그가 1925년 여름 설악산 오세암에서 우연히 15세기의 김시습의 『십현담 요해』를 읽었던 일이 계기가 되어 쓴 책이다.,https://shopping-phinf.pstatic.net/main_5397463/53974636264.20250409073215.jpg, 한용운 지음;서준섭 옮김, 어의운하,2023
총류,다양한 프로젝트로 끝장내는 파이토치 딥러닝,"초심자가 딥러닝을 쉽게 시작할 수 있도록 단순히 이론을 나열하는 것에 그치지 않고, 프로젝트를 통해 이론을 실제로 구현하고 실습할 수 있도록 구성했다.",https://dls2.edunet.net/DLS/api/homepage/holding/getCoverImage.do?prov_code=E10&neis_code=E100000276&bib_key=34206306896, 신은섭 지음, 위즈앤북,2024
총류,(비전공자도 이해할 수 있는)챗GPT,,https://dls2.edunet.net/DLS/api/homepage/holding/getCoverImage.do?prov_code=E10&neis_code=E100000276&bib_key=34206618628, 박상길 지음;정진호 그림, 비즈니스북스,2025
총류,AI 에이전트 생태계,,https://shopping-phinf.pstatic.net/main_5585054/55850544948.20250722084223.jpg, 조쉬 지음, 로드북,2025
총류,Do it! Node.js 프로그래밍,,/img/no_book.805feab5.png, 정재곤 지음, 이지스퍼블리싱,2017
총류,(2026) 이기적 리눅스마스터 2급 (1·2차),"리눅스마스터 2급 대비 핵심이론과 출제 유형을 한 권에 정리한 수험서다. 단원별 예상문제와 최신기출 5회분으로 실전까지 대비하고, 무료 강의·합격자료집·CBT 문제집을 제공해 단기간 완성이 가능하다.",https://shopping-phinf.pstatic.net/main_5810332/58103328403.20260331120616.jpg, 권소라 지음, 영진.com(영진닷컴),2026
총류,(가볍게! 빠르게! 한눈에 보는)시사용어사전 1262,"현대 사회에서 자주 등장하는 시사용어를 폭넓게 선별해 쉽고 체계적으로 정리한 책이다. 자가진단 TEST, 분야별 핵심 용어, 퀴즈와 십자말풀이, 인덱스까지 담아 학습과 점검에 활용할 수 있다.",https://shopping-phinf.pstatic.net/main_5928845/59288453193.20260319071351.jpg, 상식연구소 지음, 서원각,2026
총류,(Win-Q) 전자계산기기능사,수험생이 짧은 시간 안에 필기시험에 합격할 수 있도록 구성되었다. 특히 한국산업인력공단의 출제기준과 과년도 기출문제를 철저히 분석하여 핵심이론을 구성하였고 기출문제에도 상세한 해설을 첨부하였다.,https://shopping-phinf.pstatic.net/main_5156973/51569736655.20241212071154.jpg, 이복자 편저, 시대에듀,2025
총류,(데이터분석 초보도 4주만에 합격하는) 이패스 AI 능력시험 AICE associate,"AICE Associate 자격증 시험 대비 문제집이다. 정형화된 14개 유형을 중심으로 핵심역량, 예측문제, 학습전략, 대표 예제코드를 정리하고 실제 시험과 동일한 유형으로 구성된 10회차 최종 모의고사를 수록해 실전 적응력을 높이도록 구성했다.",https://shopping-phinf.pstatic.net/main_5919071/59190716075.20260331112833.jpg," 신성진,김용재 저", Epasskorea(이패스코리아),2026