book_type,book_name,book_desc,book_img_link,author,publisher,published_y
역사,(한국 근대 기업의 선구자)수당 김연수,,https://image.aladin.co.kr/product/451/25/cover500/8970651926_1.jpg, 유영수 지음, 홍익출판사,2009
역사,고전 소설 속 역사여행,,https://image.aladin.co.kr/product/37/20/cover500/8971991496_1.jpg, 신병주;노대환 지음, 돌베개,2007
역사,강대국의 흥망,,https://image.aladin.co.kr/product/24/68/cover500/8947520233_3.jpg, 폴 케네디 지음;이일주 옮김, 韓國經濟新聞社,2009
역사,강대국의 흥망,,https://image.aladin.co.kr/product/24/68/cover500/8947520233_3.jpg, 폴 케네디 지음;이일주 옮김, 韓國經濟新聞社,2009
역사,태일이. 5: 불꽃이 되어,"고 조영래 변호사가 쓴 <전태일 평전> 과 전태일 수기 모음집인 <내 죽음을 헛되이 말라>에 기초하여 전태일의 삶을 만화로 살려 내었다. 5권에서는 방황하던 태일이 다시 평화시장으로 돌아와 평화시장의 열악한 노동 조건, 세상의 무관심과 싸우는 이야기가 펼쳐진다.",https://image.aladin.co.kr/product/331/82/cover500/8971993278_1.jpg, 박태옥 지음;최호철 그림, 돌베개,2009
역사,(영국화가 엘리자베스 키스의)코리아 1920~1940,1919년 3월 28일. 3.1운동이 일어난 지 채 한 달도 안 된 조선은 어떤 모습이었을까. 그리고 그 이후 1940년대까지 암울했던 식민지 조선의 사람들은 어떤 모습으로 어떻게 살고 있었을까. 한국을 사랑한 영국인 화가 엘리자베스 키스가 1920~1940년대 한국인들의 모습과 일상을 그림으로 표현했다.,https://image.aladin.co.kr/product/62/16/cover500/8991221149_1.jpg, 엘리자베스 키스;엘스펫 K. 로버트슨 스콧 지음;송영달 옮김, 책과함께,2008
역사,서울은 깊다,한국 근현대사를 전공하고 서울학연구소에서 10년 이상 서울사史 관련 연구를 해온 전우용이 서울에 대한 종합적인 종합적인 해설과 비평을 시도한다. 서울의 과거와 현재를 탐색하며 다양한 의미와 사연들을 들춘다. 200여 컷의 사진자료를 함께 담았다.,https://image.aladin.co.kr/product/212/76/cover500/897199309x_1.jpg, 전우용 지음, 돌베개,2009
역사,고전소설 속 역사기행,", , 등 한국인이라면 누구나 알고 있는 고전 소설을 통해 조선시대 사람들의 삶과 역사를 들여다본 대중 역사서이다. '조선시대 사람들은 과연 소설처럼 살았을까'라는 호기심을 바탕으로 고전 소설 속에서 역사의 한 단면을 끄집어내 살아 있는 역사 이야기로 재구성했다. 2002년 출판된 책의 개정 증보판이다.",https://image.aladin.co.kr/product/57/18/cover500/8971992166_1.jpg, 신병주;노대환 지음, 돌베개,2011
역사,동방견문록,"시리즈의 두 번째 권은 마르크 폴로의 . 마르코 풀로가 아버지를 따라 동방으로 떠난 25년 동안 중국 대륙과 인도를 여행한 기록이다. 13세기 유럽인의 눈에 비친 '동방'의 풍습, 문화, 종교 등의 다양한 면모를 읽을 수 있다.",https://image.aladin.co.kr/product/53/20/cover500/8974832410_1.jpg, 마르코 폴로;루스티켈로 [공]지음;배진영 엮어옮김, 서해문집,2011
역사,조선시대 사람들은 어떻게 살았을까. 2: 정치·문화생활 이야기,"조선시대 사람살이의 구체적인 생활 모습을 보여주는 책이다. 지배층만의 역사가 아닌 당시 사회 구성원 전체의 역사, 딱닥한 제도의 틀에 갇히지 않고 삶의 실상을 알려주는 역사를 전해준다. 1996년 출간되었던 책의 개정판으로 정치, 문화 생활 편이다.",https://image.aladin.co.kr/product/13/21/cover500/8972783870_2.jpg, 한국역사연구회 지음, 청년사,2011
역사,(청소년을 위한)한국사,"사건나열식으로 이루어진 국사교과서의 기술방법에서 벗어나 한국사를 인과적인 서술로 구성했다. 청소년의 눈높이에 맞춰 너무 어려운 어휘라든지 개념들을 피하고, 또는 흥미성에 치중한 나머지 지나치게 주변적인 이야기에 머물거나 역사를 왜곡하는 일이 없도록 균형을 잡으려는 노력을 했다.",https://image.aladin.co.kr/product/19/45/cover500/8977151376_2.jpg, 백유선;신부식;임태경 지음;김영민 그림, 두리미디어,2012
역사,(콤플렉스의 나라)일본,"일본에서의 경험이 쌓여 갈수록 일본이라는 사회가 자신이 기대했던 선진국에 못 미치는 점이 너무 많다는 사실을 느낀 지은이는 이 책을 통해 일본에 대한 좀 더 객관적인 이해의 틀을 제공하고자 한다. 즉 예의, 친절, 청결, 검소 등 자주 이야기되는 일본의 덕목들이 사실은 덕목이 아니라 단점일 수 있다는 사실을 깨닫게 되었다고.",https://image.aladin.co.kr/product/29/23/cover500/8932460728_1.gif, 김영명 지음, 을유문화사,2001
역사,십자군 이야기. 3,"<로마인 이야기>의 작가 시오노 나나미의 십자군 이야기 완결편. 십자군 전쟁에서 역사가들은 광기와 사망자 숫자, 증오와 원한에 찬 비극의 기원을 발견하지만, 시오노 나나미는 인간의 욕망과 의지가 만들어낸 장대한 드라마를 발견하고, 그 빛과 어둠 속에서 매혹적인 인간 군상의 스토리를 압도적으로 그려낸다.",https://image.aladin.co.kr/product/1648/47/cover500/8954615228_1.jpg, 시오노 나나미 지음;송태욱 옮김, 문학동네,2012
역사,특강,"한홍구 교수의 한국 현대사 강의를 엮은 책이다. 저자는 우리의 눈앞에서 벌어지고 있는 사건과 쟁점을 주제 삼아 2008년 10월부터 12월까지 여덟 번에 걸쳐 '대한민국사 특강'을 했다. 이 강의를 가로지르는 문제의식과 원칙은 간단했다. 한홍구 교수가 보기에 지금 역사를 되돌리려는 자들은 있었던 것을 없었다 하고, 없었던 것을 있었다 하는 소망으로서의 역사를 가르치려한다는 것이다.",https://image.aladin.co.kr/product/355/25/cover500/8984313238_1.jpg, 한홍구 지음, 한겨레,2012
역사,정약용과 그의 형제들. 1: 새시대를 열어간 사람들,"지배권력의 공격 속에서 좌초된 꿈을 학문으로 승화시킨 정약용, 박해로 점철된 삶을 민중과 자연에 대한 사랑으로 승화시킨 생태학자 정약전, 한국 천주교사에 길이 남을 교리연구자이자 신념의 순교자였던 정약종. 그들 삶의 방식은 판이하게 달랐으나, 삶이 물어오는 질문들에 답하는 태도는 한결 같았다.",https://image.aladin.co.kr/product/48/89/cover500/8934914505_1.gif, 이덕일 지음, 김영사,2012
역사,역사의 쓸모,"수백 년 전 이야기로 오늘의 고민을 해결하는 방법을 알려주는 세상에서 가장 실용적인 역사 사용 설명로, 역사가 외워야 할 것이 많은 골치 아픈 과목이 아니라 우리 삶의 방향을 제시해주는 안내서라고 말한다.",https://image.aladin.co.kr/product/19433/93/cover500/k152635416_2.jpg, 최태성 지음, 다산초당,2019
역사,대한민국史. 1: 단군에서 김두한까지,지은이는 구호 속의 '대한민국'이 아니라 진정한 대한민국으로 거듭나려면 '편향을 거부하는 눈'으로 역사를 읽어야 한다며 보수와 진보 어느 쪽으로도 기울지 않는 시각을 보여주고 있다.,https://image.aladin.co.kr/product/40/10/cover500/8984310859_2.jpg, 한홍구 지음, 한겨레신문사,2010
역사,대한민국史. 2: 아리랑 김산에서 월남 김상사까지,"대한민국사 1권을 통해 재치있는 입담으로 소설보다 재미있는 역사, 영화보다 짜릿한 역사를 선보였던 한홍구 교수가 이번에는 '전쟁과 평화'를 화두로 를 펴냈다.",https://image.aladin.co.kr/product/42/8/cover500/8984310972_1.gif, 한홍구 지음, 한겨레신문사,2011
역사,대한민국史. 2: 아리랑 김산에서 월남 김상사까지,"대한민국사 1권을 통해 재치있는 입담으로 소설보다 재미있는 역사, 영화보다 짜릿한 역사를 선보였던 한홍구 교수가 이번에는 '전쟁과 평화'를 화두로 를 펴냈다.",https://image.aladin.co.kr/product/42/8/cover500/8984310972_1.gif, 한홍구 지음, 한겨레신문사,2011
역사,100인의 인물로 본 우리역사,삼국시대부터 현대에 이르기까지 100인의 인물을 중심으로 우리 역사를 조망했다. 저자가 그동안 수년에 걸쳐 우리 역사의 중요한 인물들의 삶의 궤적을 추적하여 언론에 기고하거나 SNS 등에 쓴 글들을 새롭게 종합 정리했다.,https://image.aladin.co.kr/product/27521/72/cover500/k962733293_1.jpg, 서정욱 지음, 글통,2022
역사,100인의 인물로 본 우리역사,삼국시대부터 현대에 이르기까지 100인의 인물을 중심으로 우리 역사를 조망했다. 저자가 그동안 수년에 걸쳐 우리 역사의 중요한 인물들의 삶의 궤적을 추적하여 언론에 기고하거나 SNS 등에 쓴 글들을 새롭게 종합 정리했다.,https://image.aladin.co.kr/product/27521/72/cover500/k962733293_1.jpg, 서정욱 지음, 글통,2022
역사,정약용과 그의 형제들. 1: 새 시대를 열어간 사람들,"지배권력의 공격 속에서 좌초된 꿈을 학문으로 승화시킨 정약용, 박해로 점철된 삶을 민중과 자연에 대한 사랑으로 승화시킨 생태학자 정약전, 한국 천주교사에 길이 남을 교리연구자이자 신념의 순교자였던 정약종. 그들 삶의 방식은 판이하게 달랐으나, 삶이 물어오는 질문들에 답하는 태도는 한결 같았다.",https://image.aladin.co.kr/product/48/89/cover500/8934914505_1.gif, 이덕일 지음, 김영사,2007
역사,이산 정조대왕,"18세기는 조선의 마지막 불꽃을 태운 시기였다. 그리고 그 드라마틱한 현장의 중심에는 정조가 있었다. , 를 지었던 이상각씨는 이 책에서 조선 역사상 역동적인 시대에 드라마틱하게 살다간 정조대왕을 전면적으로 재구성한다.",https://image.aladin.co.kr/product/94/6/cover500/8992355084_1.jpg, 이상각 지음, 추수밭,2007
역사,사흘만 볼 수 있다면,"널리 알려진 헬렌 켈러의 자서전 <The Story of my Life>와 그녀가 50대에 남긴 에세이 <Three Days to See>를 묶은 책이다. 그동안 발췌 축약된 아동용이나, 완전하게 번역되지 않은 책으로만 소개된 헬렌 켈러의 자전적인 글을 완역했다.",https://image.aladin.co.kr/product/55/94/cover500/8989763517_1.jpg, 헬렌 켈러 지음;이창식, 산해,2007
역사,한국 현대사 산책:1950년대편. 2,"지은이는 6.25 전쟁을 유혈적인 참극이라는 점 외에도, 수천 년 동안 내려온 신분제와 그에 따른 도덕체계를 붕괴시킨 전쟁이며 생존이라는 몸부림 앞에 갖가지 부정부패와 '빽' 과 연줄을 만들고 합리화시켰던 전쟁이라는 다각적인 시각으로 바라보며 이로부터 한국사회를 이해하는 실마리를 찾는다.",https://image.aladin.co.kr/product/50/46/cover500/8988410947_1.jpg, 강준만 지음, 인물과사상사,2007
역사,한국 현대사 산책:1960년대편. 3,1940년대부터 1980년대까지의 한국 현대사를 10년 단위로 나눠 조망한 '한국 현대사 산책' 시리즈의 1960년대 편. '기회주의'를 한국인의 삶을 지배해 온 가장 강력한 이데올로기로 지적하며 이를 통해 한국 사회를 바라보는 새로운 시각을 제시한다.,https://image.aladin.co.kr/product/51/80/cover500/8959060003_1.jpg, 강준만 지음, 인물과사상사,2007
역사,한국 현대사 산책:1980년대편. 4,1980년 5월 계엄령 선포와 신군부의 광주학살로 그 비극적인 시작을 알린 80년대. 5공은 규제 철폐와 통제가 반복되는 이중적인 대중문화 정책을 펴며 국민들을 압박하였다. 1987년의 6월 항쟁과 5공이 '전가의 보도'처럼 애용했던 1988년의 서울올림픽 등 80년대의 굵직한 사건들이 시간순으로 긴박하게 펼쳐진다.,https://image.aladin.co.kr/product/41/41/cover500/8988410769_1.jpg, 강준만 지음, 인물과사상사,2007
역사,한국 현대사 산책:1990년대편. 2,"한국 현대사를 시대별로 입체적으로 조명한 강준만의 한국 현대사 산책 시리즈의 1990년대편. 3당 합당, 김영삼과 김대중 정부, IMF 구제금융체제, 스타벅스의 한국 진출 등 당대의 중대한 사건들을 살펴보며 우리 시대를 규정한 코드들을 명쾌하게 제시한다.",https://image.aladin.co.kr/product/66/71/cover500/895906033x_1.jpg, 강준만 지음, 인물과사상사,2007
역사,중국 100배 즐기기,"여행을 떠나고 싶은 마음은 굴뚝같지만 무엇부터 준비해야 좋을지, 어디를 가야 좋을지 모르는 여행자의 고민을 한 번에 해결해주는 책으로, 중국의 4개 시 22개 성 3개 자치구의 94개 도시를 체계적이고 상세하게 소개하고 있다.",https://image.aladin.co.kr/product/3564/55/cover500/8925551160_1.jpg, 전명윤;김영남 [공]지음, RHK(알에이치코리아),2014
역사,규장각 그 역사와 문화의 재발견,,https://image.aladin.co.kr/product/447/89/cover500/8952110544_1.jpg, 김문식 외 지음, 서울대학교 출판문화원,2009
역사,100인의 인물로 본 우리역사,삼국시대부터 현대에 이르기까지 100인의 인물을 중심으로 우리 역사를 조망했다. 저자가 그동안 수년에 걸쳐 우리 역사의 중요한 인물들의 삶의 궤적을 추적하여 언론에 기고하거나 SNS 등에 쓴 글들을 새롭게 종합 정리했다.,https://image.aladin.co.kr/product/27521/72/cover500/k962733293_1.jpg, 서정욱 지음, 글통,2022
역사,"나의 문화유산답사기 일본편. 3: 교토의 역사, 오늘의 교토는 이렇게 만들어졌다",<나의 문화유산답사기> 일본편. 3권에서는 교토 각지에 흩어진 유물과 유적을 일본 역사의 흐름에 따라 소개하고 있으며 특히 고대와 중세에 걸쳐 한반도에서 건너간 도래인의 흔적을 통해 한일관계의 문화사적 복원과 회복에 주력한다.,https://image.aladin.co.kr/product/4005/60/cover500/8936472437_2.jpg, 유홍준 지음, 창비,2014
역사,본격 제2차 세계대전만화. 2,"2007년, 흔히 '오타쿠'의 집합소로 일컬어지는 디시인사이드(www.dcinside.com)와 이글루스(www.egloos.com)에서 정식 연재되지 않은 웹툰 한 편이 파란을 일으켰다. '굽시니스트'라는 생소한 닉네임의 작가는 전공도다운 박학다식함으로 역사만화와 기발한 센스가 넘치는 개그만화를 적절히 혼합한 웹툰을 선보였다.",https://image.aladin.co.kr/product/261/25/cover500/8959192155_1.jpg, 굽시니스트 지음, 애니북스,2011
역사,징비록,"한국고전 기록문학 시리즈. 7년여에 걸친 전란 동안 조선의 백성들이 겪어야 했던 참혹한 상황을 기록하고 일본의 만행을 성토하면서, 그러한 비극을 피할 수 없었던 조선의 문제점을 낱낱이 파헤침으로써 후대에 교훈을 전하는 고전 「징비록」을 다룬다.",https://image.aladin.co.kr/product/5311/57/cover500/s422636576_1.jpg, 류성룡 지음;오세진;신재훈;박희정 역해, 홍익출판사,2019
역사,(지리 샘과 함께하는)시간을 걷는 인문학,"각각의 길을 둘러싼 사건과 사람들, 지리적 특징을 이정표 삼아 사회, 문화, 경제, 환경 등의 주제로 인문학 여행을 떠난다. 익숙히 들어 본 역사 속의 길뿐만 아니라 우리 주변 일상적 장소들을 탐방하며 지식을 얻고, 다양한 관점을 키워나가는 인문 지리 교양서다.",https://image.aladin.co.kr/product/21342/16/cover500/k912636585_1.jpg, 조지욱 지음, 사계절,2019
역사,일제 조선토지 조사사업 수탈성의 진실,,https://image.aladin.co.kr/product/21416/3/cover500/8930040233_1.jpg, 신용하 지음, 나남,2019
역사,해암 이종덕,,https://image.aladin.co.kr/product/3296/22/cover500/scm3172272699169.jpg, 유영수, 홍익출판사,2010
역사,마르코 폴로의 동방견문록,마르코 폴로의 은 13세기 후반 이후 서구인들에게 동방에 대한 꿈과 환상을 심어주고 상상력의 원천이 되었던 책. 그동안 중앙아시아사를 깊이 있게 연구해온 역자가 소실된 원본에 가장 가까운 판본으로 평가받고 있는 프랑스 지리학회본(F본)을 근본으로 하고 18종의 여러 판본을 토대로 해 을 충실히 완역해냈다.,https://image.aladin.co.kr/product/23/82/cover500/897196698x_2.jpg, 마르코 폴로 지음;김호동 옮김, 실천문학사,2008
역사,마르코 폴로의 동방견문록,마르코 폴로의 은 13세기 후반 이후 서구인들에게 동방에 대한 꿈과 환상을 심어주고 상상력의 원천이 되었던 책. 그동안 중앙아시아사를 깊이 있게 연구해온 역자가 소실된 원본에 가장 가까운 판본으로 평가받고 있는 프랑스 지리학회본(F본)을 근본으로 하고 18종의 여러 판본을 토대로 해 을 충실히 완역해냈다.,https://image.aladin.co.kr/product/23/82/cover500/897196698x_2.jpg, 마르코 폴로 지음;김호동 옮김, 실천문학사,2008
역사,전태일 평전,"<전태일 평전>개정판. 청소년들에게 더욱 친숙하고 정감 넘치도록 형식과 내용을 바꾸었으며, 원본과 저자의 뜻이 왜곡되지 않고 정확하게 전달되도록 만들어졌다. 이 책은 불꽃 같은 삶을 살다 간 노동자 전태일의 일대기다. 평화시장 어린 동심들의 고통에 항상 가슴 저려 하며, 그들을 위해 스물 둘의 젊음을 불길 속에 내던졌던 청년노동자 전태일의 삶과 투쟁을 이야기한다.",https://image.aladin.co.kr/product/360/37/cover500/8996187429_2.jpg, 조영래 지음, 전태일기념사업회,2010
역사,규장각에서 찾은 조선의 명품들,"규장각에 소장된 수많은 작품 중에서 대표적이라 할 작품들을 골라 그 내용과 저자, 탄생배경 등을 소개하고 그 현재적 의미와 가치를 소개한 책. , 등의 지은이이며, 15년간 규장각 연구원으로 활동해온 신병주 학예연구사가 집필했다.",https://image.aladin.co.kr/product/97/79/cover500/8991221289_1.jpg, 신병주 지음, 책과함께,2007
역사,독립운동 사적지를 찾아서.2. 2: 충청·전라,,https://image.aladin.co.kr/product/6751/71/cover500/scm147863865343.jpg, 독립기념관한국독립운동사연구소 편, 국가보훈처,2012
역사,국가수호 사적지를 찾아서,,https://image.aladin.co.kr/product/8308/4/cover500/scm1241584307121.jpg, 독립기념관한국독립운동사연구소 편, 국가보훈처,2012
역사,(세계사를 바꾼)인천의 전쟁,"한반도 800년 전쟁 역사를 '인천' 중심으로 바라본 책. 여몽전쟁, 임진왜란, 정묘.병자호란, 병인.신미양요, 청일전쟁, 러일전쟁, 한국전쟁, 서해에서 벌어진 남북 간 교전 등을 담고 있다.",https://image.aladin.co.kr/product/1949/24/cover500/8967500025_1.jpg, 경인일보 특별취재팀, 다인아트,2012
역사,조선왕비 오백년사,"유교적 여성관에 순종하지 않으면 마녀사냥의 희생자가 될 수밖에 없었으며, 생존하기 위해서 남성들보다 훨씬 더 기민하게 지지세력을 만들어내고 권력을 휘두를 수밖에 없었던 조선의 왕비들을 다룬다. 정치게임에서 패배한 왕비들은 폐비가 되기도 했고 친정 집안까지도 멸문으로 이끌게 되는 경우가 허다했다.",https://image.aladin.co.kr/product/225/10/cover500/8975470806_1.jpg, 윤정란 지음, 이가,2008
역사,코타키나발루,"1000만 독자의 사랑을 받은 국내 최초의 정통 가이드북 '100배 즐기기'가 휴양지 여행자를 위한 콤팩트 버전 '미니 100배 즐기기' 시리즈를 출간했다. 한눈에 '쏙' 들어오는 디자인, 손안에 '쏙' 들어오는 사이즈, 미니백에 '쏙' 들어가도 부담 없는 무게로 여행자를 쉽고 편한 여행으로 안내한다.",https://image.aladin.co.kr/product/9760/7/cover500/8925560607_1.jpg," 한혜원,박진주 지음", 알에이치코리아,2016
역사,Tripful. 4: 오카나와,"Tripful 시리즈 4번째, 오키나와 여행 가이드. 오키나와의 아픈 역사를 통해 여행의 깊이를 더하고자 만들었다. 오키나와 4개 지역의 바다별 특색과 레포츠, 맛집 정보 등 알기 쉽게 취합했고 오키나와 여행의 중요한 부분인 렌터카 정보도 자세히 수록했다.",https://image.aladin.co.kr/product/11986/48/cover500/k212531639_1.jpg, 이착희 지음, Easy＆books,2017
역사,시크릿 Hong Kong,"<시크릿 홍콩>이 2015~2016년 최신 개정판. <시크릿 홍콩> 개정판의 하이라이트는 동양 속 작은 유럽이라 불리는 마카오를 추가 수록한 것이다. 마카오에서 요즘 가장 뜨는 관광, 레스토랑, 카페, 쇼핑 스폿 70곳을 추가해 내용이 더욱 알차고 새로워졌다.",https://image.aladin.co.kr/product/4950/51/cover500/8952772296_1.jpg, 신중숙 지음, 시공사,2016
역사,(설민석의)한국사는 살아있다. 2,"한국사와 색칠놀이의 장점(감각, 정서, 소근육 발달)은 그대로 가져오고, 최신기술인 증강현실을 접목한 ‘스마트 도서’이다. ‘스마트 도서’는 아이들에게 지속적으로 흥미유발을 하며 새로운 정보를 전달할 수 있는 장점이 있다.",https://image.aladin.co.kr/product/12866/84/cover500/8998563509_1.jpg, 설민석 저;김미정 일러스트, 단꿈교육,2018
역사,(어린이의)미래를 여는 역사. 3: 화해와 평화,"전쟁이 바꾸어놓은 세 나라 사람들의 삶을 살펴본다. 일본은 나라를 개혁하고, 중국에는 새 나라가 들어서며 한국에는 또다시 분단의 아픔이 찾아온다. 교과서의 역사 왜곡 문제, 야스쿠니 신사 문제, 군위안부 피해자 보상 문제 등 우리 삶과 보다 맞닿아 있는 문제들도 살펴본다.",https://image.aladin.co.kr/product/99/39/cover500/8984312460_1.jpg, 김한조 지음, 한겨레아이들,2007
역사,전태일 평전,"<전태일 평전>개정판. 청소년들에게 더욱 친숙하고 정감 넘치도록 형식과 내용을 바꾸었으며, 원본과 저자의 뜻이 왜곡되지 않고 정확하게 전달되도록 만들어졌다. 이 책은 불꽃 같은 삶을 살다 간 노동자 전태일의 일대기다. 평화시장 어린 동심들의 고통에 항상 가슴 저려 하며, 그들을 위해 스물 둘의 젊음을 불길 속에 내던졌던 청년노동자 전태일의 삶과 투쟁을 이야기한다.",https://image.aladin.co.kr/product/360/37/cover500/8996187429_2.jpg, 조영래 지음, 전태일기념사업회,2010
역사,커피가 돌고 세계史가 돌고,커피에 매료된 저자가 커피라는 상품의 역사를 현대문명의 하나의 우화로서 서술하고 있는 책이다. 이 책은 우리 생활 속에서 익숙해진 커피라는 상품이 ‘어떤 방식으로 역사에 관여했는지’를 살피면서 자연스럽게 400여 년에 걸친 커피의 역사를 더듬어 나간다.,https://image.aladin.co.kr/product/282/37/cover500/8995919930_1.jpg, 우스이 류이치로 지음;김수경 옮김, 북북서,2008
역사,우리는 천사의 눈물을 보았다,"「조선일보」'아워 아시아Our Asia' 취재팀이 2007년 1월부터 10월까지 아시아와 아프리카 지역을 여행하며 만난 아이들의 이야기이다. 네팔과 인도, 파키스탄, 스리랑카, 버마, 캄보디아, 필리핀 등 아시아에서 시작된 여정은 두 개의 대양을 건너 아프리카의 케냐와 우간다까지 10개월간 이어졌다.",https://image.aladin.co.kr/product/200/37/cover500/8952751825_1.jpg, 박종인;한현우 지음, 시공사,2008
역사,(고교생이 꼭 알아야 할)한국사 개념서,교과서 학습을 도와주는 ‘참고서’를 뛰어넘어 한국사의 개념을 잡을 수 있는 ‘개념서’이다. 주요 내용을 꼼꼼하게 정리한 표인 ‘정리해 볼까요’는 학생이 종횡으로 선을 그으며 역사적 사실의 전후 관계를 확인하고 효율적으로 학습할 수 있도록 도와준다.,https://image.aladin.co.kr/product/3620/12/cover500/8965820588_1.jpg, 박찬영 지음, 리베르,2014
역사,(큰별쌤 최태성의 별별 한국사)한국사능력검정시험 고급 1·2급. 2,"큰별쌤 최태성의 별★별 한국사 한국사능력검정시험 시리즈. 판서의 장인 큰별쌤 최태성이 만들어 낸 아트 판서를 수록했다. 사료, 사진, 지도 등 풍부한 시험 빈출 자료와 함께 꼼꼼한 해설을 수록했으며, 기출문제로 개념과 유형을 익힐 수 있다.",https://image.aladin.co.kr/product/10361/58/cover500/k382536792_1.jpg, 최태성 지음, 이투스북,2017
역사,난중일기,조선 중기의 무신(武臣) 충무공 이순신이 임진왜란 7년 동안 일본군과 싸우면서 군중에서 쓴 일기이다. 《난중일기(亂中日記)》는 1962년 12월 20일 대한민국의 국보 제76호로 지정 당시 명칭은 ‘이충무공난중일기부서간첩임진장초(李忠武公亂中日記附書簡帖壬辰狀草)’다.,https://image.aladin.co.kr/product/29860/33/cover500/k192838129_2.jpg, 이순신 지음;장윤철 옮김, 스타북스,2022
역사,광화문 괴담,총 17개의 괴담을 해체하고 무질서하게 널린 사료들 속에서 진실을 발굴한다. 전문가들이 무책임하게 유통시킨 가짜뉴스부터 애국적 영웅담까지 사실과 다르게 알려진 역사를 박종인 기자 특유의 날카로운 문체로 파헤친다.,https://image.aladin.co.kr/product/30185/57/cover500/k262839993_1.jpg, 박종인 지음, 와이즈맵,2022
역사,"개혁하는 사람, 조광조","‘개혁’이라는 낱말과 떼래야 뗄 수 없는, 조선 중종 때 대사헌을 지낸 정암靜庵 조광조趙光祖의 삶과 사상을 다룬다. 역사적 사실과 사실 사이의 빈 곳을 역사적 상상력으로 채워 넣는 ‘팩션’ 형식을 빌려 조광조의 삶과 사상을 생동감 있게 그려냈다.",https://image.aladin.co.kr/product/29221/40/cover500/k342837896_1.jpg, 조성일 지음, 시간여행,2022
역사,(큰별쌤 최태성의 별★별한국사)7일의 기적,"7일 만에 한능검 합격 점수를 획득할 수 있도록 시험에 꼭 나오는 핵심 내용만을 압축하여 담았다. 20년 넘게 판서를 연구해 온 판서의 장인 큰별쌤이 핵심만을 모아 만들어낸 10개의 아트 판서를 수록하였고, 시험에 자주 나오는 기출 자료와 대표 기출문제를 선별하여 수록하였다.",https://image.aladin.co.kr/product/29224/96/cover500/k022837990_1.jpg, 최태성 지음, 이투스북,2022
역사,(큰별쌤 최태성의 별★별 한국사)한국사능력검정시험. 상,"시대의 흐름이 한눈에 보이는 큰별쌤의 아트 판서로 내용이 쉽게 정리된다. 시험에 자주 등장하는 사진, 도표, 지도, 사료 등을 모아 쉽게 해설하여 빈틈없이 대비할 수 있으며, 큰별쌤의 아트 판서 내용을 표로 정리하여 배운 내용을 복습할 수 있다.",https://image.aladin.co.kr/product/30684/57/cover500/k042830232_1.jpg, 최태성 외 지음, 이투스북,2022
역사,(노빈손)세종대왕의 화포를 지켜라,'신나는 노빈손 한국사 시리즈'의 2권. 노빈손이 세종대왕과 장영실을 만나 조선 초기의 문화와 시대를 앞서간 과학을 체험하는 내용을 담은 책이다. 장씨 성을 가진 사람을 도와주라는 규장각 분점 할아버지의 특명을 받고 다시 조선으로 온 노빈손. 기다리고 있던 주막에서 만난 것은 뜻밖에도 장영실이었다.,https://image.aladin.co.kr/product/278/23/cover500/8958072466_1.jpg, 남동욱 지음;이우일 그림, 뜨인돌출판사,2008
역사,세계의 역사를 뒤바꾼 1000가지 사건,"<세계의 역사를 뒤바꾼 1000가지 사건>은 콜럼버스가 아메리카 대륙을 발견한 날의 일지부터 욕실의 두루마리 화장지를 만든 사건까지, 누구에게나 관련이 있을 수밖에 없는 사건들을 다루고 있다. 선사시대부터 현대에 이르는 역사를 중요한 시대적 구분에 따라 모두 7개의 장에 걸쳐 서술하고 있다.",https://image.aladin.co.kr/product/712/25/cover500/8962602059_1.jpg, 내셔널지오그래픽 지음;오승훈 옮김, 지식갤러리,2012
역사,그들이 세상을 바꾼다. 1,"더불어 사는 지구 시리즈 38권. 프랑스의 다큐멘터리 연출가인 마리-엘렌 드 슈리제가 남편과 다섯 명의 자녀들과 함께 떠난 세계 여행에서 만난 70명의 실제 이야기를 엮은 책이다. 1권에서는 ‘네 꿈이 미래를 만든다’, ‘인간을 세계의 중심에!’, ‘지구를 위해 나서다’라는 주제로 분류하여 소개한다.",https://image.aladin.co.kr/product/1697/79/cover500/8992161379_1.jpg, 마리-엘렌 드 슈리제 엮음;이효숙 옮김, 초록개구리,2012
역사,(외우지 않고 통으로 이해하는)통한국사. 2: 조선에서 현대까지,"2009년 출간된 <통세계사>는 출간과 동시에 베스트셀러 반열에 오르며 많은 독자들의 사랑을 받았다. 이후 통시리즈는 청소년의 역사교양서로 확실히 자리매김했다. 그리고 마침내 2012년, 우리 역사를 다룬 <통한국사>를 펴내게 되었다.",https://image.aladin.co.kr/product/1928/7/cover500/8963707733_1.jpg, 김상훈 지음, 다산에듀,2013
역사,서울의 숨은 골목,"C&M 케이블 방송에서 1년 동안 방영된 다큐 <로드 에세이, 골목에서 서울을 만나다>를 단행본으로 엮었다. 봄 여름 가을 겨울, 사계절 동안 서울의 골목 30곳을 걸으며 만난 풍경을 다채로운 언어로 표현하고, 그곳에서 살아가는 사람들의 인터뷰를 담은 골목 여행 에세이다.",https://image.aladin.co.kr/product/1728/68/cover500/8927803337_1.jpg, 이동미 지음, 중앙books,2012
역사,(청소년을 위한)역사란 무엇인가,"역사적 사고력을 강조하는 새로운 역사책. 역사란 무엇인지, 역사는 어떻게 쓰여 왔는지, 무엇을 다루는지 등 역사에 대한 본질적인 질문에 스스로 답할 수 있게 되면 어떤 문제가 나와도 자신만의 관점에서 답을 써 내려갈 수 있다고 저자는 강조한다.",https://image.aladin.co.kr/product/249/53/cover500/8952209826_1.jpg, 최경석 지음, 살림Friends,2013
역사,(교과서에 나오는)유네스코 세계 문화유산 : 대한민국,"초.중.고 교과서에 수록된 우리나라의 세계 문화유산과 기록 유산, 무형 유산, 자연 유산을 전문 사진가가 찍은 현장감 넘치는 생생한 사진과 실감 나는 경험, 상세한 정보로 소개한다. '대한민국' 편에서는 교과서에 나오는 문화유산을 상세히 소개하여 아이들이 학교에서 배우는 역사와의 연관성 속에서 문화유산의 의미와 가치를 알도록 하는 데 초점을 맞추었다.",https://image.aladin.co.kr/product/1183/66/cover500/8952762010_3.jpg, 이형준 지음, 시공주니어,2012
역사,네가 있어 나는 멈출 수 없다,"2012년 출간된 <네가 있어 나는 멈출 수 없다>의 어린이판이다. 작고 힘없는 시골 마을 소년들이 어떻게 세계 최고의 축구선수가 되었는지 자세히 알아보고, 그들에게 배워야 할 점은 무엇인지에 대해서도 생각하는 시간을 갖도록 하였다.",https://image.aladin.co.kr/product/2267/45/cover500/8988388496_1.jpg, 김정민 글;이미경 그림, 푸르름,2013
역사,여행의 기술,"<왜 나는 너를 사랑하는가>의 작가 알랭 드 보통이 전하는 여행 이야기. 보들레르, 플로베르, 워즈워스, 고흐, 호퍼, 버크, 러스킨, 위스망스 등의 예술가들을 안내자로 삼아 '왜 여행을 떠나는가?'부터 '여행의 최종 목적지는 어디인가?'에 이르기까지, '여행'을 테마로 던질 수 있는 모든 질문들에 대한 성찰을 유도하고 그 해답을 제시하는 책이다.",https://image.aladin.co.kr/product/1416/35/cover500/8986836440_1.jpg, 알랭 드 보통 지음;정영목 옮김, 청미래,2011
역사,역사저널 그날. 1: 태조에서 세종까지,"KBS [역사저널 그날]을 시대 순으로 재구성한 책으로, 역사를 바꾼 이 결정적인 '그날'들을 통해 우리가 몰랐던 한국사 속 진실과 이야기들을 생생하게 전달한다. 1권에서는 고려 말의 혼란을 수습하고 새 왕조를 개창해 국가의 기틀을 잡아 나가는 조선 건국의 주역들 이야기를 담았다.",https://image.aladin.co.kr/product/5311/28/cover500/8937417014_2.jpg, KBS역사저널그날제작팀 지음, 민음사,2015
역사,(역사저널)그날. 2: 문종에서 연산군까지,"KBS [역사저널 그날]을 시대 순으로 재구성한 책으로, 역사를 바꾼 이 결정적인 '그날'들을 통해 우리가 몰랐던 한국사 속 진실과 이야기들을 생생하게 전달한다. 2권에서는 혼란을 쿠데타로 잠재운 세조, 세조 대 공신 정치의 폐해, 연산군의 폭정과 복수 등을 다룬다.",https://image.aladin.co.kr/product/5311/30/cover500/8937417022_2.jpg, KBS역사저널그날제작팀 지음, 민음사,2015
역사,(나를 부르는)숲,"빌 브라이슨은 20년간 영국에서 살다가 미국으로 돌아가, 조지아 주에서 메인 주에 이르는 3천360킬로미터의 애팔래치아 트레일 종주를 결심한다. 그것이 그가 다시 고국과 친해지는 방식이었다. 책은 그가 애팔래치아 트래일 종주를 하는 동안 만난 숲과 호수의 놀라운 경치, 낯설고 흥미로운 인물들의 이야기와 함께, 마지막 남은 위대한 자연을 보존해야 한다는 호소를 담고 있다.",https://image.aladin.co.kr/product/197/5/cover500/8970905561_1.jpg, 빌 브라이슨 지음;홍은택 옮김, 동아일보사,2008
역사,빌 브라이슨 발칙한 영어 산책,"베스트셀러 작가 빌 브라이슨이 이번에도 놀라운 책을 가지고 나왔다. 특유의 재치와 입담으로 현존하는 가장 유머러스한 작가로서 인정받아 온 그가 이번에는 영어를 둘러싼 미국의 역사를 종횡무진 누빈다. 미국인조차 잘못 알고 있는 역사 상식, 일반인들이 잘 알지 못하는 영어 표현의 유래, 역사의 뒤안길에 묻힌 보석 같은 이야기들은 읽는 즐거움이 무엇인지를 새삼 실감나게 한다.",https://image.aladin.co.kr/product/364/1/cover500/8952211065_1.jpg, 빌 브라이슨 지음;정경옥 옮김, 살림,2013
역사,스무살은 처음이라,"고등학생 때 <우물 밖 여고생>을 출간한 국내 최연소 여행작가 슬구(신슬기)의 <스무 살은 처음이라>. 어떻게 살아야 할지 몰라 얼렁뚱땅 막무가내로 휘청거리지만, 반짝이는 세상의 스무 살들에게 보내는 솔직한 고백이자 위로와 응원이다.",https://image.aladin.co.kr/product/14431/49/cover500/8967820747_1.jpg, 슬구 글·사진, 푸른향기,2020
역사,위대하고 아름다운 십 대 이야기,주어진 현실을 회피하지 않고 당당히 맞서며 자신의 삶을 밀고 나간 세계 여러 나라 십 대 10명의 이야기를 담고 있다. 위대한 업적을 남긴 어른들의 이야기가 아니라 세상을 변화시키기 위해 끊임없이 노력한 청소년 여러분 또래 친구들의 이야기라 더욱 공감이 간다.,https://image.aladin.co.kr/product/25092/86/cover500/k942632958_1.jpg, 박일환 지음, 청어람e,2020
역사,세계지리 만화 교과서,스물세개의 이야기로 개정된 고등학교 세계지리 과목의 내용 순으로 전개되는 세계지리 만화 교과서. 세계 여행을 꿈꾸거나 다른 나라 사람들의 삶과 환경에 관심이 많은 초등학생 이상의 미래 여행가들에게는 교양 도서로. 대학수학능력시험을 대비하는 수험생에게는 세계지리 과목 기초 도서로서 읽혀지기 바란다.,https://image.aladin.co.kr/product/597/74/cover500/8960981044_1.jpg, 전국지리교사모임 지음, 씨앤톡,2011
역사,조선평전,"조선시대 정치, 사회, 문화의 사건과 풍경들을 60갑자의 틀 속에 담아낸 '조선평전'. 조선시대 역사의 진면목들을 흥미롭게 펼쳐내면서도, 한편으로는 현재와 대화하는 방식으로 서술했다. 이미 여러 권의 대중 역사서를 집필한 저자는 ""역사는 박물관 속에 갇혀 있을 때보다 이를 되살려내 현재화시킬 때 의미가 있다""고 보고 조선시대 역사의 전면적 현대화를 이 책을 통해 실천하고 있다.",https://image.aladin.co.kr/product/1132/22/cover500/8993905576_1.jpg, 신병주 지음, 글항아리,2011
역사,(해동성국)발해,"저자가 《찬란했던 700년의 역사, 고구려》에 이어 어린이와 청소년을 위해 집필한 두 번째 책으로, 민족주의적 사관에서 벗어나 한국, 중국, 일본 사서에 남아 있는 발해 역사에 대한 기록과 발해의 유물들을 통해 객관적인 역사적 사실을 밝히고자 했다.",https://image.aladin.co.kr/product/103/9/cover500/8973316990_1.jpg, 이이화 지음;김태현 그림, 사파리,2010
역사,(아! 그렇구나)우리 역사. 1: 원시시대,"전문 역사학자가 들려주는 '아! 그렇구나 우리 역사' 시리즈의 첫번째 권. 초등 고학년 어린이와 중학생을 대상으로 하여 우리 역사에 대한 자세한 이야기를 전해 준다. 10대 전반의 눈높이에 맞추어 사진과 그림을 충분히 활용했다. 모두 17권으로 구성되었고, 현재 2권이 나왔다.",https://image.aladin.co.kr/product/38/86/cover500/898999506x_1.gif, 송호정 지음;김은정 그림, 고래실,2003
역사,앉아서 지구의 크기를 재다,이 세상은 어떻게 이루어졌을까? 정말 땅이 이동했을까? 태풍은 왜 불까? 엘니뇨와 라니냐는 왜 남매로 불릴까? 화산과 쓰나미는 왜 같은 곳에서 반복될까? 책은 이런 자연 지리적인 궁금증을 푸는 열쇠를 담고 있다.,https://image.aladin.co.kr/product/68/90/cover500/8937841894_1.jpg, 장수하늘소 지음;이현주 그림, 아이세움,2010
역사,나는 과학자의 길을 갈테야,"침팬지 연구에 일생을 바친 동물학자 제인 구달, DNA의 비밀을 밝힌 숨은 공로자 로절린드 프랭클린, 중국 출신의 세계적인 물리학자 치엔시웅 우, 이라는 책으로 환경의 소중함을 일깨운 생물학자 레이철 카슨 등 20세기 과학사에서 뚜렷한 업적을 남긴 여성 과학자 9명의 삶과 업적을 담았다.",https://image.aladin.co.kr/product/40/80/cover500/8936442058_1.gif, 송성수;이은경 지음, 창비,2011
역사,(마주 보는)세계사교실. 1: 고대 문명이 꽃피다,"우리나라 소장 연구자들이 우리 아이들을 위해 쓴 세계사 통사이다. 서구 중심적인 시각에서 유럽사의 비중이 높은 기존의 세계사 책들의 관점에서 벗어나 교류와 통합의 관점으로 세계사를 재구성하였다. 아울러 동양사와 아프리카, 아메리카 역사의 비중을 높여 양적으로도 균형을 이룰 수 있도록 배려했다.",https://image.aladin.co.kr/product/102/17/cover500/8901074974_2.jpg, 강선주 지음;강전희;김수현 그림, 웅진주니어,2010
역사,"(마주 보는)세계사교실. 4: 지구촌시대가 열리다, 1400년~1600년","세계사 입문서의 새로운 대세로 자리매김한 의 네 번째 책. 드디어 펼쳐진 대항해 시대! 전 지구가 하나로 엮이기 시작하는 시대를 만난다. 바다와 모험에 관한 멋진 이야기와, 고개를 드는 제국주의의 어두운 면을 모두 볼 수 있다.",https://image.aladin.co.kr/product/236/30/cover500/8901084988_1.jpg, 조영헌 지음;권재준;김수현 그림, 웅진주니어,2010
역사,중국 이야기,"중국의 과거부터 현재까지 역사, 문화, 사회를 살펴보고 중국의 참모습을 알아보는 책. 각 지방마다 다른 생활 풍습, 음식 문화, 언어는 물론 파란만장한 역사를 전반적으로 알아보는 구성이다.",https://image.aladin.co.kr/product/61/53/cover500/8937840758_1.jpg, 허용우 지음;김미경 그림, 아이세움,2009
역사,에밀레종의 비밀,"에밀레종(성덕대왕신종)을 둘러싼 담론들, 즉 국문학계, 역사학계, 미술사학계 등의 그간 견해에 의문을 던진다. 에밀레종전설은 과연 실화일까. 에밀레종은 우리나라의 국보 목록에 오른 고대예술품의 하나일 뿐인가, 에밀레종의 역사적 의미는 무엇이고, 또 현재적 의미는 무엇인지 묻고 답한다.",https://image.aladin.co.kr/product/216/63/cover500/899151068x_1.jpg, 성낙주 지음, 푸른역사,2008
역사,여행도 하고 돈도 버는 여행작가 한번 해볼까?,‘세계일주를 하기 위해’라는 이유로 과감하게 사표를 던지고 여행작가의 길을 걷고 있는 채지형 작가와 여행신문 기자였던 김남경 기자가 여행작가 지망생들에게 받아온 질문과 궁금증을 풀어주고자 한 책이다.,https://image.aladin.co.kr/product/450/53/cover500/8960861960_1.jpg, 채지형;김남경 지음, 위즈덤하우스,2011
역사,로마인 이야기. 10: 모든 길은 로마로 통한다,2002년 새롭게 내놓은 제10권 '모든 길은 로마로 통한다'는 바로 로마 1천년의 역사가 어떻게 장구하게 흘러갈 수 있었는지를 사회 인프라스트럭처 문제에 초점을 맞춰 기술하고 있다.,https://image.aladin.co.kr/product/33/41/cover500/8935653241_2.jpg, 시오노나나미;김석희 옮김, 한길사,2011
역사,로마인 이야기. 14: 그리스도의 승리,"기독교를 공인한 대제 콘스탄티누스가 죽은 뒤, 그 친족을 습격한 것은 피비린내나는 숙청이었다. 살아 남았던 대제의 조카 율리아누스는, 다신교의 가치관에 기초한 관용정신과 전통의 부활을 지향했다. 하지만 그 치세는 단명으로 끝나고, 기독교는 마침내 로마 제국의 국교로 자리 잡는 데 이르렀다.",https://image.aladin.co.kr/product/61/91/cover500/8935654876_2.jpg, 시오노나나미;김석희 옮김, 한길사,2011
역사,(쏭내관의 재미있는)궁궐 기행,"우리 궁궐에 대해 알아야 할 기본 상식에서부터 각 영역별 궁궐의 기능과 역사를 상세하게 담고 있는 안내서. 내시 쏭내관은 궁궐의 박석 하나, 기와 한 장도 그냥 지나치는 법이 없이 그 안에 숨겨진 우리 선조들의 지혜와 궁궐의 아름다운 멋을 세심하게 짚어낸다.",https://image.aladin.co.kr/product/489/81/cover500/8996065552_1.jpg, 송용진 지음, 지식프레임,2010
역사,하룻밤에 읽는 유럽사,"고대 그리스·로마 시대부터 20세기 유럽의 역사에 이르기까지를 한 권에 정리한 책. 잘 알려진 사건들을 소개하는 것을 물론이고 정치,경제,문화,종교 전반에 걸쳐 유럽의 역사를 정리하고 있어 입문서로 적절하다. 백여 컷의 지도와 도표, 역사메모와 칼럼 등을 함께 수록했다.",https://image.aladin.co.kr/product/50/83/cover500/8957575839_2.jpg, 윤승준 지음, 랜덤하우스중앙,2011
역사,나는 과학자의 길을 갈테야,"침팬지 연구에 일생을 바친 동물학자 제인 구달, DNA의 비밀을 밝힌 숨은 공로자 로절린드 프랭클린, 중국 출신의 세계적인 물리학자 치엔시웅 우, 이라는 책으로 환경의 소중함을 일깨운 생물학자 레이철 카슨 등 20세기 과학사에서 뚜렷한 업적을 남긴 여성 과학자 9명의 삶과 업적을 담았다.",https://image.aladin.co.kr/product/40/80/cover500/8936442058_1.gif, 송성수;이은경 지음, 창비,2011
역사,(설민석의)무도 한국사 특강,,https://image.aladin.co.kr/product/12086/56/cover500/k002636280_1.jpg, 설민석 지음;홍원표 일러스트, 휴먼큐브,2017
역사,한국이 보이는 세계사,우리 근현대사를 세계사의 맥락에서 객관적으로 조망할 수 있도록 하는 새로운 시각의 역사교양서이다. 그간의 강대국 중심 세계사 서술에서 벗어나 약소국들의 역사를 두루 다루며 이들을 세계사의 평등한 주체로 자리 잡도록 하는 데 힘쓰면서 우리 삶을 세계사의 맥락 속에서 객관적으로 볼 수 있도록 했다.,https://image.aladin.co.kr/product/874/35/cover500/8936458183_3.jpg, 최재호;이성호;윤세병 [공]지음, 창비,2011
역사,(박시백의) 조선왕조실록. 3: 태종실록 : 왕권을 세우다,"마침내 왕위에 오른 이방원. 야심만만하고 냉혹한 현실주의자 태종의 치세가 시작되었다. '정치의 달인' 태종은 외척과 공신들을 '토사구팽' 하고 왕권을 강화해 조선의 기틀을 세운다. 이렇게 정적들을 제거한 태종에게 또 한가지 문제가 생기는데, 바로 세자가 자신의 기대를 충족하지 못한 것. 태종은 이에 큰 결단을 내린다.",https://image.aladin.co.kr/product/55/49/cover500/8958620374_1.jpg, 박시백 글.그림, 휴머니스트,2005
역사,(박시백의) 조선왕조실록. 11: 광해군일기: 경험의 함정에 빠진 군주,"박시백의 조선왕조실록 시리즈 11번째 책. 광해군에 관련된 내용이 주를 이룬다. 총5장으로 구성되어 있으며, 광해군이 왕이 되기까지의 과정과 광해군과 신하들의 갈등 그리고 인조반정의 발생, 인조발생 이후 광해군의 생애등이 폭넓게 다루어지고 있다.",https://image.aladin.co.kr/product/169/72/cover500/8958622172_1.jpg, 박시백 글.그림, 휴머니스트,2008
역사,나의 문화유산답사기 일본편. 2: 아스카 나라 “아스카 들판에 백제꽃이 피었습니다,"<나의 문화유산답사기> 일본편. 2권 아스카·나라 편에서는 아스카와 나라 지역에 위치한 주요한 옛 절을 답사하면서 한반도와 일본문화의 친연성과 영향 관계, 그리고 자생적으로 꽃피운 일본문화의 미학을 돌아본다.",https://image.aladin.co.kr/product/2861/44/cover500/8936472313_3.jpg, 유홍준 지음, 창비,2013
역사,조선 시대 초상화에 숨은 비밀 찾기,"옛사람들의 기념사진과 같은 초상화를 보여 주는 책이다. 암행어사 박문수, 집현전 학자 신숙주, 한글을 만든 세종 대왕…. 옛사람들은 어떤 얼굴이었을까? 그리고 무엇을 기념하여 자신의 모습을 남겼을까? 이 책은 그 궁금증에서 시작한다.",https://image.aladin.co.kr/product/2603/41/cover500/8997735195_1.jpg, 최석조 지음, 책과함께,2013
역사,조선왕조실톡. 2: 조선 패밀리의 활극,"<조선왕조실록>에 등장하는 인물들이 가상의 대화창 '톡talk'으로 나누는 대화를 나눈다는 파격적인 형식의 웹툰, <조선왕조실톡>. '대한민국은 실톡 중'이라는 말이 나올 정도로 2015년을 뜨겁게 달군 역사 콘텐츠로, 2권에서는 중종부터 광해군까지, 2개의 패밀리를 다룬다.",https://image.aladin.co.kr/product/7134/12/cover500/s862636621_1.jpg, 무적핑크 지음;이한 해설, 이마,2015
역사,(읽고만 있어도 좋은)노플랜 사차원 유럽여행,"한 달이 넘는 배낭여행을 별 고민과 준비 없이 떠난 정박사. 필자의 표현을 빌리자면 노플랜(No Plan)에 어디로 튈 지 모르는 사차원 여행기이다. 두 차례에 걸친 유럽 여행은 그야말로 사고의 연속, 평범한 일상조차 그를 거치면 에피소드가 된다.",https://image.aladin.co.kr/product/65/52/cover500/8985989987_2.jpg, 정숙영 지음, 부키,2008
역사,(우리 아이들에게)역사를 어떻게 가르칠 것인가,"'전국역사교사모임'의 선생님들이 직접 쓴 역사 교육론. 560여 페이지에 달하는 방대한 분량의 책에는 역사 교육의 목적, 교육 내용의 선정, 수업 자료 찾기, 여러가지 수업 방법, 정보화 시대의 역사 교육, 역사 체험학습 등에 관한 선생님들의 노하우와 교육관이 담겨 있다.",https://image.aladin.co.kr/product/36/84/cover500/8989899133_2.jpg, 전국역사교사모임 지음, 휴머니스트,2011
역사,역사트레킹 서울학개론,"역사트레킹 서울학개론은 저자가 문화센터에 개설한 강의 명칭으로, 자신의 두 발로 서울 곳곳의 명소들을 탐방하는 프로그램이다. 트레킹을 행하며 역사, 문화 답사에 나서는 것이다. 자동차가 아닌 걷기를 통해 이동하고, 그런 와중에 자연스럽게 만보 걷기까지 이어진다.",https://image.aladin.co.kr/product/32443/97/cover500/k112935298_1.jpg, 곽작가 지음, 역사트레킹북스,2023
역사,반역자와 배신자들,"전쟁의 소용돌이 속에서 변절을 택한 문제적 인물들. 이 책에서 다루는 14명의 문제적 인물들의 삶을 추적하다 보면 당대의 역사를 이해하는 것은 물론, 당시부터 오늘날까지 이어지고 있는 근현대사의 오랜 문제들에 대한 통찰도 얻을 수 있다.",https://image.aladin.co.kr/product/32378/1/cover500/k452935679_1.jpg, 이준호 지음, 눌와,2023
역사,(엄마와 함께 하는)교과서 역사 여행,,https://image.aladin.co.kr/product/10586/56/cover500/k882530533_1.jpg, 곽은정;곽귀순 [공]지음;허필열 사진;강유빈 그림, 우리역사,2017
역사,우린 너무 몰랐다,"철학자 도올 김용옥이 우리 현대사의 중요한 계기가 되는 해방정국과 제주 4.3, 여순사건으로 이어지는 격동기의 참혹한 역사를 파헤친다. 그는 어떤 문제의 근인近因과 원인遠因을 복합적으로 밝히면서, 해당 역사적 사건에 대한 온전한 전모와 바른 이해를 독자에게 전하려고 한다.",https://image.aladin.co.kr/product/17997/71/cover500/8982641378_1.jpg, 김용옥 지음, 통나무,2019
역사,이승만의 대미투쟁. 상권,"1942년부터 1960년까지 저자와 이승만 대통령이 개인적으로 주고받은 서신과 전보문, 그가 하루도 빠짐없이 기록해 왔던 일기, 그리고 당시 세계 주요 언론매체에 기고했던 글 등 역사적 원재료들을 시기 순으로 정리하고 배열하여 생생하게 전달한다.",https://image.aladin.co.kr/product/3301/36/cover500/8937604027_1.jpg," 로버트 T. 오리버 저, 한준석 역", 비봉출판사,2013
역사,100명의 특별한 유대인,"익숙한 유대인과 낯선 유대인, 착한 유대인과 나쁜 유대인을 가리지 않고 모든 영역을 망라하여 총 100명의 유대인을 엄선했다. 노스트라다무스에서 르윈스키에 이르기까지 유대인 역사를 인물 중심으로 흥미롭게 조명했다.",https://image.aladin.co.kr/product/3314/28/cover500/899461284x_1.jpg, 박재선 지음, 메디치미디어,2013
역사,(옆으로 읽는)동아시아 삼국지. 1,"한중일 동아시아史를 한 바늘로 꿰어낸 신개념 역사서. 전 세계에서 역사 분쟁이 가장 심한 동아시아 지역의 삼국, 한국.중국.일본의 미묘한 쟁점들을 일국사一國史의 관점에서 벗어나 동아시아 전체적인 흐름에서 파악해보고자 했다.",https://image.aladin.co.kr/product/3042/78/cover500/8962620723_1.jpg, 이희진 지음, 동아시아,2013
역사,이탈리아 데이. 1,"영화 <글레디에이터>의 배경지 콜로세오, <로마의 휴일>의 촬영지였던 스페인 광장의 계단과 진실의 입, <천사와 악마>에 등장한 산 피에트로 대성당과 산탄젤로 성까지…. 며칠을 머물러도 모자랄 정도로 로마의 볼거리는 가득하다.",https://image.aladin.co.kr/product/3636/37/cover500/8994939318_1.jpg, 박기남;윤도영;이미지 글.사진, 테라,2009
역사,"잊혀진 근대, 다시 읽는 해방 전사","2012년 4월～2013년 3월까지 《중앙선데이》에 연재된 〈이덕일의 사사사事思史: 근대를 말하다〉칼럼을 모은 이 책은 해방 전, 가장 치열하게 독립을 욕망하고 일제에 저항했던 한 시대의 기록이자 재현이다.",https://image.aladin.co.kr/product/3256/46/cover500/8993119635_1.jpg, 이덕일 지음, 역사의아침(위즈덤하우스),2013
역사,호리병 속의 일본,일본을 다룬 책은 많다. 그러나 일본을 내면 깊숙이 응시하며 그들의 본래 모습을 성찰하는 책을 찾기란 쉽지 않다. 이 책은 20여 년을 일본이란 사회와 직면한 한 한국인 교수의 자괴감과 사회고발 그리고 성찰의 과정을 담고 있다.,https://image.aladin.co.kr/product/3378/13/cover500/8946047860_1.jpg, 국중호 지음, 한울,2013
역사,역사트레킹 서울학개론,"역사트레킹 서울학개론은 저자가 문화센터에 개설한 강의 명칭으로, 자신의 두 발로 서울 곳곳의 명소들을 탐방하는 프로그램이다. 트레킹을 행하며 역사, 문화 답사에 나서는 것이다. 자동차가 아닌 걷기를 통해 이동하고, 그런 와중에 자연스럽게 만보 걷기까지 이어진다.",https://image.aladin.co.kr/product/32443/97/cover500/k112935298_1.jpg, 곽작가 지음, 역사트레킹북스,2023
역사,(아이의 미래를 바꾸는)아빠의 답사혁명,"에 이은 책으로, 놀아줄 시간도 마땅치 않고 부모들보다는 친구들과 어울리려 하는 초등학교 3.4학년 자녀를 둔 부모를 위한 책이다. 아이들과 함께 학습과 지적 호기심 충족을 통한 추억 만들기를 할 수 있도록, 학습 장소에 대한 조언과 세심한 정보를 담았다.",https://image.aladin.co.kr/product/64/16/cover500/8901056593_1.jpg, 박광일 글;권욱 그림, 웅진씽크빅,2006
역사,"남극일기: 남극의 비극적 영웅, 로버트 팔콘 스콧",20세기 초반 남극점 정복을 두고 스콧과 아문센이 겨뤘다. 승자는 아문센. 스콧은 탐험대 전원이 조난으로 사망했다. 하지만 오늘날 '신사'라 불리며 리더십의 전형으로 숭앙받는 것은 스콧이다. 왜일까? 스콧이 남긴 유명한 남극일기 중 정수를 모아 펴낸 책이다.,https://image.aladin.co.kr/product/54/6/cover500/8995473754_1.jpg, 로버트 팔콘 스콧 지음;박미경 편역, 세상을여는창,2005
역사,평생 잊을 수 없는 자유여행 40: 세계편,"은 아직 떠나지 못한 독자들에게 떠날 수 있는 용기를 주는 책이다. 이 책은 평생 꼭 한 번은 가봐야 할 세계 아름다운 여행지 40곳을 소개하고 있다. 영원히 잊지 못할 그림 같은 풍경의 여행지는 물론, 생생한 자연과 문화가 있는 곳, 스릴 넘치는 모험과 아늑한 휴식이 있는 곳, 역사 깊은 유적지까지 담고있어, 여행이 주는 즐거움을 모두 만끽할 수 있다.",https://image.aladin.co.kr/product/59/52/cover500/8957971858_1.jpg, 함길수 지음, 넥서스BOOKS,2005
역사,(르네상스의)못말리는 여자들,"1400년대부터 1600년대까지 14명의 여자들의 이야기를 담았다. 영국의 엘리자베스, 스웨덴의 크리스티나, 스페인의 이사벨 여왕들의 이야기와 멕시코의 뮤즈인 후아나 수녀를 비롯해서 무법자로 스페인과 멕시코를 오갔던 카탈리나 데 에라우소의 이야기가 펼쳐진다.",https://image.aladin.co.kr/product/54/4/cover500/8931380232_2.jpg, 비키 레온 지음;손명희 옮김;최재호 그림, 꼬마이실,2005
역사,핀란드 들여다보기,"북유럽의 경제 강국이자 세계 최고 수준의 국제경쟁력의 국가인 핀란드의 저력을 찾아본다. 세계 최고 수준의 사회복지, 노키아를 키워낸 경제 저력, 소득 50% 수준의 높은 세금, 산업전사를 키우는 교육제도, 정직함을 강조하는 지도층의 리더십 등 핀란드 사람들의 삶과 문화를 전반적으로 읽어냈다.",https://image.aladin.co.kr/product/67/27/cover500/8974424037_1.jpg, 이병문 지음, 매일경제신문사,2006
역사,행복한 이기주의자,"""행복한 사람이야말로 진정 똑똑한 사람""이라며, 철저히 행복추구형 인간이 될 것을 이야기하는 책이다. 유명 심리학자로서 저자 자신의 임상치료 경험을 바탕으로 개인들이 행복해지는 방법을 구체적으로 제시하고 있다.",https://image.aladin.co.kr/product/64/27/cover500/8950908786_2.jpg, 웨인 다이어 지음;오현정 옮김, 21세기북스,2006
역사,한국 생활사 박물관1. 1: 선사생활관,"현대인들에게는 낯설기만 한 선조들의 독특한 삶의 모습을 흥미롭게 풀어놨다. 역사학.고고학.민속학.인류학 전문가들과 국내 최고 수준의 미술진이 참여,선사시대부터 현대까지 우리민족의 생활사를 총체적으로 되살려냈다. -한국경제신문",https://image.aladin.co.kr/product/24/4/cover500/8971968648_2.jpg, 한국생활사박물관편찬위원회 지음, 사계절,2005
역사,한국 생활사 박물관2. 2: 고조선생활관,"이 책은 그 중 우리나라 초기 국가시대를 연 고조선에 대해 다루고 있다. 저자는 먼저 야외전시실에서 고조선뿐 아니라 부여, 삼한 등 초기 국가들이 생겨나던 시대의 역사를 사진 구성을 통해 보여주고 제1 전시실에서 본격적으로 고조선의 역사, 문화, 생활상을 그려나간다. 제2전시실에서는 고조선의 쇠퇴를 가져온 중국 한나라 사이의 전쟁을 재현해보기도 단국신화의 진실성 등을 구체적으로 살펴본다.",https://image.aladin.co.kr/product/24/4/cover500/8971968656_2.jpg, 한국생활사박물관편찬위원회 지음, 사계절,2006
역사,한국 생활사 박물관9. 9: 조선생활관1,"이 책에서 다루는 조선 전기는 우리가 평소 알고 있던 조선의 이미지와 전혀 다른 시대이다. 당쟁에 찌들고 유교적 가부장제에 얽매여 쇠락의 길을 거듭해왔다는 기존의 이미지와는 달리, 이 책에서 드러나는 조선 전기는 역동적이며 또한 새로운 전통을 확립해나가는 시기였다.",https://image.aladin.co.kr/product/42/53/cover500/8971966904_2.jpg, 한국생활사박물관편찬위원회 지음, 사계절,2005
역사,(한국 근대 기업의 선구자)수당 김연수,,https://image.aladin.co.kr/product/451/25/cover500/8970651926_1.jpg, 유영수 지음, 홍익출판사,2009
역사,고전 소설 속 역사여행,,https://image.aladin.co.kr/product/37/20/cover500/8971991496_1.jpg, 신병주;노대환 지음, 돌베개,2007
역사,강대국의 흥망,,https://image.aladin.co.kr/product/24/68/cover500/8947520233_3.jpg, 폴 케네디 지음;이일주 옮김, 韓國經濟新聞社,2009
역사,강대국의 흥망,,https://image.aladin.co.kr/product/24/68/cover500/8947520233_3.jpg, 폴 케네디 지음;이일주 옮김, 韓國經濟新聞社,2009
역사,태일이. 5: 불꽃이 되어,"고 조영래 변호사가 쓴 <전태일 평전> 과 전태일 수기 모음집인 <내 죽음을 헛되이 말라>에 기초하여 전태일의 삶을 만화로 살려 내었다. 5권에서는 방황하던 태일이 다시 평화시장으로 돌아와 평화시장의 열악한 노동 조건, 세상의 무관심과 싸우는 이야기가 펼쳐진다.",https://image.aladin.co.kr/product/331/82/cover500/8971993278_1.jpg, 박태옥 지음;최호철 그림, 돌베개,2009
역사,(영국화가 엘리자베스 키스의)코리아 1920~1940,1919년 3월 28일. 3.1운동이 일어난 지 채 한 달도 안 된 조선은 어떤 모습이었을까. 그리고 그 이후 1940년대까지 암울했던 식민지 조선의 사람들은 어떤 모습으로 어떻게 살고 있었을까. 한국을 사랑한 영국인 화가 엘리자베스 키스가 1920~1940년대 한국인들의 모습과 일상을 그림으로 표현했다.,https://image.aladin.co.kr/product/62/16/cover500/8991221149_1.jpg, 엘리자베스 키스;엘스펫 K. 로버트슨 스콧 지음;송영달 옮김, 책과함께,2008
역사,서울은 깊다,한국 근현대사를 전공하고 서울학연구소에서 10년 이상 서울사史 관련 연구를 해온 전우용이 서울에 대한 종합적인 종합적인 해설과 비평을 시도한다. 서울의 과거와 현재를 탐색하며 다양한 의미와 사연들을 들춘다. 200여 컷의 사진자료를 함께 담았다.,https://image.aladin.co.kr/product/212/76/cover500/897199309x_1.jpg, 전우용 지음, 돌베개,2009
역사,고전소설 속 역사기행,", , 등 한국인이라면 누구나 알고 있는 고전 소설을 통해 조선시대 사람들의 삶과 역사를 들여다본 대중 역사서이다. '조선시대 사람들은 과연 소설처럼 살았을까'라는 호기심을 바탕으로 고전 소설 속에서 역사의 한 단면을 끄집어내 살아 있는 역사 이야기로 재구성했다. 2002년 출판된 책의 개정 증보판이다.",https://image.aladin.co.kr/product/57/18/cover500/8971992166_1.jpg, 신병주;노대환 지음, 돌베개,2011
역사,동방견문록,"시리즈의 두 번째 권은 마르크 폴로의 . 마르코 풀로가 아버지를 따라 동방으로 떠난 25년 동안 중국 대륙과 인도를 여행한 기록이다. 13세기 유럽인의 눈에 비친 '동방'의 풍습, 문화, 종교 등의 다양한 면모를 읽을 수 있다.",https://image.aladin.co.kr/product/53/20/cover500/8974832410_1.jpg, 마르코 폴로;루스티켈로 [공]지음;배진영 엮어옮김, 서해문집,2011
역사,조선시대 사람들은 어떻게 살았을까. 2: 정치·문화생활 이야기,"조선시대 사람살이의 구체적인 생활 모습을 보여주는 책이다. 지배층만의 역사가 아닌 당시 사회 구성원 전체의 역사, 딱닥한 제도의 틀에 갇히지 않고 삶의 실상을 알려주는 역사를 전해준다. 1996년 출간되었던 책의 개정판으로 정치, 문화 생활 편이다.",https://image.aladin.co.kr/product/13/21/cover500/8972783870_2.jpg, 한국역사연구회 지음, 청년사,2011
역사,(한국 근대 기업의 선구자)수당 김연수,,https://image.aladin.co.kr/product/451/25/cover500/8970651926_1.jpg, 유영수 지음, 홍익출판사,2009
역사,(콤플렉스의 나라)일본,"일본에서의 경험이 쌓여 갈수록 일본이라는 사회가 자신이 기대했던 선진국에 못 미치는 점이 너무 많다는 사실을 느낀 지은이는 이 책을 통해 일본에 대한 좀 더 객관적인 이해의 틀을 제공하고자 한다. 즉 예의, 친절, 청결, 검소 등 자주 이야기되는 일본의 덕목들이 사실은 덕목이 아니라 단점일 수 있다는 사실을 깨닫게 되었다고.",https://image.aladin.co.kr/product/29/23/cover500/8932460728_1.gif, 김영명 지음, 을유문화사,2001
역사,십자군 이야기. 3,"<로마인 이야기>의 작가 시오노 나나미의 십자군 이야기 완결편. 십자군 전쟁에서 역사가들은 광기와 사망자 숫자, 증오와 원한에 찬 비극의 기원을 발견하지만, 시오노 나나미는 인간의 욕망과 의지가 만들어낸 장대한 드라마를 발견하고, 그 빛과 어둠 속에서 매혹적인 인간 군상의 스토리를 압도적으로 그려낸다.",https://image.aladin.co.kr/product/1648/47/cover500/8954615228_1.jpg, 시오노 나나미 지음;송태욱 옮김, 문학동네,2012
역사,특강,"한홍구 교수의 한국 현대사 강의를 엮은 책이다. 저자는 우리의 눈앞에서 벌어지고 있는 사건과 쟁점을 주제 삼아 2008년 10월부터 12월까지 여덟 번에 걸쳐 '대한민국사 특강'을 했다. 이 강의를 가로지르는 문제의식과 원칙은 간단했다. 한홍구 교수가 보기에 지금 역사를 되돌리려는 자들은 있었던 것을 없었다 하고, 없었던 것을 있었다 하는 소망으로서의 역사를 가르치려한다는 것이다.",https://image.aladin.co.kr/product/355/25/cover500/8984313238_1.jpg, 한홍구 지음, 한겨레,2012
역사,정약용과 그의 형제들. 1: 새시대를 열어간 사람들,"지배권력의 공격 속에서 좌초된 꿈을 학문으로 승화시킨 정약용, 박해로 점철된 삶을 민중과 자연에 대한 사랑으로 승화시킨 생태학자 정약전, 한국 천주교사에 길이 남을 교리연구자이자 신념의 순교자였던 정약종. 그들 삶의 방식은 판이하게 달랐으나, 삶이 물어오는 질문들에 답하는 태도는 한결 같았다.",https://image.aladin.co.kr/product/48/89/cover500/8934914505_1.gif, 이덕일 지음, 김영사,2012
역사,역사의 쓸모,"수백 년 전 이야기로 오늘의 고민을 해결하는 방법을 알려주는 세상에서 가장 실용적인 역사 사용 설명로, 역사가 외워야 할 것이 많은 골치 아픈 과목이 아니라 우리 삶의 방향을 제시해주는 안내서라고 말한다.",https://image.aladin.co.kr/product/19433/93/cover500/k152635416_2.jpg, 최태성 지음, 다산초당,2019
역사,대한민국史. 1: 단군에서 김두한까지,지은이는 구호 속의 '대한민국'이 아니라 진정한 대한민국으로 거듭나려면 '편향을 거부하는 눈'으로 역사를 읽어야 한다며 보수와 진보 어느 쪽으로도 기울지 않는 시각을 보여주고 있다.,https://image.aladin.co.kr/product/40/10/cover500/8984310859_2.jpg, 한홍구 지음, 한겨레신문사,2010
역사,대한민국史. 2: 아리랑 김산에서 월남 김상사까지,"대한민국사 1권을 통해 재치있는 입담으로 소설보다 재미있는 역사, 영화보다 짜릿한 역사를 선보였던 한홍구 교수가 이번에는 '전쟁과 평화'를 화두로 를 펴냈다.",https://image.aladin.co.kr/product/42/8/cover500/8984310972_1.gif, 한홍구 지음, 한겨레신문사,2011
역사,대한민국史. 2: 아리랑 김산에서 월남 김상사까지,"대한민국사 1권을 통해 재치있는 입담으로 소설보다 재미있는 역사, 영화보다 짜릿한 역사를 선보였던 한홍구 교수가 이번에는 '전쟁과 평화'를 화두로 를 펴냈다.",https://image.aladin.co.kr/product/42/8/cover500/8984310972_1.gif, 한홍구 지음, 한겨레신문사,2011
역사,100인의 인물로 본 우리역사,삼국시대부터 현대에 이르기까지 100인의 인물을 중심으로 우리 역사를 조망했다. 저자가 그동안 수년에 걸쳐 우리 역사의 중요한 인물들의 삶의 궤적을 추적하여 언론에 기고하거나 SNS 등에 쓴 글들을 새롭게 종합 정리했다.,https://image.aladin.co.kr/product/27521/72/cover500/k962733293_1.jpg, 서정욱 지음, 글통,2022
역사,(청소년을 위한)한국사,"사건나열식으로 이루어진 국사교과서의 기술방법에서 벗어나 한국사를 인과적인 서술로 구성했다. 청소년의 눈높이에 맞춰 너무 어려운 어휘라든지 개념들을 피하고, 또는 흥미성에 치중한 나머지 지나치게 주변적인 이야기에 머물거나 역사를 왜곡하는 일이 없도록 균형을 잡으려는 노력을 했다.",https://image.aladin.co.kr/product/19/45/cover500/8977151376_2.jpg, 백유선;신부식;임태경 지음;김영민 그림, 두리미디어,2012
역사,정약용과 그의 형제들. 1: 새 시대를 열어간 사람들,"지배권력의 공격 속에서 좌초된 꿈을 학문으로 승화시킨 정약용, 박해로 점철된 삶을 민중과 자연에 대한 사랑으로 승화시킨 생태학자 정약전, 한국 천주교사에 길이 남을 교리연구자이자 신념의 순교자였던 정약종. 그들 삶의 방식은 판이하게 달랐으나, 삶이 물어오는 질문들에 답하는 태도는 한결 같았다.",https://image.aladin.co.kr/product/48/89/cover500/8934914505_1.gif, 이덕일 지음, 김영사,2007
역사,이산 정조대왕,"18세기는 조선의 마지막 불꽃을 태운 시기였다. 그리고 그 드라마틱한 현장의 중심에는 정조가 있었다. , 를 지었던 이상각씨는 이 책에서 조선 역사상 역동적인 시대에 드라마틱하게 살다간 정조대왕을 전면적으로 재구성한다.",https://image.aladin.co.kr/product/94/6/cover500/8992355084_1.jpg, 이상각 지음, 추수밭,2007
역사,사흘만 볼 수 있다면,"널리 알려진 헬렌 켈러의 자서전 <The Story of my Life>와 그녀가 50대에 남긴 에세이 <Three Days to See>를 묶은 책이다. 그동안 발췌 축약된 아동용이나, 완전하게 번역되지 않은 책으로만 소개된 헬렌 켈러의 자전적인 글을 완역했다.",https://image.aladin.co.kr/product/55/94/cover500/8989763517_1.jpg, 헬렌 켈러 지음;이창식, 산해,2007
역사,한국 현대사 산책:1950년대편. 2,"지은이는 6.25 전쟁을 유혈적인 참극이라는 점 외에도, 수천 년 동안 내려온 신분제와 그에 따른 도덕체계를 붕괴시킨 전쟁이며 생존이라는 몸부림 앞에 갖가지 부정부패와 '빽' 과 연줄을 만들고 합리화시켰던 전쟁이라는 다각적인 시각으로 바라보며 이로부터 한국사회를 이해하는 실마리를 찾는다.",https://image.aladin.co.kr/product/50/46/cover500/8988410947_1.jpg, 강준만 지음, 인물과사상사,2007
역사,한국 현대사 산책:1960년대편. 3,1940년대부터 1980년대까지의 한국 현대사를 10년 단위로 나눠 조망한 '한국 현대사 산책' 시리즈의 1960년대 편. '기회주의'를 한국인의 삶을 지배해 온 가장 강력한 이데올로기로 지적하며 이를 통해 한국 사회를 바라보는 새로운 시각을 제시한다.,https://image.aladin.co.kr/product/51/80/cover500/8959060003_1.jpg, 강준만 지음, 인물과사상사,2007
역사,한국 현대사 산책:1980년대편. 4,1980년 5월 계엄령 선포와 신군부의 광주학살로 그 비극적인 시작을 알린 80년대. 5공은 규제 철폐와 통제가 반복되는 이중적인 대중문화 정책을 펴며 국민들을 압박하였다. 1987년의 6월 항쟁과 5공이 '전가의 보도'처럼 애용했던 1988년의 서울올림픽 등 80년대의 굵직한 사건들이 시간순으로 긴박하게 펼쳐진다.,https://image.aladin.co.kr/product/41/41/cover500/8988410769_1.jpg, 강준만 지음, 인물과사상사,2007
역사,한국 현대사 산책:1990년대편. 2,"한국 현대사를 시대별로 입체적으로 조명한 강준만의 한국 현대사 산책 시리즈의 1990년대편. 3당 합당, 김영삼과 김대중 정부, IMF 구제금융체제, 스타벅스의 한국 진출 등 당대의 중대한 사건들을 살펴보며 우리 시대를 규정한 코드들을 명쾌하게 제시한다.",https://image.aladin.co.kr/product/66/71/cover500/895906033x_1.jpg, 강준만 지음, 인물과사상사,2007
역사,중국 100배 즐기기,"여행을 떠나고 싶은 마음은 굴뚝같지만 무엇부터 준비해야 좋을지, 어디를 가야 좋을지 모르는 여행자의 고민을 한 번에 해결해주는 책으로, 중국의 4개 시 22개 성 3개 자치구의 94개 도시를 체계적이고 상세하게 소개하고 있다.",https://image.aladin.co.kr/product/3564/55/cover500/8925551160_1.jpg, 전명윤;김영남 [공]지음, RHK(알에이치코리아),2014
역사,규장각 그 역사와 문화의 재발견,,https://image.aladin.co.kr/product/447/89/cover500/8952110544_1.jpg, 김문식 외 지음, 서울대학교 출판문화원,2009
역사,규장각에서 찾은 조선의 명품들,"규장각에 소장된 수많은 작품 중에서 대표적이라 할 작품들을 골라 그 내용과 저자, 탄생배경 등을 소개하고 그 현재적 의미와 가치를 소개한 책. , 등의 지은이이며, 15년간 규장각 연구원으로 활동해온 신병주 학예연구사가 집필했다.",https://image.aladin.co.kr/product/97/79/cover500/8991221289_1.jpg, 신병주 지음, 책과함께,2007
역사,"나의 문화유산답사기 일본편. 3: 교토의 역사, 오늘의 교토는 이렇게 만들어졌다",<나의 문화유산답사기> 일본편. 3권에서는 교토 각지에 흩어진 유물과 유적을 일본 역사의 흐름에 따라 소개하고 있으며 특히 고대와 중세에 걸쳐 한반도에서 건너간 도래인의 흔적을 통해 한일관계의 문화사적 복원과 회복에 주력한다.,https://image.aladin.co.kr/product/4005/60/cover500/8936472437_2.jpg, 유홍준 지음, 창비,2014
역사,본격 제2차 세계대전만화. 2,"2007년, 흔히 '오타쿠'의 집합소로 일컬어지는 디시인사이드(www.dcinside.com)와 이글루스(www.egloos.com)에서 정식 연재되지 않은 웹툰 한 편이 파란을 일으켰다. '굽시니스트'라는 생소한 닉네임의 작가는 전공도다운 박학다식함으로 역사만화와 기발한 센스가 넘치는 개그만화를 적절히 혼합한 웹툰을 선보였다.",https://image.aladin.co.kr/product/261/25/cover500/8959192155_1.jpg, 굽시니스트 지음, 애니북스,2011
역사,징비록,"한국고전 기록문학 시리즈. 7년여에 걸친 전란 동안 조선의 백성들이 겪어야 했던 참혹한 상황을 기록하고 일본의 만행을 성토하면서, 그러한 비극을 피할 수 없었던 조선의 문제점을 낱낱이 파헤침으로써 후대에 교훈을 전하는 고전 「징비록」을 다룬다.",https://image.aladin.co.kr/product/5311/57/cover500/s422636576_1.jpg, 류성룡 지음;오세진;신재훈;박희정 역해, 홍익출판사,2019
역사,(지리 샘과 함께하는)시간을 걷는 인문학,"각각의 길을 둘러싼 사건과 사람들, 지리적 특징을 이정표 삼아 사회, 문화, 경제, 환경 등의 주제로 인문학 여행을 떠난다. 익숙히 들어 본 역사 속의 길뿐만 아니라 우리 주변 일상적 장소들을 탐방하며 지식을 얻고, 다양한 관점을 키워나가는 인문 지리 교양서다.",https://image.aladin.co.kr/product/21342/16/cover500/k912636585_1.jpg, 조지욱 지음, 사계절,2019
역사,일제 조선토지 조사사업 수탈성의 진실,,https://image.aladin.co.kr/product/21416/3/cover500/8930040233_1.jpg, 신용하 지음, 나남,2019
역사,해암 이종덕,,https://image.aladin.co.kr/product/3296/22/cover500/scm3172272699169.jpg, 유영수, 홍익출판사,2010
역사,마르코 폴로의 동방견문록,마르코 폴로의 은 13세기 후반 이후 서구인들에게 동방에 대한 꿈과 환상을 심어주고 상상력의 원천이 되었던 책. 그동안 중앙아시아사를 깊이 있게 연구해온 역자가 소실된 원본에 가장 가까운 판본으로 평가받고 있는 프랑스 지리학회본(F본)을 근본으로 하고 18종의 여러 판본을 토대로 해 을 충실히 완역해냈다.,https://image.aladin.co.kr/product/23/82/cover500/897196698x_2.jpg, 마르코 폴로 지음;김호동 옮김, 실천문학사,2008
역사,마르코 폴로의 동방견문록,마르코 폴로의 은 13세기 후반 이후 서구인들에게 동방에 대한 꿈과 환상을 심어주고 상상력의 원천이 되었던 책. 그동안 중앙아시아사를 깊이 있게 연구해온 역자가 소실된 원본에 가장 가까운 판본으로 평가받고 있는 프랑스 지리학회본(F본)을 근본으로 하고 18종의 여러 판본을 토대로 해 을 충실히 완역해냈다.,https://image.aladin.co.kr/product/23/82/cover500/897196698x_2.jpg, 마르코 폴로 지음;김호동 옮김, 실천문학사,2008
역사,전태일 평전,"<전태일 평전>개정판. 청소년들에게 더욱 친숙하고 정감 넘치도록 형식과 내용을 바꾸었으며, 원본과 저자의 뜻이 왜곡되지 않고 정확하게 전달되도록 만들어졌다. 이 책은 불꽃 같은 삶을 살다 간 노동자 전태일의 일대기다. 평화시장 어린 동심들의 고통에 항상 가슴 저려 하며, 그들을 위해 스물 둘의 젊음을 불길 속에 내던졌던 청년노동자 전태일의 삶과 투쟁을 이야기한다.",https://image.aladin.co.kr/product/360/37/cover500/8996187429_2.jpg, 조영래 지음, 전태일기념사업회,2010
역사,규장각에서 찾은 조선의 명품들,"규장각에 소장된 수많은 작품 중에서 대표적이라 할 작품들을 골라 그 내용과 저자, 탄생배경 등을 소개하고 그 현재적 의미와 가치를 소개한 책. , 등의 지은이이며, 15년간 규장각 연구원으로 활동해온 신병주 학예연구사가 집필했다.",https://image.aladin.co.kr/product/97/79/cover500/8991221289_1.jpg, 신병주 지음, 책과함께,2007
역사,독립운동 사적지를 찾아서.2. 2: 충청·전라,,https://image.aladin.co.kr/product/6751/71/cover500/scm147863865343.jpg, 독립기념관한국독립운동사연구소 편, 국가보훈처,2012
역사,국가수호 사적지를 찾아서,,https://image.aladin.co.kr/product/8308/4/cover500/scm1241584307121.jpg, 독립기념관한국독립운동사연구소 편, 국가보훈처,2012
역사,(세계사를 바꾼)인천의 전쟁,"한반도 800년 전쟁 역사를 '인천' 중심으로 바라본 책. 여몽전쟁, 임진왜란, 정묘.병자호란, 병인.신미양요, 청일전쟁, 러일전쟁, 한국전쟁, 서해에서 벌어진 남북 간 교전 등을 담고 있다.",https://image.aladin.co.kr/product/1949/24/cover500/8967500025_1.jpg, 경인일보 특별취재팀, 다인아트,2012
역사,조선왕비 오백년사,"유교적 여성관에 순종하지 않으면 마녀사냥의 희생자가 될 수밖에 없었으며, 생존하기 위해서 남성들보다 훨씬 더 기민하게 지지세력을 만들어내고 권력을 휘두를 수밖에 없었던 조선의 왕비들을 다룬다. 정치게임에서 패배한 왕비들은 폐비가 되기도 했고 친정 집안까지도 멸문으로 이끌게 되는 경우가 허다했다.",https://image.aladin.co.kr/product/225/10/cover500/8975470806_1.jpg, 윤정란 지음, 이가,2008
역사,코타키나발루,"1000만 독자의 사랑을 받은 국내 최초의 정통 가이드북 '100배 즐기기'가 휴양지 여행자를 위한 콤팩트 버전 '미니 100배 즐기기' 시리즈를 출간했다. 한눈에 '쏙' 들어오는 디자인, 손안에 '쏙' 들어오는 사이즈, 미니백에 '쏙' 들어가도 부담 없는 무게로 여행자를 쉽고 편한 여행으로 안내한다.",https://image.aladin.co.kr/product/9760/7/cover500/8925560607_1.jpg," 한혜원,박진주 지음", 알에이치코리아,2016
역사,Tripful. 4: 오카나와,"Tripful 시리즈 4번째, 오키나와 여행 가이드. 오키나와의 아픈 역사를 통해 여행의 깊이를 더하고자 만들었다. 오키나와 4개 지역의 바다별 특색과 레포츠, 맛집 정보 등 알기 쉽게 취합했고 오키나와 여행의 중요한 부분인 렌터카 정보도 자세히 수록했다.",https://image.aladin.co.kr/product/11986/48/cover500/k212531639_1.jpg, 이착희 지음, Easy＆books,2017
역사,시크릿 Hong Kong,"<시크릿 홍콩>이 2015~2016년 최신 개정판. <시크릿 홍콩> 개정판의 하이라이트는 동양 속 작은 유럽이라 불리는 마카오를 추가 수록한 것이다. 마카오에서 요즘 가장 뜨는 관광, 레스토랑, 카페, 쇼핑 스폿 70곳을 추가해 내용이 더욱 알차고 새로워졌다.",https://image.aladin.co.kr/product/4950/51/cover500/8952772296_1.jpg, 신중숙 지음, 시공사,2016
역사,(설민석의)한국사는 살아있다. 2,"한국사와 색칠놀이의 장점(감각, 정서, 소근육 발달)은 그대로 가져오고, 최신기술인 증강현실을 접목한 ‘스마트 도서’이다. ‘스마트 도서’는 아이들에게 지속적으로 흥미유발을 하며 새로운 정보를 전달할 수 있는 장점이 있다.",https://image.aladin.co.kr/product/12866/84/cover500/8998563509_1.jpg, 설민석 저;김미정 일러스트, 단꿈교육,2018
역사,(어린이의)미래를 여는 역사. 3: 화해와 평화,"전쟁이 바꾸어놓은 세 나라 사람들의 삶을 살펴본다. 일본은 나라를 개혁하고, 중국에는 새 나라가 들어서며 한국에는 또다시 분단의 아픔이 찾아온다. 교과서의 역사 왜곡 문제, 야스쿠니 신사 문제, 군위안부 피해자 보상 문제 등 우리 삶과 보다 맞닿아 있는 문제들도 살펴본다.",https://image.aladin.co.kr/product/99/39/cover500/8984312460_1.jpg, 김한조 지음, 한겨레아이들,2007
역사,전태일 평전,"<전태일 평전>개정판. 청소년들에게 더욱 친숙하고 정감 넘치도록 형식과 내용을 바꾸었으며, 원본과 저자의 뜻이 왜곡되지 않고 정확하게 전달되도록 만들어졌다. 이 책은 불꽃 같은 삶을 살다 간 노동자 전태일의 일대기다. 평화시장 어린 동심들의 고통에 항상 가슴 저려 하며, 그들을 위해 스물 둘의 젊음을 불길 속에 내던졌던 청년노동자 전태일의 삶과 투쟁을 이야기한다.",https://image.aladin.co.kr/product/360/37/cover500/8996187429_2.jpg, 조영래 지음, 전태일기념사업회,2010
역사,커피가 돌고 세계史가 돌고,커피에 매료된 저자가 커피라는 상품의 역사를 현대문명의 하나의 우화로서 서술하고 있는 책이다. 이 책은 우리 생활 속에서 익숙해진 커피라는 상품이 ‘어떤 방식으로 역사에 관여했는지’를 살피면서 자연스럽게 400여 년에 걸친 커피의 역사를 더듬어 나간다.,https://image.aladin.co.kr/product/282/37/cover500/8995919930_1.jpg, 우스이 류이치로 지음;김수경 옮김, 북북서,2008
역사,우리는 천사의 눈물을 보았다,"「조선일보」'아워 아시아Our Asia' 취재팀이 2007년 1월부터 10월까지 아시아와 아프리카 지역을 여행하며 만난 아이들의 이야기이다. 네팔과 인도, 파키스탄, 스리랑카, 버마, 캄보디아, 필리핀 등 아시아에서 시작된 여정은 두 개의 대양을 건너 아프리카의 케냐와 우간다까지 10개월간 이어졌다.",https://image.aladin.co.kr/product/200/37/cover500/8952751825_1.jpg, 박종인;한현우 지음, 시공사,2008
역사,(고교생이 꼭 알아야 할)한국사 개념서,교과서 학습을 도와주는 ‘참고서’를 뛰어넘어 한국사의 개념을 잡을 수 있는 ‘개념서’이다. 주요 내용을 꼼꼼하게 정리한 표인 ‘정리해 볼까요’는 학생이 종횡으로 선을 그으며 역사적 사실의 전후 관계를 확인하고 효율적으로 학습할 수 있도록 도와준다.,https://image.aladin.co.kr/product/3620/12/cover500/8965820588_1.jpg, 박찬영 지음, 리베르,2014
역사,(큰별쌤 최태성의 별별 한국사)한국사능력검정시험 고급 1·2급. 2,"큰별쌤 최태성의 별★별 한국사 한국사능력검정시험 시리즈. 판서의 장인 큰별쌤 최태성이 만들어 낸 아트 판서를 수록했다. 사료, 사진, 지도 등 풍부한 시험 빈출 자료와 함께 꼼꼼한 해설을 수록했으며, 기출문제로 개념과 유형을 익힐 수 있다.",https://image.aladin.co.kr/product/10361/58/cover500/k382536792_1.jpg, 최태성 지음, 이투스북,2017
역사,난중일기,조선 중기의 무신(武臣) 충무공 이순신이 임진왜란 7년 동안 일본군과 싸우면서 군중에서 쓴 일기이다. 《난중일기(亂中日記)》는 1962년 12월 20일 대한민국의 국보 제76호로 지정 당시 명칭은 ‘이충무공난중일기부서간첩임진장초(李忠武公亂中日記附書簡帖壬辰狀草)’다.,https://image.aladin.co.kr/product/29860/33/cover500/k192838129_2.jpg, 이순신 지음;장윤철 옮김, 스타북스,2022
역사,광화문 괴담,총 17개의 괴담을 해체하고 무질서하게 널린 사료들 속에서 진실을 발굴한다. 전문가들이 무책임하게 유통시킨 가짜뉴스부터 애국적 영웅담까지 사실과 다르게 알려진 역사를 박종인 기자 특유의 날카로운 문체로 파헤친다.,https://image.aladin.co.kr/product/30185/57/cover500/k262839993_1.jpg, 박종인 지음, 와이즈맵,2022
역사,"개혁하는 사람, 조광조","‘개혁’이라는 낱말과 떼래야 뗄 수 없는, 조선 중종 때 대사헌을 지낸 정암靜庵 조광조趙光祖의 삶과 사상을 다룬다. 역사적 사실과 사실 사이의 빈 곳을 역사적 상상력으로 채워 넣는 ‘팩션’ 형식을 빌려 조광조의 삶과 사상을 생동감 있게 그려냈다.",https://image.aladin.co.kr/product/29221/40/cover500/k342837896_1.jpg, 조성일 지음, 시간여행,2022
역사,(큰별쌤 최태성의 별★별한국사)7일의 기적,"7일 만에 한능검 합격 점수를 획득할 수 있도록 시험에 꼭 나오는 핵심 내용만을 압축하여 담았다. 20년 넘게 판서를 연구해 온 판서의 장인 큰별쌤이 핵심만을 모아 만들어낸 10개의 아트 판서를 수록하였고, 시험에 자주 나오는 기출 자료와 대표 기출문제를 선별하여 수록하였다.",https://image.aladin.co.kr/product/29224/96/cover500/k022837990_1.jpg, 최태성 지음, 이투스북,2022
역사,(큰별쌤 최태성의 별★별 한국사)한국사능력검정시험. 상,"시대의 흐름이 한눈에 보이는 큰별쌤의 아트 판서로 내용이 쉽게 정리된다. 시험에 자주 등장하는 사진, 도표, 지도, 사료 등을 모아 쉽게 해설하여 빈틈없이 대비할 수 있으며, 큰별쌤의 아트 판서 내용을 표로 정리하여 배운 내용을 복습할 수 있다.",https://image.aladin.co.kr/product/30684/57/cover500/k042830232_1.jpg, 최태성 외 지음, 이투스북,2022
역사,(노빈손)세종대왕의 화포를 지켜라,'신나는 노빈손 한국사 시리즈'의 2권. 노빈손이 세종대왕과 장영실을 만나 조선 초기의 문화와 시대를 앞서간 과학을 체험하는 내용을 담은 책이다. 장씨 성을 가진 사람을 도와주라는 규장각 분점 할아버지의 특명을 받고 다시 조선으로 온 노빈손. 기다리고 있던 주막에서 만난 것은 뜻밖에도 장영실이었다.,https://image.aladin.co.kr/product/278/23/cover500/8958072466_1.jpg, 남동욱 지음;이우일 그림, 뜨인돌출판사,2008
역사,세계의 역사를 뒤바꾼 1000가지 사건,"<세계의 역사를 뒤바꾼 1000가지 사건>은 콜럼버스가 아메리카 대륙을 발견한 날의 일지부터 욕실의 두루마리 화장지를 만든 사건까지, 누구에게나 관련이 있을 수밖에 없는 사건들을 다루고 있다. 선사시대부터 현대에 이르는 역사를 중요한 시대적 구분에 따라 모두 7개의 장에 걸쳐 서술하고 있다.",https://image.aladin.co.kr/product/712/25/cover500/8962602059_1.jpg, 내셔널지오그래픽 지음;오승훈 옮김, 지식갤러리,2012
역사,그들이 세상을 바꾼다. 1,"더불어 사는 지구 시리즈 38권. 프랑스의 다큐멘터리 연출가인 마리-엘렌 드 슈리제가 남편과 다섯 명의 자녀들과 함께 떠난 세계 여행에서 만난 70명의 실제 이야기를 엮은 책이다. 1권에서는 ‘네 꿈이 미래를 만든다’, ‘인간을 세계의 중심에!’, ‘지구를 위해 나서다’라는 주제로 분류하여 소개한다.",https://image.aladin.co.kr/product/1697/79/cover500/8992161379_1.jpg, 마리-엘렌 드 슈리제 엮음;이효숙 옮김, 초록개구리,2012
역사,(외우지 않고 통으로 이해하는)통한국사. 2: 조선에서 현대까지,"2009년 출간된 <통세계사>는 출간과 동시에 베스트셀러 반열에 오르며 많은 독자들의 사랑을 받았다. 이후 통시리즈는 청소년의 역사교양서로 확실히 자리매김했다. 그리고 마침내 2012년, 우리 역사를 다룬 <통한국사>를 펴내게 되었다.",https://image.aladin.co.kr/product/1928/7/cover500/8963707733_1.jpg, 김상훈 지음, 다산에듀,2013
역사,서울의 숨은 골목,"C&M 케이블 방송에서 1년 동안 방영된 다큐 <로드 에세이, 골목에서 서울을 만나다>를 단행본으로 엮었다. 봄 여름 가을 겨울, 사계절 동안 서울의 골목 30곳을 걸으며 만난 풍경을 다채로운 언어로 표현하고, 그곳에서 살아가는 사람들의 인터뷰를 담은 골목 여행 에세이다.",https://image.aladin.co.kr/product/1728/68/cover500/8927803337_1.jpg, 이동미 지음, 중앙books,2012
역사,(청소년을 위한)역사란 무엇인가,"역사적 사고력을 강조하는 새로운 역사책. 역사란 무엇인지, 역사는 어떻게 쓰여 왔는지, 무엇을 다루는지 등 역사에 대한 본질적인 질문에 스스로 답할 수 있게 되면 어떤 문제가 나와도 자신만의 관점에서 답을 써 내려갈 수 있다고 저자는 강조한다.",https://image.aladin.co.kr/product/249/53/cover500/8952209826_1.jpg, 최경석 지음, 살림Friends,2013
역사,(교과서에 나오는)유네스코 세계 문화유산 : 대한민국,"초.중.고 교과서에 수록된 우리나라의 세계 문화유산과 기록 유산, 무형 유산, 자연 유산을 전문 사진가가 찍은 현장감 넘치는 생생한 사진과 실감 나는 경험, 상세한 정보로 소개한다. '대한민국' 편에서는 교과서에 나오는 문화유산을 상세히 소개하여 아이들이 학교에서 배우는 역사와의 연관성 속에서 문화유산의 의미와 가치를 알도록 하는 데 초점을 맞추었다.",https://image.aladin.co.kr/product/1183/66/cover500/8952762010_3.jpg, 이형준 지음, 시공주니어,2012
역사,네가 있어 나는 멈출 수 없다,"2012년 출간된 <네가 있어 나는 멈출 수 없다>의 어린이판이다. 작고 힘없는 시골 마을 소년들이 어떻게 세계 최고의 축구선수가 되었는지 자세히 알아보고, 그들에게 배워야 할 점은 무엇인지에 대해서도 생각하는 시간을 갖도록 하였다.",https://image.aladin.co.kr/product/2267/45/cover500/8988388496_1.jpg, 김정민 글;이미경 그림, 푸르름,2013
역사,여행의 기술,"<왜 나는 너를 사랑하는가>의 작가 알랭 드 보통이 전하는 여행 이야기. 보들레르, 플로베르, 워즈워스, 고흐, 호퍼, 버크, 러스킨, 위스망스 등의 예술가들을 안내자로 삼아 '왜 여행을 떠나는가?'부터 '여행의 최종 목적지는 어디인가?'에 이르기까지, '여행'을 테마로 던질 수 있는 모든 질문들에 대한 성찰을 유도하고 그 해답을 제시하는 책이다.",https://image.aladin.co.kr/product/1416/35/cover500/8986836440_1.jpg, 알랭 드 보통 지음;정영목 옮김, 청미래,2011
역사,역사저널 그날. 1: 태조에서 세종까지,"KBS [역사저널 그날]을 시대 순으로 재구성한 책으로, 역사를 바꾼 이 결정적인 '그날'들을 통해 우리가 몰랐던 한국사 속 진실과 이야기들을 생생하게 전달한다. 1권에서는 고려 말의 혼란을 수습하고 새 왕조를 개창해 국가의 기틀을 잡아 나가는 조선 건국의 주역들 이야기를 담았다.",https://image.aladin.co.kr/product/5311/28/cover500/8937417014_2.jpg, KBS역사저널그날제작팀 지음, 민음사,2015
역사,(2023) 에듀윌 한국사능력검정시험 시대별×회차별,"한국사능력검정시험 심화를 대비할 수 있는 시대별×회차별 기출문제집이다. 기출로 개념부터 실전까지 대비할 수 있다. 1권 시대별 기출문제집으로 약점만 콕콕 짚고, 2권 회차별 기출문제집으로 실전 감각을 완성할 수 있도록 구성하였다.",https://image.aladin.co.kr/product/31376/15/cover500/k522832906_1.jpg, 에듀윌 한국사교육연구소 지음, 에듀윌,2023
역사,(나를 부르는)숲,"빌 브라이슨은 20년간 영국에서 살다가 미국으로 돌아가, 조지아 주에서 메인 주에 이르는 3천360킬로미터의 애팔래치아 트레일 종주를 결심한다. 그것이 그가 다시 고국과 친해지는 방식이었다. 책은 그가 애팔래치아 트래일 종주를 하는 동안 만난 숲과 호수의 놀라운 경치, 낯설고 흥미로운 인물들의 이야기와 함께, 마지막 남은 위대한 자연을 보존해야 한다는 호소를 담고 있다.",https://image.aladin.co.kr/product/197/5/cover500/8970905561_1.jpg, 빌 브라이슨 지음;홍은택 옮김, 동아일보사,2008
역사,빌 브라이슨 발칙한 영어 산책,"베스트셀러 작가 빌 브라이슨이 이번에도 놀라운 책을 가지고 나왔다. 특유의 재치와 입담으로 현존하는 가장 유머러스한 작가로서 인정받아 온 그가 이번에는 영어를 둘러싼 미국의 역사를 종횡무진 누빈다. 미국인조차 잘못 알고 있는 역사 상식, 일반인들이 잘 알지 못하는 영어 표현의 유래, 역사의 뒤안길에 묻힌 보석 같은 이야기들은 읽는 즐거움이 무엇인지를 새삼 실감나게 한다.",https://image.aladin.co.kr/product/364/1/cover500/8952211065_1.jpg, 빌 브라이슨 지음;정경옥 옮김, 살림,2013
역사,스무살은 처음이라,"고등학생 때 <우물 밖 여고생>을 출간한 국내 최연소 여행작가 슬구(신슬기)의 <스무 살은 처음이라>. 어떻게 살아야 할지 몰라 얼렁뚱땅 막무가내로 휘청거리지만, 반짝이는 세상의 스무 살들에게 보내는 솔직한 고백이자 위로와 응원이다.",https://image.aladin.co.kr/product/14431/49/cover500/8967820747_1.jpg, 슬구 글·사진, 푸른향기,2020
역사,위대하고 아름다운 십 대 이야기,주어진 현실을 회피하지 않고 당당히 맞서며 자신의 삶을 밀고 나간 세계 여러 나라 십 대 10명의 이야기를 담고 있다. 위대한 업적을 남긴 어른들의 이야기가 아니라 세상을 변화시키기 위해 끊임없이 노력한 청소년 여러분 또래 친구들의 이야기라 더욱 공감이 간다.,https://image.aladin.co.kr/product/25092/86/cover500/k942632958_1.jpg, 박일환 지음, 청어람e,2020
역사,세계지리 만화 교과서,스물세개의 이야기로 개정된 고등학교 세계지리 과목의 내용 순으로 전개되는 세계지리 만화 교과서. 세계 여행을 꿈꾸거나 다른 나라 사람들의 삶과 환경에 관심이 많은 초등학생 이상의 미래 여행가들에게는 교양 도서로. 대학수학능력시험을 대비하는 수험생에게는 세계지리 과목 기초 도서로서 읽혀지기 바란다.,https://image.aladin.co.kr/product/597/74/cover500/8960981044_1.jpg, 전국지리교사모임 지음, 씨앤톡,2011
역사,조선평전,"조선시대 정치, 사회, 문화의 사건과 풍경들을 60갑자의 틀 속에 담아낸 '조선평전'. 조선시대 역사의 진면목들을 흥미롭게 펼쳐내면서도, 한편으로는 현재와 대화하는 방식으로 서술했다. 이미 여러 권의 대중 역사서를 집필한 저자는 ""역사는 박물관 속에 갇혀 있을 때보다 이를 되살려내 현재화시킬 때 의미가 있다""고 보고 조선시대 역사의 전면적 현대화를 이 책을 통해 실천하고 있다.",https://image.aladin.co.kr/product/1132/22/cover500/8993905576_1.jpg, 신병주 지음, 글항아리,2011
역사,(해동성국)발해,"저자가 《찬란했던 700년의 역사, 고구려》에 이어 어린이와 청소년을 위해 집필한 두 번째 책으로, 민족주의적 사관에서 벗어나 한국, 중국, 일본 사서에 남아 있는 발해 역사에 대한 기록과 발해의 유물들을 통해 객관적인 역사적 사실을 밝히고자 했다.",https://image.aladin.co.kr/product/103/9/cover500/8973316990_1.jpg, 이이화 지음;김태현 그림, 사파리,2010
역사,(아! 그렇구나)우리 역사. 1: 원시시대,"전문 역사학자가 들려주는 '아! 그렇구나 우리 역사' 시리즈의 첫번째 권. 초등 고학년 어린이와 중학생을 대상으로 하여 우리 역사에 대한 자세한 이야기를 전해 준다. 10대 전반의 눈높이에 맞추어 사진과 그림을 충분히 활용했다. 모두 17권으로 구성되었고, 현재 2권이 나왔다.",https://image.aladin.co.kr/product/38/86/cover500/898999506x_1.gif, 송호정 지음;김은정 그림, 고래실,2003
역사,앉아서 지구의 크기를 재다,이 세상은 어떻게 이루어졌을까? 정말 땅이 이동했을까? 태풍은 왜 불까? 엘니뇨와 라니냐는 왜 남매로 불릴까? 화산과 쓰나미는 왜 같은 곳에서 반복될까? 책은 이런 자연 지리적인 궁금증을 푸는 열쇠를 담고 있다.,https://image.aladin.co.kr/product/68/90/cover500/8937841894_1.jpg, 장수하늘소 지음;이현주 그림, 아이세움,2010
역사,(역사저널)그날. 2: 문종에서 연산군까지,"KBS [역사저널 그날]을 시대 순으로 재구성한 책으로, 역사를 바꾼 이 결정적인 '그날'들을 통해 우리가 몰랐던 한국사 속 진실과 이야기들을 생생하게 전달한다. 2권에서는 혼란을 쿠데타로 잠재운 세조, 세조 대 공신 정치의 폐해, 연산군의 폭정과 복수 등을 다룬다.",https://image.aladin.co.kr/product/5311/30/cover500/8937417022_2.jpg, KBS역사저널그날제작팀 지음, 민음사,2015
역사,(마주 보는)세계사교실. 1: 고대 문명이 꽃피다,"우리나라 소장 연구자들이 우리 아이들을 위해 쓴 세계사 통사이다. 서구 중심적인 시각에서 유럽사의 비중이 높은 기존의 세계사 책들의 관점에서 벗어나 교류와 통합의 관점으로 세계사를 재구성하였다. 아울러 동양사와 아프리카, 아메리카 역사의 비중을 높여 양적으로도 균형을 이룰 수 있도록 배려했다.",https://image.aladin.co.kr/product/102/17/cover500/8901074974_2.jpg, 강선주 지음;강전희;김수현 그림, 웅진주니어,2010
역사,"(마주 보는)세계사교실. 4: 지구촌시대가 열리다, 1400년~1600년","세계사 입문서의 새로운 대세로 자리매김한 의 네 번째 책. 드디어 펼쳐진 대항해 시대! 전 지구가 하나로 엮이기 시작하는 시대를 만난다. 바다와 모험에 관한 멋진 이야기와, 고개를 드는 제국주의의 어두운 면을 모두 볼 수 있다.",https://image.aladin.co.kr/product/236/30/cover500/8901084988_1.jpg, 조영헌 지음;권재준;김수현 그림, 웅진주니어,2010
역사,중국 이야기,"중국의 과거부터 현재까지 역사, 문화, 사회를 살펴보고 중국의 참모습을 알아보는 책. 각 지방마다 다른 생활 풍습, 음식 문화, 언어는 물론 파란만장한 역사를 전반적으로 알아보는 구성이다.",https://image.aladin.co.kr/product/61/53/cover500/8937840758_1.jpg, 허용우 지음;김미경 그림, 아이세움,2009
역사,에밀레종의 비밀,"에밀레종(성덕대왕신종)을 둘러싼 담론들, 즉 국문학계, 역사학계, 미술사학계 등의 그간 견해에 의문을 던진다. 에밀레종전설은 과연 실화일까. 에밀레종은 우리나라의 국보 목록에 오른 고대예술품의 하나일 뿐인가, 에밀레종의 역사적 의미는 무엇이고, 또 현재적 의미는 무엇인지 묻고 답한다.",https://image.aladin.co.kr/product/216/63/cover500/899151068x_1.jpg, 성낙주 지음, 푸른역사,2008
역사,여행도 하고 돈도 버는 여행작가 한번 해볼까?,‘세계일주를 하기 위해’라는 이유로 과감하게 사표를 던지고 여행작가의 길을 걷고 있는 채지형 작가와 여행신문 기자였던 김남경 기자가 여행작가 지망생들에게 받아온 질문과 궁금증을 풀어주고자 한 책이다.,https://image.aladin.co.kr/product/450/53/cover500/8960861960_1.jpg, 채지형;김남경 지음, 위즈덤하우스,2011
역사,로마인 이야기. 10: 모든 길은 로마로 통한다,2002년 새롭게 내놓은 제10권 '모든 길은 로마로 통한다'는 바로 로마 1천년의 역사가 어떻게 장구하게 흘러갈 수 있었는지를 사회 인프라스트럭처 문제에 초점을 맞춰 기술하고 있다.,https://image.aladin.co.kr/product/33/41/cover500/8935653241_2.jpg, 시오노나나미;김석희 옮김, 한길사,2011
역사,로마인 이야기. 14: 그리스도의 승리,"기독교를 공인한 대제 콘스탄티누스가 죽은 뒤, 그 친족을 습격한 것은 피비린내나는 숙청이었다. 살아 남았던 대제의 조카 율리아누스는, 다신교의 가치관에 기초한 관용정신과 전통의 부활을 지향했다. 하지만 그 치세는 단명으로 끝나고, 기독교는 마침내 로마 제국의 국교로 자리 잡는 데 이르렀다.",https://image.aladin.co.kr/product/61/91/cover500/8935654876_2.jpg, 시오노나나미;김석희 옮김, 한길사,2011
역사,(쏭내관의 재미있는)궁궐 기행,"우리 궁궐에 대해 알아야 할 기본 상식에서부터 각 영역별 궁궐의 기능과 역사를 상세하게 담고 있는 안내서. 내시 쏭내관은 궁궐의 박석 하나, 기와 한 장도 그냥 지나치는 법이 없이 그 안에 숨겨진 우리 선조들의 지혜와 궁궐의 아름다운 멋을 세심하게 짚어낸다.",https://image.aladin.co.kr/product/489/81/cover500/8996065552_1.jpg, 송용진 지음, 지식프레임,2010
역사,하룻밤에 읽는 유럽사,"고대 그리스·로마 시대부터 20세기 유럽의 역사에 이르기까지를 한 권에 정리한 책. 잘 알려진 사건들을 소개하는 것을 물론이고 정치,경제,문화,종교 전반에 걸쳐 유럽의 역사를 정리하고 있어 입문서로 적절하다. 백여 컷의 지도와 도표, 역사메모와 칼럼 등을 함께 수록했다.",https://image.aladin.co.kr/product/50/83/cover500/8957575839_2.jpg, 윤승준 지음, 랜덤하우스중앙,2011
역사,나는 과학자의 길을 갈테야,"침팬지 연구에 일생을 바친 동물학자 제인 구달, DNA의 비밀을 밝힌 숨은 공로자 로절린드 프랭클린, 중국 출신의 세계적인 물리학자 치엔시웅 우, 이라는 책으로 환경의 소중함을 일깨운 생물학자 레이철 카슨 등 20세기 과학사에서 뚜렷한 업적을 남긴 여성 과학자 9명의 삶과 업적을 담았다.",https://image.aladin.co.kr/product/40/80/cover500/8936442058_1.gif, 송성수;이은경 지음, 창비,2011
역사,(설민석의)무도 한국사 특강,,https://image.aladin.co.kr/product/12086/56/cover500/k002636280_1.jpg, 설민석 지음;홍원표 일러스트, 휴먼큐브,2017
역사,한국이 보이는 세계사,우리 근현대사를 세계사의 맥락에서 객관적으로 조망할 수 있도록 하는 새로운 시각의 역사교양서이다. 그간의 강대국 중심 세계사 서술에서 벗어나 약소국들의 역사를 두루 다루며 이들을 세계사의 평등한 주체로 자리 잡도록 하는 데 힘쓰면서 우리 삶을 세계사의 맥락 속에서 객관적으로 볼 수 있도록 했다.,https://image.aladin.co.kr/product/874/35/cover500/8936458183_3.jpg, 최재호;이성호;윤세병 [공]지음, 창비,2011
역사,(박시백의) 조선왕조실록. 3: 태종실록 : 왕권을 세우다,"마침내 왕위에 오른 이방원. 야심만만하고 냉혹한 현실주의자 태종의 치세가 시작되었다. '정치의 달인' 태종은 외척과 공신들을 '토사구팽' 하고 왕권을 강화해 조선의 기틀을 세운다. 이렇게 정적들을 제거한 태종에게 또 한가지 문제가 생기는데, 바로 세자가 자신의 기대를 충족하지 못한 것. 태종은 이에 큰 결단을 내린다.",https://image.aladin.co.kr/product/55/49/cover500/8958620374_1.jpg, 박시백 글.그림, 휴머니스트,2005
역사,(박시백의) 조선왕조실록. 11: 광해군일기: 경험의 함정에 빠진 군주,"박시백의 조선왕조실록 시리즈 11번째 책. 광해군에 관련된 내용이 주를 이룬다. 총5장으로 구성되어 있으며, 광해군이 왕이 되기까지의 과정과 광해군과 신하들의 갈등 그리고 인조반정의 발생, 인조발생 이후 광해군의 생애등이 폭넓게 다루어지고 있다.",https://image.aladin.co.kr/product/169/72/cover500/8958622172_1.jpg, 박시백 글.그림, 휴머니스트,2008
역사,나의 문화유산답사기 일본편. 2: 아스카 나라 “아스카 들판에 백제꽃이 피었습니다,"<나의 문화유산답사기> 일본편. 2권 아스카·나라 편에서는 아스카와 나라 지역에 위치한 주요한 옛 절을 답사하면서 한반도와 일본문화의 친연성과 영향 관계, 그리고 자생적으로 꽃피운 일본문화의 미학을 돌아본다.",https://image.aladin.co.kr/product/2861/44/cover500/8936472313_3.jpg, 유홍준 지음, 창비,2013
역사,조선 시대 초상화에 숨은 비밀 찾기,"옛사람들의 기념사진과 같은 초상화를 보여 주는 책이다. 암행어사 박문수, 집현전 학자 신숙주, 한글을 만든 세종 대왕…. 옛사람들은 어떤 얼굴이었을까? 그리고 무엇을 기념하여 자신의 모습을 남겼을까? 이 책은 그 궁금증에서 시작한다.",https://image.aladin.co.kr/product/2603/41/cover500/8997735195_1.jpg, 최석조 지음, 책과함께,2013
역사,조선왕조실톡. 2: 조선 패밀리의 활극,"<조선왕조실록>에 등장하는 인물들이 가상의 대화창 '톡talk'으로 나누는 대화를 나눈다는 파격적인 형식의 웹툰, <조선왕조실톡>. '대한민국은 실톡 중'이라는 말이 나올 정도로 2015년을 뜨겁게 달군 역사 콘텐츠로, 2권에서는 중종부터 광해군까지, 2개의 패밀리를 다룬다.",https://image.aladin.co.kr/product/7134/12/cover500/s862636621_1.jpg, 무적핑크 지음;이한 해설, 이마,2015
역사,(읽고만 있어도 좋은)노플랜 사차원 유럽여행,"한 달이 넘는 배낭여행을 별 고민과 준비 없이 떠난 정박사. 필자의 표현을 빌리자면 노플랜(No Plan)에 어디로 튈 지 모르는 사차원 여행기이다. 두 차례에 걸친 유럽 여행은 그야말로 사고의 연속, 평범한 일상조차 그를 거치면 에피소드가 된다.",https://image.aladin.co.kr/product/65/52/cover500/8985989987_2.jpg, 정숙영 지음, 부키,2008
역사,(우리 아이들에게)역사를 어떻게 가르칠 것인가,"'전국역사교사모임'의 선생님들이 직접 쓴 역사 교육론. 560여 페이지에 달하는 방대한 분량의 책에는 역사 교육의 목적, 교육 내용의 선정, 수업 자료 찾기, 여러가지 수업 방법, 정보화 시대의 역사 교육, 역사 체험학습 등에 관한 선생님들의 노하우와 교육관이 담겨 있다.",https://image.aladin.co.kr/product/36/84/cover500/8989899133_2.jpg, 전국역사교사모임 지음, 휴머니스트,2011
역사,언제 어디서나 부담 없이 익히는 전한길 한국사 포켓 암기노트,"수험생들이 시간과 장소에 구애 없이 한국사를 공부할 수 있도록 제작된 요약집이다. 방대한 한국사 내용 중 핵심만 간추려 176쪽에 담았으며, 휴대하기 편하도록 크기를 줄였다. 주요 내용은 빈칸으로 제시하였으며, 사진과 사료 및 최신 기출문제로 구성된 OX 문제를 함께 수록하였다.",https://image.aladin.co.kr/product/14691/58/cover500/k022532959_1.jpg, 전한길 지음, 에스티유니타스,2018
역사,반역자와 배신자들,"전쟁의 소용돌이 속에서 변절을 택한 문제적 인물들. 이 책에서 다루는 14명의 문제적 인물들의 삶을 추적하다 보면 당대의 역사를 이해하는 것은 물론, 당시부터 오늘날까지 이어지고 있는 근현대사의 오랜 문제들에 대한 통찰도 얻을 수 있다.",https://image.aladin.co.kr/product/32378/1/cover500/k452935679_1.jpg, 이준호 지음, 눌와,2023
역사,(엄마와 함께 하는)교과서 역사 여행,,https://image.aladin.co.kr/product/10586/56/cover500/k882530533_1.jpg, 곽은정;곽귀순 [공]지음;허필열 사진;강유빈 그림, 우리역사,2017
역사,우린 너무 몰랐다,"철학자 도올 김용옥이 우리 현대사의 중요한 계기가 되는 해방정국과 제주 4.3, 여순사건으로 이어지는 격동기의 참혹한 역사를 파헤친다. 그는 어떤 문제의 근인近因과 원인遠因을 복합적으로 밝히면서, 해당 역사적 사건에 대한 온전한 전모와 바른 이해를 독자에게 전하려고 한다.",https://image.aladin.co.kr/product/17997/71/cover500/8982641378_1.jpg, 김용옥 지음, 통나무,2019
역사,이승만의 대미투쟁. 상권,"1942년부터 1960년까지 저자와 이승만 대통령이 개인적으로 주고받은 서신과 전보문, 그가 하루도 빠짐없이 기록해 왔던 일기, 그리고 당시 세계 주요 언론매체에 기고했던 글 등 역사적 원재료들을 시기 순으로 정리하고 배열하여 생생하게 전달한다.",https://image.aladin.co.kr/product/3301/36/cover500/8937604027_1.jpg," 로버트 T. 오리버 저, 한준석 역", 비봉출판사,2013
역사,100명의 특별한 유대인,"익숙한 유대인과 낯선 유대인, 착한 유대인과 나쁜 유대인을 가리지 않고 모든 영역을 망라하여 총 100명의 유대인을 엄선했다. 노스트라다무스에서 르윈스키에 이르기까지 유대인 역사를 인물 중심으로 흥미롭게 조명했다.",https://image.aladin.co.kr/product/3314/28/cover500/899461284x_1.jpg, 박재선 지음, 메디치미디어,2013
역사,(옆으로 읽는)동아시아 삼국지. 1,"한중일 동아시아史를 한 바늘로 꿰어낸 신개념 역사서. 전 세계에서 역사 분쟁이 가장 심한 동아시아 지역의 삼국, 한국.중국.일본의 미묘한 쟁점들을 일국사一國史의 관점에서 벗어나 동아시아 전체적인 흐름에서 파악해보고자 했다.",https://image.aladin.co.kr/product/3042/78/cover500/8962620723_1.jpg, 이희진 지음, 동아시아,2013
역사,이탈리아 데이. 1,"영화 <글레디에이터>의 배경지 콜로세오, <로마의 휴일>의 촬영지였던 스페인 광장의 계단과 진실의 입, <천사와 악마>에 등장한 산 피에트로 대성당과 산탄젤로 성까지…. 며칠을 머물러도 모자랄 정도로 로마의 볼거리는 가득하다.",https://image.aladin.co.kr/product/3636/37/cover500/8994939318_1.jpg, 박기남;윤도영;이미지 글.사진, 테라,2009
역사,"잊혀진 근대, 다시 읽는 해방 전사","2012년 4월～2013년 3월까지 《중앙선데이》에 연재된 〈이덕일의 사사사事思史: 근대를 말하다〉칼럼을 모은 이 책은 해방 전, 가장 치열하게 독립을 욕망하고 일제에 저항했던 한 시대의 기록이자 재현이다.",https://image.aladin.co.kr/product/3256/46/cover500/8993119635_1.jpg, 이덕일 지음, 역사의아침(위즈덤하우스),2013
역사,호리병 속의 일본,일본을 다룬 책은 많다. 그러나 일본을 내면 깊숙이 응시하며 그들의 본래 모습을 성찰하는 책을 찾기란 쉽지 않다. 이 책은 20여 년을 일본이란 사회와 직면한 한 한국인 교수의 자괴감과 사회고발 그리고 성찰의 과정을 담고 있다.,https://image.aladin.co.kr/product/3378/13/cover500/8946047860_1.jpg, 국중호 지음, 한울,2013
역사,역사트레킹 서울학개론,"역사트레킹 서울학개론은 저자가 문화센터에 개설한 강의 명칭으로, 자신의 두 발로 서울 곳곳의 명소들을 탐방하는 프로그램이다. 트레킹을 행하며 역사, 문화 답사에 나서는 것이다. 자동차가 아닌 걷기를 통해 이동하고, 그런 와중에 자연스럽게 만보 걷기까지 이어진다.",https://image.aladin.co.kr/product/32443/97/cover500/k112935298_1.jpg, 곽작가 지음, 역사트레킹북스,2023
역사,(아이의 미래를 바꾸는)아빠의 답사혁명,"에 이은 책으로, 놀아줄 시간도 마땅치 않고 부모들보다는 친구들과 어울리려 하는 초등학교 3.4학년 자녀를 둔 부모를 위한 책이다. 아이들과 함께 학습과 지적 호기심 충족을 통한 추억 만들기를 할 수 있도록, 학습 장소에 대한 조언과 세심한 정보를 담았다.",https://image.aladin.co.kr/product/64/16/cover500/8901056593_1.jpg, 박광일 글;권욱 그림, 웅진씽크빅,2006
역사,"남극일기: 남극의 비극적 영웅, 로버트 팔콘 스콧",20세기 초반 남극점 정복을 두고 스콧과 아문센이 겨뤘다. 승자는 아문센. 스콧은 탐험대 전원이 조난으로 사망했다. 하지만 오늘날 '신사'라 불리며 리더십의 전형으로 숭앙받는 것은 스콧이다. 왜일까? 스콧이 남긴 유명한 남극일기 중 정수를 모아 펴낸 책이다.,https://image.aladin.co.kr/product/54/6/cover500/8995473754_1.jpg, 로버트 팔콘 스콧 지음;박미경 편역, 세상을여는창,2005
역사,평생 잊을 수 없는 자유여행 40: 세계편,"은 아직 떠나지 못한 독자들에게 떠날 수 있는 용기를 주는 책이다. 이 책은 평생 꼭 한 번은 가봐야 할 세계 아름다운 여행지 40곳을 소개하고 있다. 영원히 잊지 못할 그림 같은 풍경의 여행지는 물론, 생생한 자연과 문화가 있는 곳, 스릴 넘치는 모험과 아늑한 휴식이 있는 곳, 역사 깊은 유적지까지 담고있어, 여행이 주는 즐거움을 모두 만끽할 수 있다.",https://image.aladin.co.kr/product/59/52/cover500/8957971858_1.jpg, 함길수 지음, 넥서스BOOKS,2005
역사,(르네상스의)못말리는 여자들,"1400년대부터 1600년대까지 14명의 여자들의 이야기를 담았다. 영국의 엘리자베스, 스웨덴의 크리스티나, 스페인의 이사벨 여왕들의 이야기와 멕시코의 뮤즈인 후아나 수녀를 비롯해서 무법자로 스페인과 멕시코를 오갔던 카탈리나 데 에라우소의 이야기가 펼쳐진다.",https://image.aladin.co.kr/product/54/4/cover500/8931380232_2.jpg, 비키 레온 지음;손명희 옮김;최재호 그림, 꼬마이실,2005
역사,핀란드 들여다보기,"북유럽의 경제 강국이자 세계 최고 수준의 국제경쟁력의 국가인 핀란드의 저력을 찾아본다. 세계 최고 수준의 사회복지, 노키아를 키워낸 경제 저력, 소득 50% 수준의 높은 세금, 산업전사를 키우는 교육제도, 정직함을 강조하는 지도층의 리더십 등 핀란드 사람들의 삶과 문화를 전반적으로 읽어냈다.",https://image.aladin.co.kr/product/67/27/cover500/8974424037_1.jpg, 이병문 지음, 매일경제신문사,2006
역사,행복한 이기주의자,"""행복한 사람이야말로 진정 똑똑한 사람""이라며, 철저히 행복추구형 인간이 될 것을 이야기하는 책이다. 유명 심리학자로서 저자 자신의 임상치료 경험을 바탕으로 개인들이 행복해지는 방법을 구체적으로 제시하고 있다.",https://image.aladin.co.kr/product/64/27/cover500/8950908786_2.jpg, 웨인 다이어 지음;오현정 옮김, 21세기북스,2006
역사,한국 생활사 박물관1. 1: 선사생활관,"현대인들에게는 낯설기만 한 선조들의 독특한 삶의 모습을 흥미롭게 풀어놨다. 역사학.고고학.민속학.인류학 전문가들과 국내 최고 수준의 미술진이 참여,선사시대부터 현대까지 우리민족의 생활사를 총체적으로 되살려냈다. -한국경제신문",https://image.aladin.co.kr/product/24/4/cover500/8971968648_2.jpg, 한국생활사박물관편찬위원회 지음, 사계절,2005
역사,한국 생활사 박물관2. 2: 고조선생활관,"이 책은 그 중 우리나라 초기 국가시대를 연 고조선에 대해 다루고 있다. 저자는 먼저 야외전시실에서 고조선뿐 아니라 부여, 삼한 등 초기 국가들이 생겨나던 시대의 역사를 사진 구성을 통해 보여주고 제1 전시실에서 본격적으로 고조선의 역사, 문화, 생활상을 그려나간다. 제2전시실에서는 고조선의 쇠퇴를 가져온 중국 한나라 사이의 전쟁을 재현해보기도 단국신화의 진실성 등을 구체적으로 살펴본다.",https://image.aladin.co.kr/product/24/4/cover500/8971968656_2.jpg, 한국생활사박물관편찬위원회 지음, 사계절,2006
역사,한국 생활사 박물관9. 9: 조선생활관1,"이 책에서 다루는 조선 전기는 우리가 평소 알고 있던 조선의 이미지와 전혀 다른 시대이다. 당쟁에 찌들고 유교적 가부장제에 얽매여 쇠락의 길을 거듭해왔다는 기존의 이미지와는 달리, 이 책에서 드러나는 조선 전기는 역동적이며 또한 새로운 전통을 확립해나가는 시기였다.",https://image.aladin.co.kr/product/42/53/cover500/8971966904_2.jpg, 한국생활사박물관편찬위원회 지음, 사계절,2005
역사,사라진 몽유도원도를 찾아서,"이제까지 '몽유도원도'는 화풍이나 그림의 내용 분석에만 치중하여 조명되어왔는데, 이 책에서는 '몽유도원도'의 시대적.사상적.문화적 탄생 배경을 살펴보며, 꿈의 주인인 안평대군의 삶과 문화적 이상을 추적하여 그림에 담긴 의도를 밝혀내고 있다.",https://image.aladin.co.kr/product/3250/75/cover500/8990062500_1.jpg, 김경임 지음, 산처럼,2013
역사,"역사, 위험한 거울","이 책은 역사학와 문학의 경계에 걸쳐져 있는 독특한 책이다. 저자는 '역사란 무엇인가'라는 물음에 대한 답을 바로 제시하는 대신, 엉뚱하게도 서른 아홉의 역사학 강사 D와 스물 여섯의 여제자 A의 사랑 이야기를 끌어 들인다.",https://image.aladin.co.kr/product/30/88/cover500/8987787389_1.gif, 김현식 지음, 푸른역사,2002
역사,조선을 뒤흔든 16가지 살인사건,"조선시대 16가지 희대의 살인사건을 재구성, 사건 발생부터 범인 검거에 이르는 과정을 소설 형식으로 엮었다. 또한 살인사건을 수사하는 데 사용한 과학 수사와 법의학 세계가 자료 사진과 함께 흥미롭게 펼쳐진다.",https://image.aladin.co.kr/product/68/53/cover500/8991147763_1.jpg, 이수광 지음, 다산초당,2006
역사,조선의 뒷골목 풍경,"지은이는 과 는 물론, 개인 문집까지 비롯한 다양한 자료를 조사하여 소위 말하는 '뒷골목 비주류 인생'들의 삶에 주목한다. 탕자, 왈자, 도박꾼, 술집부터 뒷골목의 의사와 도둑, 기생 등 그 범위도 다양하다.",https://image.aladin.co.kr/product/42/76/cover500/8987787745_2.jpg, 강명관 지음, 푸른역사,2004
역사,"사랑해, 파리","저자가 2년여 간 기자이자 학생으로 파리에서 생활하며 직접 부딪치고 경험한 진짜배기 파리지앵의 모습을 담았다. 한잔의 에스프레소와 바게트로 이른 아침을 시작하며, 낡은 트렌치코트 차림으로도 오페라를 즐길 줄 알고, 긴 바캉스를 보내기 위해 열심히 준비하는 파리지앵의 삶이 풍부하게 녹아들어 있다.",https://image.aladin.co.kr/product/86/40/cover500/8959131873_1.jpg, 황성혜 지음, 예담,2006
역사,안압지,"안압지는 통일신라의 대표적 정원이자 당대 최고의 기술과 예술성이 조화된 우리 전통 조경의 원형이다. 이 책은 안압지의 조성 배경과 근본 미학, 여기에 적용된 과학 기술과 예술적 기교를 살펴보고 전통 조경의 현대적 활용 방안을 모색하고 있다.",https://image.aladin.co.kr/product/47/15/cover500/8990956064_1.gif, 대구엠비씨 편저, 이른아침,2004
역사,(이야기)조선왕조사,5백 년 조선의 역사를 '이야기식'으로 풀어내는 책이다. 정치사 중심으로 왕대별로 정리하면서 5백 년이라는 시간 동안 일어났던 사회.문화적 변화까지 반영해 조산사에 대한 체계적인 이해를 돕는다. 학계의 성과들을 반영해 정조에 대한 내용을 보충한 것도 특징이다. 고종과 순종을 제외한 25대 철종 까지의 역사를 다양한 도판과 함께 현장감 있게 들려준다.,https://image.aladin.co.kr/product/11/76/cover500/8936803255_1.jpg, 이근호 지음, 청아출판사,2007
역사,조선 선비 살해 사건2. 2,대중 역사서 분야의 최고 작가 이덕일이 조선 역사상 가장 많은 선비들을 죽음으로 내몰았던 4대 사화를 둘러싼 흥미진진한 역사 드라마를 펼쳐보인다. 정사와 야사를 넘나드는 특유의 맛깔스런 글쓰기를 통해 4대 사화를 둘러싼 훈구파와 사림파의 대립과 반복을 손에 땀이 날만큼 생동감있게 드려냈다.,https://image.aladin.co.kr/product/67/45/cover500/8991147682_1.jpg, 이덕일 지음, 다산초당,2006
역사,한국 생활사 박물관7. 7: 고려생활관1,"'한국생활사박물관' 시리즈의 일곱번째 권은 우리 역사상 가장 개방적이고 역동적인 사회를 일구어낸 고려 전반기로 향한다. '포용과 축제의 땅'이라는 정리된 고려 전반기의 도도한 역사적 흐름을 네 개의 전시실과 특강실, 가상체험실 속에 담았다.",https://image.aladin.co.kr/product/37/24/cover500/8971966874_2.jpg, 한국생활사박물관편찬위원회 지음, 사계절,2005
역사,한국생활사박물관12. 12: 남북한생활관,'한국생활사박물관' 시리즈가 전 12권으로 완간되었다. 열두 번째 권은 '남북한 생활관'으로 해방의 감격을 맞이하는 순간부터 한국전쟁을 거쳐 분단이 되는 과정과 이후의 시기을 다룬다.,https://image.aladin.co.kr/product/50/94/cover500/8971966920_2.jpg, 한국생활사박물관 편찬위원회 지음, 사계절출판사,2006
역사,열강의 소용돌이에서 살아 남기,"2003년 출간되었던 에서 보수와 진보의 틀을 깨뜨리며 우리 근대에 대한 신선한 논쟁을 보여주었던 박노자, 허동현 두 교수가 다시 만났다. 이번에 논의하는 주제는, '100년 전 개화기 조선의 지식인들이 미국, 일본, 중국, 러시아 등 주변 열강을 어떻게 인식하고 대응했는가' 하는 것.",https://image.aladin.co.kr/product/56/31/cover500/8991510043_1.jpg, 박노자 [외]지음, 푸른역사,2005
역사,대한민국史. 2: 아리랑 김산에서 월남 김 상사까지,"대한민국사 1권을 통해 재치있는 입담으로 소설보다 재미있는 역사, 영화보다 짜릿한 역사를 선보였던 한홍구 교수가 이번에는 '전쟁과 평화'를 화두로 를 펴냈다.",https://image.aladin.co.kr/product/42/8/cover500/8984310972_1.gif, 한홍구 지음, 한겨레출판,2008
역사,위대한 유랑,"대한민국의 광복 80주년을 기념하여 출간된 특별한 기록이자, 위대한 인물 백범 김구의 발자취를 따라가는 감동적인 여정의 복원이다. 그 망명기의 역사적 실체를 방대한 사료와 생생한 증언, 그리고 따뜻한 인간적 시선으로 되살린 장편 논픽션이다.",https://shopping-phinf.pstatic.net/main_5611962/56119621376.20250806102813.jpg, 샤녠셩 지음;박지민 옮김, 처음책방,2025
역사,(복잡한 세계를 읽는)지리 사고력 수업,"《스포츠로 만나는 지리》, 《스타벅스 지리 여행》 등 지리에 대한 흥미를 돋우는 양질의 교양서를 꾸준히 출간하고 교과서 집필에 다수 참여한 최재희 작가의 신작이다. 저자는 지리 사고력을 함양할 수 있도록 5대양 7대주를 넘나들며 역사적·지정학적으로 의미 있는 열두 지역을 꼽아 그곳을 둘러싼 지리·역사·문화·정치·경제를 섬세히 안내한다.",https://shopping-phinf.pstatic.net/main_5138627/51386272623.20241114092138.jpg, 최재희 지음, 휴머니스트,2024
역사,벌거벗은 한국사. [4]: 인물편,높은 시청률과 화제성으로 주목받은 tvN STORY 인기 프로그램 〈벌거벗은 한국사〉가 드디어 책으로 출간된다. 《벌거벗은 한국사 : 인물편》은 우리 역사를 뒤흔든 한국사의 주요 인물들을 엄선하여 숨겨진 뒷이야기를 벗겨낸다.,https://shopping-phinf.pstatic.net/main_3412886/34128868650.20230801121132.jpg, tvN Story <벌거벗은 한국사> 제작팀 지음, 프런트페이지(Frontpage),2022
역사,벌거벗은 한국사. [5]: 사건편,높은 시청률과 화제성으로 주목받은 tvN STORY <벌거벗은 한국사> 두 번째 이야기. <벌거벗은 한국사>가 소개한 매력적인 한국사의 장면들 중 우리 역사의 운명을 바꾼 사건들의 이야기를 담은 역사 교양서다.,https://shopping-phinf.pstatic.net/main_3509140/35091405636.20230822102251.jpg, tvN Story〈벌거벗은 한국사〉제작팀 지음, 프런트페이지(Frontpage),2022
역사,벌거벗은 한국사. [6]: 조선편,"조선을 대표하는 여덟 가지 이야기로 1392년 조선 건국부터 1910년 경술국치까지 조선 역사의 맥락을 단번에 정리한다. 조선 초 네 명의 왕을 모시며 나라의 기틀을 마련한 명재상 황희부터 자신의 아들을 왕으로 만들기 위해 상갓집 개가 되길 마다하지 않았던 흥선대원군까지, 조선의 운명을 바꾼 결정적 장면들을 따라가면 500년 조선 역사가 눈앞에 펼쳐진다.",https://shopping-phinf.pstatic.net/main_4634083/46340833618.20240314070950.jpg, tvN Story〈벌거벗은 한국사〉제작팀 지음, 프런트페이지(Frontpage),2024
역사,(셀프트래블)베트남,"디테일하고 꼼꼼한 정보로 사랑받는 <셀프트래블> 시리즈가 더욱 새로워져서 돌아왔다. 무게는 가볍게, 정보는 무겁게! 비효율적인 맵북은 삭제하고 유용한 정보와 지도를 보충했다. ‘프리미엄 해외여행 가이드북’이라는 캐치프레이즈에 걸맞은 양질의 여행 정보를 제공하기 위해 어디서도 볼 수 없던 베트남의 관광 명소, 숙소, 맛집, 팁과 이야깃거리로 가득 채웠다.",https://shopping-phinf.pstatic.net/main_5477068/54770680538.20250514164156.jpg, 정승원 지음, 상상,2025
역사,지리를 알면 여행이 보인다,"다양한 이야기를 품은 세계 곳곳의 여행지를 현직 지리 교사이자 EBS 강사인 최재희의 안내와 함께 여행하는 『지리를 알면 여행이 보인다』가 출간되었다. 다채로운 문화와 자연을 간직한 세계의 명소들을 지리적인 시각으로 여행하며, 세상을 더 깊고 넓게 이해하는 힘을 길러 주는 책이다.",https://shopping-phinf.pstatic.net/main_5690653/56906531812.20250926084127.jpg, 최재희 지음, 창비,2025
역사,아는 만큼 보인다,우리 국토의 명작과 명소를 명문으로 전해온 유홍준 교수의 ‘나의 문화유산답사기’ 시리즈 30주년 기념판이다. 500만 독자의 사랑을 받은 국내 최장수 베스트셀러 ‘답사기’ 시리즈에서 한국미의 정수이자 K-컬처의 원류를 보여주는 하이라이트 14편을 가려 뽑아 한 권에 담았다.,https://shopping-phinf.pstatic.net/main_4050263/40502631622.20230801123244.jpg, 유홍준 지음, 창비,2023
역사,(다시쓰는)한국현대사2. 2,,https://image.aladin.co.kr/product/3/49/cover500/8971990066_1.jpg, 박세길 지음, 돌베개,2006
역사,횡단 한국사,"대한제국 시기(1901∼1910), 일제강점기(1910∼1945), 미군정기(1945∼1948), 대한민국(1948∼2021), 크게 네 시기로 나눈 이 책은 2022년 이후는 아직 객관적 거리를 갖기에 이르다고 판단해 그 경계선을 2021년으로 정했다.",https://shopping-phinf.pstatic.net/main_5692681/56926813069.20251003072546.jpg, 장석봉 지음, 궁리,2025
역사,벌거벗은 한국사. [4]: 인물편,높은 시청률과 화제성으로 주목받은 tvN STORY 인기 프로그램 〈벌거벗은 한국사〉가 드디어 책으로 출간된다. 《벌거벗은 한국사 : 인물편》은 우리 역사를 뒤흔든 한국사의 주요 인물들을 엄선하여 숨겨진 뒷이야기를 벗겨낸다.,https://shopping-phinf.pstatic.net/main_3412886/34128868650.20230801121132.jpg, tvN Story <벌거벗은 한국사> 제작팀 지음, 프런트페이지(Frontpage),2022
역사,벌거벗은 한국사. [5]: 사건편,높은 시청률과 화제성으로 주목받은 tvN STORY <벌거벗은 한국사> 두 번째 이야기. <벌거벗은 한국사>가 소개한 매력적인 한국사의 장면들 중 우리 역사의 운명을 바꾼 사건들의 이야기를 담은 역사 교양서다.,https://shopping-phinf.pstatic.net/main_3509140/35091405636.20230822102251.jpg, tvN Story〈벌거벗은 한국사〉제작팀 지음, 프런트페이지(Frontpage),2022
역사,나의 문화유산답사기 . 1: 남도답사 일번지,"우리 국토는 그 자체가 박물관이라 할 정도로 문화유산의 보고이다. 우리가 무심히 지나칠 뿐 별다른 의미를 못 느끼는 유적들을 꼼꼼히 답사하면서 저자는 진주를 캐내듯 산하에 스민 역사의 자취와 누대의 숨결을 발굴하여, 해박한 지식과 탁월한 이야기 솜씨로 풀어놓는다.",https://image.aladin.co.kr/product/2/83/cover500/8936470116_1.jpg, 유홍준 지음, 창작과비평사,2010
역사,우리 역사의 수수께끼 . 2,이덕일씨(38)와 이희근씨(39)는 우리 역사에 관한 도발적인 문제제기로 강단사학계에 도전장을 내밀어온 젊은 역사학자들이다. 왕성한 저작활동을 통해 역사대중화에 앞장서온 두 사람이 를 펴냈다. 지난 3월 출간돼 4만부 가량 팔려나간 1권의 속편격인 역사교양서다 - 경향신문 박구재기자,https://image.aladin.co.kr/product/20/43/cover500/893490433x_2.jpg, 이덕일;이희근 지음, 김영사,2010
역사,(교실밖)지리여행,"지리 교과의 주요 개념과 원리들을 주제가 있는 생활 이야기로 풀어낸 책. 1994년 교과 지리 과정의 대안으로 출간했던 책의 개정판이다. 급변해 온 우리의 삶과 공간을 반영해 내용과 다양한 시각 자료가 보강되었다. 우리 국토와 세계 공간을 '세계 속의 한국', '한국 속의 세계'의 시점에서 동시에 바라보는 안목을 키울 수 있도록 다각도에서, 또 다양한 관점으로 현상을 바라보는 것이 특징이다.",https://image.aladin.co.kr/product/86/30/cover500/8958282002_2.jpg, 노웅희;박병석 지음, 사계절,2009
역사,긴 여행 짧은 생각,,https://image.aladin.co.kr/product/21/69/cover500/8942401317_1.gif, 차병직 지음, 자유문학사,2000
역사,(내 머리로 생각하는)역사 이야기,"유시민이 중년기에 들어 차분히 뒤를 돌아보며 자신의 역사관을 요약적으로 잘 정리한 책이다. 이 책에서 그는 말한다. ""역사의 뒤안길에서 존재도 없이 살아가듯 보이던 사람들이 역사의 주역으로 솟아오르는 순간""을. 그리고 그를 위해 ""그 대열의 맨 앞에서 민중을 이끄는 소수의 뛰어난 개인들이 서 있어야 함""을.",https://image.aladin.co.kr/product/692/6/cover500/8974140527_1.jpg, 유시민 지음, 푸른나무,2009
역사,제왕의 책,"‘제왕’과 ‘책’의 만남을 소재로 우리 역사의 현장들을 새롭게 찾아가는 교양서. 지은이 윤희진은 제왕과 책이 얽혀 빚어내는 특별한 상황들, 그리고 현상 뒤에 숨은 다양한 변화의 동력들을 예리하게 들춰낸다. 나아가 고전들이 태어날 당시의 시대적 배경과 그것이 오늘날까지 호소력을 띄는 나름의 이유를 기술하고 있다.",https://image.aladin.co.kr/product/101/46/cover500/8991508383_1.jpg, 윤희진 지음, 황소자리,2007
역사,(장콩선생의)우리역사 이야기. 3: 근대사회,"풍부한 사료와 서적을 재료 삼아 우리 역사를 청소년의 눈높이에 맞도록 재구성하여 풀어낸 역사책이다. 3권은 구한말의 근대사회에 관한 내용을 담았다. 어떤 사건에 대한 단편적인 서술에 그치지 않고, 그 사건이 왜 일어났는지, 또 어떤 의미를 지니는지 재미있고 알기 쉽게 풀어 썼다.",https://image.aladin.co.kr/product/1454/51/cover500/8952216571_1.jpg, 장용준 지음, 살림Friends,2012
역사,로마,"과학기술 시대인 오늘날에도 여전히 무한한 매력을 지닌 고대 로마 문명을 살핀 책. 로마의 기원과 역사를 말해주는 예술과 기념건축물, 로마가 속주들에 미친 영향을 보여주는 다양한 도판과 사진, 설계도 등을 통해 어떻게 유럽 도시의 전형으로, 더 나아가 국제도시로 성장할 수 있었는지 상세하게 보여준다.",https://image.aladin.co.kr/product/101/69/cover500/8984987128_1.jpg, 마리아 테레사 구아이톨리 지음;김원옥 옮김, 생각의나무,2007
역사,(처음 만나는)우리 문화,역사학자 이이화가 들려주는 구수하고 익살스러운 문화 교양 스토리. 끝이 뾰족한 빗살무늬토기는 왜 넘어지지 않을까? 해안의 모래밭이나 강가의 무른 흙 위에서 살았던 청동기시대 사람들은 그릇 끝을 뾰족하게 해 땅바닥에 박아놓았다. 역사가 ‘암기’ 과목이 되어버리는 이유는 이러한 문화를 역사에서 분리해버리기 때문이다.,https://image.aladin.co.kr/product/1658/3/cover500/8934956917_2.jpg, 이이화 지음, 김영사,2012
역사,발해고,홍익출판사가 기획한 한국고전총서 시리즈의 첫 권. 발해사 전공인 서울대 국사학과 송기호 교수가 원문을 꼼꼼히 번역하고 유득공의 생애와 이 책이 갖는 의미까지 설명을 했다. 국립중앙도서관 소장 필사본을 저본으로 삼음으로써 지금까지 학계에 널리 통용돼오던 1911년 조선고적간행회본의 오류를 바로잡은 것이 돋보인다. -중앙일보,https://image.aladin.co.kr/product/21/92/cover500/8970656014_2.jpg, 유득공 지음;송기호 옮김, 홍익출판사,2000
역사,(하룻밤에 읽는)한국사,"선사시대부터 근현대사까지 한국사의 흐름을 흥미로운 주제를 통해 간결하게 정리한다. 호기심 가는 각각의 주제들을 통해 전체적인 시대상을 나타내는 형식으로 독자에게 가까이 다가가고, 이해를 돕는 그림과 사진이 곁들여져 있어 중고생이나 역사서를 처음 접하는 사람들도 쉽게 읽을 수 있다.",https://image.aladin.co.kr/product/87/36/cover500/s382635029_1.jpg, 최용법 지음, 페이퍼로드,2006
역사,고대 로마인의 24시간,"고대 로마 제국의 최전성기인 2천 년 전으로 떠나는 시간 여행. 로마 제국은 고대 세계를 통틀어 가장 큰 제국과 가장 세련된 문화를 꽃피운 대제국이다. 그동안 로마 제국을 다룬 수많은 책들은 제국의 역사와 정복전쟁, 황제들 그리고 그들의 화려한 생활에 초점을 맞춰왔다. 그러나 이 책은 제국의 수도 로마의 일상적인 분위기 속으로 독자를 직접 인도한다.",https://image.aladin.co.kr/product/1459/91/cover500/897291505x_1.jpg, 알베르토 안젤라 지음;주효숙 옮김, 까치,2012
역사,(만화) 나의 문화유산 답사기. 1: 강원도,"우리나라에 문화유산 답사 열풍을 일으켰던 유홍준 교수의 <나의 문화유산 답사기>를 어린이 만화로 엮은 책으로, 만화가 박재동 선생님의 기획과 감수를 거쳤다. 어린이들이 우리 문화유산의 가치와 아름다움을 직접 눈으로 확인하고 가슴으로 느낄 수 있도록 모든 장면을 사실적으로 표현, 문화유산 현장을 실제로 답사하는 듯한 즐거움을 누릴 수 있도록 돕는다.",https://image.aladin.co.kr/product/594/40/cover500/8991481922_1.jpg, 유홍준 원작;김형배 그림, 녹색지팡이,2009
역사,(조선의 국모)명성황후. 28,"동서고금을 막론하고 꼭 만나봐야 할 위대한 역사적 인물들의 이야기를 담은 시리즈. 총 25권의 세트로 묶었다. 특별한 '영웅'으로서의 위인이 아니라 자신의 꿈과 사상을 실천하기 위해 울고, 인내하고, 노력한 '사람'으로서의 위인 이야기를 실었다.",https://image.aladin.co.kr/product/321/86/cover500/8957070931_1.jpg, 이은유 지음, 자음과모음,2012
역사,(장콩선생의)우리역사 이야기. 2: 고려-조선,"풍부한 사료와 서적을 재료 삼아 우리 역사를 청소년의 눈높이에 맞도록 재구성하여 풀어낸 역사책이다. 2004년 초판이 발행되어 청소년 역사 분야에서 책따세 추천 도서, 전남역사교사모임 추천 도서에 선정된 바 있는 <외우지 않아도 저절로 이해되는 우리 역사 이야기>의 개정판으로, 개편된 교육과정에 맞춰 새롭게 펴냈다. 2권은 고려 시대부터 조선 시대까지를 다룬다.",https://image.aladin.co.kr/product/1441/83/cover500/8952216563_1.jpg, 장용준 지음, 살림Friends,2011
역사,노빈손과 왕건과 빨간 바지 도적단. 6,"신나는 노빈손 한국사 시리즈 6권. 각 호족의 딸들과 결혼하는 방법으로 지방 통합을 꾀한 왕건에게 반기를 든 노빈손과 빨간 바지 도적단 이야기가 펼쳐진다. 고려사를 다룬 첫 번째 이야기로, 역사적 배경을 바탕으로 펼쳐지는 노빈손 특유의 유머와 모험을 통해 자연스럽게 고려사에 대한 지식을 얻을 수 있다.",https://image.aladin.co.kr/product/667/78/cover500/8958072792_1.jpg, 남동욱 지음;이우일 일러스트, 뜨인돌,2010
역사,노빈손 조선 최고의 무역왕이되다. 5,"잘 알려지지 않은, 그러나 매우 중요한 한국사의 순간을 포착하여 보여 주는 '노빈손 한국사 시리즈' 다섯 번째 책 <노빈손 조선 최고의 무역왕이 되다>. 다섯 번째 유랑지로 노빈손이 떨어진 곳은, 조선 후기. 상업이 부흥하고 경제가 눈부시게 성장하기 시작한 1800년대이다. 김경주 시인이 글을 썼으며, 만화가 이우일이 일러스트를 담당했다.",https://image.aladin.co.kr/product/633/89/cover500/895807275x_1.jpg, 김경주 저;이우일 그림, 뜨인돌,2010
역사,그들은 누구인가?,"탐험가라고 하면 결코 빠트릴 수 없는 30명의 업적과 생애에 관한 이야기. 업적 위주의 단편적 선 긋기 식의 이름만을 알고 있기에 그가 어떠한 생애를 살았고, 역사상에 남을 위대한 업적의 순간은 과연 어떻게 이루어졌으며, 그 이후 어떠한 삶을 살았는지 등의 생생한 이야기를 따라가다 보면 영웅이기 이전에 한 인간으로서의 새로운 면모를 만나게 될 것이다.",https://image.aladin.co.kr/product/170/39/cover500/893492831x_1.jpg, 크리스티네 슐츠 라이스 글;배수아 옮김, 주니어김영사,2008
역사,트로이와 크레타,"하인리히 슐리만과 아서 에번스라는 고고학계의 풍운아들을 주인공으로, 인류의 잃어버린 과거를 추적해가는 고고학자들의 모습을 매력적으로 그린 책. 끝없는 발굴과 탐험을 통해 잃어버린 인류의 고대사를 밝히는 고고학자들의 열정을 담았다. 저자인 한스 바우만은 자연과 역사를 주제로 한 작품들로 유명한 수상한 독일의 어린이.청소년 책 작가이다. '게르하르트 하우프트만 상'을 수상한 바 있다.",https://image.aladin.co.kr/product/89/41/cover500/8949187000_1.jpg, 한스 바우만 지음;한스 페터 레너 그림, 비룡소,2007
역사,교과서를 만든 학국사 인문들,우리의 역사를 이끌고 변화시킨 개혁적 성격이 강한 인물들을 살펴 본다. 시대를 너무 앞서갔기 때문에 적들을 만들었고 따라서 이들이 시도했던 개혁이나 혁명들은 모두 실패로 돌아갔다. 만약 이들의 시도가 성공했다면 한국사는 다른 방향으로 발전해 갔을 것이다. 이들의 일생과 일화를 통해 고조선~일제 시대까지의 역사를 살펴 본다.,https://image.aladin.co.kr/product/100/33/cover500/8992814003_1.jpg, 송영심;오정현 지음;박정제 그림, 글담,208
역사,(PERU)태양제,"잉카 제국의 흥망성쇠 그리고 그 후예인 오늘의 페루 인디오들에게는 신비로운 이야기가 숨어 있다. 역사와 현실이 교차되는 잉카의 땅 그리고 태양제. 고대 국가가 어떻게 생겨났고, 태양제는 어떤 의미를 지니며, 잉카 제국과 유럽 국가의 관계는 어떠했는지 쉽게 이해할 수 있다.",https://image.aladin.co.kr/product/100/18/cover500/8956894450_1.jpg, 박후기 지음;백여승 그림;조성철 사진, 꿈소담이,2008
역사,(땅이 가족의)황당 지리여행,"초등학생과 중학생들을 위한 세계 각 나라의 지리, 사회, 문화에 관한 책이다. 어린 독자들이 쉽게 접근할 수 있도록 지도와 컬러 사진, 일러스트를 풍부하게 넣었고 땅이 가족이라는 만화 캐릭터가 등장하여 전 세계를 두루 여행하며 각 나라의 문화와 지리 환경을 소개한다.",https://image.aladin.co.kr/product/90/63/cover500/8952206282_1.jpg, 박정애;엄정훈 지음, 살림,2007
역사,지도를 만든 사람들,"미지의 세계에 대한 과거 사람들의 열망은 끊임없는 탐험으로 이어졌고, 그 축적된 경험의 결과물은 지도였다. 이 책은 새로운 세계에 대한 호기심과 열정으로 지도 제작 분야에 커다란 족적을 남긴 인물과 사건에 초점을 맞추어 지도의 역사와 그 의미를 살펴본다.",https://image.aladin.co.kr/product/89/60/cover500/8988996739_2.jpg, 발 로스 지음;홍영분 옮김, 아침이슬,2007
역사,(마주 보는)세계사교실. 1: 고대 문명이 꽃피다,"우리나라 소장 연구자들이 우리 아이들을 위해 쓴 세계사 통사이다. 서구 중심적인 시각에서 유럽사의 비중이 높은 기존의 세계사 책들의 관점에서 벗어나 교류와 통합의 관점으로 세계사를 재구성하였다. 아울러 동양사와 아프리카, 아메리카 역사의 비중을 높여 양적으로도 균형을 이룰 수 있도록 배려했다.",https://image.aladin.co.kr/product/102/17/cover500/8901074974_2.jpg, 강선주 지음;강전희;김수현 그림, 웅진주니어,2008
역사,(열등감을 희망으로 바꾼)오바마 이야기,"출생부터 미국 대통령 후보가 되기까지의 오바마 인생 풀 스토리를 담은 책. 청소년의 눈높이에 맞추어 누구나 쉽게 오바마에 대해 알 수 있게 한 것이다. 두꺼운 자서전의 압축판으로, 위인전처럼 쉽고 부담 없이 읽을 수 있고, 그러면서 오바마라는 인물을 쉽게 이해할 수 있다.",https://image.aladin.co.kr/product/271/34/cover500/8976776070_1.jpg, 헤더 레어 와그너 지음;유수경 옮김, 명진출판,2008
역사,(설민석의)한국사 대모험. 1: 특명! 온달을 역사 천재로 만들어라!,"국민 역사 강사 설민석의 첫 한국사 학습 만화로, 한국사 지식을 기본적으로 다루고 있다. 설민석 선생님과 태건 역사 연구소가 철저하게 고증하여 정확한 역사 지식을 어린이들에게 전달하려고 노력했다.",https://image.aladin.co.kr/product/10016/32/cover500/k512536564_2.jpg, 설민석;스토리박스 글;정현희 그림, 아이휴먼,2017
역사,노빈손 조선 최고의 무역왕이되다. 5,"잘 알려지지 않은, 그러나 매우 중요한 한국사의 순간을 포착하여 보여 주는 '노빈손 한국사 시리즈' 다섯 번째 책 <노빈손 조선 최고의 무역왕이 되다>. 다섯 번째 유랑지로 노빈손이 떨어진 곳은, 조선 후기. 상업이 부흥하고 경제가 눈부시게 성장하기 시작한 1800년대이다. 김경주 시인이 글을 썼으며, 만화가 이우일이 일러스트를 담당했다.",https://image.aladin.co.kr/product/633/89/cover500/895807275x_1.jpg, 김경주 저;이우일 그림, 뜨인돌,2010
역사,"(설민석의)한국사 대모험. 8: 온달, 두 마리 토끼를 잡아라!","재미있는 스토리와 다양한 한국사 이야기를 통해 어린이들에게 지식과 감동, 재미를 심어준 <설민석의 한국사 대모험> 시리즈의 여덟 번째 이야기, ‘위기 극복 편’. 8권은 부마 경쟁 시합을 통해서 1권부터 7권에서 함께 했던 역사적인 순간들을 복습할 수 있게 한다.",https://image.aladin.co.kr/product/16868/13/cover500/k532534979_1.jpg, 설민석;스토리박스 공 지음;정현희 그림, 아이휴먼,2018
역사,(설민석의)한국사 대모험. 16: 독도편-사라진 천사옥대를 찾아라!,"설민석의 한국사 대모험 시리즈 16권. 신라의 보물 천사옥대가 사라지고 역사가 뒤바뀌었음을 깨달은 설쌤과 온달은 급히 덕만공주를 찾아갔지만, 이미 김진골의 계략으로 덕만공주는 왕위에 오를 수 없는 상황이었다. 뒤바뀐 역사를 되돌리기 위해 설쌤과 온달은 새로운 모험을 시작한다.",https://image.aladin.co.kr/product/26651/26/cover500/k962739334_1.jpg, 설민석;스토리박스 글;정현희 그림, 아이휴먼,2021
역사,"(설민석의)한국사 대모험. 21: 온달 열전 편, 영웅의 탄생","우리 아이들이 놀이하듯 즐겁게 한국사를 접하며 한국사에 관심을 가지고, 나아가 한국사를 사랑하는 어린이로 성장하게 도와줄 것이다. 21권에서는 <삼국사기> 속 ‘온달 열전’을 재미있는 만화로 담아냈다. 함께 수록된 <삼국사기> 원전과 비교해 읽으며 역사 속 온달을 만나 보자.",https://image.aladin.co.kr/product/29546/35/cover500/k192837057_1.jpg, 설민석;스토리박스 글;정현희 그림, 단꿈아이,2022
역사,"유럽도시기행. 2: 빈, 부다페스트, 프라하, 드레스덴 편","시대의 격랑을 이겨내고 저마다의 방식으로 자신의 존재감을 빛내는 네 도시, 빈, 부다페스트, 프라하, 드레스덴의 이야기를 담았다.",https://image.aladin.co.kr/product/29689/64/cover500/8965137705_1.jpg, 유시민 지음, 생각의길,2022
역사,세상에서 가장 짧은 한국사,"고대부터 근현대까지 한국사의 가장 중요한 순간들을 소개하면서, 단 한 권으로 역사의 흐름을 단숨에 파악할 수 있도록 돕는다. 특히 120만 유튜브 채널 <공부왕 찐천재> 화제의 역사 선생님이자 저자 김재원은 과거와 현재를 끊임없이 연결하며 마치 한 편의 소설처럼 역사를 설명한다.",https://image.aladin.co.kr/product/29583/76/cover500/k122838364_1.jpg, 김재원 지음, 빅피시,2022
역사,친일파의 한국 현대사,"'나라를 팔아먹고 독립운동가를 때려잡은 매국노 44인 이야기'라는 직설적인 부제가 말해주듯이 그야말로 '나라를 팔아먹고', '독립운동가를 때려잡은' 파렴치한 매국노들 이야기를 통해 읽는 우리 현대사다.",https://image.aladin.co.kr/product/7492/9/cover500/k282535192_1.jpg, 정운현 지음, 인문서원,2016
역사,르 코르뷔지에,살림어린이 그림책 50권. 근현대 건축의 거장 르 코르뷔지에를 어린이 눈높이에 맞추어 친근하게 소개하고 있다. 거장의 주요 건축물과 아울러 주택과 거주의 개념을 새로 썼던 르 코르뷔지에의 근대적 정신을 할아버지의 이야기처럼 푸근하게 들려주고 있다.,https://image.aladin.co.kr/product/14089/93/cover500/8952239172_1.jpg, 프란신 부셰;미쉘 코헨 글;미쉘 라비 그림;진형준 옮김, 살림어린이,2018
역사,교과서 밖으로 나온 한국사. 선사~고려,"한국인이라면 꼭 알아야 할 한국사 사건들을 한 권에 담았다. 새로운 교과 과정에 맞추어 쓴 이 책은 실제 강의를 보고 듣는 것과 같은 생생한 문체, 파노라마 사진을 보는 듯한 다양한 이미지 자료를 통해 어렵고 지루할 것만 같은 한국사를 쉽고 재미있게 읽도록 돕는다.",https://image.aladin.co.kr/product/4736/19/cover500/899386666x_1.jpg," 박광일,최태성 [공]지음;김경주 일러스트;여행이야기 채영롱 [사진 협조]", 씨앤아이북스,2014
역사,빅 히스토리,"한 권으로 읽는 우주, 지구, 인간의 역사. 데이비드 크리스천과 밥 베인의 <빅 히스토리>는 우주의 기원에서부터 현대 사회와 미래까지 다루는 역사책이다. 137억 년이라는 우주적 관점에서 자연과 인간의 역사를 조망한다.",https://image.aladin.co.kr/product/3097/18/cover500/8956056935_1.jpg, 데이비드 크리스천;밥 베인 지음;조지형 옮김, 북하우스,2013
역사,"(설민석의)한국사 대모험. 6: 설쌤과 황 대감, 화해 대작전!","국민 역사 강사 설민석의 첫 한국사 학습만화 시리즈로, 한국사 지식을 기본적으로 다루고 있다. 6권에서는 설쌤과 황 대감의 관계 회복을 위한 시간 여행을 통해서 역사 속의 진정한 라이벌을 찾아 나선다.",https://image.aladin.co.kr/product/13814/13/cover500/k622532024_1.jpg, 설민석;스토리박스 공 지음;정현희 그림, 아이휴먼,2018
역사,태극기의 탄생,"등장인물들 간의 대화를 많이 넣는 등 역사적 사실을 과감하게 재구성한 책. 논픽션과 픽션의 경계를 허물면서 태극기의 탄생 과정을 긴박감 있게 그렸으며, 1873년 일본의 강화도 침략 사건 때부터 1883년 조선 국기 제정 때까지 10년 동안의 조선 정세를 그렸다.",https://image.aladin.co.kr/product/627/70/cover500/8950921855_1.jpg, 박충훈 지음, 21세기북스,2010
역사,(청소년을 위한)라이벌 한국사,"청소년들이 우리 역사를 즐겁게 배울 수 있도록 한국사의 주요 쟁점을 라이벌 구도로 풀어 쓴 책이다. 개인들보다는 ‘만주 VS 한반도’ ‘무속 VS 불교’, ‘문신 VS 무신’, ‘1884 VS 1894’, ‘6·10 VS 6·29’ 등 집단이나 사상, 사건에 초점을 맞춰 청소년들이 흥미롭게 역사 이야기를 경험할 수 있게 했으며, 고대부터 현대까지 역사 흐름을 놓치지 않으면서도 각 시대를 뜨겁게 달궜던 갈등과 쟁점을 한눈에 볼 수 있도록 구성하였다.",https://image.aladin.co.kr/product/631/14/cover500/8976828089_2.jpg, 강응천 지음, 그린비,2010
역사,모던걸,"1920년대 일본은 현재적 모습의 원형이다. 지하철, 터미널, 백화점이 나타나고, 여행이 일상화되며, 라디오, 비행기 등의 과학기술이 생활의 곳곳에서 현실화된다. 1차 세계대전 이후 전 세계적으로 여성의 사회 진출이 두드러지는데, 그 일본적 형태가 ‘모던걸’이다. 이 책은 일본의 도시 모더니즘기에서 전시체제로의 이행을 모던걸에 초점을 맞추어 살펴보고 있다.",https://image.aladin.co.kr/product/608/8/cover500/8963576019_1.jpg, 신하경 지음, 논형,2009
역사,열두 명의 카이사르,,https://image.aladin.co.kr/product/446/61/cover500/8977660939_1.jpg, 수에토니우스 지음;로버트 그레이브스 영역;조윤정 옮김, 다른세상,2009
역사,(외우지 않고 통으로 이해하는)통세계사. 2: 중세 이후부터 현대까지,"세계사라는 큰 수레바퀴 안에 국사, 동양사, 서양사가 서로에게 영향을 끼치며 현재까지 발전해온 과정을 한꺼번에 담은 책. 지은이는 지난 3년간 시중에 나와 있는 70여 권의 역사 서적의 컨텐츠를 분해한 뒤 다시 연대기 순으로 맞춰 재구성했다. 또 동양과 서양, 한국에서 일어난 역사적 사건들의 공통점과 차이점을 분석하고, 그 속에서 역사발전 법칙을 찾아내는 데 주력했다.",https://image.aladin.co.kr/product/416/82/cover500/8963700267_1.jpg, 김상훈 지음, 다산에듀,2010
역사,사기 교양강의,"한자오치가 강의하는 사마천의 <사기> 이야기. 중국 '사기'연구회 명예회장이기도 한 한자오치韓兆琦 선생의 '사기 강의'는 북경TV 최고의 시청률을 기록한 명강의였다. 저자는 <사기>의 중요인물을 매개로 하여 '사기' 전체를 강의하였고, 이 책은 이 방송 원고를 수정하고 보충하여 엮은 것이다.",https://image.aladin.co.kr/product/443/89/cover500/8971993480_1.jpg, 한자오치 지음;이인호 옮김, 돌베개,2010
역사,생각의 역사. Ⅱ: 20세기 지성사,"우리 세기를 형성한 주요 지적 관념을 문화, 예술, 과학, 경제 등 다양한 분야에서 포착한 역사서. 전통적 역사책이 정치와 군사적 사건에 집중되는 것과는 차별화를 두었다. 작가주의 탄생을 알린 프랑스 영화, 청년을 사로잡은 비트 문화와 로큰롤, 블랙홀에 이르기까지 20세기를 종횡무진 여행한다. 과학 발전 또한 상세하게 다룬다. 저자가 우리 세기를 '지적으로 과학과 정면 대결해야 하는 시대'라고 생각하기 때문이다.",https://image.aladin.co.kr/product/589/80/cover500/8975278379_1.jpg, 피터 왓슨 지음;이광일 옮김, 들녘,2010
역사,왕세자의 입학식,조선의 왕실교육을 전문적으로 연구한 김문식 선생은 왕세자가 성균관에 도착하여 학생복으로 갈아입은 다음부터 입학식을 마치고 성균관을 나올 때까지의 과정을 그린 『왕세자입학도첩』 속 그림들을 통해 왕세자의 입학식을 일목요연하게 소개한다.,https://image.aladin.co.kr/product/610/84/cover500/8954609945_1.jpg, 김문식 지음, 문학동네,2010
역사,황궁의 성,절대적 권위의 시대 최고의 권력기관 황궁에서는 무슨 일이 벌어지는가? 이 책은 적나라한 밤의 중국사에 나타난 권력의 속성과 인간의 본질을 담았다.,https://image.aladin.co.kr/product/426/64/cover500/8989548829_1.jpg, 시앙쓰 지음;강성애 옮김, 미다스북스,2009
역사,몽골 비사,"에는 몽골의 철학과 사상, 신화와 전설, 생활문화, 군사제도, 사회조직, 언어에 대한 다양한 기록이 담겨 있으며, 이는 또한 몽골 사람들의 조상인 부르테 치노(잿빛 푸른 이리)와 코아이 마랄(흰 암사슴) 내외로부터 시작하여 이후 25대 테무진-칭기스 카한(칭기스 칸)에까지 이르는 영웅 서사 문학이기도 하다.",https://image.aladin.co.kr/product/45/44/cover500/8971969946_2.jpg, 유원수 역주, 사계절,2008
역사,"문학으로 역사 읽기, 역사로 문학 읽기",서양 문학 스물세 작품을 통해 본 문학 이야기이자 역사 이야기. 저자는 서양사와 서양문화사 분야에서 여러 저서를 집필해온 역사학자로서 지난 시대의 역사와 인간을 좀더 촘촘히 이해하려는 의도로 문학작품을 읽었다. 이 책은 고대 그리스에서 현대 중국까지 작품을 선정하고 문학과 역사의 교차 읽기를 시도한다. <이솝우화>를 다루며 그리스 사회의 한 단면을 노예의 시각으로 보는 식이다.,https://image.aladin.co.kr/product/601/47/cover500/8958284323_1.jpg, 주경철 지음, 사계절,2010
역사,(걷고 또 걷고 싶은)대한민국 산책길,"10년 가까이 우리나라 구석구석을 걸으며 느끼고 숨 쉬었던 여행 칼럼니스트가 제안하는 '한나절 걷기여행 안내서'. 고되고 긴 시간의 걷기여행이 아닌 가족끼리, 연인끼리, 친구끼리 부담 없이 걷고 사색하며 아름다운 풍경을 마음껏 느낄 수 있는 편안한 걷기여행을 소개하는 책이다.",https://image.aladin.co.kr/product/428/1/cover500/8952211693_1.jpg, 장태동 지음, 살림Life,2010
역사,샤먼 제국,"서양의 고전을 두루 통독한 저자는 해박한 지식과 깊은 인문학적 인식을 바탕으로 헤로도토스, 사마천, 김부식이 기술한 역사를 짚어나가며 오류를 바로잡는다. 독자들은 불교, 유교, 기독교 등의 근대 세력이 생기기 전 인류가 어떤 정치체계와 이념을 가지고 세계사를 펼쳐나갔는지, 그 근대 세력들이 어떻게 고대역사를 기술하고 또 왜곡했는지 한 권의 책으로 파악할 수 있다.",https://image.aladin.co.kr/product/643/55/cover500/8995277890_2.jpg, 박용숙 지음, 소동,2010
역사,르몽드 세계사. 2: 세계질서의 재편과 아프리카의 도전,"프랑스 진보적 국제관계 월간지 「르몽드 디플로마티크」가 기획한 <르몽드 세계사 ― 2 세계질서의 재편과 아프리카의 도전>이 출간되었다. 2008년 선보인 <르몽드 세계사>는 많은 독자로부터 현대인이 꼭 읽어야 할 세계문제 해설서이자 시사사전이며, 국제사회를 이해하는 데 가장 훌륭한 책이라는 찬사를 받은 바 있다.",https://image.aladin.co.kr/product/734/44/cover500/8958623470_2.jpg, 르몽드디플로마티크 기획;최서연;이주영 옮김, 휴머니스트,2010
역사,옛그림 속 양반의 한평생,"탄생에서 죽음까지, 조선 양반의 일대기를 옛그림과 옛글로 재구성한 책. 사람들은 양반에 대해 잘 안다고 여긴다. 그러나 정작 조선 사회의 주축이었던 양반이 어떻게 살았는지 아는 사람은 많지 않다. 저자는 여러 가지 문헌과 고문서, 도판 등을 활용하여 탄생부터 죽음까지 양반의 생애를 차분하게 추적해나간다.",https://image.aladin.co.kr/product/771/37/cover500/8971993847_1.jpg, 허인욱 지음, 돌베개,2010
역사,(처음 읽는)터키사,2005년 출간되어 뜨거운 반응을 얻은 '살아있는 세계사 교과서'의 문제의식을 고스란히 이어받은 각국 역사 입문서인 '처음 읽는 세계사 시리즈' 첫 권이다. '처음 읽는 세계사 시리즈'는 각 국가의 역사를 자세히 소개하면서도 세계사의 큰 흐름을 아우르고 있어 세계사와 각국사의 균형 잡힌 읽기를 추구한다.,https://image.aladin.co.kr/product/750/12/cover500/8958623527_1.jpg, 전국역사교사모임 지음, 휴머니스트,2010
역사,(업그레이드)먼나라 이웃나라. 1: 네덜란드,"처음 책으로 묶인 1987년 이후 <먼나라 이웃나라>는 변화하는 시대에 발맞추고자 수정과 보완을 거듭해왔다. 이번 개정판은 과거의 기록이지만 현재진행형인 역사는 보다 정확하게, 새롭게 알아야 할 역사는 보다 충실하게 보강했다.",https://image.aladin.co.kr/product/17408/20/cover500/8934983957_1.jpg, 이원복 글·그림, 김영사,2018
역사,(업그레이드)먼나라 이웃나라. 5: 스위스,"<21세기 먼나라 이웃나라'>를 국제정세의 변화에 발맞춰 내용을 수정했다. 1만 2,000컷을 완전히 새로 그려 보다 화려해진 그림과 최신의 세계 판도를 생생하게 담은 보다 풍성해진 현대사가 돋보인다.",https://image.aladin.co.kr/product/17408/32/cover500/893498399x_1.jpg, 이원복 글·그림, 김영사,2018
역사,(업그레이드)먼나라 이웃나라. 9: 우리나라,"처음 책으로 묶인 1987년 이후 <먼나라 이웃나라>는 변화하는 시대에 발맞추고자 수정과 보완을 거듭해왔다. 이번 개정판은 과거의 기록이지만 현재진행형인 역사는 보다 정확하게, 새롭게 알아야 할 역사는 보다 충실하게 보강했다.",https://image.aladin.co.kr/product/17408/67/cover500/8934984031_1.jpg, 이원복 글·그림, 김영사,2018
역사,몽골 비사,"에는 몽골의 철학과 사상, 신화와 전설, 생활문화, 군사제도, 사회조직, 언어에 대한 다양한 기록이 담겨 있으며, 이는 또한 몽골 사람들의 조상인 부르테 치노(잿빛 푸른 이리)와 코아이 마랄(흰 암사슴) 내외로부터 시작하여 이후 25대 테무진-칭기스 카한(칭기스 칸)에까지 이르는 영웅 서사 문학이기도 하다.",https://image.aladin.co.kr/product/45/44/cover500/8971969946_2.jpg, 유원수 역주, 사계절,2008
역사,그들을 생각하면 눈물이 난다,몰라 지나쳤으나 알면 결코 외면할 수 없는 이야기를 담은 항일 답사 책. 역사를 답사하는 문학 교사인 저자는 연대기적 서술 형식에서 벗어나 현장감을 전달하는 것과 스토리텔링을 중요한 기법으로 삼았다.,https://image.aladin.co.kr/product/10044/19/cover500/s882534889_1.jpg, 김태빈 지음;윤동교 지도 일러스트, 레드우드,2017
역사,압축세계사,압축적이고 단순한 선형구조로 5000년 인류 역사의 큰 흐름을 따라잡으려는 대담한 기획으로부터 시작된 책이다. 저자 크리스토퍼 라셀레스는 세계사 속의 변곡점들을 연구해온 영국의 저술가로서 세계사의 주도권이 동.서양 사이에서 주거니 받거니 옮겨가는 과정을 주류의 시각에서 차근차근 설명해 간다.,https://image.aladin.co.kr/product/8214/45/cover500/8998075253_1.jpg, 크리스토퍼 라셀레스 지음;박홍경 옮김, 라이팅하우스,2016
역사,조선 왕릉 답사 수첩(스프링),,https://image.aladin.co.kr/product/68/31/cover500/6000609974_2.jpg, 문화재청 지음, 미술문화,2012
역사,살아있는 한국사 교과서. 1: 민족의 형성과 민족 문화,"는 올바른 역사교육을 실현하고자 하는 역사교사들의 모임인 전국역사교사모임의 주도 하에 만들어진, 생생한 과거의 목소리가 살아 숨쉬는 역사책이며 대안 교과서이다. 그 점을 높이 평가받아 2002년 5월 조선일보 '이달의 책'으로 선정되기도.",https://image.aladin.co.kr/product/8306/29/cover500/k072434355_1.jpg, 전국역사교사모임 지음, 휴머니스트,2012
역사,심용환의 역사 토크,"<역사전쟁>, <단박에 한국사>로 독자의 눈높이에 맞춘 역사 대중서로 주목받았고, 팟캐스트 [진짜 역사 가짜 역사], [CBS 근현대사 똑바로 보기], [어쩌다 어른] 등 언론과 방송에서도 종횡무진하고 있는 심용환의 역사 토크.",https://image.aladin.co.kr/product/10044/23/cover500/k752536779_1.jpg, 심용환 지음, 휴머니스트,2017
역사,우리는 우리를 잊지 못하고,"<모든 요일의 기록> <모든 요일의 여행>의 작가이자 자신만의 취향과 시선으로 삶을 기록해온 김민철이 효율과 유용에 매달리던 삶에서 벗어나 비로소 숨을 쉴 수 있었던 여행, 그 무방비와 무계획의 시간들에 대한 그리움과 애정을 차곡차곡 담아 <우리는 우리를 잊지 못하고>를 출간했다.",https://image.aladin.co.kr/product/25967/84/cover500/k422730191_1.jpg, 김민철 지음, 미디어창비,2021
역사,딸에게 들려주는 역사 이야기. 1,1990년대 초 PC통신 〈하이텔〉에서 온라인 글쓰기를 시작해 ‘산하’라는 닉네임으로 지금까지 활발하게 활동하고 있는 역사 이야기꾼 김형민 저자가 2015년 초부터 주간지 《시사IN》에 연재하고 있는 역사이야기 중 2016년까지 연재한 100여 꼭지를 새롭게 손본 책.,https://image.aladin.co.kr/product/11981/64/cover500/k572531535_1.jpg, 김형민 지음, 푸른역사,2017
역사,딸에게 들려주는 역사 이야기. 2,1990년대 초 PC통신 〈하이텔〉에서 온라인 글쓰기를 시작해 ‘산하’라는 닉네임으로 지금까지 활발하게 활동하고 있는 역사 이야기꾼 김형민 저자가 2015년 초부터 주간지 《시사IN》에 연재하고 있는 역사이야기 중 2016년까지 연재한 100여 꼭지를 새롭게 손본 책.,https://image.aladin.co.kr/product/11982/55/cover500/k782531535_1.jpg, 김형민 지음, 푸른역사,2019
역사,지리를 알면 보이는 것들,"도시라는 공간이 등장하면서 세계는 지리 혁명의 시대로 진입했다. 각 공간이 어떻게 상호 연관되어 있는지, 장소와 경관은 지리적으로 어떻게 해석할 수 있는지, 과거와 현재, 미래의 도시구조와 디자인에는 어떤 문제와 과제가 있는지 등을 ‘공간의 과학’으로 이해해 보자.",https://image.aladin.co.kr/product/31656/81/cover500/8964946286_1.jpg, 정은혜 지음, 보누스,2023
역사,(현실은 엉망이지만 그럼에도 불구하고)제 마음대로 살아보겠습니다,"‘원지의 하루’라는 채널을 운영하고 있는 여행 유튜버 원지의 피땀눈물의 여행기. 생생한 여행기와 함께 누구나 20대, 30대를 지나면서 겪는 청춘의 고민이 함께 담겨 있다. 예쁜 사진과 감성적인 문장이 등장하는 마냥 아름다운 여행기는 아니다. 오히려 여행의 진짜 민낯을 보여주는 책이다.",https://image.aladin.co.kr/product/21434/14/cover500/k522636099_2.jpg, 이원지 글·사진, 상상,2019
역사,디스 이즈 도쿄,"<디스 이즈> 시리즈의 도쿄 최신 개정판이 출간됐다. 두꺼운 백과사전처럼 스폿을 나열하는 대신, 수많은 여행자의 Q&A와 리뷰를 분석하며 수백 번 고민한 끝에 핵심만 요약했다. 흥미진진한 주제별, 다양한 취향별로 들여다보는 즐거움이 가득하다.",https://image.aladin.co.kr/product/31215/84/cover500/k682831150_1.jpg, 박설희;김민정 [공]글·사진, Terra(테라),2023
역사,디스 이즈 오사카,"코로나19 이후 해외관광객 급증에 따라 바뀐 여행법, 2023년 4월부터 인상된 교통 요금과 관광지 입장료, 공항-오사카 간 신설 노선, 오사카·교토·고베·나라의 핫한 명소와 쇼핑 스폿, 맛집 260여 곳의 생생한 현지 사정을 신속하게 반영했다.",https://image.aladin.co.kr/product/31676/68/cover500/k862833789_1.jpg, 호밀씨 글·사진, TERRA(테라),2023
역사,"엄마, 일단 가고봅시다!","중국과 동남아시아, 중동의 이야기를 먼저 엮은 것으로, 여행 1막에 해당한다. 흥미로운 이야기들과 여행 내내 엄마에게 재롱잔치라도 부리는 듯한 아들의 조금은 철이 없는, 하지만 훈훈한 속내가 가득해 읽는 이로 하여금 잔잔한 엄마미소를 짓게 만든다.",https://image.aladin.co.kr/product/2871/65/cover500/899419746x_2.jpg, 태원준 지음, 북로그컴퍼니,2013
역사,"엄마, 일단 가고봅시다!","중국과 동남아시아, 중동의 이야기를 먼저 엮은 것으로, 여행 1막에 해당한다. 흥미로운 이야기들과 여행 내내 엄마에게 재롱잔치라도 부리는 듯한 아들의 조금은 철이 없는, 하지만 훈훈한 속내가 가득해 읽는 이로 하여금 잔잔한 엄마미소를 짓게 만든다.",https://image.aladin.co.kr/product/2871/65/cover500/899419746x_2.jpg, 태원준 지음, 북로그컴퍼니,2013
역사,(사진과 그림으로 보는) 한국현대사,"성균관대 서중석 교수가 집필한 <사진과 그림으로 보는 한국 현대사>의 개정증보판. 이번 개정증보판에서는 기존의 책에서 잘못된 부분을 바로잡고, 2000년 6.15남북정상회담 이후부터 최근 18대 대통령 선거와 박근혜 정부 출범까지의 내용을 추가했다.",https://image.aladin.co.kr/product/2455/91/cover500/8901154196_2.jpg, 서중석 지음, 웅진지식하우스(웅진닷컴),2013
역사,휴가 없이 떠나는 1박 2일 해외여행,"주말, 1박 2일, 48시간을 활용하여 알차고 완벽한 해외여행을 다녀온 베스트 여행 블로거들의 리얼 100퍼센트 1박 2일 해외여행!! 누적 방문객 1000만을 넘어선 그들의 1박 2일 해외여행 플랜을 이 한 권의 책에 모두 공개했다.",https://image.aladin.co.kr/product/2952/20/cover500/8994197508_2.jpg, 1박 2일 해외여행자들 지음, 북로그컴퍼니,2013
역사,(용선생의) 시끌벅적 한국사. 6: 새 나라 조선이 세워지다,"서울대 대학원의 젊은 역사학자들과 학계 각 시대 각 분야의 권위자들이 수차례 글과 구성을 검토하고 다듬어 펴낸 어린이 역사책이다. 올바른 역사 교육을 고민하는 교사들의 모임인 전국초등사회교과모임에서 새롭게 개정된 교과 과정이 충실하게 반영되었는지 검토했다. 꼭 알아야 할 개념과 상식을 풀어 주고, 단편적인 사실 나열이 아닌 흐름과 핵심을 짚어 준다.",https://image.aladin.co.kr/product/1647/67/cover500/8964355261_1.jpg, 금현진 글;이우일;박소영 [공] 그림, 사회평론,2012
역사,(용선생의) 시끌벅적 한국사. 8: 근대화를 향한 첫걸음을 내딛다,"서울대 대학원의 젊은 역사학자들과 학계 각 시대 각 분야의 권위자들이 수차례 글과 구성을 검토하고 다듬어 펴낸 어린이 역사책이다. 올바른 역사 교육을 고민하는 교사들의 모임인 전국초등사회교과모임에서 새롭게 개정된 교과 과정이 충실하게 반영되었는지 검토했다. 꼭 알아야 할 개념과 상식을 풀어 주고, 단편적인 사실 나열이 아닌 흐름과 핵심을 짚어 준다.",https://image.aladin.co.kr/product/1647/69/cover500/8964355288_1.jpg, 금현진 글;이우일;박소영 [공] 그림, 사회평론,2012
역사,(박시백의) 조선왕조실록. 1: 개국 : 새로운 세상을 꿈꾸다,을 청소년에서 성인까지 두루 볼 수 있게 개정했다. 첫 번째 권에서는 조선의 개국을 다루고 있다. 변방의 세력가 이성계가 중앙 정계로 진출하면서 새로운 나라를 건국할 때까지의 과정이 긴박하게 전개된다.,https://image.aladin.co.kr/product/55/46/cover500/8958620358_2.jpg, 박시백 글.그림, 휴머니스트,2005
역사,(현실은 엉망이지만 그럼에도 불구하고)제 마음대로 살아보겠습니다,"‘원지의 하루’라는 채널을 운영하고 있는 여행 유튜버 원지의 피땀눈물의 여행기. 생생한 여행기와 함께 누구나 20대, 30대를 지나면서 겪는 청춘의 고민이 함께 담겨 있다. 예쁜 사진과 감성적인 문장이 등장하는 마냥 아름다운 여행기는 아니다. 오히려 여행의 진짜 민낯을 보여주는 책이다.",https://image.aladin.co.kr/product/21434/14/cover500/k522636099_2.jpg, 이원지 글·사진, 상상,2019
역사,(박시백의) 조선왕조실록. 13: 효종.현종실록 군약신강의 나라,"박시백의 조선왕조실록 제13권으로 효종.현종실록을 다루고 있다. 이번 <효종.현종실록>에서는 우리가 알고 있던 효종의 북벌에 대한 새로운 해석을 내놓는다. 효종이 북벌을 추진했다는 것은 학교에서 국사를 배운 우리들에게 당연한 얘기로 인식되지만, 실제 조선왕조실록에는 새로운 사실이 숨겨져 있다.",https://image.aladin.co.kr/product/305/56/cover500/8958622660_1.jpg, 박시백 글.그림, 휴머니스트,2009
역사,(박시백의) 조선왕조실록. 17: 순조실록-가문이 당파를 삼키다,"역사교양만화 <박시백의 조선왕조실록> 17권에서 순조의 시대를 만난다. 논쟁의 인물 정순왕후(정순대비), 무력했던 임금 순조, 백성들의 분노의 크기를 보여 준 홍경래, 세도정치의 출발이 된 김조순이 17권의 주연들이다. 순조실록을 생생한 글과 그림으로 재현하면서 박시백 화백이 특히 공을 들이고 있는 부분은 정순왕후에 관한 해석이다. ""그녀는 정말 권력의 화신이고 반동 정치의 수괴였던가?""",https://image.aladin.co.kr/product/1186/36/cover500/8958624019_1.jpg, 박시백 글.그림, 휴머니스트,2011
역사,나의 문화유산답사기 일본편. 1: 규슈 “빛은 한반도로부터”,"<나의 문화유산답사기> 일본편. 1권 규슈 편에서는 일본이 고대문화를 이룩하는 데 한반도 도래인이 전해준 문명의 영향, 조선 도공들이 일본에 터를 잡고 눈부신 자기 문화를 만들어낸 감동적인 이야기를 역사적인 흐름에 따라 답사한다.",https://image.aladin.co.kr/product/2861/43/cover500/8936472305_3.jpg, 유홍준 지음, 창비,2013
역사,슬로우 이탈리아,,https://image.aladin.co.kr/product/2603/11/cover500/897059681x_1.jpg, 문찬 지음, 컬처그라퍼,2013
역사,한국의 고택기행,전국 곳곳에 있는 대표적인 고택 27개의 스토리이다. 2010년 5월〈문화신문〉창간호부터 ‘고택탐방’코너를 두고 방문자의 시각으로 발품을 팔아 지금까지 연재하고 있는 지은이의 글을 책으로 묶은 것이다.,https://image.aladin.co.kr/product/2646/47/cover500/895864303x_1.jpg, 이진경 지음, 이가서,2013
역사,대한민국 100배 즐기기,"대한민국, 나는 어디까지 가봤을까? 우리는 국내 여행을 떠날 때 이미 너무나 유명한 곳, 잘 알려진 곳만 가고 있는 게 아닐까? 그래서 최고의 여행 가이드북으로 독자들에게 꾸준하게 사랑받고 있는 100배 시리즈의 국내 편이 나왔다.",https://image.aladin.co.kr/product/3047/66/cover500/8925543079_03.jpg, 이신화;홍순율 [공] 지음, 랜덤하우스코리아,2013
역사,유럽여행 핵심사전 500,유럽을 가기 전 어떤 곳을 가서 무엇을 하고 즐겨야 하는지를 일목요연하고 명쾌하게 알려준다. 유럽을 대표하는 각 나라와 도시별로 그곳이 어떤 곳이고 숨어 있는 여행 매력이 무엇인지를 알려주고 계절별 축제와 일정에 맞게 코스를 어떻게 잡아야 하는지를 친절하게 담아냈다.,https://image.aladin.co.kr/product/3071/85/cover500/8966185991_2.jpg, 김후영 지음, 길벗,2013
역사,조선왕조실톡. 2: 조선 패밀리의 활극,"<조선왕조실록>에 등장하는 인물들이 가상의 대화창 '톡talk'으로 나누는 대화를 나눈다는 파격적인 형식의 웹툰, <조선왕조실톡>. '대한민국은 실톡 중'이라는 말이 나올 정도로 2015년을 뜨겁게 달군 역사 콘텐츠로, 2권에서는 중종부터 광해군까지, 2개의 패밀리를 다룬다.",https://image.aladin.co.kr/product/7134/12/cover500/s862636621_1.jpg, 무적핑크 지음;이한 해설, 이마,2015
역사,조선왕조실톡. 2: 조선 패밀리의 활극,"<조선왕조실록>에 등장하는 인물들이 가상의 대화창 '톡talk'으로 나누는 대화를 나눈다는 파격적인 형식의 웹툰, <조선왕조실톡>. '대한민국은 실톡 중'이라는 말이 나올 정도로 2015년을 뜨겁게 달군 역사 콘텐츠로, 2권에서는 중종부터 광해군까지, 2개의 패밀리를 다룬다.",https://image.aladin.co.kr/product/7134/12/cover500/s862636621_1.jpg, 무적핑크 지음;이한 해설, 이마,2015
역사,만주에서 만난 우리 역사,"인문기획집단 ‘문사철’의 대표이자 많은 역사서를 집필한 강응천 작가가 이번에는 광활한 중국 땅 ‘만주’에 얽힌 고대부터 근현대까지의 한국사를 이야기한다. 고구려, 발해, 고려, 조선 등의 흥망성쇠와 그 속의 다양한 사건 및 인물을 보다 객관적인 시각에서 만날 수 있다.",https://image.aladin.co.kr/product/7583/95/cover500/8970948309_1.jpg, 강응천 지음, 한림,2016
역사,(프렌즈)라오스,"뉴욕타임즈가 선정한 죽기 전에 가봐야 할 여행지 1위, 유럽인이 선택한 최고 여행지 1위, 라오스. 라오스에서의 볼거리, 먹거리, 즐길 거리, 쇼핑은 물론 추천 코스와 문화 해설까지 아시아 여행 전문작가의 라오스 여행 노하우를 단 한 권에 모두 담았다.",https://image.aladin.co.kr/product/12783/73/cover500/8927808932_1.jpg, 안진헌 지음, 중앙북스,2018
역사,21세기를 위한 21가지 제언,"인류의 과거(사피엔스), 미래(호모 데우스)에 이어 현재를 살펴본다. 과학 분야 전문지식보다는 시사적인 주제를 논한다. 과거-현재-미래 3종 세트 완성.",https://image.aladin.co.kr/product/16234/14/cover500/8934982977_2.jpg, 유발 하라리 지음;전병근 옮김, 김영사,2018
역사,최태성 한국사 수업,"최태성 저자가 학창 시절에 한국사를 공부하면서, 그리고 강단에 서서 학생들을 가르치면서 느꼈던 걸 책으로 엮었다. 기본 개념을 한번 쭈욱, 부담 없이 가볍게, 흐름을 한 눈에 볼 수 있는 한국사 책이다.",https://image.aladin.co.kr/product/13932/37/cover500/k932532623_1.jpg, 최태성 지음;신동민 그림, 메가스터디,2018
역사,(읽고만 있어도 좋은)노플랜 사차원 유럽여행,"한 달이 넘는 배낭여행을 별 고민과 준비 없이 떠난 정박사. 필자의 표현을 빌리자면 노플랜(No Plan)에 어디로 튈 지 모르는 사차원 여행기이다. 두 차례에 걸친 유럽 여행은 그야말로 사고의 연속, 평범한 일상조차 그를 거치면 에피소드가 된다.",https://image.aladin.co.kr/product/65/52/cover500/8985989987_2.jpg, 정숙영 지음, 부키,2008
역사,(세계사와 함께 읽는)중국사 대장정. 1: 중국의 기원부터 춘추전국시대까지,"고대 문명에서부터 중화인민공화국 수립까지 기나긴 중국사를 만화로 압축하여 세 권에 나눠 담았다. 각 장의 말미마다 당시 세계사의 주요 사건을 함께 언급, 세계사의 흐름 안에서 동서양이 서로 교류하는 가운데 중국사의 호흡을 느낄 수 있도록 했다. 인문서와 만화 형식의 한계를 보완하여 꼼꼼한 고증으로 중국 사회생활상을 재현했다.",https://image.aladin.co.kr/product/63/56/cover500/8958200510_1.jpg, 변영우 지음, 궁리,2006
역사,(세계사와 함께 읽는)중국사 대장정. 2: 진나라부터 수나라까지,,https://image.aladin.co.kr/product/63/56/cover500/8958200529_1.jpg, 변영우 지음, 궁리,2006
역사,"제우스, 올림포스산으로 밀려나다","문명을 창조한 고대 그리스와 로마를 중심으로 인류가 낡은 관념과 맞서 싸우면서 학문과 이성의 눈으로 세상을 이해하고 한발 한발 진보하는 과정을 다루고 있다. 바다를 항해하며 다른 나라와 민족의 존재를 알게 되고, 과학을 발전시키며 자연현상을 이해하며, 종교와 신화의 벽을 넘어 예술을 발전시키는 과정 등 고대 인류의 놀라운 역사가 마치 눈앞에서 벌어지듯 생생하게 펼쳐진다.",https://image.aladin.co.kr/product/236/70/cover500/8974833522_1.jpg, 미하일 일리인 지음;이종훈 옮김, 서해문집,2008
역사,(박시백의)조선왕조실록 사전,"박시백 화백이 그린 수많은 캐릭터 중 주요 인물을 따로 추려 350명 정도의 인물을 담았다. <박시백의 조선왕조실록>과 궁합이 가장 잘 맞지만, 역사 드라마나 영화를 볼 때, 역사 소설을 읽을 때, 다큐멘터리를 볼 때 언제든 꺼내 볼 수 있는 참고도서로 활용할 수 있다.",https://image.aladin.co.kr/product/2907/46/cover500/8958626313_1.jpg, 박시백;휴머니스트 편집부, Humanist(아카이브),2013
역사,경성기담,"부산 마리아 참살慘殺 사건, 살인마교 백백교 사건, 안동 가와카미 순사 살해 사건 등 일제 강점기의 조선을 발칵 뒤집어 놓은 4건의 살인사건과 6건의 스캔들을 재구성했다. 꼼꼼한 자료 조사와 풍부한 상상력을 바탕으로 근대 조선의 속살을 들여다본다.",https://image.aladin.co.kr/product/67/34/cover500/8952205405_2.jpg, 전봉관 지음, 살림,2011
역사,시골기행,"민통선의 마을에서 남도까지, 대한민국 시골의 삶을 담은 책. 지은이는 지난 2년간 봄여름가을겨울 대한민국 시골의 풍경과 사람과 삶의 모습을 채집하였다. 책에는 강원도 산골의 배추마을, 천일염으로 유명한 부안 곰소, 남도의 바다가 고스란히 들었다는 장흥의 매생이마을, 왕골과 짚풀로 유명한 태안의 대기마을 등 스무 곳의 시골의 삶이 생생하게 수록되어 있다.",https://image.aladin.co.kr/product/801/21/cover500/8901114569_1.jpg, 강신재 지음, 갤리온,2010
역사,바람이 우리를 데려다주겠지,,https://image.aladin.co.kr/product/358/68/cover500/895605343x_1.jpg, 오소희 지음, 북하우스,2011
역사,조선 왕 독살사건. 1: 문종에서 소현세자까지,"<조선 왕 독살사건>의 최종 완결판. 문종에서 고종까지의 왕조사를 독살사건이라는 프리즘으로 통찰하면서 충의의 명분 뒤에 가려진 살아 있는 조선사를 펼쳐 보이는 책이다. 풍부한 사료에 근거한 역사적 고증과 치밀한 추론으로 문종, 단종, 예종, 연산군, 사도세자의 후예들, 효명세자 등 다수의 인물이 독살되었다는 결과를 도출해낸다.",https://image.aladin.co.kr/product/307/19/cover500/8993285713_1.jpg, 이덕일 지음, 다산초당,2010
역사,그들은 정말 조선을 사랑했을까？,"일반인들이 상식처럼 알고 있는 근대 역사 속의 장소, 사람, 사건 등에 대한 오류들을 바로잡고, 잘 알려지지 않은 역사적 사실을 발굴했던 에 이은 '일그러진 근대 역사의 흔적 찾기' 두번째 편. '일제잔재'에 대한 문제제기에 중점을 두며 31장의 작은 주제들로 묶었다.",https://image.aladin.co.kr/product/57/83/cover500/8990229138_1.jpg, 이순우 지음, 하늘재,2008
역사,(고우영)좌충우돌 세계여행기. 1: 중국편,"10여 년 전 출간된 여행 에세이 를 추모 2주기를 기념하는 의미에서 현대적으로 재편집해 내놓은 여행서이다. 고전 만화 이외의 단행본으로는 소량의 작품만을 남겼을 뿐만 아니라, 고우영 화백의 농후하고 솔직 담백한 여행기라는 점에서 책의 가치는 더욱 빛을 발한다.",https://image.aladin.co.kr/product/91/61/cover500/8954414451_1.jpg, 고우영 글·그림, 자음과모음,2009
역사,(고우영)좌충우돌 세계여행기. 2: 미국편,1970년대 중반 고우영 화백이 6개월간 미국을 여행한 후 느낀 감상을 생각나는 대로 자유분방한 형식으로 엮은 여행기이다.,https://image.aladin.co.kr/product/91/61/cover500/8954414478_1.jpg, 고우영 글·그림, 자음과모음,2009
역사,(다시쓰는)택리지2. 2: 팔도총론-전라.경상편,,https://image.aladin.co.kr/product/45/74/cover500/8989899818_1.gif, 신정일 지음, 휴머니스트,2006
역사,(야사로 보는)고려의 역사1,야사를 통해 감춰졌던 역사의 또 다른 이면을 만나볼 수 있는 책이다. 고려왕조 500년의 역사가 숨겨져있던 재미있는 에피소드와 함께 흥미진진하게 펼쳐진다.,https://image.aladin.co.kr/product/55/22/cover500/8984352144_1.jpg, 최범서 지음, 가람기획,2006
역사,한국 현대사의 민낯,"보통 사람들인 '철수'와 '영희'를 위해 이야기꽃을 피우는 '철수와 영희를 위한 대자보' 시리즈 7권. 독립운동사 및 친일반민족사 연구가인 김삼웅과 출판평론가 장동석의 대담을 통해 해방 후부터 1970년대까지 왜곡되고 거꾸로 흘러, 반드시 바로잡아야 할 한국 현대사의 주요 내용을 담고 있다.",https://image.aladin.co.kr/product/5336/15/cover500/8993463743_1.jpg," 김삼웅,장동석 글", 철수와영희,2015
역사,조선왕조실톡. 3: 조선백성실톡,조선시대 사람들도 지금처럼 직장에 출퇴근하며 직장 내 인간관계로 고민했을까? 무엇을 입고 무엇을 먹었으며 학교에 가서는 무엇을 배웠을까? 조선사를 연대순으로 재구성한 역사교양만화 <조선왕조실톡> 3권은 <조선왕조실록> 곳곳에서 숨 쉬고 있는 조선 백성들의 일상생활에 대한 이야기들이다.,https://image.aladin.co.kr/product/8155/28/cover500/s702636621_1.jpg, 무적핑크 지음;이한 해설, 이마,2016
역사,시골기행,"민통선의 마을에서 남도까지, 대한민국 시골의 삶을 담은 책. 지은이는 지난 2년간 봄여름가을겨울 대한민국 시골의 풍경과 사람과 삶의 모습을 채집하였다. 책에는 강원도 산골의 배추마을, 천일염으로 유명한 부안 곰소, 남도의 바다가 고스란히 들었다는 장흥의 매생이마을, 왕골과 짚풀로 유명한 태안의 대기마을 등 스무 곳의 시골의 삶이 생생하게 수록되어 있다.",https://image.aladin.co.kr/product/801/21/cover500/8901114569_1.jpg, 강신재 지음, 갤리온,2010
역사,고대 이집트 해부도감,"국내 최대 규모의 ‘이집트 미라전’이 주목받으며 준비되고 있고, 이집트 일주가 여행객들의 인기 여행상품으로 자리 잡는 등 북아프리카 이집트에 대한 대중적 관심이 점차 높아지고 있다. 이런 가운데 4대 문명의 정점인 고대 이집트에 관한 모든 것을 쉽고 친절하게 한 권으로 정리 해설한 입문서가 국내에서 출간되었다.",https://image.aladin.co.kr/product/30571/82/cover500/k212830710_1.jpg, 곤도 지로 지음;김소영 옮김, 더숲,2022
역사,나의 한국현대사,"30만 독자의 마음을 사로잡으며 역사 분야의 스테디셀러로 자리를 지켜온 유시민의 <나의 한국현대사>가 6년 만에 개정증보판으로 돌아왔다. '객관적 사실'과 '주관적 체험'을 넘나들며 보고 겪고 느낀 점들을 기록하는 방식을 유지하되, 그간 더해진 시간의 자취를 담아 전면 새로 고쳐 썼다.",https://image.aladin.co.kr/product/26075/76/cover500/897199908x_1.jpg, 유시민 지음, 돌베개,2021
역사,"일상이 고고학, 나 혼자 경주 여행","경주를 100번도 넘게 가본 경주 마니아 황윤이 전하는 고고학으로 경주를 보는 경주 보는 법이다. 아름다운 경주의 풍경에 고고학을 더하여 우리의 여행에 지적 힐링을 안겨주며, 일상적인 누구나의 여행도 더욱 깊고 더 많은 것을 볼 수 있도록 안내한다.",https://image.aladin.co.kr/product/25325/2/cover500/k442633501_2.jpg, 황윤 지음, 책읽는고양이,2020
역사,이도 다이어리,세종실록 33년을 33편의 글로 재탄생시킨 이 책은 세종 이도의 마음과 눈을 따라 쓰여졌다. 실록에 쓰여진 사실을 바탕으로 ‘역사적 사실’과 ‘사람의 감정’ 두 축을 균형있게 다뤘다. 어떤 주제는 33년 전체를 관통해서 이어지기도 한다.,https://image.aladin.co.kr/product/33921/89/cover500/k602930932_2.jpg, 김경묵 지음, 새움,2024
역사,(큰별쌤 최태성의 별별 한국사) 기출 500제,"2023년 68회 시험부터 2022년 59회 시험까지 최신 기출문제 10회분, 총 500문항으로 구성되었다. '기출 BOOK'은 실제 시험지를 그대로 구현하여 실전과 같은 문제풀이가 가능하며, '해설 BOOK'은 모든 선택지의 자세한 해설뿐만 아니라 기출 선택지와 핵심 내용도 수록하였다.",https://image.aladin.co.kr/product/33213/38/cover500/k392937055_1.jpg, 최태성 [외] 지음, 이투스에듀,2024
역사,혼자서 국내 여행,"나만의 속도로, 온전히 나를 위한 시간을 보내고 싶은 사람을 위한 큐레이션 여행 가이드북이다. 시간과 공간, 미각과 풍경을 온전히 감각하고 능동적으로 향유하고 싶은 사람들을 위한 여행책이다.",https://image.aladin.co.kr/product/33969/41/cover500/k152930440_1.jpg, 이학균 지음, 디스커버리미디어,2024
역사,(프렌즈) 미국 동부,"미국 동부 핵심 도시의 최신 여행 정보를 충실히 담았다. 또한 아름다운 비치와 운하로 유명한 포트 로더데일, 미국 최남단 휴양지 키 웨스트, 미국에서 가장 오랜 역사를 간직한 도시 세인트 어거스틴 등 함께 여행하면 좋은 보석 같은 소도시 여행 정보까지 빼놓지 않고 소개했다.",https://image.aladin.co.kr/product/32246/32/cover500/8927879953_1.jpg, 이주은;한세라 [공] 지음, 중앙books(중앙북스),2023
역사,(큰별쌤 최태성의 별★별 한국사)기출500제:한국사능력검정시험심화(1.2.3급),"2023년 68회 시험부터 2022년 59회 시험까지 최신 기출문제 10회분, 총 500문항으로 구성되었다. '기출 BOOK'은 실제 시험지를 그대로 구현하여 실전과 같은 문제풀이가 가능하며, '해설 BOOK'은 모든 선택지의 자세한 해설뿐만 아니라 기출 선택지와 핵심 내용도 수록하였다.",https://shopping-phinf.pstatic.net/main_4521465/45214653630.20240114070833.jpg, 최태성, 이투스북,2024
역사,5천년 역사가 단숨에 이해되는 최소한의 한국사,"한국사 교과서 저자이자 누적 수강생 700만 명에 이르는 한국사 1등 강사 최태성이 고조선이 건국된 기원전 2333년부터 6·15 남북공동선언이 발표된 2000년까지, 반만년 역사를 쉽고 재미있고 명쾌하게 설명한 한국사 책이다.",https://image.aladin.co.kr/product/33226/96/cover500/k932937158_1.jpg, 최태성 지음, 프런트페이지,2023
역사,5천년 역사가 단숨에 이해되는 최소한의 한국사,"한국사 교과서 저자이자 누적 수강생 700만 명에 이르는 한국사 1등 강사 최태성이 고조선이 건국된 기원전 2333년부터 6·15 남북공동선언이 발표된 2000년까지, 반만년 역사를 쉽고 재미있고 명쾌하게 설명한 한국사 책이다.",https://image.aladin.co.kr/product/33226/96/cover500/k932937158_1.jpg, 최태성 지음, 프런트페이지,2023
역사,(생각이 많은 10대를 위한)뜻깊은 세계사,"기록 이전의 역사에서부터 오스트레일리아의 에뮤 전쟁에 이르기까지, 흥미진진한 세계사의 굽이굽이를 저자의 독특한 시선으로 풀어내고 있다. ‘십자군 전쟁’이나 ‘보스턴 차 사건’처럼 교과서에서 만날 수 있는, 알려진 사건도 있지만 쉽게 찾아볼 수 없던 인물도 만날 수 있다.",https://shopping-phinf.pstatic.net/main_4561139/45611398633.20240203090939.jpg, 최은진 글;나수은 그림, 나무생각,2024
역사,맛집에서 만난 지리 수업,"충무김밥, 의정부부대찌개, 전주비빔밥 등 각 지역별로 유명한 음식의 지리적 연원을 통해 인문지리와 자연지리를 아울러 이해할 수 있는 책. 풍성한 자료와 기후·지형·역사·문화·정치·경제가 ‘지리’라는 관점을 통해 입체적이고 맛깔난 이야기로 재구성되어 펼쳐진다.",https://shopping-phinf.pstatic.net/main_4290019/42900194626.20230928091945.jpg, 남원상 지음, 서해문집,2023
역사,나의 첫 지정학 수업,"지정학의 모체인 지리학을 전공한 전·현직 지리 교사들이 함께 쓴 《나의 첫 지정학 수업》은 지리를 이해함으로써 세계사가 작동하는 원리를 알 수 있게 해 주는 청소년 지리 교양서다. 수업 시간에 배운 지리적·역사적 지식을 바탕으로, 익숙한 사건들 속에서 발현된 지리의 힘을 짚어 본다.",https://shopping-phinf.pstatic.net/noimage/noimage.jpg, 전국지리교사모임 지음, 탐(토토북),2023
역사,한국사 신박한 정리,"300만 밀리언셀러 ‘한 권으로 읽는 실록’ 시리즈의 박영규가 마침내 5,000년 우리 역사를 《한국사 신박한 정리》 한 권으로 압축했다. 대한민국에 역사 대중화 열풍을 불러일으킨 그가 30년간 다져온 내공으로 한국사의 핵심만 명쾌하게 담아 완성했다.",https://shopping-phinf.pstatic.net/main_4987260/49872600618.20240822071000.jpg, 박영규 지음, 김영사,2024
역사,곰브리치 세계사,"20세기를 대표하는 인문학자 에른스트 H. 곰브리치가 청소년을 위해 쓰고, 예일대 출판부가 엄선한 컬러 도판을 수록한 세계사 입문서이다. <서양미술사>와 함께 역사와 예술 등 인문학의 핵심을 통찰력 있게 다루어 저명한 에른스트 H. 곰브리치의 대표작으로 손꼽힌다.",https://image.aladin.co.kr/product/19442/18/cover500/8949189534_2.jpg, 에른스트 H. 곰브리치 글;박민수 옮김, 비룡소,2019
역사,5개 원소로 읽는 결정적 세계사,원소의 눈으로 읽으면 역사가 새롭고 빠르게 읽힌다. 발상의 전환이 돋보이는 《5개 원소로 읽는 결정적 세계사》는 더 이상 쪼갤 수 없는 단위의 집합인 원소에 새겨진 역사의 결정적인 24가지 순간을 기록한다.,https://shopping-phinf.pstatic.net/main_4979973/49799733626.20240816071242.jpg, 쑨야페이 지음;이신혜 옮김, 더퀘스트(길벗),2024
역사,(프렌즈)후쿠오카,"현대적인 도시의 풍모가 느껴지지만 곳곳에 시대의 잔상이 공존하는 매력적인 여행지 후쿠오카. 후쿠오카를 한마디로 정의하자면 일본의 압축판, ‘콤팩트 시티’라 할 수 있다. <프렌즈 후쿠오카 ’24~’25>는 언제 누구와 여행을 떠나도 완벽하게 즐길 수 있는 후쿠오카 여행의 모든 것을 총망라했다.",https://shopping-phinf.pstatic.net/main_4557131/45571319644.20240203090945.jpg, 정꽃나래;정꽃보라 [공]지음, 중앙books(중앙일보에스),2024
역사,(박태균의)이슈 한국사,서울대 국제대학원 박태균 교수의 현대사 강의. 통사로서 한국현대사에 접근하지 않는다. 그 대신 한국현대사에서 꼭 짚고 넘어가야 할 10가지 이슈와 이와 관련해 꼭 알아야 할 역사적 사실을 일목요연하게 짚어준다.,https://shopping-phinf.pstatic.net/main_3245561/32455614001.20230725120134.jpg, 박태균 지음, 창비,2015
역사,(프렌즈)캐나다,"캐나다를 크게 브리티시 컬럼비아주, 앨버타주, 온타리오주, 퀘벡주로 나누어 33개 도시를 엄선하여 소개했다. 여기에 각 도시를 여행하며 함께 방문하면 좋은 근교 여행지도 함께 소개해 캐나다를 처음 방문하는 초보 여행자에게도, 여러 번 방문하는 재방문자들에게도 유용하다.",https://shopping-phinf.pstatic.net/main_4234183/42341838621.20230927071037.jpg, 이주은;한세라 [공]지음, 중앙books(중앙일보에스),2023
역사,사피엔스. Vol. 1: 인류의 탄생,《사피엔스: 그래픽 히스토리》 시리즈는 교양 논픽션인 원작의 핵심이 기발한 각색과 세련된 그림을 통해 흡인력 강한 스토리텔링으로 재탄생한 그래픽노블의 걸작이다. 그중 첫 권은 원작의 ‘1부 인지혁명’을 다룬다.,https://shopping-phinf.pstatic.net/main_3246460/32464609630.20230829091241.jpg, 유발 하라리 원작;다비드 반데르묄렝 각색;다니엘 카사나브 그림;김명주 옮김, 김영사,2020
역사,사피엔스. Vol. 3: 역사의 배후,"역사를 이해하는 새로운 관점을 소개하는 3탄 ‘역사의 배후’ 편이 출간되었다. 원작의 3부 ‘인류의 통합’을 다루는 이번 신간은 역사에는 방향성이 있는지, 있다면 그 경로로 우리를 이끄는 역사의 원리나 법칙은 무엇인지 살펴본다. 역사를 지배하는 배후세력의 정체는 무엇일까?",https://shopping-phinf.pstatic.net/main_4709852/47098523618.20240417113711.jpg, 유발 하라리 원작;다비드 반데르묄렝 각색;다니엘 카사나브 그림;김명주 옮김, 김영사,2024
역사,역사를 보다,"구독자 195만, 누적 9억 2천만 뷰를 자랑하는 대한민국 대표 지식 채널 보다(BODA)의 초인기 시리즈 ‘역사를 보다’를 단행본으로 출간했다. 이집트·중동·유라시아를 오가며 알 듯 모를 듯한 역사적 궁금증을 속 시원히 풀어준다.",https://shopping-phinf.pstatic.net/main_4841813/48418137627.20240629092256.jpg, 박현도 외 지음, 믹스커피,2024
역사,"지구본 수업. 1: 아시아, 아프리카, 오세아니아","평면 지도가 어쩔 수 없이 지닌 왜곡과 한계를 걷어내고, 진짜 지구와 세계의 모습을 담았다. 세계 최초로 생생한 지구본 도판을 비롯한 200여 컷의 다채로운 지도와 240여 컷의 풍성한 역사·문화 도판들을 함께 수록해 입체적인 ‘지구 전체사’로 통합해냈다.",https://shopping-phinf.pstatic.net/main_5002336/50023360628.20240829071801.jpg, 박정주;황동하;김재인 [공]글;위수연 그림, 그림씨,2024
역사,홀로 중국을 걷다,"유쾌한 입담으로 방송, 유튜브, 강연을 종횡무진하며 우리가 미처 알지 못했던 중국의 진짜 모습을 전해주는 인문학자 이욱연의 중국 여행 에세이 『홀로 중국을 걷다』가 출간되었다. 여행을 다닐 땐 특히 걸어서 산책하기를 좋아한다는 저자는 베이징부터 하얼빈까지 중국의 일곱 도시 곳곳을 누비며 지리, 음식, 건축, 역사, 문학, 영화 등에 대한 이야기를 펼쳐낸다.",https://shopping-phinf.pstatic.net/main_5044990/50449902625.20240925071532.jpg, 이욱연 지음, 창비,2024
역사,넥서스,"《사피엔스》 《호모 데우스》에서 펼쳤던 그의 논지가 ‘정보’를 중심으로 통합되어 더 정교하게 실체를 드러내는 《넥서스》에서 우리는 하라리 교수의 도저한 ‘현실주의’적 해법을 만난다. 비인간 지능이 우리의 존재를 위협하는 현재, 우리는 실수할 여유가 없다.",https://shopping-phinf.pstatic.net/main_5071939/50719395622.20241008091301.jpg, 유발 하라리 지음;김명주 옮김, 김영사,2024
역사,단단한 고고학,유물과 유적을 통해서 문자 이전의 역사를 탐구하는 고고학考古學 이야기이다. 그중에서도 300만 년 전 무렵에 인간이 날카로운 돌멩이 하나를 집어 들면서 시작된 구석기 시대를 연구하는 ‘구석기 고고학’의 세계로 독자를 이끈다.,https://shopping-phinf.pstatic.net/main_3965696/39656961619.20230523084908.jpg, 김상태 지음, 사계절,2023
역사,인류의 세계사,"H. G. 웰스는 베르나르 베르베르, 조지 오웰, 버트런드 러셀 등 수많은 이들에게 영감을 준 작가로 SF 문학의 창시자로 불린다. 역사, 철학, 종교를 아우르는 인류사의 치열한 고민들을 담아낸 《인류의 세계사》의 이번 개정 출간에서 200여 개의 시각 자료와 지도를 수록하며 세계사의 결정적 순간들을 모두 담았다.",https://shopping-phinf.pstatic.net/main_4605101/46051015618.20240228093503.jpg, 허버트 조지 웰스 지음;육혜원 옮김, 이화북스,2024
역사,장벽의 모든 것,"인류가 세웠던, 세운, 세우고 있는 세계의 모든 장벽들을 담았다. 만리장성부터, 팔레스타인-이스라엘 분리 장벽, 미국-멕시코 국경 장벽, 영토 분쟁이 낳은 서사하라 장벽 등 ‘눈에 보이는 장벽’부터, 이념, 빈부, 종교 등으로 인한 ‘눈에 보이지 않는 장벽’까지! 왜, 무엇 때문에 생겨났는지 역사적 배경과 상황 등을 찬찬히 짚어 본다.",https://shopping-phinf.pstatic.net/main_4900308/49003087622.20240711093140.jpg, 기획집단 MOIM 글;신병근 그림, 그림씨,2024
역사,삼국사기와 삼국유사,"보리 청소년 고전 ‘만남’ 시리즈 세 번째 책. 우리 겨레의 오래된 역사책 《삼국사기》와 《삼국유사》에서 예부터 전해 내려오는 설화와 전기, 민담을 가려 뽑았다. 단군신화부터 고구려, 백제, 신라, 가야의 건국 신화, 그 시대 활약했던 뛰어난 인물들의 이야기, 고단한 삶 속에서 꿋꿋하고 지혜로웠던 백성들의 사연 들을 담았다.",https://shopping-phinf.pstatic.net/main_4726060/47260608635.20240425083650.jpg, 김부식 외 글;정지영 다시쓰기;박건웅 그림;리상호 외 옮김, 보리,2024
역사,벌거벗은 세계사 한정판. 5,“세계사를 다시 생각한다!” 이제껏 당연하게 받아들였던 역사의 이면과 지식을 새롭게 탐구하는 대한민국 최고의 역사 교양서 《벌거벗은 세계사》 시리즈 20만 부 돌파 기념 한정판 세트 출시!,https://shopping-phinf.pstatic.net/main_5002450/50024508618.20241030071012.jpg, tvN〈벌거벗은 세계사〉제작팀 지음, 교보문고,2024
역사,사라진 근대사 100장면. 1: 몰락의 시대,"폭발하는 ‘지성’과 격렬한 ‘교류’로 전 세계가 요동치던 시기, 이 땅의 운명을 뒤바꾼 100장면을 담아냈다. 영정조 시대부터 해방과 건국까지, 100장면 모두 학교에서 배울 수 없는 ‘불편한’ 사실들이다.",https://shopping-phinf.pstatic.net/main_5007642/50076429620.20240831091022.jpg, 박종인 지음, 와이즈맵,2024
역사,365일 고민 없는 국내여행,SNS에 넘쳐나는 수많은 여행 정보. 하지만 쏟아지는 정보의 홍수 속에서 무엇보다 중요한 것은 제대로 정리된 알짜배기 정보를 골라내는 것이다. <365일 고민 없는 국내여행>은 제목 그대로 고민 없이 여행을 떠날 수 있도록 돕는다.,https://shopping-phinf.pstatic.net/main_5095649/50956497624.20241023071611.jpg, 김수진;정은주 [공]지음, 길벗,2024
역사,(새로 쓴)아틀라스 세계사,"지난 25년 동안 국내 역사학계 최고의 학자들이 최신 연구 성과를 집대성하여 지도와 연표, 사진과 설명을 하나로 아우른 [아틀라스 역사 시리즈]의 최신 결정판, 『새로 쓴 아틀라스 세계사』가 완성됐다.",https://shopping-phinf.pstatic.net/main_5324964/53249649031.20250228092339.jpg, 강창훈 지음, 사계절,2025
역사,선명한 세계사. 2: 전쟁과 혁명의 시대,"근현대사 속 가장 중요한 200장면을 선명한 사진과 생생한 스토리텔링으로 구성해 극찬을 받았던 베스트셀러 『역사의 색』. 2025년, 상식적인 미래를 꿈꾸며 역사가 제시하는 올바른 방향을 탐구하고자 하는 한국 독자들을 위해 새로운 이름 ‘선명한 세계사’로 다시 한번 출간되었다.",https://shopping-phinf.pstatic.net/main_5350948/53509488236.20250313154500.jpg," 댄 존스,마리나 아마랄 지음;김지혜 옮김", 윌북,2025
역사,하마터면 지리도 모르고 세계여행할 뻔했다,20대를 세계여행에 바친 지리 선생님이 청소년과 예비 배낭여행객을 위해 준비한 낭만 가득 인문 여행기다. 지리·경제·역사·문화 등 세계 각지 16개 도시가 품고 있는 이야기를 직접 경험한 에피소드와 버무려 생생하게 들려주며 풍부한 배경지식과 함께 독자의 가슴속에 여행의 꿈을 심는다.,https://shopping-phinf.pstatic.net/main_5038457/50384578619.20240925071500.jpg, 강이석 지음, 북트리거,2024
역사,벌거벗은 세계사 일력,"누적 판매 20만 부, tvN 최고 화재 교양 프로그램 〈벌거벗은 세계사〉가 일력으로 새롭게 출간되었다. 사건편, 인물편, 전쟁편, 경제편, 잔혹사편, 권력자편 등 《벌거벗은 세계사》 시리즈에서 다뤘던 주제를 비롯해 세계를 뒤흔든 다채로운 역사를 새롭게 담았다.",https://shopping-phinf.pstatic.net/main_5122713/51227132625.20241106092638.jpg, tvN〈벌거벗은 세계사〉제작팀 지음, 교보문고,2024
역사,디스 이즈 오사카 This Is Osaka,"3년 연속 오사카 여행 베스트셀러 1위 <디스 이즈 오사카>가 한층 강력해진 전면 개정판으로 돌아왔다. 2025 오사카 엑스포 개최에 맞춰 오픈한 오사카 신명소들, NEW 유니버설 스튜디오 재팬 완전 공략법, 가격대별 신규 오픈 호텔 리스트와 숙소 추천 지역, 전면 디지털화한 최신 대중교통 이용 방법, 이코카·컨택리스·트래블 카드로 스마트하게 여행하는 방법 등 반드시 알아야 할 관광과 실용 정보 총망라하였다.",https://shopping-phinf.pstatic.net/main_5210136/52101365625.20241226071928.jpg, 호밀씨 지음, TERRA,2025
역사,(리얼)도쿄,수많은 독자의 선택을 받으며 최고의 가이드북으로 자리매김한 《리얼 도쿄》가 최신 개정판으로 돌아왔다. 20여 년의 시간 동안 시도 때도 없이 도쿄를 들락날락하며 여행자들을 위한 정보를 매의 눈으로 살펴온 저자가 올해도 어김없이 새로운 정보로 채워왔다.,https://shopping-phinf.pstatic.net/main_5257867/52578675764.20250121080139.jpg, 양미석 지음, 한빛라이프,2025
역사,도둑맞은 한국사,"우리는 역사를 도둑맞았다. 무지와 무관심으로 중요한 사실이 누락되고 왜곡과 날조에 의해 조작된 역사가 온전한 한국사로 둔갑했기 때문이다. 과연 우리가 빼앗긴 역사는 무엇이며, 그것을 어떻게 되찾고 지켜야 할까?",https://shopping-phinf.pstatic.net/main_5322553/53225537643.20250226094420.jpg, 이덕일 지음, 다산초당(다산북스),2025
역사,벌거벗은 세계사 한정판. 5,“세계사를 다시 생각한다!” 이제껏 당연하게 받아들였던 역사의 이면과 지식을 새롭게 탐구하는 대한민국 최고의 역사 교양서 《벌거벗은 세계사》 시리즈 20만 부 돌파 기념 한정판 세트 출시!,https://shopping-phinf.pstatic.net/main_5002450/50024508618.20241030071012.jpg, tvN〈벌거벗은 세계사〉제작팀 지음, 교보문고,2024
역사,유물멍,"박물관 유리창 너머로 마주한 소중한 이야기를 담았다. 국립중앙박물관 10만 구독자 웹진 「아침 행복이 똑똑」에서 큰 호응과 관심을 받은 100가지 유물을 정성껏 골라, 어떤 페이지를 펼쳐 어디에 놓아도 풍경이 되게끔 사진 한 컷 한 컷을 배치했다.",https://shopping-phinf.pstatic.net/main_5225496/52254966621.20250215091635.jpg, 국립중앙박물관 편, 세종,2025
역사,(큰별쌤 최태성의 별★별 한국사)7일의 기적. 1: 심화(1·2·3급),"7일 만에 한능검 합격 점수를 획득할 수 있도록 시험에 꼭 나오는 핵심 내용만을 압축하여 담았다. 20년 넘게 판서를 연구해 온 판서의 장인 큰별쌤이 핵심만을 모아 만들어 낸 10개의 아트 판서를 수록하였고, 시험에 자주 나오는 기출 자료와 대표 기출문제를 선별하여 수록하였다.",https://dls2.edunet.net/DLS/api/homepage/holding/getCoverImage.do?prov_code=E10&neis_code=E100000276&bib_key=34206379467, 최태성 지음, 이투스북,2025
역사,(큰별쌤 최태성의 별★별 한국사)7일의 기적. 1: 심화(1·2·3급),"7일 만에 한능검 합격 점수를 획득할 수 있도록 시험에 꼭 나오는 핵심 내용만을 압축하여 담았다. 20년 넘게 판서를 연구해 온 판서의 장인 큰별쌤이 핵심만을 모아 만들어 낸 10개의 아트 판서를 수록하였고, 시험에 자주 나오는 기출 자료와 대표 기출문제를 선별하여 수록하였다.",https://dls2.edunet.net/DLS/api/homepage/holding/getCoverImage.do?prov_code=E10&neis_code=E100000276&bib_key=34206379467, 최태성 지음, 이투스북,2025
역사,(큰별쌤 최태성의 별★별 한국사)7일의 기적. 1: 심화(1·2·3급),"7일 만에 한능검 합격 점수를 획득할 수 있도록 시험에 꼭 나오는 핵심 내용만을 압축하여 담았다. 20년 넘게 판서를 연구해 온 판서의 장인 큰별쌤이 핵심만을 모아 만들어 낸 10개의 아트 판서를 수록하였고, 시험에 자주 나오는 기출 자료와 대표 기출문제를 선별하여 수록하였다.",https://dls2.edunet.net/DLS/api/homepage/holding/getCoverImage.do?prov_code=E10&neis_code=E100000276&bib_key=34206379467, 최태성 지음, 이투스북,2025
역사,(큰별쌤 최태성의 별★별 한국사)기출 500제. 1: 심화 (1·2·3급),"2024년 72회 시험부터 2023년 63회 시험까지 최신 기출문제 10회분, 총 500문항으로 구성되었다. '기출 BOOK'은 실제 시험지를 그대로 구현하여 실전과 같은 문제풀이가 가능하며, '해설 BOOK'은 모든 선택지의 자세한 해설뿐만 아니라 기출 선택지와 핵심 내용도 수록하였다.",https://dls2.edunet.net/DLS/api/homepage/holding/getCoverImage.do?prov_code=E10&neis_code=E100000276&bib_key=34206392253, 최태성 지음, 이투스북,2025
역사,세상을 한눈에 보는 지도책,"국내 최초로 소개되는 ‘반구’로 보는 세계 지도책으로, 세상을 반으로 갈라 두 개의 반구로, 최대한 왜곡 없는 진짜 세계 지리를 알려준다.",https://dls2.edunet.net/DLS/api/homepage/holding/getCoverImage.do?prov_code=E10&neis_code=E100000276&bib_key=34206489509, 세마르탱 라보르드;델핀 파팽;프란체스카 파토리 [공]지음;양영란 옮김, 다산초당(다산북스),2025
역사,지하철로 떠나는 서울 & 근교 여행,"지하철로 갈 수 있는 서울과 근교의 다채로운 볼거리, 휴식처, 산책 코스, 맛집까지 망라하여, 서울에 살면서도 미처 몰랐던 서울을 소개하고 있다. 최신 개정판은 지하철 여행의 즐거움이 배가 될 수 있도록 구성하였다.",https://dls2.edunet.net/DLS/api/homepage/holding/getCoverImage.do?prov_code=E10&neis_code=E100000276&bib_key=34206537847, 최미선;신석교 [공]지음, 넥서스Books,2025
역사,역사의 시선,"재야의 역사학자 전우용이 ‘현재 우리’가 어디로 가야 하는지에 대해 치열하게 고민한 결과를 담은 책이다. 《역사의 시선》이 유사한 다른 책들과 차별화된 점은, 고민의 결과를 ‘역사’에서 찾았다는 것이다. ‘역사’는 모두가 다 알고 있는 내용이다. 그러므로 어디로 가야 하는지에 대한 방향을 제대로 찾을 수 있다. 즉, 역사가 보는 곳, 역사가 가리키는 곳을 따라가면 ‘현재 우리’는 ‘더 나은 미래에서 사는 우리’가 될 수 있다.",https://dls2.edunet.net/DLS/api/homepage/holding/getCoverImage.do?prov_code=E10&neis_code=E100000276&bib_key=34206545755, 전우용 지음, 삼인,2025
역사,(저스티스의 한 뼘 더 깊은)세계사 : 유럽편,"구독자 14만, 누적 2,700만 뷰를 자랑하는 역사 유튜브 ‘저스티스’의 유럽사 이야기를 단행본으로 출간했다. 방대하기 이를 데 없는 5,000년 유럽사의 흐름을 단숨에 읽기 쉽게 스토리텔링하여 전한다.",https://dls2.edunet.net/DLS/api/homepage/holding/getCoverImage.do?prov_code=E10&neis_code=E100000276&bib_key=34206546585, 저스티스(윤경록) 지음, 믹스커피,2025
역사,세계사 익스프레스,"6,000년 세계사에서 반드시 알아야 할 결정적 사건과 그 배경지식을 정리하여 쉽고 빠르게 알려준다. “프랑스대혁명을 통해 민주주의가 발전하게 된 계기는?” “미국이 세계 경찰을 철회한 까닭은?” 같이 지금 시기에 꼭 필요한 질문을 통해, 역사가 과거의 사건에 그치는 것이 아닌 오늘날까지 영향을 미치며 반복되는 이유를 밝힌다.",https://shopping-phinf.pstatic.net/main_5293281/52932813432.20250211071512.jpg, 김영석 지음, 빅피시,2025
역사,(1페이지로 시작하는)세계사 수업,"대한민국 대표 역사 선생님이자 베스트셀러 작가 심용환 저자가 6천 년 세계사 중 가장 중요한 키워드 200개만 엄선해 실었다. 각 키워드는 딱 1페이지 분량으로 설명되어 있어 부담 없이 쉽게 배울 수 있고, 총 일곱 분야의 주제 구성은 세계사를 머릿속에서 일목요연하게 정리할 수 있게 도와준다.",https://shopping-phinf.pstatic.net/main_4648318/46483189623.20240319093542.jpg, 심용환 지음, 빅피시,2024
역사,(요즘 10대를 위한)최소한의 세계사,"대한민국 대표 역사 크리에이터이자 베스트셀러 작가 임소미 저자가 6000년 세계사 중 가장 중요한 사건만을 쏙쏙 뽑아 일목요연하게 정리했다. 인류의 기원인 ‘고대사’부터 세계를 이끌며 세상을 바꾼 ‘강대국들의 역사’, 역사의 흐름을 바꾼 ‘전쟁사’를 살펴본 후, 논술·토론 능력을 기를 수 있는 질문들을 통해 스스로 역사적 사건의 의미를 파악할 수 있도록 도왔다.",https://shopping-phinf.pstatic.net/main_5319054/53190544961.20250225085303.jpg, 임소미 지음, 빅피시,2025
역사,두선생의 지도로 읽는 세계사. [1]: 서양 편,"누적 조회 수 1740만, 최고 조회 수 152만! 화제의 유튜브 채널 <두선생의 역사공장> 속 강의들이 책으로 재탄생했다. 지리가 세상을 관통하는 하나의 법칙이 된 시대, ‘진짜’ 역사를 제대로 공부하기 위해선 산맥과 바다의 이야기가 담긴 지리를 먼저 알아야 한다.",https://shopping-phinf.pstatic.net/main_3245597/32455977020.20250213092259.jpg, 한영준 지음, 21세기북스,2022
역사,두선생의 지도로 읽는 세계사. [2]: 동양 편,"누적 조회 수 2935만, 최고 조회 수 184만! 화제의 유튜브 채널 〈두선생의 역사공장〉 속 지식을 총망라한 책 『두선생의 지도로 읽는 세계사』가 서양 편에 이어 동양 편으로 돌아왔다. 미국, 유럽부터 중동, 아프리카까지 지리에 얽힌 역사를 낱낱이 살펴본 서양 편에 이어, 동양 편에서는 중국부터 중앙유라시아, 동남아까지 살펴보며 전 세계를 아우르는 지식을 제공한다.",https://shopping-phinf.pstatic.net/main_5510875/55108756601.20250610092250.jpg, 한영준 지음, 21세기북스(북이십일),2025
역사,기후 불평등,"기후 위기에 대한 이해, 기후와 세상에 대한 지리적 시야를 넓히는 데 도움을 주는 책이다. 지리학의 관점에서 기후 위기의 의미와 심각성을 살펴보고, 세계 여러 나라에서 기후 위기가 어떤 피해를 불러오고 있는지 알아본다. 또 지리적 불평등이 기후 위기의 불평등과 어떻게 연결되는가를 되짚어 보고, 기후 위기 대처를 위해 우리는 어떤 노력을 해야 하는지 생각해 본다.",https://shopping-phinf.pstatic.net/main_5772531/57725316434.20260331110206.jpg, 이동민 지음, 다정한시민,2025
역사,이 정도만 알면 되는 세계사,"tvN 〈벌거벗은 세계사〉를 통해 “시간 가는 줄 모르고 보게 되는 명강의”라는 호평을 받아온 역사 스토리텔러 김봉중 교수는 4대 문명에서 시작하는 지루한 세계사 대신, 수천 년의 역사 중 현재를 살아가는 우리가 반드시 알아야 할 20개의 결정적 장면만 엄선했다.",https://shopping-phinf.pstatic.net/main_5923478/59234789961.20260331101137.jpg, 김봉중 지음, 빅피시,2026
역사,나의 문화유산답사기. 11: 서울편 3 - 내 고향 서울 이야기,"유홍준 교수의『나의 문화유산답사기』11권《서울편》제3권. 9권과 10권에서 조선왕조의 왕실 유적을 위주로 돌아보았다면 11권에서는 서촌, 북촌, 인사동 등 ‘K-컬처’의 정수가 녹아 있는 사대문 안동네를 돌아보며 ‘사람 사는 동네’ 서울의 과거와 현재, 미래를 동시에 담았다.",https://shopping-phinf.pstatic.net/main_3536755/35367558621.20260331094607.jpg, 유홍준 지음, 창비,2022
역사,선을 넘는 지리 이야기,,https://shopping-phinf.pstatic.net/main_5373501/53735013112.20260331111846.jpg," 성정원,이명준,이채림 [공]지음", 서해문집,2025
역사,(역사선생님도 궁금한)101가지 세계사 질문사전. 2: 근대 국민 국가에서 현대 사회까지,근대 국민 국가에서 현대 사회까지 복잡다단한 세계사의 물줄기를 통합적 시각에서 친절하게 설명한 책이다. 책에 실린 101가지 질문은 참신하고 발랄하며 세계사의 전환점과 분기점의 맥락을 쉽고 자연스럽게 짚어준다.,https://shopping-phinf.pstatic.net/main_3845191/38451915636.20260331110844.jpg, 양홍석 외 글;서은경 그림, 북멘토,2023
역사,있는 그대로 베트남,"베트남이라는 나라를 다각도로 들여다본다. 지리, 역사, 문화, 사람들의 삶에 이르기까지 다양한 주제를 다루며, 그 속에서 베트남만의 고유한 이야기를 풀어낸다. 저자는 2019년부터 2022년까지 베트남에서 생활하며 직접 보고 겪은 이야기들을 바탕으로 여행객의 시선이 아닌, 현지인의 시선으로 베트남의 다채로운 모습을 조명한다.",https://shopping-phinf.pstatic.net/main_5285724/52857249823.20260331115018.jpg, 강태규 지음, 초록비공방,2025
역사,파리 1919,세계적인 근현대 국제관계 역사학자 마거릿 맥밀런의 대표작 《파리 1919》는 이 파란만장한 파리의 6개월을 생생하면서도 일목요연하게 그려낸다. 인물들의 개인사를 비롯해 최대한 당사자들이 직접 한 말로 전하는 이야기는 이해도와 현장감을 높인다.,https://shopping-phinf.pstatic.net/main_5785735/57857358818.20260331123719.jpg, 마거릿 맥밀런 지음;허승철 옮김, 책과함께,2025
역사,(세계사를 바꾼)인천의 전쟁,"한반도 800년 전쟁 역사를 '인천' 중심으로 바라본 책. 여몽전쟁, 임진왜란, 정묘.병자호란, 병인.신미양요, 청일전쟁, 러일전쟁, 한국전쟁, 서해에서 벌어진 남북 간 교전 등을 담고 있다.",https://image.aladin.co.kr/product/1949/24/cover500/8967500025_1.jpg, 경인일보 특별취재팀, 다인아트,2012
역사,유럽의 책마을을 가다,저자가 유럽 24곳의 책마을을 돌며 만난 책과 사람들에 관한 기록. 저자는 2007년 봄부터 2008년 초겨울까지 1년간 수차례에 걸쳐 책마을로 여행을 떠났다. 그가 여행을 떠난 이유는 다름아닌 마음에 드는 책을 찾기 위해서였다. 그렇게 시작된 여행을 통해 그는 책마을을 지키며 살아가는 사람들의 모습과 오래된 책의 흔적을 좇게 되었다.,https://image.aladin.co.kr/product/210/32/cover500/8984988537_2.jpg, 정진국 지음, 생각의 나무,2008
역사,(말 많은)이집트 여행,고대 이집트의 모든 것을 재미있는 그림과 함께 종합적으로 소개하는 책. 서해문집에서 펴내는 카툰 클래식 세번째 책이기도 하다. 직접 그린 그림 뿐만 아니라 설명과 설명 사이에 들어가는 지은이의 경험담도 상당히 유머러스해 이집트 문명에 대해 실감나고 재미있게 머릿 속에 받아들일 수 있다.,https://image.aladin.co.kr/product/91/4/cover500/897483314x_1.jpg, 시바사키 미유키 지음;박정임 옮김, 서해문집,2007
역사,갈리아 전기,"카이사르가 지금의 서유럽 지역인 갈리아 지방을 정복하며 8년 간에 걸쳐 쓴 전쟁 기록인 '갈리아 전기'를 만화로 옮겼다. 현장감 있는 전투 묘사와 함께, 당시 로마군이 펼친 군사적 전략과 기술이 상세히 기록되어 있다.",https://image.aladin.co.kr/product/98/86/cover500/8974833247_1.jpg, 율리우스 카이사르 원작;기획집단 MOIM 지음;신웅 그림, 서해문집,2007
역사,(셀프트래블)괌·사이판,한국인을 위한 프리미엄 맞춤 가이드북 '셀프 트래블' 시리즈 <괌.사이판 셀프 트래블>. 철저히 국내 여행자의 취향을 고려한 맞춤 여행 일정을 제시한다. 테마별.동선별로 구성된 일정과 그에 맞추어 함께 소개되어 있는 핵심 코스 또한 매우 흥미롭다.,https://image.aladin.co.kr/product/7458/94/cover500/k682434503_1.jpg," 정승원,유철상 지음", 상상출판,2016
역사,(죽기 전에 가 봐야 할)국내여행 버킷리스트 101,"내 집 앞이 그저 출퇴근 또는 오고가는 일상의 거리가 아닌 멋진 여행지가 될 수 있게, 골목골목부터 멀리 전국 팔도의 아름다운 산천까지 소개한다. 대한민국 사람이라면 사는 동안 절대 놓쳐서는 안 될 여행지로 꼽아도 손색이 없는 101곳을 모았다.",https://image.aladin.co.kr/product/9436/68/cover500/k262535326_1.jpg," 최미선,신석교 지음", 넥서스Books,2016
역사,Tripful. 1: 후쿠오카,"여행 출판 전문 이지앤북스의 무크지《트립풀》창간호는 일본 후쿠오카를 담았다. 후쿠오카는 식도락 여행만으로도 충분히 즐거운 곳이지만 트랜디한 카페, 라이프 스타일 편집숍 등 평범한 일상에 신선한 에너지를 불어넣기 충분한 컨텐츠로 가득하다.",https://image.aladin.co.kr/product/10135/39/cover500/k172536375_2.jpg, 안혜연 글;초모 그림, 이지앤북스,2017
역사,시크릿 Paris,2010년 출간 이후 파리 여행 가이드북 1위를 고수하는 [시크릿 파리] 최신 개정판. 20년 차 파리지앵이 콕 짚어주는 파리의 비밀스러운 명소를 소개한다. 이번 최신 개정판에서는 본문 맨 앞의 소책자를 주목하자.,https://image.aladin.co.kr/product/8778/15/cover500/8952776550_1.jpg, 정기범 글·사진, 시공사,2017
역사,시크릿 Bangkok,"한 손에 잡히는 작고 예쁜 책 속에 시크릿한 장소만을 선별해 소개해 온 [시크릿 방콕]의 최신 개정판. 트렌드에 민감하면서도 물가가 저렴해 수많은 동서양 여행자들이 사랑해 마지 않는 도시, 방콕의 최신 인기 명소와 로컬들만 알음알음으로 찾아가는 숨은 명소들이 대폭 추가되었다.",https://image.aladin.co.kr/product/8596/95/cover500/8952776321_1.jpg, 신중숙 지음, 시공사,2016
역사,(가끔은 길을 헤매도 좋은)유럽 작은 마을 스케치 여행,"인스타그램에서 높은 인기를 얻고 있는 일본의 일러스트레이터 다카하라 이즈미가 여행하며 만난 유럽의 이야기를 책으로 엮었다. 프랑스를 시작으로 스페인 북부와 포르투갈, 이탈리아와 크로아티아, 스페인 남부 그리고 영국까지 다섯 번에 걸친 그녀의 유럽 여행을 수채화 90점과 함께 기록했다.",https://image.aladin.co.kr/product/12176/20/cover500/k042531449_1.jpg, 다카하라 이즈미 지음;김정미 옮김, 키라북스,2017
역사,(어린이의)미래를 여는 역사. 1: 근대화의 물결,"먼저 서구 열강에 문을 열기 이전인 19세기, 조공 외교와 대외 무역으로 맺어진 세 나라의 관계를 살펴보고 각 나라 안의 정치, 경제, 사회적인 모습을 훑어본다. 이어서 서구 열강이 아시아로 몰려왔을 때 세 나라가 서양과 어떤 관계를 맺었는지를 보여준다.",https://image.aladin.co.kr/product/88/30/cover500/8984312118_1.jpg, 김한조 지음, 한겨레아이들,2007
역사,(열등감을 희망으로 바꾼)오바마 이야기,"출생부터 미국 대통령 후보가 되기까지의 오바마 인생 풀 스토리를 담은 책. 청소년의 눈높이에 맞추어 누구나 쉽게 오바마에 대해 알 수 있게 한 것이다. 두꺼운 자서전의 압축판으로, 위인전처럼 쉽고 부담 없이 읽을 수 있고, 그러면서 오바마라는 인물을 쉽게 이해할 수 있다.",https://image.aladin.co.kr/product/271/34/cover500/8976776070_1.jpg, 헤더 레어 와그너 지음;유수경 옮김, 명진출판,2008
역사,노빈손 정조대왕의 암살을 막아라,짝꿍 말숙이의 생일 선물을 사기 위해 인사동의 고서점인 규장각 분점에 온 노빈손. 를 찾아오면 고서와 벼루를 공짜로 준다는 고서점 노인의 꼬임에 빠져 조선시대 진짜 규장각으로 시간여행을 떠나게 된다.,https://image.aladin.co.kr/product/98/62/cover500/8958071796_1.jpg, 남동욱 지음;이우일 그림, 뜨인돌,2008
역사,러브 앤 프리,"다카하시 아유무의 포토 에세이. 다니던 직장을 그만두고 아내와 둘이서 오스트레일리아를 출발하여 돈이 다 떨어지면 돌아온다는 것만 결정한 채 떠난 방랑의 기록이다. 오스트레일리아, 동남아시아, 유라시아, 유럽, 아프리카, 남미, 북미, 일본 등 세계 각국을 돌아다니며 쓴 메모와 일기, 사진을 담았다.",https://image.aladin.co.kr/product/276/91/cover500/8991095488_1.jpg, 다카하시 아유무 지음;양윤욕 옮김, 에이지21,2008
역사,(중학생이 되기 전에 꼭 읽어야 할)만화 지리 교과서. 1: 한국지리,"중학교 1학년 사회교과서는 지역 사회의 탐구 방법을 배운 뒤, 우리나라의 중부지방과 남부지방, 북부지방의 생활 배워 한국지리의 전반을 파악하도록 구성되어 있다. 한 챕터가 끝날 때마다 핵심 내용을 다시 한번 짚어주는 ‘쏙쏙 요점정리’ 코너를 두어 학습 효과를 높일 수 있도록 구성하였다.",https://image.aladin.co.kr/product/102/73/cover500/8992010761_1.jpg, 박철권 지음, 스콜라,2008
역사,(고교생이 꼭 알아야 할)한국사 개념서,교과서 학습을 도와주는 ‘참고서’를 뛰어넘어 한국사의 개념을 잡을 수 있는 ‘개념서’이다. 주요 내용을 꼼꼼하게 정리한 표인 ‘정리해 볼까요’는 학생이 종횡으로 선을 그으며 역사적 사실의 전후 관계를 확인하고 효율적으로 학습할 수 있도록 도와준다.,https://image.aladin.co.kr/product/3620/12/cover500/8965820588_1.jpg, 박찬영 지음, 리베르,2014
역사,(큰별쌤 최태성의 별별 한국사)한국사능력검정시험 고급 1·2급. 1,"큰별쌤 최태성의 별★별 한국사 한국사능력검정시험 시리즈. 판서의 장인 큰별쌤 최태성이 만들어 낸 아트 판서를 수록했다. 사료, 사진, 지도 등 풍부한 시험 빈출 자료와 함께 꼼꼼한 해설을 수록했으며, 기출문제로 개념과 유형을 익힐 수 있다.",https://image.aladin.co.kr/product/10085/29/cover500/k482536977_1.jpg, 최태성 지음, 이투스북,2017
역사,(2023)황현필의 한국사 일력,"오늘 있었던 역사적 사건과 인물의 이야기를 알 수 있는 도서이자 달력(일력)이다. 하루하루 오늘을 설명하는 간단한 글은 독자들에게 한국사 지식을 채워주는 것은 물론, 황현필의 역사관까지 강렬하게 전달될 것이다.",https://image.aladin.co.kr/product/30493/30/cover500/k972830482_1.jpg, 황현필 글;허민철 그림, 역바연,2022
역사,(큰별쌤 최태성의 별★별 한국사)한국사능력검정시험. 하,"700만 수험생이 선택한 한국사 실력 UP 시스템이다. 아트 판서로 흐름을 잡고 사진·도표·사료로 개념을 보완하며 최신 기출과 해설로 실전을 대비한다. 기출 모의고사와 한국사 연표, 단권화 노트까지 제공하고 전 강의는 유튜브와 홈페이지에서 무료로 볼 수 있다.",https://shopping-phinf.pstatic.net/main_5792034/57920349617.20260331102842.jpg, 최태성 지음, 이투스북,2025
역사,(큰별쌤 최태성의 별★별 한국사)한국사능력검정시험. 상,"큰별쌤 최태성이 핵심만을 모아 아트 판서로 정리한 한능검 심화 대비서다. 사료·사진·지도 해설, 기출 선택지 기반 문제, 최신 기출 해설, 연표·지역사 지도까지 담아 흐름과 실전을 모두 잡을 수 있도록 구성했다.",https://shopping-phinf.pstatic.net/main_5792034/57920345864.20260331100245.jpg, 최태성 지음, 이투스북,2025
역사,도쿠가와 이에야스는 어떻게 난세의 승자가 되었는가,"21세기인 오늘날에도 전쟁은 끊이지 않고, 크고 작은 경쟁과 불합리한 부조리는 우리의 삶을 혼란스럽게 한다. 이 책을 통해 이에야스가 위기를 돌파한 과정을 살펴보면, 휘몰아치는 삶의 풍파에 당당히 극복할 힘과 지혜를 얻을 수 있을 것이다.",https://shopping-phinf.pstatic.net/main_4544670/45446700620.20260331094411.jpg, 아베 류타로 지음;고선윤 옮김, 페이퍼로드,2024
역사,(리얼)방콕,"즐길 거리가 너무 많아서 힘들 정도인 방콕을 쉽게 이해하고, 가장 멋지게 여행하는 방법을 핵심적으로 알려준다. 코로나19가 한 차례 휩쓸고 간 후 많은 곳이 사라진 만큼 신속하고 꼼꼼하게 최신 정보로 업데이트까지 마쳤다.",https://image.aladin.co.kr/product/29982/23/cover500/k872838348_1.jpg, 배나영 지음, 한빛라이프,2022
역사,"(설민석의)한국사 대모험. 4: 본격 부마 결정전, 온달 대 공갈","국민 역사 강사 설민석의 첫 한국사 학습만화 시리즈로, 한국사 지식을 기본적으로 다루고 있다. 설민석 선생님과 태건 역사 연구소가 철저하게 고증하여 정확한 역사 지식을 어린이들에게 전달하려고 노력했다.",https://image.aladin.co.kr/product/11599/42/cover500/k962531918_1.jpg, 설민석;스토리박스 글;정현희 그림, 아이휴먼,2017
역사,(설민석의)한국사 대모험. 5: 조선 시대 편 온달이 아빠는 너무 바빠요!,"국민 역사 강사 설민석의 첫 한국사 학습만화 시리즈로, 한국사 지식을 기본적으로 다루고 있다. 설민석 선생님과 태건 역사 연구소가 철저하게 고증하여 정확한 역사 지식을 어린이들에게 전달하려고 노력했다.",https://image.aladin.co.kr/product/12455/35/cover500/k282532761_1.jpg, 설민석;스토리박스 글;정현희 그림, 아이휴먼,2017
역사,"(설민석의)한국사 대모험. 11: 부마 온달, 태학에 들어가다!","재미있는 스토리와 다양한 한국사 이야기를 통해 어린이들에게 지식과 감동, 재미를 심어주는 <설민석의 한국사 대모험> 시리즈. 11권에서는 우리의 주인공 온달이 모두가 인정하는 부마로 거듭나기 위해 고구려에서의 생활을 시작하는 모습을 그리고 있다.",https://image.aladin.co.kr/product/20004/68/cover500/k562635045_1.jpg, 설민석;스토리박스 글;정현희 그림, 아이휴먼,2019
역사,"(설민석의)한국사 대모험. 14: 명의 허준 편 - 안녕, 로빈!","로빈을 살리기 위한 역사 여행을 통해, <동의보감>, <신찬벽온방> 등 허준 선생님의 위대한 의학 연구를 자세하게 다루었다. 그리고 독약의 성분을 알아내기 위해 찾아간 조선 말기의 모습에서 아관파천의 가슴 아픈 역사와 대한제국, 광무개혁에 대해 살펴본다.",https://image.aladin.co.kr/product/24258/33/cover500/k742630570_2.jpg, 설민석;스토리박스 글;정현희 그림, 아이휴먼,2020
역사,(설민석의)한국사 대모험. 15: 신라 편 - 천년의 보물을 지켜라!,"흥미진진한 스토리로 지식과 재미, 감동과 교훈을 모두 담아낸 초등 학습만화. 긴박하게 펼쳐지는 설쌤 일행의 모험, 그리고 신라와 백제의 찬란한 문화 이야기로 가득한 <설민석의 한국사 대모험 15>는 어린이 독자들에게 신선한 재미와 유익한 지식을 선사할 것이다.",https://image.aladin.co.kr/product/25259/92/cover500/k052633102_1.jpg, 설민석;스토리박스 글;정현희 그림, 아이휴먼,2020
역사,(설민석의)한국사 대모험. 18: 후삼국 편 - 온달의 기묘한 시간 여행,"『설민석의 한국사 대모험』 시리즈 18권. 태학생 대표가 된 온달, 그리고 부마로서 고구려를 이끌어갈 인재인지 확인하고 싶어 하는 태학장의 이야기가 펼쳐진다. 백성이 고통받지 않는 새로운 세상을 꿈꾸며 출사표를 던진 궁예와 후삼국 시대의 역사를 알아본다.",https://image.aladin.co.kr/product/28101/56/cover500/k842734445_1.jpg, 설민석;스토리박스 글;정현희 그림, 아이휴먼,2021
역사,(큰별쌤 최태성의 별★별 한국사)한국사능력검정시험. 하,"700만 수험생이 선택한 한국사 실력 UP 시스템이다. 아트 판서로 흐름을 잡고 사진·도표·사료로 개념을 보완하며 최신 기출과 해설로 실전을 대비한다. 기출 모의고사와 한국사 연표, 단권화 노트까지 제공하고 전 강의는 유튜브와 홈페이지에서 무료로 볼 수 있다.",https://shopping-phinf.pstatic.net/main_5792034/57920349617.20260331102842.jpg, 최태성 지음, 이투스북,2025
역사,여행이 부르는 노래,"국내, 해외 할 것 없이 다양한 장소를 다니며 저자가 부른 여행을 담은 여행기이다. 첫 여행지 캐나다, 로맨스가 있던 유럽, 베트남, 티베트, 가장 사랑하는 영국, 스칸디나비아, 일본 여행을 비롯해 창업한 회사를 관두고 떠난 춘천-여수 도보여행의 이야기까지 모두 음악으로 연결되어 있다.",https://image.aladin.co.kr/product/30110/62/cover500/8962919826_1.jpg, 강이석 지음, 푸른길,2022
역사,(프로 한달 여행러의)진주 살아보기,,https://image.aladin.co.kr/product/30083/44/cover500/k132839476_1.jpg, 김지혜 지음, 부크크,2022
역사,친일파의 한국 현대사,"'나라를 팔아먹고 독립운동가를 때려잡은 매국노 44인 이야기'라는 직설적인 부제가 말해주듯이 그야말로 '나라를 팔아먹고', '독립운동가를 때려잡은' 파렴치한 매국노들 이야기를 통해 읽는 우리 현대사다.",https://image.aladin.co.kr/product/7492/9/cover500/k282535192_1.jpg, 정운현 지음, 인문서원,2016
역사,친일파의 한국 현대사,"'나라를 팔아먹고 독립운동가를 때려잡은 매국노 44인 이야기'라는 직설적인 부제가 말해주듯이 그야말로 '나라를 팔아먹고', '독립운동가를 때려잡은' 파렴치한 매국노들 이야기를 통해 읽는 우리 현대사다.",https://image.aladin.co.kr/product/7492/9/cover500/k282535192_1.jpg, 정운현 지음, 인문서원,2016
역사,친일파의 한국 현대사,"'나라를 팔아먹고 독립운동가를 때려잡은 매국노 44인 이야기'라는 직설적인 부제가 말해주듯이 그야말로 '나라를 팔아먹고', '독립운동가를 때려잡은' 파렴치한 매국노들 이야기를 통해 읽는 우리 현대사다.",https://image.aladin.co.kr/product/7492/9/cover500/k282535192_1.jpg, 정운현 지음, 인문서원,2016
역사,친일파의 한국 현대사,"'나라를 팔아먹고 독립운동가를 때려잡은 매국노 44인 이야기'라는 직설적인 부제가 말해주듯이 그야말로 '나라를 팔아먹고', '독립운동가를 때려잡은' 파렴치한 매국노들 이야기를 통해 읽는 우리 현대사다.",https://image.aladin.co.kr/product/7492/9/cover500/k282535192_1.jpg, 정운현 지음, 인문서원,2016
역사,제주 올레 : 행복한 비움 여행,"사진으로 만난 제주 올레길 이야기. 사진작가이자 사진평론가로 오랫동안 활동해온 저자가 이번에는 제주도를, 그것도 제주도의 속살을 그대로 간직한 올레길에 섰다. 책은 저자가 지난 초여름에서 늦가을까지 온몸으로 보고 느끼고 부딪치며 걸은 제주 올레 열두 길과 1코스의 알파 코스(우도 올레), 7코스의 알파 코스까지 총 14코스가 소개되어 있다. 또한 각 올레길의 특색을 담은 사진들이 글과 글 사이를 메워주고 있다.",https://image.aladin.co.kr/product/644/42/cover500/8950922258_1.jpg, 최건수 지음, 21세기북스,2010
역사,나는 노비로소이다,"조선의 백성이길 거부한 노비의 법정 투쟁기. 1586년 나주 관아의 노비소송을 서사 구조로 하는 이 책을 따라가 보면, 조선시대의 사법풍경이 한눈에 들어오고 이 절차를 통해 당시 체제가 빚어내는 반목의 양태들을 확인해 볼 수 있다.",https://image.aladin.co.kr/product/641/49/cover500/8996123986_1.jpg, 임상혁 지음, 너머북스,2010
역사,천황제 코드,천황제.상징천황제는 과거의 유물인 동시에 현대 일본 사회를 이해하는 주요 코드 중 하나다. 만세일계 신성성이라는 천황의 위상은 새로 탄생한 일본제국의 지배이데올로기로서 새롭게 구축된 것이었다. 이 책은 코드화된 천황제/상징천황제를 해석하고 그 내용을 축으로 현대 일본 사회를 들여다보고 있다.,https://image.aladin.co.kr/product/437/62/cover500/8963574059_1.jpg, 조용래 지음, 논형,2009
역사,"(설민석의)한국사 대모험. 19: 고려 편 - 왕건, 새로운 세상을 열다!","왕건이 궁예를 대신해 어떻게 백성을 위한 세상을 만들었는지, 진정한 의미의 민족 통일을 이룬 비결은 무엇인지 알아본다. 18권에서 궁예의 후고구려를 중심으로 후삼국 시대의 역사를 알아보았다면, 19권에서 온달은 고려를 세운 태조 왕건과 함께한다.",https://image.aladin.co.kr/product/28540/88/cover500/k222835233_1.jpg, 설민석;스토리박스 글;정현희 그림, 아이휴먼,2021
역사,런던 미각,"푸드 라이터와 요리 연구가로 활동 중인 지은이가 런던에서 보낸 2년여의 시간과, 다시 1년 뒤 그곳에서 한 달여를 지내며 여성적 감성으로 포착한 런던의 여러 모습을 담은 책이다. 제목에서 알 수 있듯, 이 책은 런던의 ‘맛’을 추적한다. 하지만 그 ‘맛’은 단순히 혀끝을 만족시키는 감각을 일컫는 것이 아니라 윤택하고 멋스럽게 하루하루를 디자인하는 런더너들의 삶을 총체적으로 드러내는 상징이다.",https://image.aladin.co.kr/product/437/51/cover500/8925533626_1.jpg, 장미성 지음, 랜덤하우스코리아,2008
역사,세상 끝에서 삶을 춤추다,"20여 년간 일간지 기자로 전국 방방곳곳, 세계 구석구석을 누비던 지은이는 어느 날 문득 기자로서 달려온 일상을 내려놓고, ‘세상 끝’이라고 할 수 있는 오지로 ‘행복 여행자’들을 만나기 위한 여행을 떠났다. 사람의 발길이 닿을까 싶은 곳에 마을이 있고 사람들이 살고, 그들과 함께 호흡하며 웃음 짓는 한국인들이 있었다.",https://image.aladin.co.kr/product/432/91/cover500/8996113298_1.jpg, 박상주 지음, 북스코프,2009
역사,전쟁하는 세상,"동서양의 반목의 역사를 쉽게 풀어내는 동시에 그 원인을 분석한 인문서. 동서양이 2,500년 동안 흘린 막대한 피의 역사를 다루면서 민족적인 차이가 점차 침식해감에도 불구하고 여전히 존재하고 있는 불화와 반목에 관해 명쾌하고 알기 쉽게 설명한다.",https://image.aladin.co.kr/product/431/49/cover500/8952212177_1.jpg, 안토니 파그덴 지음;추미란 옮김, 살림,2009
역사,(지도로 보는)타임스 세계 역사. 1,"시대적 요구와 역사학계의 최신 연구 성과를 반영한 <지도로 보는 타임스 세계 역사>. 이 책은 이제까지 소외된 동유럽, 아프리카, 오스트레일리아와 뉴질랜드, 라틴아메리카, 인도나 동남아시아의 역사를 새로 추가하거나 비중을 늘렸다. 18개 언어로 번역 출간되었으며 영미권에서만 200만 부 이상이 팔린 역사지도책의 고전이다.",https://image.aladin.co.kr/product/602/86/cover500/8984986666_1.jpg, 리처드 오버리 총편집;이종경 옮김, 생각의 나무,2009
역사,(백성편에서 쓴)조선왕조실록 : 왕을 참하라!. 下,"동서양의 역사에 정통한 재미 역사가가 쓴 독특하고 기발한 새로운 개념의 조선사 책이다. 우리가 학교 교육에 의해 잘못된 역사를 배웠다고 주장하는 저자는, 조선 역사에 관한 폭넓은 연구를 토대로 기존의 사가들이 감히 꺼내기 어려웠던 조선사의 숨겨진 치부들을 밝혀내고 있다.",https://image.aladin.co.kr/product/321/86/cover500/8980104367_2.jpg, 백지원 지음, 진명출판사,2010
역사,"터키, 1만 년의 시간여행. 02","'소아시아'라는 근사한 이름을 갖고 있으면서도 유럽과 아시아를 잇는 최고의 길목인 이스탄불을 소유한 나라, 터키. 터키는 서양 문명의 기억을 간직하고 있는 동시에, 이슬람 제국의 영광과 문화가 스며있는 곳이다. 그리스 전문가인 저자가 동서 문명과 민족들이 끊임없는 넘나드는 세계의 교차로 터키를 30여 년 동안 발로 뛰며 집필했다.",https://image.aladin.co.kr/product/685/48/cover500/8931574657_1.jpg, 유재원 지음, 책문,2010
역사,(박종호의)황홀한 여행,시대를 대표하는 예술 애호가인 저자의 첫 번째 여행기. 저자는 예술을 향유하고 즐길 줄 알며 그것을 대중과 함께 음미하는 걸 사명으로 여긴다. 때문에 그의 여행기에는 수많은 예술의 현장과 예술가들이 등장한다. 저자 자신을 주인공으로 내세워 예술이 탄생된 곳을 찾아가 음미하고 탐색한다. 주요 도시들은 물론 이탈리아의 시골까지 찾아가 예술의 탄생을 되짚어 보고 저자 자신만의 느낌으로 되새긴다.,https://image.aladin.co.kr/product/231/34/cover500/8901083752_2.jpg, 박종호 지음, 웅진지식하우스,2010
역사,아틀라스 중국사,"각 시대사별 중국사 전문가들이 통사적 안목을 공유하면서 통합적으로 일구어낸 중국사 서적. 단순 교과서식 나열과 정보제공 방식을 지양하고, 지은이들 개개인 고유의 사관을 바탕으로 중국사 핵심 사건들을 96개 주제에 담아냈다.",https://image.aladin.co.kr/product/94/32/cover500/8958282363_1.jpg," 박한제 외, 지음", 사계절,2010
역사,르몽드 세계사. 1: 우리가 해결해야 할 전지구적 이슈와 쟁점들,"지도를 통해서 미처 깨닫지 못한 수많은 동시대의 현실들을 인식하게 하는 새로운 세계사 책이다. 경제와 생태, 무역과 군사활동, 환경과 사회운동, 역사와 인간의 갈등 등 서로 다른 영역에서 발생하는 현상들과의 관계와 그 상호작용을 지도와 그래픽 도표를 이용해 종합적으로 분석해냈다.",https://image.aladin.co.kr/product/282/58/cover500/8958622628.jpg, 르몽드디플로마티크 기획;권지현 옮김, 휴머니스트,2010
역사,"지리, 세상을 날다","일상생활에서 부딪히는 공간 문제를 비판적으로 이해하고 해석한 글 21편이 실은 책. 특히 개인적 차원의 문제보다는 국가적·지구적 차원에서 사회적으로 공감대가 형성되거나 그럴 필요가 있는 문제를 중심으로 다루어, 물리적 국경이 사라지고 전 세계가 유기적으로 연결되는 지금 21세기를 이해하는 중요한 열쇠가 된다.",https://image.aladin.co.kr/product/366/20/cover500/8974833824_2.jpg, 전국지리교사모임 지음, 서해문집,2010
역사,방구석 역사여행,"중·고등학교에서 역사를 가르치고 있는 현직 교사가 쓴 한국 기행문이다. 서울부터 시작해 경기도, 강원도, 충청도, 전라도, 경상도, 제주도까지 전국에 숨어 있는 여행지를 다니며 그곳의 소중한 역사와 이야기를 가득 담았다.",https://image.aladin.co.kr/product/24250/37/cover500/k352630361_1.jpg, 유정호 지음, 믹스커피,2020
역사,나의 문화유산답사기 중국편. 3: 실크로드의 오아시스 도시-불타는 사막에 피어난 꽃,우리 시대 대표적인 인문서 <나의 문화유산답사기>가 실크로드 답사 대장정을 완료했다. 중국편 1~2권에서 실크로드를 찾아 서안에서 시작한 여정은 하서주랑과 돈황을 거쳐 이번 3권에서 본격적으로 신강위구르자치구 오아시스 도시들과 타클라마칸사막을 탐방한다.,https://image.aladin.co.kr/product/23178/94/cover500/8936478036_2.jpg, 유홍준 지음, 창비,2020
역사,(업그레이드)먼나라 이웃나라. 2: 프랑스,"처음 책으로 묶인 1987년 이후 <먼나라 이웃나라>는 변화하는 시대에 발맞추고자 수정과 보완을 거듭해왔다. 이번 개정판은 과거의 기록이지만 현재진행형인 역사는 보다 정확하게, 새롭게 알아야 할 역사는 보다 충실하게 보강했다.",https://image.aladin.co.kr/product/17408/30/cover500/8934983965_1.jpg, 이원복 글·그림, 김영사,2018
역사,(업그레이드)먼나라 이웃나라. 8: 일본 2 - 역사 편,"처음 책으로 묶인 1987년 이후 <먼나라 이웃나라>는 변화하는 시대에 발맞추고자 수정과 보완을 거듭해왔다. 이번 개정판은 과거의 기록이지만 현재진행형인 역사는 보다 정확하게, 새롭게 알아야 할 역사는 보다 충실하게 보강했다.",https://image.aladin.co.kr/product/17408/62/cover500/8934984023_1.jpg, 이원복 글·그림, 김영사,2018
역사,(업그레이드)먼나라 이웃나라. 12: 미국 3 - 대통령 편,"처음 책으로 묶인 1987년 이후 <먼나라 이웃나라>는 변화하는 시대에 발맞추고자 수정과 보완을 거듭해왔다. 이번 개정판은 과거의 기록이지만 현재진행형인 역사는 보다 정확하게, 새롭게 알아야 할 역사는 보다 충실하게 보강했다.",https://image.aladin.co.kr/product/17408/30/cover500/8934984066_1.jpg, 이원복 글·그림, 김영사,2018
역사,(업그레이드)먼나라 이웃나라. 13: 중국 1 - 근대 편,"지난 30년간 1,500만 독자의 선택을 받으며 대한민국을 우물 안에서 세계의 중심으로 안내해온 《먼나라 이웃나라》 시리즈가 다시 한 번 새로운 모습으로 태어났다. 과거의 기록이지만 현재진행형인 역사는 보다 정확하게, 새롭게 알아야 할 역사는 보다 충실하게 보강했다.",https://image.aladin.co.kr/product/17408/20/cover500/8934984074_1.jpg, 이원복 글·그림, 김영사,2018
역사,(읽기만 하면 내 것이 되는)1페이지 한국사 365,"한국사의 가장 중요한 장면 365개를 1권에 담았다. 매일 1페이지씩, 365개의 주제를 읽으며 한국사에 대해 쉽고 재미있게 이해할 수 있는 책이다.",https://image.aladin.co.kr/product/24245/2/cover500/k742630266_1.jpg, 심용환 지음, 비에이블,2020
역사,(한국 근대 기업의 선구자)수당 김연수,,https://image.aladin.co.kr/product/451/25/cover500/8970651926_1.jpg, 유영수 지음, 홍익출판사,2009
역사,(조선의 국모)명성황후,명성황후 평전. 우리가 민비로 알고 있는 명성황후는 사람들이 쉽게 생각하는 것처럼 함부로 정권을 쥐고 흔든 드센 왕비였다고만 단언할 수 없다. 적극적인 외교의 바탕에는 국모로서 언제나 백성을 먼저 생각하는 마음이 있었다. 백성이 없으면 나라가 없다는 것은 순종 황제가 어렸을 때 교육 방침으로 삼았던 것이기도 했다. 그만큼 민본 사상은 황후의 평생 기본 사상이 되었다.,https://image.aladin.co.kr/product/89/90/cover500/8957073353_3.jpg, 이은유 지음, 이룸,2007
역사,(그·녀·와·산·책·하·는)낭만 제주,"지은이가 연인과 함께 삼여 년 동안 제주 곳곳을 여행하며 찾아낸, 숨겨진 비경과 산책로 그리고 연인과의 달콤한 여행의 노하우를 아낌없이 들려준다. 작은 마을, 그곳에 여전히 남아있는 초가집과 돌담, 옹색하지 않게 넉넉하게 잘 빠진 진짜 올레길, 여전히 마소를 막아주는 정낭, 오리지널 벅수머리에 이르기까지 저자는 관광지가 아닌 생활 속에서 함께 하는 제주의 깊은 속살 이야기를 한 권의 책에 담았다.",https://image.aladin.co.kr/product/365/66/cover500/8996193313_1.jpg, 임우석 지음, 링거스group,2009
역사,(한권으로 정리한)이야기 중국사,중국 역사의 큰 흐름을 일목요연하게 정리하고 있는 는 신화시대부터 홍콩의 반환이 이뤄지는 근현대에 이르기까지의 역사를 사건과 인물을 통한 에피소드 중심으로 풀어서 썼다. 책 중간쯤에는 특별히 디지털 복원 전문가 박진호에 의해 만들어진 '다시 쓰는 진시황릉의 비밀'을 부록으로 수록하였다.,https://image.aladin.co.kr/product/44/41/cover500/8936801007_3.jpg, 조관희 엮음, 청아출판사,2009
역사,위안부 리포트1. 1: 나는 고발한다,"'위안부' 문제에 대해 알고 싶었으나 적당한 책이 없어 망설이던 일반인들을 위한 책이다. 만화라는 매체를 활용, 진지한 내용조차 쉽게 읽히며 책을 덮고 나면 무겁게 가슴에 남는다. 단순히 피해 할머니들의 체험을 전달하고 폭로하는 것에 그치지 않고, 국제적인 사건 전반에 대한 종합적인 지식을 전달하고 있다.",https://image.aladin.co.kr/product/67/67/cover500/8990230772_1.jpg, 정경아 지음, 길찾기,2006
역사,태일이. 4: 노동자의 길,"고 조영래 변호사가 쓴 <전태일 평전> 과 전태일 수기 모음집인 <내 죽음을 헛되이 말라>에 기초하여 전태일의 삶을 만화로 살려 내었다. 4권에서는 태일이가 근로기준법에 대해 알게 되고, 바보회라는 모임을 만들어 평화시장의 노동조건을 개선하기 위한 활동하는 모습을 만나볼 수 있다.",https://image.aladin.co.kr/product/331/43/cover500/897199326x_1.jpg, 박태옥 지음;최호철 그림, 돌베개,2009
역사,"오기사, 행복을 찾아 바르셀로나로 떠나다",도시건축디자인을 전공한 저자가 '우연히 발견한 좋은 느낌의 장소에서 엉덩이를 오래 붙이고 앉아 모든 시간의 흐름을 타인에게 양도한 채 느릿하게 그려왔던 것'이라고 밝혔을 정도로 세심한 펜 선으로 구축한 스케치와 카툰을 조합한 여행기다.,https://image.aladin.co.kr/product/67/68/cover500/8959131687_2.jpg, 오영욱 지음, 예담,2009
역사,(청년 노동자)전태일,"2005년 7월 개정판. 1970년 11월 13일 '근로기준법 준수'를 외치며 분신한 전태일 열사의 삶을 그린 책으로, 열사의 어머니 이소선 씨의 증언과 전태일 일기, 조영래의 을 꼼꼼히 살펴썼다.",https://image.aladin.co.kr/product/12/87/cover500/8958280999_2.jpg, 위기철 지음;안미영 그림, 사계절,2009
역사,(통일 할아버지)문익환,"통일 할아버지 문익환의 일대기를 어린이를 위한 전기로 엮었다. 일제의 핍박, 6·25 전쟁의 혼란, 숨막히는 독재 정권을 겪으며 민주화와 통일 운동에 뛰어들었다. 진정한 민주주의를 위해 온국민이 함께 하는 통일 운동을 펼쳐 나간 문익환은 힘없고 가난한 사람들의 진정한 이웃이었다.",https://image.aladin.co.kr/product/38/46/cover500/8971969180_2.jpg, 김남일 지음;김병하 그림, 사계절,2009
역사,(식민지 노동자의 벗)이재유,"이재유의 삶을 소설로 복원한 <경성 트로이카>와 <이관술 1902~1950> <이현상 평전> 을 차례로 발표한 작가는 어린이를 위해 독립 운동가들의 치열한 삶을 기록한 본 책을 쓰게 되었다. 개마고원의 너른 벌판을 누볐던 어린 시절부터, 체포와 고문, 석방과 탈출을 반복하며 일제의 감시 대상 1호가 되고도, 끝내 의지를 꺾지 않고 노동 운동을 계속한 이재유의 활약상이 그려져 있다.",https://image.aladin.co.kr/product/102/73/cover500/8958282584_1.jpg, 안재성 지음;장선환 그림, 사계절,2008
역사,(세노 갓파의)인도 스케치 여행,"호기심 많고 다재다능한 남자, '세노 갓파'의 인도 여행기. 네모난 스케치북 안에 네모나게 그림을 그리고, 여백을 글을 채웠다. 직사각형의 책 안에 네모난 틀, 그 안에 그림, 그림 안팎의 여백에 작은 그림인 양 들어가 있거나 그림의 테두리인 양 둘러싼 작고 귀여운 손글씨들. 그리고 활자나 기계의 힘을 빌리지 않고 그 옛날 글씨 잘 쓰는 이가 고서(古書)를 필사(筆寫)하듯, 한 글자, 한 글자 정성껏 써 내린 에세이가 실린다.",https://image.aladin.co.kr/product/290/87/cover500/8974833662_1.jpg, 세노갓파 지음;김이경 옮김, 서해문집,2008
역사,‘대한민국’ 국호의 탄생,대한민국역사박물관 한국현대사 교양총서 6권. ‘대한민국’이라는 국호의 탄생 과정 그리고 역사적 배경에 대한 연구는 뜻밖에 그렇게 많지 않다. 아직 국호 선정과 관련된 전체 과정을 실증적으로 조명하는 단행본조차 간행되지 않은 상황이다.,https://image.aladin.co.kr/product/3560/13/cover500/893008706x_1.jpg, 이선민, 나남,2013
역사,(그·녀·와·산·책·하·는)낭만 제주,"지은이가 연인과 함께 삼여 년 동안 제주 곳곳을 여행하며 찾아낸, 숨겨진 비경과 산책로 그리고 연인과의 달콤한 여행의 노하우를 아낌없이 들려준다. 작은 마을, 그곳에 여전히 남아있는 초가집과 돌담, 옹색하지 않게 넉넉하게 잘 빠진 진짜 올레길, 여전히 마소를 막아주는 정낭, 오리지널 벅수머리에 이르기까지 저자는 관광지가 아닌 생활 속에서 함께 하는 제주의 깊은 속살 이야기를 한 권의 책에 담았다.",https://image.aladin.co.kr/product/365/66/cover500/8996193313_1.jpg, 임우석 지음, 링거스group,2009
역사,(거꾸로 읽는)만화 세계사. 4: 히틀러와 제2차 세계대전,"유시민의 를 원작으로 하여 20세기에 일어난 굵직한 역사적 사건을 만화로 엮어내는 의 네번째 권. 이번 권에서는 히틀러와 나치즘, 그리고 그가 일으킨 세계대전에 대해 히틀러의 생애와 사상을 중심으로 풀어놓는다.",https://image.aladin.co.kr/product/57/5/cover500/8991422217_1.jpg, 유시민 원작;김형배 글·그림, 푸른그림책,2010
역사,동방견문록,"시리즈의 두 번째 권은 마르크 폴로의 . 마르코 풀로가 아버지를 따라 동방으로 떠난 25년 동안 중국 대륙과 인도를 여행한 기록이다. 13세기 유럽인의 눈에 비친 '동방'의 풍습, 문화, 종교 등의 다양한 면모를 읽을 수 있다.",https://image.aladin.co.kr/product/53/20/cover500/8974832410_1.jpg, 마르코 폴로;루스티켈로 [공]지음;배진영 엮어옮김, 서해문집,2011
역사,전태일 평전,"<전태일 평전>개정판. 청소년들에게 더욱 친숙하고 정감 넘치도록 형식과 내용을 바꾸었으며, 원본과 저자의 뜻이 왜곡되지 않고 정확하게 전달되도록 만들어졌다. 이 책은 불꽃 같은 삶을 살다 간 노동자 전태일의 일대기다. 평화시장 어린 동심들의 고통에 항상 가슴 저려 하며, 그들을 위해 스물 둘의 젊음을 불길 속에 내던졌던 청년노동자 전태일의 삶과 투쟁을 이야기한다.",https://image.aladin.co.kr/product/360/37/cover500/8996187429_2.jpg, 조영래 지음, 아름다운전태일,2011
역사,조선시대 사람들은 어떻게 살았을까. 1: 사회·경제생활 이야기,"조선시대 사람살이의 구체적인 생활 모습을 보여주는 책이다. 지배층만의 역사가 아닌 당시 사회 구성원 전체의 역사, 딱닥한 제도의 틀에 갇히지 않고 삶의 실상을 알려주는 역사를 전해준다. 1996년 출간되었던 책의 개정판으로 사회, 경제 생활 편이다.",https://image.aladin.co.kr/product/13/21/cover500/8972783862_1.jpg, 한국역사연구회 지음, 청년사,2012
역사,십자군 이야기. 2,"<로마인 이야기>의 작가 시오노 나나미의 십자군 이야기. 십자군 전쟁에서 역사가들은 광기와 사망자 숫자, 증오와 원한에 찬 비극의 기원을 발견하지만, 시오노 나나미는 인간의 욕망과 의지가 만들어낸 장대한 드라마를 발견하고, 그 빛과 어둠 속에서 매혹적인 인간 군상의 스토리를 압도적으로 그려낸다.",https://image.aladin.co.kr/product/1345/99/cover500/895461521x_1.jpg, 시오노 나나미 지음;송태욱 옮김, 문학동네,2012
역사,특강,"한홍구 교수의 한국 현대사 강의를 엮은 책이다. 저자는 우리의 눈앞에서 벌어지고 있는 사건과 쟁점을 주제 삼아 2008년 10월부터 12월까지 여덟 번에 걸쳐 '대한민국사 특강'을 했다. 이 강의를 가로지르는 문제의식과 원칙은 간단했다. 한홍구 교수가 보기에 지금 역사를 되돌리려는 자들은 있었던 것을 없었다 하고, 없었던 것을 있었다 하는 소망으로서의 역사를 가르치려한다는 것이다.",https://image.aladin.co.kr/product/355/25/cover500/8984313238_1.jpg, 한홍구 지음, 한겨레,2012
역사,역사의 쓸모,"수백 년 전 이야기로 오늘의 고민을 해결하는 방법을 알려주는 세상에서 가장 실용적인 역사 사용 설명로, 역사가 외워야 할 것이 많은 골치 아픈 과목이 아니라 우리 삶의 방향을 제시해주는 안내서라고 말한다.",https://image.aladin.co.kr/product/19433/93/cover500/k152635416_2.jpg, 최태성 지음, 다산초당,2019
역사,제국대학의 조센징,"일제 치하에서 일본으로 유학 갔던 조선인들이 왜 유학을 떠났으며, 가서 누구에게 무엇을 배웠고, 돌아와서는 대한민국에 어떤 영향을 끼쳤는지 인하대학교 한국어문학부 정종현 교수가 교토에서부터 10년간 여기저기 흩어진 기록을 더듬고 고뇌한 결과물이다.",https://image.aladin.co.kr/product/19579/75/cover500/k792635328_1.jpg, 정종현 지음, 휴머니스트,2019
역사,설민석의 무도 한국사 특강,,https://image.aladin.co.kr/product/12086/56/cover500/k002636280_1.jpg, 설민석 지음;홍원표 일러스트, 휴먼큐브,2017
역사,거꾸로 읽는 세계사,"드레퓌스 사건, 피의 일요일, 러시아 10월 혁명과 미완의 혁명 4·19 등 기존의 역사적 사건과 인물을 통해서 세계사의 흐름에 대한 일관된 분석과 해명, 그리고 앞으로 우리 사회가 나아갈 바를 시사하고 있다. 열린 사고와 열린 시각으로 열린 사회를 구축해 가자는 생산적인 제안의 교양 역사서.",https://image.aladin.co.kr/product/222/70/cover500/8974140470_1.jpg, 유시민 지음, 푸른나무,2011
역사,유럽도시기행. 1,"각 도시의 건축물과 거리, 광장, 박물관과 예술품이 들려주는 이야기에 귀 기울일 수 있도록 역사와 문화, 그리고 그에 얽힌 지식과 정보를 그만의 목소리로 담아낸 책이다. 아테네, 로마, 이스탄불, 파리 네 도시 이야기를 담았다.",https://image.aladin.co.kr/product/19654/27/cover500/8965135583_3.jpg, 유시민 지음, 생각의길,2019
역사,대한민국史. 1: 단군에서 김두한까지,지은이는 구호 속의 '대한민국'이 아니라 진정한 대한민국으로 거듭나려면 '편향을 거부하는 눈'으로 역사를 읽어야 한다며 보수와 진보 어느 쪽으로도 기울지 않는 시각을 보여주고 있다.,https://image.aladin.co.kr/product/40/10/cover500/8984310859_2.jpg, 한홍구 지음, 한겨레신문사,2011
역사,대한민국史. 4: 386세대에서 한미FTA까지,"한미FTA 문제를 두고 한국인을 움직이는 제국주의에 대해 파고든다. 또한 국가보안법의 본질과 황우석 사건을 하나로 관련지어 조작과 음모로 물들여진 한국현대사를 되짚어본다. 족벌사학, 병역제도를 비롯한 현대 한국의 논점은 물론, '전사'의 시대를 살다 간 386세대의 후일담도 담겨 있다.",https://image.aladin.co.kr/product/86/12/cover500/8984312053_1.jpg, 한홍구 지음, 한겨레신문사,2011
역사,벌거벗은 세계사. [2]: 인물편,"국내를 대표하는 지식인들과 함께 전 세계 곳곳을 언택트로 둘러보며, 세상을 파헤치는 책. tvN에서 방영한 스토리텔링 세계사 <벌거벗은 세계사>가 들려준 프레임 밖의 역사 중 세상을 바꾼 인물들의 이야기를 담고 있다.",https://image.aladin.co.kr/product/28869/62/cover500/k372836207_1.jpg, tvN〈벌거벗은 세계사〉 제작진 지음, 교보문고,2022
역사,미술로 보는 우리 역사,"원시인 시대의 석기와 무기부터 삼국 시대의 불교 미술, 고려청자와 팔만대장경을 지나 조선시대 궁궐과 민속화까지. 한국사에 나타나는 미술품들을 연대기별로 살폈다. 일반인의 시각에 맞추어 석굴암, 다보탑 등의 미술 유적과 유물의 아름다움을 세부적으로 묘사했고, 당대의 미술과 사람들의 생활을 연관지어 설명하는데 주안점을 두어 한국 미술사 교재로 손색이 없다.",https://image.aladin.co.kr/product/5/41/cover500/897414039x_2.jpg, 전국역사교사모임 엮음, 푸른나무,2006
역사,정약용과 그의 형제들. 2: 어둠의 시대,"닫힌 시대를 온 몸으로 살아낸 정약용과 그 형제들. 그들은 주자학과 노론 일당독재라는 폐쇄된 사회에 맞서, 열린사회를 향한 공통된 꿈을 가슴에 품었다. 그리고 저마다의 방식으로 그 꿈을 살았다. 지배권력의 공격 속에서 좌초된 꿈을 학문으로 승화시킨 정약용, 박해로 점철된 삶을 민중과 자연에 대한 사랑으로 승화시킨 생태학자 정약전, 한국 천주교사에 길이 남을 교리연구자이자 신념의 순교자였던 정약종. 그들 삶의 방식은 판이하게 달랐으나, 삶이 물어오는 질문들에 답하는 태도는 한결 같았다.",https://image.aladin.co.kr/product/48/89/cover500/8934914580_1.gif, 이덕일 지음, 김영사,2007
역사,방콕,"패키지여행이 아닌 자유여행을 꿈꾸는 여행자를 위해 마련된 실전형 가이드북이다. 누구나 설레는 첫 해외여행, 첫 방콕여행이지만 두근거리는 마음보다 두려움이 앞서는 여행자를 위해 친절하고, 세심하게 정보를 구성했다.",https://image.aladin.co.kr/product/9152/74/cover500/k832535608_1.jpg, 김정숙 지음;박성은;주인지 [공]지도, 상상출판,2016
역사,설민석의 조선왕조실록,27명의 조선의 왕들을 한 권으로 불러 모아 핵심적인 주요 사건들을 풀어쓴 책이다. 설민석 특유의 흡입력 있는 간결함과 재치 있는 말투를 구어체 그대로 책에다 담았다. 또한 실록에 등장하는 왕의 목소리를 현대어로 풀어써 당시의 정책과 주요 사건들이 일어난 배경을 명확히 이해하는 데 도움이 된다.,https://image.aladin.co.kr/product/8749/45/cover500/8933870695_3.jpg, 설민석 지음, 세계사,2016
역사,세상에서 가장 재미있는 세계지도,"100여 가지 흥미로운 궁금증들을 세계지도를 통해 풀어놓은 책. 세계지도 속에 지구촌 곳곳의 지형, 지리, 기후 등과 다른 나라의 역사와 문화 등을 담아 여행이나 학업에도 도움을 줄 수 있도록 구성했다.",https://image.aladin.co.kr/product/50/78/cover500/8989675308_3.jpg, 재미있는지리학회 지음;박영난 옮김, 북스토리,2007
역사,한국 현대사 산책:1960년대편. 1,1940년대부터 1980년대까지의 한국 현대사를 10년 단위로 나눠 조망한 '한국 현대사 산책' 시리즈의 1960년대 편. '기회주의'를 한국인의 삶을 지배해 온 가장 강력한 이데올로기로 지적하며 이를 통해 한국 사회를 바라보는 새로운 시각을 제시한다.,https://image.aladin.co.kr/product/51/80/cover500/898841098x_1.jpg, 강준만 지음, 인물과사상사,2007
역사,한국 현대사 산책:1970년대편. 2,"'한국 현대사 산책'은 1940년대부터 현재까지의 역사를 10년 단위로 나눠 입체적으로 조명하게 될 시리즈로, 이번에 출간된 1970년대편 는 그간의 공백을 메워줄 첫 작업이다.",https://image.aladin.co.kr/product/38/61/cover500/8988410653_1.jpg, 강준만 지음, 인물과사상사,2007
역사,한국 현대사 산책:1980년대편. 2,1980년 5월 계엄령 선포와 신군부의 광주학살로 그 비극적인 시작을 알린 80년대. 5공은 규제 철폐와 통제가 반복되는 이중적인 대중문화 정책을 펴며 국민들을 압박하였다. 1987년의 6월 항쟁과 5공이 '전가의 보도'처럼 애용했던 1988년의 서울올림픽 등 80년대의 굵직한 사건들이 시간순으로 긴박하게 펼쳐진다.,https://image.aladin.co.kr/product/41/41/cover500/8988410742_1.jpg, 강준만 지음, 인물과사상사,2007
역사,한국 현대사 산책:1980년대편. 3,1980년 5월 계엄령 선포와 신군부의 광주학살로 그 비극적인 시작을 알린 80년대. 5공은 규제 철폐와 통제가 반복되는 이중적인 대중문화 정책을 펴며 국민들을 압박하였다. 1987년의 6월 항쟁과 5공이 '전가의 보도'처럼 애용했던 1988년의 서울올림픽 등 80년대의 굵직한 사건들이 시간순으로 긴박하게 펼쳐진다.,https://image.aladin.co.kr/product/41/41/cover500/8988410750_1.jpg, 강준만 지음, 인물과사상사,2007
역사,독일,"독일 여행의 핵심 정보를 알차게 담은 <Just go 독일> 2013~2014 최신 개정판. 베를린, 뮌헨, 프랑크푸르트, 함부르크 등 핵심 도시들의 여행 정보가 보다 풍성해졌고, 독일 여행의 또 다른 재미인 소도시 정보 또한 알차게 소개한다.",https://image.aladin.co.kr/product/2526/69/cover500/8952768620_1.jpg, [시공사 편집부 편], 시공사,2013
역사,타이완,"방대한 중국 대륙의 다채로운 문화가 집약된 곳, 여기에 일본풍이 가미되어 정갈하고 깔끔한 매력을 발산하는 타이완! Just go 타이완 편이 2013년 최신 정보로 전면 개정 출간됐다.",https://image.aladin.co.kr/product/4137/22/cover500/6000733874_1.jpg, [시공사 편집부 편], 시공사,2013
역사,(큰★별쌤 최태성의)한눈에 사로잡는 한국사: 전근대편,"EBS 다큐 [최고의 교사]에 선정, EBS강의로 교육과학기술부 장관상 수상, EBS 누적 수강생 120만 명 등 우리나라 최고의 명강사로 손꼽히는 최태성이 펴낸 한국사 개념서이다. 전근대편에서는 바로 인류가 탄생하고 최초로 한반도에 자리 잡은 순간부터 흥선대원군 집권 전까지 선조들의 삶을 추적한다.",https://image.aladin.co.kr/product/1434/30/cover500/897527876x_1.jpg, 최태성 지음, 들녘,2011
역사,(해강)김수근,대한민국의 경제 신화를 창조한 해강 김수근의 삶과 성공 이야기. 대한민국의 경제 신화를 창조한 대성그룹 창업주 해강 김수근의 경영철학과 성공 이야기를 만화로 담은 책이다.,https://image.aladin.co.kr/product/887/32/cover500/8970652620_1.jpg, 유영수, 홍익출판사,2010
역사,(해강)김수근,대한민국의 경제 신화를 창조한 해강 김수근의 삶과 성공 이야기. 대한민국의 경제 신화를 창조한 대성그룹 창업주 해강 김수근의 경영철학과 성공 이야기를 만화로 담은 책이다.,https://image.aladin.co.kr/product/887/32/cover500/8970652620_1.jpg, 유영수, 홍익출판사,2010
역사,(소설보다 재미있는)사기열전,"고대 중국의 병법가·학자·정치가·자객·협객·해학가·관리·경제계의 인물 등 한 시대를 풍미했던 인물들의 일화가 내용의 주를 이루고 있는 사마천의 <사기> 중 개인의 구체적인 성공과 실패를 추적한 개인 전기로, 짤막한 이야기 속에 문학적 향기를 풍기는 이야기를 모은 놓은 책.",https://image.aladin.co.kr/product/182/72/cover500/8973432729_1.jpg, 사마천 지음;김민수 옮김, 평단문화사,2009
역사,한국 현대사 산책:1960년대편. 1,1940년대부터 1980년대까지의 한국 현대사를 10년 단위로 나눠 조망한 '한국 현대사 산책' 시리즈의 1960년대 편. '기회주의'를 한국인의 삶을 지배해 온 가장 강력한 이데올로기로 지적하며 이를 통해 한국 사회를 바라보는 새로운 시각을 제시한다.,https://image.aladin.co.kr/product/51/80/cover500/898841098x_1.jpg, 강준만 지음, 인물과사상사,2007
역사,(만화) 사마천 사기열전,"동양 역사의 아버지인 사마천이 쓴 최고의 역사서 <사기>는 모르는 사람이 없을 정도로 유명한 책. 전체 130권중 70권을 차지하는 <사기열전>은 3황5제 시절부터 한나라 때까지 역사의 주요 인물들을 위로는 왕과 장군, 재상으로부터 아래로는 광대와 우스개소리꾼, 무당과 점쟁이, 자객에 이르기까지 생생히 담아내고 있다.",https://image.aladin.co.kr/product/218/52/cover500/8934929693_1.jpg, 정연 지음;진선규 그림, 주니어김영사,2010
역사,나의 문화유산답사기. 2: 산은 강을 넘지 못하고,"우리 국토는 그 자체가 박물관이라 할 정도로 문화유산의 보고이다. 우리가 무심히 지나칠 뿐 별다른 의미를 못 느끼는 유적들을 꼼꼼히 답사하면서 저자는 진주를 캐내듯 산하에 스민 역사의 자취와 누대의 숨결을 발굴하여, 해박한 지식과 탁월한 이야기 솜씨로 풀어놓는다.",https://image.aladin.co.kr/product/2/83/cover500/8936470167_1.jpg, 유홍준 지음, 창비,2009
역사,고려시대 사람들은 어떻게 살았을까. 1: 사회·문화생활이야기,"1권에서는 고려 정신문화의 꽃을 피운 불교를 중심으로 유교와 풍수지리, 청자 문화를 소개하고, 이어서 서민들의 삶이 녹아든 생활문화를 다루고 있다. 당시의 농민들이 밭과 논을 만들어 농사를 짓는 생산 활동에서부터 고려 서민들의 애환을 달래던 술에 얽힌 이야기들까지 소상히 살펴본다.",https://image.aladin.co.kr/product/58/23/cover500/8972783889_2.jpg, 한국역사연구회 지음, 청년사,2009
역사,고려시대 사람들은 어떻게 살았을까. 2: 정치·경제생활이야기,"2권에서는 당시의 굵직한 정치적 사건들과 함께 황제국 체제를 지햐했던 고려의 제도적 모습과, 여러 차례 겪은 북방 민족의 침입에 맞서 싸우며 생활했던 고려 민중의 삶 및 관료들의 생활상을 정리했다. 아울러 국가 재정을 비롯한 경제생활의 이모저로를 알 수 있도록 했다.",https://image.aladin.co.kr/product/58/44/cover500/8972783897_2.jpg, 한국역사연구회 지음, 청년사,2009
역사,조선시대 사람들은 어떻게 살았을까. 1: 사회·경제생활 이야기,"조선시대 사람살이의 구체적인 생활 모습을 보여주는 책이다. 지배층만의 역사가 아닌 당시 사회 구성원 전체의 역사, 딱닥한 제도의 틀에 갇히지 않고 삶의 실상을 알려주는 역사를 전해준다. 1996년 출간되었던 책의 개정판으로 사회, 경제 생활 편이다.",https://image.aladin.co.kr/product/13/21/cover500/8972783862_1.jpg, 한국역사연구회 지음, 청년사,2010
역사,조선시대 사람들은 어떻게 살았을까. 2: 정치·문화생활 이야기,"조선시대 사람살이의 구체적인 생활 모습을 보여주는 책이다. 지배층만의 역사가 아닌 당시 사회 구성원 전체의 역사, 딱닥한 제도의 틀에 갇히지 않고 삶의 실상을 알려주는 역사를 전해준다. 1996년 출간되었던 책의 개정판으로 정치, 문화 생활 편이다.",https://image.aladin.co.kr/product/13/21/cover500/8972783870_2.jpg, 한국역사연구회 지음, 청년사,2010
역사,우리 역사의 수수께끼 . 2,이덕일씨(38)와 이희근씨(39)는 우리 역사에 관한 도발적인 문제제기로 강단사학계에 도전장을 내밀어온 젊은 역사학자들이다. 왕성한 저작활동을 통해 역사대중화에 앞장서온 두 사람이 를 펴냈다. 지난 3월 출간돼 4만부 가량 팔려나간 1권의 속편격인 역사교양서다 - 경향신문 박구재기자,https://image.aladin.co.kr/product/20/43/cover500/893490433x_2.jpg, 이덕일;이희근 지음, 김영사,2010
역사,(교실밖)지리여행,"지리 교과의 주요 개념과 원리들을 주제가 있는 생활 이야기로 풀어낸 책. 1994년 교과 지리 과정의 대안으로 출간했던 책의 개정판이다. 급변해 온 우리의 삶과 공간을 반영해 내용과 다양한 시각 자료가 보강되었다. 우리 국토와 세계 공간을 '세계 속의 한국', '한국 속의 세계'의 시점에서 동시에 바라보는 안목을 키울 수 있도록 다각도에서, 또 다양한 관점으로 현상을 바라보는 것이 특징이다.",https://image.aladin.co.kr/product/86/30/cover500/8958282002_2.jpg, 노웅희;박병석 지음, 사계절,2009
역사,우리 나라 여성들은 어떻게 살았을까 . 2: 개화기부터 해방기까지,,https://image.aladin.co.kr/product/20/11/cover500/8972783366_1.jpg," 이배용, 외 지음", 청년사,2006
역사,정조와 홍대용 생각을 겨루다,"경연(經筵)이 왕의 공부라면 서연(書筵)은 왕세자의 공부다. 이 책은 훗날 학자군주, 개혁군주로 일컬어지는 정조의 서연 풍경을 그려냈다. 정조가 즉위하기 전, 왕세자의 서연을 담당하는 계방(桂坊)의 시직(侍直)으로 임명된 홍대용이 약 300일 동안 정조의 서연에 참석해 나눈 문답을 기록한 <계방일기>의 첫 완역이다.",https://image.aladin.co.kr/product/1606/12/cover500/8970138099_1.jpg, 김도환 지음, 책세상,2012
역사,역사를 훔친 첩자,"저자가 학계에서 13년 전 제기했던 한국 고대사의 첩자 문제를 본격적으로 다룬다. 삼국통일의 주역 김유신, 살수대첩의 명장 을지문덕, 호동 왕자와 낙랑 공주 및 백제 멸망의 시나리오에 이르기까지, 역사를 둘러싼 실체적 진실을 첩자의 각도에서 접근하여 흥미진진한 해석을 내놓았다.",https://image.aladin.co.kr/product/82/85/cover500/893492330x_1.jpg, 김영수 지음, 김영사,2006
역사,삼국사기,"는 1145년(고려 인종 23년) 김부식(金富軾, 1075~1151) 등이 인종의 명을 받아 편찬한 관찬 사서로 고구려, 백제, 신라 삼국의 역사를 기록하고 있다. 삼국은 모두 역사를 기록하였고, 고려 시대에 들어와 이를 바탕으로 가 편찬되었으나 모두 없어지고 현재 전하지 않는다. 따라서 는 오늘날 우리가 가지고 있는 역사책 중 가장 오래 된 것이다.",https://image.aladin.co.kr/product/60/95/cover500/8960010006_1.jpg, 김부식 지음;권순형 편역, 타임기획,2007
역사,(만화) 나의 문화유산 답사기. 3: 경상도 하,,https://image.aladin.co.kr/product/9179/12/cover500/8991481701_1.jpg, 유홍준 원작;이보현 글;김형배 그림, 녹색지팡이,2010
역사,난중일기,"'동서문화사 월드북' 179권. 바다를 무대로 활동하여 역사에 용명을 길이 남긴 우리의 많은 선조 가운데서도 국난을 한 몸으로 막아낸 이순신 장군. 이순신은 단순한 무장만이 아닌 훌륭한 정치가이며 외교가, 과학자 또한 탁월한 문학가였다. 그가 남긴 문장 가운데에서도 가장 귀중한 것은 임진왜란 7년 동안 기록한 <난중일기(亂中日記)>이다.",https://image.aladin.co.kr/product/1604/43/cover500/8949707675_1.jpg, 이순신 지음;고정일 역해, 동서문화사,2012
역사,아빠가 알려주는 문화유적 안내판,"아빠, 엄마가 먼저 읽고, 아이에게 안내판을 읽어주며 잘못된 역사를 바로 잡아주는 온 가족 역사교양서. 사학을 전공한 기자출신의 이야기꾼 구완회의 책이다. 600여 일의 세계여행을 다녀와 다시 한 번 역사의 소중함을 알게 된 지은이는 역사를 어렵게만 생각하는 아이들과 그 역사를 어떻게 가르쳐야 하는지 힘들어하는 아빠와 엄마들을 위해 취재를 시작했다.",https://image.aladin.co.kr/product/849/17/cover500/8996333999_1.jpg, 구완회 지음, 낭만북스,2011
역사,조선의 승부사들,"과학기술자 장영실, 상례喪禮전문가 유희경, 역관 홍순언, 의원 허준, 천문학자 김영, 목민관 김홍도, 국수國手 정운창, 출판전문가 장혼 등 사람 취급도 제대로 받지 못하는 신분으로 태어났으나 변함없는 노력과 시대를 읽는 안목, 실력, 진실한 인간성으로 각 분야에서 조선 최고의 전문가가 된 인물들을 선별해 재조명했다.",https://image.aladin.co.kr/product/261/68/cover500/8993119058_1.jpg, 서신혜 지음, 역사의아침,2008
역사,한국 속의 세계. 2,"이제까지 저자의 작업이 실크로드를 중심으로 문명교류사를 정리하는 것이었다면, 이 책은 거꾸로 우리 역사와 문화 속에 숨어 있는 '세계'의 흔적과 유산을 찾아내, 온전히 '우리 것'이라고 생각했던 것들을 다시 바라보게 한다.",https://image.aladin.co.kr/product/59/38/cover500/8936471074_1.jpg, 정수일 지음, 창비,2006
역사,공부에 미친 16인의 조선 선비들,"베스트셀러 <조선을 뒤흔든 16가지 살인사건> 등의 저자 이수광의 역사서로, 뜻을 세우고 마음을 다잡아 공부에 몰입한 조선의 선비 16인을 다각도로 추적하여 집필한 책이다. 이 책에서 저자는 열정을 가지고 공부한 남녀 선비들의 일화와 그들이 깨우친 공부의 비법들을 다양하게 소개한다.",https://image.aladin.co.kr/product/1608/33/cover500/8965743370_1.jpg, 이수광 저, 해냄,2012
역사,(만화) 나의 문화유산 답사기. 2: 경상도 상,"우리나라에 문화유산 답사 열풍을 일으켰던 유홍준 교수의 <나의 문화유산 답사기>를 어린이 만화로 엮은 책으로, 만화가 박재동 선생님의 기획과 감수를 거쳤다. 어린이들이 우리 문화유산의 가치와 아름다움을 직접 눈으로 확인하고 가슴으로 느낄 수 있도록 모든 장면을 사실적으로 표현, 문화유산 현장을 실제로 답사하는 듯한 즐거움을 누릴 수 있도록 돕는다.",https://image.aladin.co.kr/product/594/56/cover500/8991481930_1.jpg, 유홍준 원작;김형배 그림, 녹색지팡이,2009
역사,(만화) 나의 문화유산 답사기. 5: 전라도,"우리 문화재에 전 국민적 관심과 사랑을 불러일으킨 유홍준 교수의 <나의 문화유산 답사기>를 어린이 만화로 펴냈다. 5권 '전라도' 편에서는 우리 국토의 남쪽 끝, 전라남도 강진과 해남을 소개한다. 우리나라 곳곳에 자리한 문화재를 실물처럼 생생하게 표현해 문화유산의 아름다움을 직접 눈으로 확인하고 실제로 답사하는 듯한 즐거움을 준다.",https://image.aladin.co.kr/product/1556/99/cover500/8994780270_1.jpg, 유홍준 원작;김형배 그림, 녹색지팡이엔프레스,2012
역사,(BOLIVIA)볼리비아,16세기 스페인 지배의 아픈 역사를 딛고 사람이 살아가기 힘든 안데스의 척박한 땅에서 슬기롭게 살아가는 볼리비아인들의 지혜를 멋진 사진과 함께 만나볼 수 있다.,https://image.aladin.co.kr/product/100/18/cover500/8956894469_1.jpg, 박후기 지음;백여승 그림;조성철 사진, 꿈소담이,2008
역사,(CUBA)쿠바,"라틴 아메리카 국가 중 가장 풍요로운 나라였던 쿠바에서 혁명이 일어난 이유, 정치, 경제적 격변 속에서도 세계적인 문화와 예술성을 지닌 쿠바인들의 저력, 지금도 전세계 젊은이들의 우상으로 살아 숨쉬는 체 게바라의 혁명 정신과 따뜻한 인간미 그리고 아바나의 정취를 사진을 통해 느껴 볼 수 있다.",https://image.aladin.co.kr/product/100/18/cover500/8956894442_1.jpg, 박후기 지음;백여승 그림;조성철 사진, 꿈소담이,2008
역사,(음식연구가)황혜성,"조선왕조 궁중음식의 맛과 멋을 꾸준히 이어 온 음식연구가 황혜성의 삶과 음식 세계를 들여다 보는 책으로, 황혜성의 한평생과 우리의 음식 문화를 풍성한 사진들과 옛 그림들을 통해 충실히 살펴볼 수 있도록 편집하였다.",https://image.aladin.co.kr/product/101/94/cover500/s772635575_1.jpg, 안혜령 지음, 나무숲,2007
역사,솔직하고 발칙한 한국 현대사,"내일을 여는 청소년 시리즈 1권. 기존 역사교과서에서 제대로 다뤄지지 않는 우리 역사의 치부를 낱낱이 고백하는 책이다. 특히 축소, 은폐, 미화, 왜곡이 빈번히 일어나는 굴곡진 우리 현대사의 민낯을 가감 없이 드러내고 있다.",https://image.aladin.co.kr/product/10215/16/cover500/8977460670_1.jpg, 김민철 [외]글, 내일을여는책,2017
역사,(Just go)타이완,"저스트고 타이완의 2018~2019년 최신개정판으로, 2018년 최신 정보를 수록했다. 타이완에서 여행자들이 가장 많이 방문하는 타이베이를 비롯해 타이완 북부, 타이완 동부, 타이완 중부, 타이완 남부 등 26개 도시의 관광 정보와 여행 노하우를 공개한다.",https://image.aladin.co.kr/product/14124/10/cover500/8952790294_1.jpg, 박진주 지음, 시공사,2018
역사,역사란 무엇인가,E. H. 카의 <역사란 무엇인가> 독점계약 번역 개정판. 이 책을 이해하는 데 핵심이 되는 E. H. 카의 '제2판 서문'과 R. W. 데이비스의 논문이 수록되었다.,https://image.aladin.co.kr/product/5488/28/cover500/8972915815_1.jpg, E. H. 카 지음;김택현 옮김, 까치글방,2015
역사,휴먼카인드,“인간의 본성은 과연 이기적인가?” 최초의 인류부터 현재까지 방대한 인류 문명의 역사가 증명하는 한 가지 진실은 “전쟁과 재난 등 절체절명의 위기 속에서 인간은 어김없이 ‘선한 본성’에 압도되어왔다”는 것이다. 인간 본성이 이기적이라는 프레임을 깰 때 우리는 연대와 협력을 이뤄낼 것이다.,https://image.aladin.co.kr/product/31674/41/cover500/k802833675_2.jpg, 뤼트허르 브레흐만 지음;조현욱 옮김, 인플루엔셜,2021
역사,휴먼카인드,“인간의 본성은 과연 이기적인가?” 최초의 인류부터 현재까지 방대한 인류 문명의 역사가 증명하는 한 가지 진실은 “전쟁과 재난 등 절체절명의 위기 속에서 인간은 어김없이 ‘선한 본성’에 압도되어왔다”는 것이다. 인간 본성이 이기적이라는 프레임을 깰 때 우리는 연대와 협력을 이뤄낼 것이다.,https://image.aladin.co.kr/product/31674/41/cover500/k802833675_2.jpg, 뤼트허르 브레흐만 지음;조현욱 옮김, 인플루엔셜,2021
역사,딸에게 들려주는 역사 이야기. 1,1990년대 초 PC통신 〈하이텔〉에서 온라인 글쓰기를 시작해 ‘산하’라는 닉네임으로 지금까지 활발하게 활동하고 있는 역사 이야기꾼 김형민 저자가 2015년 초부터 주간지 《시사IN》에 연재하고 있는 역사이야기 중 2016년까지 연재한 100여 꼭지를 새롭게 손본 책.,https://image.aladin.co.kr/product/11981/64/cover500/k572531535_1.jpg, 김형민 지음, 푸른역사,2017
역사,예술과 함께 유럽의 도시를 걷다,"유럽의 여러 도시들이 품고 있는 환상과 낭만, 그리고 사색과 그리움에 대한 책이다. 작가는 10여 년 동안 유럽의 여러 도시를 여행하며 그 도시가 담고 있는 미술, 건축, 음악, 문학 등 다양한 분야의 예술의 향기를 글과 사진으로 담아냈다.",https://image.aladin.co.kr/product/23830/81/cover500/k082639286_1.jpg, 이석원 글·사진, 책밥,2020
역사,예술과 함께 유럽의 도시를 걷다,"유럽의 여러 도시들이 품고 있는 환상과 낭만, 그리고 사색과 그리움에 대한 책이다. 작가는 10여 년 동안 유럽의 여러 도시를 여행하며 그 도시가 담고 있는 미술, 건축, 음악, 문학 등 다양한 분야의 예술의 향기를 글과 사진으로 담아냈다.",https://image.aladin.co.kr/product/23830/81/cover500/k082639286_1.jpg, 이석원 글·사진, 책밥,2020
역사,"그래서, 산티아고",사람들은 저마다의 이유와 목표를 가지고 순례길을 찾는다. 저자도 출발은 단순했다. 오랜 직장 생활을 마치고 모든 걸 훌훌 털어버리고 실컷 걸어보자는 마음으로 산티아고 순례길을 걷기로 했다. 34일. 915km에서 저자가 얻은 보물 같은 삶의 지혜를 이 책에서 살펴보자.,https://image.aladin.co.kr/product/31737/63/cover500/8965293626_1.jpg, 박응렬 지음, 씽크스마트,2023
역사,여행의 쓸모,"수십만 독자의 유럽 여행길을 책임졌던 《내가 사랑한 유럽 TOP 10》의 정여울 작가가 새로운 여행 에세이로 독자들에게 여행의 매혹을 다시 선사한다. 미국, 프랑스, 노르웨이, 쿠바, 이탈리아 등 익숙하면서도 늘 낯선 도시들과 재회한 순간을 섬세한 시선과 사려 깊은 문장으로 풀어놓는다.",https://image.aladin.co.kr/product/31741/19/cover500/k102833803_2.jpg, 정여울 글;이승원 사진, 스튜디오 오드리(바이포엠스튜디오),2023
역사,여행의 시간,도시건축가라는 직업 탓에 세계 곳곳을 찾아가 일하며 여행해온 김진애는 일생 동안 터득해온 여행의 비법을 공유하면서 우리 각자가 자신에게 맞는 여행 스타일을 설계할 수 있도록 이끈다.,https://image.aladin.co.kr/product/31249/42/cover500/8936479253_1.jpg, 김진애 지음, 창비,2023
역사,벌거벗은 세계사. [4]: 전쟁편,"tvN <벌거벗은 세계사>가 들려주는 프레임 밖의 전쟁 이야기. 세계 역사에 큰 획을 그은 순간은 물론, 처음 만나는 의외의 사실들까지 더해 그동안 우리가 보지 못했던 프레임 밖의 전쟁사를 보여준다. 백년전쟁부터 현재 진행형인 우크라이나 전쟁까지, 세계를 뒤흔든 전쟁의 역사가 입체적으로 펼쳐진다.",https://image.aladin.co.kr/product/29869/7/cover500/k412838527_1.jpg, tvN <벌거벗은 세계사> 제작팀 지음, 교보문고,2022
역사,(역사 선생님도 궁금한)101가지 한국사 질문사전,9명의 전·현직 역사 교사들이 깊이 고민하고 토론하며 완성한 청소년을 위한 한국사. 아무 곳이나 펼쳐 읽어도 맥락을 놓치지 않고 흥미롭게 읽을 수 있으며 처음부터 차근차근 읽어도 지루하지 않고 다음 질문으로 넘어가게 해 충실한 독서를 유도한다.,https://image.aladin.co.kr/product/26647/33/cover500/896319406x_1.jpg, 박래훈 [외] 글;이병익 그림, 북멘토,2021
역사,(7가지 키워드로 읽는)오늘의 이스라엘,이스라엘은 오랜 역사와 종교와 정치가 씨줄날줄로 얽혀 있는 매우 특별한 나라이다. 이 책은 이스라엘에 관해 우리가 그동안 잘 몰랐거나 별로 드러나지 않은 이야깃거리들을 7가지 키워드를 중심으로 흥미롭게 펼쳐놓고 있다.,https://image.aladin.co.kr/product/31396/65/cover500/8984078913_1.jpg, 최용환 지음, 세종,2023
역사,100가지 동물로 읽는 세계사,영국 『더 타임스』 수석 기자 출신인 저자는 100개의 챕터에서 동물을 한 종 한 종 다룰 때마다 특유의 따뜻한 시각을 견지하면서도 최신 과학에 근거한 날카로운 통찰력을 보여준다. 베테랑 기자답게 생생한 현장감과 재치있는 위트가 버무려진 필력도 돋보인다.,https://image.aladin.co.kr/product/31355/29/cover500/k322832997_1.jpg, 사이먼 반즈 지음;오수원 옮김, 현대지성,2023
역사,친일인명사전. [2]: ㅂ~ㅇ,,https://image.aladin.co.kr/product/30912/54/cover500/scm6667695767670.jpg, 친일사전편찬위원회 편찬, 민족문제연구소,2010
역사,치앙마이 홀리데이,"국내에서도 코로나 팬데믹 이전부터 치앙마이는 ‘한 달 살기 성지’였다. 사람들은 왜 치앙마이에 끌리는 것일까? 저렴한 물가와 아름다운 자연, 다양한 즐길거리 등 이유가 많겠지만 그게 전부는 아니다. <치앙마이 홀리데이>를 차근차근 읽다 보면 그 해답을 찾을 수 있다.",https://image.aladin.co.kr/product/30435/37/cover500/k492830176_1.jpg, 박애진;유정열 지음, 꿈의지도,2022
역사,(용선생의) 시끌벅적 한국사. 1: 우리 역사가 시작되다,"서울대 대학원의 젊은 역사학자들과 학계 각 시대 각 분야의 권위자들이 수차례 글과 구성을 검토하고 다듬어 펴낸 어린이 역사책이다. 올바른 역사 교육을 고민하는 교사들의 모임인 전국초등사회교과모임에서 새롭게 개정된 교과 과정이 충실하게 반영되었는지 검토했다. 꼭 알아야 할 개념과 상식을 풀어 주고, 단편적인 사실 나열이 아닌 흐름과 핵심을 짚어 준다.",https://image.aladin.co.kr/product/1647/59/cover500/8964355210_1.jpg, 금현진;손정혜 [공] 글;이우일 그림, 사회평론,2012
역사,(용선생의) 시끌벅적 한국사. 9: 일본의 지배에서 해방으로,서울대 대학원의 젊은 역사학자들과 학계 각 시대 각 분야의 권위자들이 수차례 글과 구성을 검토하고 다듬어 펴낸 어린이 역사책이다. 올바른 역사 교육을 고민하는 교사들의 모임인 전국초등사회교과모임에서 새롭게 개정된 교과 과정이 충실하게 반영되었는지 검토했다.,https://image.aladin.co.kr/product/2595/34/cover500/8964356691_1.jpg, 금현진;세계로 [공] 글;이우일 그림, 사회평론,2013
역사,(박시백의) 조선왕조실록. 10: 선조실록 : 조선엔 이순신이 있었다,역사교양만화로 만나는 <조선왕조실록>. 10권에서는 선조의 시대를 만난다. 열여섯에 임금이 된 선조. 새로운 세력으로 떠오른 사림은 노.소로 나뉘어 대립하고 또다시 동.서 붕당으로 나뉘어 격렬하게 대립한다. 선조는 붕당을 견제할 목적으로 이이를 등용한다. 열정적인 개혁정치가 이이는 퇴락해 가는 나라를 구하기 위해 경장을 외치지만 받아들여지지 않는데…,https://image.aladin.co.kr/product/93/64/cover500/8958621826_1.jpg," 박시백 글,그림", 휴머니스트,2007
역사,(박시백의) 조선왕조실록. 19: 고종실록-쇄국의 길 개화의 길,<박시백의 조선왕조실록> 19권에서는 고종시대를 만난다. 대원군은 모든 권력을 손아귀로 틀어쥐었다. 하지만 그 성공이 열강의 세계 침략과 전지구적 자본주의화라는 시대적 상황에 부응하지 못한 것이기에 개혁의 성과는 허무하게 무너져 내렸다.,https://image.aladin.co.kr/product/2000/76/cover500/8958625465_1.jpg, 박시백 글.그림, 휴머니스트 출판그룹,2012
역사,(2013~2014) 저스트고 유럽,"저스트 고 Just go 시리즈, 유럽편. 2014년 최신 여행정보를 상세하게 소개하는 본책과 함께, 87개의 정밀지도와 주요도시의 핵심정보, 15만원 상당의 할인쿠폰을 수록한 휴대용 미니가이드북을 특별부록으로 증정한다.",https://image.aladin.co.kr/product/3889/36/cover500/8952768868_2.jpg, 최철호 글.사진, 시공사,2013
역사,"언젠가는, 터키","터키의 문화와 역사에 대한 이해를 바탕으로 풀어 쓴 여행 에세이. 신비로움을 간직한 도시 이스탄불, 웅장한 자연경관에 놀라게 되는 파묵칼레와 카파도키아, 여유로움을 만끽할 수 있는 지중해…. 터키 여행의 모든 것을 이 책 한권에 담았다.",https://image.aladin.co.kr/product/2827/83/cover500/8991193951_1.jpg, 장은정 지음, 리스컴,2013
역사,북유럽처럼,"디자이너이며 보통의 여행자인 두 저자가 핀란드 헬싱키, 스웨덴 스톡홀름, 덴마크 코펜하겐 세 도시로 북유럽 여행을 떠났다. 여행지로서의 북유럽을 담으며 그들의 공간뿐만 아니라 디자인을 필두로 독특한 문화와 날씨, 물가 등 다양한 관심 키워드를 다룬다.",https://image.aladin.co.kr/product/2373/25/cover500/8994104097_1.jpg, 김나율 쓰고;이임경 찍다, 네시간,2013
역사,"(용선생의) 시끌벅적 한국사. 5: 고려, 위기 속에서 길을 찾다","서울대 대학원의 젊은 역사학자들과 학계 각 시대 각 분야의 권위자들이 수차례 글과 구성을 검토하고 다듬어 펴낸 어린이 역사책이다. 올바른 역사 교육을 고민하는 교사들의 모임인 전국초등사회교과모임에서 새롭게 개정된 교과 과정이 충실하게 반영되었는지 검토했다. 꼭 알아야 할 개념과 상식을 풀어 주고, 단편적인 사실 나열이 아닌 흐름과 핵심을 짚어 준다.",https://image.aladin.co.kr/product/1647/67/cover500/8964355253_1.jpg, 금현진;주유정 [공] 글;이우일;박소영 [공] 그림, 사회평론,2012
역사,(용선생의) 시끌벅적 한국사. 7: 임진왜란과 병자호란을 극복하다,"서울대 대학원의 젊은 역사학자들과 학계 각 시대 각 분야의 권위자들이 수차례 글과 구성을 검토하고 다듬어 펴낸 어린이 역사책이다. 올바른 역사 교육을 고민하는 교사들의 모임인 전국초등사회교과모임에서 새롭게 개정된 교과 과정이 충실하게 반영되었는지 검토했다. 꼭 알아야 할 개념과 상식을 풀어 주고, 단편적인 사실 나열이 아닌 흐름과 핵심을 짚어 준다.",https://image.aladin.co.kr/product/1647/68/cover500/896435527x_1.jpg, 금현진 글;이우일;박소영 [공] 그림, 사회평론,2012
역사,"(박시백의) 조선왕조실록. 9: 인종.명종실록 : 문정왕후의 시대, 척신의 시대","문정왕후는 뛰어난 상황판단 능력, 과감한 결단력과 추진력으로 권력을 무리 없이 장악하지만 이후 역사가들의 평가는 혹독하기만 하다. 비록 측근들의 비대화와 부패, 수령들의 횡포로 백성들의 생활은 점점 더 어려워지기는 했지만, 그들이 그토록 문정왕후를 폄하했던 원인은 과연 무엇일까?",https://image.aladin.co.kr/product/84/97/cover500/8958621435_2.jpg, 박시백 글.그림, 휴머니스트,2005
역사,"(박시백의) 조선왕조실록. 14: 숙종실록 : 공작정치, 궁중 암투, 그리고 환국","시사교양만화의 새로운 장을 연 박시백의 만화 조선왕조실록. 14권에서는 조선 사상 가장 드라마틱한 시대였던 숙종 시절의 이야기 '숙종실록'이다. 경신환국을 둘러싼 당파싸움, 장희빈의 등장 등 흥미진진한 소재들이 특히 많이 수록되어 있다.",https://image.aladin.co.kr/product/431/17/cover500/8958622857_1.jpg, 박시백 글.그림, 휴머니스트,2009
역사,"(박시백의) 조선왕조실록. 18: 헌종.철종실록-극에 달한 내우, 박두한 외환","역사교양만화 <박시백의 조선왕조실록> 18권에서는 헌종.철종의 시대를 만난다. 삼정이 문란하고 탐관오리는 수탈한다. 백성의 피눈물은 민란을 부르지만, 특권계급이 되어버린 사대부들은 여전히 일신과 일가의 부귀영화만을 꿈꾼다. 임금의 문제만도, 세도 정치의 폐단만도 아니었다. 사대부 중심의 정치 체제는 과연 합당한 것이었나? 조선의 오백 년은 과연 누구를 위한 역사였나?",https://image.aladin.co.kr/product/1389/83/cover500/8958624450_1.jpg, 박시백 글.그림, 휴머니스트,2011
역사,(선생님과 함께하는) 국토 체험 1박 2일,"동계 올림픽을 개최하게 된 한국의 알프스 평창에서부터 시작하여 10년이 젊어지게 된다는 양구, 계속해서 아끼고 가꾸어야 할 동강, 그리고 세계자연유산이며 지질공원인 제주도까지, 어렵게만 느껴졌던 주제를 일반인과 중·고생 누구도 쉽게 이해할 수 있게 했다.",https://image.aladin.co.kr/product/2602/58/cover500/8962912309_1.jpg, 이두현 지음, 푸른길,2013
역사,한국인만 모르는 다른 대한민국,"임마누엘 페스트라이쉬 교수는 미국 태생으로 한국, 중국, 일본에서 공부하고 하버드대에서 동아시아 문명학 박사를 받은 석학이다. 그런 그의 눈에 비친 한국은 자신의 위상에 대한 모순적인 태도를 가진 이상한 나라이다.",https://image.aladin.co.kr/product/3030/25/cover500/8950951088_1.jpg, 임마누엘 페스트라이쉬(이만열) 지음, 21세기북스(북이십일),2013
역사,조선왕조실톡. 2: 조선 패밀리의 활극,"<조선왕조실록>에 등장하는 인물들이 가상의 대화창 '톡talk'으로 나누는 대화를 나눈다는 파격적인 형식의 웹툰, <조선왕조실톡>. '대한민국은 실톡 중'이라는 말이 나올 정도로 2015년을 뜨겁게 달군 역사 콘텐츠로, 2권에서는 중종부터 광해군까지, 2개의 패밀리를 다룬다.",https://image.aladin.co.kr/product/7134/12/cover500/s862636621_1.jpg, 무적핑크 지음;이한 해설, 이마,2015
역사,B급 세계사,"누구나 관심을 가질 만하고, 안다고 하기에도 모른다고 하기에도 애매하며, 알아 두면 입이 근질거릴 55가지 흥미로운 역사의 장면을 담았다. 근현대와 중세, 고대를 종횡무진 오가며 '오늘'의 기원을 밝힌다.",https://image.aladin.co.kr/product/15072/57/cover500/k152533160_1.jpg, 김상훈 지음, 행복한작업실,2018
역사,너와 함께한 모든 길이 좋았다,"장애. 비장애 커플의 유럽 여행 분투기. 커다란 전동 휠체어를 타는 작은 여자와 두 발로 걷는 비장애인 남자 커플이 45일간 다녀온 유럽 배낭여행의 기록이다. 여행 준비과정부터 시작해 유럽 각지의 장애인 여행 정보들까지, 글쓴이들이 맨몸으로 부딪치며 경험한 내용들이 담겨 있다.",https://image.aladin.co.kr/product/13037/83/cover500/8958076739_1.jpg, 박윤영;채준우 [공]지음, 뜨인돌,2018
역사,(읽고만 있어도 좋은)노플랜 사차원 유럽여행,"한 달이 넘는 배낭여행을 별 고민과 준비 없이 떠난 정박사. 필자의 표현을 빌리자면 노플랜(No Plan)에 어디로 튈 지 모르는 사차원 여행기이다. 두 차례에 걸친 유럽 여행은 그야말로 사고의 연속, 평범한 일상조차 그를 거치면 에피소드가 된다.",https://image.aladin.co.kr/product/65/52/cover500/8985989987_2.jpg, 정숙영 지음, 부키,2008
역사,런던에서 런던까지,"대한민국역사박물관 한국현대사 교양총서 두번째 책. 지은이 나영일 교수는 1948년 런던올림픽과 2012년 런던올림픽, 두 번의 올림픽을 중심으로 그간의 대한민국 올림픽 참가사의 변화를 일목요연하게 소개한다.",https://image.aladin.co.kr/product/2895/90/cover500/8930087027_1.jpg, 나영일, 나남,2013
역사,십자군 이야기. 1,"<로마인 이야기>의 작가 시오노 나나미의 십자군 이야기. 십자군 전쟁에서 역사가들은 광기와 사망자 숫자, 증오와 원한에 찬 비극의 기원을 발견하지만, 시오노 나나미는 인간의 욕망과 의지가 만들어낸 장대한 드라마를 발견하고, 그 빛과 어둠 속에서 매혹적인 인간 군상의 스토리를 압도적으로 그려낸다.",https://image.aladin.co.kr/product/1201/86/cover500/8954615201_2.jpg, 시오노 나나미 지음;송태욱 옮김, 문학동네,2011
역사,우리나라 가족여행 바이블 100,"<행복한 가족여행 만들기>를 출간했던 여행전문가 유철상의 열정이 고스란히 느껴지는 책이다. 여행의 고수답게 사계절마다 온 가족이 함께 즐길 수 있는 여행지와 정보가 가득하다. 봄, 여름, 가을, 겨울 사계절을 25곳씩 좋은 장소만을 추천하고 엄선했다.",https://image.aladin.co.kr/product/1143/85/cover500/8994799060_1.jpg, 유철상 지음, 상상출판,2011
역사,(사진으로 본)일제시대의 잔영,35년간 이 땅을 유린한 일제의 식민지 아래에서 만들어진 유형.무형한 것과 사람의 흔적들을 찾아 담은 책이다. 80여 컷의 생생한 사진들을 통해 역사적 연구가 아닌 취재기 형식의 서술로 젊은 세대에게 어느덧 잊혀져 가는 일제 침탈의 현장을 보여준다.,https://image.aladin.co.kr/product/57/87/cover500/8920920168_1.jpg, 이서규 지음, 지식의날개,2009
역사,역사 in 시사,"역사와 시사를 알기 쉽고 읽기 쉽게 버무린 책. MBC라디오 <타박타박 세계사>의 작가이자 15년간 시사교양 프로그램 작가로 활동해온 저자 이인경은 씨줄과 날줄을 엮듯 역사와 시사의 융합을 시도한다. 그리하여 ‘지금, 여기’의 문제인 시사와 그 맥락을 들춰보는 역사가 하나의 얼개 속에서 새로운 이야기로 재탄생한다.",https://image.aladin.co.kr/product/472/7/cover500/8956053863_2.jpg, 이인경 지음, 북하우스,2011
역사,역사 in 시사,"역사와 시사를 알기 쉽고 읽기 쉽게 버무린 책. MBC라디오 <타박타박 세계사>의 작가이자 15년간 시사교양 프로그램 작가로 활동해온 저자 이인경은 씨줄과 날줄을 엮듯 역사와 시사의 융합을 시도한다. 그리하여 ‘지금, 여기’의 문제인 시사와 그 맥락을 들춰보는 역사가 하나의 얼개 속에서 새로운 이야기로 재탄생한다.",https://image.aladin.co.kr/product/472/7/cover500/8956053863_2.jpg, 이인경 지음, 북하우스,2011
역사,조선 왕 독살사건. 2: 효종에서 고종까지,"<조선 왕 독살사건>의 최종 완결판. 문종에서 고종까지의 왕조사를 독살사건이라는 프리즘으로 통찰하면서 충의의 명분 뒤에 가려진 살아 있는 조선사를 펼쳐 보이는 책이다. 풍부한 사료에 근거한 역사적 고증과 치밀한 추론으로 문종, 단종, 예종, 연산군, 사도세자의 후예들, 효명세자 등 다수의 인물이 독살되었다는 결과를 도출해낸다.",https://image.aladin.co.kr/product/307/20/cover500/8993285721_1.jpg, 이덕일 지음, 다산초당,2011
역사,좋은 여행,장난기를 쏙 빼낸 담백한 그림으로 말하는 이우일식 여행론. 누구나 가지고 있을 법한 여행의 소소한 기억을 담백한 그림과 글로 풀어놓았다. 식상한 도시 여행 에세이에서 탈피해 여행의 의미를 되짚는 책이다. 만화가의 그림 하면 떠오르는 클리셰에서 완전히 벗어난 성숙한 그림이 작가의 차분한 글과 함께 어우러진다.,https://image.aladin.co.kr/product/416/99/cover500/8952755545_1.jpg, 이우일 글·그림, 시공사,2009
역사,부산은 넓다,파란만장한 역사의 흐름 속에서 부산이란 도시가 어떻게 형성되었는가를 핍진하게 다룬 책. 이 책은 엄밀히 말하면 기존의 부산 책들과는 좀 다르다. 저자는 외부인이다. 깊숙이 개입한 외부인에 의해 부산이 그 속살을 드러낸 결과물이 바로 이 책이다.,https://image.aladin.co.kr/product/3189/83/cover500/8967350724_2.jpg, 유승훈 지음, 글항아리,2013
역사,섬에서 섬으로 바다백리길을 걷다,"섬에서 섬으로, 백리에 달하는 바닷길을 걸으며 만나는 아름다운 섬, 여행 그리고 인생 이야기. 시인 전윤호와 사진가 이상희가 매물도, 비진도 등 아름다운 한려해상 섬의 풍광을 포착해 한 권의 책에 담아냈다.",https://image.aladin.co.kr/product/3314/42/cover500/8996922250_1.jpg, 전윤호 글;이상희 사진, 남해의봄날,2013
역사,식민지 근대의 패러독스,"한국 사학계의 민족주의적 경향에 대한 비판에서부터 근대 이후 ‘역사학’의 인식론적 한계에 이르는 연구 작업들을 진행하고 있는 역사학자 윤해동의 저작. 친일과 저항의 경계선에서 모호하게 규정돼오던 활동과 사건들을 ‘회색지대’라는 개념으로 묶어내고, '모든 근대는 식민지 근대'라는 흥미로운 명제를 던진다.",https://image.aladin.co.kr/product/100/7/cover500/8958622083_1.jpg, 윤해동 지음, 휴머니스트,2007
역사,맵헤드,"미국의 퀴즈쇼 「제퍼디!」 최장기간 우승 기록 보유자인 잡학의 대가 켄 제닝스가 못 말리는 지도 마니아들을 만났다. 지도 제작과 수집, 활용 등 지도에 대해 상상할 수 있는 모든 것이 흥미진진하게 펼쳐진다.",https://image.aladin.co.kr/product/3138/57/cover500/8967350732_1.jpg, 켄 제닝스 지음;류한원 옮김, 글항아리,2013
역사,샬레 스위스,샬레 트래블앤라이프의 기획팀장인 저자와 직원들이 스위스 구석구석을 수없이 여행하면서 모은 소중한 여행정보들과 전문여행사만 알고 있는 여행팁들이 녹아 든 스위스 가이드북이다. 생생한 스위스의 아름다운 사진들은 마치 스위스에 이미 가있는 듯한 감동을 독자들에게 선사한다.,https://image.aladin.co.kr/product/2729/12/cover500/8996272035_2.jpg, 김문희 글;정소현 사진, 샬레스위스여행,2013
역사,(2023 큰별쌤 최태성의 별★별 한국사)한국사능력검정시험 기출 500제,"2022년 62회 시험부터 2021년 53회 시험까지 최신 기출문제 10회분, 총 500문항을 수록하였다. 기출 BOOK은 실제 시험지를 그대로 구현하여 실전과 같은 문제풀이가 가능하며, 해설 BOOK은 선택지 하나하나 꼼꼼하게 설명하였다.",https://image.aladin.co.kr/product/30884/42/cover500/k972831381_1.jpg, 최태성 지음, 이투스교육,2023
역사,(2023) 에듀윌 한국사능력검정시험 시대별×회차별,"한국사능력검정시험 심화를 대비할 수 있는 시대별×회차별 기출문제집이다. 기출로 개념부터 실전까지 대비할 수 있다. 1권 시대별 기출문제집으로 약점만 콕콕 짚고, 2권 회차별 기출문제집으로 실전 감각을 완성할 수 있도록 구성하였다.",https://image.aladin.co.kr/product/31376/15/cover500/k522832906_1.jpg, 에듀윌 한국사교육연구소 지음, 에듀윌,2023
역사,세느 강이 보이는 카페에서 그리움을 그리다,작가가 돌아본 곳곳은 엄청난 노력과 끈기를 요하는 작가의 세밀한 스케치 데생 단계를 거쳐져 탄생됐다. 이 책에 담겨 있는 유럽 여러 지역의 그림들을 자세히 살펴보면 작가의 내공과 세밀한 터치에 혀를 내두르게 된다.,https://image.aladin.co.kr/product/2452/32/cover500/8995643722_1.jpg, 나른 지음, 노마드,2013
역사,(외우지 않고 통으로 이해하는)통한국사. 1: 구석기에서 고려까지,"2009년 출간된 <통세계사>는 출간과 동시에 베스트셀러 반열에 오르며 많은 독자들의 사랑을 받았다. 이후 통시리즈는 청소년의 역사교양서로 확실히 자리매김했다. 그리고 마침내 2012년, 우리 역사를 다룬 <통한국사>를 펴내게 되었다.",https://image.aladin.co.kr/product/1928/6/cover500/8963707725_1.jpg, 김상훈 지음, 다산에듀,2013
역사,일생에 한번은 독일을 만나라,"‘일생에 한번은’ 시리즈의 독일 편으로 조용한 낭만이 살아 숨쉬는 독일의 매력을 북독일, 남독일, 중부독일, 그리고 분단의 아픔을 딛고 살아나는 동독일까지 아우르며 설명한다.",https://image.aladin.co.kr/product/1968/16/cover500/8950938995_1.jpg, 박성숙 지음, 21세기북스,2013
역사,뉴욕의 책방,수없이 방문했던 인디서점들 중에서 저자가 꼽은 스무 개의 서점에 대한 방문기. 대형서점도 버티기 어려운 출판계의 불황 속에서도 꿋꿋하게 각자의 역할을 하고 있는 뉴욕에 있는 스무 개의 보석 같은 서점들에 대한 이야기이다.,https://image.aladin.co.kr/product/2209/25/cover500/8996875023_1.jpg, 최한샘 지음, Playground,2012
역사,"뉴욕 그리다, 빠지다, 담다",책의 시작을 알리는 작은 비행기는 맨해튼의 푸른 하늘로 당신을 순식간에 데려다준다. 그 하늘의 삶과 예술은 저자가 풀어낸 29장의 감성아트에세이를 통해 가슴 설레는 잔잔한 어드벤처를 기다리는 이들의 가슴에 온전히 풍덩 담기게 될 것이다.,https://image.aladin.co.kr/product/2508/16/cover500/8956013144_1.jpg, 박아람 지음, 무한,2013
역사,곰브리치 세계사,"즐거운 지식 시리즈 17권. 2010년 《가디언》 선정 ‘청소년을 위한 좋은 책’. 세계적인 석학 에른스트 H. 곰브리치가 청소년을 위해 쓴 세계사 입문서. 독일 뒤몽 출판사의 2004년 개정판을 우리말로 옮긴 것이며 2008년 미국 예일 대학교 출판사에서 출간한 영역본 도서에 사용된 클리퍼드 하퍼의 그림을 실어 역사서로서 무게감을 더하고, 사실적인 형태의 지도를 실어 정확한 정보 전달에 힘썼다.",https://image.aladin.co.kr/product/760/38/cover500/8949187116_1.jpg, 에른스트 H. 곰브리치 그림;박민수 옮김, 비룡소,2014
역사,조선왕조실톡. 1: 조선 패밀리의 탄생,<조선왕조실록>에 등장하는 인물들이 가상의 대화창 '톡talk'으로 대화를 나눈다는 파격적인 형식의 웹툰 [조선왕조실톡]. <조선왕조실톡>은 웹툰을 바탕으로 조선사를 연대순으로 재구성한 역사교양만화 시리즈이다.,https://image.aladin.co.kr/product/6404/89/cover500/s792636621_1.jpg, 무적핑크 지음;이한 해설, 이마,2015
역사,나의 한국현대사,"<거꾸로 읽는 세계사>, <내 머리로 생각하는 역사 이야기> 등 스테디셀러로 자리 잡은 대중역사서의 집필 경험과 정치인의 경험을 살려 최근 교학사 교과서 파동과 문창근 총리 후보자의 역사의식 문제로 또다시 얼룩진 현대사를 풀어쓰고 있다.",https://image.aladin.co.kr/product/4277/5/cover500/8971996099_3.jpg, 유시민 지음, 돌베개,2014
역사,(역사저널)그날. 3: 연산군에서 선조까지,"KBS [역사저널 그날]을 시대 순으로 재구성한 책으로, 역사를 바꾼 이 결정적인 '그날'들을 통해 우리가 몰랐던 한국사 속 진실과 이야기들을 생생하게 전달한다.",https://image.aladin.co.kr/product/6247/34/cover500/8937417030_1.jpg, KBS 역사저널 그날 제작팀 지음, 민음사,2015
역사,리더의 역사 공부,한국 사마천학회 김영수의 <리더의 역사 공부>. 지난 10년 동안 이런저런 매체에 기고했던 글과 이번 책을 위해 새로 쓴 글을 모은 것이다. 기존의 원고를 다듬고 현 상황에 맞게 일부 바꾸었다.,https://image.aladin.co.kr/product/25320/75/cover500/8979195664_1.jpg, 김영수 지음, 창해,2020
역사,(쏭내관의 재미있는)궁궐기행. 2,"궁궐의 각 장소별로 벌어졌던 역사적인 사건들을 풀어낸 책. 피와 눈물로 얼룩진 조선의 궁궐을 통해 500년 조선왕조의 사건들을 증언하고, 우리가 궁궐에 가서 진정으로 보고 느껴야 할 조선의 사건 46가지를 생생하게 담아냈다.",https://image.aladin.co.kr/product/833/35/cover500/8994655115_1.jpg, 송용진 글·사진;이영환 일러스트, 지식프레임,2020
역사,30개 도시로 읽는 세계사,"세계 문명을 좌우한 로마, 아테네, 파리는 물론 장안, 앙코르, 교토까지 세계사를 이해하는 데 빼놓을 수 없는 도시들을 폭넓게 다루었고, 각 도시의 전문가들이 꼭 알아야 할 핵심 지식을 엄선하고 감수한 책이다.",https://image.aladin.co.kr/product/24397/95/cover500/k172630316_1.jpg, 조 지무쇼 지음;최미숙 옮김, 다산초당,2020
역사,파시즘과 싸운 여성들,"역사의 방관자가 되기를 거부하고 양심에 따라 히틀러와 싸운 여성들의 가슴 뛰는 이야기가 펼쳐진다. 국가별로 다양한 관점에서 제2차 세계대전을 개괄하고, 각지에서 저항운동을 벌인 여성 26인의 삶과 활약상을 사진과 함께 살펴본다.",https://image.aladin.co.kr/product/24414/76/cover500/8971991828_1.jpg, 캐스린 J. 애트우드 지음;곽명단 옮김, 돌베개,2020
역사,(한 권으로 보는)중국사 100장면,북경원인의 출현에서 한중수교까지 중국 5천년 역사를 100대 주요 사건으로 살폈다. '춘추시대의 개막' '당태종의 정치' '몽고의 유라시아 제패' '아편전쟁' '천안문 사건' 등 1백편을 사진과 함께 엮은 책.,https://image.aladin.co.kr/product/13/55/cover500/8985466089_1.gif, 안정애;양정현 지음, 가람기획,2008
역사,그리스인 이야기. 1: 호메로스에서 페리클레스까지,"신화의 베일에 가려진 고대 그리스 문명의 핵심을 되살려낸 고대 그리스사의 고전. 저자 앙드레 보나르는 그리스 문명 그 자체가 아니라 사람, 즉 그리스 문명을 기획한 고대 그리스인들을 주인공으로 내세운다. 그리하여 그들이 문명을 일구기 위해 흘린 피와 땀이 더욱 생동감 넘치게 그려진다. '문명의 전범'이라 불러도 손색없는 고대 그리스의 역사를 집약한 책이다.",https://image.aladin.co.kr/product/1116/21/cover500/8991221785_1.jpg, 앙드레 보나르 지음;김희균 옮김, 책과함께,2011
역사,그리스인 이야기. 2: 소포클레스에서 소크라테스까지,"신화의 베일에 가려진 고대 그리스 문명의 핵심을 되살려낸 고대 그리스사의 고전. 저자 앙드레 보나르는 그리스 문명 그 자체가 아니라 사람, 즉 그리스 문명을 기획한 고대 그리스인들을 주인공으로 내세운다. 그리하여 그들이 문명을 일구기 위해 흘린 피와 땀이 더욱 생동감 넘치게 그려진다. '문명의 전범'이라 불러도 손색없는 고대 그리스의 역사를 집약한 책이다.",https://image.aladin.co.kr/product/1122/59/cover500/8991221793_1.jpg, 앙드레 보나르 지음;양영란 옮김, 책과함께,2011
역사,조선왕을 말하다,"우리 역사를 바로잡는 저술에 힘쓰고 있는 한가람역사문화연구소 소장 이덕일의 역사평설. 저자는 이 책에서 자신의 가치관을 담으려 노력하기보다는 1차 사료를 바탕으로 조선 왕들에 대한 핵심 쟁점을 날카롭고 명쾌하게 바로잡고, 과연 조선 최고의 왕과 최악의 왕이 누구인지를 객관적으로 재조명했다.",https://image.aladin.co.kr/product/709/28/cover500/8993119155_2.jpg, 이덕일 지음, 역사의아침,2010
역사,한국지리 만화 교과서,,https://image.aladin.co.kr/product/93/78/cover500/8960980110_2.jpg, 전국지리교사모임 지음;음수현 그림, 씨앤톡,2010
역사,(지리교사와 함께 하는)인천땅 '이만큼 알기',,https://image.aladin.co.kr/product/56/19/cover500/8989014336_1.jpg, 인천지리답사모임터사랑 지음, 다인아트,2005
역사,"(마주 보는)세계사교실. 5: 아시아와 유럽이 서로 다투다, 1600년~1800년","'마주 보는 세계사 교실' 시리즈의 5권에서는 힘을 키운 유럽이 아프리카와 아메리카에 이어 동남아시아와 인도 대륙까지 진출하여 동아시아 세계와 경쟁을 펼치게 되는 상황을 실감나게 그리고 있다. 이 시대를 이끈 청나라의 강희제, 무굴 제국의 샤자한, 오스만튀르크 제국의 술탄 무라드, 유럽의 과학 혁명을 이끈 갈릴레이와 뉴턴, 프랑스의 루이 14세와 계몽사상가들의 이야기가 펼쳐진다.",https://image.aladin.co.kr/product/238/64/cover500/8901084996_2.jpg, 박윤덕 지음;나오미양 그림, 웅진주니어,2010
역사,일본 이야기,"도쿄에서 살고 있는 현직 부부 기자가 쓴 생생한 일본 이야기. 현해탄 건너 손에 잡힐 듯 가까운 나라, 하루에 만 명 이상이 오가는 이웃 나라 일본에 살명서 체험하고 느낀 점을 바탕으로, 가감없는 일본 이야기, 비판하되 비난하지 않는 일본 이야기를 들려준다.",https://image.aladin.co.kr/product/62/67/cover500/8937841320_1.jpg, 김영희;박중언 지음;박윤선 그림, 아이세움,2010
역사,아름다운 위인전,이제까지 위인전에서 만나왔던 '아주 특별한 사람들'의 이야기는 아닐지 모르지만 나누고 베푸는 삶을 살았던 '아름다운 사람들'의 이야기를 통해 분배와 정의를 고민해야 하는 21세기의 주역이 될 어린이들에게 새로운 위인상을 심어줄 수 있는 책이다.,https://image.aladin.co.kr/product/57/26/cover500/8984311596_2.jpg, 고진숙 지음;경혜원 그림, 한겨레신문사,2010
역사,로마인 이야기. 7: 악명높은 황제들,"우리 독서계에 역사 읽기 붐을 일으켰던 연작의 제7권. 이번에는 로마사를 통하여 가장 논란이 많았던 네 황제, 티베리우스, 칼리굴라, 클라우디우스, 네로의 통치시대를 다루고 있다. 많은 역사가들은 이들 로마 제국의 네 황제를 악명 높은 황제 혹은 폭군의 대명사로 낙인찍었다.",https://image.aladin.co.kr/product/4/46/cover500/8935610895_2.jpg, 시오노나나미;김석희 옮김, 한길사,2011
역사,로마인 이야기. 8: 위기와 극복,"시오노 나나미는 이 책에서 네로황제가 사망한 이후 트라야누스가 등장할 때까지 29년간 로마가 처한 상황을 밀도있게 그리고 있다. 이 기간은 로마제국에 있어 고뇌와 비탄으로 가득찬 시대이다. 그러나 저자는 ""로마는 위기의 시대였던 이 시기를 벗어난 뒤 전례없는 번영기를 구가했다"" 고 말하며 위기를 극복하는 과정에서 융성을 이룩하는 로마인의 지혜를 보여준다.",https://image.aladin.co.kr/product/20/94/cover500/8935652091_2.jpg, 시오노나나미;김석희 옮김, 한길사,2010
역사,로마인 이야기. 11: 종말의 시작,드디어 몰락의 길을 걷기 시작하는 로마 제국. 오현제(五賢帝) 시대의 마지막 황제인 마르쿠스 아우렐리우스가 죽고 아들 콤모두스가 즉위한 이후 로마는 쇠망의 내리막길을 걷기 시작한다.,https://image.aladin.co.kr/product/39/85/cover500/8935654833_2.jpg, 시오노나나미;김석희 옮김, 한길사,2011
역사,하룻밤에 읽는 삼국사기,"현존하는 가장 오래된 역사책인 김부식의 를 쉽게 풀어 설명한다. 기본적으로 의 편재를 따르면서 학계의 연구성과, 편찬배경, 역사적 의의 등을 더불어 실었다. 김부식의 생애와 고대사에 대한 기본적인 지식을 도표, 연대기, 지도를 통해 정리했다.",https://image.aladin.co.kr/product/50/46/cover500/8957575448_2.jpg, 장효정 지음, 램덤하우스중앙,2007
역사,하룻밤에 읽는 유럽사,"고대 그리스·로마 시대부터 20세기 유럽의 역사에 이르기까지를 한 권에 정리한 책. 잘 알려진 사건들을 소개하는 것을 물론이고 정치,경제,문화,종교 전반에 걸쳐 유럽의 역사를 정리하고 있어 입문서로 적절하다. 백여 컷의 지도와 도표, 역사메모와 칼럼 등을 함께 수록했다.",https://image.aladin.co.kr/product/50/83/cover500/8957575839_2.jpg, 윤승준 지음, 랜덤하우스중앙,2011
역사,축제로 떠나는 세계 여행,축제를 건축하는 여자이자 문화관광축제연구소 대표이사인 이주현 작가의 축제에 대한 열정을 한 권의 책에 담아냈다. 축제기획 전문가가 직접 발로 뛰고 눈으로 확인하고 글로 담은 생생한 정보를 소개하기 때문에 일반인은 쉽게 알지 못했던 내용을 만날 수 있다.,https://image.aladin.co.kr/product/2945/88/cover500/8935916447_1.jpg, 이주현 지음, 신원문화사,2013
역사,(박시백의) 조선왕조실록. 4: 세종.문종실록 : 황금시대를 열다,"세종.문종실록 편으로, 태종이 탄탄히 기틀을 잡아놓은 터 위에 본인의 뛰어난 머리와 인재들을 통해 정치, 사회, 경제, 문화를 발전시킨 천년에 다시없는 성군 세종. 그리고 준비된 임금 문종의 이야기를 세종실록을 바탕으로 치밀하게 풀어나간다.",https://image.aladin.co.kr/product/55/49/cover500/8958620382_1.jpg, 박시백 글.그림, 휴머니스트,2005
역사,(박시백의) 조선왕조실록. 12: 인조실록 명분에 사로잡혀 병란을 부르다,"《조선왕조실록》을 원전으로, 7년의 제작기간을 들여 정사(正史)를 복원하였다. 학생들 뿐 아니라 성인들도 볼 수 있는 인문교양만화로, <한겨레신문> 만평 화백 출신인 박시백이 만화의 장점을 백분 발휘해 두꺼운 역사책에서는 느끼지 못하는 재미와 박진감을 선사한다.",https://image.aladin.co.kr/product/235/93/cover500/8958622490_2.jpg, 박시백 글.그림, 휴머니스트,2008
역사,(박시백의) 조선왕조실록. 15: 경종 영조실록 탕평의 깃발 아래,"<박시백의 조선왕조실록> 15권. 세자로만 30년을 보낸 경종은 거침없는 환국을 이뤄내지만 재위 4년 만에 눈을 감고, 영조가 보위에 오른다. 가장 오래 왕위에 있으면서 탕평책, 균역법 시행 등 여러 업적을 남긴 영조는 학문보다 무예를 좋아하는 사도세자의 기질을 못마땅해 하는데…",https://image.aladin.co.kr/product/643/52/cover500/8958623071_2.jpg, 박시백 글.그림, 휴머니스트,2010
역사,(박시백의) 조선왕조실록. 20: 망국-오백 년 왕조가 저물다,"TV 사극, 영화에서 가장 많이 다루어졌던 <조선왕조실록>, 이제 역사교양만화로 만난다. 철저히 정사(正史)를 바탕으로 하되, 최근의 연구 성과를 적극 차용해 시놉시스를 만들고, 그 바탕으로 그림을 그렸다. 20권에서는 고종.순종시대를 만난다.",https://image.aladin.co.kr/product/2851/99/cover500/8958626291_3.jpg, 박시백 글.그림, 휴머니스트 출판그룹,2013
역사,(안네와 마르고트 프랑크 가족의 숨겨진 이야기) Shadow Life,<안네의 일기>를 다른 이의 관점에서 재구성한 책. Shadow Life에서는 안네의 일기가 마쳐진 이후의 이야기를 독특한 방식으로 소개한다. 이 책에서 안네 프랑크의 목소리는 찾아볼 수 없다. 대신 '다른 이들이 말하는 안네'의 모습이 쉴 새 없이 밀려와 마음의 통증을 더하게 한다.,https://image.aladin.co.kr/product/248/31/cover500/8992822197_1.jpg, 배리 데넨버그 지음;장은비 옮김, 이지,2008
역사,조선왕조실톡. 2: 조선 패밀리의 활극,"<조선왕조실록>에 등장하는 인물들이 가상의 대화창 '톡talk'으로 나누는 대화를 나눈다는 파격적인 형식의 웹툰, <조선왕조실톡>. '대한민국은 실톡 중'이라는 말이 나올 정도로 2015년을 뜨겁게 달군 역사 콘텐츠로, 2권에서는 중종부터 광해군까지, 2개의 패밀리를 다룬다.",https://image.aladin.co.kr/product/7134/12/cover500/s862636621_1.jpg, 무적핑크 지음;이한 해설, 이마,2015
역사,조선왕조실톡. 2: 조선 패밀리의 활극,"<조선왕조실록>에 등장하는 인물들이 가상의 대화창 '톡talk'으로 나누는 대화를 나눈다는 파격적인 형식의 웹툰, <조선왕조실톡>. '대한민국은 실톡 중'이라는 말이 나올 정도로 2015년을 뜨겁게 달군 역사 콘텐츠로, 2권에서는 중종부터 광해군까지, 2개의 패밀리를 다룬다.",https://image.aladin.co.kr/product/7134/12/cover500/s862636621_1.jpg, 무적핑크 지음;이한 해설, 이마,2015
역사,사마천 사기 56,"<사기> 전체는 총 130편으로, 사실 지나치게 방대하고 또 현대에 이르러 효용성이 없는 부분도 적지 않은 점에 비추어 이 책에서는 사기의 정수를 계승하되 뜻이 깊고 문장 구성이 탁월한 56편을 중국 전문가 소준섭 박사가 엄선하여 한 권에 담았다.",https://image.aladin.co.kr/product/8764/52/cover500/s902534251_1.jpg, 사마천 지음;소준섭 편역, 현대지성,2016
역사,(세계사와 함께 읽는)중국사 대장정. 3: 당나라부터 중화인민공화국 수립까지,,https://image.aladin.co.kr/product/63/57/cover500/8958200537_1.jpg, 변영우 지음, 궁리,2006
역사,(민족의 장군)홍범도,2021년 홍범도 장군이 고국을 떠난 지 100년 만에 장군의 유해가 고국으로 돌아왔다. 그리고 2023년 홍범도 장군 순국 80주기를 맞이하게 된다. 이를 기념하기 위해 3·1절을 맞아 독립운동가의 자손으로서 홍범도 장군을 42년간 연구해온 시인 이동순이 평전 『민족의 장군 홍범도』를 펴낸다.,https://image.aladin.co.kr/product/31187/18/cover500/8935678155_1.jpg, 이동순 지음, 한길사,2023
역사,"(펼치는 순간 단숨에 6,000년 역사가 읽히는)요즘 어른을 위한 최소한의 세계사",러시아는 왜 우크라이나와 전쟁을 벌이는 걸까? 미국은 언제부터 전 세계를 호령하는 강대국이 되었을까? 《요즘 어른을 위한 최소한의 세계사》는 오늘날 꼭 알아야 할 세계사의 주요 사건을 핵심만 쏙쏙 정리했다.,https://image.aladin.co.kr/product/32447/45/cover500/k152935296_2.jpg, 임소미 지음, 빅피시,2023
역사,5천년 역사가 단숨에 이해되는 최소한의 한국사,"한국사 교과서 저자이자 누적 수강생 700만 명에 이르는 한국사 1등 강사 최태성이 고조선이 건국된 기원전 2333년부터 6·15 남북공동선언이 발표된 2000년까지, 반만년 역사를 쉽고 재미있고 명쾌하게 설명한 한국사 책이다.",https://image.aladin.co.kr/product/33226/96/cover500/k932937158_1.jpg, 최태성 지음, 프런트페이지,2023
역사,김진명의 한국사 X파일,"근현대사의 주요 이슈들로부터, 고대사의 감춰진 이야기들까지 한국사의 주요 쟁점들을 소설을 통해 쉼 없이 다뤄온 작가, 김진명. 그가 한국사에 대해 작심하고 입을 열었다. 책에는 7개의 한국사 미스터리가 등장한다. 각 편마다 역사적 진실의 실마리를 찾아가는 김진명의 취재과정이 실감나게 그려져 있다.",https://image.aladin.co.kr/product/10056/37/cover500/k862536878_1.jpg, 김진명 글;박상철 그림, 새움,2023
역사,거꾸로 읽는 세계사,"드레퓌스 사건, 피의 일요일, 러시아 10월 혁명과 미완의 혁명 4·19 등 기존의 역사적 사건과 인물을 통해서 세계사의 흐름에 대한 일관된 분석과 해명, 그리고 앞으로 우리 사회가 나아갈 바를 시사하고 있다. 열린 사고와 열린 시각으로 열린 사회를 구축해 가자는 생산적인 제안의 교양 역사서.",https://image.aladin.co.kr/product/28182/0/cover500/k502835770_2.jpg, 유시민 지음, 돌베개,2023
역사,물건으로 읽는 세계사,'이것' 없이 여태껏 어떻게 살았을까 싶을 정도로 당연한 일상의 물건들. 이 평범한 물건에 대단한 역사가 숨겨져 있다면 어떨까? 베스트셀러 <하룻밤에 읽는 세계사>를 비롯해 다양한 각도에서 역사를 바라보던 미야자키 마사카츠가 이제는 무심코 지나치던 우리 주변의 물건들에 대해 이야기한다.,https://image.aladin.co.kr/product/17556/92/cover500/k002534500_1.jpg, 미야자키 마사카츠 지음;박현아 옮김, 현대지성,2018
역사,어느 독일인의 삶,독일 나치 선전부장 요제프 괴벨스를 위해 일했던 브룬힐데 폼젤의 증언을 정치학자 토레 D. 한젠이 정리한 책이다. 1942년부터 1945년까지 괴벨스의 비서로 일했던 폼젤은 이 책에서 자신은 그 당시 나치의 만행을 전혀 알지 못했다고 주장한다.,https://image.aladin.co.kr/product/16313/97/cover500/8932919259_1.jpg, 브룬힐데 폼젤 지음;토레 D. 한젠 엮음;박종대 옮김, 열린책들,2018
역사,전쟁과 평화의 역사,"누구나 교양 시리즈 3권. 인간의 호전성이 타고난 본성인지 알아보기 위해 자연 세계에서 일어나는 투쟁을 살펴보고, 세계사의 흐름을 바꾼 전쟁들이 일어난 원인을 분석하며, 전쟁이 인간의 가치관을 어떻게 바꾸었는지 밝힌다.",https://image.aladin.co.kr/product/18473/46/cover500/k222534555_1.jpg, 게르하르트 슈타군 지음;장혜경 옮김, 이화북스,2019
역사,이승만의 대미투쟁. 하권,"1942년부터 1960년까지 저자와 이승만 대통령이 개인적으로 주고받은 서신과 전보문, 그가 하루도 빠짐없이 기록해 왔던 일기, 그리고 당시 세계 주요 언론매체에 기고했던 글 등 역사적 원재료들을 시기 순으로 정리하고 배열하여 생생하게 전달한다.",https://image.aladin.co.kr/product/3301/40/cover500/8937604035_1.jpg," 로버트 T. 오리버 저, 한준석 역", 비봉출판사,2013
역사,김지하와 그의 시대,"4.19부터 10.26까지 '삶의 관점'에서 기록한 통합의 한국 현대사. 1부 '우연의 역사는 없다', 2부 '가난의 시대 딛고 고도성장의 시대 열다', 3부 '유신의 빛과 그늘', 4부 '반목을 딛고 통합된 미래로!'로 구성되었다.",https://image.aladin.co.kr/product/3293/1/cover500/8970909729_1.jpg, 허문명 지음, 블루엘리펀트(동아일보사),2013
역사,"조선의 일상, 법정에 서다","'조선시대 생활사' 시리즈 4권. 이번 조선시대 생활사의 테마로 잡은 것은 '분쟁과 소송'이다. 인간 사회에서 필연적으로 일어날 수밖에 없는 대립과 갈등, 분쟁과 소송 사례를 통해 조선시대 삶의 근원적 모습에 한 발짝 더 다가서고자 하였다.",https://image.aladin.co.kr/product/3363/70/cover500/8976965442_1.jpg, 한국고문서학회 지음, 역사비평사,2013
역사,힐링로드77선,"누구나 쉽게 찾아갈 수 있는 아름다운 길을 여섯 개의 주제로 나누어 선정하였다. 계곡길, 문화길, 산책길, 숲길, 하늘길, 해안길이 그것이다. 여행을 떠나고자 하는 이들의 취향과 호기심을 만족시켜 주기에 부족함이 없는 구성이다.",https://image.aladin.co.kr/product/3782/97/cover500/1195152515_1.jpg, 권현숙;김미정;남지심;유하순;이종숙;임수연;전현서;정은이;조형은;이야기만드는 바띠 지음, 얘기꾼,2014
역사,내가 사랑한 유럽 top10,문학평론가 정여울의 101가지 유럽 이야기. 이 책에 소개된 '유럽에서 할 수 있는 100가지 아이템'은 여행자들의 로망을 실현할 '만약'의 가능성을 선물한다. 열 개의 테마로 구성된 <내가 사랑한 유럽 TOP10>의 순위는 대한항공 캠페인의 참여자들이 직접 뽑았다.,https://image.aladin.co.kr/product/3471/6/cover500/897065397x_2.jpg, 정여울 글, 홍익,2014
역사,스페인 문화 순례,편견에서 벗어나 제대로 된 스페인 문화 알기. 서울대학교 라틴아메리카연구소는 일반 독자에게 스페인 문화를 보다 다양한 각도에서 상식보다 깊이 이해하는 데 도움을 주고자 이 책을 기획하였다.,https://image.aladin.co.kr/product/3063/89/cover500/8952114795_1.jpg, 김창민 편, 서울대학교 출판문화원,2013
역사,내 머리로 생각하는 역사이야기,등 베스트 셀러 반열에 오른 두권의 교양서를 쓴 필자가 일반대중을 상대로 `역사란 무엇인가`를 설명한 책．역사속을 살아가면서 우리 모두가 한번쯤은 던져보았음직한 질문들에 대해 지은이는 주로 우리나라 역사속의 예를 들며 자신의 생각을 밝히고 있다．...,https://image.aladin.co.kr/product/2/99/cover500/8974140373_1.jpg, 유시민 지음, 푸른나무,2005
역사,철길따라 대륙을 누빈다: 몽골.시베리아.만주 대륙횡단열차 여행,"2004년 여름 중국, 몽골, 러시아 등 3개국을 시베리안 횡단철도로 돌아본 후, 국내에 잘 알려지지 않은 횡단철도여행에 대한 정보를 기록했다. 55개국을 여행한 여행전문가인 저자는 철도여행만큼 안전하면서도 각국의 묘미를 즐길 수 있는 방법이 없다고 말한다.",https://image.aladin.co.kr/product/56/46/cover500/8990745187_1.jpg, 하현준 지음, 삼우반,2005
역사,아름다운 이야기로 만나는 노벨평화상,,https://image.aladin.co.kr/product/27/32/cover500/8934907096_1.gif, 김소기 기획, 김영사,2001
역사,벽초홍명희 연구,"민족운동가로서의 면모는 물론 문인, 학자, 언론인, 정치가로서 살다간 홍명희의 삶을 인물평전 형식으로 생생하게 전개한다. 경술국치 때 자결한 부친 홍범식이 끼친 영향, 국문학자이자 사회운동가인 아들 홍기문과의 관계, '임꺽정' 집필과정의 에피소드, 김일성과의 관계 등도 흥미롭다. 본문에 곁들여진 미공개 사진 50여장 또한 홍명희와 그의 시대를 이해하는 데 생동감을 더해준다. --세계일보",https://image.aladin.co.kr/product/21/6/cover500/893647054x_2.jpg, 강영주 지음, 창작과 비평사,1999
역사,민주주의의 등불 장준하,장준하는 일제 시대에 태어나 조국의 광복을 위해 총으로 싸우고 광복 후에는 어지러운 정국 속에서 겨레의 바른 삶을 위해 글로 싸우신 분이다. 장준하가 펴낸「사상계」는 당시 나라의 나아갈 길을 보여주는데 큰 몫을 하기도 했다. 는 영웅주의 인물 전기에 싫증 난 어린이들에게 새로운 인물상을 보여준다. --어린이도서연구회,https://image.aladin.co.kr/product/26/38/cover500/8958280778_2.jpg, 김민수 지음;한병호 그림, 사계절,2005
역사,세계를 변화시킨 12명의 과학자,"이 책은 인류의 문명을 새롭게 연 대표적인 과학자 12명의 이야기를 담았다. 관념적인 중세 제도와 맞서 과학적 소신을 굽히지 않은 갈릴레이, 현대 물리학의 아버지라 불리는 뉴턴, 인간이 진화했다는 획기적인 진화론을 제시한 다윈, 최초로 질병 치료의 백신을 개발한 파스퇴르, 발명의 왕이라 불릴 정도로 많은 물건들을 만들어 낸 에디슨, 오늘의 통신 문명을 있게 한 벨, 재미있는 영화를 볼 수 있게 한 오귀스트·루이 뤼미에르 형제 등의 이야기들을 통해 과학자들의 노력과 고통, 그리고 그것을 극복해나가는 과정을 잘 담아놓았다.",https://image.aladin.co.kr/product/25/38/cover500/8900093290_1.gif, 스티브 파커 지음;이충호 옮김, 두산동아,2000
역사,(신복룡 교수의)이방인이 본 조선 다시읽기,"이 책은 1999년 5월부터 2000년 2월까지「주간조선」에 연재된 것을 다시 편집한 것으로, 저자인 신복룡 교수가 개항기에 한국을 다녀간 서구인들의 한국견문기를 수집하여 번역하고 주석을 달았다.",https://image.aladin.co.kr/product/32/95/cover500/8974748746_2.jpg, 신복룡 지음, 풀빛,2002
역사,(사진과 그림으로 보는)한국 현대사,"무엇보다 주목할 것은 반공, 냉전 이데올로기에 짓눌린 역사를 바로잡으려고 노력한 일관된 시각이다. 해방 공간의 역사서술에서는 좌우의 대결, 중도파의 활동을 고르게 반영하였고, 1960년대 이후 역사에서는 민주운동, 노동운동, 농민운동의 역동적 힘을 보여주는 데 중점을 두었다.",https://image.aladin.co.kr/product/55/47/cover500/8901049597_1.jpg, 서중석 지음, 웅진지식하우스,2005
역사,한국 생활사 박물관5. 5: 신라생활관,"시리즈 5번째 권의 주인공은 신라다. 신라는 삼국 통일을 이룬 뒤 백제와 고구려의 찬란한 문화를 자신들의 고유 문화와 융합시켰을 뿐 아니라 당나라와 일본, 인도와 이란, 그리고 아라비아의 문물까지 소화하여 여러 빛깔의 개성 있는 '퓨전(fusion)' 문화를 창조했다. 책에는 이처럼 천년이라는 세월을 거치면서 더욱 세심하게 다듬어진 신라의 역사와 문화, 그리고 신라인의 생활 양식이 생생하게 담겨 있다.",https://image.aladin.co.kr/product/29/31/cover500/8971966858_2.jpg, 한국생활사박물관편찬위원회 지음, 사계절,2004
역사,유네스코 세계문화유산,"유네스코의 기치 아래 보호받고 있는 인류 유산들, 세계 문명의 역사와 문화 예술 등의 면면을 사진과 함께 소개하는 '유네스코 세계유산 시리즈'의 '세계문화유산' 편. '문화유산' 편에서는 유럽의 도시에서부터 남아메리카의 바로크 양식 성당에 이르기까지 유네스코가 지정한 세계 문화유산 중 예술적.건축학적으로 흥미로운 100개의 유산을 담았다.",https://image.aladin.co.kr/product/56/11/cover500/8984984310_1.jpg, 마르코 카타네오 외 지음;김충선 옮김, 생각의나무,2006
역사,삼국사기1. 1,,https://image.aladin.co.kr/product/7/19/cover500/8932420521_1.jpg, 김부식 지음, 을유문화사,2002
역사,(임금님도 모르는)경복궁 이야기,"궁궐 길라잡이(궁궐문화 해설사)로 활동하며 교직에 있는 일곱 명의 저자가 경복궁에 대한 모든 것을 다양한 관점으로 상세하게 다루고 있다. 궁궐에서 생활했던 왕이나 왕의 가족, 신하의 모습까지 엿볼 수 있으며, 경복궁으로 대표되는 조선 건축술의 이모저모를 통해 우리 전통 건축 양식의 특징과 곳곳에 담긴 조선 장인들의 정신을 느껴볼 수 있다.",https://image.aladin.co.kr/product/85/15/cover500/8959060429_1.jpg, 장대진 [외]지음, 인물과사상사,2006
역사,(교과서에 나오는)한국사 인물이야기,"단군부터 이승만까지 중.고등학교 교과서에서 뽑은 한국사의 중요한 인물 100여 명을 시대순으로 정리했다. 인물의 생애와 업적, 평가 부분으로 나누어 한 인물에 대해 심층적으로 다루었으며, 저자 윤희진의 발로 뛴 자료 조사로 최근의 연구 성과도 함께 담았다.",https://image.aladin.co.kr/product/69/3/cover500/8991221181_1.jpg, 윤희진 지음, 책과함께,2006
역사,"천 년 순정의 땅, 히말라야를 걷다",,https://image.aladin.co.kr/product/66/83/cover500/8995544813_1.jpg, 김홍성 지음, 세상의아침,2006
역사,위안부 리포트1. 1: 나는 고발한다,"'위안부' 문제에 대해 알고 싶었으나 적당한 책이 없어 망설이던 일반인들을 위한 책이다. 만화라는 매체를 활용, 진지한 내용조차 쉽게 읽히며 책을 덮고 나면 무겁게 가슴에 남는다. 단순히 피해 할머니들의 체험을 전달하고 폭로하는 것에 그치지 않고, 국제적인 사건 전반에 대한 종합적인 지식을 전달하고 있다.",https://image.aladin.co.kr/product/67/67/cover500/8990230772_1.jpg, 정경아 지음, 길찾기,2006
역사,세상에서 가장 재미있는 세계지도,"100여 가지 흥미로운 궁금증들을 세계지도를 통해 풀어놓은 책. 세계지도 속에 지구촌 곳곳의 지형, 지리, 기후 등과 다른 나라의 역사와 문화 등을 담아 여행이나 학업에도 도움을 줄 수 있도록 구성했다.",https://image.aladin.co.kr/product/50/78/cover500/8989675308_3.jpg, 재미있는지리학회 지음;박영난 옮김, 북스토리,2006
역사,한국 생활사 박물관3. 3: 고구려생활관,"시리즈 3번째 권으로 고구려의 생활사와 고구려인의 정신세계를 풍부한 컬러 도판과 함께 생생하게 전달한다. 책은 광개토대왕, 연개소문 등 중요인물을 내세우기 보다는 일반 백성의 삶을 중심으로 전쟁, 종교, 대외교류, 놀이와 여가, 가족 등 고구려의 다양한 모습들을 설명하고 있다. 이 외에도 고구려의 천문관, 주몽설화, 광개토대왕 등의 주제를 특화시켜, 고구려의 모습을 좀 더 깊이 있게 담아낸다.",https://image.aladin.co.kr/product/26/26/cover500/8971966831_2.jpg, 한국생활사박물관편찬위원회 지음, 사계절,2006
역사,한국 생활사 박물관10. 10: 조선생활관2,"17세기 말 숙종 때부터 18세기 영,정조 때까지, 조선 후기를 다룬다. 우리가 전통이라고 알고 있는 것이 대부분 형성된 이 시대가 어떤 역사적 흐름 위에서 시작되고 전개되었는지, 그리고 이 시대는 오늘 우리에게 무엇인지를 다양하게 조명한다.",https://image.aladin.co.kr/product/45/83/cover500/8971966890_2.jpg, 한국생활사박물관편찬위원회 지음, 사계절,2005
역사,(다시쓰는)한국현대사1. 1,"지금까지도 대학 새내기들의 필독서로 사랑받고 있는 역사서. 1권에서는 해방에서 한국전쟁까지를 담았으며, 2권에서는 60년대와 70년대의 어두웠던 역사적 현실을 돌아보며, 3권에서는 1980년부터 90년대 초까지 민중운동, 항쟁 등 민주화를 향한 일련의 투쟁과정을 조명하였다.",https://image.aladin.co.kr/product/3/49/cover500/8971990058_1.jpg, 박세길 지음, 돌베개,2006
역사,(다시쓰는)한국현대사3. 3,,https://image.aladin.co.kr/product/26/0/cover500/8971990015_1.jpg, 박세길 지음, 돌베개,2006
역사,대한민국史. 1: 단군에서 김두한까지,지은이는 구호 속의 '대한민국'이 아니라 진정한 대한민국으로 거듭나려면 '편향을 거부하는 눈'으로 역사를 읽어야 한다며 보수와 진보 어느 쪽으로도 기울지 않는 시각을 보여주고 있다.,https://image.aladin.co.kr/product/40/10/cover500/8984310859_2.jpg, 한홍구 지음, 한겨레출판,2008
역사,대한민국史. 3: 야스쿠니의 악몽에서 간첩의 추억까지,"1,2권을 통해 '소설보다 재미있는 역사, 영화보다 짜릿한 역사'를 선보였던 한홍구 교수가 이번에는 3권을 펴냈다. 친일과 친미, 변질로 얼룩진 한국 현대 정치사를 되짚어 본다.",https://image.aladin.co.kr/product/57/17/cover500/8984311537_1.jpg, 한홍구 지음, 한겨레출판,2008
역사,대한민국史. 3: 야스쿠니의 악몽에서 간첩의 추억까지,"1,2권을 통해 '소설보다 재미있는 역사, 영화보다 짜릿한 역사'를 선보였던 한홍구 교수가 이번에는 3권을 펴냈다. 친일과 친미, 변질로 얼룩진 한국 현대 정치사를 되짚어 본다.",https://image.aladin.co.kr/product/57/17/cover500/8984311537_1.jpg, 한홍구 지음, 한겨레출판,2008
역사,(다시쓰는)택리지4. 4: 복거총론-어디에서 살 것인가,변화된 환경과 역사의 두께에 걸맞는 인문지리서를 희구하며 우리나라의 강과 산을 밟아온 지은이가 를 텍스트로 삼아 덧붙여 나가며 다시 쓴 인문지리서. 총 5권으로 완간될 예정이다.,https://image.aladin.co.kr/product/52/54/cover500/8958620188_1.jpg, 신정일 지음, 휴머니스트,2006
역사,(교과서 속)국보 따라잡기,학교 수업 내용에서는 다 배울 수 없었던 풍성한 우리 문화 유산을 살펴볼 수 있는 역사책. 교과서에 담지 못했던 역사 뒤편의 이야기들이 흥미롭게 전개된다. 현장에 대한 설명과 다양한 사진을 비롯해 직접 찾아가는 방법 등을 소개하고 있어 답사기로도 유용하다.,https://image.aladin.co.kr/product/85/6/cover500/8991215483_1.jpg, 박상래 지음, 이치,2006
역사,(교과서 속)국보 따라잡기,학교 수업 내용에서는 다 배울 수 없었던 풍성한 우리 문화 유산을 살펴볼 수 있는 역사책. 교과서에 담지 못했던 역사 뒤편의 이야기들이 흥미롭게 전개된다. 현장에 대한 설명과 다양한 사진을 비롯해 직접 찾아가는 방법 등을 소개하고 있어 답사기로도 유용하다.,https://image.aladin.co.kr/product/85/6/cover500/8991215483_1.jpg, 박상래 지음, 이치,2006
역사,조선 선비 살해 사건1. 1,대중 역사서 분야의 최고 작가 이덕일이 조선 역사상 가장 많은 선비들을 죽음으로 내몰았던 4대 사화를 둘러싼 흥미진진한 역사 드라마를 펼쳐보인다. 정사와 야사를 넘나드는 특유의 맛깔스런 글쓰기를 통해 4대 사화를 둘러싼 훈구파와 사림파의 대립과 반복을 손에 땀이 날만큼 생동감있게 드러냈다.,https://image.aladin.co.kr/product/66/39/cover500/8991147674_2.jpg, 이덕일 지음, 다산초당,2006
역사,설민석의 조선왕조실록,27명의 조선의 왕들을 한 권으로 불러 모아 핵심적인 주요 사건들을 풀어쓴 책이다. 설민석 특유의 흡입력 있는 간결함과 재치 있는 말투를 구어체 그대로 책에다 담았다. 또한 실록에 등장하는 왕의 목소리를 현대어로 풀어써 당시의 정책과 주요 사건들이 일어난 배경을 명확히 이해하는 데 도움이 된다.,https://image.aladin.co.kr/product/8749/45/cover500/8933870695_3.jpg, 설민석 지음, 세계사,2016
역사,설민석의 조선왕조실록,27명의 조선의 왕들을 한 권으로 불러 모아 핵심적인 주요 사건들을 풀어쓴 책이다. 설민석 특유의 흡입력 있는 간결함과 재치 있는 말투를 구어체 그대로 책에다 담았다. 또한 실록에 등장하는 왕의 목소리를 현대어로 풀어써 당시의 정책과 주요 사건들이 일어난 배경을 명확히 이해하는 데 도움이 된다.,https://image.aladin.co.kr/product/8749/45/cover500/8933870695_3.jpg, 설민석 지음, 세계사,2016
역사,조선왕조실톡. 3: 조선백성실톡,조선시대 사람들도 지금처럼 직장에 출퇴근하며 직장 내 인간관계로 고민했을까? 무엇을 입고 무엇을 먹었으며 학교에 가서는 무엇을 배웠을까? 조선사를 연대순으로 재구성한 역사교양만화 <조선왕조실톡> 3권은 <조선왕조실록> 곳곳에서 숨 쉬고 있는 조선 백성들의 일상생활에 대한 이야기들이다.,https://image.aladin.co.kr/product/8155/28/cover500/s702636621_1.jpg, 무적핑크 지음;이한 해설, 이마,2016
역사,조선왕조실톡. 4: 뿔뿔이 흩어진 조선 패밀리,"<조선왕조실톡>은 조선사를 연대순으로 재구성한 역사교양만화 시리즈로, 조선왕조를 구성한 왕들을 총 9개의 패밀리로 나누고, 각 패밀리마다 역사 속 특징과 어울리는 캐릭터를 부여하였다. 4권은 2권에서 다룬 사화 패밀리과 왜란 패밀리에 이어정묘호란과 병자호란을 거친 호란 패밀리가 주인공이다.",https://image.aladin.co.kr/product/8718/47/cover500/k342535480_2.jpg, 무적핑크 지음;이한 해설, 이마,2016
역사,(2024) 에듀윌 한국사능력검정시험,"한국사능력검정시험 회차별 기출문제 10회분 및 선사 시대부터 현대까지 시대별 기출문제 4회분을 제공하는 수험서다. 실제 시험지와 동일한 형태의 기출문제로 실전 감각을 향상시키고 최신 기출트렌드를 파악할 수 있다. 분석리포트로 시대별 출제비중, 핵심키워드, 전근대 분야별 출제비중을 파악할 수 있다.",https://image.aladin.co.kr/product/32955/70/cover500/k022936240_1.jpg, 에듀윌한국사교육연구소 지음, 에듀윌,2023
역사,벌거벗은 한국사. [1]: 영웅편,tvN STORY 간판 프로그램 〈벌거벗은 한국사〉에서 가장 사랑받은 영웅들의 이야기를 모은『벌거벗은 한국사: 영웅편』이 우리 곁을 찾아왔다. 회차를 거듭할수록 역사 강의 중 가장 생생하고 흥미롭다는 찬사를 받는 〈벌거벗은 한국사〉는 대한민국 대표 역사 커뮤니케이터 최태성이 안내하는 한국사 스토리텔링쇼로 입지를 굳혔다.,https://image.aladin.co.kr/product/32969/39/cover500/k182936352_1.jpg, tvN Story <벌거벗은 한국사> 제작진 지음, 프런트페이지(Frontpage),2023
역사,세상 모든 것의 기원,"우리가 일상에서 접하고 누리는 사물, 문화의 기원과 내력을 발굴 현장의 최전선을 누벼온 고고학자의 시선에서 쉽고 흥미롭게 전달한다. 술과 음식과 같은 의식주에서부터 놀이와 여행 등 유희의 역사, 황금과 실크 등 진귀한 물건들을 탐하고 영생을 꿈꿨던 인간의 욕망에 이르기까지 ‘기원’에 대한 다양한 갈래의 이야기들이 담겨 있다.",https://image.aladin.co.kr/product/32542/5/cover500/8965965977_1.jpg, 강인욱 지음, 흐름,2023
역사,"함께 웃고, 배우고, 사랑하고","울창한 나무로 가득한 산이든 푸른 물결이 넘실거리는 바다든, 누구에게나 한 번쯤 꼭 가보고 싶은 ‘꿈속 여행지’가 존재한다. 저자에게는 ‘스페인’이 그런 곳이었다. 이 책은 1999년 가을, 스페인 마드리드에서 바르셀로나를 거쳐 프랑스 파리로 향한 네 자매의 여정을 담고 있다.",https://image.aladin.co.kr/product/32940/45/cover500/k692936045_1.jpg, 강인숙 지음, 열림원,2023
역사,(교과서 속)국보 따라잡기,학교 수업 내용에서는 다 배울 수 없었던 풍성한 우리 문화 유산을 살펴볼 수 있는 역사책. 교과서에 담지 못했던 역사 뒤편의 이야기들이 흥미롭게 전개된다. 현장에 대한 설명과 다양한 사진을 비롯해 직접 찾아가는 방법 등을 소개하고 있어 답사기로도 유용하다.,https://image.aladin.co.kr/product/85/6/cover500/8991215483_1.jpg, 박상래 지음, 이치,2006
역사,전두환과 80년대 민주화운동,1980년대 한국 민주화운동의 전개 과정을 살펴보고 있다. 물론 1980년대를 지배한 전두환 정권의 정치·경제·사회도 아울러 서술함으로써 20세기 끝자락의 한국사회를 들여다본다.,https://image.aladin.co.kr/product/1165/7/cover500/8976963245_1.jpg, 정해구 지음, 역사비평사,2011
역사,리얼 오사카: 2024~2025년 최신판,"오사카 일등 가이드북, 〈리얼 오사카〉가 새 얼굴, 새 정보로 찾아왔다. 한국 최대 일본 여행 커뮤니티 ‘네일동’에서 약 20년간 활동해 온 스태프와, 다년간 오사카에 거주하며 현지인보다 오사카에 빠삭한 두 작가가 뭉쳐 오사카 여행의 모든 것을 소개한다.",https://image.aladin.co.kr/product/33042/66/cover500/k212937799_1.jpg," 황성민,;정현미 지음;이예연 지도·일러스트", 한빛라이프,2024
역사,"컬처, 문화로 쓴 세계사","하버드대 마틴 푸크너의 인류 문화 오디세이. 모든 영웅의 원형을 만든 호메로스 서사시에서 한강과 마거릿 애트우드가 함께할 2114년 미래의 도서관까지, 인류 문화의 15가지 이야기를 통해 인간이 어떻게 세계사의 결정적 장면들을 만들었는지 보여준다.",https://image.aladin.co.kr/product/33345/79/cover500/k222938801_1.jpg, 마틴 푸크너 지음;허진 옮김, 어크로스,2024
역사,난중일기,,https://image.aladin.co.kr/product/33083/70/cover500/k422937609_2.jpg, 이순신 지음;김문정 옮김, 더스토리,2023
역사,(셀프트래블)이탈리아,"‘믿고 보는 해외여행 가이드북’이라는 새로운 캐치프레이즈와 함께 이탈리아 문화, 예술에 관한 깊이 있는 정보를 더하고 돌로미테 등 새로운 지역을 추가해 44p를 업그레이드했다. 지역별로 관광명소, 식당, 숙소 등을 상세하게 소개한다.",https://image.aladin.co.kr/product/33209/72/cover500/k632937058_1.jpg, 송윤경 지음, 상상,2024
역사,흉노와 훈,흉노/훈은 서양에서는 ‘야만인’ 동양에서는 ‘오랑캐’로 일컬어졌다. 세계사에서 이들의 위치는 고대 후기 로마 제국과 중세 초기 게르만 민족의 역사에 덧붙은 각주에 불과할 따름이다. 저자는 이러한 학계 시각의 불균형을 해소하고 통념에 정면으로 도전해 흉노/훈 제국의 위상을 바로잡고자 이 책을 썼다.,https://image.aladin.co.kr/product/33558/7/cover500/k782939780_1.jpg, 김현진 지음;최하늘 옮김, 책과함께,2024
역사,"지금은, 일본 소도시 여행","작가가 10여 년간 여행한 경험을 바탕으로 가장 매력적인 소도시 45개를 엄선하여 소개한다. 여행을 떠나기 전, 꼭 알아야 할 각 소도시의 음식 이야기는 물론, 관광지와 맛집, 체험지까지 소개한다. 이외에도 현지 교통과 여행 코스를 상세히 소개해 더 편리한 여행이 가능하다.",https://image.aladin.co.kr/product/33525/78/cover500/k262939374_2.jpg, 두경아 지음, 길벗,2024
역사,디스 이즈 싱가포르,<디스 이즈 싱가포르>가 2024~2025년 최신판을 출간했다. 네이버 싱가포르 여행 카페 운영진으로 활약하며 싱가포르를 수없이 드나든 작가가 고르고 고른 핵심 정보들로 꽉 채운 싱가포르 가이드북의 결정판이다.,https://image.aladin.co.kr/product/33761/80/cover500/k882930068_1.jpg, 이광훈 지음, Terra,2024
역사,(큰별쌤 최태성의 별★별 한국사)시대별 기출문제 한국사능력검정시험심화(1.2.3급),"한국사능력검정시험 심화를 대비할 수 있는 기출문제집이다. 큰별쌤이 엄선한 기출문제 738문항을 시대순, 주제별로 구성하였고, 기출 선택지를 자연스럽게 익힐 수 있도록 기출 선택지만 따로 모아 문제를 만들었다.",https://shopping-phinf.pstatic.net/main_4478350/44783503623.20231221092313.jpg, 최태성, 이투스북,2023
역사,(큰별쌤 최태성의 별★별 한국사)시대별 기출문제 한국사능력검정시험심화(1.2.3급),"한국사능력검정시험 심화를 대비할 수 있는 기출문제집이다. 큰별쌤이 엄선한 기출문제 738문항을 시대순, 주제별로 구성하였고, 기출 선택지를 자연스럽게 익힐 수 있도록 기출 선택지만 따로 모아 문제를 만들었다.",https://shopping-phinf.pstatic.net/main_4478350/44783503623.20231221092313.jpg, 최태성, 이투스북,2023
역사,(큰별쌤 최태성의 별★별 한국사)기출500제:한국사능력검정시험심화(1.2.3급),"2023년 68회 시험부터 2022년 59회 시험까지 최신 기출문제 10회분, 총 500문항으로 구성되었다. '기출 BOOK'은 실제 시험지를 그대로 구현하여 실전과 같은 문제풀이가 가능하며, '해설 BOOK'은 모든 선택지의 자세한 해설뿐만 아니라 기출 선택지와 핵심 내용도 수록하였다.",https://shopping-phinf.pstatic.net/main_4521465/45214653630.20240114070833.jpg, 최태성, 이투스북,2024
역사,(큰별쌤 최태성의 별★별 한국사)기출500제:한국사능력검정시험심화(1.2.3급),"2023년 68회 시험부터 2022년 59회 시험까지 최신 기출문제 10회분, 총 500문항으로 구성되었다. '기출 BOOK'은 실제 시험지를 그대로 구현하여 실전과 같은 문제풀이가 가능하며, '해설 BOOK'은 모든 선택지의 자세한 해설뿐만 아니라 기출 선택지와 핵심 내용도 수록하였다.",https://shopping-phinf.pstatic.net/main_4521465/45214653630.20240114070833.jpg, 최태성, 이투스북,2024
역사,5천년 역사가 단숨에 이해되는 최소한의 한국사,"한국사 교과서 저자이자 누적 수강생 700만 명에 이르는 한국사 1등 강사 최태성이 고조선이 건국된 기원전 2333년부터 6·15 남북공동선언이 발표된 2000년까지, 반만년 역사를 쉽고 재미있고 명쾌하게 설명한 한국사 책이다.",https://image.aladin.co.kr/product/33226/96/cover500/k932937158_1.jpg, 최태성 지음, 프런트페이지,2023
역사,기묘한 밤,"유튜브 구독자 75만 명, 채널 누적 조회 수 2억 5천만 뷰를 자랑하는 대한민국 1등 미스터리 채널 기묘한 밤의 인기 영상이 한 권의 책으로 탄생했다. 고대 이집트 이전의 초고대 문명부터 오늘날까지 이어져 오는 역사 속 미스터리를 엄선하여 담았다.",https://shopping-phinf.pstatic.net/main_4997378/49973785634.20240827090630.jpg, 기묘한 밤 지음, 교보문고,2024
역사,지도로 읽는다 세계사 명장면 97 지식도감,사람 중심의 역사가 아니라 땅 중심의 역사를 보여준다. 세상을 바꾼 세계사 명장면 97가지를 올컬러 그래픽지도 위에다 생생하게 재현한다. 지도를 통해 크게는 대륙과 해양을 중심으로 움직이는 세력의 판도와 국경의 변화를 알 수 있고 세계사의 큰 흐름을 한눈에 파악할 수 있다.,https://shopping-phinf.pstatic.net/main_4986824/49868247624.20240820091407.jpg, 역사미스터리클럽 지음;안혜은 옮김, 이다미디어,2024
역사,(진실을 쫓는 역사 독립군 배기성의)불편한 한국사,"고대사, 고려사, 조선사까지 폭넓은 우리 역사의 실제 기록을 토대로, 대중적으로 많이 알려진 혹은 (그렇지 않더라도) 역사적 의미가 큰 사건과 인물을 엄선해 《불편한 한국사》에서 그 숨은 진실을 추적한다.",https://shopping-phinf.pstatic.net/main_4985701/49857016618.20240820091405.jpg, 배기성 지음, 블랙피쉬,2024
역사,이순신의 바다,"1억뷰 조회수를 기록한 황현필의 대표강의 임진왜란과 이순신에 대한 이야기. 이순신을 힘들게 했던 임금 선조와 빌런의 대명사 원균. 그리고 류성룡과 윤두수, 이원익, 그리고 권율과 곽재우 등 7년의 전쟁 중 얽히고설킨 이야기를 통해 당시의 인간상을 들여다볼 수 있다.",https://shopping-phinf.pstatic.net/main_3249181/32491817793.20230913071325.jpg, 황현필 지음;권동현 일러스트, 역바연,2021
역사,"패신저, 파리","여행을 갈망하고 여러 나라의 문화에 호기심이 많은 독자를 위한, 새로운 개념의 여행서 <패신저>가 출간되었다. 관광 명소나 유명 음식점 등을 알려주는 안내서가 아닌, 그 도시의 진짜 모습, 그곳에서 살아가는 사람들의 이야기를 다양한 형식의 글로 생생하게 담은 문화 북커진(북+매거진)이다.",https://shopping-phinf.pstatic.net/main_4981596/49815960639.20240820091414.jpg, 패신저 편집팀 지음;박재연 옮김, Pensel,2024
역사,사피엔스. Vol. 2: 문명의 기둥,《사피엔스: 그래픽 히스토리》 2탄 ‘문명의 기둥’ 편이 출간되었다. 이번에는 원작에서도 가장 논쟁적인 부분인 ‘2부 농업혁명’을 다룬다. 과연 농업혁명의 이면과 문명 건설의 토대에는 어떤 비밀이 숨어 있을까?,https://shopping-phinf.pstatic.net/main_3247335/32473350645.20230920071644.jpg, 유발 하라리 원작;다비드 반데르묄렝 각색;다니엘 카사나브 그림;김명주 옮김, 김영사,2021
역사,(큰별쌤 최태성의 별★별 한국사)시대별 기출문제 한국사능력검정시험심화(1.2.3급),"한국사능력검정시험 심화를 대비할 수 있는 기출문제집이다. 큰별쌤이 엄선한 기출문제 738문항을 시대순, 주제별로 구성하였고, 기출 선택지를 자연스럽게 익힐 수 있도록 기출 선택지만 따로 모아 문제를 만들었다.",https://shopping-phinf.pstatic.net/main_4478350/44783503623.20231221092313.jpg, 최태성, 이투스북,2023
역사,"국제 분쟁으로 보다, 세계사",세계사를 이해하는 또 다른 방법으로서 현대에 발생하여 오늘날까지 세계에 영향을 주고 있는 13가지 주요 국제 분쟁들을 다룬다. 본격적인 분쟁 발생에 영향을 준 역사적 연원들을 차근차근 되짚어보며 관련 세계사를 이해할 수 있도록 했다.,https://shopping-phinf.pstatic.net/main_4868498/48684989631.20240626093048.jpg, 송영심 글, 풀빛,2024
역사,매너의 역사,"우리는 왜 지금 매너를 이야기하는가? 에드먼드 버크의 말처럼 매너는 마치 공기 같아서 그것이 부족해지기 전까지는 굳이 말로 꺼낼 필요가 없었을 뿐이다. 매너에 대한 사회적 갈증에 화답하듯 설혜심 교수는 에티켓북과 처세서, 행동지침서, 편지, 매뉴얼북 등 고대부터 20세기까지 생산된 100여 종의 굵직굵직한 예법서를 치밀하게 분석해 매너의 역사를 일별한다.",https://shopping-phinf.pstatic.net/main_5077667/50776672622.20241012072715.jpg, 설혜심 지음, 휴머니스트,2024
역사,실크로드,"동서양 교역의 상징, 실크로드에 담긴 수천 년의 무궁한 역사를 단순화하고 압축하여 단숨에, 한눈에 담을 수 있도록 구성했다. 실크로드 형성 과정부터, 실크로드 교역의 주역은 누구였는지, 실크로드를 따라 흘러간 문물은 어디에 어떤 영향을 미쳤는지 등 흥미로운 에피소드들을 읽어 가다 보면, ‘왜 실크로드를 제쳐놓고 문명사를 설명할 수 없는지’를 깨닫게 될 것이다.",https://shopping-phinf.pstatic.net/main_4747667/47476675622.20240508071036.jpg, 황동하 글;나수은 그림, 그림씨,2024
역사,10시간 만에 배우는 세계사,세계사를 파악하는데 필요한 요소를 20장으로 간추렸다. 한 장을 읽는데 30분 정도 걸리니 총 10시간이면 세계사를 개략적으로 파악할 수 있다. 각 장의 첫 부분에는 그 장에서 다룰 전체상이 그려지도록 지도를 넣었다. 그 지도를 잘 보고 나서 이어진 내용을 읽으면 세계사의 흐름과 맥락을 쉽고 빠르게 파악할 수 있다.,https://shopping-phinf.pstatic.net/main_3380428/33804287621.20230927071438.jpg, 미야자키 마사카츠 지음;박현지 옮김, 탐나는책,2022
역사,일본 주말 여행,"《일본 스토리 여행》, 《일본 온천 료칸 여행》에 이은 여행작가 이형준의 세 번째 일본 여행서로 많은 사랑을 받았던 《일본 주말 여행》이 10년 만에 개정판으로 돌아왔다. 대도시 위주 여행에서 소도시로 관심이 확장된 요즘, 보석 같은 코스를 담은 반가운 책이다.",https://shopping-phinf.pstatic.net/main_4841544/48415448621.20240615074158.jpg, 이형준 지음, 즐거운상상,2024
역사,21세기 택리지,"조선 시대의 대표적 인문지리서 『택리지』의 묘사에서 출발해 오늘날의 모습에 이르기까지, 우리나라 각 지역의 다채로운 특색을 지리·경제·문화·역사적 맥락 안에서 풀어 설명하는 책이다.",https://shopping-phinf.pstatic.net/main_5354308/53543080755.20250315082441.jpg, 권재원 지음, 북트리거,2025
역사,(10대라면 반드시 알아야 할)세계 근현대사,"1701년부터 2000년대 초반까지, 세계사에서 근대와 현대에 해당하는 역사적 사건을 다루고 있다. 명예혁명부터 산업혁명, 프랑스 혁명, 미국독립전쟁, 나폴레옹 시대, 프랑스 공화정, 라틴아메리카의 독립운동, 공산당 선언, 제국주의, 민족운동, 세계대전, 공산주의, 세계 경제대공황, 일본 군국주의, 냉전시대 등을 거쳐 9·11 테러까지, 10대는 물론, 우리가 반드시 알아야 할 세계 근현대사의 원인과 결과를 일목요연하게 정리했다.",https://shopping-phinf.pstatic.net/main_5335407/53354074969.20250305092037.jpg, 홍수지 지음, 팬덤북스,2025
역사,선명한 세계사. 1: 경이와 혼돈의 시대,"근현대사 속 가장 중요한 200장면을 선명한 사진과 생생한 스토리텔링으로 구성해 극찬을 받았던 베스트셀러 『역사의 색』. 2025년, 상식적인 미래를 꿈꾸며 역사가 제시하는 올바른 방향을 탐구하고자 하는 한국 독자들을 위해 새로운 이름 ‘선명한 세계사’로 다시 한번 출간되었다.",https://shopping-phinf.pstatic.net/main_5350791/53507919041.20250313154512.jpg," 댄 존스,마리나 아마랄 지음;김지혜 옮김", 윌북,2025
역사,"다시, 역사의 쓸모","5년 연속 역사 베스트셀러, 국립어린이청소년도서관 ‘청소년추천도서’, 경남·청주·양주 등 전국 지자체 ‘올해의 책’ 등 대한민국에 쓸모 열풍을 불러일으켰던 《역사의 쓸모》가 새로운 이야기로 돌아왔다.",https://shopping-phinf.pstatic.net/main_4920858/49208589629.20240719071005.jpg, 최태성 지음, 프런트페이지,2024
역사,(리얼)홍콩,"하늘 높이 솟은 셩완과 센트럴 지역의 마천루 숲, 화려한 도심을 누비는 이층버스와 트램, 빅토리아 항구의 매력적인 페리, 세계 최고로 손꼽히는 도시 야경, 이것저것 없는 것이 없는 야시장과 쇼핑 거리, 세계의 미식가들이 주목하는 수많은 맛집까지. 무한 매력으로 무장한 홍콩을 제대로 소개하기 위해 『리얼 홍콩』이 최신판으로 돌아왔다.",https://shopping-phinf.pstatic.net/main_4870389/48703897626.20240627091048.jpg," 임요희,정의진 지음", 한빛라이프,2024
역사,(리얼)후쿠오카,"최신 정보를 가장 정확하게 보여주는 《리얼 후쿠오카》가 2024 개정판으로 돌아왔다. 시시각각 변하는 정보의 홍수 속에서 여행자들에게 꼭 필요한 정보만 담아 한 권의 책으로 만들어 낸 이번 개정판에서는 지역별, 테마별로 24쪽 분량의 최신 정보를 추가하여 여행 선택지를 넓혀주었다.",https://shopping-phinf.pstatic.net/main_4934038/49340381621.20240725071114.jpg, 원경혜 지음, 한빛라이프,2024
역사,(지리로 다시 읽는)자본주의 세계사,전작 《기후로 다시 읽는 세계사》에서 지리학자 특유의 시선으로 기후위기 시대를 살아가는 우리에게 혜안을 제공한 저자 이동민 교수가 이번에는 《지리로 다시 읽는 자본주의 세계사》에서 역시 ‘지리 문해력’을 바탕으로 자본주의 역사를 새롭게 살핀다.,https://shopping-phinf.pstatic.net/main_5208086/52080862619.20241224084523.jpg, 이동민 지음, 갈매나무,2025
역사,"우연히, 웨스 앤더슨 : 어드벤처","흥미진진하고 비밀스러운 장소들로 꽉꽉 채워진 한 편의 모험기다. 분홍빛 타일이 깔린 런던 가정집의 현관에서부터 서울의 별마당 도서관, 북극의 ‘최후의 날’ 종자 저장고에 이르기까지, 어떤 여행 안내서에서도 본 적 없는 특별한 모험지 200여 곳의 아름다운 사진과 그에 얽힌 흥미로운 스토리텔링이 파노라마처럼 펼쳐진다.",https://shopping-phinf.pstatic.net/main_5252310/52523108259.20250121081532.jpg," 월리 코발,어맨다 코발 지음;김희진 옮김", 웅진지식하우스,2025
역사,안목,우리나라 문화유산 중에서 특별히 38편을 선정하여 이를 인문적으로 풀어낸 것으로 저자가 말한 치유와 힐링의 관점에서 서술하였다. 책의 내용은 3부로 구성되어 있다.,https://shopping-phinf.pstatic.net/main_5232770/52327705619.20250108102140.jpg, 김종수 지음, 시간여행,2025
역사,(큰별쌤 최태성의 별★별 한국사)7일의 기적. 1: 심화(1·2·3급),"7일 만에 한능검 합격 점수를 획득할 수 있도록 시험에 꼭 나오는 핵심 내용만을 압축하여 담았다. 20년 넘게 판서를 연구해 온 판서의 장인 큰별쌤이 핵심만을 모아 만들어 낸 10개의 아트 판서를 수록하였고, 시험에 자주 나오는 기출 자료와 대표 기출문제를 선별하여 수록하였다.",https://dls2.edunet.net/DLS/api/homepage/holding/getCoverImage.do?prov_code=E10&neis_code=E100000276&bib_key=34206379467, 최태성 지음, 이투스북,2025
역사,상식,"사상가 도올의 의식 속에서 살펴보는 한 달여의 긴박한 윤석열 쿠데타의 진행과 이를 저지시키는 상식으로 무장된 국민의 정의로운 행동들이 고스란히 들어있다. 그리고 우리의 이 상식은 어디에서 왔는지, 과거 우리는 어떠했는지, 우리역사를 일관하는 상식의 심층구조를 자세하게 깨우쳐 주는 이야기가 새로운 정보와 관점으로 웅혼하게 설명된다.",https://dls2.edunet.net/DLS/api/homepage/holding/getCoverImage.do?prov_code=E10&neis_code=E100000276&bib_key=34206546178, 도올 김용옥 지음, 통나무,2025
역사,최태성의 365 한국사 일력,"일상에서 역사를 만나는 가장 쉬운 방법 《최태성의 365 한국사 일력》. 누적 수강생 600만이 선택한 대표 한국사 강사 최태성이 과거 오늘과 관련된 역사적 인물, 사건, 문화재 366개를 뽑아 한국사 일력에 담았다.",https://dls2.edunet.net/DLS/api/homepage/holding/getCoverImage.do?prov_code=E10&neis_code=E100000276&bib_key=34206623411, 최태성 지음, 프런트페이지,2025
역사,(신병주 교수의)인물 따라 공간 따라 역사 문화 산책,"우리가 무심코 지나가는 길 곳곳에 역사적 사건이 담겨 있다. 그 역사적 배경을 알고 나면 그 길은 더 이상 그저 그렇고 그런 곳이 아니다. 그때의 인물, 그때의 사건, 그때의 공간이 연결되면서 생생한 역사적 장면과 마주치는 놀라운 경험을 하게 된다. 과거와의 만남도 새로운 세상과의 만남이다.",https://dls2.edunet.net/DLS/api/homepage/holding/getCoverImage.do?prov_code=E10&neis_code=E100000276&bib_key=34206766686, 신병주 지음, 매일경제신문사(매경출판),2025
역사,(1일 1단어 1분으로 끝내는)지리공부,"지리를 이해하기 위한 필수 핵심 단어 100개를 선별해 지형, 기후, 문화, 인구, 도시, 정치, 경제, 재해, 환경, 지도의 10개 장으로 나눠 소개한다. 지리적 안목을 키우면 복잡하게 얽히고설킨 세계를 이해하는 데에도 중요한 도구로 활용할 수 있다.",https://dls2.edunet.net/DLS/api/homepage/holding/getCoverImage.do?prov_code=E10&neis_code=E100000276&bib_key=34206807587, 이윤지 지음, 글담,2025
역사,제국의 어린이들,일제 강점기 조선 지역에 살게 된 일본인 어린이들의 세계와 토박이 조선 어린이들의 세계를 함께 선보인다. 독자들은 자연스럽게 대조되는 이 두 세계를 바라보면서 어린이가 출신 사회와 배경의 차이에 따라 어떻게 다른 세계관을 학습하게 되는지 확인할 수 있다.,https://shopping-phinf.pstatic.net/main_5616451/56164518044.20250814071457.jpg, 이영은 지음, 을유문화사,2025
역사,5천년 역사가 단숨에 이해되는 최소한의 한국사,"한국사 교과서 저자이자 누적 수강생 700만 명에 이르는 한국사 1등 강사 최태성이 고조선이 건국된 기원전 2333년부터 6·15 남북공동선언이 발표된 2000년까지, 반만년 역사를 쉽고 재미있고 명쾌하게 설명한 한국사 책이다.",https://image.aladin.co.kr/product/33226/96/cover500/k932937158_1.jpg, 최태성 지음, 프런트페이지,2023
역사,(프렌즈)상하이,"초고층 빌딩들이 선사하는 화려한 야경과 강변을 따라 늘어선 유럽식 건축물들, 올드 시티와 현대가 공존하여 가는 곳마다 색다른 분위기가 펼쳐지는 도시, 상하이. 상하이 랜드마크는 물론, 다양한 먹거리와 핫한 쇼핑 명소, 여독을 풀어줄 마사지와 나이트라이프까지 상하이의 다채로운 매력을 한 권에 알차게 담았다.",https://shopping-phinf.pstatic.net/main_5550062/55500620155.20250628091833.jpg, 서진연 지음, 중앙books(중앙일보에스),2025
역사,서경석의 한국사 한 권,"재치 있는 입담과 명석한 두뇌, 친근하고 선한 행보로 30년 가까이 많은 이들의 사랑을 받아온 방송인 서경석이 이제는 ‘한국사 이야기꾼’으로서 독자들에게 첫인사를 건넨다. 선사 시대부터 현대에 이르기까지 길고 방대한 한국사 가운데, 한국인이라면 꼭 알아야 하는 주요 사건을 엄선하였다.",https://shopping-phinf.pstatic.net/main_5578441/55784412070.20250715075915.jpg, 서경석 지음, 창비교육,2025
역사,길에서 역사를 만나다,"2025년 광복 80주년을 앞두고 일본 전국에 흩어져 있는 조선인 강제동원 현장을 찾아 직접 사진을 찍고 글로 기록한 책이다. 일본 규슈, 시코쿠, 혼슈, 홋카이도의 탄광과 댐, 철도 등 일제강점기 조선인의 노동력으로 건설된 각종 시설과 희생자 위령비 40여 곳에 대한 해설과 사진을 담고 있다.",https://shopping-phinf.pstatic.net/main_5130085/51300851622.20250731071013.jpg, 우동윤 지음, 학이사(이상사),2024
역사,벌거벗은 한국사. [3]: 고려편,지식과 재미 두 마리 토끼를 잡은 교양 예능 프로그램 tvN STORY 〈벌거벗은 한국사〉에서 소개한 이야기 중 반드시 알아야 할 결정적 장면들을 엄선한 『벌거벗은 한국사』 시리즈. 대한민국 대표 한국사 시리즈 『벌거벗은 한국사』가 시대편 두 번째 이야기로 우리 곁을 찾아왔다.,https://shopping-phinf.pstatic.net/main_4788204/47882049623.20240523071017.jpg, tvN Story <벌거벗은 한국사> 제작진 지음, 프런트페이지(Frontpage),2024
역사,벌거벗은 한국사. [7]: 근현대편,"대한민국 근현대사는 일본의 침략과 강점, 국내외에서 일어난 독립운동, 해방 그리고 분단까지 격변의 연속이었다. 『벌거벗은 한국사: 근현대편』은 이 격동의 풍파 속에서도 꿈을 향해 자신의 모든 것을 건 이들에게 주목한다.",https://shopping-phinf.pstatic.net/main_4838263/48382636631.20240613092325.jpg, tvN Story <벌거벗은 한국사> 제작팀 지음, 프런트페이지(Frontpage),2024
역사,나트랑·달랏 여행의 모든 것,"누구에게나 한 번쯤 마음을 설레게 한 여행지가 있다. 어떤 풍경은 낯선 순간을 영원한 기억으로 바꾸고, 어떤 도시는 조용히 마음에 들어와 자리를 잡는다. 이 책은 그런 두 도시, 베트남 중남부의 대표 여행지 나트랑과 달랏을 진심을 담아 소개한다.",https://shopping-phinf.pstatic.net/main_5592191/55921911893.20250724092130.jpg, 손연주 지음, 시원북스,2025
역사,(프렌즈)베트남,"동양의 나폴리로 불리는 냐짱(나트랑), 도시 속 휴식처 다낭, 최근 주목받고 있는 고산지대 달랏, 그리고 세계적인 여행지로 급부상한 푸꾸옥까지. 베트남 전역 26개 도시의 여행 정보를 한 권에 담은 『프렌즈 베트남 25~26』이 최신 개정판으로 출간되었다.",https://shopping-phinf.pstatic.net/main_5441487/54414871700.20250627081428.jpg, 안진헌 지음, 중앙books(중앙일보에스),2025
역사,유럽 축구 여행,"유럽 축구 리그와 구단별 정보를 담은 ‘축덕’을 위한 유럽 축구 여행 가이드북. 영국 잉글랜드, 스페인, 독일, 이탈리아 등 유럽 축구의 심장이라 할 수 있는 대표 리그들을 비롯해 프랑스, 덴마크, 세르비아, 벨기에, 네덜란드 등 주변 유럽 국가들의 축구 리그까지 총망라했다.",https://shopping-phinf.pstatic.net/main_5698831/56988315918.20250930094218.jpg, 정꽃보라;정꽃나래 [공] 지음, 중앙북스,2025
역사,(지도로 읽는다)기상천외 세계지도 지식도감,학교에서 가르쳐주지 않는 역사적 사실과 지리적 현상에 대한 궁금증을 시원하게 풀어준다. 지구상에서 벌어지는 인간과 땅의 얽히고설킨 다양한 이야기의 실체가 서서히 드러난다. 지정학적 요인으로 인한 약소국의 비애와 미국과 중국이 충돌하는 이유도 이해할 수 있다. 그리고 땅과 기후의 놀라운 현상과 비밀을 통해 지구는 여전히 살아있는 생명체임을 실감하게 될 것이다.,https://shopping-phinf.pstatic.net/main_5665703/56657032048.20250911093546.jpg, 롬 인터내셔널 지음;정미영 옮김, 이다미디어,2025
역사,인조이 남미,"우리나라 여행자들이 가장 많이 찾는 페루, 볼리비아, 칠레, 아르헨티나, 브라질(남부) 5개국을 다룬다. 인구가 적고 개발이 많이 되지 않아 깨끗한 자연이 잘 보존된 남미는 아마존의 정글부터 사막, 고산, 숲과 호수, 눈 덮인 화산, 빙하 등의 다양한 풍경을 만날 수 있다.",https://shopping-phinf.pstatic.net/main_4619779/46197796620.20240306154315.jpg, 박재영 지음, 넥서스BOOKS,2024
역사,벌거벗은 한국사. [7]: 근현대편,"대한민국 근현대사는 일본의 침략과 강점, 국내외에서 일어난 독립운동, 해방 그리고 분단까지 격변의 연속이었다. 『벌거벗은 한국사: 근현대편』은 이 격동의 풍파 속에서도 꿈을 향해 자신의 모든 것을 건 이들에게 주목한다.",https://shopping-phinf.pstatic.net/main_4838263/48382636631.20240613092325.jpg, tvN Story <벌거벗은 한국사> 제작팀 지음, 프런트페이지(Frontpage),2024
역사,글을 쓰면서 생각한 것들,"《태도에 관하여》 임경선 작가의 첫 ‘글쓰기’ 에세이. 이 책은 작법서가 아니다. 누구나 쓸 수 있다고 다소 무책임하게 응원하는 책도 아니다. 이 책은 특유의 냉철한 시선과 솔직한 언어로 글쓰기를 둘러싼 환상을 걷어내고, 그 이면의 진실을 드러낸다.",https://shopping-phinf.pstatic.net/main_5842193/58421936060.20260331105811.jpg, 임경선 지음, 토스트,2026
역사,세계사를 바꾼 열두 번의 대전환,"오늘의 세계는 열두 번의 역사적 선택이 겹쳐 만들어졌다. 구독자 27만의 〈함께하는 세계사〉 김태수 박사가 십자군 전쟁부터 냉전의 종말까지 세계사의 분기점을 엄선해, 과거의 선택이 오늘의 정치·경제·사상에 남긴 맥락과 의미를 차분히 풀어낸다.",https://shopping-phinf.pstatic.net/main_5857404/58574047417.20260331121623.jpg, 김태수 지음, 프런트페이지,2026
역사,유네스코가 주목한 한국의 세계유산. 1: 문화유산 편,"한국의 문화유산에 담긴 독특한 개성과 역동성, 다양성과 함께 유네스코가 추구하는 인류 평화, 화해, 상생의 보편적 가치까지 다채롭게 다루면서 특히 해외의 문화유산을 함께 실어 비교사적 관점에서 세계 문명과 문화 현상을 살필 수 있도록 했다.",https://shopping-phinf.pstatic.net/main_5364856/53648562157.20260331104733.jpg, 김영옥 외 글;박은애 그림, 북멘토,2025
역사,(집념의 기업인)금호 박인천,,https://image.aladin.co.kr/product/451/24/cover500/8970651934_1.jpg, 유영수 지음, 홍익출판사,2009
역사,(집념의 기업인)금호 박인천,,https://image.aladin.co.kr/product/451/24/cover500/8970651934_1.jpg, 유영수 지음, 홍익출판사,2009
역사,"반쪽이, 세계 오지를 가다",만화적 상상력 앞에 노출된 이국의 문화는 여지없이 그 문화의 핵심을 보여준다. 중남미의 섬나라 도미니카에서 그는 아무리 가난하게 살아도 언제나 '춤을 추고 있는' 시민들의 일상을 '모두 춤춘다'란 6칸 만화로 옮긴다.,https://image.aladin.co.kr/product/19/61/cover500/8984310085_1.gif, 최정현 지음, 한겨레,2007
역사,(우리가 정말 알아야 할)우리선비,선비는 우리 천년 역사 속에서 태동하고 조선 왕조 5백년을 통해 구현된 한국적 고품격 리더십의 전형이라 할 수 있다. 이 책은 새 시대에 걸맞는 인물상을 '선비'로 설정하고 이를 다각도에서 제시하고 소개하고 있다.,https://image.aladin.co.kr/product/39/42/cover500/8932313695_2.jpg, 정옥자 지음, 현암사,2009
역사,(어린이)이슬람 바로알기,'이슬람' 문명을 처음 접하는 초등학생을 대상으로 하는 만큼 책은 간결하면서 친절하다. 또한 지은이가 서문에서 밝힌 바와 같이 서양과 미국 사람들의 입장에서 벗어나 '이슬람'을 바라보는 균형잡힌 시각을 가질 수 있도록 애쓴 흔적이 많이 보인다.,https://image.aladin.co.kr/product/30/27/cover500/8972232025_1.gif, 이희수 지음, 청솔,2008
역사,세계사 편력. 1,인도의 독립운동가이자 정치가였던 네루가 훗날 인도 총리가 된 자신의 딸 인디라 간디에게 세계사 이야기를 담아 보낸 옥중 서신집. 1930년 간디의 13세 생일부터 1933년까지 2년 10개월간 196편의 편지에 동서와 고금을 가로지르는 역사의 교훈을 담았다.,https://image.aladin.co.kr/product/7/96/cover500/8956450471_2.jpg, J. 네루 지음;곽복희;남궁원 옮김, 일빛,2005
역사,세계사 편력. 2,인도의 독립운동가이자 정치가였던 네루가 훗날 인도 총리가 된 자신의 딸 인디라 간디에게 세계사 이야기를 담아 보낸 옥중 서신집. 1930년 간디의 13세 생일부터 1933년까지 2년 10개월간 196편의 편지에 동서와 고금을 가로지르는 역사의 교훈을 담았다.,https://image.aladin.co.kr/product/7/96/cover500/895645048x_2.jpg, J. 네루 지음;곽복희;남궁원 옮김, 일빛,2004
역사,태일이. 1: 어린 시절,고 조영래 변호사가 쓴 <전태일 평전> 과 전태일 수기 모음집인 <내 죽음을 헛되이 말라>에 기초하여 전태일의 삶을 만화로 살려 내었다. 이 저본들을 그대로 살리면서 어린이와 청소년 독자를 위해 전태일의 어린 시절과 시대상을 자세히 묘사하고 있으며 이를 위해 가족과 친구들의 인터뷰 내용을 참고하였다.,https://image.aladin.co.kr/product/100/17/cover500/8971992913_1.jpg, 박태옥 지음;최호철 그림, 돌베개,2009
역사,태일이. 3: 평화시장,"청년 전태일에 관한 각종 수기를 바탕으로 최호철의 그림이 펼쳐진다. 그 시절의 분위기를 놓치지 않는 섬세한 관찰력이 전태일이라는 강렬한 실화를 만나 타오른다. 우리 만화를 사랑하는 사람들이 기다려 오던 시리즈, 태일이의 세 번째 이야기.",https://image.aladin.co.kr/product/234/51/cover500/8971993154_1.jpg, 박태옥 지음;최호철 그림, 돌베개,2009
역사,(마지막 선비)김창숙,한국 근대사에 한 획을 그은 인물들의 생애와 뜻을 담은 '우리 시대 인물이야기'의 여덟 번째 책이다. 선비 집안에서 태어나 평생 나라의 정의와 스스로의 의리를 실천하기 위해 싸운 인물 김창숙의 생애를 다뤘다.,https://image.aladin.co.kr/product/62/96/cover500/8958281510_1.jpg, 정종목 지음;한병호 그림, 사계절,2008
역사,(민족시인)신동엽,"그는 체험을 고스란히 시로 표현해낸, 시대를 읽을 줄 아는 시인이었다. 어린 시절부터 시(詩)정신을 불태운 장년기까지의 생애가 철저한 고증과 취재를 바탕으로 실렸다. 특히 신동엽의 시 작품을 인용하고 분석한 부분은 전문적이고 학문적이면서도 난해하지 않게 쓰여졌다.",https://image.aladin.co.kr/product/29/5/cover500/8958281146_1.jpg, 김응교 지음;한병호 그림, 사계절,2008
역사,(인권 변호사)조영래,"민주화에 헌신하고 없는 자의 권익을 지키려 애쓴 변호사 조영래의 삶을 그린 전기. 조영래 변호사는 5·17 군사쿠데타와 한일협정체결, 유신체제 등 사회적 격동기에 적극적으로 참여하며 젊은 시절을 보냈다. 사법고시에 합격하고도 각종 노동사건과 환경문제, 여성문제 등에 깊은 관심을 기울이다가 요절한 한 인간의 삶이 감동적으로 그려졌다.",https://image.aladin.co.kr/product/13/26/cover500/8958280611_2.jpg, 박상률 지음;한병호 그림, 사계절,2009
역사,변화하는 세계의 아틀라스,"신흥강국의 눈부신 발전과 그 이면의 취약성, 산업시설의 해외이전과 인민 문제뿐 아니라 광우병 조류인플루엔자 등 확산일로에 놓인 전염병, 심화되는 경제 불평등, 다시 활개 치는 마피아와 해적, 위협받는 생물다양성, 물 부족, 기후 온난화 등 다가올 세계를 위해 우리가 주목해야 할 50가지 핵심 쟁점을 다룬다.",https://image.aladin.co.kr/product/249/55/cover500/8991221378_1.jpg, 장 크리스토프 빅토르;비르지니 레송;프랑크 테타르 지음;안수연 옮김, 책과함께,2009
역사,"스웨덴기자 아손, 100년전 한국을 걷다","스웨덴 신문기자 아손 그렙스트가 1904년 12월 24일부터 한달 동안 한국을 여행하고 남긴 기록을 엮은 책. 러일전쟁이 한창이던 당시 일본 군부가 한반도 취재를 허가하지 않자 상인으로 위장하여 밀입국해, '은둔의 나라' 조선의 방방곡곡을 여행하며 쓴 글들이 실렸다.",https://image.aladin.co.kr/product/53/49/cover500/8991221041_1.jpg, 아손 그렙스트 지음;김상열 옮김, 책과함께,2007
역사,(어린이)이슬람 바로알기,'이슬람' 문명을 처음 접하는 초등학생을 대상으로 하는 만큼 책은 간결하면서 친절하다. 또한 지은이가 서문에서 밝힌 바와 같이 서양과 미국 사람들의 입장에서 벗어나 '이슬람'을 바라보는 균형잡힌 시각을 가질 수 있도록 애쓴 흔적이 많이 보인다.,https://image.aladin.co.kr/product/30/27/cover500/8972232025_1.gif, 이희수 지음, 청솔,2008
역사,말썽쟁이를 변화시킨 7명의 위인들,"소심하고 책임감도 없던 열등생 예담이가 도서관에서 빌린 책을 통해 과거의 세계로 여행을 떠난다. 예담이는 동양과 서양을 넘나들며 맥타가트, 유일한, 이정암, 테레사 수녀, 슈바이처 등 7명의 위인들을 직접 만나 자신의 문제점을 깨닫고 완전히 다른 아이로 바뀌는 과정이 그려지는 어린이 자기계발책이다.",https://image.aladin.co.kr/product/305/2/cover500/8962470586_1.jpg, 양태석 지음;양은아 그림, 스콜라,2009
역사,(한국 화약산업의 개척자)현암 김종희,,https://image.aladin.co.kr/product/3296/20/cover500/scm3172272699157.jpg, 유영수 지음, 홍익출판사,2010
역사,고전소설 속 역사기행,", , 등 한국인이라면 누구나 알고 있는 고전 소설을 통해 조선시대 사람들의 삶과 역사를 들여다본 대중 역사서이다. '조선시대 사람들은 과연 소설처럼 살았을까'라는 호기심을 바탕으로 고전 소설 속에서 역사의 한 단면을 끄집어내 살아 있는 역사 이야기로 재구성했다. 2002년 출판된 책의 개정 증보판이다.",https://image.aladin.co.kr/product/57/18/cover500/8971992166_1.jpg, 신병주;노대환 지음, 돌베개,2011
역사,"과학 선생님, 프랑스 가다","프랑스를 대표하는 과학관과 박물관들은 물론 퀴리와 파스퇴르, 라부아지에 등 주요 과학자들의 실험실, 루브르와 오르세 미술관, 노트르담 성당, 에펠 탑, 그리고 길거리 구석구석에 이르기까지 프랑스에서 만나는 과학의 모든 것을 담았다.",https://image.aladin.co.kr/product/94/16/cover500/8971847298_1.jpg, 한문정 외 지음, 푸른숲,2009
역사,(내 머리로 생각하는)역사 이야기,"유시민이 중년기에 들어 차분히 뒤를 돌아보며 자신의 역사관을 요약적으로 잘 정리한 책이다. 이 책에서 그는 말한다. ""역사의 뒤안길에서 존재도 없이 살아가듯 보이던 사람들이 역사의 주역으로 솟아오르는 순간""을. 그리고 그를 위해 ""그 대열의 맨 앞에서 민중을 이끄는 소수의 뛰어난 개인들이 서 있어야 함""을.",https://image.aladin.co.kr/product/692/6/cover500/8974140527_1.jpg, 유시민 지음, 푸른나무,2010
역사,(내 머리로 생각하는)역사 이야기,"유시민이 중년기에 들어 차분히 뒤를 돌아보며 자신의 역사관을 요약적으로 잘 정리한 책이다. 이 책에서 그는 말한다. ""역사의 뒤안길에서 존재도 없이 살아가듯 보이던 사람들이 역사의 주역으로 솟아오르는 순간""을. 그리고 그를 위해 ""그 대열의 맨 앞에서 민중을 이끄는 소수의 뛰어난 개인들이 서 있어야 함""을.",https://image.aladin.co.kr/product/692/6/cover500/8974140527_1.jpg, 유시민 지음, 푸른나무,2010
역사,(김원중 교수의 청소년을 위한)삼국유사,청소년들이 고전 읽기에 대해 가지고 있는 부담에서 벗어나 원전의 재미와 깊이를 동시에 경험할 수 있도록 기획된 책이다. 「삼국유사」의 140여 편에 달하는 이야기 중 75편의 이야기를 선별하여 청소년들이 읽기 쉬운 평이한 어조로 바꾼 것 외에는 한 글자라도 더하거나 빼는 것 없이 원문에 충실하게 번역하였다.,https://image.aladin.co.kr/product/1519/64/cover500/8960173150_1.jpg, 일연 지음;김원중 엮고 옮김, 민음인,2012
역사,역사를 보는 눈,세계에 대한 깊이있는 해석과 자기 나름의 관점을 길러주는 입문교양서 시리즈 '세상을 보는 눈'의 첫 번째 책인 은 도쿄대 명예교수인 호리고메 요조가 일본 NHK의 교양특집 프로그램에서 강연한 내용을 책으로 다시 집필한 것이다.,https://image.aladin.co.kr/product/41/38/cover500/8985548964_1.jpg, 호리고 메요조 지음;박시종 옮김, 개마고원,2008
역사,우리 나라 여성들은 어떻게 살았을까. 2: 개화기부터 해방기까지,,https://image.aladin.co.kr/product/20/11/cover500/8972783366_1.jpg," 이배용, 외 지음", 청년사,2008
역사,(청소년을 위한)삼국유사,누구나 술술 읽어 나갈 수 있도록 문장을 다듬고 이야기에 첨삭을 가했다. 옛이야기의 맛을 살리면서 한자에 대한 부담을 줄인 것. 곳곳에 등장하는 역사 속 현장과 유물 사진을 친절한 설명글과 함께 실었다. 네 가지 주제의 별면을 통해 호기심을 자극하고 입체적인 읽기를 가능하게 했다.,https://image.aladin.co.kr/product/62/15/cover500/8974832747_1.jpg, 일연 지음;김혜경 엮어 옮김, 서해문집,2012
역사,(청소년을 위한)한국사,"사건나열식으로 이루어진 국사교과서의 기술방법에서 벗어나 한국사를 인과적인 서술로 구성했다. 청소년의 눈높이에 맞춰 너무 어려운 어휘라든지 개념들을 피하고, 또는 흥미성에 치중한 나머지 지나치게 주변적인 이야기에 머물거나 역사를 왜곡하는 일이 없도록 균형을 잡으려는 노력을 했다.",https://image.aladin.co.kr/product/19/45/cover500/8977151376_2.jpg, 백유선;신부식;임태경 지음;김영민 그림, 두리미디어,2012
역사,정약용과 그의 형제들. 2: 어둠의 시대,"닫힌 시대를 온 몸으로 살아낸 정약용과 그 형제들. 그들은 주자학과 노론 일당독재라는 폐쇄된 사회에 맞서, 열린사회를 향한 공통된 꿈을 가슴에 품었다. 그리고 저마다의 방식으로 그 꿈을 살았다. 지배권력의 공격 속에서 좌초된 꿈을 학문으로 승화시킨 정약용, 박해로 점철된 삶을 민중과 자연에 대한 사랑으로 승화시킨 생태학자 정약전, 한국 천주교사에 길이 남을 교리연구자이자 신념의 순교자였던 정약종. 그들 삶의 방식은 판이하게 달랐으나, 삶이 물어오는 질문들에 답하는 태도는 한결 같았다.",https://image.aladin.co.kr/product/48/89/cover500/8934914580_1.gif, 이덕일 지음, 김영사,2011
역사,역사의 쓸모,"수백 년 전 이야기로 오늘의 고민을 해결하는 방법을 알려주는 세상에서 가장 실용적인 역사 사용 설명로, 역사가 외워야 할 것이 많은 골치 아픈 과목이 아니라 우리 삶의 방향을 제시해주는 안내서라고 말한다.",https://image.aladin.co.kr/product/19433/93/cover500/k152635416_2.jpg, 최태성 지음, 다산초당,2019
역사,곰브리치 세계사,"20세기를 대표하는 인문학자 에른스트 H. 곰브리치가 청소년을 위해 쓰고, 예일대 출판부가 엄선한 컬러 도판을 수록한 세계사 입문서이다. <서양미술사>와 함께 역사와 예술 등 인문학의 핵심을 통찰력 있게 다루어 저명한 에른스트 H. 곰브리치의 대표작으로 손꼽힌다.",https://image.aladin.co.kr/product/19442/18/cover500/8949189534_2.jpg, 에른스트 H. 곰브리치 글;박민수 옮김, 비룡소,2019
역사,그들은 어떻게 세상의 중심이 되었는가,"유럽, 중국, 이슬람… 역사의 거대한 문명들 중에서 어떻게 '그들'만이 세상을 지배하게 되었을까? 그 답은 유럽 문화의 기원, 로마에 있다. <그들은 어떻게 세상의 중심이 되었는가>는 우리를 지배하는 문명의 뿌리인 로마 제국의 역사에서 21세기에 필요한 인사이트를 발견하는 책이다.",https://image.aladin.co.kr/product/19435/69/cover500/8950981378_1.jpg, 김대식 지음, 21세기북스,2019
역사,(한눈에 꿰뚫는)세계지도 상식도감,학교에서 가르쳐주지 않는 세계지도의 놀라운 상식백과. 전 세계가 하나로 연결된 지금도 지구촌 곳곳에는 우리가 알지 못하는 흥미로운 수수께끼가 가득하다. 이 책은 학교에서 가르쳐주지 않는 세계지도에 관한 궁금증을 속 시원하게 풀어준다.,https://image.aladin.co.kr/product/19468/66/cover500/k442635612_1.jpg, 롬 인터내셔널 지음;정미영 옮김, 이다미디어,2019
역사,강인욱의 고고학 여행,"30여 년간 세계를 종횡무진해온 고고학자 강인욱 교수가 고고학의 매력과 진정한 삶의 의미에 대해 이야기한다. 이 책은 화려한 황금 유물에서부터 저자가 직접 발굴한 자작나무로 감싼 원주민의 유골에 이르기까지, 이제껏 잘 알려지지 않았던 유물 이야기로 가득하다.",https://image.aladin.co.kr/product/19539/1/cover500/8965963273_1.jpg, 강인욱 지음, 흐름출판,2019
역사,대한민국史. 3: 야스쿠니의 악몽에서 간첩의 추억까지,"1,2권을 통해 '소설보다 재미있는 역사, 영화보다 짜릿한 역사'를 선보였던 한홍구 교수가 이번에는 3권을 펴냈다. 친일과 친미, 변질로 얼룩진 한국 현대 정치사를 되짚어 본다.",https://image.aladin.co.kr/product/57/17/cover500/8984311537_1.jpg, 한홍구 지음, 한겨레신문사,2009
역사,대한민국史. 3: 야스쿠니의 악몽에서 간첩의 추억까지,"1,2권을 통해 '소설보다 재미있는 역사, 영화보다 짜릿한 역사'를 선보였던 한홍구 교수가 이번에는 3권을 펴냈다. 친일과 친미, 변질로 얼룩진 한국 현대 정치사를 되짚어 본다.",https://image.aladin.co.kr/product/57/17/cover500/8984311537_1.jpg, 한홍구 지음, 한겨레신문사,2009
역사,(청소년을 위한)삼국유사,누구나 술술 읽어 나갈 수 있도록 문장을 다듬고 이야기에 첨삭을 가했다. 옛이야기의 맛을 살리면서 한자에 대한 부담을 줄인 것. 곳곳에 등장하는 역사 속 현장과 유물 사진을 친절한 설명글과 함께 실었다. 네 가지 주제의 별면을 통해 호기심을 자극하고 입체적인 읽기를 가능하게 했다.,https://image.aladin.co.kr/product/62/15/cover500/8974832747_1.jpg, 일연 지음;김혜경 엮어 옮김, 서해문집,2012
역사,100인의 인물로 본 우리역사,삼국시대부터 현대에 이르기까지 100인의 인물을 중심으로 우리 역사를 조망했다. 저자가 그동안 수년에 걸쳐 우리 역사의 중요한 인물들의 삶의 궤적을 추적하여 언론에 기고하거나 SNS 등에 쓴 글들을 새롭게 종합 정리했다.,https://image.aladin.co.kr/product/27521/72/cover500/k962733293_1.jpg, 서정욱 지음, 글통,2022
역사,벌거벗은 세계사. [1]: 사건편,"tvN에서 방영한 스토리텔링 세계사 <벌거벗은 세계사>가 들려준 프레임 밖의 역사를 담은 책. 신들의 전쟁인 그리스 신화부터 20세기 마지막 전쟁까지, 아주 오랜 시간 동안 세계를 뒤흔든 역사적 사건들을 각 분야의 전문 지식인들이 입체적으로 파헤치듯 보여준다.",https://image.aladin.co.kr/product/28762/82/cover500/k222836983_1.jpg, tvN〈벌거벗은 세계사〉 제작진 지음, 교보문고,2022
역사,세계사 추리반,자칫 따분하고 지루하게 느껴질 수 있는 주입식 역사 공부에서 벗어나 그림을 통해 역사적 사건의 퍼즐을 짜 맞추듯 스스로 유추하고 이야기를 엮어가며 흥미로는 역사 탐구를 제시한 책이다.,https://image.aladin.co.kr/product/26855/20/cover500/8961963899_1.jpg, 송병건 지음, 아트북스,2021
역사,열강의 소용돌이에서 살아 남기,"2003년 출간되었던 에서 보수와 진보의 틀을 깨뜨리며 우리 근대에 대한 신선한 논쟁을 보여주었던 박노자, 허동현 두 교수가 다시 만났다. 이번에 논의하는 주제는, '100년 전 개화기 조선의 지식인들이 미국, 일본, 중국, 러시아 등 주변 열강을 어떻게 인식하고 대응했는가' 하는 것.",https://image.aladin.co.kr/product/56/31/cover500/8991510043_1.jpg, 박노자 [외]지음, 푸른역사,2007
역사,한일 교류의 역사:선사부터 현대까지,"서울시립대학교와 도쿄 가쿠게이 대학 등의 민간의 학자 40여 명이 대거 참가하여 공동으로 저술한 책이다. 선사시대부터 21세기까지 모든 시대를 다루고, 교재 내용을 각 집필자들이 분담해서 서술한 것이 아니라 처음부터 끝까지 양국 학자들의 토론과 합의를 거쳐 공동으로 집필하였다. '선사시대의 문화와 교류'부터 '교류확대와 새로운 한일관계의 발전'까지 총 12장으로 구성되었다.",https://image.aladin.co.kr/product/89/40/cover500/8984943002_2.jpg, 한국역사교과서연구회 지음, 혜안,2007
역사,"한 달쯤, 파리","여행하기에 가장 좋은 도시, 골목골목 역사 깊은 이야기가 담긴 도시, 문화와 예술을 과감하게 펼치는 도시, 인생에서 한 달쯤 머무르고 싶은 도시 파리에서 자신만의 한 달을 만드는 방법을 소개한다.",https://image.aladin.co.kr/product/2761/32/cover500/8901158396_1.jpg, 이주영 지음, 웅진씽크빅,2013
역사,(주말이 기다려지는)행복한 걷기 여행,걷기여행 마니아들이 만든 책이다. 여행 전문가는 아니지만 무엇보다 걷는 것을 좋아해서 길 위에서 커다란 즐거움을 찾아낼 줄 아는 사람들이 직접 답사를 다니고 사진을 찍고 글을 써서 책으로 엮었다. 알찬 정보와 풍성한 읽을거리로 가득한 걷기여행책을 들여다보면 누구라도 한나절 걷기여행을 떠나고 싶어질 것이다.,https://image.aladin.co.kr/product/85/65/cover500/8995862319_1.jpg, 인생길따라도보여행 지음, 터치아트,2007
역사,왕을 낳은 후궁들,비극적인 삶을 살았던 조선의 왕 단종·연산군·광해군·경종·영조·사도세자는 모두 정비가 아닌 후궁의 아들이었다는 사실은 흥미롭다. 이 책은 궁궐 안 깊숙이 감춰진 후궁들의 삶을 통해 잃어버린 조선 여성들과 그 주변 인물들의 풍경을 보여준다.,https://image.aladin.co.kr/product/98/74/cover500/8934926686_1.jpg, 최선경 지음, 김영사,2007
역사,한국 현대사 산책:1940년대편. 1,,https://image.aladin.co.kr/product/85/40/cover500/8959060445_1.jpg, 강준만 지음, 인물과사상사,2007
역사,한국 현대사 산책:1950년대편. 1,"지은이는 6.25 전쟁을 유혈적인 참극이라는 점 외에도, 수천 년 동안 내려온 신분제와 그에 따른 도덕체계를 붕괴시킨 전쟁이며 생존이라는 몸부림 앞에 갖가지 부정부패와 '빽' 과 연줄을 만들고 합리화시켰던 전쟁이라는 다각적인 시각으로 바라보며 이로부터 한국사회를 이해하는 실마리를 찾는다.",https://image.aladin.co.kr/product/50/46/cover500/8988410939_1.jpg, 강준만 지음, 인물과사상사,2007
역사,한국 현대사 산책:1960년대편. 2,1940년대부터 1980년대까지의 한국 현대사를 10년 단위로 나눠 조망한 '한국 현대사 산책' 시리즈의 1960년대 편. '기회주의'를 한국인의 삶을 지배해 온 가장 강력한 이데올로기로 지적하며 이를 통해 한국 사회를 바라보는 새로운 시각을 제시한다.,https://image.aladin.co.kr/product/51/80/cover500/8988410998_1.jpg, 강준만 지음, 인물과사상사,2007
역사,한국 현대사 산책:1970년대편. 1,"'한국 현대사 산책'은 1940년대부터 현재까지의 역사를 10년 단위로 나눠 입체적으로 조명하게 될 시리즈로, 이번에 출간된 1970년대편 는 그간의 공백을 메워줄 첫 작업이다.",https://image.aladin.co.kr/product/38/61/cover500/8988410645_2.jpg, 강준만 지음, 인물과사상사,2007
역사,한국 현대사 산책:1980년대편. 1,1980년 5월 계엄령 선포와 신군부의 광주학살로 그 비극적인 시작을 알린 80년대. 5공은 규제 철폐와 통제가 반복되는 이중적인 대중문화 정책을 펴며 국민들을 압박하였다. 1987년의 6월 항쟁과 5공이 '전가의 보도'처럼 애용했던 1988년의 서울올림픽 등 80년대의 굵직한 사건들이 시간순으로 긴박하게 펼쳐진다.,https://image.aladin.co.kr/product/41/41/cover500/8988410734_1.jpg, 강준만 지음, 인물과사상사,2007
역사,한국 현대사 산책:1990년대편. 3,"한국 현대사를 시대별로 입체적으로 조명한 강준만의 한국 현대사 산책 시리즈의 1990년대편. 3당 합당, 김영삼과 김대중 정부, IMF 구제금융체제, 스타벅스의 한국 진출 등 당대의 중대한 사건들을 살펴보며 우리 시대를 규정한 코드들을 명쾌하게 제시한다.",https://image.aladin.co.kr/product/66/71/cover500/8959060348_1.jpg, 강준만 지음, 인물과사상사,2007
역사,(10대와 통하는)독립운동가 이야기,"10대를 위한 책도둑 시리즈 15권. 누구나 잘 알고 있다고 생각하지만, 사실은 잘 모르고 있는 독립운동가들의 다양한 삶과 투쟁의 이야기들을 담고 있다. 청소년들이 꼭 알아야 할 분들 중 19명을 선정해 독립운동의 정신과 역사를 쉽게 알려준다.",https://image.aladin.co.kr/product/4434/25/cover500/8993463573_1.jpg, 김삼웅 글, 철수와영희,2014
역사,(큰★별쌤 최태성의)한눈에 사로잡는 한국사: 근현대편,"EBS 다큐 [최고의 교사]에 선정. EBS강의로 교육과학기술부 장관상 수상. EBS 누적 수강생 120만 명 등 항상 학생의 눈높이에서 역사 강의를 준비하고자 노력하는 우리나라 최고의 명강사 최태성. 이 책은 저자의 EBS 최고 인기 강사, 고등학교 한국사 교과서 집필자, 현직 고교 교사로서의 경험을 모두 녹여낸 살아 있는 한국사 개념서의 결정판이라 할 수 있다.",https://image.aladin.co.kr/product/1244/70/cover500/8975278735_1.jpg, 최태성 지음, 들녘,2011
역사,뉴욕의 축제,뉴욕에서 거주하는 공예 예술가 주지완 작가가 7년 간 뉴욕에 거주하면서 사진과 글로 축제의 현장을 취재한 생생한 기록이다. 뉴욕의 수많은 축제 중에서도 널리 알려진 대표적인 축제를 400여 컷의 생생한 현장 사진을 곁들여 여성작가 특유의 따스하고 세밀한 시선으로 소개한다.,https://image.aladin.co.kr/product/4101/29/cover500/8970755829_1.jpg, 주지완 글·사진, 문학세계사,2014
역사,본격 제2차 세계대전만화. 1,"‘본격’의 칭호에 어울리는 작품으로 거듭난 역사만화서, <본격 제2차 세계대전 만화 2권>. 전체적인 포맷이나 순간순간 튀어나오는 패러디는 여전하지만, 1권에서 그것들이 메인메뉴였다면 2권에서는 이해를 돕기 위한 최적화된 수단으로 존재한다. 저자는 20세기 최고, 최악의 이벤트였던 2차 세계대전의 의의는 물론 그 참담한 역사의 밑바닥까지 훑어낸다.",https://image.aladin.co.kr/product/485/38/cover500/8959193003_1.jpg, 굽시니스트 지음, 애니북스,2012
역사,세상을 뒤흔든 10대들,"역사를 통틀어 가장 매혹적이고 통쾌한 소녀들의 성공 스토리를 담았다. 46명의 이야기를 통해 세상을 바꾸기 위해 어른이 될 때까지 기다릴 필요가 없음을, 스스로 세상을 흔들지 않으면 결국 세상에 의해 흔들리게 될 것이라는 점을 전한다.",https://image.aladin.co.kr/product/4424/92/cover500/1195255837_1.jpg, 미셀 로엠 매칸;아멜리 웰든 [공]지음;장은재 옮김, 라의눈,2014
역사,모기,"고대 그리스와 로마, 몽골 제국 등 시대를 호령한 제국들이 어떻게 모기로 인해 흥망성쇠를 겪었는지, 이후 대항해시대로 인해 세계적으로 치명적인 모기가 퍼지게 되었고, 이로 인해 생기게 된 오늘날 인류 역사의 변화까지 모기가 우리 인간의 역사에 준 영향을 총망라한 책이다.",https://image.aladin.co.kr/product/21417/95/cover500/k332636895_1.jpg, 티모시 C. 와인가드 지음;서종민 옮김, 커넥팅,2019
역사,헐버트의 꿈 조선은 피어나리!,"‘한국인보다 한국을 더 사랑한’ 역사의 양심 헐버트(Homer B. Hulbert)의 일대기를 다룬 책이다. 헐버트는 교육자, 한글학자, 역사학자, 언론인, 선교사, 황제의 밀사, 독립운동가로 한민족에게 무한한 자긍심을 남기고 정의와 애국심의 가치가 무엇인지를 답했다.",https://image.aladin.co.kr/product/21352/73/cover500/8996416622_2.jpg, 김동진 지음, 참좋은친구,2019
역사,산업혁명으로 세계사를 읽다,한국과학기술단체총연합회 회장이자 환경부 장관을 역임한 김명자 교수가 산업혁명으로 근대 세계사를 파악할 수 있는 책을 독자들에게 선보인다. 1-4차 산업혁명을 구체적으로 설명하고 분석한다.,https://image.aladin.co.kr/product/21355/19/cover500/s452636896_1.jpg, 김명자 지음, 까치글방,2019
역사,(왕이 되지 못한)비운의 왕세자들,"병으로건, 독살되어서건, 폐세자가 되어서건, 나라가 망해서건 왕위 서열 1위였음에도 왕이 되지 못하고 죽은 14명의 왕세자들과 왕세손들의 이야기를 사료에 입각해 정리한 후, 그들의 묘를 찾아 답사한 내용을 사진과 함께 싣고 있어 왕이 되지 못한 왕세자들의 비운을 생생히 전한다.",https://image.aladin.co.kr/product/21232/26/cover500/k702636288_1.jpg, 홍미숙 지음, 글로세움,2019
역사,국호로 보는 분단의 역사,"남북한의 역사를 '국호'라는 하나의 틀 속에서 조망하는 '남북통사(南北通史)' 프로젝트의 첫 번째 시도다. 남북한의 서로 다른 국호가 어떤 역사적 기원을 갖는지, 어떤 과정을 거쳐 제정되었는지 추적한다.",https://image.aladin.co.kr/product/21510/26/cover500/8972979430_1.jpg, 강응천 지음, 동녘,2019
역사,(조선민족이여 깨어나라!) 독립정신,"<독립정신>은 이승만 대통령이 1899년 박영효 일파의 고종 폐위 음모에 가담했다는 혐의로 체포되어 한성감옥에 수감되었을 때 옥중에서 집필한 역사서이며 한국인 최초의 외교사 저술서이다. 대한 독립에 관계된 중요한 내용을 담아서 이를 읽음으로써 독립이 무엇이며, 우리와 어떤 관련이 있는지, 그리고 당시 우리나라에 왜 독립정신이 필요했는지, 또 이후의 정세가 어떻게 변화될지 짐작해 볼 수 있을 것이다.",https://image.aladin.co.kr/product/669/54/cover500/8949706636_1.jpg, 이승만 지음;김충남;김효선 플어씀, 동서문화사,2010
역사,"얘들아, 백제 여행 떠나 볼래?","선생님 저자되기 프로젝트 선정도서. 수년간 아이들과 함께 답사 여행을 다닌 저자들이 역사 현장을 수차례 찾아다니며 얻은 체험과 지식을 바탕으로 구성한 생생한 현장 기록을 한 권에 담았다. 크게 한성백제, 웅진백제, 사비백제의 도읍지별로 그 시기의 역사에 대해 살펴보고, 다음으로 그 지역의 중요한 문화유적을 탐방할 수 있게 구성되어 있다.",https://image.aladin.co.kr/product/1547/22/cover500/8952217381_1.jpg, 권정언;최춘자;홍은경 [공]글;심가인 그림, 살림어린이,2012
역사,호호샘과 뛰노는 문화재 놀이터,선생님 저자되기 프로젝트 선정도서. ‘이 문화재는 꼭 내 손으로 지킬 거야!’ ‘박물관 관람 10계명이 생겼어요’ ‘오늘부터는 내가 수원 화성 해설사예요’ 등의 놀이 꼭지를 통해 문화재와 노는 동시에 우리 것을 더욱 사랑할 수 있는 방법까지 일러 준다. 무엇보다 ‘문화재 놀이터’라는 제목에 걸맞게 친구들과 함께 신 나게 놀 수 있는 다양한 놀이로 구성되어 있다.,https://image.aladin.co.kr/product/1547/29/cover500/8952217357_1.jpg, 박상혜 지음;신종우 그림, 살림어린이,2012
역사,(소설보다 재미있는)사기열전,"고대 중국의 병법가·학자·정치가·자객·협객·해학가·관리·경제계의 인물 등 한 시대를 풍미했던 인물들의 일화가 내용의 주를 이루고 있는 사마천의 <사기> 중 개인의 구체적인 성공과 실패를 추적한 개인 전기로, 짤막한 이야기 속에 문학적 향기를 풍기는 이야기를 모은 놓은 책.",https://image.aladin.co.kr/product/182/72/cover500/8973432729_1.jpg, 사마천 지음;김민수 옮김, 평단문화사,2009
역사,나의 문화유산답사기 . 1: 남도답사 일번지,"우리 국토는 그 자체가 박물관이라 할 정도로 문화유산의 보고이다. 우리가 무심히 지나칠 뿐 별다른 의미를 못 느끼는 유적들을 꼼꼼히 답사하면서 저자는 진주를 캐내듯 산하에 스민 역사의 자취와 누대의 숨결을 발굴하여, 해박한 지식과 탁월한 이야기 솜씨로 풀어놓는다.",https://image.aladin.co.kr/product/2/83/cover500/8936470116_1.jpg, 유홍준 지음, 창작과비평사,2010
역사,나의 문화유산답사기. 2: 산은 강을 넘지 못하고,"우리 국토는 그 자체가 박물관이라 할 정도로 문화유산의 보고이다. 우리가 무심히 지나칠 뿐 별다른 의미를 못 느끼는 유적들을 꼼꼼히 답사하면서 저자는 진주를 캐내듯 산하에 스민 역사의 자취와 누대의 숨결을 발굴하여, 해박한 지식과 탁월한 이야기 솜씨로 풀어놓는다.",https://image.aladin.co.kr/product/2/83/cover500/8936470167_1.jpg, 유홍준 지음, 창비,2009
역사,나의 문화유산답사기. 3: 말하지 않는 것과의 대화,,https://image.aladin.co.kr/product/2/83/cover500/8936470426_1.jpg, 유홍준 지음, 창비,2009
역사,나의 문화유산답사기. 3: 말하지 않는 것과의 대화,,https://image.aladin.co.kr/product/2/83/cover500/8936470426_1.jpg, 유홍준 지음, 창비,2009
역사,고려시대 사람들은 어떻게 살았을까. 1: 사회·문화생활이야기,"1권에서는 고려 정신문화의 꽃을 피운 불교를 중심으로 유교와 풍수지리, 청자 문화를 소개하고, 이어서 서민들의 삶이 녹아든 생활문화를 다루고 있다. 당시의 농민들이 밭과 논을 만들어 농사를 짓는 생산 활동에서부터 고려 서민들의 애환을 달래던 술에 얽힌 이야기들까지 소상히 살펴본다.",https://image.aladin.co.kr/product/58/23/cover500/8972783889_2.jpg, 한국역사연구회 지음, 청년사,2009
역사,고려시대 사람들은 어떻게 살았을까. 2: 정치·경제생활이야기,"2권에서는 당시의 굵직한 정치적 사건들과 함께 황제국 체제를 지햐했던 고려의 제도적 모습과, 여러 차례 겪은 북방 민족의 침입에 맞서 싸우며 생활했던 고려 민중의 삶 및 관료들의 생활상을 정리했다. 아울러 국가 재정을 비롯한 경제생활의 이모저로를 알 수 있도록 했다.",https://image.aladin.co.kr/product/58/44/cover500/8972783897_2.jpg, 한국역사연구회 지음, 청년사,2009
역사,우리 역사의 수수께끼 . 1,"이 책은 역사에 흥미롭게 접근하도록 만든 '역사의 뒷얘기'나 '역사의 비밀' 류의 책이 아니다. 하나 하나의 주제에 대해 여러 문헌과 자료 조사를 통해 이 사실이 과연 정당하고 옳은가 하는 문제를 꼼꼼하게 되짚어낸다. 이제 우리 역사는 과거의 역사를 단순히 채집하고 기록을 보존하는 수준이 아닌, 새롭게 해석하고 비평하는 단계에 접어들어야 한다는 목소리를 내고 있다. 그리고 이 책은 그런 시도 중의 하나다. 하지만 그렇다고 이 책이 지리하고 딱딱하단 이야기는 아니다. 오히려 그렇기 때문에 충분히 재미있고 흥미진진하다.",https://image.aladin.co.kr/product/19/3/cover500/8934903597_1.gif, 이덕일;이희근 지음, 김영사,2009
역사,우리 역사의 수수께끼 . 1,"이 책은 역사에 흥미롭게 접근하도록 만든 '역사의 뒷얘기'나 '역사의 비밀' 류의 책이 아니다. 하나 하나의 주제에 대해 여러 문헌과 자료 조사를 통해 이 사실이 과연 정당하고 옳은가 하는 문제를 꼼꼼하게 되짚어낸다. 이제 우리 역사는 과거의 역사를 단순히 채집하고 기록을 보존하는 수준이 아닌, 새롭게 해석하고 비평하는 단계에 접어들어야 한다는 목소리를 내고 있다. 그리고 이 책은 그런 시도 중의 하나다. 하지만 그렇다고 이 책이 지리하고 딱딱하단 이야기는 아니다. 오히려 그렇기 때문에 충분히 재미있고 흥미진진하다.",https://image.aladin.co.kr/product/19/3/cover500/8934903597_1.gif, 이덕일;이희근 지음, 김영사,2009
역사,우리 역사의 수수께끼. 3,"1999년 출간되어 많은 관심을 모은 바 있는 시리즈의 세 번째 권. 비판적 검토없이 당연하게 정설로 여겨져온 역사 사건들에 ""왜'라는 질문을 던지고, 실증적 자료에 근거하여 왜곡된 역사의 제 모습을 밝히고자 하는 의도에서 씌어진 책이다.",https://image.aladin.co.kr/product/51/6/cover500/8934916540_1.gif, 이덕일;김병기 지음, 김영사,2007
역사,우리 역사의 수수께끼. 3,"1999년 출간되어 많은 관심을 모은 바 있는 시리즈의 세 번째 권. 비판적 검토없이 당연하게 정설로 여겨져온 역사 사건들에 ""왜'라는 질문을 던지고, 실증적 자료에 근거하여 왜곡된 역사의 제 모습을 밝히고자 하는 의도에서 씌어진 책이다.",https://image.aladin.co.kr/product/51/6/cover500/8934916540_1.gif, 이덕일;김병기 지음, 김영사,2007
역사,우리 나라 여성들은 어떻게 살았을까 . 2: 개화기부터 해방기까지,,https://image.aladin.co.kr/product/20/11/cover500/8972783366_1.jpg," 이배용, 외 지음", 청년사,2006
역사,(내 머리로 생각하는)역사 이야기,"유시민이 중년기에 들어 차분히 뒤를 돌아보며 자신의 역사관을 요약적으로 잘 정리한 책이다. 이 책에서 그는 말한다. ""역사의 뒤안길에서 존재도 없이 살아가듯 보이던 사람들이 역사의 주역으로 솟아오르는 순간""을. 그리고 그를 위해 ""그 대열의 맨 앞에서 민중을 이끄는 소수의 뛰어난 개인들이 서 있어야 함""을.",https://image.aladin.co.kr/product/692/6/cover500/8974140527_1.jpg, 유시민 지음, 푸른나무,2009
역사,(한권으로 읽는)조선왕조실록,1996년 출간된 이후 10년이 지난 지금까지 100만부 이상 판매되며 널리 읽혀온 의 개정증보판. 방대한 분량의 을 쉽게 풀어 쓴 책으로 일반 독자들에게서 멀어진 역사를 생활 속으로 끌어들였다는 평가를 받은 바 있다.,https://image.aladin.co.kr/product/52/70/cover500/8901047543_1.jpg, 박영규 지음, 웅진닷컴,2004
역사,식탁위의 세계사,"제2회 창비청소년도서상 교양 부문 대상 수상작. 우리 곁의 친근한 먹을거리를 통해 세계사의 중요한 사건들과 인물들에 관한 이야기로 안내하는 흥미로운 청소년 교양서다. 감자에서 비롯한 아일랜드 대기근부터 옥수수에 대한 러시아 지도자 흐루쇼프의 열정, 소금법에 저항한 간디의 소금 행진 등 식재료에 관계된 열 가지 이야기를 담았다.",https://image.aladin.co.kr/product/1726/29/cover500/8936452053_1.jpg, 이영숙 지음, 창비,2012
역사,식탁위의 세계사,"제2회 창비청소년도서상 교양 부문 대상 수상작. 우리 곁의 친근한 먹을거리를 통해 세계사의 중요한 사건들과 인물들에 관한 이야기로 안내하는 흥미로운 청소년 교양서다. 감자에서 비롯한 아일랜드 대기근부터 옥수수에 대한 러시아 지도자 흐루쇼프의 열정, 소금법에 저항한 간디의 소금 행진 등 식재료에 관계된 열 가지 이야기를 담았다.",https://image.aladin.co.kr/product/1726/29/cover500/8936452053_1.jpg, 이영숙 지음, 창비,2012
역사,(만화) 나의 문화유산 답사기. 4: 경주,"우리나라에 문화유산 답사 열풍을 일으켰던 유홍준 교수의 <나의 문화유산 답사기>를 어린이 만화로 엮은 책으로, 만화가 박재동 선생님의 기획과 감수를 거쳤다. 4권에서는 불국사와 석불사, 경주 역사 유적지구, 양동마을 등 세계에 자랑할 만한 유네스코 세계유산을 보유한 경주의 문화유산을 소개하고 있다.",https://image.aladin.co.kr/product/875/98/cover500/8991481914_1.jpg, 유홍준 원작;김형배 그림, 녹색지팡이&프레스,2011
역사,(장콩선생의)우리역사 이야기. 1: 선사시대-발해,"풍부한 사료와 서적을 재료 삼아 우리 역사를 청소년의 눈높이에 맞도록 재구성하여 풀어낸 역사책이다. 2004년 초판이 발행되어 청소년 역사 분야에서 책따세 추천 도서, 전남역사교사모임 추천 도서에 선정된 바 있는 <외우지 않아도 저절로 이해되는 우리 역사 이야기>의 개정판으로, 개편된 교육과정에 맞춰 새롭게 펴냈다. 1권은 선사시대부터 통일신라와 발해까지를 다룬다.",https://image.aladin.co.kr/product/1441/82/cover500/8952216555_1.jpg, 장용준 지음, 살림Friends,2011
역사,한국 속의 세계. 1,"이제까지 저자의 작업이 실크로드를 중심으로 문명교류사를 정리하는 것이었다면, 이 책은 거꾸로 우리 역사와 문화 속에 숨어 있는 '세계'의 흔적과 유산을 찾아내, 온전히 '우리 것'이라고 생각했던 것들을 다시 바라보게 한다.",https://image.aladin.co.kr/product/59/38/cover500/8936471066_1.jpg, 정수일 지음, 창비,2006
역사,노빈손 사라진 훈민정음을 찾아라. 4,"노빈손 한국사 시리즈의 네 번째 이야기 는, 언문(한글)을 금지하는 연산군 시대를 배경으로 한다. 한문을 숭상하고 한글을 배척하는 사회 분위기 속에서, 마지막 남겨진 을 지키기 위해 위협과 맞서는 노빈손. 긴박하게 흘러가는 사건 속에 자연스럽게 한글에 대한 지식을 심어 놓았다. 노빈손 탄생 10주년 원고 공모전 대상작.",https://image.aladin.co.kr/product/469/22/cover500/8958072679_2.jpg, 한정영 지음;이우일 일러스트, 뜨인돌,2009
역사,노빈손 조선통신사의 누명을 벗겨라. 7,신나는 노빈손 한국사 시리즈 7권. 조선통신사를 자신의 야욕에 이용하려는 일본 반란 세력의 음모를 통해 치열하게 전개되는 조선과 일본의 외교전을 접할 수 있다. 또 조선시대의 국제관계를 파악할 수 있도록 조선과 일본 사이에 복잡하게 얽히고설킨 역사와 더불어 조선통신사의 문화 전파와 관련된 흥미로운 일화를 재미있게 풀어냈다.,https://image.aladin.co.kr/product/1441/70/cover500/8958073632_1.jpg, 박유나 지음;이우일 일러스트, 뜨인돌,2011
역사,슐리만의 트로이 발굴기,"전설의 고대 도시 트로이를 발굴한 독일의 고고학자 하인리히 슐리만(1822~1890)의 일생을 담은 평전이다. 슐리만은 여덟 살이 될 무렵 아버지에게 크리스마스 선물로 받은 라는 책을 읽고 트로이 유적을 발굴하겠다는 뜻을 품었고, 평생을 그 꿈을 이루는 데 바친 인물이다.",https://image.aladin.co.kr/product/93/97/cover500/8990794897_1.jpg, 마저리 브라이머;전하림, 보물창고,2007
역사,"지리 교사들, 미국 서부를 가다","10명의 지리 교사들이 보름 동안 미국의 서부 지역을 답사한 기록이다. 시생대에서 고생대까지의 지질 구조를 가장 잘 관찰할 수 있는 그랜드 캐니언, 중생대와 신생대의 지층이 연계되어 있는 자이언 캐니언과 브라이스 캐니언, 빙하 지형의 교과서라고 할 수 있는 요세미티 국립공원과 그랜드티턴, 그리고 현재도 활발하게 활동하고 있는 화산 지형의 보고 옐로스톤 국립공원 등을 둘러 보았다.",https://image.aladin.co.kr/product/92/42/cover500/8987691810_1.jpg, 지리누리 지음, 푸른길,2007
역사,"과학 선생님, 프랑스 가다","프랑스를 대표하는 과학관과 박물관들은 물론 퀴리와 파스퇴르, 라부아지에 등 주요 과학자들의 실험실, 루브르와 오르세 미술관, 노트르담 성당, 에펠 탑, 그리고 길거리 구석구석에 이르기까지 프랑스에서 만나는 과학의 모든 것을 담았다.",https://image.aladin.co.kr/product/94/16/cover500/8971847298_1.jpg, 한문정;김태일;김현빈;이봉우 지음, 푸른숲,2007
역사,"(설민석의)한국사 대모험. 2: 설쌤의 라이벌, 황 대감의 등장!","국민 역사 강사 설민석의 첫 한국사 학습만화 시리즈로, 한국사 지식을 기본적으로 다루고 있다. 2권에서는 삼국 통일과 몽골의 침입, 조선 건국, 3.1 운동, 독도 등 굵직한 한국사 사건을 공부하고, 어린이들이 한국사 지식과 함께 키워야할 덕목에 대해서 이야기한다.",https://image.aladin.co.kr/product/10227/84/cover500/k782536886_3.jpg, 설민석;스토리박스 글;정현희 그림, 아이휴먼,2017
역사,"(설민석의)한국사 대모험. 3: 온달, 왕의 시험에 대비하라!","국민 역사 강사 설민석의 첫 한국사 학습만화 시리즈로, 3권 ‘문화유산 편’에서는 선조들이 남긴 훌륭한 문화유산에 대한 이야기를 하고 있다. 아울러 문화유산을 대하는 우리의 태도에 대해서도 설쌤과 온달, 평강의 여행을 통해서 어린이들이 배울 수 있다.",https://image.aladin.co.kr/product/10780/17/cover500/k342530155_2.jpg, 설민석;스토리박스 글;정현희 그림, 아이휴먼,2017
역사,"(설민석의)한국사 대모험. 7: 온달, 삼족오의 방울을 울려라!","국민 역사 강사 설민석의 첫 한국사 학습만화 시리즈로, 한국사 지식을 기본적으로 다루고 있다. 유교의 큰 스승이자 배움을 위해서라면 어린 사람에게 묻는 것도 부끄러워하지 않았던 지의 대표 이황을 통해서 지식을 쌓는 것은 물론 쌓은 지식을 사용하는 것까지도 배울 수 있다.",https://image.aladin.co.kr/product/14923/28/cover500/s232533665_1.jpg, 설민석;스토리박스 공 지음;정현희 그림, 아이휴먼,2018
역사,"(설민석의)한국사 대모험. 9: 설쌤, 공갈이를 구해주세요!","재미있는 스토리와 다양한 한국사 이야기를 통해 어린이들에게 지식과 감동, 재미를 심어준 <설민석의 한국사 대모험> 시리즈의 아홉 번째 이야기, 독립운동 편은 어린이들이 꼭 알아야 할 독립운동의 주요한 역사적 사건과 인물을 담았다.",https://image.aladin.co.kr/product/17950/14/cover500/k552534233_2.jpg, 설민석;스토리박스 글;정현희 그림, 아이휴먼,2019
역사,(설민석의)한국사 대모험. 10: 공갈이는 어디에?,"재미있는 스토리와 다양한 한국사 이야기를 통해 어린이들에게 지식과 감동, 재미를 심어준 <설민석의 한국사 대모험> 시리즈. '임시정부' 편에서는 대한민국 임시정부의 발자취를 따라가며, 임시정부의 활동과 의의에 대해 어린이들의 눈높이에서 이야기했다.",https://image.aladin.co.kr/product/19007/0/cover500/k242635997_1.jpg, 설민석;스토리박스 공 지음;정현희 그림, 아이휴먼,2019
역사,(설민석의)한국사 대모험. 12: 특명! X맨의 정체를 밝혀라!,설민석의 한국사 대모험 시리즈 12권. 힘든 시간 속에서 마주친 X맨의 정체를 밝히기 위해 설쌤 일행이 다시 뭉쳐서 역사 모험을 떠나는 모습을 그린 12권은 손에 땀을 쥐는 이야기와 흥미로운 한국사 지식으로 가득하다.,https://image.aladin.co.kr/product/21613/51/cover500/k122636592_1.jpg, 설민석;스토리박스 글;정현희 그림, 아이휴먼,2019
역사,(설민석의)한국사 대모험. 13: 역사의 진실 편 - 뒤바뀐 역사를 되돌려라!,"설민석의 한국사 대모험 시리즈 13권. X맨을 잡기 위한 역사 여행 중에 위인들의 어린 시절 모습을 만나게 된다. 이순신과 류성룡, 안중근의 어린 시절은 어떠했기에, 그분들이 우리 역사를 빛낸 영웅으로 성장할 수 있었을까?",https://image.aladin.co.kr/product/23535/70/cover500/k662638920_1.jpg, 설민석;스토리박스 글;정현희 그림, 아이휴먼,2020
역사,(설민석의)한국사 대모험. 17: 6·25 전쟁 편 - 황금순 할머니의 소원,"우리 현대사의 가장 큰 비극인 6·25 전쟁을 다루고 있다. 정치적, 군사적, 국제적 이슈가 아니라, 전쟁의 피해를 온몸으로 감내해야 했던 우리 할아버지, 할머니들의 이야기를 담았다.",https://image.aladin.co.kr/product/27426/6/cover500/k602733272_1.jpg, 설민석;스토리박스 글;정현희 그림, 아이휴먼,2021
역사,(설민석의)한국사 대모험. 20: 고려의 발전 편 - 서희와 거란의 한판 대결!,"설쌤, 온달, 평강, 로빈과 함께하며 지식과 재미, 감동을 모두 얻을 수 있는 역사로의 시간 여행. 20권에서는 강대국의 위협에 현명하게 대처한 왕건과 서희의 외교술을 알아보고, 이런 외교를 바탕 삼아 고려가 어떤 나라로 발전했는지 살펴본다.",https://image.aladin.co.kr/product/28952/11/cover500/k692836418_1.jpg, 설민석;스토리박스 글;정현희 그림, 아이휴먼,2021
역사,(설민석의)한국사 대모험. 22: 대동여지도 편-사라진 지도를 찾아라!,"아이들이 처음 접하는 한국사를 재미있는 만화와 깊이 있는 부록으로 쉽고, 재미있고, 유익하게 전달한다. 우리 아이들이 놀이하듯 즐겁게 한국사를 접하며 한국사에 관심을 가지고, 나아가 한국사를 사랑하는 어린이로 성장하게 도와줄 것이다.",https://image.aladin.co.kr/product/30046/55/cover500/k442839462_1.jpg, 설민석;스토리박스 지음;정현희 그림, 단꿈아이,2022
역사,친일파의 한국 현대사,"'나라를 팔아먹고 독립운동가를 때려잡은 매국노 44인 이야기'라는 직설적인 부제가 말해주듯이 그야말로 '나라를 팔아먹고', '독립운동가를 때려잡은' 파렴치한 매국노들 이야기를 통해 읽는 우리 현대사다.",https://image.aladin.co.kr/product/7492/9/cover500/k282535192_1.jpg, 정운현 지음, 인문서원,2016
역사,친일파의 한국 현대사,"'나라를 팔아먹고 독립운동가를 때려잡은 매국노 44인 이야기'라는 직설적인 부제가 말해주듯이 그야말로 '나라를 팔아먹고', '독립운동가를 때려잡은' 파렴치한 매국노들 이야기를 통해 읽는 우리 현대사다.",https://image.aladin.co.kr/product/7492/9/cover500/k282535192_1.jpg, 정운현 지음, 인문서원,2016
역사,친일파의 한국 현대사,"'나라를 팔아먹고 독립운동가를 때려잡은 매국노 44인 이야기'라는 직설적인 부제가 말해주듯이 그야말로 '나라를 팔아먹고', '독립운동가를 때려잡은' 파렴치한 매국노들 이야기를 통해 읽는 우리 현대사다.",https://image.aladin.co.kr/product/7492/9/cover500/k282535192_1.jpg, 정운현 지음, 인문서원,2016
역사,나의 투쟁,월드북 236권. <나의 투쟁>에 담겨 있던 사상은 지금도 남아 있는 것일까. 이 책이 지금도 팔리고 있는 이유는 어디에 있는 것일까. 대량 학살을 저지른 히틀러의 근본사상을 이해하기 위해서는 나치스 운동의 바이블이었던 <나의 투쟁>을 읽어볼 필요가 있다.,https://image.aladin.co.kr/product/4561/98/cover500/8949708329_1.jpg, 아돌프 히틀러 지음;황성모 옮김, 동서문화사,2014
역사,교과서 밖으로 나온 한국사. 근현대,"한국인이라면 꼭 알아야 할 근현대사 사건들을 한 권에 담았다. 새로운 교과 과정에 맞추어 쓴 이 책은 실제 강의를 보고 듣는 것과 같은 생생한 문체, 파노라마 사진을 보는 듯한 다양한 이미지 자료를 통해 한국사를 쉽고 재미있게 읽도록 돕는다.",https://image.aladin.co.kr/product/2142/73/cover500/8993866481_2.jpg, 박광일;최태성 [공]지음;조선진 그림, 씨앤아이북스,2012
역사,3.1운동 새로 읽기,대한민국 헌법 전문을 보면 대한민국을 이루는 핵심이념으로 명시되어 있는 것이 3.1운동이다. 3.1운동은 나라도 없이 일본의 지배하에 있던 우리 민중이 스스로 자유와 민주화를 향한 지혜의 길로 나설 줄 알았던 소중한 정신적 ‘유산’이다.,https://image.aladin.co.kr/product/2109/3/cover500/8989797837_1.jpg, 3.1문화재단, 예지,2012
역사,뉴라이트 사용후기,"지금, 1세대 역사학자들에게 던지는 3세대 철학도의 문제제기. 대학에서 철학을 공부하고 있는 저자 한윤형은 2002년 참여정부의 출범과 2004년 뉴라이트의 출범에 뒤이은 한국 근현대사 논쟁, 특히 웹상에서 벌어진 네티즌들 간의 격렬한 논쟁을 종횡무진 누비며 근현대사 역사전쟁의 ‘종군기자’ 역을 자처하고 나섰다.",https://image.aladin.co.kr/product/434/26/cover500/8957691022_1.jpg, 한윤형 지음, 개마고원,2009
역사,중국을 낳은 뽕나무,"중국 문명이 발전하는 데 있어서 뽕나무가 미친 영향이 무엇이냐를 살펴본 문화사. 뽕나무는 널리 알려진 대로 비단의 원천이다. 뽕과 누에가 만든 비단으로 인해 중국은 세계 최고의 문명국이 될 수 있었다는 것이 저자의 시각이다. 그런데 뽕과 누에가 중국인들의 삶과 더 넓게는 동아시아 문명의 형성에 미친 구체적인 영향, 그 영향의 경로 등에 대해서는 구체적으로 살펴진 바가 없었다는 것이 저자가 이 책을 저술하게 된 문제의식이다.",https://image.aladin.co.kr/product/426/72/cover500/8993905029_1.jpg, 강판권 지음, 글항아리,2009
역사,조선 국왕의 일생,"규장각한국학연구원이 일반 대중과 역사 지식을 공유하기 위해 펴내는 '규장각 교양총서'의 제1권으로, 다양한 궁중 관련 유물의 도판자료를 활용하여 조선 국왕의 일생을 시각적으로 짜임새 있게 보여주고자 한다.",https://image.aladin.co.kr/product/439/48/cover500/8993905053_1.jpg, 규장각한국학연구원 엮음, 글항아리,2010
역사,"68년의 나날들, 조선의 일상사","경상도 선산의 안강노씨(安康盧氏) 집안에서 태어난 노상추(盧尙樞, 1746-1829)라는 사람은 열일곱살 때부터 일기를 쓰기 시작하여 여든네살에 생을 마감하기 이틀 전까지 일기를 남겼다. <68년의 나날들, 조선의 일상사>가 저본으로 삼은 노상추의 일기는 68년이라는 긴 세월동안 일기를 썼다는 것 외에도 가족의 일상을 기록했다는 특징을 가진 자료이다.",https://image.aladin.co.kr/product/434/86/cover500/899612396x_1.jpg, 문숙자 지음, 너머북스,2009
역사,카리스마의 역사,"범접할 수 없는 치명적인 권력의 힘, 카리스마의 의미와 역사를 완벽하게 조망한 책. 카리스마란 무엇이며, 그 기원은 어디서 시작되었는지를 종교, 정치사회, 경제학, 예술, 심리학, 대중문화 등을 아우르는 방대한 연구와 깊이 있는 시선으로 꼼꼼하게 해부하고 있다. 지성학을 전공한 저자는 수백 권의 서적과 자료를 바탕으로 ‘카리스마’의 고대 종교적인 개념에서 사회학자 막스 베버가 규정한 오늘날의 의미에 이르기까지 카리스마의 역사와 의미를 찾기 위해 역사 속의 작은 흔적도 놓치지 않는다.",https://image.aladin.co.kr/product/638/67/cover500/8996279587_1.jpg, 존 포츠 지음;이현주 옮김, 더숲,2010
역사,생각의 역사. Ⅰ: 불에서 프로이트까지,"""왕과 황제, 왕조, 장군들이 빠진 역사, 군사 원정, 제국 건설, 정복과 평화조약이 누락된 역사""를 상상할 수 있는가? 대신 그 자리에 들어서는 것은 철학, 예술, 상식, 과학, 종교, 신념, 세계관 등 인류가 보고, 듣고, 생각했던 모든 것. 인류의 역사를 관통하며, 학문 간의 경계를 가로지르며 새롭게 짜여진 인류의 역사가 지금 여기에 있다.",https://image.aladin.co.kr/product/431/6/cover500/8975278360_1.jpg, 피터 왓슨 지음;남경태 옮김, 들녘,2010
역사,우아함의 탄생,"수천 년간 화려하게 꽃피웠던 중국 고급문화의 원천을 중국에서 상공업이 가장 발달한 지역이었던 강남을 중심으로 이해한다. 남송 이후 줄곧 중국 경제, 문화의 중심지였던 강남은 특히 16세기 중엽 예술, 문학 분야에서 전성기를 이루었다. 이 책은 경제적 번영으로 왕성하게 펼쳐진 통속적 문화 시장 위에 성립된 우아함의 문화가 중국의 중심을 차지해 가는 과정에 주목한다.",https://image.aladin.co.kr/product/603/27/cover500/8937426692_1.jpg, 나카스나아키노리 지음;강길중;김지영;장원철 옮김, 민음사,2009
역사,당신의 인생을 바꾸는 100대 여행지,"내셔널 지오그래픽이 추천하는 삶을 풍요롭게 만들어줄 최고의 100대 여행지를 소개한 책. 이 책은 뻔하고 재미없는, 천편일률적인 여행이 아닌, 남과 다른 여행을 찾는 이들을 위한 책이다. 열정과 혼란이 고스란히 담긴 여행을 꿈꾸는 예술 여행, 여행을 통해 지구의 미래를 고민하는 자원봉사 여행, 자신의 삶을 재정비할 수 있는 나를 찾아 떠나는 여행, 자신을 치유하고 행복에 이르게 하는 웰빙 여행 등 그 가짓수가 무려 100가지에 이른다. 물론 이 책에 등장하는 여행의 기술을 실천하기란 말처럼 쉽지 않다. 하지만 100가지 여행법 중",https://image.aladin.co.kr/product/625/68/cover500/8954609961_1.jpg, 팸 그라우트 지음;김지영 옮김, 북노마드,2010
역사,근현대사신문. 근대편: 1876~1945,"신문 형식으로 표현한 한국과 세계의 근현대 역사 교양서. 동시대의 세계와 한국의 이슈를 함께 읽을 수 있다는 내용상의 장점은 물론, 인상적인 일러스트와 사설, 만평 등 여러가지 형식으로 표현되어 읽기에도 부담이 없다. 역사에 관심있는 청소년부터 모두 즐겁게 접할 수 있는 새로운 근현대 역사서로, 세계사의 흐름 속에서 한국사를 바라보는 새로운 인식 틀을 제시하여 제국주의, 분단, 빈곤, 독재라는 세계사적 범죄와 맞서 싸웠던 한국사의 가치를 생생하게 드러낸다.",https://image.aladin.co.kr/product/630/42/cover500/8958284374_1.jpg," 강응천 외, 지음", 사계절,2010
역사,근현대사신문. 현대편: 1945~2003,"신문 형식으로 표현한 한국과 세계의 근현대 역사 교양서. 동시대의 세계와 한국의 이슈를 함께 읽을 수 있다는 내용상의 장점은 물론, 인상적인 일러스트와 사설, 만평 등 여러가지 형식으로 표현되어 읽기에도 부담이 없다. 역사에 관심있는 청소년부터 모두 즐겁게 접할 수 있는 새로운 근현대 역사서로, 세계사의 흐름 속에서 한국사를 바라보는 새로운 인식 틀을 제시하여 제국주의, 분단, 빈곤, 독재라는 세계사적 범죄와 맞서 싸웠던 한국사의 가치를 생생하게 드러낸다.",https://image.aladin.co.kr/product/630/42/cover500/8958284382_1.jpg," 강응천 외, 지음", 사계절,2010
역사,경성리포트,"이 책에서 주로 다루는 공간은 '1920년대 후반과 1930년대 경성의 일상'이다. 경성은 조선 제1의 도시로 가장 드라마틱하게 근대적 변화가 일어난 공간이자 식민주의자의 조선인에 대한 차별이 철저하게 이루어진 곳이었다. 이 책은 이 시대 일상과 경성 소시민들의 생활을 살펴봄으로써 암울하게만 여겨지는 식민지 시대의 고정관념을 깨고, 그 시대 그대로의 일상 풍경의 모습을 보여준다.",https://image.aladin.co.kr/product/439/63/cover500/8952755901_1.jpg, 최병택;예지숙 지음, 시공사,2009
역사,(백성편에서 쓴)조선왕조실록 : 왕을 참하라!. 上,"동서양의 역사에 정통한 재미 역사가가 쓴 독특하고 기발한 새로운 개념의 조선사 책이다. 우리가 학교 교육에 의해 잘못된 역사를 배웠다고 주장하는 저자는, 조선 역사에 관한 폭넓은 연구를 토대로 기존의 사가들이 감히 꺼내기 어려웠던 조선사의 숨겨진 치부들을 밝혀내고 있다.",https://image.aladin.co.kr/product/321/86/cover500/8980104359_2.jpg, 백지원 지음, 진명출판사,2010
역사,"터키, 1만 년의 시간여행. 01","'소아시아'라는 근사한 이름을 갖고 있으면서도 유럽과 아시아를 잇는 최고의 길목인 이스탄불을 소유한 나라, 터키. 터키는 서양 문명의 기억을 간직하고 있는 동시에, 이슬람 제국의 영광과 문화가 스며있는 곳이다. 그리스 전문가인 저자가 동서 문명과 민족들이 끊임없는 넘나드는 세계의 교차로 터키를 30여 년 동안 발로 뛰며 집필했다.",https://image.aladin.co.kr/product/685/48/cover500/8931574649_1.jpg, 유재원 지음, 책문,2010
역사,내 차로 가는 세계여행. 2: 남미·북미를 가로지르다,"잘나가던 은행원이었으나 빚보증 때문에 나락으로 떨어지고, 마흔이라는 늦은 나이에 단돈 50만원을 쥐고 상경한 사내가 있다. 『내 차로 가는 세계 여행』은 그로부터 15년 후 아등바등 살아 왔던 중년의 남자가 55년 동안 묻어 두었던 꿈의 실현, ‘내 차로 가는 세계 여행’을 기록한 책이다.",https://image.aladin.co.kr/product/9627/48/cover500/8966374832_1.jpg, 조용필 글·사진, 미다스북스,2016
역사,도시로 보는 유럽사,"아테네, 로마, 스톡홀롬, 베니스, 프라하, 베를린, 코펜하겐, 모스크바 등 시대별로 세계를 주도한 18개 도시를 여행하면서 세계사의 흐름을 살펴본다. 저자가 실제로 한 도시에서 보름 이상 머물면서 도시 여행을 계속하고 있다.",https://image.aladin.co.kr/product/23178/93/cover500/k572630784_1.jpg, 백승종 지음, 사우,2020
역사,(업그레이드)먼나라 이웃나라. 3: 도이칠란트,"처음 책으로 묶인 1987년 이후 <먼나라 이웃나라>는 변화하는 시대에 발맞추고자 수정과 보완을 거듭해왔다. 이번 개정판은 과거의 기록이지만 현재진행형인 역사는 보다 정확하게, 새롭게 알아야 할 역사는 보다 충실하게 보강했다.",https://image.aladin.co.kr/product/17408/33/cover500/8934983973_1.jpg, 이원복 글·그림, 김영사,2018
역사,(업그레이드)먼나라 이웃나라. 4: 영국,"<21세기 먼나라 이웃나라'>를 국제정세의 변화에 발맞춰 내용을 수정했다. 1만 2,000컷을 완전히 새로 그려 보다 화려해진 그림과 최신의 세계 판도를 생생하게 담은 보다 풍성해진 현대사가 돋보인다.",https://image.aladin.co.kr/product/17408/28/cover500/8934983981_1.jpg, 이원복 글·그림, 김영사,2018
역사,(업그레이드)먼나라 이웃나라. 6: 이탈리아,"<21세기 먼나라 이웃나라'>를 국제정세의 변화에 발맞춰 내용을 수정했다. 1만 2,000컷을 완전히 새로 그려 보다 화려해진 그림과 최신의 세계 판도를 생생하게 담은 보다 풍성해진 현대사가 돋보인다.",https://image.aladin.co.kr/product/17408/33/cover500/8934984007_1.jpg, 이원복 글·그림, 김영사,2018
역사,(업그레이드)먼나라 이웃나라. 7: 일본 1 - 일본인 편,"처음 책으로 묶인 1987년 이후 <먼나라 이웃나라>는 변화하는 시대에 발맞추고자 수정과 보완을 거듭해왔다. 이번 개정판은 과거의 기록이지만 현재진행형인 역사는 보다 정확하게, 새롭게 알아야 할 역사는 보다 충실하게 보강했다.",https://image.aladin.co.kr/product/17408/55/cover500/8934984015_1.jpg, 이원복 글·그림, 김영사,2018
역사,(업그레이드)먼나라 이웃나라. 10: 미국 1 - 미국인 편,"처음 책으로 묶인 1987년 이후 <먼나라 이웃나라>는 변화하는 시대에 발맞추고자 수정과 보완을 거듭해왔다. 이번 개정판은 과거의 기록이지만 현재진행형인 역사는 보다 정확하게, 새롭게 알아야 할 역사는 보다 충실하게 보강했다.",https://image.aladin.co.kr/product/17408/23/cover500/893498404x_1.jpg, 이원복 글·그림, 김영사,2018
역사,(업그레이드)먼나라 이웃나라. 11: 미국 2 - 역사 편,"처음 책으로 묶인 1987년 이후 <먼나라 이웃나라>는 변화하는 시대에 발맞추고자 수정과 보완을 거듭해왔다. 이번 개정판은 과거의 기록이지만 현재진행형인 역사는 보다 정확하게, 새롭게 알아야 할 역사는 보다 충실하게 보강했다.",https://image.aladin.co.kr/product/17408/27/cover500/8934984058_1.jpg, 이원복 글·그림, 김영사,2018
역사,(업그레이드)먼나라 이웃나라. 14: 중국 2 - 현대 편,"지난 30년간 1,500만 독자의 선택을 받으며 대한민국을 우물 안에서 세계의 중심으로 안내해온 《먼나라 이웃나라》 시리즈가 다시 한 번 새로운 모습으로 태어났다. 과거의 기록이지만 현재진행형인 역사는 보다 정확하게, 새롭게 알아야 할 역사는 보다 충실하게 보강했다.",https://image.aladin.co.kr/product/17408/32/cover500/8934984082_1.jpg, 이원복 글·그림, 김영사,2018
역사,대한민국 독립선언서 함께 읽기,"천천히 읽는책 32권. 3.1운동과 대한민국 임시 정부 수립 100주년을 맞아 독립운동의 정신과 대한민국 건국 이념을 되새겨 보기 위한 책이다. 한문투의 어려운 문장을 읽기 쉽도록 다듬었고, 각 독립선언서가 나오게 된 배경 설명과 해설을 덧붙여 독자들의 이해를 도왔다.",https://image.aladin.co.kr/product/18385/40/cover500/k532534053_1.jpg, 이명종 글, 현북스,2019
역사,독립운동 사적지를 찾아서.2. 2: 충청·전라,,https://image.aladin.co.kr/product/6751/71/cover500/scm147863865343.jpg, 독립기념관한국독립운동사연구소 편, 국가보훈처,2012
역사,국가수호 사적지를 찾아서,,https://image.aladin.co.kr/product/8308/4/cover500/scm1241584307121.jpg, 독립기념관한국독립운동사연구소 편, 국가보훈처,2012
역사,(이화득 이미경의)미국 캐나다 자동차 여행,"경비와 노력, 위험을 최소화하면서도 미국과 캐나다를 자동차로 여행하는 최신 노하우를 담았다. 현장 사진과 과정별 설명대로 따라가면 초보 여행자도 인원 구성과 여행스타일에 맞춰 자동차를 골라 예약하고, 실수 없이 출국할 수 있다.",https://image.aladin.co.kr/product/10904/1/cover500/k682531166_1.jpg," 이화득,이미경 [공]지음", 황금열쇠,2017
역사,(Enjoy)괌,"현지의 최신 정보를 중심으로 가족 여행, 커플 여행 등 여행의 목적을 고려해 괌을 특별하게 즐길 수 있도록 구성되었다. 대중교통, 렌터카, GPS 정보로 섬 어디든 쉽게 도달할 수 있고 특히 휴양지에서 가장 중요한 부분을 차지하는 호텔 선택을 도와준다.",https://image.aladin.co.kr/product/7671/17/cover500/k702434720_2.jpg," 민보영,이나미 지음", 넥서스Books,2017
역사,"쉼표, 군산","신흥동 일본식 가옥, 초원사진관, 금강하굿둑, 선유도 등 군산의 유명한 여행지부터 풍력발전단지, 꽁당보리밭, 어청도 같이 잘 알려지지 않았던 곳까지 서로 다른 매력을 가진 군산의 명소 17곳을 골라 알차게 즐기는 방법을 안내한다.",https://image.aladin.co.kr/product/4799/41/cover500/1185502106_1.jpg, 유승혜 지음, 퍼블리싱 컴퍼니 클,2016
역사,나홀로 여행 컨설팅북,"혼술, 혼밥이 사회적 트렌드로 자리 잡은 요즘 혼자 놀기의 끝판왕이라고 한다면 역시 혼자 여행하기다. 하지만 막연한 두려움이 앞서 떠나지 못하는 여행자들이 대부분이다. 이제 걱정하지 말자. 저자의 10여년 노하우가 이 책 한권에 담겨 있다.",https://image.aladin.co.kr/product/9573/87/cover500/k182535335_1.jpg, 이주영 지음, 길벗,2016
역사,서양사 개념어 사전,"가격혁명부터 휴머니즘까지 135개의 개념어로 서양사 5천년을 서술했다. 잘못 알고 있던 역사 용어, 상식까지 지적한다. 역사 교과서에서 배웠으나 깊이 있게 알지 못했던 사실, 그 내용의 중요성에 비해 소홀히 다뤄졌던 사건과 인물, 용어 등을 풀었다.",https://image.aladin.co.kr/product/242/53/cover500/8952209664_2.jpg, 김응종 지음, 살림출판사,2008
역사,(어린이의)미래를 여는 역사. 2: 침략과 저항,"세 나라에서 일어난 민족운동과 사회운동으로 첫 장을 연다. 한국에서는 독립운동의 도화선이 된 3.1운동이 일어나고, 이는 중국에도 영향을 주어 민주주의 혁명의 출발이라고 할 수 있는 5.4운동이 일어난다. 일본에서도 자유와 인권을 지키기 위한 여러 개혁운동이 일어난다. 일본의 침략전쟁이 본격화되면서 중국의 만주 지역이 일본의 손에 넘어가고 곧이어 꼭두각시 나라 만주국이 세워진다.",https://image.aladin.co.kr/product/88/30/cover500/8984312126_1.jpg, 김한조 지음, 한겨레아이들,2007
역사,(열등감을 희망으로 바꾼)오바마 이야기,"출생부터 미국 대통령 후보가 되기까지의 오바마 인생 풀 스토리를 담은 책. 청소년의 눈높이에 맞추어 누구나 쉽게 오바마에 대해 알 수 있게 한 것이다. 두꺼운 자서전의 압축판으로, 위인전처럼 쉽고 부담 없이 읽을 수 있고, 그러면서 오바마라는 인물을 쉽게 이해할 수 있다.",https://image.aladin.co.kr/product/271/34/cover500/8976776070_1.jpg, 헤더 레어 와그너 지음;유수경 옮김, 명진출판,2008
역사,(장콩 선생님과 함께 묻고 답하는)한국사카페. 1: 선사시대부터 조선후기까지,"청소년을 위한 역사 교양서로, 청소년들이 쉽고 재미있게 우리 역사의 맥락과 흐름을 짚어내고, 역사에 흥미를 갖게 하기 위해 문답식구성과 함께 만화형식을 도입했다. 역사를 시대 순으로 나열하되 사건이나 왕조 중심이 아니라 핵심 주제 중심으로 서술한다.",https://image.aladin.co.kr/product/201/47/cover500/8992410980_1.jpg, 장용준 지음;서은경 그림, 북멘토,2008
역사,(장콩 선생님과 함께 묻고 답하는)한국사카페. 2: 흥선 대원군 집권부터 이명박 정부까지,"청소년을 위한 역사 교양서로, 청소년들이 쉽고 재미있게 우리 역사의 맥락과 흐름을 짚어내고, 역사에 흥미를 갖게 하기 위해 문답식구성과 함께 만화형식을 도입했다. 역사를 시대 순으로 나열하되 사건이나 왕조 중심이 아니라 핵심 주제 중심으로 서술한다.",https://image.aladin.co.kr/product/239/49/cover500/8992410050_1.jpg, 장용준 지음;서은경 그림, 북멘토,2008
역사,"다부진 나라, 스위스에 가다",경찰 출신의 대사라는 흔하지 않은 이력을 가진 저자 구니마쓰 다카시가 탐정이 수사를 하듯 스위스 전역을 누비며 우리가 몰랐던 스위스의 흥미로운 이야기를 들려주는 책.,https://image.aladin.co.kr/product/283/54/cover500/8991965334_1.jpg, 구니마쓰 다카지 지음;이덕숙;노시내 옮김, 기파랑,2008
역사,히틀러 최후의 14일,"1945년 4월 16일 소련 군대가 독일 베를린 공격을 시작한 순간부터 히틀러가 지하 벙커 속에서 권총 자살을 하기까지 14일간의 기록을 생생하게 담아낸 책. 2004년 9월 독일, 프랑스 등에서 개봉되어 수많은 관객을 동원하며 커다란 논란을 불러일으킨 영화 [몰락 Der Untergang]의 원작이다.",https://image.aladin.co.kr/product/55/33/cover500/8995530073_2.jpg, 요하임 페스트 지음;안인희 옮김, 교양인,2008
역사,(전한길 한국사)합격생 빵꾸 노트. 2,전한길 교수의 한국사 20년 강의 노하우 공개! 2017 최신 공무원 기출문제까지 모두 반영한 필기노트와 더불어 필기노트 내용 중 반드시 외워야 하는 중요 개념은 빈칸 넣기를 통해 정리할 수 있도록 빵꾸노트를 함께 수록했다.,https://image.aladin.co.kr/product/11290/31/cover500/k092531999_1.jpg, 전한길 지음, 에스티유니타스,2018
역사,한 컷 한국사,"집필진은 한 컷의 역사 사진에 담겨 있는 시대상을 역사 교사의 시선으로 풀어쓴 책이 있으면 좋겠다는 데 의견을 모은 뒤, 145컷의 한국사 사진을 선정하고 2년의 공부와 집필을 거쳐 <한 컷 한국사>를 완성했다.",https://image.aladin.co.kr/product/29541/33/cover500/8964462017_1.jpg, 조한경 외 지음, 해냄에듀,2022
역사,미드웨이,"2차 대전의 향방을 결정한 미드웨이 해전, 그 현장에 있었던 뇌격기 조종사의 생생한 기록을 담은 책이다. 1942년 6월 4일 단 하루 동안 벌어진 미드웨이 해전은 태평양 전쟁의 서막을 올린 진주만 기습 이후 미 해군이 처음으로 거둔 승리였다.",https://image.aladin.co.kr/product/22229/26/cover500/k342636617_2.jpg, 프레더릭 미어스 지음;정탄 옮김, 교유서가,2019
역사,미술로 보는 우리 역사,"원시인 시대의 석기와 무기부터 삼국 시대의 불교 미술, 고려청자와 팔만대장경을 지나 조선시대 궁궐과 민속화까지. 한국사에 나타나는 미술품들을 연대기별로 살폈다. 일반인의 시각에 맞추어 석굴암, 다보탑 등의 미술 유적과 유물의 아름다움을 세부적으로 묘사했고, 당대의 미술과 사람들의 생활을 연관지어 설명하는데 주안점을 두어 한국 미술사 교재로 손색이 없다.",https://image.aladin.co.kr/product/5/41/cover500/897414039x_2.jpg, 전국역사교사모임 엮음, 푸른나무,2006
역사,할매는 파리 여행으로 부재 중,"60대에 자유여행을 시작한 인기 블로거, 맑고맑은 할매의 자유여행 초창기 이야기다. 삶의 희노애락을 맛보고 손주까지 본 나이에 처음 시작한 저자의 자유여행은 그동안 살아온 삶에 대한 보상이자, 새로운 세계로의 입문이었다.",https://image.aladin.co.kr/product/10515/46/cover500/k352530031_1.jpg, 맑고맑은 지음;명난희 그림, 봄빛서원,2017
역사,(역사를 통한)동아시아 공동체 만들기,"역사 및 정치적 관점에서 동아시아 공동체 만들기의 가능성을 짚어본다. 과거 '대동아공영권' 같은 제국주의적인 어두운 색채를 벗고 미국, 유럽 등의 지역블록화에 대응한 동아시아의 집단 안전 보장체제의 구축 필요성을 살펴보고, 올바른 역사적 관점에 의거한 초국가적 공동체 만들기를 이야기한다.",https://image.aladin.co.kr/product/63/12/cover500/899151023x_1.jpg, 김기봉 지음, 푸른역사,2007
역사,(신병주 교수의)조선 산책,"역사 속 사건과 인물이 현재에 던지는 화두는 무엇인지, 이를 반면교사 삼아 우리가 나아가야 할 길은 무엇인지 살펴본다. 태조의 계비 신덕왕후의 무덤이 옮겨진 연유와 흔적, 1795년 정조의 화성행차 배경과 8일간의 일정 등을 추적하며 과거와 현재의 마중물로서 역사를 생생하게 느끼도록 했다.",https://image.aladin.co.kr/product/13928/93/cover500/k642532628_1.jpg, 신병주 지음, 매일경제신문사,2018
역사,심용환의 역사 토크,"<역사전쟁>, <단박에 한국사>로 독자의 눈높이에 맞춘 역사 대중서로 주목받았고, 팟캐스트 [진짜 역사 가짜 역사], [CBS 근현대사 똑바로 보기], [어쩌다 어른] 등 언론과 방송에서도 종횡무진하고 있는 심용환의 역사 토크.",https://image.aladin.co.kr/product/10044/23/cover500/k752536779_1.jpg, 심용환 지음, 휴머니스트,2017
역사,하루여행,"누구나 익숙하게 들어보고 한번쯤 가보기도 했을 곳이지만 매서운 여행자의 눈이 아니면 쉽게 발견할 수 없는 숨겨진 곳곳의 스토리 있는 문화 공간과 특별한 카페, 쉬엄쉬엄 걷기 좋은 옛 동네길 등을 시간대별 하루 일정에 맞춰서 소개한다.",https://image.aladin.co.kr/product/7069/22/cover500/8960304425_1.jpg, 이한규 지음;[박순옥 그림], 황금부엉이,2015
역사,휴먼카인드,“인간의 본성은 과연 이기적인가?” 최초의 인류부터 현재까지 방대한 인류 문명의 역사가 증명하는 한 가지 진실은 “전쟁과 재난 등 절체절명의 위기 속에서 인간은 어김없이 ‘선한 본성’에 압도되어왔다”는 것이다. 인간 본성이 이기적이라는 프레임을 깰 때 우리는 연대와 협력을 이뤄낼 것이다.,https://image.aladin.co.kr/product/31674/41/cover500/k802833675_2.jpg, 뤼트허르 브레흐만 지음;조현욱 옮김, 인플루엔셜,2021
역사,딸에게 들려주는 역사 이야기. 2,1990년대 초 PC통신 〈하이텔〉에서 온라인 글쓰기를 시작해 ‘산하’라는 닉네임으로 지금까지 활발하게 활동하고 있는 역사 이야기꾼 김형민 저자가 2015년 초부터 주간지 《시사IN》에 연재하고 있는 역사이야기 중 2016년까지 연재한 100여 꼭지를 새롭게 손본 책.,https://image.aladin.co.kr/product/11982/55/cover500/k782531535_1.jpg, 김형민 지음, 푸른역사,2019
역사,(에이든)국내여행 가이드북,여행 베스트셀러 “에이든 국내여행 가이드북” 2022년 4월 개정증보판을 정식 출간하였다. 48개나 되는 지도가 전체 업데이트 되었고 최근 핫한 스팟들과 도별 맛집이 추가 되었다. 물론 사진과 컨텐츠도 전체적으로 업데이트 되었다.,https://image.aladin.co.kr/product/29186/9/cover500/k782837081_1.jpg, 이정기;타블라라사 편집부 [공]지음, 타블라라사,2022
역사,여기 가려고 주말을 기다렸어,평일에 지친 일상을 보낸 사람들에게 주말의 즐거움을 기대하게 하는 여행 뉴스레터가 있다. 바로 매주 금요일 발행되는 ‘주말랭이.’ 이 책은 그동안 ‘주말랭이’ 구독자들에게 뜨거운 반응을 얻은 내용뿐만 아니라 새롭게 다양하고 재미있는 정보들을 꼼꼼하게 보강해 소개한다.,https://image.aladin.co.kr/product/31608/18/cover500/k202833778_1.jpg, 주말랭이 지음, 빅피시,2023
역사,벌거벗은 세계사. [3]: 경제편,"tvN 최고 화제 교양 프로그램인 〈벌거벗은 세계사〉에서 다뤘던 내용 중 경제에 관한 사건들을 모아 만든 책이다. 세계 역사에 큰 획을 그은 순간은 물론, 처음 만나는 의외의 사실들까지 더해 그동안 우리가 보지 못했던 프레임 밖 경제사를 보여준다.",https://image.aladin.co.kr/product/31573/96/cover500/k892832657_1.jpg, tvN <벌거벗은 세계사> 제작팀 지음, 교보문고,2022
역사,Heritage,"불가능한 상황 속에서, 가능성을 꿈꾸고 모두가 안된다고 하는 상황에서 선각자의 정신을 발휘하고 희망이 없는 상황에서 희망을 만들어내고, 불가능을 가능케한 선각자들의 말과 정신이 담겨 있는 책이다.",https://image.aladin.co.kr/product/28781/53/cover500/k322836489_3.jpg, 헤리티지 출판팀 지음, 아크,2021
역사,참모로 산다는 것,"과학자 장영실·예술가 성현·일본에서 귀화한 장군 김충선·달필가 허목·수학자 최석정·실학자 김육과 정약용까지, 조선의 참모들은 각자의 위치에서 자신만의 방식으로 나라를 빛냈다. 시대를 치열하게 살아낸 42명의 인물로 조선왕조 흥망성쇠의 역사를 살펴본다.",https://image.aladin.co.kr/product/31640/52/cover500/k642833370_1.jpg, 신병주 지음, 매일경제신문사,2023
역사,치앙마이를 가장 멋지게 여행하는 방법,"태국관광청 추천 가이드북. 전 세계 여행자들의 사랑을 받고 있는 관광지, 카페, 레스토랑, 북숍, 수공예 상점, 스파, 호텔 등 300여 개의 스폿이 알차게 수록되었다. 치앙마이와 매력적인 근교 도시 치앙라이, 빠이에 대한 여행 정보 또한 풍성하다.",https://image.aladin.co.kr/product/18467/0/cover500/k062534558_1.jpg, 신중숙;방콕커플 [공]지음, 한빛라이프,2019
역사,치앙마이,"소소한 기쁨이 가득한 치유의 여행지, 치앙마이 가이드북. ‘1권 미리보는 테마북’에서는 치앙마이가 가지고 있는 다양한 매력과 분위기를 전하기 위해 노력했고, ‘2권 가서보는 코스북’에서는 하나하나의 스폿 정보를 꼼꼼하게 담았다.",https://image.aladin.co.kr/product/20265/49/cover500/k112635857_1.jpg, 이진경;김경현 [공]지음, 길벗,2019
역사,(최신)한국사능력검정시험 심화,"1회부터 현재까지 모든 문제를 외우다시피 하는 저자는, 어떤 문제가 다시 나올지 거의 100% 예상할 수 있다. 늘 출제되는 주제와 유형이 있으므로, 그것들만 공부하면 70점 이상은 손쉽게 받을 수 있다는 것도 알고 있다. 그래서 그런 노하우를 이 책에 담고 있다.",https://image.aladin.co.kr/product/31772/46/cover500/s562833875_1.jpg, 김정현 지음, 에이치북스,2023
역사,천재들의 학창시절,"문학, 철학, 음악, 과학, 정치 분야에서 명성을 떨친 60명의 위대한 인물들의 학창시절을 찾아 여행을 떠난다. 고대 그리스 알렉산드로스 대왕부터 20세기의 프로이트, 아인슈타인에 이르기까지 천재들의 각양각색 방황과 편력 그리고 성장통이 그려진다.",https://image.aladin.co.kr/product/1808/94/cover500/8991508936_1.jpg, 게르하르트 프라우제 지음;엄양선 옮김, 황소자리,2012
역사,"중세, 천년의 빛과 그림자","로마 제국의 몰락부터 근대 유럽 국가들이 등장했던 1,000년 동안의 역사, 정치, 문화를 함께 살핀 책이다. 중세사 학자 자입트는 교황과 황제, 영주와 농노가 서로를 적대시하고 또 때로는 화합하며 공존했던 생생한 역사의 현장으로 우리를 안내한다.",https://image.aladin.co.kr/product/2401/79/cover500/8965640695_1.jpg, 페르디난트 자입트 지음;차용구 옮김, 현실문화,2013
역사,"고구려, 역사에서 미래로","생생한 사진과 깊고 넓은 해석으로 경험하는 고구려 역사현장 다큐멘터리. 고구려의 주몽에서 광개토태왕, 장수왕, 그리고 멸망에 이르기까지 번성하고 화려했던 고구려를 재조명하고, 한민족의 뿌리를 찾아보고자 했다.",https://image.aladin.co.kr/product/2679/70/cover500/8994781129_1.jpg, 윤명철 지음;윤명도 사진, 참글세상,2013
역사,스무살엔 몰랐던 내한민국,한 당찬 여성작가의 근대 한국에 대한 독창적인 역사 해석보고서. 우리는 구한말과 일제 강점기의 역사를 수치스럽게 생각한다. 대한제국이 멸망하고 식민지가 되었으니 누구도 이 시대 한국인의 장점에 주목하지 않았다.,https://image.aladin.co.kr/product/2721/92/cover500/8993241368_1.jpg, 이숲 지음, 예옥,2013
역사,워키토키 유럽,"변호사와 농부, CEO와 사회학도 네 남자가 만나 식상한 여행법에 반기를 들었다. 현지인들을 무작정 찾아가 그들에게 말을 걸어보는 여행이라 하여 일명 ‘워키토키 여행’을 소개한다. 이들의 발칙하고 기발한 유럽여행을 따라가 보자.",https://image.aladin.co.kr/product/2589/94/cover500/892684238x_1.jpg, 최규동;추광재;황경태;홍윤선 [공] 지음, 이담북스,2013
역사,"요기Yogi, 인도에 쉼표를 찍었습니다",요가를 하기 위해 인도 여행을 다녀온 저자의 경험을 담은 이색적인 책이다. 중국에서 영화를 공부하고 부산국제영화제 등에서 자신의 열정을 불태우던 저자는 어느 날 자신 안의 무언가가 홀연히 빠져나가버리는 느낌을 받았다.,https://image.aladin.co.kr/product/2975/79/cover500/8997835327_1.jpg, 이헌희 지음, 북노마드,2013
역사,모자이크 세계지리,"지리학의 가장 일선에 있는 현직 교사의 안목으로 학생들과 교양인들이 가장 궁금해 할 만한 세계 지리에 관한 질문 145가지에 답한다. 이 책은 우리가 일상다반사로 접하고 있지만 단순한 정보로만 흘려버리는 각국의 현상들을 하나하나 짚어가며 그 원인을 좇아가며 세계를 한바퀴 도는, '책으로 돌려 보는 지구본'이다.",https://image.aladin.co.kr/product/1255/75/cover500/8932315795_1.jpg, 이우평 지음, 현암사,2011
역사,(용선생의) 시끌벅적 한국사. 2: 세 나라가 성장하다,"서울대 대학원의 젊은 역사학자들과 학계 각 시대 각 분야의 권위자들이 수차례 글과 구성을 검토하고 다듬어 펴낸 어린이 역사책이다. 올바른 역사 교육을 고민하는 교사들의 모임인 전국초등사회교과모임에서 새롭게 개정된 교과 과정이 충실하게 반영되었는지 검토했다. 꼭 알아야 할 개념과 상식을 풀어 주고, 단편적인 사실 나열이 아닌 흐름과 핵심을 짚어 준다.",https://image.aladin.co.kr/product/1647/63/cover500/8964355229_1.jpg, 금현진;손정혜;주유정 [공] 글;이우일;박소영 [공] 그림, 사회평론,2012
역사,"(용선생의) 시끌벅적 한국사. 3: 북쪽엔 발해, 남쪽엔 신라","서울대 대학원의 젊은 역사학자들과 학계 각 시대 각 분야의 권위자들이 수차례 글과 구성을 검토하고 다듬어 펴낸 어린이 역사책이다. 올바른 역사 교육을 고민하는 교사들의 모임인 전국초등사회교과모임에서 새롭게 개정된 교과 과정이 충실하게 반영되었는지 검토했다. 꼭 알아야 할 개념과 상식을 풀어 주고, 단편적인 사실 나열이 아닌 흐름과 핵심을 짚어 준다.",https://image.aladin.co.kr/product/1647/64/cover500/8964355237_1.jpg, 금현진;손정혜 [공] 글;이우일;박소영 [공] 그림, 사회평론,2012
역사,(용선생의) 시끌벅적 한국사. 4: 고려의 기틀을 다지다,"서울대 대학원의 젊은 역사학자들과 학계 각 시대 각 분야의 권위자들이 수차례 글과 구성을 검토하고 다듬어 펴낸 어린이 역사책이다. 올바른 역사 교육을 고민하는 교사들의 모임인 전국초등사회교과모임에서 새롭게 개정된 교과 과정이 충실하게 반영되었는지 검토했다. 꼭 알아야 할 개념과 상식을 풀어 주고, 단편적인 사실 나열이 아닌 흐름과 핵심을 짚어 준다.",https://image.aladin.co.kr/product/1647/65/cover500/8964355245_1.jpg, 금현진;김우택 [공] 글;이우일;박소영 [공] 그림, 사회평론,2012
역사,4.19 혁명,십대가 만난 현대사 시리즈 1권. 10대들에게 우리의 현대사를 제대로 들려주기 위해 기획된 시리즈. 1권에서는 4.19 혁명이 일어나기까지의 사회적 상황과 혁명의 진행 과정을 시간 순으로 꼼꼼히 추적함으로써 당시 사람들이 꿈꾸었던 민주주의가 무엇이었는지 되짚어 본다.,https://image.aladin.co.kr/product/842/5/cover500/8984314404_1.jpg, 윤석연 지음;소복이 그림, 한겨레틴틴,2010
역사,4.19 혁명과 소녀의 일기,"4.19 혁명 당시 18세 여고생이었던 저자가 보고 겪은 4.19혁명에 대한 생생한 기록을 담은 책. 51여년 만에 처음 공개된 이 일기는 1959년 8월부터 1960년 4월 19일 혁명 전후, 8월 27일까지의 4.19 혁명의 체험기이자 관찰기이다. 근현대사 격변기라는 역사적 상황 속에서 불행한 삶을 살기보다는 꿋꿋하게 꿈과 사랑을 잃지 않았던 한 어린 소녀의 솔직한 고백과 기록이 담겨 있다.",https://image.aladin.co.kr/product/1145/88/cover500/8993225346_1.jpg, 이재영 지음, 해피스토리,2011
역사,(박시백의) 조선왕조실록. 7: 연산군일기 : 절대권력을 향한 위험한 질주,'도학군주' 성종의 뒤를 이은 연산은 집권 초기에 사사건건 대간 세력과 충돌한다. 세자 시절부터 대간 세력을 눈엣가시로 여겨온 연산은 유자광 등을 앞세워 '무오사화'를 일으켜 사림 세력을 제압한다. 짧은 안정기를 거친 후 다시 피바람이 몰아치니 연산의 어머니 폐비 윤씨 사건과 관련된 '갑자사화'다.,https://image.aladin.co.kr/product/60/55/cover500/895862079x_1.jpg, 박시백 글.그림, 휴머니스트,2005
역사,사마천의 마음으로 읽는 『사기』,"사마천의『사기열전』 70편 중 30편의 열전을 선정해 새로 번역하고, 여기에 평어(評語)를 덧붙인 것이다. 선정된 글들의 주인공은 통일 진(秦)나라 이전 시기의 인물들이 대부분이다. 저자는 선정한 30편 안에서도 사실 고증에 집착하거나 화제가 곁가지로 빠져나가 필세가 약해진 부분은 과감하게 생략했다.",https://image.aladin.co.kr/product/15931/57/cover500/8971998946_1.jpg, 이승수 지음, 돌베개,2018
역사,(프렌즈)베트남,"베트남 전역의 25개 도시 여행 정보는 물론 주변국을 연계한 여행법까지 총망라해 소개한다. 이번 2018~2019년 개정판에서는 베트남 최신 여행 트렌드 및 다양한 여행자 취향을 고려해 볼거리, 식당, 숙소 등 57곳의 핫스폿 정보를 전폭 추가했다.",https://image.aladin.co.kr/product/14950/88/cover500/8927809416_1.jpg, 안진헌 지음, 중앙books,2018
역사,그랜드 투어,"어린 귀족들의 교육 여행 그랜드 투어. 일찍이 부모로부터 독립하고, 다양한 언어를 배우며, 국경을 넘어 전 유럽이라는 더 큰 공동체를 체험했던 여행의 역사, 이 특별한 여행을 떠났던 사람들을 통해 18세기 유럽의 모습을 복원한다.",https://image.aladin.co.kr/product/2444/69/cover500/8901154714_1.jpg, 설혜심 지음, 웅진지식하우스,2013
역사,1면으로 보는 근현대사,"신문 기사를 통해 우리 근대사의 주요 사건을 더듬어 본 책이다. 근대사를 다양한 시각과 방법으로 분석한 책은 많지만 신문 기사만으로 역사의 흐름을 엮어낸 것은 이 책이 처음이다. 우리 근현대사가 오늘날 살아 숨 쉬는 사건으로 되살아나도록 구성, 편집, 해설했다.",https://image.aladin.co.kr/product/303/88/cover500/8974833735_3.jpg, 김흥식 지음, 서해문집,2009
역사,(삐딱하고 재미있는)세계 탐험 이야기,"<삐딱하고 재미있는 세계 탐험 이야기>는 대항해 시대 때 눈부시게 활동했던 10명의 탐험가 이야기를 다룬다. 대항해시대를 열었던 엔리케 왕자부터 세계 일주에 성공한 마젤란까지, 콜럼버스와 다 가마, 베스푸치 등이 그 대상.",https://image.aladin.co.kr/product/43/11/cover500/8971843888_2.jpg, 진 프리츠 지음;앤서니 B. 벤터 그림;이용인 옮김, 푸른숲,2008
역사,내 나이가 어때서?,황톳길과 푸른 보리밭을 걸어보고 싶어 길을 떠난 할머니. 해남 땅끝마을에서부터 통일전망대까지 23일간의 여정을 글과 사진으로 담았다.,https://image.aladin.co.kr/product/57/71/cover500/8991075215_1.jpg, 황안나 지음, 샨티,2011
역사,바람이 우리를 데려다주겠지,,https://image.aladin.co.kr/product/358/68/cover500/895605343x_1.jpg, 오소희 지음, 북하우스,2011
역사,그들은 정말 조선을 사랑했을까？,"일반인들이 상식처럼 알고 있는 근대 역사 속의 장소, 사람, 사건 등에 대한 오류들을 바로잡고, 잘 알려지지 않은 역사적 사실을 발굴했던 에 이은 '일그러진 근대 역사의 흔적 찾기' 두번째 편. '일제잔재'에 대한 문제제기에 중점을 두며 31장의 작은 주제들로 묶었다.",https://image.aladin.co.kr/product/57/83/cover500/8990229138_1.jpg, 이순우 지음, 하늘재,2008
역사,즐거운 국사수업. 1: 선사시대부터 조선 후기까지,"학생들을 위한 쉽고 재미있는 한국사 책. 알찬 역사 교양서일 뿐만 아니라, 학생들과 일반인들이 치르는 모든 국사 시험에 대비할 수 있도록 우리 역사를 총망라해서 담고 있다. 고등학교 국사 과정을 중심으로 우리 민족의 선사시대부터 근대 태동기인 조선 후기까지의 역사를 설명하고 있다.",https://image.aladin.co.kr/product/449/4/cover500/898532196x_1.jpg, 김은석 지음, 살림터,2011
역사,(고우영)좌충우돌 세계여행기. 1: 중국편,"10여 년 전 출간된 여행 에세이 를 추모 2주기를 기념하는 의미에서 현대적으로 재편집해 내놓은 여행서이다. 고전 만화 이외의 단행본으로는 소량의 작품만을 남겼을 뿐만 아니라, 고우영 화백의 농후하고 솔직 담백한 여행기라는 점에서 책의 가치는 더욱 빛을 발한다.",https://image.aladin.co.kr/product/91/61/cover500/8954414451_1.jpg, 고우영 글·그림, 자음과모음,2009
역사,(고우영)좌충우돌 세계여행기. 2: 미국편,1970년대 중반 고우영 화백이 6개월간 미국을 여행한 후 느낀 감상을 생각나는 대로 자유분방한 형식으로 엮은 여행기이다.,https://image.aladin.co.kr/product/91/61/cover500/8954414478_1.jpg, 고우영 글·그림, 자음과모음,2009
역사,행복바이러스 안철수,"백신 전문가 안철수가 지난 시절의 이야기를 어린이와 청소년들에게 들려주는 책. 자기가 하고 싶은 일에 도전하고 도전해서 성취하는 것, 그리고 나누고 또 다른 삶을 위해 또 다시 도전하는 인생이야말로 멋진 인생이라고 말하는 안철수를 통해 진정한 행복에 대해 고민해보게 하는 책이다.",https://image.aladin.co.kr/product/452/8/cover500/8992826257_3.jpg, 안철수 글;원성현 그림, 리젬,2011
역사,행복바이러스 안철수,"백신 전문가 안철수가 지난 시절의 이야기를 어린이와 청소년들에게 들려주는 책. 자기가 하고 싶은 일에 도전하고 도전해서 성취하는 것, 그리고 나누고 또 다른 삶을 위해 또 다시 도전하는 인생이야말로 멋진 인생이라고 말하는 안철수를 통해 진정한 행복에 대해 고민해보게 하는 책이다.",https://image.aladin.co.kr/product/452/8/cover500/8992826257_3.jpg, 안철수 글;원성현 그림, 리젬,2011
역사,행복바이러스 안철수,"백신 전문가 안철수가 지난 시절의 이야기를 어린이와 청소년들에게 들려주는 책. 자기가 하고 싶은 일에 도전하고 도전해서 성취하는 것, 그리고 나누고 또 다른 삶을 위해 또 다시 도전하는 인생이야말로 멋진 인생이라고 말하는 안철수를 통해 진정한 행복에 대해 고민해보게 하는 책이다.",https://image.aladin.co.kr/product/452/8/cover500/8992826257_3.jpg, 안철수 글;원성현 그림, 리젬,2011
역사,조선 양반의 일생,"국가의 중심 세력이면서 조선 사회의 그늘이기도 했던 조선 양반의 생애를 다루었다. 서울대 규장각한국학연구원이 알려지지 않았던 다양한 고문서를 활용하여, 중국과 일본 지배계급과의 차이점부터 실생활의 미세한 부분까지 관통하는 조선 양반 생애사를 완성했다.",https://image.aladin.co.kr/product/594/0/cover500/8993905134_1.jpg, 규장각한국학연구원 엮음, 글항아리,2011
역사,조선 왕을 말하다. 2,"'2010 SERI CEO 추천도서'로 선정된 <조선 왕을 말하다> 1권에 이어 2권이 출간되었다. 2권에서도 저자는 1차 사료를 바탕으로 조선 왕들에 대한 핵심 쟁점을 날카롭고 명쾌하게 바로잡았으며, 동시에 그 시대가 나아가야 할 지향점을 살펴보고 그 군주가 그 지점으로 가기 위해 어떤 노력을 기울였는지 조명했다.",https://image.aladin.co.kr/product/825/31/cover500/8993119236_1.jpg, 이덕일 지음, 역사의아침,2011
역사,스포츠로 보는 동아시아사,동아시아에서 탈정치를 표방하며 아마추어 스포츠를 주창해왔던 이들이 순수 스포츠에 틈입해왔던 ‘분단’과 ‘연대’의 정치적 현실과 어떻게 대면해왔는가를 입체적으로 서술한 최초의 스포츠 통사이다.,https://image.aladin.co.kr/product/32431/55/cover500/k622935192_1.jpg, 다카시마 고 지음;장원철;이화진 [공]옮김, AK(에이케이커뮤니케이션즈),2023
역사,대한민국 역사,"한국의 정치와 사회는 깊은 내면의 분열을 안고 있으며, 그것은 끊임없이 정치와 사회의 크고 작은 갈등과 대립으로 표면화하고 있다. 국민 모두가 애국심으로 공유하는 국가의 역사가 아직 성립해 있지 않은 실정이다.",https://image.aladin.co.kr/product/2885/1/cover500/8965239060_2.jpg, 이영훈 지음, 기파랑,2013
역사,(독립기념일로 살펴보는)세계 독립의 역사,"[어서와, 한국은 처음이지?], [비정상회담] 등 여러 프로그램을 통해 '최고의 역사 가이드', '한국 역사 덕후'라는 극찬을 받은 알파고 시나씨가 15년 전 한국에 와서 공부했던 정치외교학의 배경지식과 외신기자로 활동하면서 얻은 정보를 토대로 세계 10개국의 독립 이야기를 주제별로 우리나라와 비교분석했다.",https://image.aladin.co.kr/product/18469/89/cover500/k912534551_2.jpg, 알파고 시나씨 지음, 초록비책공방,2019
역사,"5월 18일, 맑음","창비청소년문고 33권. 1980년 5월부터 오늘날까지 이어지는 5·18 이야기를 전하는 책이다. 하늘이 맑아서 더욱 슬펐던 그해 5월 18일부터 열흘 동안 펼쳐진 항쟁, 그리고 그날의 죽음을 기억하며 세상을 더욱 맑은 곳으로 만들고자 애써 온 사람들의 이야기가 담겼다.",https://image.aladin.co.kr/product/18617/73/cover500/8936452339_1.jpg, 임광호 외 지음, 창비,2019
역사,(세상에서 가장 쉬운)세계사,"재미있게 보는 심플 세계사. 맥없이 무너진 유럽의 역사, 영화 속 스파르타 전사와 캐리비안 해적의 가려진 역사, 전쟁으로 일어선 미국의 역사, 단숨에 읽는 일본의 역사까지, 날라리 영웅 캐릭터들이 전하는 흥미로운 이야기를 통해 생생한 세계사를 살펴본다.",https://image.aladin.co.kr/product/23294/78/cover500/k142637714_1.jpg, 천레이 지음;김정자 옮김, 정민미디어,2020
역사,40일간의 남미 일주,"지금으로부터 약 1년 전, 한국에서 지구 반대편을 향해 떠난 한 소설가가 있었다. '민숙 초이(Min Suk Choi)' 최민석 소설가가 2019년 7월 2일부터 8월 11일까지, 멕시코부터 콜롬비아, 페루, 칠레, 아르헨티나를 거쳐 브라질까지 6개국을 여행한 기록을 담은 책이다.",https://image.aladin.co.kr/product/24919/88/cover500/8965749476_1.jpg, 최민석 지음, 해냄,2020
역사,(신화와 축제의 땅)그리스 문명 기행,"서양고전문헌학자 김헌과 함께 떠나는 그리스 문명 답사.‘신화’와 ‘축제’라는 열쇳말을 가지고 고대 그리스의 세계로 안내한다. 저자는 두 차례의 그리스 문명 기행을 통해, 오늘의 세계를 규정해왔던 문명의 근원을 인문적 통찰과 문학적 상상력으로 재현해낸다.",https://image.aladin.co.kr/product/27812/44/cover500/8957337458_2.jpg, 김헌 지음, 아카넷,2021
역사,꿈만 같은 울릉도와 독도 여행,,https://image.aladin.co.kr/product/11244/99/cover500/scm3810425344441.jpg, 울릉군 엮음, 울릉군,2011
역사,고찰명,저자 신경진은 지난 3년 동안 중앙일보의 뉴스클립 코너를 빌려 '중국 도시 이야기'를 연재했다. 많은 독자들의 성원에 힘입어 <고찰명>으로 펴내게 된 저자는 중국 전문가로서 자신의 모든 지식과 경험을 총동원해 새로이 25개 도시 이야기를 완성했다.,https://image.aladin.co.kr/product/3340/38/cover500/8954623085_1.jpg, 신경진 지음, 문학동네,2013
역사,금서의 역사,"책에 대한 억압의 역사에 관해 이야기한다. 책을 금지하는 것이 생각을 금지하는 것이라 여긴 독재자들과 교회 권력, 그에 대항해 창작열을 불태운 수많은 작가들의 고단한 투쟁, 역사 속 금지된 책에 관한 거의 모든 에피소드가 쉴 새 없이 이어진다.",https://image.aladin.co.kr/product/3261/27/cover500/8952770358_1.jpg, 베르너 풀트 지음;송소민 옮김, 시공사,2013
역사,도시로 보는 유럽통합사,"도시라는 주제를 통해 유럽과 유럽통합에 접근함으로써, 다양하고 특색 있는 유럽의 도시들이 어떻게 유럽의 핵심을 형성하고 유럽통합을 이루어냈는지를 그려내고자 기획된 책. 유럽 각 도시의 역사적 형성 과정과 함께 유럽연합체제 아래서의 새롭고 특별한 역할을 조명한다.",https://image.aladin.co.kr/product/3333/22/cover500/8997735314_1.jpg, 통합유럽연구회 지음, 책과함께,2013
역사,사도세자가 꿈꾼 나라,"영조 38년, 여드레 동안 뒤주에 갇혀 있던 세자가 죽었다. 이후 그의 이름은 금기가 되었으며, 그 누구도 그 사건에 대해 말할 수 없었다. 스물여덟, 비운의 세자가 남긴 미완의 꿈과 비극의 진실에 대해 다룬 책으로, <사도세자의 고백>의 개정판이다. 사료에 나타난 관련 기록들을 보충함으로써 '사도세자'에 대한 의견을 좀더 보강했으며, 그와 함께 이전 판의 몇 가지 표기 오류 등을 정정했다.",https://image.aladin.co.kr/product/1403/57/cover500/8993119368_2.jpg, 이덕일 지음, 위즈덤하우스,2011
역사,세계 지도자와 술,"역사와 문화 속에서 흘러넘치는 술 이야기. 프랭클린 루스벨트가 처칠과 스탈린에게 마티니 칵테일을 만들어준 에피소드, 당시 미국에서 가장 큰 위스키 증류소를 세운 조지 워싱턴이 위스키 반란을 진압한 에피소드 등 역사의 순간에 지도자들의 곁을 지킨 술을 찾아 떠난다.",https://image.aladin.co.kr/product/3312/11/cover500/895906243x_1.jpg, 김원곤 지음, 인물과사상사,2013
역사,아테네의 변명,아테네 곳곳을 누비며 젊은이들과 자유롭게 철학했던 위대한 철학자 소크라테스. 소크라테스는 일흔의 나이에 아테네와 마주섰다. 무엇이 두려워 아테네는 소크라테스를 제거하려 했을까? 소크라테스와 굴곡진 아테네의 역사가 새로운 시각으로 다시 깨어난다.,https://image.aladin.co.kr/product/2104/7/cover500/8993952442_1.jpg, 베터니 휴즈 지음;강경이 옮김, 옥당,2013
역사,인도는 힘이 세다,"인도사를 전공한 손꼽히는 인도 전문가 이옥순 교수는 한국-인도 수교 40주년을 맞아 출간한 <인도는 힘이 세다>에서 변하지 않는 인도와 새롭게 변한 인도의 양 측면을 균형 있게 살피며, 새로운 관점으로 인도의 역사·문화·사회를 들여다본다.",https://image.aladin.co.kr/product/3246/20/cover500/893648267x_1.jpg, 이옥순 지음, 창비,2013
역사,조국의 하늘을 날다,백범의 둘째 아들 김신의 회고록이다. 그가 태어난 1922년부터 <백범일지> 중국어판 출판기념회가 치러진 1994년까지의 일을 담고 있다. 우리 현대사의 흐름 한가운데 있었던 김신의 삶은 현대사 바로 그 자체였다.,https://image.aladin.co.kr/product/3314/94/cover500/8971995769_1.jpg, 김신 지음, 돌베개,2013
역사,진시황 강의,"<사기> 연구의 세계적 권위자 왕리췬 교수가 치밀한 고증, 탁월한 통찰, 현대적 해석으로 밝힌 진시황의 강력한 통치력에 숨겨진 비밀. 동양 최초의 사서이자 인간학의 보고인 <사기>의 '진시황 편'을 바탕으로 풀어낸 가장 정통하고 가장 핵심적인 진시황 강의가 펼쳐진다.",https://image.aladin.co.kr/product/3185/27/cover500/893496491x_1.jpg, 왕리췬 지음;홍순도;홍광훈 [공]옮김, 김영사,2013
역사,날씨가 바꾼 익사이팅 세계사,"<날씨가 바꾼 어메이징 세계사>(2010년)와 <날씨가 바꾼 서프라이징 세계사>(2012년)의 속편으로, 전작에 이어서 문명의 흥망, 전쟁의 승패, 역사의 숨은 이야기들을 날씨와 기후라는 관점에서 들여다본다.",https://image.aladin.co.kr/product/3046/25/cover500/8997094416_1.jpg, 반기성 지음, 플래닛미디어,2013
역사,이야기가 있는 세계 지도,,https://image.aladin.co.kr/product/51/56/cover500/8987691497_1.jpg, 오기노요이치 지음;김경화 옮김, 푸른길,2005
역사,백제는 일본의 기원인가,"지은이 김현구(金鉉球) 교수는 한일합방의 역사적 근거로 동원된 '일선동조론(日鮮同祖論)'을 언급하며, 백제와 일본의 관계를 '있는 그대로' 바라봐야 함을 강조한다. 이 책은 그러한 관점을 바탕으로 1500년 전 한반도와 일본의 관계를 재조명한다.",https://image.aladin.co.kr/product/38/90/cover500/8936482254_2.jpg, 김현구 지음, 창작과비평사,2002
역사,고분 벽화로 본 고구려 이야기,,https://image.aladin.co.kr/product/18/71/cover500/6000198715_1.jpg, 전호태, 풀빛,2003
역사,(신복룡 교수의)이방인이 본 조선 다시 읽기,"이 책은 1999년 5월부터 2000년 2월까지「주간조선」에 연재된 것을 다시 편집한 것으로, 저자인 신복룡 교수가 개항기에 한국을 다녀간 서구인들의 한국견문기를 수집하여 번역하고 주석을 달았다.",https://image.aladin.co.kr/product/32/95/cover500/8974748746_2.jpg, 신복룡 지음, 풀빛,2002
역사,(말랑하고 쫀득한)세계 지리 이야기,,https://image.aladin.co.kr/product/5888/66/cover500/scm197453615037.jpg, 케네스C 데이비스 지음;최달수 그림;노태영 옮김, 푸른숲,2003
역사,답사여행의 길잡이1. 1: 전북,"우리 문화유산을 직접 느끼고 만져보고 싶어하는 사람들과, 여행을 감성의 과소비가 아니라 삶의 에너지를 재충전하는 계기로 삼고 싶어하는 사람들을 위한 답사여행 안내서. 지난 15년 동안 문화유산의 현장을 찾아 구석구석을 답사했던 한국문화유산답사회의 체험과 살아 있는 지식이 고스란히 담긴 책이다.",https://image.aladin.co.kr/product/12/77/cover500/8971990406_2.jpg, 한국문화유산답사회 지음, 돌베개,2007
역사,미쳐야 미친다,"조선시대 지식인의 내면을 사로잡았던 열정과 광기를 탐색한 글. 남이 손가락질을 하든 말든, 출세에 보탬이 되든 말든 혼자 뚜벅뚜벅 걸어가는 정신 혹은 이리 재고 저리 재지 않고 절망 속에서도 성실과 노력으로 일관한 삶의 태도를 가지고 있던 사람들의 이야기를 살펴본다.",https://image.aladin.co.kr/product/47/93/cover500/8987787842_2.jpg, 정민 지음, 푸른역사,2005
역사,유물은 스스로 말하지 않는다,고고학자인 김병모(金秉模) 한국전통문화학교 총장의 회갑을 기념해 후학들이 엮은 책이다. 딱딱한 논문을 모은 학술논문집이 아니라 고고학자 25명이 발굴현장에서 일어났던 에피소드를 중심으로 기고한 글로 구성돼 있어 일반인들도 쉽고 재미있게 읽을 수 있다. -문화일보,https://image.aladin.co.kr/product/24/94/cover500/8987787230_1.gif, 임효택 [외]지음, 푸른역사,2002
역사,(이야기)고려왕조사,"태조부터 공양왕까지 고려사 500년을 담은 책. 고려 개국에서 국가의 초석을 닦는 전개기, 강력한 왕권을 바탕으로 하는 국가의 안정기, 수준 높은 귀족문화를 바탕으로 하는 눈부신 발전기와 외세의 침략기, 무신정권과 전국 각지에서 일어나는 민란으로 혼란함을 맞는 황혼, 이성계의 위화도 회군으로 정권을 수탈하고 조선건국에 이르기까지의 찬란했던 고려사의 흥망성쇠를 이야기로 재미있게 풀어간다.",https://image.aladin.co.kr/product/89/2/cover500/8936803603_1.jpg, 정성희 지음, 청아출판사,2007
역사,(이야기)한국고대사,"고조선에서 발해까지 우리의 역사를 살펴보는 책. 좀 더 쉽고 간단하게 한국고대사의 여러 분야를 한눈에 일목요연하게 파악할 수 있도록 도와준다. 각 분야사별로 해당 전공자가 집필했으며, 우리 역사에 관심이 있는 청소년들도 읽고 이해할 수 있도록 쉬운 문체로 서술했다.",https://image.aladin.co.kr/product/88/51/cover500/893680359x_1.jpg, 조법종 외 지음, 청아출판사,2007
역사,한국 생활사 박물관4. 4: 백제생활관,"우리 민족의 생활상과 사고방식을 풍부한 컬러 도판과 함께 보여주는 시리즈 4번째 권. '백제'를 주제로 삼은 이번 책에는 700여년에 걸친 백제의 역사와 문화, 그리고 당시 사람들의 생활 모습에 대한 흥미로운 설명이 실려있다.",https://image.aladin.co.kr/product/27/37/cover500/897196684x_2.jpg, 한국생활사박물관편찬위원회 지음, 사계절,2006
역사,한국생활사박물관8. 8: 고려생활관 2,"'한국생활사박물관' 시리즈의 여덟번째 권은 절체절명의 위기의 극복하고 우리 역사의 명맥을 지켜낸 위대한 나라 고려의 후반기를 탐방하고 있다. '격동과 변화의 땅'이라는 부제처럼, 후기에 이르러 몽골군의 침략을 받은 고려는 사회.경제,문화 전반에 걸쳐 가장 극적인 변화를 맞이하게 된다.",https://image.aladin.co.kr/product/39/83/cover500/8971966882_2.jpg, 한국생활사박물관편찬위원회 지음, 사계절,2005
역사,한국 생활사 박물관11. 11: 조선생활관3,"'한국생활사박물관' 시리즈의 열 한 번째 권으로 19세기 말에서 20세기 초 조선의 이야기를 다룬다. 전근대 왕조국가인 조선이 서양의 열강들과 근대적 조약을 맺고 개항을 한 이 시기를 통해 '우리에게 근대가 어떻게 왔으며, 전근대의 전통들은 어떻게 되었는지'를 밝히고자 했다.",https://image.aladin.co.kr/product/50/94/cover500/8971966912_2.jpg, 한국생활사박물관편찬위원회 지음, 사계절,2006
역사,벌거벗은 한국사. [2]: 권력편,tvN STORY 화제의 프로그램 <벌거벗은 한국사>가 세 번째 이야기 <벌거벗은 한국사 : 권력편>으로 독자들을 찾아왔다. 대한민국 대표 역사 강사 최태성이 안내자로 나선 <벌거벗은 한국사>는 회차를 거듭할수록 대체 불가 명품 한국사 강의라는 찬사를 이끌어내고 있는 역사 스토리텔링쇼다.,https://shopping-phinf.pstatic.net/main_3896628/38966280631.20230614072522.jpg, tvN Story <벌거벗은 한국사> 제작진 지음, 프런트페이지(Frontpage),2023
역사,2026 문동균 한국사 한 권으로 모든 것을 정리하는 판서노트,"문동균 교수님의 강의와 판서 내용, 수험 필수 내용을 한 권으로 집약한 교재로 흐름과 이해, 심화까지 한 번에 정리 · 완성할 수 있도록 구성한 최단기 이론 완성 교재이다. 문동균 교수님의 수많은 고민과 냉철한 분석을 통해 시험에 출제될 내용만 알차게 담아냈다.",https://shopping-phinf.pstatic.net/main_5511425/55114251448.20250610092914.jpg, 문동균 지음, 에스티유니타스,2025
역사,항일로드 2000㎞,"‘현장에서 체험하는 역사’를 실천하는 김종훈 기자가 광복 80주년을 맞아 항일로드로 독자를 초대한다. 《항일로드 2000㎞》는 일본 열도를 가로지르며 독립지사들의 마지막 흔적 앞에 서서 그들을 기억하고, 강제동원과 관동대지진, 원폭으로 숨진 이름 없는 이들을 위령하는, 시간의 기록이자 역사 기행이다.",https://shopping-phinf.pstatic.net/main_5591631/55916311308.20250724092139.jpg, 김종훈 지음, 필로소픽,2025
역사,(명대사와 명장면으로 보는)삼국지,"수십 권에 달하는 장대한 대서사시, 삼국 이야기가 54개의 장면으로 선별되어 꼭 필요한 서사, 등장 인물을 한눈에 꿰뚫어볼 수 있도록 담겼다. 우리가 잘 알고 있던 말들의 유래가 된 명장면과 명언을 빠지지 않고 수록했다.",https://shopping-phinf.pstatic.net/main_5135883/51358830622.20241113092456.jpg, 스미타 무쿠 지음;양지영 옮김, RHK(알에이치코리아),2024
역사,(40가지 테마로 읽는)도시 세계사,"인류의 역사는 퇴보의 과정일까, 아니면 진보의 과정일까? 전쟁, 테러, 독재, 기후 위기 등 인류의 역사는 갈수록 퇴보하는 듯 보인다. 하지만 이 책은 문명의 핵심 전환점들을 추적하며, 도시라는 무대에서 인류가 계속 진보하고 있음을 보여준다.",https://shopping-phinf.pstatic.net/main_5579800/55798005434.20250717071729.jpg, 첼시 폴렛 지음;이정민 옮김, 현대지성,2025
역사,문화명소 길라잡이,"독자 스스로가 파악한 내용을 직접 방문하여 답사하는데 초점을 두었다. 상세하게 설명하면, 독자가 잘 알려져 있는 명소를 찾기 전 이 책을 통해 그 장소의 특징과 의의 그리고 현대적 시각에서 인지할 수 있는 탐방 의의를 이해함으로써 명소 답사의 목적을 극대화하는데 목적을 두었다.",https://shopping-phinf.pstatic.net/main_3244458/32444588449.20250617094248.jpg, 이혁진 지음, 새로미,2020
역사,벌거벗은 한국사. [2]: 권력편,tvN STORY 화제의 프로그램 <벌거벗은 한국사>가 세 번째 이야기 <벌거벗은 한국사 : 권력편>으로 독자들을 찾아왔다. 대한민국 대표 역사 강사 최태성이 안내자로 나선 <벌거벗은 한국사>는 회차를 거듭할수록 대체 불가 명품 한국사 강의라는 찬사를 이끌어내고 있는 역사 스토리텔링쇼다.,https://shopping-phinf.pstatic.net/main_3896628/38966280631.20230614072522.jpg, tvN Story <벌거벗은 한국사> 제작진 지음, 프런트페이지(Frontpage),2023
역사,벌거벗은 한국사. [1]: 영웅편,tvN STORY 간판 프로그램 〈벌거벗은 한국사〉에서 가장 사랑받은 영웅들의 이야기를 모은『벌거벗은 한국사: 영웅편』이 우리 곁을 찾아왔다. 회차를 거듭할수록 역사 강의 중 가장 생생하고 흥미롭다는 찬사를 받는 〈벌거벗은 한국사〉는 대한민국 대표 역사 커뮤니케이터 최태성이 안내하는 한국사 스토리텔링쇼로 입지를 굳혔다.,https://image.aladin.co.kr/product/32969/39/cover500/k182936352_1.jpg, tvN Story <벌거벗은 한국사> 제작진 지음, 프런트페이지(Frontpage),2023
역사,벌거벗은 한국사. [6]: 조선편,"조선을 대표하는 여덟 가지 이야기로 1392년 조선 건국부터 1910년 경술국치까지 조선 역사의 맥락을 단번에 정리한다. 조선 초 네 명의 왕을 모시며 나라의 기틀을 마련한 명재상 황희부터 자신의 아들을 왕으로 만들기 위해 상갓집 개가 되길 마다하지 않았던 흥선대원군까지, 조선의 운명을 바꾼 결정적 장면들을 따라가면 500년 조선 역사가 눈앞에 펼쳐진다.",https://shopping-phinf.pstatic.net/main_4634083/46340833618.20240314070950.jpg, tvN Story〈벌거벗은 한국사〉제작팀 지음, 프런트페이지(Frontpage),2024
역사,벌거벗은 한국사. [3]: 고려편,지식과 재미 두 마리 토끼를 잡은 교양 예능 프로그램 tvN STORY 〈벌거벗은 한국사〉에서 소개한 이야기 중 반드시 알아야 할 결정적 장면들을 엄선한 『벌거벗은 한국사』 시리즈. 대한민국 대표 한국사 시리즈 『벌거벗은 한국사』가 시대편 두 번째 이야기로 우리 곁을 찾아왔다.,https://shopping-phinf.pstatic.net/main_4788204/47882049623.20240523071017.jpg, tvN Story <벌거벗은 한국사> 제작진 지음, 프런트페이지(Frontpage),2024
역사,(신정일의 새로 쓰는)택리지,"우리나라 사람이 쓴 우리나라의 지리학서이자 문학, 역사, 철학이 총 망라된 대표적인 인문학서 「택리지」를 도보답사의 선구자인 신정일이 새롭게 다시 썼다. 교양으로 읽는 고전으로서 뿐만이 아니라 과거와 현재를 잇는 가교로서의 역할을 충분히 해준다.",https://shopping-phinf.pstatic.net/main_3248963/32489632721.20220527045810.jpg, 이중환 지음;신정일 옮김, 다음생각,2012
역사,(최준영의 교과서 밖)인물 연구소,"35만 명이 구독하고 있는 '지구본 연구소'의 운영자이며, 시사 교양의 끝판왕인 최준영 박사가 이번에는 10대를 위한 ‘뻔하지 않은 인물 이야기’를 들려준다. 그동안 우리가 잘 알고 있다고 생각했던 익숙한 인물들이지만 그 이면에는 생각지도 못했던 뜻밖의 이야기들이 곳곳에 숨어 있다.",https://image.aladin.co.kr/product/31325/98/cover500/8954772625_1.jpg, 최준영 지음, EBS Books(한국교육방송공사),2023
역사,(2023 큰별쌤 최태성의 별★별 한국사)시대별 기출문제집,"기출문제 681문항을 시대순, 주제별로 선별하여 수록하였다. 차근차근 기출문제를 풀면서 한국사의 전체적인 흐름을 잡아보자. 그리고, 기출 선택지를 자연스럽게 익힐 수 있도록 문제를 구성하였다.",https://image.aladin.co.kr/product/30708/26/cover500/k162830147_1.jpg, 최태성 지음, 이투스교육,2022
역사,(큰별쌤 최태성의 별별 한국사)한국사능력검정시험. 하,"오랜 연구와 검증으로 한국사에 기초가 전혀 없는 사람도 단기간에 한능검에 합격할 수 있는 최적의 구성을 완성하였다. 판서의 장인 큰별쌤 최태성이 핵심만을 모아 만든 아트 판서를 수록하고, 시험에 자주 등장하는 사료, 사진, 지도 등을 모아 해설하여 합격을 위한 필수 개념을 익히기 쉽게 하였다.",https://image.aladin.co.kr/product/30684/57/cover500/k002830232_1.jpg, 최태성 외 지음, 이투스북,2022
역사,조선의 정승,"다양한 얼굴을 가진 재상들을 모아 그들의 강직했던 생활들을 보여 주며, 조선이 건국된 후 100년 동안 재상직을 거쳐 간 100여 명의 재상들이 누구였는지는 물론, 그들과 국왕의 관계가 어떠했는지를 살펴보고, 그들이 어떤 정책을 펼쳤는지를 미루어 짐작할 수 있는 기회도 제공하고 있다.",https://image.aladin.co.kr/product/85/68/cover500/8992433018_2.jpg, 이준구;강호성 지음, 스타북스,2013
역사,"교토, 천년의 시간을 걷다","일본인들의 영원한 마음의 수도 교토, 비록 지난 천년의 찬란한 영화는 사라졌지만 그곳에는 발걸음 닿는 모든 장소마다 아련히 사라져 간 역사의 향기가 깊이 배어 있다. '교토의 역사'는 곧 '일본의 역사'이며, '교토의 정신'이 곧 '일본의 정신'이다. 진정한 일본의 모습을 만날 수 있는 곳이 바로 교토다.",https://image.aladin.co.kr/product/1730/23/cover500/8970596364_1.jpg, 조관희 지음, 컬처그라퍼,2012
역사,(우리가 지금껏 보지 못했던)20세기 역사,"1900년에서 현재에 이르는, 지난 100여 년간의 현대사를 매우 압축적인 연대기적 구성과 현장감 넘치는 사진으로 펼쳐 보인다. 모든 국가와 우리 삶의 모든 측면에 영향을 미친 주요 사건과 변화들을 일목요연하게 전시하고 있다.",https://image.aladin.co.kr/product/2201/92/cover500/896260440x_1.jpg, 수전 케네디 외 지음, 지식갤러리,2013
역사,청소년 한국사 수첩,선사 시대부터 1997년 외환 위기까지를 106개의 질문으로 나누어 맥락을 짚었다. 검증된 사료를 바탕으로 하면서도 서로 부딪치는 역사학계의 의견을 제시하는 등 가능한 여러 주장과 근거를 밝혀 청소년들이 역사를 여러 시각으로 접근할 수 있도록 했다.,https://image.aladin.co.kr/product/1797/30/cover500/8963720640_1.jpg, 최경석 지음, 양철북,2013
역사,크로아티아 블루,"여행깨나 한다는 여행자들 사이에서도 아드리아가 품고 있는 나라, 파란 바다, 파란 하늘, 호박색 지붕, 축구를 잘하는 나라··· 정도로만 알려져 있는 낯설고도 먼 나라, 크로아티아. 저자는 아직 우리에겐 생소한 크로아티아라는 나라를 구석구석 여행하면서 왜 이 작은 나라가 '지상낙원'으로 불리며 많은 유럽인들의 사랑을 받는지, 크로아티아라는 나라와 사람들에 대한 따뜻하고도 깊이 있는 이해를 바탕으로 한편의 소설 같은 필치로 조곤조곤 들려준다.",https://image.aladin.co.kr/product/889/30/cover500/8994030514_1.jpg, 김랑 지음, 나무[수,2012
역사,조금은 삐딱한 세계사 : 유럽편,"모든 역사는 승자의 기록이다. 이 책은 ""우리가 알고 있는 역사에 관한 지식이 과연 진리일까?""라는 단순한 물음에서 이야기를 시작한다. 승자에 의해 쓰이는 역사의 오류를 지적하고, 승자의 역사를 무비판적으로 받아들이는 우리의 순진한 자세에 딴죽을 건다.",https://image.aladin.co.kr/product/2186/75/cover500/s202636526_1.jpg, 원종우 지음, 역사의아침,2013
역사,"문명의 배꼽, 그리스","시골의사 박경철의 '그리스 기행' 시리즈 첫 번째 책. 근대 이후 세계의 패권을 움켜쥔 서구 문명이 탯줄을 대고 있던 곳-펠로폰네소스를 기점으로, 그리스를 비롯해 세계 곳곳의 문명을 순례하는 긴 여정이 시작된다.",https://image.aladin.co.kr/product/2256/36/cover500/8901153831_2.jpg, 박경철 지음, 리더스북,2013
역사,역사e,"2011년 10월부터 기획.편성된 프로그램인 [역사채널ⓔ]의 내용들을 간추려 모은 책이다. [역사채널ⓔ]는 한국사의 주요 사건과 인물들을 새롭게 조명한 프로그램으로, 학부모, 교사, 청소년 등 많은 시청자들로부터 호평을 받고 있는 방송 프로그램이다.",https://image.aladin.co.kr/product/2379/14/cover500/8956056382_3.jpg, EBS 역사채널e 제작팀 지음, 북하우스,2013
역사,1박 2일,KBS <1박 2일>이 드디어 한 권의 책으로 출간되었다. 2007년 첫 방송부터 2012년까지의 방송을 이끌었던 제작진과 작가들이 그간 방송된 국내 여행지 중 가장 인상 깊고 특별한 곳을 엄선해 누구나 떠나기 쉽게 소개한 여행 지침서다.,https://image.aladin.co.kr/product/2480/25/cover500/8993357048_1.jpg, KBS〈1박2일〉제작팀;이선혜;김란주 지음, 비타북스,2013
역사,(2만원의 행복)게스트하우스 제주,제주도 인기 게스트하우스 50여 곳에서 묵으며 만난 개성만점 주인장들과 제주도 여행자들의 이야기를 담은 ‘국내 최초 제주 게스트하우스 여행기’이다. 이미 <게스트하우스의 하룻밤>으로 독자들의 많은 사랑을 받았던 그녀가 이번엔 제주도로 떠났다.,https://image.aladin.co.kr/product/2273/64/cover500/8992109989_1.jpg, 강희은 지음, 즐거운상상,2013
역사,길위에서 철들다,"국민일보사가 주최하고 한국수자원공사가 후원하여 실시한 ‘4대강 자전거 길 종주 체험수기 공모전’작품집이다. 총 350여 편의 응모작 중 34편의 입상작을 엮은 것으로, 그들의 감동 넘치는 휴먼 스토리이며 우리를 아름다운 리버 로드로 이끄는 유혹서이다.",https://image.aladin.co.kr/product/2185/52/cover500/8993379262_1.jpg, 박호선 외 지음, 프리윌,2012
역사,(교과서에 나오는)유네스코 세계 문화유산 : 아시아,"교과서에 나오는 유네스코 세계 문화유산' 시리즈의 아시아 편. 중국, 일본, 캄보디아, 인도네시아, 타이, 인도, 이란, 이스라엘, 터키, 우즈베키스탄 등 10개 나라의 19개 문화유산을 소개한다. 특히, 교과서에서 나오는 유산들을 소개하여, 아이들이 학교에서 배우는 역사와의 연관성 속에서 문화유산의 의미와 가치를 알 수 있도록 했다.",https://image.aladin.co.kr/product/319/74/cover500/895275428x_1.jpg, 이형준 지음, 시공주니어,2012
역사,"한국사, 그들이 숨긴 진실","<한국사, 그들이 숨긴 진실>은 우리 시대 대표적 역사학자 이덕일이 한국 주류 역사학계의 근본적이고도 구조적인 문제점을 살펴보고, 한국사 인식체계에 대한 종합적 검토와 비판을 통해 참된 우리 역사와 올바른 역사관을 제시하는 책이다.",https://image.aladin.co.kr/product/450/44/cover500/8993119112_1.jpg, 이덕일 지음, 위즈덤하우스,2009
역사,빌브라이슨 발칙한 유럽산책,<나를 부르는 숲>과 <거의 모든 것의 역사>의 저자 빌브라이슨의 유럽 여행기. 그러나 절대 아름답고 낭만적인 모습의 유럽을 담은 책이 아니다. 저자는 특유의 유머를 양념으로 들고 유럽을 어슬렁거리며 다녀온 이야기를 적고 있다.,https://image.aladin.co.kr/product/210/70/cover500/8950913615_3.jpg, 빌 브라이슨 지음;권상미 옮김, 21세기북스(북이십일),2009
역사,나의 문화유산답사기. 9: 서울편 1-만천명월 주인옹은 말한다,"나의 문화유산답사기 9권 '서울' 편 1권. 조선왕조의 상징적 문화유산인 종묘를 시작으로 창덕궁, 창덕궁 후원, 창경궁의 구석구석 살피며 조선 건축의 아름다움, 왕족들의 삶과 애환, 전각마다 서린 수많은 사연 등을 그윽하게 풀어낸다.",https://image.aladin.co.kr/product/11380/17/cover500/8936474391_2.jpg, 유홍준 지음, 창비,2017
역사,나의 문화유산답사기,"베스트셀러 시리즈 '나의 문화유산답사기'는 국내편 10권에 걸쳐 우리나라 각지의 ‘산사’를 가장 열심히 공들여 소개한 바 있다. 저자 유홍준 교수는 우리 산사의 가치와 아름다움에 주목하고, 널리 알리고, 예찬해 마지않던 국내 최고의 전문가이기도 하다.",https://image.aladin.co.kr/product/16237/48/cover500/8936476696_1.jpg, 유홍준 지음, 창비,2018
역사,"나의 문화유산답사기. 8: 남한강편, 강물은 그렇게 흘러가는데",전국토를 박물관으로 만들며 문화유산답사 붐을 이끌어온 유홍준의 <나의 문화유산답사기>가 다시 돌아왔다. 7권 제주편 이후 일본편(전4권)으로 잠시 무대를 옮긴 지 3년 만에 다시 국내로 돌아와 8권 '남한강편'으로 끝나지 않은 여정을 이어간다.,https://image.aladin.co.kr/product/5686/91/cover500/8936472690_2.jpg, 유홍준 지음, 창비,2015
역사,국보순례,"조선일보에 “유홍준의 국보순례”라는 꼭지로 120여 회에 걸쳐 연재 중인 글을 모아 새롭게 정리하였다. 여기서 ‘국보’란 저자가 우리나라의 회화·공예·조각·자기 등 문화재 중 뛰어나다고 여기는 것을 저자 나름의 기준으로 선정한 것으로, 국내 소장의 문화재뿐만 아니라 쉽게 접할 수 없는 해외 박물관에서 소장하고 있는 문화재를 다수 소개하고 있다.",https://image.aladin.co.kr/product/1250/11/cover500/s990620538_1.jpg, 유홍준 지음, 눌와,2012
역사,세계사 최대한 쉽게 설명해 드립니다,"사건의 인과관계를 밝히고 해석을 덧붙인 세계사 교과서. 독일 최고의 역사 스토리텔러 만프레트 마이가 펴낸 ‘국민 역사책’으로, 최초의 인간부터 유럽 통합으로 가는 길의 갈등과 해법, 새로운 강대국으로 급부상한 중국, 세계의 공통 이슈인 환경 문제까지 다루고 있다.",https://image.aladin.co.kr/product/17715/47/cover500/k762534929_1.jpg, 만프레트 마이 지음;김태환 옮김, 이화북스,2018
역사,(한 권으로 보는)중국사 100장면,북경원인의 출현에서 한중수교까지 중국 5천년 역사를 100대 주요 사건으로 살폈다. '춘추시대의 개막' '당태종의 정치' '몽고의 유라시아 제패' '아편전쟁' '천안문 사건' 등 1백편을 사진과 함께 엮은 책.,https://image.aladin.co.kr/product/13/55/cover500/8985466089_1.gif, 안정애;양정현 지음, 가람기획,2008
역사,플루타크 영웅전. 하,"고대 그리스 말기의 문인, 플루타르코스가 고대 그리스 로마 시대에 살던 영웅들의 이야기를 쓴 전기 문학 작품. 이 책에는 서로 비슷한 점이 있는 그리스와 로마 영웅들의 전기가 하나씩 실렸고, 그 뒤에 그 두 사람의 성격과 도덕적 품성을 비교해 가며 쓴 것이 22조 46명, 단독 전기가 수록된 것은 4명이다.",https://image.aladin.co.kr/product/426/41/cover500/8962591138_1.jpg, 플루타르코스 지음;박광순 편역, 하서,2009
역사,그리스인 이야기. 3: 에우리피데스에서 알렉산드로스까지,"신화의 베일에 가려진 고대 그리스 문명의 핵심을 되살려낸 고대 그리스사의 고전. 저자 앙드레 보나르는 그리스 문명 그 자체가 아니라 사람, 즉 그리스 문명을 기획한 고대 그리스인들을 주인공으로 내세운다. 그리하여 그들이 문명을 일구기 위해 흘린 피와 땀이 더욱 생동감 넘치게 그려진다. '문명의 전범'이라 불러도 손색없는 고대 그리스의 역사를 집약한 책이다.",https://image.aladin.co.kr/product/1122/59/cover500/8991221807_1.jpg, 앙드레 보나르 지음;양영란 옮김, 책과함께,2011
역사,조선왕을 말하다,"우리 역사를 바로잡는 저술에 힘쓰고 있는 한가람역사문화연구소 소장 이덕일의 역사평설. 저자는 이 책에서 자신의 가치관을 담으려 노력하기보다는 1차 사료를 바탕으로 조선 왕들에 대한 핵심 쟁점을 날카롭고 명쾌하게 바로잡고, 과연 조선 최고의 왕과 최악의 왕이 누구인지를 객관적으로 재조명했다.",https://image.aladin.co.kr/product/709/28/cover500/8993119155_2.jpg, 이덕일 지음, 역사의아침,2010
역사,(사진과 그림으로 보는)한국사 편지. 1: 원시 사회부터 통일 신라와 발해까지,"대중 역사서를 줄곧 써온 역사 연구가가 딸에게 들려주는 한국사 이야기. 생활사, 사회사, 문화사 등이 골고루 담겨져 있으며, 최근의 역사학계의 연구성과를 충실히 수용하여, 원시 사회부터, 통일 신라와 발해에 이르기까지 우리 조상들의 생활과 중요한 역사적 순간을 13통의 편지 속에 담았다.",https://image.aladin.co.kr/product/196/65/cover500/8901077434_1.jpg," 박은봉 지음;류동필 외, 지음", 웅진주니어,2008
역사,"(마주 보는)세계사교실. 2: 비단길이 번영을 이끌다, 200년~1000년","2권에서는 어린이를 위한 세계사 책에서는 잘 다루지 않는 고대와 중세 사이의 연결 고리를 다뤘다. 유목민의 이동으로 유럽 세계가 변화하고, 중국의 문화가 변화하였으며, 비단길을 통해 동서양 교류를 촉진했던 사실을 세밀하게 다루어 세계사의 변방에 있던 유목민을 다른 시각에서 바라볼 수 있다.",https://image.aladin.co.kr/product/195/84/cover500/890107916x_1.jpg, 최진열 지음;서영아;김수현 그림, 웅진주니어,2010
역사,"(마주 보는)세계사교실. 6: 석탄과 기계가 세계를 지배하다, 1750년~1910년",'마주 보는 세계사 교실' 시리즈의 6권. 1700년대 중반 산업 혁명과 시민 혁명으로 힘을 키운 유럽 여러 국가들과 미국이 제국주의로 무장하고 세계 곳곳에서 경쟁을 펼쳐 긴장감이 높아지는 1900년대 초까지를 다루고 있다. 이번 권에서는 유럽과 아메리카 대륙의 근대 시기를 대표하는 사건들이 실감나게 펼쳐진다.,https://image.aladin.co.kr/product/272/16/cover500/8901088754_1.jpg, 안효상 지음;강전희;김수현그림, 웅진주니어,2010
역사,영국 이야기,"영국 문화를 공부한 전공자가 쓴 영국 역사와 문화 이야기. 과거의 강력한 영국과 현대의 신선한 영국을 함께 이해할 수 있도록 돕는다. 영국의 역사에서부터 영국 문학, 영국 사람들의 삶을 담은 희귀한 그림과 판화들, 왕실 등 풍부한 자료 사진을 담았다.",https://image.aladin.co.kr/product/65/62/cover500/8937841584_1.jpg, 정준희 지음, 아이세움,2010
역사,미국 이야기,"어린이들이 미국을 이해하기 위해 꼭 알아야 하는 미국의 역사, 사회, 문화를 담았다. 미국은 서양 세력 중에서 조선과 최초로 조약을 맺은 나라로, 지금까지 긴밀한 관계를 맺고 있는 국가. 미국에 대한 환상이나 배척이 아니라, 서로를 존중하는 한미 관계를 만들도록 노력했다.",https://image.aladin.co.kr/product/51/35/cover500/8937814390_1.jpg, 정범진;허용우 지음;정수연 그림, 아이세움,2010
역사,로마인 이야기. 12: 위기로 치닫는 제국,"제12권은 군인황제 셉티미우스 세베루스의 아들 카라칼라 황제에서 이야기가 시작한다. 시기는 211년부터 294년까지로, 22명의 황제가 채1년도 임기를 채우지 못하고 나타났다 사라졌다.",https://image.aladin.co.kr/product/46/13/cover500/893565485x_2.jpg, 시오노나나미;김석희 옮김, 한길사,2011
역사,로마인 이야기. 13: 최후의 노력,"역사상 '제정후기'라는 명칭으로 불리는 시기, 원수정에서 절대군주정으로의 이행기의 로마 제국을 다룬다. 왜 절대 군주정으로 이행했으며, 그것이 어떤 점에서 원수정과 다른지, 그 결과가 어떻게 나타났는지 등에 대해 질문을 던지고 답을 찾는다.",https://image.aladin.co.kr/product/54/39/cover500/8935654868_2.jpg, 시오노나나미;김석희 옮김, 한길사,2011
역사,로마인 이야기. 15: 로마 세계의 종언,"건국한 해인 기원전 753년부터 헤아리면 1,229년 뒤에 멸망했다. 이것은 622년 전인 기원전 146년에 일어난 카르타고의 멸망과 비교해보면 얼마나 어이없는 종말인가. 로마는 카르타고보다 두 배나 긴 세월 동안, 카르타고와는 비교도 안될 만큼 광범위하게, 그리고 거기에 살았던 헤아릴 수 없이 많은 사람들에게 깊고 큰 영향을 주었지만, '위대한 순간'은 갖지 못했다.",https://image.aladin.co.kr/product/87/68/cover500/8935654884_2.jpg, 시오노나나미;김석희 옮김, 한길사,2010
역사,최숙빈의 조선사,"숙빈 최씨를 비롯 당대의 역사를 쉽고 자세하게 쓴 조선후기 역사서. 숙종의 후궁이자 영조의 어머니인 숙빈 최씨뿐만 아니라 숙종, 김석주, 인현왕후, 장희빈, 송시열, 영조를 중심으로 주요 역사적 사건들을 풀어냈다. 숙종대 환국 속에 등장한 정쟁, 암투, 권력의 역사를 쉽게 이해할 수 있도록 구성한 책이다.",https://image.aladin.co.kr/product/691/47/cover500/8984352985_1.jpg, 이윤우 지음, 가람기획,2010
역사,(놀멍 쉬멍 걸으멍)제주 걷기 여행,"제주도를 걸어 여행한 여행담이다. 걷기에 중독된 사연, 산티아고 길에서 만난 사람들에 관한 기록도 있지만, 대부분은 7개 코스(101.91킬로미터)의 '제주올레'길이 만들어지기까지 웃음과 눈물이 뒤범벅된 사연, 올레 길에 사는 멋진 제주인들과 올레를 찾는 올레꾼들 이야기로 채워졌다.",https://image.aladin.co.kr/product/250/65/cover500/8956052921_1.jpg, 서명숙 지음, 북하우스,2011
역사,한 폭의 한국사,"창비청소년문고 시리즈 8권. 선사 시대부터 조선 시대까지 한국사를 관통하는 16가지 대표 예술품을 정하여 그 하나하나를 엄마가 아이에게 들려주듯 친절히 설명하는 한편, 작품들이 만들어진 시대적 배경까지 상세히 알려 준다.",https://image.aladin.co.kr/product/2169/14/cover500/8936452088_1.jpg, 손영옥 지음, 창비,2012
역사,(박시백의) 조선왕조실록. 2: 태조.정종실록 : 정도전의 개혁과 왕자의 난,"태조의 역성혁명으로 이룩된 나라 조선. 조선을 세운 이성계, 정도전은 이상적 유교국가를 만들기 위해 개혁에 박차를 가하는데, 역성혁명의 핵심 세력인 무신이나 종친은 소외되었다. 이 번 권의 주인공은 바로 그 중심에 있던 이방원이다.",https://image.aladin.co.kr/product/55/48/cover500/8958620366_1.jpg," 박시백 글,그림", 휴머니스트,2005
역사,(박시백의) 조선왕조실록. 5: 단종.세조실록 : 반역은 또 다른 반역을 낳고,"거침없는 야심가인 수양대군과 출세주의자 한명회가 계유정난을 통해 홀로 남겨진 소년 임금 단종을 몰아낸다. 조카인 단종을 몰아내고 왕이 된 세조는 왕권을 강화하여 민생안정과 부국강병에 힘을 쓰며 중앙집권 시스템을 강화하려 하는데, 왕의 비호 아래 부와 힘을 축적한 공신들의 부패는 끊이질 않는다.",https://image.aladin.co.kr/product/55/49/cover500/8958620390_1.jpg, 박시백 글.그림, 휴머니스트,2005
역사,(박시백의) 조선왕조실록. 8: 중종실록 : 조광조 죽고... 개혁도 죽다,"반정으로 왕위에 오른 중종은 왕좌를 지키기 위해 보호자가 필요했고, 조광조는 자신의 영화보다는 유교적 이상 사회 실현에 모든 것을 건 인물이었다. 각자 상대방이 자신의 뜻을 따라줄 것이라고 믿은 두 사람은 막강한 결속력을 형성한다.",https://image.aladin.co.kr/product/65/63/cover500/8958621052_1.jpg," 박시백 글,그림", 휴머니스트,2006
역사,(박시백의) 조선왕조실록. 16: 정조실록,"역사교양만화 <박시백의 조선왕조실록> 16권. 아버지 사도세자의 죽음. 하지만 이산은 극한의 공포와 슬픔 속에서도 할아버지 영조의 뜻대로 훌륭하게 성장하여 왕위를 물려받았다. 정조는 의리 탕평책을 통해 왕권을 강화하고 진정한 위민정치를 펼치기 위해 노력했다. 하지만 그 또한 아버지의 죽음으로부터 자유로울 수 없었고, 시대의 한계로부터 자유로울 수 없었는데…",https://image.aladin.co.kr/product/804/4/cover500/8958623667_2.jpg, 박시백 글.그림, 휴머니스트,2010
역사,후다닥! 홍콩,평일에 상사 눈치 때문에 자유롭게 휴가를 내지 못하는 직장인들은 주로 주말을 이용한 밤도깨비 여행을 즐긴다. 여행이 생활이 된 요즘에는 해외여행도 금요일에 갔다 일요일이나 월요일에 오는 여행스타일이 새로운 여행법으로 인기를 얻고 있다.,https://image.aladin.co.kr/product/2936/25/cover500/8966185908_2.jpg, 노소연 지음, 길벗,2013
역사,일흔에 다녀 온 65일간의 배낭여행,,/img/no_book.805feab5.png, 김덕남 지음, 육일문화사,2012
역사,조선왕조실톡. 2: 조선 패밀리의 활극,"<조선왕조실록>에 등장하는 인물들이 가상의 대화창 '톡talk'으로 나누는 대화를 나눈다는 파격적인 형식의 웹툰, <조선왕조실톡>. '대한민국은 실톡 중'이라는 말이 나올 정도로 2015년을 뜨겁게 달군 역사 콘텐츠로, 2권에서는 중종부터 광해군까지, 2개의 패밀리를 다룬다.",https://image.aladin.co.kr/product/7134/12/cover500/s862636621_1.jpg, 무적핑크 지음;이한 해설, 이마,2015
역사,역사의 역사,"<거꾸로 읽는 세계사> 작가 유시민의 신작. 고대로부터 최근까지 역사를 사로잡은 18권의 역사서들을 9장으로 나누어 훑으며 ‘역사’라는 화두를 전개해간다. 서문과 프롤로그에서 역사 탐사의 계획을 소개한 뒤, 본문에서 각각의 역사서와 역사가들이 역사를 무엇이라 생각했는지 탐문한다.",https://image.aladin.co.kr/product/14944/52/cover500/8971998555_3.jpg, 유시민 지음, 돌베개,2018
역사,표석을 따라 한성을 거닐다,"<표석을 따라 경성을 거닐다>에 이어 출간된 표석 시리즈 2탄으로, 드라마 [미스터 션사인]의 시간적, 공간적 배경인 20세기 초 옛 서울의 모습을 보여준다. 개화와 근대화라는 격변 시대의 문화상을 이해하는 데 이 책은 더 없이 유효한 콘텐츠다.",https://image.aladin.co.kr/product/16753/29/cover500/k252534669_1.jpg, 전국역사지도사모임 지음, 유씨북스,2018
역사,제국의 품격,한평생 영국사를 연구한 서울대 서양사학과 박지향 교수가 정년퇴임을 앞두고 그간의 연구를 집대성한 <제국의 품격>을 출간했다. 유라시아 변방의 작은 섬나라 영국이 어떻게 인류 역사상 가장 거대한 제국을 건설할 수 있었는지를 분석한 책이다.,https://image.aladin.co.kr/product/16721/45/cover500/8950976633_1.jpg, 박지향 지음, 21세기북스,2018
역사,(다시쓰는)택리지1. 1: 팔도총론-경기.충청편,변화된 환경과 역사의 두께에 걸맞는 인문지리서를 희구하며 우리나라의 강과 산을 밟아온 지은이가 를 텍스트로 삼아 덧붙여 나가며 다시 쓴 인문지리서. 총 5권으로 완간될 예정이다.,https://image.aladin.co.kr/product/45/74/cover500/898989980x_1.gif, 신정일 지음, 휴머니스트,2006
역사,(다시쓰는)택리지3. 3: 팔도총론-강원.함경.평안.황해편,,https://image.aladin.co.kr/product/45/74/cover500/8989899826_1.gif, 신정일 지음, 휴머니스트,2006
역사,(다시쓰는)택리지5. 5: 복거총론-우리에게 산하는 무엇인가,변화된 환경과 역사의 두께에 걸맞는 인문지리서를 희구하며 우리나라의 강과 산을 밟아온 지은이가 를 텍스트로 삼아 덧붙여 나가며 다시 쓴 인문지리서. 총 5권으로 완간되었다.,https://image.aladin.co.kr/product/62/14/cover500/8958620900_1.jpg, 신정일 지음, 휴머니스트,2006
역사,(사진과 그림으로 보는)삼국사기,"김부식의 를 바탕으로 삼국시대의 역사를 알려준다. 다채로운 유적지 사전과 그림 자료를 통해 시대의 분위기를 생생하게 전해준다. 본래 본기, 연표, 잡지, 열전으로 구성된 를 삼국의 역대 왕들의 재위 기간에 있었던 일들로 재편성해서 책을 엮었다.",https://image.aladin.co.kr/product/55/53/cover500/8971098392_1.jpg, 김부식 지음;김태식 엮음, 바른사,2006
역사,조선왕조실톡. 4: 뿔뿔이 흩어진 조선 패밀리,"<조선왕조실톡>은 조선사를 연대순으로 재구성한 역사교양만화 시리즈로, 조선왕조를 구성한 왕들을 총 9개의 패밀리로 나누고, 각 패밀리마다 역사 속 특징과 어울리는 캐릭터를 부여하였다. 4권은 2권에서 다룬 사화 패밀리과 왜란 패밀리에 이어정묘호란과 병자호란을 거친 호란 패밀리가 주인공이다.",https://image.aladin.co.kr/product/8718/47/cover500/k342535480_2.jpg, 무적핑크 지음;이한 해설, 이마,2016
역사,반짝반짝 우리 문화유산 그림책,"신석기 시대의 울주 대곡리 반구대 암각화부터 삼국 시대의 탑과 석등, 금관, 토기를 거쳐 고려의 청자, 조선의 분청사기와 백자, 그리고 초상화와 장신구, 건축물까지 모두 462가지의 우리 유물을 그림으로 담았다.",https://image.aladin.co.kr/product/32854/92/cover500/k762936913_1.jpg, 안승희 지음, 한권의책,2023
역사,역사는 반복된다,"2023년 9월 현재 128만 구독자를 보유한 유튜브 시사·문화 인기 채널 <매불쇼>의 그 화 많은 아저씨, 배기성의 첫 한국사 책.",https://image.aladin.co.kr/product/32659/22/cover500/k682936860_1.jpg, 배기성 지음, 왕의서재,2023
역사,"남미, 내 인생에 딱 한번","‘온 가족이 함께 30일간’ 남미 여행을 다녀와서 펴낸 책이다. 30일간의 일정은 페루를 시작으로 볼리비아, 칠레, 아르헨티나, 브라질 등 다섯 나라를 돌아보고 파리를 거쳐 돌아왔다.",https://image.aladin.co.kr/product/32902/61/cover500/k582936730_1.jpg, 서대원 지음, 이지,2023
역사,국토박물관 순례. 1: 선사시대에서 고구려까지,"『나의 문화유산답사기』 유홍준이 새로운 시리즈의 첫 삽을 떴다. 우리 역사를 시대순으로 살펴보며 각 시대를 대표하는 지역과 문화유산을 만나는 『국토박물관 순례』다. 1권 ‘선사시대에서 고구려까지’는 구석기시대, 신석기시대, 청동기시대, 초기철기시대, 고구려시대의 핵심 유적을 다뤘다.",https://image.aladin.co.kr/product/32915/15/cover500/8936480073_1.jpg, 유홍준 지음, 창비,2023
역사,최태성의 365 한국사 일력,"일상에서 역사를 만나는 가장 쉬운 방법 《최태성의 365 한국사 일력》. 누적 수강생 600만이 선택한 대표 한국사 강사 최태성이 과거 오늘과 관련된 역사적 인물, 사건, 문화재 366개를 뽑아 한국사 일력에 담았다.",https://image.aladin.co.kr/product/32709/21/cover500/k972936879_2.jpg, 최태성 글, 프런트페이지,2023
역사,매일 떠나는 세계 여행,EBS《세계테마기행》진행자 겸 주인공으로 출연한 저자가 세계 최고의 여행지들을 돌아보며 찍은 사진 365점과 그곳에서 받은 감동과 영감을 담은 글을 매 사진마다 함께 실었다. 각 여행지의 놓쳐서는 안 될 ‘위치’와 ‘여행 포인트’ 정보도 제공한다.,https://image.aladin.co.kr/product/33602/54/cover500/8997107763_1.jpg, 백상현 지음, 아이콘북스,2024
역사,요즘 역사: 근대,흥선대원군이 집권을 시작한 1863년부터 대한제국이 일제에 병합된 1910년까지의 요즘 역사를 황현필만의 스토리텔링으로 풀어 썼다. 그리고 왜 요즘 역사는 복잡하고 시끄러울 수밖에 없는지 냉철한 시각으로 말했다.,https://image.aladin.co.kr/product/33617/62/cover500/k652939016_2.jpg, 황현필 지음, 역바연,2024
역사,미국 한 달 여행,여주 시장을 역임한 저자가 미국여행을 세 번 다녀오고 나서 지인들과 동행하여 다시 한 번 여행계획을 세우고 친절한 준비과정의 설명과 함께 우리가 좋아하는 명소들을 찾아 자유를 만끽할 수 있도록 친절하게 정리한 책이다.,https://image.aladin.co.kr/product/30089/69/cover500/k452839673_1.jpg, 김춘석 지음, 스타북스,2022
역사,(에이든)세계지도로 세계여행 계획하기,여행지도로 유명한 타블라라사의 ‘에이든 여행지도’에서 세계지도 2024-2025 개정2판을 출시하였다. 카자흐스탄 수도명칭과 터키의 나라이름과 같은 최근 변경된 정보를 반영하여 제작되었다. 또한 맵북의 인쇄품질과 재질의 퀄리티를 높히고 트래블노트를 추가하여 세계여행을 계획할 수 있는 툴을 제공한다.,https://image.aladin.co.kr/product/33413/55/cover500/k072938331_1.jpg," 이정기,타블라라사 편집팀 [공]저", 타블라라사,2023
역사,"이규보 선생님, 고려시대는 살 만했습니까","《동국이상국집》에는 권력자의 뜻이나 특정 필요에 따라 지은 글도 있지만, 이규보가 살면서 붓 가는 대로 자신의 처지와 생각을 풀어 놓은 시와 글이 더 많다. 찬찬히 읽어보면 무신정변 후 무인들이 정권을 잡고 호가호위하던 고려의 혼란을 온몸으로 겪어낸 지식인의 모습이 생생하다.",https://image.aladin.co.kr/product/33783/2/cover500/k802930478_1.jpg, 강민경 지음, 푸른역사,2024
역사,수학자와 함께 걷는 실크로드,"낯설지만 낯설지 않은 곳, 실크로드 여행기이다. 우즈베키스탄의 수도 타슈켄트에서 출발하여 히바 칸국의 수도였던, 지붕 없는 박물관이라고 불리는 히바, 몇백 년의 역사를 품에 안은 부하라 등 곳곳을 돌아다니며 소개한다.",https://image.aladin.co.kr/product/31404/7/cover500/8998120895_1.jpg, 남호영;박제남 [공] 지음, 솔빛길,2023
역사,엄마의 역사편지,"<한국사 편지>의 박은봉 선생님과 떠나는 '세계사' 여행! 250만 독자가 읽은 <한국사 편지>와 마찬가지로, 어린이 독자를 흡인력 있게 역사의 세계로 안내한다. 방대한 역사를 35개 주제로 집약, 세계사에서 알아야 할 주요 내용을 빠짐없이 담아낸다. 초등 3학년 이상, 열 살 이상이면 혼자서 너끈히 읽어나갈 수 있다.",https://image.aladin.co.kr/product/692/57/cover500/8991221629_3.jpg, 박은봉 지음 ;우지현 그림, 책과함께,2010
역사,에이든 아이와 가볼 만한 곳 1193,"아이와 함께 다녀볼 만한 여행지 1193개를 소개하고 있다. 단순히 여행지를 소개하는 것이 아니라 해당 여행지에 갔을때 엄마 아빠가 어떤이야기를 해줄 수 있는지, 해주면 좋은지 팁을 제공하고 있다.",https://image.aladin.co.kr/product/31868/30/cover500/k102833520_1.jpg, 이정기;타블라라사 편집부 [공] 지음, 타블라라사,2023
역사,(프렌즈) 미국 서부,10년 넘게 가장 많은 독자들이 여행길 동반자로 선택한 <프렌즈 미국 서부>가 2024~2025년 최신 개정판으로 돌아왔다. 현지에 거주하는 저자가 수시로 변동되는 현지 정보를 신속하고 정확하게 업데이트한 것은 물론 대자연부터 화려한 도시 라이프까지 속속들이 안내한다.,https://image.aladin.co.kr/product/33950/4/cover500/8927880374_1.jpg, 이주은;소연 [공] 지음, 중앙books(중앙북스),2024
역사,(프렌즈) 뉴욕,세계의 자본을 움직이는 굴지의 투자 회사와 거장들의 작품을 만날 수 있는 갤러리가 공존하는 곳. 유수의 대학들이 자리한 교육의 도시이기도 하면서 동시에 세상의 모든 음식을 맛볼 수 있는 미식의 도시이기도 한 곳. 바로 뉴욕이다.,https://image.aladin.co.kr/product/32733/67/cover500/8927880064_1.jpg, 이주은 지음, 중앙books,2023
역사,(큰별쌤 최태성의 별★별 한국사)시대별 기출문제 한국사능력검정시험심화(1.2.3급),"한국사능력검정시험 심화를 대비할 수 있는 기출문제집이다. 큰별쌤이 엄선한 기출문제 738문항을 시대순, 주제별로 구성하였고, 기출 선택지를 자연스럽게 익힐 수 있도록 기출 선택지만 따로 모아 문제를 만들었다.",https://shopping-phinf.pstatic.net/main_4478350/44783503623.20231221092313.jpg, 최태성, 이투스북,2023
역사,(큰별쌤 최태성의 별★별 한국사)시대별 기출문제 한국사능력검정시험심화(1.2.3급),"한국사능력검정시험 심화를 대비할 수 있는 기출문제집이다. 큰별쌤이 엄선한 기출문제 738문항을 시대순, 주제별로 구성하였고, 기출 선택지를 자연스럽게 익힐 수 있도록 기출 선택지만 따로 모아 문제를 만들었다.",https://shopping-phinf.pstatic.net/main_4478350/44783503623.20231221092313.jpg, 최태성, 이투스북,2023
역사,(큰별쌤 최태성의 별★별 한국사)시대별 기출문제 한국사능력검정시험심화(1.2.3급),"한국사능력검정시험 심화를 대비할 수 있는 기출문제집이다. 큰별쌤이 엄선한 기출문제 738문항을 시대순, 주제별로 구성하였고, 기출 선택지를 자연스럽게 익힐 수 있도록 기출 선택지만 따로 모아 문제를 만들었다.",https://shopping-phinf.pstatic.net/main_4478350/44783503623.20231221092313.jpg, 최태성, 이투스북,2023
역사,(큰별쌤 최태성의 별★별 한국사)시대별 기출문제 한국사능력검정시험심화(1.2.3급),"한국사능력검정시험 심화를 대비할 수 있는 기출문제집이다. 큰별쌤이 엄선한 기출문제 738문항을 시대순, 주제별로 구성하였고, 기출 선택지를 자연스럽게 익힐 수 있도록 기출 선택지만 따로 모아 문제를 만들었다.",https://shopping-phinf.pstatic.net/main_4478350/44783503623.20231221092313.jpg, 최태성, 이투스북,2023
역사,(큰별쌤 최태성의 별★별 한국사)기출500제:한국사능력검정시험심화(1.2.3급),"2023년 68회 시험부터 2022년 59회 시험까지 최신 기출문제 10회분, 총 500문항으로 구성되었다. '기출 BOOK'은 실제 시험지를 그대로 구현하여 실전과 같은 문제풀이가 가능하며, '해설 BOOK'은 모든 선택지의 자세한 해설뿐만 아니라 기출 선택지와 핵심 내용도 수록하였다.",https://shopping-phinf.pstatic.net/main_4521465/45214653630.20240114070833.jpg, 최태성, 이투스북,2024
역사,(큰별쌤 최태성의 별★별 한국사)기출500제:한국사능력검정시험심화(1.2.3급),"2023년 68회 시험부터 2022년 59회 시험까지 최신 기출문제 10회분, 총 500문항으로 구성되었다. '기출 BOOK'은 실제 시험지를 그대로 구현하여 실전과 같은 문제풀이가 가능하며, '해설 BOOK'은 모든 선택지의 자세한 해설뿐만 아니라 기출 선택지와 핵심 내용도 수록하였다.",https://shopping-phinf.pstatic.net/main_4521465/45214653630.20240114070833.jpg, 최태성, 이투스북,2024
역사,(큰별쌤 최태성의 별★별 한국사)기출500제:한국사능력검정시험심화(1.2.3급),"2023년 68회 시험부터 2022년 59회 시험까지 최신 기출문제 10회분, 총 500문항으로 구성되었다. '기출 BOOK'은 실제 시험지를 그대로 구현하여 실전과 같은 문제풀이가 가능하며, '해설 BOOK'은 모든 선택지의 자세한 해설뿐만 아니라 기출 선택지와 핵심 내용도 수록하였다.",https://shopping-phinf.pstatic.net/main_4521465/45214653630.20240114070833.jpg, 최태성, 이투스북,2024
역사,5천년 역사가 단숨에 이해되는 최소한의 한국사,"한국사 교과서 저자이자 누적 수강생 700만 명에 이르는 한국사 1등 강사 최태성이 고조선이 건국된 기원전 2333년부터 6·15 남북공동선언이 발표된 2000년까지, 반만년 역사를 쉽고 재미있고 명쾌하게 설명한 한국사 책이다.",https://image.aladin.co.kr/product/33226/96/cover500/k932937158_1.jpg, 최태성 지음, 프런트페이지,2023
역사,5천년 역사가 단숨에 이해되는 최소한의 한국사,"한국사 교과서 저자이자 누적 수강생 700만 명에 이르는 한국사 1등 강사 최태성이 고조선이 건국된 기원전 2333년부터 6·15 남북공동선언이 발표된 2000년까지, 반만년 역사를 쉽고 재미있고 명쾌하게 설명한 한국사 책이다.",https://image.aladin.co.kr/product/33226/96/cover500/k932937158_1.jpg, 최태성 지음, 프런트페이지,2023
역사,세계를 움직인 열 가지 프레임,"‘누구의 말도 그대로 믿지 말라’, ‘아는 것이 힘이다’, ‘시간은 돈이다’. ‘펜은 칼보다 강하다’… 누구나 들어봤을 법한 이러한 말들은 믿어 의심치 않은 지혜로 우리 사회에서 수용되고 있다. 『세계를 움직인 열 가지 프레임』은 현대 문명의 성취이자, 오랜 시간 지켜온 신념으로 공유되는 열 가지 핵심 가치의 이면을 살펴보며, 역사와 우리의 생각에 어떤 영향을 끼쳤는지 파헤친다.",https://shopping-phinf.pstatic.net/main_4802532/48025324622.20240529101549.jpg, 수바드라 다스 지음;장한라 옮김, 북하우스(북하우스 퍼블리셔스),2024
역사,사라진 근대사 100장면. 1: 몰락의 시대,"폭발하는 ‘지성’과 격렬한 ‘교류’로 전 세계가 요동치던 시기, 이 땅의 운명을 뒤바꾼 100장면을 담아냈다. 영정조 시대부터 해방과 건국까지, 100장면 모두 학교에서 배울 수 없는 ‘불편한’ 사실들이다.",https://shopping-phinf.pstatic.net/main_5007642/50076429620.20240831091022.jpg, 박종인 지음, 와이즈맵,2024
역사,스페인역사 다이제스트 100,알타미라 동굴 벽화에서부터 황금과 정복의 역사를 거쳐 오늘날의 다양하고도 이국적인 문화적 유산이 탄생하기까지. 스페인의 강렬하고 장중한 역사를 100장면으로 보다.,https://shopping-phinf.pstatic.net/main_5085628/50856287626.20241017071530.jpg, 이강혁 지음, 가람기획,2024
역사,중국에서 만나는 한국 독립운동사,중국 여행 전문가이자 다큐멘터리안 윤태옥이 제안하는 새로운 중국 여행 가이드. 중국 전역에 걸친 한국 독립운동 유적지를 일일이 찾아보면서 우리가 잊고 있었던 어제의 역사와 저자가 직접 느낀 감상이 잘 드러나 있는 여행기이자 답사기이다.,https://shopping-phinf.pstatic.net/main_3247552/32475529772.20230704085957.jpg, 윤태옥 지음, 섬앤섬,2018
역사,도시 대 도시! 맞짱 세계지리 수업,"전 세계 42개 도시가 등장하며, 두 도시가 짝을 이루어 21가지 세계지리 주제가 펼쳐진다. 또 지리를 공부할 때 빼놓을 수 없는 게 지도다. 각 주제마다 도시의 위치와 자연지리적 조건을 담은 지도 컷을 넣어 독자들의 이해를 돕는다.",https://shopping-phinf.pstatic.net/main_4491082/44910823636.20231229070846.jpg, 조지욱 지음;송진욱 그림, 주니어태학,2024
역사,조선 사람들의 근대 생활 탐구,근대를 지탱하는 정치적 이슈를 세세하게 짚으면서도 군대·의료·교육 등 그 시대 사람들의 삶과 생활에 큰 변화를 일으킨 여러 가지 일들에 주목한다. 아울러 먹거리와 놀거리 등 삶의 전반적인 영역을 고루 다룸으로써 독자들이 근대를 더 심층적이고 입체적으로 이해할 수 있도록 돕는다.,https://shopping-phinf.pstatic.net/main_4724338/47243389619.20240528091802.jpg, 권나리 외 지음, 푸른숲주니어,2024
역사,옥스퍼드 책의 역사,"인류의 가장 중요한 문화유산 중 하나인 책. 책의 5000년 역사를 집필하기 위해 케임브리지대 서적사 연구의 석학 제임스 레이븐 교수의 주도로 서지학, 필사, 인쇄, 독서 문화사, 미디어 연구자 등 세계 유수의 학자 16인이 한자리에 모였다.",https://shopping-phinf.pstatic.net/main_4980039/49800391708.20240912092058.jpg, 제임스 레이븐 외 지음;홍정인 옮김, 교유서가,2024
역사,좀 쉬었다 올게요,"치앙마이에서 한 달을 온전히 즐기기 위해 알아두어야 할 모든 것을 총망라한 책이다. 기본적인 여행 정보는 물론, 그 긴 시간 동안 무엇을 해야 할지, 무엇을 할 수 있을지에 대한 다양한 선택지를 담았다.",https://shopping-phinf.pstatic.net/main_5003271/50032715660.20240831071023.jpg, 유승혜(돼지보스) 지음, 클,2024
역사,인조이 오사카: 교토.고베.나라,"알찬 정보와 생생한 현지 사진, 세련된 디자인과 구성으로 사랑받아 온 <인조이 오사카·교토·고베·나라>가 최신개정판으로 돌아왔다. 여행 전문가가 현지 곳곳을 직접 취재하여 최근 몇 년 사이에 크게 달라진 여행 정보를 꼼꼼히 업데이트했다.",https://shopping-phinf.pstatic.net/main_5109494/51094946619.20241030092510.jpg, 세계여행정보센터 지음, 넥서스BOOKS,2024
역사,맛있게 읽는 세계사,"고대부터 근대까지, 4000년의 음식문화 역사 속에서 각 시대를 상징하는 인물들의 음식과 관련한 이야기를 풀어내면서 그들이 먹었던 음식을 살펴본다. 당시 그 지역의 음식문화와 역사를 연결하여 처음 읽는 사람도 쉽게 이해할 수 있도록 구성했다.",https://shopping-phinf.pstatic.net/main_5097545/50975459624.20241024071156.jpg, 엔도 마사시 지음;최미숙 옮김, 로그인,2024
역사,사피엔스,2011년 원서 출간 이후 10년을 돌아보고 위기 상황을 맞은 인류에게 건네는 제언이 특별 서문으로 수록되었다. 현재 인류는 그 어느 때보다 어려운 상황을 맞고 있다. 난국을 헤쳐나가기 위해 무엇을 해야 할까? 저자는 더 나은 세상을 위한 키워드로 ‘인간 이해’를 강조한다.,https://shopping-phinf.pstatic.net/main_3248237/32482377706.20230926085206.jpg, 유발 하라리 지음;조현욱 옮김, 김영사,2015
역사,맛집에서 만난 세계지리 수업,"이탈리아 나폴리피자, 멕시코 타코, 아랍에미리트 루카이마트 등 세계 유명 음식의 기후지리적 연원을 통해 지구 곳곳의 자연환경과 역사, 종교, 경제, 문화를 쉽게 배울 수 있는 청소년 지리 교양서.",https://shopping-phinf.pstatic.net/main_5017734/50177343628.20240907071341.jpg, 남원상 지음, 서해문집,2024
역사,세계사를 만든 30개 수도 이야기,"수도가 결정된 배경을 따라가다 보면, 그 나라의 역사를 자연스럽게 익힐 수 있다. 이 책은 오늘날의 수도뿐만 아니라 과거의 수도까지 전방위로 조명하여 세계 역사를 입체적으로 이해하도록 돕는다.",https://shopping-phinf.pstatic.net/main_5175996/51759962629.20241210082051.jpg, 김동섭 지음, 미래의창,2024
역사,(역사책 좀 다시 보고 싶은 이들을 위한)쓸모 있는 세계사 365,지난 코로나19 펜데믹 봉쇄로 인해 일자리 찾기가 힘들어진 두 명의 역사 교사가 의기투합하여 새롭게 팀을 꾸려 새로운 도전을 시작했다. 하루하루 벌어졌던 중대하고 가끔은 소소한 오늘의 세계사를 한 권의 책으로 엮어내는 프로젝트였다.,https://shopping-phinf.pstatic.net/main_5165408/51654083622.20241129092314.jpg, 요나스 구세나에르츠;벤저민 고이배르츠;로랑 포쉐 [공]지음;정신재 옮김, 정민미디어,2024
역사,상식,"사상가 도올의 의식 속에서 살펴보는 한 달여의 긴박한 윤석열 쿠데타의 진행과 이를 저지시키는 상식으로 무장된 국민의 정의로운 행동들이 고스란히 들어있다. 그리고 우리의 이 상식은 어디에서 왔는지, 과거 우리는 어떠했는지, 우리역사를 일관하는 상식의 심층구조를 자세하게 깨우쳐 주는 이야기가 새로운 정보와 관점으로 웅혼하게 설명된다.",https://shopping-phinf.pstatic.net/main_5257986/52579863670.20250121075807.jpg, 도올 김용옥 지음, 통나무,2025
역사,도쿄 호텔 도감,도쿄 근방의 가장 특색 있는 호텔들을 건축 디자이너의 아름다운 실측 수채화와 흥미진진한 분석 에세이로 살펴보며 실제 가본 것보다도 더 풍성하게 200%의 감동과 재미로 즐길 수 있는 책이다.,https://shopping-phinf.pstatic.net/main_5040001/50400018624.20240921091744.jpg, 엔도 케이 지음;서하나 옮김, 윌북,2024
역사,세계사를 바꾼 12가지 물질,"11세기 중국에서 발명돼 유럽의 대항해 시대를 열어준 나침반, 푸른곰팡이에서 우연히 발견돼 수많은 생명을 구한 항생 물질, 일회용품의 상징에서 건축의 미래를 바꿀 물질로 활약 중인 플라스틱까지. 인류와 함께해 온 물질의 과거, 현재, 미래를 보면 수천 년의 역사가 한눈에 보인다.",https://shopping-phinf.pstatic.net/main_5366690/53666908220.20250321092814.jpg, 사이토 가쓰히로 지음;김정환 옮김, 북라이프,2025
역사,(머리에 새기고 마음에 남기는)울게 되는 한국사: 근현대편,"우리 민족이 숱하게 경험해 온 고난과 극복의 역사를 반추한다. 그러면서 지금 우리가 처한 위기와 갈등을 어떻게 바라보고, 극복해야 할지에 대한 통찰력을 준다. 역사학자이자 베스트셀러 작가인 저자는 유독 비극적인 사건으로 점철되었지만, 정작 교과서에서 제대로 배워본 적 없는 근현대사를 중심으로 이야기를 풀어나간다.",https://shopping-phinf.pstatic.net/main_4082437/40824370620.20230822102334.jpg, 김재원 지음, 빅피시,2023
역사,(큰별쌤 최태성의 별★별 한국사)7일의 기적. 1: 심화(1·2·3급),"7일 만에 한능검 합격 점수를 획득할 수 있도록 시험에 꼭 나오는 핵심 내용만을 압축하여 담았다. 20년 넘게 판서를 연구해 온 판서의 장인 큰별쌤이 핵심만을 모아 만들어 낸 10개의 아트 판서를 수록하였고, 시험에 자주 나오는 기출 자료와 대표 기출문제를 선별하여 수록하였다.",https://dls2.edunet.net/DLS/api/homepage/holding/getCoverImage.do?prov_code=E10&neis_code=E100000276&bib_key=34206379467, 최태성 지음, 이투스북,2025
역사,(큰별쌤 최태성의 별★별 한국사)기출 500제. 1: 심화 (1·2·3급),"2024년 72회 시험부터 2023년 63회 시험까지 최신 기출문제 10회분, 총 500문항으로 구성되었다. '기출 BOOK'은 실제 시험지를 그대로 구현하여 실전과 같은 문제풀이가 가능하며, '해설 BOOK'은 모든 선택지의 자세한 해설뿐만 아니라 기출 선택지와 핵심 내용도 수록하였다.",https://dls2.edunet.net/DLS/api/homepage/holding/getCoverImage.do?prov_code=E10&neis_code=E100000276&bib_key=34206392253, 최태성 지음, 이투스북,2025
역사,(큰별쌤 최태성의 별★별 한국사)기출 500제. 1: 심화 (1·2·3급),"2024년 72회 시험부터 2023년 63회 시험까지 최신 기출문제 10회분, 총 500문항으로 구성되었다. '기출 BOOK'은 실제 시험지를 그대로 구현하여 실전과 같은 문제풀이가 가능하며, '해설 BOOK'은 모든 선택지의 자세한 해설뿐만 아니라 기출 선택지와 핵심 내용도 수록하였다.",https://dls2.edunet.net/DLS/api/homepage/holding/getCoverImage.do?prov_code=E10&neis_code=E100000276&bib_key=34206392253, 최태성 지음, 이투스북,2025
역사,(큰별쌤 최태성의 별★별 한국사)기출 500제. 1: 심화 (1·2·3급),"2024년 72회 시험부터 2023년 63회 시험까지 최신 기출문제 10회분, 총 500문항으로 구성되었다. '기출 BOOK'은 실제 시험지를 그대로 구현하여 실전과 같은 문제풀이가 가능하며, '해설 BOOK'은 모든 선택지의 자세한 해설뿐만 아니라 기출 선택지와 핵심 내용도 수록하였다.",https://dls2.edunet.net/DLS/api/homepage/holding/getCoverImage.do?prov_code=E10&neis_code=E100000276&bib_key=34206392253, 최태성 지음, 이투스북,2025
역사,(큰별쌤 최태성의 별★별 한국사)기출 500제. 1: 심화 (1·2·3급),"2024년 72회 시험부터 2023년 63회 시험까지 최신 기출문제 10회분, 총 500문항으로 구성되었다. '기출 BOOK'은 실제 시험지를 그대로 구현하여 실전과 같은 문제풀이가 가능하며, '해설 BOOK'은 모든 선택지의 자세한 해설뿐만 아니라 기출 선택지와 핵심 내용도 수록하였다.",https://dls2.edunet.net/DLS/api/homepage/holding/getCoverImage.do?prov_code=E10&neis_code=E100000276&bib_key=34206392253, 최태성 지음, 이투스북,2025
역사,이런 캠퍼스 투어는 처음이야!,"휘문고등학교 지리 교사이자 EBSi 강사로서 오랫동안 ‘일상 속의 지리’를 탐구해 온 저자가, 이번에는 한 제자의 호기심에서 비롯된 남다른 캠퍼스 투어를 준비했다. 저자와 함께 인서울 주요 대학교의 거리와 골목을 한 걸음씩 걷다 보면, 스치듯 지나치던 납작한 풍경이 입체적으로 살아나 말을 걸 것이다.",https://dls2.edunet.net/DLS/api/homepage/holding/getCoverImage.do?prov_code=E10&neis_code=E100000276&bib_key=34206512276, 최재희 지음, 북트리거(지학사),2025
역사,여기 가려고 주말을 기다렸어,,https://dls2.edunet.net/DLS/api/homepage/holding/getCoverImage.do?prov_code=E10&neis_code=E100000276&bib_key=34206537601, 주말토리 지음, 빅피시,2024
역사,책문,조선시대 고급공무원 선발 시험인 대과의 마지막 단계에서 출제한 시험과 답안의 한 유형인 책문 가운데에서 오늘날 사람들이 읽어도 의미가 있을 글들을 가려 뽑아서 엮은 책이다. 책문은 시대의 물음이다. 시대가 출제한 시험이다.,https://dls2.edunet.net/DLS/api/homepage/holding/getCoverImage.do?prov_code=E10&neis_code=E100000276&bib_key=34206630918, 김태완 풀고 씀, 현자의마을,2025
역사,(읽자마자 보이는)세계지리 사전,"지리란 단순히 지형이나 기후, 자원을 파악하는 것을 넘어 ‘이 지역에서는 왜 이런 현상이 일어났을까?’라는 질문의 답을 찾아내는 학문이다. 어디에서 어떤 자연환경에 의해 사건이 일어났고, 이를 인간이 어떻게 이용했는지를 지리의 눈으로 관찰하면 모든 현상의 인과가 선명히 드러난다.",https://dls2.edunet.net/DLS/api/homepage/holding/getCoverImage.do?prov_code=E10&neis_code=E100000276&bib_key=34206786277, 이찬희 지음, 보누스,2025
역사,청소년을 위한 한국사 용어 교과서,,https://shopping-phinf.pstatic.net/main_5521203/55212038449.20250609160411.jpg, 배용구 지음, 넥센미디어,2025
역사,청소년을 위한 친절한 한국사,"한반도에서 고군분투했던 선사 시대 우리 선조의 발자취부터 격동의 현대사까지, 청소년 대상으로 마치 영화 한 편을 보듯 몰입감 있게 서술하는 책이다. 읽어나가다 보면 역사적 사건의 배경 또는 원인을 통해 결과를 이해하게 된다.",https://shopping-phinf.pstatic.net/main_4950757/49507574626.20240801071342.jpg, 우디 크리에이티브스 지음, 문예춘추사,2024
역사,내 방안의 역사 컬렉션,한 예능 프로그램에 출연해 ‘일장기를 재활용해 만든 태극기’를 소개해 우리의 마음을 울렸던 역사 컬렉터이자 기록학자 박건호. 그가 30여 년간 모아온 수많은 수집품 중에서 고르고 고른 110점의 특별한 컬렉션으로 개항부터 해방 직후까지 일제시대사를 새로운 방식으로 풀어낸다.,https://shopping-phinf.pstatic.net/main_5616630/56166305588.20250809092321.jpg, 박건호 지음, 휴머니스트,2025
역사,곰브리치 세계사,"20세기를 대표하는 인문학자 에른스트 H. 곰브리치가 청소년을 위해 쓰고, 예일대 출판부가 엄선한 컬러 도판을 수록한 세계사 입문서이다. <서양미술사>와 함께 역사와 예술 등 인문학의 핵심을 통찰력 있게 다루어 저명한 에른스트 H. 곰브리치의 대표작으로 손꼽힌다.",https://image.aladin.co.kr/product/19442/18/cover500/8949189534_2.jpg, 에른스트 H. 곰브리치 글;박민수 옮김, 비룡소,2019
역사,(큰별쌤 최태성의 별★별 한국사)기출 500제,"최신 10회분 500문항으로 실전처럼 연습하고, 큰별쌤의 시대별·난이도별 분석과 한 줄 평, 킬러 문항 표시, 정답 키워드, 선택지 해설, 기출 선택지+α OX, 핵심 개념·연표 정리로 한국사능력검정시험을 빈틈없이 대비할 수 있다.",https://shopping-phinf.pstatic.net/main_5808466/58084664338.20260331113107.jpg, 최태성 지음, 이투스북,2025
역사,나의 문화유산답사기. 12: 서울편 4 - 한양도성 밖 역사의 체취,"유홍준의 『나의 문화유산답사기』 서울편이 드디어 완간됐다. 12권 《서울편》 제4권 '한양도성 밖 역사의 체취' 편에서는 조선왕조 때부터 지금까지 끊임없이 팽창을 거듭해온 역동적 공간으로서의 서울, 강남과 강북을 아우르는 2억 평 '넓은 서울'을 향해 시선을 돌린다.",https://shopping-phinf.pstatic.net/main_3536755/35367551623.20260331113511.jpg, 유홍준 지음, 창비,2022
역사,나의 문화유산답사기. [S]: 제주편-돌하르방 어디 감수광,2012년 초판 출간 이후 15만부 이상이 판매되며 제주를 찾는 여행자들을 위한 안내서로 사랑받아온 『나의 문화유산답사기 제주편』이 새롭고 젊은 감각의 외형을 갖춘 ‘감귤 에디션’으로 재탄생했다.,https://shopping-phinf.pstatic.net/main_3247329/32473294681.20260331120025.jpg, 유홍준 지음, 창비,2021
역사,"괴벨스, 대중 선동의 심리학","국내 최초로 소개하는 괴벨스의 본격 평전인 이 책은 괴벨스의 일기와 그가 쓴 소설, 연설문, 편지 등 방대한 자료를 꼼꼼히 분석해 괴벨스의 내면세계를 가장 깊숙한 지점까지 파헤쳐 들어간 탁월한 나치 심리의 해부서이다.",https://shopping-phinf.pstatic.net/main_3248308/32483083710.20260331110540.jpg, 랄프 게오르크 로이트 지음;김태희 옮김, 교양인,2006
역사,지명발견록,"1986년부터 작품 활동을 시작해 온 시인이자, 30여 년 동안 우리나라 곳곳을 돌아다니며 지명을 답사해 온 인문학자 이경교의 인문학 견문록, 《지명발견록》이 문학수첩에서 출간되었다.",https://shopping-phinf.pstatic.net/main_5103243/51032430620.20260331123718.jpg, 이경교 지음, 문학수첩,2024
역사,지리로 통하는 세계,"<통합사회>의 ‘지리’ 영역에 관련된 내용을 보다 쉽고 재미있게 설명한다. ‘지리’는 땅 위의 모든 일을 연구하고 배우는 학문으로, 단순히 자연환경만을 공부하는 과목이 아니다. 자연이 인간에게 미치는 영향뿐만 아니라 세계시민으로서 우리의 삶에 관해서도 알려주는 학문이다.",https://shopping-phinf.pstatic.net/main_5664739/56647398456.20260331120808.jpg, 박동한 지음, 사람in,2025
역사,(역사선생님도 궁금한)101가지 세계사 질문사전. 1: 문명의 발생부터 근세 사회까지,문명의 발생부터 근세 사회까지 복잡다단한 세계사의 물줄기를 통합적 시각에서 친절하게 설명한 책이다. 책에 실린 101가지 질문은 참신하고 발랄하며 세계사의 전환점과 분기점의 맥락을 쉽고 자연스럽게 짚어 준다.,https://shopping-phinf.pstatic.net/main_3437281/34372818622.20260331123907.jpg, 김영옥 외 10명 글;서은경 그림, 북멘토,2022
역사,있는 그대로 튀르키예,"그 누구보다도 한국과 튀르키예에 애정을 갖고 있는 저자는 이 책을 통해 튀르키예에 대한 기본 정보뿐 아니라 튀르키예의 역사, 튀르키예 사람들이 현재를 살아가는 모습 그리고 그들이 꿈꾸는 미래까지 생생하게 전달해주고 있다.",https://shopping-phinf.pstatic.net/main_4042529/40425299620.20260331104010.jpg, 알파고 시나씨 지음, 초록비책공방,2023
역사,인천인물 100人,,/img/no_book.805feab5.png, 경인일보특별취재팀 지음, 다인아트,2009
역사,(희망의 대륙)남극에 서다,"1985년 11월 16일, 한국남극관측탐험대 대원 17명이 남극땅 킹조지섬에 역사적인 첫발을 내딛은 이후 오늘에 이르기까지 남극을 위해 연구하고 헌신하며 살았던 이들의 남극체험이야기다.",https://image.aladin.co.kr/product/238/89/cover500/8992313101_1.jpg," 윤석순 외, 지음", 휘즈프레스,2008
역사,세계사를 움직이는 다섯 가지 힘,"다섯 가지 코드를 알면 세계 역사의 흐름이 한눈에 보인다. 이 책은 역사의 ‘톱니바퀴’를 다섯 가지 코드[욕망 + 모더니즘 + 제국주의 + 몬스터 + 종교 ]를 통해 살펴본다. 세계사의 흐름에 중요한 역할을 한 ‘인간의 감정’. 그리고 그 감정이 만들어낸 다섯 가지 힘인 ‘욕망’, ‘모더니즘’, ‘제국주의’, ‘몬스터(자본주의, 사회주의, 파시즘)’, ‘종교’를 통해 인류 역사를 좀 더 쉽고 적확하게 이해할 수 있다.",https://image.aladin.co.kr/product/483/51/cover500/8958072695_1.jpg, 사이토 다카시 지음;홍성민 옮김, 뜨인돌,2012
역사,세계사를 움직이는 다섯 가지 힘,"다섯 가지 코드를 알면 세계 역사의 흐름이 한눈에 보인다. 이 책은 역사의 ‘톱니바퀴’를 다섯 가지 코드[욕망 + 모더니즘 + 제국주의 + 몬스터 + 종교 ]를 통해 살펴본다. 세계사의 흐름에 중요한 역할을 한 ‘인간의 감정’. 그리고 그 감정이 만들어낸 다섯 가지 힘인 ‘욕망’, ‘모더니즘’, ‘제국주의’, ‘몬스터(자본주의, 사회주의, 파시즘)’, ‘종교’를 통해 인류 역사를 좀 더 쉽고 적확하게 이해할 수 있다.",https://image.aladin.co.kr/product/483/51/cover500/8958072695_1.jpg, 사이토 다카시 지음;홍성민 옮김, 뜨인돌,2012
역사,한국 현대사 산책:1940년대편. 2,,https://image.aladin.co.kr/product/85/40/cover500/8959060453_1.jpg, 강준만 지음, 인물과사상사,2007
역사,6월항쟁을 기록하다. 1,,/img/no_book.805feab5.png," 6월민주항쟁계승사업회, 민주화운동기념사업회", 6월민주항쟁계승사업회,2007
역사,6월항쟁을 기록하다. 4,,/img/no_book.805feab5.png," 6월민주항쟁계승사업회, 민주화운동기념사업회", 6월민주항쟁계승사업회,2007
역사,미국의 지리,,/img/no_book.805feab5.png, 스티븐 S. 버졸 외 지음, 주한 미국대사관 공보과,2004
역사,미국의 정부,,/img/no_book.805feab5.png, 리처드 C. 슈뢰더 외 지음, 주한 미국대사관 공보과,2004
역사,독립운동 사적지를 찾아서. 3: 경상·제주,,/img/no_book.805feab5.png, 독립기념관한국독립운동사연구소 편, 국가보훈처,2012
역사,"(설민석의)한국사는 살아있다. 1: 3D 증강현실 색칠공부, 초등 교과 연계",,/img/no_book.805feab5.png, 설민석 저, 단꿈교육,2017
역사,역사를 보는 눈,세계에 대한 깊이있는 해석과 자기 나름의 관점을 길러주는 입문교양서 시리즈 '세상을 보는 눈'의 첫 번째 책인 은 도쿄대 명예교수인 호리고메 요조가 일본 NHK의 교양특집 프로그램에서 강연한 내용을 책으로 다시 집필한 것이다.,https://image.aladin.co.kr/product/41/38/cover500/8985548964_1.jpg, 호리고메요조 지음;박시종 옮김, 개마고원,2008
역사,대한민국史. 4: 386세대에서 한미FTA까지,"한미FTA 문제를 두고 한국인을 움직이는 제국주의에 대해 파고든다. 또한 국가보안법의 본질과 황우석 사건을 하나로 관련지어 조작과 음모로 물들여진 한국현대사를 되짚어본다. 족벌사학, 병역제도를 비롯한 현대 한국의 논점은 물론, '전사'의 시대를 살다 간 386세대의 후일담도 담겨 있다.",https://image.aladin.co.kr/product/86/12/cover500/8984312053_1.jpg, 한홍구 지음, 한겨레출판,2008
역사,"(불꽃 같은 삶,영원한 빛)유관순",,/img/no_book.805feab5.png, 이정은 지음, 한국독립운동연구소,2004
역사,"(불꽃 같은 삶,영원한 빛)유관순",,/img/no_book.805feab5.png, 이정은 지음, 한국독립운동연구소,2004
역사,(만화)대한민국사,,/img/no_book.805feab5.png, 한홍구, 이끌리오,
역사,역사 속의 역사읽기 1. 1,,/img/no_book.805feab5.png, 고석규;고영진, 풀빛,
역사,역사 속의 역사읽기 3. 3,,/img/no_book.805feab5.png, 고석규;고영진, 풀빛,
역사,한국 생활사 박물관6. 6: 발해.가야생활관,"시리즈 제6권은 발해·가야 생활관 편으로, 우리 민족사의 흐름을 일목요연하게 정리하면서 그 속에서 발해와 가야가 처한 특수한 위상을 확인한다. 또한 넓은 땅에서 북방 여러 종족과 어울리며 다채로운 삶을 일구던 발해인의 생활 현장 등을 살펴보고 있다.",https://image.aladin.co.kr/product/33/4/cover500/8971966866_2.jpg, 한국생활사박물관편찬위원회 지음, 사계절,2005
역사,(60일간의)남미여행,,https://shopping-phinf.pstatic.net/main_3244281/32442819407.20221019120636.jpg, 민남기 지음, 파피루스,2022
역사,도산 안창호-그 생애와 사상,,https://image.aladin.co.kr/product/3/88/cover500/8971250577_1.jpg, 임중빈 지음, 명지사,1996
역사,도산 안창호-그 생애와 사상,,https://image.aladin.co.kr/product/3/88/cover500/8971250577_1.jpg, 임중빈 지음, 명지사,1996
역사,윤동주 백석 정지용 필사하기,"여기 전설적인 시인들이 모여 있다. 문장을 읽으면 전설적인 시인의 감성에 젖어든다. 온몸으로 증명한 시어들이 시집 속에서 살아있기에. 학창 시절 청춘과 번민으로 가득 찬 시와 영원불멸한 청춘이 각인되었기에, 젊은 나이에 맑은 시어를 씀으로써 성취에 다다랐음을 보여주었기에.",https://image.aladin.co.kr/product/29457/20/cover500/k222837132_1.jpg, 윤동주 지음, 화약고,2022
역사,(초등학생이 꼭 알아야 할) 우리 땅 독도,,https://image.aladin.co.kr/product/59/67/cover500/8953308518_1.jpg, 전지은 지음;김재일 그림, 계림,2007
역사,벌거벗은 세계사 한정판. 1,,/img/no_book.805feab5.png, tvN〈벌거벗은 세계사〉제작팀 지음, 교보문고,2024
역사,벌거벗은 세계사 한정판. 2,,/img/no_book.805feab5.png, tvN〈벌거벗은 세계사〉제작팀 지음, 교보문고,2024
역사,벌거벗은 세계사 한정판. 3,,/img/no_book.805feab5.png, tvN〈벌거벗은 세계사〉제작팀 지음, 교보문고,2024
역사,전범선의 한국사 테라피,"민사고, 다트머스대학을 나와 옥스퍼드대학 대학원에서 역사학을 공부한 역사학도이자, 현재는 밴드 ‘양반들’의 보컬로 활동하는 작가 전범선이 자신의 첫 대중 역사서를 출간했다. 우리가 그간 단면적이고 편향적으로만 알던 한국사의 숨겨진 이야기들을 조명한다.",https://shopping-phinf.pstatic.net/main_5919809/59198095620.20260331124159.jpg, 전범선 지음, 자크드앙,2026
역사,다큐멘터리 105.2. 2: 한국편,,/img/no_book.805feab5.png, 한국신문기자클럽, 한국신문기자클럽,2006
역사,(나비 박사 석주명에게 배우는)몰입,"그 누구보다도 한 가지 일에 몰입한 석주명은 한평생 나비를 채집하고 연구하며 수많은 논문을 발표하였다. 석주명이 훌륭한 학자가 될 수 있었던 것은 그가 나비에 '몰입'하였기 때문이다. 석주명의 생생한 삶을 통해 몰입이 무엇이며, 몰입이 어떤 힘을 가졌는지 배울 수 있다.",https://image.aladin.co.kr/product/261/79/cover500/8992130953_1.jpg, 박현수 지음;김정혜 그림, 뜨인돌어린이,2008
역사,인천인물 100人,,/img/no_book.805feab5.png, 경인일보특별취재팀 지음, 다인아트,2009
역사,(10년 앞을 내다본 경영인)최종현,,https://image.aladin.co.kr/product/451/25/cover500/8970651918_1.jpg, 유영수 지음, 홍익출판사,2009
역사,미국인의 역사. 1,연방주의， 청교도 정신， 혁신주의 등 현대 미국을 건설한 다양한 원동력을 확인할 수 있는 역사서． 본래 ４인의 필자가 공동집필한 방대한 분량의 미국사를 주제별 서술에 방점을 두어 간추린 이 책은 백인중심의 미국사에 가려져 있던 사실（史實）을 요소요소에서 중요하게 부각시켜 놓았다．...,https://image.aladin.co.kr/product/5/35/cover500/9788937602320.gif, 앨런 브링클리 지음, 비봉,2000
역사,세계사 편력. 3,인도의 독립운동가이자 정치가였던 네루가 훗날 인도 총리가 된 자신의 딸 인디라 간디에게 세계사 이야기를 담아 보낸 옥중 서신집. 1930년 간디의 13세 생일부터 1933년까지 2년 10개월간 196편의 편지에 동서와 고금을 가로지르는 역사의 교훈을 담았다.,https://image.aladin.co.kr/product/7/96/cover500/8956450498_2.jpg, J. 네루 지음;곽복희;남궁원 옮김, 일빛,2004
역사,그때 세종이 소리친 까닭은?,,/img/no_book.805feab5.png, 김육훈 지음, 푸른나무,2005
역사,한국 현대사 산책:1950년대편. 3,"지은이는 6.25 전쟁을 유혈적인 참극이라는 점 외에도, 수천 년 동안 내려온 신분제와 그에 따른 도덕체계를 붕괴시킨 전쟁이며 생존이라는 몸부림 앞에 갖가지 부정부패와 '빽' 과 연줄을 만들고 합리화시켰던 전쟁이라는 다각적인 시각으로 바라보며 이로부터 한국사회를 이해하는 실마리를 찾는다.",https://image.aladin.co.kr/product/50/46/cover500/8988410955_1.jpg, 강준만 지음, 인물과사상사,2007
역사,한국 현대사 산책:1990년대편. 1,"한국 현대사를 시대별로 입체적으로 조명한 강준만의 한국 현대사 산책 시리즈의 1990년대편. 3당 합당, 김영삼과 김대중 정부, IMF 구제금융체제, 스타벅스의 한국 진출 등 당대의 중대한 사건들을 살펴보며 우리 시대를 규정한 코드들을 명쾌하게 제시한다.",https://image.aladin.co.kr/product/66/71/cover500/8959060321_1.jpg, 강준만 지음, 인물과사상사,2007
역사,6월항쟁을 기록하다. 2,,/img/no_book.805feab5.png," 6월민주항쟁계승사업회, 민주화운동기념사업회", 6월민주항쟁계승사업회,2007
역사,6월항쟁을 기록하다. 3,,/img/no_book.805feab5.png," 6월민주항쟁계승사업회, 민주화운동기념사업회", 6월민주항쟁계승사업회,2007
역사,80년 5월에서 87년 6월로,,/img/no_book.805feab5.png, 6월민주항쟁계승사업회, 민주화운동기념사업회,2012
역사,우리 나라 여성들은 어떻게 살았을까. 1: 고대부터 조선시기까지,"이 책은 생활사 연구의 흐름 좇아 여성의 역사와 한국사 발전에 여성들이 어떻게 기여했는가를 추적하고 있다. 여성의 출생부터 교육, 혼인, 출산, 자녀교육, 시집살이, 가사노동 등 다채롭고 흥미로운 주제별 접근을 통해, 여성의 구체적 삶으로 여성의 역사를 살핀다.",https://image.aladin.co.kr/product/20/11/cover500/8972783358_1.jpg," 이배용, 외 지음", 청년사,2008
역사,"역사, 길을 품다","조선시대를 읽는 이들로 하여금 호기심과 상상력을 자극하는 역사와 전통의 시대로 받아들이게끔 각자 다른 전공의 연구자 10명이 모여 조선시대 생활 현장을 생동감있게 이해할 수 있도록 한 책. 조선시대를 살아간 사람들의 삶을 10가지 인생길에서 구체적인 인물이나 사진, 대상으로 소개하여 두었으며 두었다.",https://image.aladin.co.kr/product/97/82/cover500/8954603858_1.jpg, 최기숙 외 지음, 글항아리,2007
역사,한국 7대 불가사의,,/img/no_book.805feab5.png, 이종호 지음, 역사의아침,2007
역사,친일인명사전. [3]: ㅇ~ㅎ,,/img/no_book.805feab5.png, 친일인명사전편찬위원회 편찬, 민족문제연구소,2010
역사,독도·울릉도의 역사,,https://image.aladin.co.kr/product/170/34/cover500/894990487x_1.jpg, 김호동 지음, 景仁文化社,2008
역사,"원숭이, 땅으로 내려오다",,https://image.aladin.co.kr/product/230/34/cover500/8974833514_1.jpg, 미하일 일리인 지음;이종훈 옮김, 서해문집,2008
역사,읽는 역사 쓰는 역사,,/img/no_book.805feab5.png, 김종훈 지음, 전국역사교사모임,2009
역사,역사를 보는 눈,세계에 대한 깊이있는 해석과 자기 나름의 관점을 길러주는 입문교양서 시리즈 '세상을 보는 눈'의 첫 번째 책인 은 도쿄대 명예교수인 호리고메 요조가 일본 NHK의 교양특집 프로그램에서 강연한 내용을 책으로 다시 집필한 것이다.,https://image.aladin.co.kr/product/41/38/cover500/8985548964_1.jpg, 호리고메요조 지음;박시종 옮김, 개마고원,2008
역사,플루타크 영웅전. 상,,https://image.aladin.co.kr/product/19/92/cover500/8973306936_1.jpg, 플루타르코스 지음;박광순 편역, 하서,2009
역사,로마인 이야기. 9: 현제의 세기,"시오노 나나미의 로마인 이야기 9번째 권. 이번에 그가 인도하는 로마의 역사는 서기 98년부터 161년까지로 로마 역사가 최전성기에 올랐던 3현제의 시대를 다루고 있다. 이 시대는 고대 로마사가인 타키투스에 의해 '보기 드물게 행복한 시대'라 불리기도 하지만, 당시의 기록을 담은 1차 사료가 거의 없어 저자의 애를 태우기도 한다.",https://image.aladin.co.kr/product/25/53/cover500/8935652601_2.jpg, 시오노나나미;김석희 옮김, 한길사,2011
역사,(주머니 속의)한국사,건국설화에서부터 노무현 대통령까지 5000년 한국의 역사를 짧지만 짜임새 있게 서술해 일목요연하게 보여준다.,https://image.aladin.co.kr/product/45/11/cover500/8984351660_1.gif, 정성희 지음, 가람기획,2009
역사,위대한 아웃사이더,,/img/no_book.805feab5.png, 김삼웅, 사람과 사람,
역사,(인류문명의 박물관)이스탄불 기행,"예술과 문화의 도시를 찾아 떠나는 예담의 ‘인문 기행 시리즈’ 다섯 번째 책. 동양과 서양, 이슬람과 기독교라는 이질적인 두 문화와 역사가 조화를 이루고 있는 독특하고 신비로운 도시 이스탄불의 매력이 흠씬 배어 있는 인문 기행서이다. 120여 컷 이상의 화려한 컬러 사진또한 볼거리다.",https://image.aladin.co.kr/product/32/52/cover500/8988902246_1.gif, 진순신 지음;성성혜 옮김, 예담,2002
역사,유태인이스라엘 있는 그대로 보기,,/img/no_book.805feab5.png, 손혜신, 선미디어,
역사,고분 벽화로 본 고구려 이야기,,/img/no_book.805feab5.png, 전호태, 풀빛,
역사,미쳐야 미친다,,/img/no_book.805feab5.png, 정민, 푸른역사,
역사,두근두근 미대륙 횡단 따라하기,"두 번의 미국 대륙 횡단 자동차 여행 경험담을 담담하게 써 내려가고 있다. 미국에 체류하면서 휴가를 얻어 가족들과 함께 대륙 횡단 여정을 계획하고, 호텔을 예약하고, 비용을 절약하기 위해 준비하는 과정부터 자동차로 달리며 이곳저곳 방문하는 여행의 과정 과정을 소개하고 있다.",https://image.aladin.co.kr/product/28203/85/cover500/k382835977_2.jpg, 홍석민 지음, 문화의힘,2021
역사,전통과 사람들. 2: 당신이 보지 못한 희귀 사진,,/img/no_book.805feab5.png, 쉬충마오스튜디오, 서해문집,2024
역사,망국과 광복. 3: 당신이 보지 못한 희귀 사진,,/img/no_book.805feab5.png, 쉬충마오스튜디오, 서해문집,2024
역사,(2025년 큰별쌤 최태성의 별★별한국사)수능개념,"2015 개정 교육과정에 맞게 수능 한국사의 기본 개념을 9강으로 완벽 정리하였다. 20년 넘게 판서를 연구해 온 판서의 장인 큰별쌤이 핵심만을 모아 만들어 낸 9개의 아트 판서(강의용)와 별 판서(복습용)를 수록하였고, 친절한 개념 정리와 최신 기출문제를 수록하였다.",https://dls2.edunet.net/DLS/api/homepage/holding/getCoverImage.do?prov_code=E10&neis_code=E100000276&bib_key=34206647518, 최태성 지음, 이투스북,2024
역사,한국인의 눈으로 본 근대 일본의 역사,,https://shopping-phinf.pstatic.net/main_5581842/55818426773.20250801071850.jpg, 박훈 지음, 어크로스,2025
역사,(10년 앞을 내다본 경영인)최종현,,https://image.aladin.co.kr/product/451/25/cover500/8970651918_1.jpg, 유영수 지음, 홍익출판사,2009
역사,태일이. 2: 거리의 천사,고 조영래 변호사가 쓴 <전태일 평전> 과 전태일 수기 모음집인 <내 죽음을 헛되이 말라>에 기초하여 전태일의 삶을 만화로 살려 내었다. 이 저본들을 그대로 살리면서 어린이와 청소년 독자를 위해 전태일의 어린 시절과 시대상을 자세히 묘사하고 있으며 이를 위해 가족과 친구들의 인터뷰 내용을 참고하였다.,https://image.aladin.co.kr/product/100/17/cover500/8971992921_1.jpg, 박태옥 지음;최호철 그림, 돌베개,2009
역사,(민족 음악가)김순남,,/img/no_book.805feab5.png, 김별아 지음;한병호 그림, 사계절,2008
역사,(동에 번쩍 서에 번쩍)우리나라 지리 이야기,"무미건조한 교과서식 체제를 넘어 전체 내용을 주제 중심, 문제 해결 중심으로 재편한 지리 학습서. 또한 지리를 어렵게 여기는 학생들을 위해 실생활의 경험에서 나오는 질문과 흥미의 대상이 되는 문제를 중심으로 지리 교과의 내용에 접근하였다.",https://image.aladin.co.kr/product/250/58/cover500/8958283149_1.jpg, 조지욱 지음, 사계절,2009
역사,역사부도,,/img/no_book.805feab5.png," 이병희, 김석우, 이성재, 김형덕, 최현상, 김경호, 박민역, 이용석, 김경진", 금성출판사,2014
역사,한국 현대사 산책:1970년대편. 3,"'한국 현대사 산책'은 1940년대부터 현재까지의 역사를 10년 단위로 나눠 입체적으로 조명하게 될 시리즈로, 이번에 출간된 1970년대편 는 그간의 공백을 메워줄 첫 작업이다.",https://image.aladin.co.kr/product/38/61/cover500/8988410661_2.jpg, 강준만 지음, 인물과사상사,2007
역사,우리 나라 여성들은 어떻게 살았을까. 1: 고대부터 조선시기까지,"이 책은 생활사 연구의 흐름 좇아 여성의 역사와 한국사 발전에 여성들이 어떻게 기여했는가를 추적하고 있다. 여성의 출생부터 교육, 혼인, 출산, 자녀교육, 시집살이, 가사노동 등 다채롭고 흥미로운 주제별 접근을 통해, 여성의 구체적 삶으로 여성의 역사를 살핀다.",https://image.aladin.co.kr/product/20/11/cover500/8972783358_1.jpg," 이배용, 외 지음", 청년사,2008
역사,우리 나라 여성들은 어떻게 살았을까. 1: 고대부터 조선시기까지,"이 책은 생활사 연구의 흐름 좇아 여성의 역사와 한국사 발전에 여성들이 어떻게 기여했는가를 추적하고 있다. 여성의 출생부터 교육, 혼인, 출산, 자녀교육, 시집살이, 가사노동 등 다채롭고 흥미로운 주제별 접근을 통해, 여성의 구체적 삶으로 여성의 역사를 살핀다.",https://image.aladin.co.kr/product/20/11/cover500/8972783358_1.jpg," 이배용, 외 지음", 청년사,2008
역사,고전의 시작 역사·자연과학,,/img/no_book.805feab5.png, 황광우 저, 생각학교,2015
역사,전염병과 역사,"이 책은 지난 6세기 동안 인류에게 유행했던 7개의 질병에 관한 여섯 개의 긴 장들로 이루어져 있다. 1347년부터 1844년까지 서유럽과 중동에 유행했던 페스트, 중세의 서양에서 그리고 최근엔 열대의 질병으로 취급되었던 나병, 1518년부터 1977년에 박멸될 때까지의 천연두, 1492년부터 1965년까지 서유럽 및 동아시아에 번졌던 매독, 1817년부터 1920년까지 영국과 인도에 만연했던 콜레라, 1647년부터 1928년까지의 황열병과 말라리아를 다루고 있다.",https://image.aladin.co.kr/product/462/55/cover500/8991195377_1.jpg, 셸던 와츠 지음;태경섭;한창호 공역, 모티브북,2009
역사,세계사를 움직이는 다섯 가지 힘,"다섯 가지 코드를 알면 세계 역사의 흐름이 한눈에 보인다. 이 책은 역사의 ‘톱니바퀴’를 다섯 가지 코드[욕망 + 모더니즘 + 제국주의 + 몬스터 + 종교 ]를 통해 살펴본다. 세계사의 흐름에 중요한 역할을 한 ‘인간의 감정’. 그리고 그 감정이 만들어낸 다섯 가지 힘인 ‘욕망’, ‘모더니즘’, ‘제국주의’, ‘몬스터(자본주의, 사회주의, 파시즘)’, ‘종교’를 통해 인류 역사를 좀 더 쉽고 적확하게 이해할 수 있다.",https://image.aladin.co.kr/product/483/51/cover500/8958072695_1.jpg, 사이토다카시 지음;홍성민 옮김, 뜨인돌,2010
역사,독립운동 사적지를 찾아서. 3: 경상·제주,,/img/no_book.805feab5.png, 독립기념관한국독립운동사연구소 편, 국가보훈처,2012
역사,다큐멘터리 105. 1: 세계편,,/img/no_book.805feab5.png, 한국신문기자클럽, 한국신문기자클럽,2006
역사,(나비 박사 석주명에게 배우는)몰입,"그 누구보다도 한 가지 일에 몰입한 석주명은 한평생 나비를 채집하고 연구하며 수많은 논문을 발표하였다. 석주명이 훌륭한 학자가 될 수 있었던 것은 그가 나비에 '몰입'하였기 때문이다. 석주명의 생생한 삶을 통해 몰입이 무엇이며, 몰입이 어떤 힘을 가졌는지 배울 수 있다.",https://image.aladin.co.kr/product/261/79/cover500/8992130953_1.jpg, 박현수 지음;김정혜 그림, 뜨인돌어린이,2008
역사,친일인명사전. [1]: ㄱ~ㅂ,,/img/no_book.805feab5.png, 친일인명사전편찬위원회 편찬, 민족문제연구소,2009
역사,대한민국사,,/img/no_book.805feab5.png, 한홍구, 한겨레신문사,
역사,(살아 있는)가야사 이야기,역사의 현장을 찾아 중국에서 일본까지 직접 취재하여 밝혀낸 고대 가야왕국 이야기. 최근 국내외 많은 연구자의 관심을 끌고 있는 가야사에 대해 일목요연하게 정리했다. 가야의 역사와 가야인의 생활상은 물론 최근의 연구 상황까지 가야사의 전체 흐름을 한눈에 읽을 수 있게 했다.,https://image.aladin.co.kr/product/54/50/cover500/8990956331_1.jpg, 박창희 지음, 이른아침,2005
역사,유네스코 세계문화유산,,/img/no_book.805feab5.png, 박영구 외, 베텔스만 코리아,
역사,"(기마족의 신라 통치, 그 시작과 끝)신라 법흥왕은 선비족 모용씨의 후예였다",,/img/no_book.805feab5.png, 장한식 지음, 풀빛,1999
역사,역사 속의 역사읽기 2. 2,,/img/no_book.805feab5.png, 고석규;고영진, 풀빛,
역사,삼국사기2. 2,,https://image.aladin.co.kr/product/7/19/cover500/893242053x_1.jpg, 김부식 지음, 을유문화사,2002
역사,조선 왕 독살사건,"500여 년 역사를 자랑하는 조선 왕조. 이 기간 동안 조선은 27명의 왕을 배출한다. 그중에서는 갑작스런 죽음 탓에 독살설에 휘말린 왕들이 몇몇 있다. 인종, 선조, 효종, 현종, 경종, 정조, 고종이 그들. 여기에 살아서 왕위에만 올랐다면 조선 역사의 흐름을 바꾸었을 거라고 평가받는 소현세자까지 포함하면 무려 8명, 즉 조선 왕 4명 가운데 1명이 독살설에 시달리고 있는 셈이다.",https://image.aladin.co.kr/product/57/27/cover500/8991147305_1.jpg, 이덕일 지음, 다산초당,2006
역사,맨얼굴의 독립운동사,진명행의 『맨얼굴의 독립운동사』는 정서적 통념 하에 길들여진 역사 해석을 거부한다. 새로운 시각으로 조명된 3.1운동과 관련된 인물들의 면면은 다소 충격적이기조차 하다. 유관순의 사망과 관련한 사료 발굴 및 재구성은 누구도 시도해보지 않은 신선한 접근이다.,https://shopping-phinf.pstatic.net/main_5613811/56138119735.20250808071620.jpg, 진명행 지음, 양문,2025
역사,"동인도회사, 제국이 된 기업",,https://shopping-phinf.pstatic.net/main_5675573/56755738991.20250917095232.jpg, 윌리엄 달림플 지음;최파일 옮김, 생각의 힘,2025
역사,한양 그리고 도시. 1: 당신이 보지 못한 희귀 사진,,/img/no_book.805feab5.png, 쉬충마오스튜디오, 서해문집,2024
역사,벌거벗은 세계사 한정판. 4,,/img/no_book.805feab5.png, tvN〈벌거벗은 세계사〉제작팀 지음, 교보문고,2024
