book_type,book_name,book_desc,book_img_link,author,publisher,published_y
언어,언어영역이 대학을 결정한다,"언어 영역에서 다루는 가장 핵심적인 내용은 무엇이며, 언어 영역에서 추구하고자 하는 목표를 통해 무엇을 어떻게 학습하는 것이 효과적인지를 강의하는 책이다. 언어 영역 공부를 효율적으로 하기 위한 방법을 실제 수능에 나왔던 기출 문제들과 모의 평가를 예시로 들어가면서 설명하고 있다.",https://image.aladin.co.kr/product/92/42/cover500/8991010385_1.jpg, 이만기 지음, 글로세움,2007
언어,영절하 Magic Box,"기존 (이하 영절하)에 대한 학습자들의 불만은 '영절하 방식에 대한 이해', '영절하 학습법을 실천하는 과정에서 생긴 문제' 두 가지로 요약될 수 있었다. 이 제품은 저자가 그간의 불만을 다소 해소시키고자 만들어낸 것으로, 이를 활용하는 방식으로 두 가지를 권하고 있다.",https://image.aladin.co.kr/product/50/86/cover500/8995552115_1.gif, 영절하 지음, 토토북스,2007
언어,(하나를 알면 열을 깨치는)원리한자. 1: 부수글자,"<350자로 2200자를 깨치는 원리한자>의 개정판으로 모두 1, 2권으로 나누어져 있다. 1권은 뜻을 나타내는 127자의 부수글자를 [자연]과 [인간], 그리고 [생활]로 구분하여 다루었고, 2권은 263자의 소리글자를 [가다나라] 순으로 정리하였다. 즉, 1, 2권 390자의 자원(字源)을 통해 이 글자들을 조합하여 2~3천자(字)를 쉽게 배울 수 있도록 구성하였다.",https://image.aladin.co.kr/product/845/28/cover500/8962450534_1.jpg, 박홍균 지음, 이비컴,2011
언어,미국 영어 회화 문법. 1: 명사 관련 활용,"미국 플로리다 주립대에서 원어민 대상으로 문법을 강의하는 저자가 수년간의 경험을 바탕으로 한국인이 회화할 때 가장 많이 틀리고, 걸리는 부분만 콕콕 집어냈다. 기존의 문법 틀을 벗어난, 파격적이지만 합리적인 흐름 체계에 머리에 쏙쏙 들어오는 설명을 더했다.",https://image.aladin.co.kr/product/18248/83/cover500/8960497495_2.jpg, 김아영 지음, 사람in,2019
언어,(Hackers)IELTS speaking basic,"IELTS 공부를 막 시작하는 분, IELTS 기초부터 학습하고 싶은 분 등 입문/초보 학습자를 위한 맞춤형 기본서이다. 최신 경향을 반영한 2018 최신판으로, 입문/초보 학습자에게 꼭 맞춘 4주 완성 학습시스템으로 구성하였다.",https://image.aladin.co.kr/product/13405/46/cover500/s082534783_1.jpg, 해커스 어학연구소 지음, 해커스 어학연구소,2018
언어,TOEIC Bridge 기본서,"기본 이론부터 실전 문제까지 단 한 권으로 끝내고 싶은 학습자는 물론, 토익 시험을 준비하기 전에 기초를 탄탄하게 다지고 싶은 학습자에게도 최적화된 교재다. 기본 이론부터 차근차근 단계를 밟아 학습한 뒤 실제 시험과 동일한 난이도의 실전 모의고사로 마무리하여 학습자의 실력을 최종적으로 점검할 수 있다.",https://image.aladin.co.kr/product/19183/1/cover500/8917231136_2.jpg, YBM 편집부 지음, YBM,2019
언어,TOEIC Bridge 기본서,"기본 이론부터 실전 문제까지 단 한 권으로 끝내고 싶은 학습자는 물론, 토익 시험을 준비하기 전에 기초를 탄탄하게 다지고 싶은 학습자에게도 최적화된 교재다. 기본 이론부터 차근차근 단계를 밟아 학습한 뒤 실제 시험과 동일한 난이도의 실전 모의고사로 마무리하여 학습자의 실력을 최종적으로 점검할 수 있다.",https://image.aladin.co.kr/product/19183/1/cover500/8917231136_2.jpg, YBM 편집부 지음, YBM,2019
언어,(20일 만에 네이티브와 수다 떨 수 있는)기적의 말하기 영단어 1000,"실생활에서 가장 많이 쓰는 기본 단어로 구성한 '일상생활 영단어’ 500개, 한국인이 영어를 가장 많이 사용하는 대표 상황인 여행지에서 쓰는 표현으로 구성한 '여행영어 필수 표현‘ 200개, 그리고 특정한 상황에서 쓸 수 있는 표현을 모은 ‘상황별 필수표현’ 300개를 합하여 총 1,000개의 단어와 표현을 표제어로 엄선했다.",https://image.aladin.co.kr/product/18153/25/cover500/k352534148_1.jpg, 이시원 지음, 시원스쿨닷컴,2019
언어,미드영어 상황별 공식 581,비슷한 표현들을 581가지로 세분하여 함께 의미비교를 하면서 또 뉘앙스의 차이를 습득하면서 가장 빠르게 가장 많은 미드표현들을 습득할 수 있도록 구성한 책. 총 Chapter 10까지 종 581개의 상황이 한페이지에 하나씩 깔끔하게 정리되어 있다.,https://image.aladin.co.kr/product/1825/77/cover500/8991298591_1.jpg," E＆C;권도경,서성덕 지음", Mentors,2012
언어,(누구나 배울 수 있는)영어 작문 프로젝트. 1,한국어의 조사와 어미의 뜻만 이해하면 시작할 수 있는 영어 작문 입문서다.,https://image.aladin.co.kr/product/7069/22/cover500/8998192233_1.jpg, 조병대 지음, 투데이북스,2015
언어,Holes,1999년 뉴베리상 수상작. 스탠리의 가문은 고조할아버지 대로부터 전해져 내려오는 '저주'에 걸린 집안이다. 그 저주 때문에 스탠리는 '재수없게도' 청소년 감호소에 보내지게 된다. 캠프 그린 레이크라는 그 감호소에서 소년들이 하는 일은 매일 하루종일 커다란 구덩이를 파는 일.,https://image.aladin.co.kr/product/43/33/cover500/044041480f_1.jpg, by Louis Sachar, Yearling Book,2008
언어,(JLPT)일본어 능력시험 한권으로 끝내기. 3,"1998년에 처음 발간되어 큰 호응을 얻었던 <일본어능력시험 한권으로 끝내기 시리즈>의 네 번째 개정판으로, 2010년 개정된 JLPT(일본어능력시험) N3 최신 기출 내용을 반영한 능시 종합서인 <新일본어능력시험 한권으로 끝내기 N3>의 2016년 개정판이다.",https://image.aladin.co.kr/product/7150/88/cover500/8927711351_2.jpg," 이치우,기타지마 치즈코 지음", 다락원,2016
언어,G-ZONE Grammar Zone. 1: 입문편,"그래머존은 살아있는 예문과 자세한 문법 설명의 전(全)단계 문법 기본서다. 그중에서도 입문편은 처음 문법을 접하거나 문법의 개념을 잡길 원하는 예비 중학생 및 중학생을 위한 교재로, 이 단계의 학습자가 꼭 알아야 할 문법 사항을 담았다.",https://image.aladin.co.kr/product/9301/68/cover500/k652535518_1.jpg, 능률영어교육연구소 지음, 능률교육,2017
언어,G-ZONE Grammar Zone. 3: 기본편 1,그래머존은 살아있는 예문과 자세한 문법 설명의 국내 유일무이 전(全)단계 문법 기본서다. 그 중 기본편은 수능 및 내신 대비를 위해 본격적인 문법 학습을 원하는 예비 고교생 및 고등학생을 위한 문법 교재다.,https://image.aladin.co.kr/product/9301/52/cover500/k462535518_1.jpg, 능률영어교육연구소 지음, 능률교육,2017
언어,해커스 토익,토익 기초 단어부터 고난도 어휘까지 모든 난이도의 단어를 수록했다. 토익 빈출?주제 30개에 맞춰?단어를 수록하여 주제별로 묶어서 쉽게 암기가 가능하다. 단어 MP3를 바로 들을 수 있는 QR코드를 각 Day 시작 페이지에 삽입하여 편리하게 학습이 가능하다.,https://image.aladin.co.kr/product/17602/13/cover500/s602636930_3.jpg, David Cho 지음, 해커스어학연구소,2019
언어,거의 모든 일상 표현의 영어,영어회화를 잘하고 싶은 이들에게 우선 필요한 것은 ‘자신의 일상을 영어로 말할 수 있는 능력’이다. 회화 지문의 대부분이 일상에서 행하는 일의 확장 표현이기 때문이다. 우리가 일상에서 흔히 하고 경험하는 것들을 영어로 표현할 수 있다면 회화를 좀 더 쉽게 접근할 수 있겠다는 생각에서 <거의 모든 일상 표현의 영어>가 기획되었다.,https://image.aladin.co.kr/product/30388/54/cover500/8960499757_1.jpg, 케빈 강;해나 변 [공]지음, 사람in,2022
언어,(해석이 쉬워지는)해커스 구문독해 100,"빠르고 정확한 영어 지문 해석을 위해?꼭 알아야 할 필수 구문 100개를 수록했다. 필수 구문으로 직독직해 실력을 키워 공무원, 편입, 수능, 토익, 토플, 텝스 등 모든 영어 시험 독해 대비가 가능하다.",https://image.aladin.co.kr/product/19368/15/cover500/8965422949_2.jpg, 해커스 어학연구소 [지음], 해커스 어학연구소,2019
언어,(해석이 쉬워지는)해커스 구문독해 100,"빠르고 정확한 영어 지문 해석을 위해?꼭 알아야 할 필수 구문 100개를 수록했다. 필수 구문으로 직독직해 실력을 키워 공무원, 편입, 수능, 토익, 토플, 텝스 등 모든 영어 시험 독해 대비가 가능하다.",https://image.aladin.co.kr/product/19368/15/cover500/8965422949_2.jpg, 해커스 어학연구소 [지음], 해커스 어학연구소,2019
언어,(해석이 쉬워지는)해커스 구문독해 100,"빠르고 정확한 영어 지문 해석을 위해?꼭 알아야 할 필수 구문 100개를 수록했다. 필수 구문으로 직독직해 실력을 키워 공무원, 편입, 수능, 토익, 토플, 텝스 등 모든 영어 시험 독해 대비가 가능하다.",https://image.aladin.co.kr/product/19368/15/cover500/8965422949_2.jpg, 해커스 어학연구소 [지음], 해커스 어학연구소,2019
언어,(해석이 쉬워지는)해커스 구문독해 100,"빠르고 정확한 영어 지문 해석을 위해?꼭 알아야 할 필수 구문 100개를 수록했다. 필수 구문으로 직독직해 실력을 키워 공무원, 편입, 수능, 토익, 토플, 텝스 등 모든 영어 시험 독해 대비가 가능하다.",https://image.aladin.co.kr/product/19368/15/cover500/8965422949_2.jpg, 해커스 어학연구소 [지음], 해커스 어학연구소,2019
언어,(해석이 쉬워지는)해커스 구문독해 100,"빠르고 정확한 영어 지문 해석을 위해?꼭 알아야 할 필수 구문 100개를 수록했다. 필수 구문으로 직독직해 실력을 키워 공무원, 편입, 수능, 토익, 토플, 텝스 등 모든 영어 시험 독해 대비가 가능하다.",https://image.aladin.co.kr/product/19368/15/cover500/8965422949_2.jpg, 해커스 어학연구소 [지음], 해커스 어학연구소,2019
언어,스피킹 매트릭스,"<스피킹 매트릭스 시리즈>의 전면 개정판. 실제 스피킹 프로세스를 100% 구현한 ‘끊어 말하기’로 더욱 강력한 훈련 효과를 자랑하고 있다. 또한, 그동안 독자들이 보낸 다양한 문의 및 요청사항을 반영하여 내용과 구성을 새롭게 개편하였다.",https://image.aladin.co.kr/product/24100/63/cover500/k622639235_1.jpg, 김태윤 지음, 길벗이지톡,2020
언어,(요즘 어른들을 위한)최소한의 맞춤법,전작을 통해 “맞춤법을 이토록 유쾌하게 설명한 작가는 없다”라는 찬사를 받았던 이주윤 작가가 이번에는 대한민국 성인이 가장 헷갈리는 어휘 70개를 엄선해 꼭 알아야 할 필수 맞춤법을 소개한다.,https://image.aladin.co.kr/product/31325/63/cover500/k032832798_2.jpg, 이주윤 글·그림, 빅피시,2023
언어,(하루 5분의 기적)키위엔 영어회화,영어의 어순과 문장의 구조를 쉽게 이해시켜주며 그로 인해 더 이상 문장을 통째로 외우지 않더라도 스스로 원하는 문장을 만들어 자유롭게 말할 수 있게 해준다. 이 책의 마지막 페이지를 넘겼을 때 여러분의 영어가 어느새 중급이 되어 있는 놀라운 경험을 해보자.,https://image.aladin.co.kr/product/30539/13/cover500/s932936383_3.jpg, 박강준 지음, 키위엔,2022
언어,(행복의 열쇠가 숨어 있는)우리말의 비밀,"일지 이승헌 총장은 멘탈헬스 전문가이자 뇌교육자이다. 지난 30년간 명상 프로그램 개발, 강연, 집필 등 전 세계를 무대로 다양한 활동을 펼쳐왔다. 그런 저자가 이번에는 자신만의 탁월한 통찰과 혜안으로 풀어낸 우리말, 우리 얼 이야기를 담은 책을 출간했다.",https://image.aladin.co.kr/product/2468/41/cover500/8956991537_2.jpg, 이승헌 지음, 한문화,2013
언어,(잠수네)프리스쿨 영어공부법,영어교육은 초등 이후에 시작해도 늦지 않다는 입장이었던 잠수네가 영어교육 시작 연령이 점점 낮아지고 있는 현실과 우리나라 유아 영어교육 방식에서 우려되는 지점을 종합적으로 고려해 내놓은 신작이다.,https://image.aladin.co.kr/product/3954/19/cover500/8925552655_2.jpg, 이신애 지음, RHK알에이치코리아,2014
언어,이기적 정보기기운용기능사 실기 기본서(2021),"최신 출제기준을 적용한 도서로, 정보기기운용기능사 실기 시험 경향을 분석하여 수험생들이 혼자서도 학습할 수 있도록 한 완벽 대비서다. Packet Tracer 프로그램 사용법과 시행처에서 공개한 샘플 문제를 반영하였으며, 상시 출제되었던 기출문제를 복원하였다.",https://image.aladin.co.kr/product/25493/14/cover500/8931462654_1.jpg, 이시영 지음, 영진닷컴,2020
언어,영어 회화의 결정적 단어들,"영어 회화를 잘하고 싶은 이유와 목적이 무엇일까? 원어민과 이야기할 기회가 생겼을 때 버벅대지 않고 대화의 흐름을 끊지 않고 죽 얘기하는 것일 것이다. 그러려면 어떻게 해야 할까? 일단, 그런 대화에 쓰이는 단어를 많이 알아야 한다. 그렇다면 왜 많고 많은 단어책 중에서 <영어 회화의 결정적 단어들>을 해야 하는지, 그 이유를 낱낱이 밝혀준다.",https://image.aladin.co.kr/product/23421/81/cover500/8960498319_1.jpg, 서영조 지음, 사람in,2020
언어,28자로 이룬 문자혁명 : 훈민정음,"다년간 훈민정음을 연구해온 저자 김슬옹이 훈민정음에 대해 그동안 반복적으로 제기된 여러 오해 및 의문에 대해 충실하게 답한 것이다. 훈민정음의 창제 배경, 창제 과정, 창제 주체 그리고 이후 훈민정음이 어떤 과정을 거쳐 풍부화되었는가를 설명한다.",https://image.aladin.co.kr/product/93/41/cover500/8937843390_2.jpg, 세종 외 원저;김슬옹 지음, 아이세움,2010
언어,고사성어 대백과,,https://image.aladin.co.kr/product/64/1/cover500/898988652x_1.jpg, 한국독서교육연구회 엮음, 아테나,2009
언어,(2018 선재국어)벼락치기 주요 어휘 한자 특강,,https://image.aladin.co.kr/product/13781/66/cover500/8918513291_1.jpg," 이선재,선재국어연구소 편저", 법문사,2018
언어,나의 영어 사춘기,영어초보자 또는 영어포기자들을 위해 영어말하기 학습 도서. 그동안 우리가 배웠던 시험을 위한 학습이 아닌 영어말하기 위한 학습을 통해 영어회화를 누구나 할 수 있도록 만들었다. 8주간의 커리큘럼을 통해 영어말하기에 대한 자신감을 가질 수 있다.,https://image.aladin.co.kr/product/12688/21/cover500/k812532177_2.jpg, 이시원 지음, 시원스쿨닷컴,2017
언어,나의 영어공부 이력서,"우리 주변에 숨어 있는 영어 고수 17명의 영어 공부 노하우를 공개한다. 이들도 처음부터 영어 고수는 아니었다. 남들과 별 다를 바 없이 영어에 많은 스트레스를 받았으나, 갖은 고생 끝에 영어 도사로 탈바꿈한 것이다. 17명이 어떤 식으로 영어 공부를 해 남다른 성과를 거둘 수 있었는지를 솔직담백한 어조로 밝힌다.",https://image.aladin.co.kr/product/169/86/cover500/8960510238_1.jpg," 김민식, 외 지음", 부키,2008
언어,JLPT 최신 기출 유형 실전모의고사. N2,"2010년부터 2023년 7월까지 13년간의 기출을 완벽 반영하여, 출제 예상 문제만을 3회분으로 콤팩트하게 수록한 도서다. 최신 기출 유형이 반영된 실전 문제로 확실하게 실전 대비를 할 수 있을 뿐 아니라, 회차가 나아갈수록 난이도를 높게 구성하여 합격▷고득점▷만점까지 빠르게 도전할 수 있다.",https://image.aladin.co.kr/product/32463/65/cover500/k862935308_3.jpg, Aj Online Test 지음, 시원스쿨닷컴,2023
언어,(구슬쌤의)예의 바른 영어 표현에 더하여,"<예의 바른 영어 표현>으로 말만 통하면 된다고 믿었던 영어 회화에 ‘예쁘게 말하기, 예의 바르게 말하기’가 진짜 영어 말하기임을 천명하며, 영어 회화 공부법에 혁신을 일으킨 구슬쌤이 선보이는 더 강력한 예의 바른 영어의 표현력.",https://image.aladin.co.kr/product/32330/75/cover500/k532935165_1.jpg, 구슬 지음, 사람in,2023
언어,(The)39-Storey treehouse,,https://image.aladin.co.kr/product/5452/19/cover500/1447281586_2.jpg, by Andy Griffiths;illustrated by Terry Denton, Macmillan,2015
언어,(The)130-Storey Treehouse,,https://image.aladin.co.kr/product/23632/69/cover500/1529045932_1.jpg, by Andy Griffiths;illustrated by Terry Denton, Macmillan,2021
언어,Harry Potter and the sorcerer's stone,갖은 구박을 견디며 이모집에서 생활하던 해리. 해리는 거인 해그리드의 지시대로 호그와트로 떠난다. 런던의 킹스크로스 역에서 호그와트 특급열차를 탄 해리는 열차 안에서 같은 호그와트 마법학교 입학생인 헤르미온느 그레인저와 론 위즐리를 만나 친구가 된다.,https://image.aladin.co.kr/product/20/85/cover500/059035342x_2.jpg, by J. K. Rowling;illustrations by Mary Grandpre, Scholastic,1999
언어,Harry Potter and the prisoner of azkaban,,https://image.aladin.co.kr/product/29/31/cover500/0439136369_2.jpg, by J. K. Rowling;illustration by Mary Grandpre, Scholastic,1999
언어,Harry Potter and the goblet of fire,,https://image.aladin.co.kr/product/37/46/cover500/0439139600_1.jpg, by J. K. Rowling;illustrations by Mary GrandePre, Scholastic,2000
언어,Harry Potter and the Half-Blood Prince,"'Half blood prince'는 용감하고 자격이 있는 왕자란 뜻의 'full blood prince'를 약간 비꼬는 말로, 대접받을 자격이 없거나 비겁한 왕자를 지칭할 때 주로 사용된다고. 이 제목은 원래 2편 에 쓰려고 했던 것이라고 하며, 여기서 말하는 'half blood prince'는 해리 포터도, 볼드모트도 아니라고 했다.",https://image.aladin.co.kr/product/66/33/cover500/0439785960_1.jpg, by J. K. Rowling;illustrations by Mary Grandpre, Scholastic,2005
언어,(The)Little Prince,,https://image.aladin.co.kr/product/44/81/cover500/0156012197_2.jpg, by Antoine De Saint-Exupery;Richard Howard, Harcourt,2000
언어,Diary of a wimpy Kid. 6: Cabin Fever,,https://image.aladin.co.kr/product/1686/66/cover500/1419703684_1.jpg, by Jeff Kinney, Amulet Books,2011
언어,Diary of a Wimpy Kid. 8: Hard Luck,,https://image.aladin.co.kr/product/4100/13/cover500/1419713485_1.jpg, by Jeff Kinney, Amulet Books,2013
언어,해커스 New 텝스 기출 보카,"기출 어휘는 영역별로 어떻게 출제되었는지 '뉴텝스 출제 포인트'로 정리했다. 쓰임이 다른 유사어, 함께 쓰이는 어휘 등의 설명을 통해 출제 포인트를 쉽게 이해할 수 있다. 단어 주제별로 삽화와 스토리를 넣어 오래 기억에 남는 연상 암기법으로 단어 학습이 가능하다.",https://image.aladin.co.kr/product/17035/10/cover500/896542271x_3.jpg, David Cho 지음, 해커스어학연구소,2018
언어,(Hackers 2주 만에 끝내는)해커스 OPIc,"최신 OPIc Background Survey 항목을 반영하였다. 2주 만에 IH/AL 등급 완성 가능 가능한 체계적인 학습 구성으로, IH/AL 등급 달성에 필수적인 '돌발 주제와 롤플레이' 문제를 대비할 수 있다.",https://image.aladin.co.kr/product/8683/76/cover500/k542535185_3.jpg, 해커스 오픽연구소 지음, 해커스,2016
언어,(입에 달고사는)일빵빵 기초 영어,많은 독자들과 팟캐스트 청취자들의 뜨거운 성원 속에 완결된 <일빵빵 기초영어> 시리즈가 ‘아주 특별한’ 번외편으로 돌아왔다. 이 책은 <일빵빵 기초영어>에서 배웠던 문장들을 100% 활용할 수 있도록 구성되어 있다.,https://image.aladin.co.kr/product/7779/19/cover500/k102434126_1.jpg, 서장혁 지음, 토마토,2016
언어,야나두 영어회화,"출시 3달 만에 수강생 8만 명, 유튜브 샘플 강의 8400만 뷰, 장학금을 통한 완강률 2배 상승. 영어회화 시장에 획기적인 바람을 불러일으키며 80만 수강생의 영어 말문을 열게 한 야나두 대표강의가 드디어 한 권의 책으로 출간되었다.",https://image.aladin.co.kr/product/17706/32/cover500/s422635942_1.jpg, 원예나 지음, 라곰,2019
언어,네이티브 영어표현력 사전,콩글리시와 네이티브 표현의 차이를 결정하는 17개 영어 표현법을 체계적으로 정리한 책. 한국외국어대학교 통 · 번역대학원 한영과 이창수 교수가 네이티브 영어의 핵심으로 뽑은 17개 영어식 표현법을 주제로 상세한 설명과 예문을 수록했다.,https://image.aladin.co.kr/product/17168/65/cover500/8927701054_1.jpg, 이창수 지음, 다락원,2018
언어,(알면 알수록 재미있고 신기한)우리말 교실,"우리말 어휘학자인 저자가 오랫동안 우리말 강연을 하고, 글을 쓰면서 저자 나름의 방식으로 터득한 ‘즐거운 우리말 공부법’을 담았다. 우리말 공부의 기본인 맞춤법을 비롯하여 문법, 띄어쓰기, 비유법, 외래어 표기법 등을 알기 쉽게 정리했다.",https://image.aladin.co.kr/product/17216/96/cover500/8994011897_1.jpg, 조현용 지음, 마리북스,2018
언어,(손미나의)나의 첫 외국어 수업,"스페인 시청률 1위 시사토크쇼 <국민의 거울>에서 유창한 스페인어 실력으로 한국의 코로나19 방역 체계와 대응책에 대해 소개한 이후, ‘민간 외교관’이라 불리며 화제의 중심에 섰던 손미나가 30년간 외국어를 공부하면서 터득한 비법과 노하우를 정리한 책 《손미나의 나의 첫 외국어 수업》으로 돌아왔다.",https://image.aladin.co.kr/product/27380/7/cover500/k582732352_1.jpg, 손미나 지음, 토네이도,2021
언어,영어 듣기·발음 절대 매뉴얼,이 책의 목적은 모든 사람들이 원어민과 똑같은 발음을 할 수 있도록 도와주고자 하는 데 있지 않다. 우리 모두에게 가장 중요한 것은 우리말의 소리를 잘 이용해 원어민뿐만이 아닌 영어를 하는 모든 사람이 이해할 수 있는 발음을 할 수 있는 것이다.,https://image.aladin.co.kr/product/7803/22/cover500/k982434225_1.jpg, 유원호 지음, 넥서스,2016
언어,우리 글 바로 쓰기. 3,"우리 말과 글을 살리기 위해 노력해온 저자의 <우리글 바로쓰기 3>. 저자는 우리 사회와 역사의 모든 실상과 거기 얽힌 문제를 푸는 열쇠를 '말'에서 찾아냈다. 이러한 생각은 이 책 머리말 다음에 그려놓은 '말과 글의 관계 그림표'에 요약했다. 3권에서는 우리가 어떤 말을 써왔는지와 오염된 말을 다루고, 우리 말 바로 쓰기 기준을 제시한다. 또한 방송말과 농사말을 바로쓰는 기준도 담고 있다.",https://image.aladin.co.kr/product/596/30/cover500/893566149x_2.jpg, 이오덕 지음, 한길사,2009
언어,러시아어 길라잡이,,https://image.aladin.co.kr/product/44/55/cover500/8977395178_2.jpg, 오정학;구지현 공저, 백산,2014
언어,(알음알이)고사성어,,https://image.aladin.co.kr/product/32/61/cover500/8989886155_1.gif," 위창복 감수, 도희연 그림", 아테나,2009
언어,방언정담,"남도에서 두만강까지, 저자가 방언 연구를 하며 오간 길에서 만난 사람들, 머문 풍경들이 우리 주변의 이런 방언들을 깨운다. 방언학을 쉽게 녹여낸 저자의 이야기들은 그저 흘려들었던 사투리를 다시 듣게 하고, 사투리의 행간에 담긴 더 많은 뜻을 듣게 만든다.",https://image.aladin.co.kr/product/3157/42/cover500/8997379291_2.jpg, 한성우 지음, 어크로스,2013
언어,국어실력이 밥 먹여준다: 낱말편 1,"의미가 유사한 단어들 사이에 존재하는 미세한 차이를 해설한 책. 한국어를 남들이 잘 이해할 수 있도록 말하거나 쓰고 싶은 사람, 상황에 어울리는 자연스러운 표현력을 기르고 싶은 사람, 문맥에 딱 들어맞는 단어를 구사하고 싶은 사람들을 위한 지침서이다.",https://image.aladin.co.kr/product/68/16/cover500/8991645178_1.jpg, 김경원;김철호 지음, 유토피아,2006
언어,고사성어랑 일촌 맺기,고사성어를 '가나다순'이 아닌 '주제별'로 구성해 출간과 동시에 꾸준한 사랑을 받았던 <고사성어랑 일촌 맺기>가 전면 개정판으로 새롭게 태어났다. 고사성어들의 연관성에 따라 집필한 전혀 새로운 책이다.,https://image.aladin.co.kr/product/88/79/cover500/8974833093_3.jpg, MOIN 편저;신동민 그림, 서해문집,2007
언어,멀티캠퍼스 X 시원스쿨 오픽 진짜학습지. [1]: IM,"OPIc 주관사의 최신 기출 트렌드와 만능 답변 전략으로 IM 획득에 필요한 만큼만 학습할 수 있다. IM레벨 획득에 최적화 된 학습 플랜부터 만능 답변 전략, 실전 모의고사까지 학습지 하나로 완벽 대비할 수 있다.",https://shopping-phinf.pstatic.net/main_3248204/32482042985.20230919123034.jpg, 멀티캠퍼스 외국어연구소 지음;시원스쿨어학연구소 공저, 에스제이더블유인터내셔널,2022
언어,아니마칸지의 일본어 한자혁명. 1,"한자의 원리와 그 안에 담긴 스토리를 무시한 채 그저 암기를 강요하거나, 잘못된 고증으로 엉터리 해설을 제시하고 있는 국내 일본어 한자 학습서의 한계를 보완하고자 아니마칸지는 그동안의 연구 노하우를 바탕으로 한자의 어원을 직관적인 스토리로 풀어내어 이해를 돕는 학습법을 고안했다.",https://shopping-phinf.pstatic.net/main_5477311/54773111833.20250518074933.jpg, 아니마칸지(손양의) 지음, 시대에듀,2025
언어,(손미나의)나의 첫 외국어 수업,"스페인 시청률 1위 시사토크쇼 <국민의 거울>에서 유창한 스페인어 실력으로 한국의 코로나19 방역 체계와 대응책에 대해 소개한 이후, ‘민간 외교관’이라 불리며 화제의 중심에 섰던 손미나가 30년간 외국어를 공부하면서 터득한 비법과 노하우를 정리한 책 《손미나의 나의 첫 외국어 수업》으로 돌아왔다.",https://image.aladin.co.kr/product/27380/7/cover500/k582732352_1.jpg, 손미나 지음, 토네이도,2021
언어,(해커스)일본어회화 10분의 기적,"일본 포털사이트 검색 수가 높은 ‘일본인이 가장 많이 쓰는 패턴’을 담았다. 네이티브의 실제 대화를 통해 실생활 패턴을 쉽고 재미있게 학습할 수 있다. 또한, 부담 없는 하루 10분 학습으로, 일본어 패턴을 학습할 수 있다.",https://shopping-phinf.pstatic.net/main_5632173/56321735740.20250818184446.jpg, 해커스 일본어연구소 지음, 해커스어학연구소,2025
언어,같은 미드를 300번 보면 생기는 일,"25만 명 이상의 구독자를 보유한 유튜버 “수아 바나나”의 첫 번째 책이다. 저자는 순수 국내파로 원어민처럼 유창한 영어를 말할 수 있는 방법에 대해서 탐구하다, 미드 <How I Met Your Mother>를 300회 이상 반복해서 보며 영어 말하기 비법을 터득했다. 미드를 반복해서 보는 것만으로도 영어를 자연스럽게 습득할 수 있음을 저자의 경험을 기반으로 세부적인 방법을 제시한다.",https://shopping-phinf.pstatic.net/main_5645653/56456531886.20250828092213.jpg, 안수아 지음, 넥서스,2025
언어,만능 핵심 일본어 패턴 88,기초를 끝낸 학습자가 쉽게 공부할 수 있는 초급 패턴 회화책. 회화를 하고 싶지만 머릿속에 정리가 되지 않았던 분들을 위해 단 88개 패턴만으로 입이 트일 수 있는 만능 회화 패턴 책이 출간되었다.,https://shopping-phinf.pstatic.net/main_4316303/43163031813.20231012092223.jpg, 와카메 센세 지음, 동양북스(동양문고),2023
언어,해커스 토익,토익 기초 단어부터 고난도 어휘까지 모든 난이도의 단어를 수록했다. 토익 빈출?주제 30개에 맞춰?단어를 수록하여 주제별로 묶어서 쉽게 암기가 가능하다. 단어 MP3를 바로 들을 수 있는 QR코드를 각 Day 시작 페이지에 삽입하여 편리하게 학습이 가능하다.,https://image.aladin.co.kr/product/17602/13/cover500/s602636930_3.jpg, David Cho 지음, 해커스어학연구소,2019
언어,(한눈에 쏙쏙 들어오는)이야기 고사성어,,https://image.aladin.co.kr/product/20/95/cover500/8989326613_1.jpg, 미리내공방 지음, 정민미디어,2010
언어,소통. 1: 첫번째 350단어/2개월분,,https://image.aladin.co.kr/product/1455/49/cover500/8996786616_2.jpg, 이시원;.시원스쿨 컨텐츠개발팀 [공]지음, 시원스쿨닷컴,2011
언어,소통. 2: 350단어/2개월분,,https://image.aladin.co.kr/product/1481/49/cover500/8996786624_1.jpg, 이시원;시원스쿨 컨텐츠개발팀 [공]지음, 시원스쿨닷컴,2012
언어,(현대문자생활 백서)우리말 맞춤법 띄어쓰기,"'세상 모든 글쓰기' 시리즈 7번째 책. 외래어 표기법에 따른 원칙적인 표기와 관용 표기, 자주 틀리는 외래어 표기 유형에 이르기까지 다양한 예시와 자세하고 친절한 설명으로 외래어 표기의 표준을 제공하여 우리 언어생활에서 생겨나는 의사소통의 어려움을 해소해준다.",https://image.aladin.co.kr/product/101/79/cover500/8925514516_1.jpg, 정희창 지음, 랜덤하우스,2008
언어,강성태 영단어,수많은 공신들의 영어 공부 비법과 강성태 공신의 노하우를 탈탈 털어 탄생한 책이다. 다양한 반복 학습 장치로 공신들의 공부 습관이 몸에 밸 수밖에 없게 구성되어 있다. 또한 술술 읽기만 해도 외워지는 어원 설명이 실려 있다.,https://image.aladin.co.kr/product/12603/98/cover500/8974572885_1.jpg, 강성태 지음, 키출판사,2017
언어,강성태 영문법,"'분사는 왜 필요한가? to부정사는 대체 뭔가? 전치사가 왜 중요한가?' 등 본질적인 문법 궁금증부터 해결해준다. 제시한 945개 필수 예문을 외우려고 애써 노력할 필요는 없다. 교재 곳곳에 배치해, 여러 상황에서 반복적으로 만나게 했으니 어느새 머릿속에 스캔 될 것이다.",https://image.aladin.co.kr/product/17600/6/cover500/k972534912_1.jpg, 강성태 지음, 키출판사,2018
언어,조선언문실록,"언문을 사용했던 임금, 언문 편지로 비밀을 주고받은 사대부, 애절한 사랑을 담아 언문 연서를 띄운 여인과 억울함을 풀어 쓴 언문 상소로 속내를 전한 백성들에 이르기까지 남녀노소, 계층을 막론하고 의사소통의 주된 도구였던 한글이 들려주는 사건과 사고, 재미난 이야기를 의 기록을 중심으로 실감나게 살펴본다.",https://image.aladin.co.kr/product/1119/34/cover500/8992975503_1.jpg, 정주리;시정곤, 고즈윈,2011
언어,한글민주주의,‘한글민주주의’라는 말에 담은 국어학자의 ‘한글 사랑’. 한글의 역사적 의미를 이야기하기에 앞서 먼저 우리 삶에서 언어와 문자의 역할은 무엇이고 어때야 하는지를 진지하게 묻고 답한다.,https://image.aladin.co.kr/product/1859/0/cover500/8997735063_1.jpg, 최경봉, 책과함께,2012
언어,우리말은 서럽다,"우리말을 가르치고 퍼뜨리는 데 한평생을 바친 저자가, 오늘날 우리네 말글살이에 대한 안타까움을 담아 펴낸 책이다. 오늘날 우리네 말글살이(언어생활)를 돌아보고, 우리 토박이말의 소중함을 일깨운다. 본문은 '하나, 우리 겨레의 삶과 말', '둘, 우리 토박이말의 속뜻', '셋, 우리 토박이말의 속살'로 구성되어 있다.",https://image.aladin.co.kr/product/433/57/cover500/8993041229_1.jpg, 김수업 지음, 나라말,2009
언어,IT 개발자의 영어 필살기,"당장 오늘부터 생존 영어로 써먹을 수 있는 기술을 단기간에 습득하는 것을 목표로 한다. 영어 기본기를 새로이 다잡고 싶은 개발자와 엔지니어, 취업준비생, 학생을 위한 IT 맞춤형 영어 학습법을 제시하는 책이다.",https://image.aladin.co.kr/product/22331/23/cover500/k262636022_1.jpg, 니시노 류타로 지음;최재원 옮김, 책만,2020
언어,실용어법사전,"전 세계적으로 240만 부 이상 판매, 옥스포드 대학출판부 독점계약한 실용어법사전. 필수 영문법을 총정리했고 초급, 중급, 고급 등 수준별로 영어를 배우면서 흔히 부딪치는 난제 1,000여 개에 대한 명쾌한 해답을 제시해준다.",https://image.aladin.co.kr/product/17759/2/cover500/891723058x_1.jpg, Michael Swan 저, YBM,2019
언어,대입 어휘의 신,대학 입시를 위한 주요 배경지식을 담은 어휘의 완결판. 검증된 입시 전문가가 학종.면접.수능 지문 경향을 철저 분석해 선별한 전공 분야별 실전 필수 어휘집이다.,https://image.aladin.co.kr/product/23333/90/cover500/8997870386_1.jpg, 김송은 지음, 공명,2020
언어,보리 국어 바로쓰기 사전,이 사전은 엮은이 남영신이 평생 ‘우리말 바로쓰기 운동’ 경험을 바탕으로 엮은 것이다. 서울대학교 법과 대학을 졸업했지만 법관의 길로 들어서지 않고 오롯이 우리말 가꾸기에 힘써 왔다.,https://image.aladin.co.kr/product/10018/30/cover500/8984289426_1.jpg, 남영신 엮음, 보리,2018
언어,(딱 한 번 읽고 바로 써먹는)30일 기초 영문법. 1,"유튜브 ‘아티엔바나나’ 채널의 700만 뷰 바나나쌤 영어 강의를 책으로 만난다. “십수 년 동안 공부해도 몰랐던 영문법을 알려준 대박 콘텐츠”로 유명한 전설의 수업을 단 30일 만에 완벽하게 마스터할 수 있도록 쉽고 친절하게, 재미있고 자세하게 정리했다.",https://image.aladin.co.kr/product/26840/62/cover500/k942730394_1.jpg, 르네 지음, 비에이블,2021
언어,(ETS TOEIC)토익 정기시험 기출문제집 1000. [2]: Listening,"정기시험 기출문제 7세트와 ETS 토익 예상문제 3세트가 수록되어 있다. 출제기관 ETS가 제공하는 표준 점수 환산표를 수록했다. 문제를 풀었다면 환산표를 통해 자신의 실력이 어느 정도인지 가늠할 수 있다. 또한 교재 학습자를 위한 온라인 학습 커뮤니티을 통해, 교재 MP3 및 학습 콘텐츠, 정기시험 대비특강을 지원한다.",https://image.aladin.co.kr/product/17576/64/cover500/s492633902_1.jpg, YBM 편집부 지음, YBM,2020
언어,(ETS)토익TOEIC Bridge 공식 실전서,"ETS가 2019년 개정할 TOEIC Bridge 시험을 국내 최초 공개한다. 그에 맞춰 철저히 분석한 파트별 전략과 문제풀이 방법을 소개하였으며, 실전에 대비할 수 있도록 Listening & Reading Tests 실전테스트 2회분과 Speaking & Writing Tests 실전테스트 1회분을 수록하였다.",https://image.aladin.co.kr/product/18714/52/cover500/8917230938_2.jpg, YBM 편집부 지음, YBM와이비엠,2020
언어,(ETS)토익TOEIC Bridge 공식 실전서,"ETS가 2019년 개정할 TOEIC Bridge 시험을 국내 최초 공개한다. 그에 맞춰 철저히 분석한 파트별 전략과 문제풀이 방법을 소개하였으며, 실전에 대비할 수 있도록 Listening & Reading Tests 실전테스트 2회분과 Speaking & Writing Tests 실전테스트 1회분을 수록하였다.",https://image.aladin.co.kr/product/18714/52/cover500/8917230938_2.jpg, YBM 편집부 지음, YBM와이비엠,2020
언어,TOEIC Bridge 기본서,"기본 이론부터 실전 문제까지 단 한 권으로 끝내고 싶은 학습자는 물론, 토익 시험을 준비하기 전에 기초를 탄탄하게 다지고 싶은 학습자에게도 최적화된 교재다. 기본 이론부터 차근차근 단계를 밟아 학습한 뒤 실제 시험과 동일한 난이도의 실전 모의고사로 마무리하여 학습자의 실력을 최종적으로 점검할 수 있다.",https://image.aladin.co.kr/product/19183/1/cover500/8917231136_2.jpg, YBM 편집부 지음, YBM,2019
언어,TOEIC Bridge 기본서,"기본 이론부터 실전 문제까지 단 한 권으로 끝내고 싶은 학습자는 물론, 토익 시험을 준비하기 전에 기초를 탄탄하게 다지고 싶은 학습자에게도 최적화된 교재다. 기본 이론부터 차근차근 단계를 밟아 학습한 뒤 실제 시험과 동일한 난이도의 실전 모의고사로 마무리하여 학습자의 실력을 최종적으로 점검할 수 있다.",https://image.aladin.co.kr/product/19183/1/cover500/8917231136_2.jpg, YBM 편집부 지음, YBM,2019
언어,TOEIC Bridge 기본서,"기본 이론부터 실전 문제까지 단 한 권으로 끝내고 싶은 학습자는 물론, 토익 시험을 준비하기 전에 기초를 탄탄하게 다지고 싶은 학습자에게도 최적화된 교재다. 기본 이론부터 차근차근 단계를 밟아 학습한 뒤 실제 시험과 동일한 난이도의 실전 모의고사로 마무리하여 학습자의 실력을 최종적으로 점검할 수 있다.",https://image.aladin.co.kr/product/19183/1/cover500/8917231136_2.jpg, YBM 편집부 지음, YBM,2019
언어,TOEIC Bridge 기본서,"기본 이론부터 실전 문제까지 단 한 권으로 끝내고 싶은 학습자는 물론, 토익 시험을 준비하기 전에 기초를 탄탄하게 다지고 싶은 학습자에게도 최적화된 교재다. 기본 이론부터 차근차근 단계를 밟아 학습한 뒤 실제 시험과 동일한 난이도의 실전 모의고사로 마무리하여 학습자의 실력을 최종적으로 점검할 수 있다.",https://image.aladin.co.kr/product/19183/1/cover500/8917231136_2.jpg, YBM 편집부 지음, YBM,2019
언어,TOEIC Bridge 기본서,"기본 이론부터 실전 문제까지 단 한 권으로 끝내고 싶은 학습자는 물론, 토익 시험을 준비하기 전에 기초를 탄탄하게 다지고 싶은 학습자에게도 최적화된 교재다. 기본 이론부터 차근차근 단계를 밟아 학습한 뒤 실제 시험과 동일한 난이도의 실전 모의고사로 마무리하여 학습자의 실력을 최종적으로 점검할 수 있다.",https://image.aladin.co.kr/product/19183/1/cover500/8917231136_2.jpg, YBM 편집부 지음, YBM,2019
언어,TOEIC Bridge 기본서,"기본 이론부터 실전 문제까지 단 한 권으로 끝내고 싶은 학습자는 물론, 토익 시험을 준비하기 전에 기초를 탄탄하게 다지고 싶은 학습자에게도 최적화된 교재다. 기본 이론부터 차근차근 단계를 밟아 학습한 뒤 실제 시험과 동일한 난이도의 실전 모의고사로 마무리하여 학습자의 실력을 최종적으로 점검할 수 있다.",https://image.aladin.co.kr/product/19183/1/cover500/8917231136_2.jpg, YBM 편집부 지음, YBM,2019
언어,TOEIC Bridge 기본서,"기본 이론부터 실전 문제까지 단 한 권으로 끝내고 싶은 학습자는 물론, 토익 시험을 준비하기 전에 기초를 탄탄하게 다지고 싶은 학습자에게도 최적화된 교재다. 기본 이론부터 차근차근 단계를 밟아 학습한 뒤 실제 시험과 동일한 난이도의 실전 모의고사로 마무리하여 학습자의 실력을 최종적으로 점검할 수 있다.",https://image.aladin.co.kr/product/19183/1/cover500/8917231136_2.jpg, YBM 편집부 지음, YBM,2019
언어,TOEIC Bridge 기본서,"기본 이론부터 실전 문제까지 단 한 권으로 끝내고 싶은 학습자는 물론, 토익 시험을 준비하기 전에 기초를 탄탄하게 다지고 싶은 학습자에게도 최적화된 교재다. 기본 이론부터 차근차근 단계를 밟아 학습한 뒤 실제 시험과 동일한 난이도의 실전 모의고사로 마무리하여 학습자의 실력을 최종적으로 점검할 수 있다.",https://image.aladin.co.kr/product/19183/1/cover500/8917231136_2.jpg, YBM 편집부 지음, YBM,2019
언어,(ETS)토익TOEIC Bridge 공식 실전서,"ETS가 2019년 개정할 TOEIC Bridge 시험을 국내 최초 공개한다. 그에 맞춰 철저히 분석한 파트별 전략과 문제풀이 방법을 소개하였으며, 실전에 대비할 수 있도록 Listening & Reading Tests 실전테스트 2회분과 Speaking & Writing Tests 실전테스트 1회분을 수록하였다.",https://image.aladin.co.kr/product/18714/52/cover500/8917230938_2.jpg, YBM 편집부 지음, YBM와이비엠,2020
언어,(딱! 한권 일본어능력시험)JLPT 단어장. 3,"최근 2010년~2017년의 일본어능력시험을 토대로, 언어지식뿐만 아니라 독해.청해 어휘도 함께 분석하여, 출제 빈도가 높은 어휘를 수록한 단어장이다. 효율적으로 암기할 수 있도록 테마별 30일로 나누어 수록했으며, 3단계로 나누어 학습자들이 스스로 체크하며 성취감을 느낄 수 있도록 구성하였다.",https://image.aladin.co.kr/product/11956/99/cover500/8940292197_2.jpg, JLPT 연구모임 지음, 시사일본어사,2017
언어,10대를 위한 영어 3줄 일기,"교과서에서 배우던 입시용 영어가 아닌 원어민의 생생한 표현과 단어를 접할 수 있는 책이다. 100개의 질문으로 구성되어 있다. 하루에 한 개의 질문에 답을 한다면 약 3개월, 하루에 3~4개 질문에 답을 한다면 단 한 달만에 100개의 질문에 답을 할 수 있다.",https://image.aladin.co.kr/product/13686/39/cover500/k032532611_1.jpg, 정승익 지음, 메이트북스,2021
언어,10대를 위한 영어 3줄 일기,"교과서에서 배우던 입시용 영어가 아닌 원어민의 생생한 표현과 단어를 접할 수 있는 책이다. 100개의 질문으로 구성되어 있다. 하루에 한 개의 질문에 답을 한다면 약 3개월, 하루에 3~4개 질문에 답을 한다면 단 한 달만에 100개의 질문에 답을 할 수 있다.",https://image.aladin.co.kr/product/13686/39/cover500/k032532611_1.jpg, 정승익 지음, 메이트북스,2021
언어,스크린영어 표현사전 3300,미드에서 탄탄한 노하우를 축적한 멘토스가 이번에는 스크린 중 로맨틱 코메디 21편을 선정하여 집중분석하고 그 결과를 바탕으로 교재를 2권 출간한다. 하나는 로코 스크린에 자주 등장하는 대표표현 3000개를 모아서 레벨별로 정리한 것이며 다른 한권은 역시 로코 21편에 자주 등장하는 대표패턴들을 모아 정리한 교재이다.,https://image.aladin.co.kr/product/31678/59/cover500/k142833780_1.jpg, Chris Suh 지음, Mentors,2023
언어,쓰이는 영문법. 1,문법공식의 나열이 아니라 “왜 여기에 이 문법 규칙을 적용해야 하는지’ 영어의 원리를 명쾌하게 이해시켜서 영어회화와 영작에 실제로 ‘쓰이는 영문법’을 배울 수 있다.,https://image.aladin.co.kr/product/31672/92/cover500/k332833672_1.jpg, 김수영 지음, 길벗이지톡,2023
언어,스피킹 매트릭스,경력 21년의 스피킹 전문 강사가 한국인의 스피킹 메커니즘에 맞춰 개발한 '스피킹 매트릭스 시리즈'의 전면 개정판이다. 이번 개정판에서는 실제 스피킹 프로세스를 100% 구현한 ‘끊어 말하기’로 더욱 강력한 훈련 효과를 자랑하고 있다.,https://image.aladin.co.kr/product/24100/63/cover500/k752639235_1.jpg, 김태윤 지음, 길벗이지톡,2020
언어,우리말 어휘력 사전,"『우리말 어감 사전』에 이어, 유유에서 두 번째 ‘관점 있는 사전’을 출간한다. 이번에는 ‘어휘력’을 늘려 주는 사전이다. 저자 박영수 작가는 헷갈리지 않고 어휘를 마음껏 부리려면 한 가지 중요한 키워드를 알아야 한다고 말한다. 바로 ‘어원’이다.",https://image.aladin.co.kr/product/29175/16/cover500/k462837678_1.jpg, 박영수 지음, 유유,2022
언어,(20년간 배운 영어) 런던에서 길을 잃다,"현지에서 영국인들과 어울려 생활하면서 조금씩 알게 된 살아 있는 현지 영어와 그 밑바탕에 깔려 있는 영국문화를 에세이 형식으로 풀어간다. 앞부분에서는 우선 한국 사람이 영어에 어려움을 겪는 이유를 나름대로 찾고, 우리가 알고 있는 것과 상당히 다르게 사용되고 있는 표현들도 다룬다.",https://image.aladin.co.kr/product/724/26/cover500/8980104588_1.jpg, 우혜전 지음, 진명출판사,2010
언어,(JLPT)한권으로 끝내기,"<JLPT 보카 한권으로 끝내기>의 개정판으로, N5~N1까지 일본어 능력시험 전 Level에 필요한 대표 어휘를 실었다. 2010년부터 2015년까지 출제된 최신 기출 어휘를 반영하였고, 어휘를 급수별, 품사별로 나누고, 엄선된 예문으로 쉽게 단어의 쓰임새를 이해할 수 있다.",https://image.aladin.co.kr/product/8686/76/cover500/8927711459_1.jpg, 김성곤 지음, 다락원,2016
언어,이은경쌤의 사자성어 속담 일력 365,『이은경쌤의 초등영어회화 일력 365』 『이은경쌤의 초등어휘일력 365』로 학습 일력 붐을 일으킨 이은경쌤이 이번엔 10대를 위한 『이은경쌤의 사자성어 속담 일력 365』로 돌아왔다. 교과서에 자주 등장하고. 아이들이 일상에서도 활용해 쓸 수 있는 사자성어와 속담을 제공한다.,https://image.aladin.co.kr/product/32625/83/cover500/k922935454_1.jpg, 이은경 지음, 포레스트북스,2023
언어,강성태 66일 영어회화,전 국민이 66일 만에 영어를 듣고 말할 수 있는 가장 빠른 방법을 전해주겠다는 진정성을 이 한 권에 담았다.,https://image.aladin.co.kr/product/28531/8/cover500/k672835035_1.jpg, 강성태 지음, 다산북스,2021
언어,Small Things Like These,,https://image.aladin.co.kr/product/29836/0/cover500/0571368700_2.jpg, by Claire Keegan, Faber＆Faber,2022
언어,(ETS TOEIC) 토익 단기공략 750+,"출제기관 ETS에서 독점 제공하는 토익 단기공략 시리즈 중 하나로, 750점 이상을 목표로 하는 수험자들을 위한 교재다. 최신경향을 분석하여 전략을 제시하고, 엄선된 기출문제 및 ETS 개발문제를 수록하여 실전에 확실히 대비할 수 있도록 하였다.",https://image.aladin.co.kr/product/24919/64/cover500/8917235948_1.jpg, YBM [편], YBM(와이비엠),2020
언어,(New) 일본어 상용한자 기초 마스터 1026,『일본어 상용한자 기초 마스터 1006』개정판. 총 2136자인 상용한자 중에서 기초에 해당하는 초등학교 교육한자를 수록한 교재다. 일본 문부과학성이 지정한 일본어 교육한자가 1006자에서 2020년 4월 1026자로 증가되기 때문에 일본어 초등학교 학습지도 요령에 맞게 새롭게 개정하였다.,https://image.aladin.co.kr/product/33988/88/cover500/8927712935_1.jpg, 한선희;이이호시 카즈야 [공] 지음, 다락원,2024
언어,(ETS TOEIC) 토익 정기시험 기출문제집 1000 . 4,정기시험 최신 기출문제 10세트가 수록되어 있다. 시험에 나온 최신 기출문제로 실전 감각을 키워 시험에 확실하게 대비할 수 있다. 교재 내 QR코드는 해당 회차의 무료 동영상 강의로 연결된다. 오답률 높은 고난도 문항을 친절한 해설 강의와 함께 수록하였다.,https://image.aladin.co.kr/product/33010/94/cover500/8917239501_1.jpg, YBM [편], YBM,2023
언어,일본어 말하기 루틴 만들기 66 Challenge,"일본인과 의사소통할 수 있는 기본 패턴부터 다양한 주제의 롤플레잉까지, 말하기 위주의 체계적인 학습을 통해 단 66일 만에 일본어 말하기 루틴을 만들 수 있다. 실생활에서 자주 쓰는 리얼한 주제에 대해 말해 볼 수 있도록 구성했다.",https://image.aladin.co.kr/product/34014/87/cover500/k242931069_1.jpg, 시원스쿨어학연구소 지음, 시원스쿨닷컴,2024
언어,수능X내신 고등 영단어,"역대 수능, 모의고사, EBS 연계 교재 등 최근 7개년의 수능 및 모의고사 시험을 분석, 수능 영어 절대평가 유형 문제 풀이의 최중요 4,000단어를 선정한 교재다. 수능 및 모의고사의 중요 단어들을 토대로 하여 빈출 순으로 단어장을 정리하였다.",https://image.aladin.co.kr/product/28226/12/cover500/k722835470_1.jpg, 김찬수 지음, 타보름교육,2021
언어,워드마스터: 고등 Complete,"3개년 수능/모평/학평 및 고2~고3 교과서를 완벽 분석하였다. 수능 및 내신 1등급을 위한 필수 어휘로 구성되었으며, 표제어 암기부터 파생어 확장, Collocation까지 한 권으로 완성한다.",https://image.aladin.co.kr/product/25686/6/cover500/s492839304_1.jpg," 전광훈;조금희,;황진호 [공] 지음", 이투스북,2020
언어,워드마스터: EBS 파이널 1200,40단어씩 30일만에 완성하는 주제별 EBS 어휘 최단기 최종 점검 학습 교재다.,https://image.aladin.co.kr/product/25686/6/cover500/k592735344_3.jpg, 이투스 영어개발팀 지음, 이투스북,2020
언어,이은경쌤의 사자성어 속담 일력 365,『이은경쌤의 초등영어회화 일력 365』 『이은경쌤의 초등어휘일력 365』로 학습 일력 붐을 일으킨 이은경쌤이 이번엔 10대를 위한 『이은경쌤의 사자성어 속담 일력 365』로 돌아왔다. 교과서에 자주 등장하고. 아이들이 일상에서도 활용해 쓸 수 있는 사자성어와 속담을 제공한다.,https://image.aladin.co.kr/product/32625/83/cover500/k922935454_1.jpg, 이은경 지음, 포레스트북스,2023
언어,(요즘 어른들을 위한)최소한의 맞춤법,전작을 통해 “맞춤법을 이토록 유쾌하게 설명한 작가는 없다”라는 찬사를 받았던 이주윤 작가가 이번에는 대한민국 성인이 가장 헷갈리는 어휘 70개를 엄선해 꼭 알아야 할 필수 맞춤법을 소개한다.,https://image.aladin.co.kr/product/31325/63/cover500/k032832798_2.jpg, 이주윤 글·그림, 빅피시,2023
언어,10대를 위한 읽다 보면 똑똑해지는 고사성어 134,"초·중·고등학교 교과서와 문학작품에서 출제되는 고사성어와 사자성어를 선별하여 수능, 논술, 면접을 대비하는 학생과 수험생까지 선택적 학습을 할 수 있도록 배려하였다. 시험에 잘 출제되는 성어를 선별하여 성어의 배경이 된 내용과 각 한자의 겉뜻 순서와 함께 속뜻을 명시함으로써 혼자서도 쉽게 해석할 수 있도록 하였다.",https://shopping-phinf.pstatic.net/main_4937996/49379961620.20240727071252.jpg, 김한수, 하늘아랴,2024
언어,(어원부터 어감까지 한 번에 휘어잡는)우리말 표현 사전,"어휘력을 바탕으로 문해력과 표현력을 길러주기 위해 기획된 것이다. 어휘 학습의 효율성을 높이기 위해 어휘를 단순히 가나다 순이 아니라, 의미 관계나 속성(동의어, 반의어 등), 어휘 부류(고유어, 한자어, 신조어 등), 어휘 등급(높임말, 비속어 등) 등을 고려해 묶어서 제시한다.",https://shopping-phinf.pstatic.net/main_4979973/49799735628.20240816071312.jpg, 조항범 지음, 태학사,2024
언어,괜찮아 어법,"메가스터디 수능 영어 1타, 조정식 선생님의 노하우를 책으로 만날 수 있다. 내신과 모의고사에서 출제되는 어법 개념 중심의 효율적 학습을 제공하고, 개념 확인문제, 수능형 문제, 서술형 문제까지 내신과 수능을 완벽하게 대비한다.",https://shopping-phinf.pstatic.net/main_3831662/38316620625.20230919124646.jpg, 조정식 지음, 메가스터디북스,2023
언어,(ETS TOEIC) 토익 정기시험 기출문제집 1000 . 4 : reading,정기시험 최신 기출문제 10세트가 수록되어 있다. 시험에 나온 최신 기출문제로 실전 감각을 키워 시험에 확실하게 대비할 수 있다. 교재 내 QR코드는 해당 회차의 무료 동영상 강의로 연결된다. 오답률 높은 고난도 문항을 친절한 해설 강의와 함께 수록하였다.,https://shopping-phinf.pstatic.net/main_4452769/44527696641.20231209090903.jpg, YBM [편], YBM,2023
언어,(유카쌤이 알려주는)진짜 일본어,"한국인이 틀리기 쉬운 일본어 표현, 교과서에서는 알려주지 않는 진짜 일본어 표현들을 담아 일본어를 원어민처럼 자연스럽게 구사할 수 있도록 도와주는 도서이다. 어색한 표현이나 잘못된 일본어 표현을 짚어주고, 다양한 상황 속 예시를 통해 표현을 활용하는 방법을 정확히 익힐 수 있다.",https://shopping-phinf.pstatic.net/main_4998925/49989256619.20240829071749.jpg, 무라카미 유카;시원스쿨어학연구소 [공]지음;유미희 옮김, 시원스쿨닷컴,2024
언어,미드 스크린영어 단숨에 따라듣기,미드로 영어를 공부하는 사람들을 위해 미드영어 듣기의 첫관문을 통과할 수 있도록 기획된 책이다. 미드족의 학습방법의 일부를 이 책을 통해서 이룰 수 있도록 꾸며졌다.,https://shopping-phinf.pstatic.net/main_4998453/49984535622.20240830071651.jpg, Chris Suh 지음, 멘토스퍼블리싱,2024
언어,괜찮아 어법,"메가스터디 수능 영어 1타, 조정식 선생님의 노하우를 책으로 만날 수 있다. 내신과 모의고사에서 출제되는 어법 개념 중심의 효율적 학습을 제공하고, 개념 확인문제, 수능형 문제, 서술형 문제까지 내신과 수능을 완벽하게 대비한다.",https://shopping-phinf.pstatic.net/main_3831662/38316620625.20230919124646.jpg, 조정식 지음, 메가스터디북스,2023
언어,향문천의 한국어 비사,"한국어의 기원에서부터 근대 이후에 이르기까지, 미처 몰랐던 역사적 사실부터 흥미진진한 TMI까지, 한국어사의 크고 작은 순간들을 유쾌하고 거침없이 풀어낸 인문 교양서.",https://shopping-phinf.pstatic.net/main_4559032/45590325625.20240203070920.jpg, 향문천 지음, 김영사,2024
언어,해커스 하루 딱! 10분 일본어 일상 단어,"일본에 있는 동안 바로 활용할 수 있도록 ‘일상 라이프’, ‘문화/여가 라이프’, ‘소셜 라이프’ 세 파트를 중심으로 구성하였다. 총 100가지 주제로 단어를 수록하여 풍부한 어휘력을 기를 수 있다. 일본어 글자가 헷갈리더라도, 히라가나/가타카나 오십음도 표를 함께 보면서 일본어 일상 단어 학습이 가능하다.",https://shopping-phinf.pstatic.net/main_4091897/40918972619.20230718121246.jpg, 해커스 일본어연구소 지음, 해커스어학연구소,2024
언어,일본어 명카피 핸드북,광고 카피로 일본어를 배울 수 있을까? 이 책은 TCC(Tokyo Copywriters Club)에서 매년 선정한 최고의 카피를 담은 연감 30여 권에서 200개의 명카피를 엄선한 작품이다. 현직 광고 크리에이티브 디렉터가 직접 집필한 해설이 돋보인다.,https://shopping-phinf.pstatic.net/main_5254896/52548967728.20250121081717.jpg, 정규영 지음, 길벗이지톡,2025
언어,영어로 문장 만들기 훈련 1차 임계잠,문장 만들기 훈련이 지속되기 힘든 이유를 파악해 본책의 모든 한국어 문장을 영어 문장 구조로 시각화하여 학습자가 ‘주어 + 서술어 뼈대’를 체득해 머릿속에 떠오른 한국어 문장을 가장 단시간 내에 영어 문장으로 만들 수 있게 한다.,https://shopping-phinf.pstatic.net/main_4907038/49070383628.20240712093657.jpg, 유은하 지음, 사람in,2024
언어,동사 X 전치사 도감,"우리가 흔히 알고 있는 ‘전치사 30개 X 동사 42개’로 1,000개가 넘는 다양한 표현을 머릿속에 저절로 기억되도록 만들었다. 그림 학습법으로 이름을 알려온 저자가 직접 스케치한 1,000개가 넘는 이미지로 표현을 억지로 외우지 않아도 개념이 저절로 잡히고 기억이 되게 했다.",https://shopping-phinf.pstatic.net/main_4916269/49162696629.20240716080507.jpg, 권은희 지음, 길벗이지톡,2024
언어,김재우의 기초 영어회화 100,한국인의 영어 습관과 원어민의 실제 표현 방식을 누구보다 깊이 이해하는 김재우 선생님이 ‘영어 초보도 쉽게 말할 수 있어야 한다.'라는 신념으로 영어 초급자를 위해 다시 한번 심혈을 기울여 핵심 비법을 담아낸 책이다.,https://shopping-phinf.pstatic.net/main_5171867/51718679618.20241203081441.jpg, 김재우 지음, 상상스퀘어,2024
언어,(에밀리의)10시간 독일어 첫걸음,"독일어 분야 1등, 유튜버 에밀리가 완전히 새로운 독일어 첫걸음서를 선보인다. 누구나 쉽고 가볍게 독일어를 시작할 수 있는 책으로, 10시간만 투자하면 Hallo부터 생활회화까지 기초 독일어를 끝낼 수 있다. 어떻게 10시간 만에 회화까지 가능할까? 한 과의 학습량을 확 줄여 내가 소화할 수 있을 만큼만 공부하고, 꼭 알아야 할 독일어 핵심을 잡는 데 집중한다.",https://shopping-phinf.pstatic.net/main_4141087/41410873622.20230919125245.jpg, 에밀리(임은선) 지음, 길벗,2023
언어,ETS 토익 정기시험 기출문제집 1000 LC. 4: Listening (리스닝),"정기시험 최신 기출문제 10세트가 수록되어 있다. 시험에 나온 기출문제로 실전 감각을 키워 시험에 확실하게 대비하자! 수록된 10세트의 LC 음원은 모두 정기시험 성우의 음원이다. 시험장에서 듣게 될 음성으로 공부하면 까다로운 영국식, 호주식 발음도 걱정 없다.",https://dls2.edunet.net/DLS/api/homepage/holding/getCoverImage.do?prov_code=E10&neis_code=E100000276&bib_key=34206453989, YBM [편], (주)YBM(와이비엠),2025
언어,ETS 토익 정기시험 기출문제집 1000 RC. 4: Reading (리딩),정기시험 최신 기출문제 10세트가 수록되어 있다. 시험에 나온 최신 기출문제로 실전 감각을 키워 시험에 확실하게 대비할 수 있다. 교재 내 QR코드는 해당 회차의 무료 동영상 강의로 연결된다. 오답률 높은 고난도 문항을 친절한 해설 강의와 함께 수록하였다.,https://dls2.edunet.net/DLS/api/homepage/holding/getCoverImage.do?prov_code=E10&neis_code=E100000276&bib_key=34206458195, YBM [편], (주)YBM(와이비엠),2025
언어,(읽자마자 문해력 천재가 되는)우리말 어휘사전,"읽고 쓰고 듣고 말하는 행위는 모두 언어로 이루어진다. 심지어 혼자 하는 생각, 상상, 비판, 추론도 언어 없이는 불가능하다. 이 말은 곧 국어 실력이 우리의 말과 행동, 나아가 사고까지 좌우한다는 뜻이다. 알고 있는 어휘가 많을수록 그만큼 세상을 더욱 넓고 깊게 이해할 수 있다.",https://dls2.edunet.net/DLS/api/homepage/holding/getCoverImage.do?prov_code=E10&neis_code=E100000276&bib_key=34206497085, 박혜경 지음, 보누스,2024
언어,(청소년을 위한)개념 있는 맞춤법 생활,"23년 차 현직 국어 교사가 알려 주는 청소년을 위한 맞춤법 교과서. 웬지와 왠지, 낳다와 낫다, 되지와 돼지 등 매번 헷갈리고 틀리는 맞춤법만을 골라 한 번 보면 절대로 잊어버리지 않도록 친절하고 재미있게 설명하는 책이다.",https://dls2.edunet.net/DLS/api/homepage/holding/getCoverImage.do?prov_code=E10&neis_code=E100000276&bib_key=34206503177, 배혜림 지음, 뜨인돌,2025
언어,(왈왈의 한 권으로 끝내는)영어회화 영단어 도감,"암기를 어려워하는 분들을 위해, 단어를 시각적으로 연결하고 그림으로 기억할 수 있도록 구성했다. 빈출 영단어는 도표로 정리해, 한눈에 많은 영어 표현을 익힐 수 있도록 했다.",https://dls2.edunet.net/DLS/api/homepage/holding/getCoverImage.do?prov_code=E10&neis_code=E100000276&bib_key=34206771480, 왈왈 지음, 북에듀,2025
언어,카와이 일본어 첫걸음,헬로키티랑 즐겁게 일본어 공부할 사람 다 모여라! 세상에서 가장 쉽고 귀여운 일본어 입문서 《카와이 일본어 첫걸음》이 출간되었다. 하루에 딱 두 문장만 배우면 끝나는 심플한 학습 구성으로 누구나 부담 없이 일본어를 공부할 수 있도록 만든 것이 이 책의 가장 큰 특징이다.,https://dls2.edunet.net/DLS/api/homepage/holding/getCoverImage.do?prov_code=E10&neis_code=E100000276&bib_key=34206773339, 레이쌤(김하경) 지음, 길벗이지톡,2025
언어,동화로 배우는 일본어 필수한자 1006자,"일본 창작동화로 新 일본어능력시험 N2.N3 대비용 한자를 재미있게 배울 수 있는 학습서로, 누구나 쉽게 MP3로 네이티브의 생생한 목소리 연기를 들으면서 섀도잉(발음을 따라함)으로 공부할 수 있다. 부록에서는 본문에 나온 필수한자 1006자를 총 TEST와 음.훈 맵으로 정리해서 학습효과를 높여준다.",https://image.aladin.co.kr/product/1380/61/cover500/8994465103_2.jpg, 이노우에 노리오 글·그림;강봉수 옮김, 중앙에듀북스,2011
언어,(Hackers 2주 만에 끝내는) 해커스 OPIc START. 2,"스피킹 초보를 위한 OPIc 학습서이다. 최신 OPIc Background Survey 항목을 반영하였으며 2주 만에 Intermediate 등급 달성 가능한 체계적인 학습 구성과 실전에서 바로 쓰는 ‘핵심 답변 패턴’, 실제 시험장에서 활용할 수 있는 ‘모범 답변 및 아이디어’ 수록하였다.",https://image.aladin.co.kr/product/8991/91/cover500/k012535706_2.jpg, 해커스 오픽연구소 지음, 해커스,2016
언어,토마토 TOEIC speaking,"토익 스피킹 시행 초기부터 쌓아둔 기출 DB를 철저 분석, 기출경향을 바탕으로 총 25회의 모의고사 문제를 수록한 교재. 유형별 답변 Template를 제시하여 말하기의 부담감을 줄일 수 있도록 하였고 다양한 단계별 훈련문제를 통해 답변하는 스킬을 익힐 수 있도록 하였다. 또, 기출경향을 유형별 그리고 주제별로 분류해 아이디어 브레인스토밍, 배경지식까지 학습할 수 있게 하였다.",https://image.aladin.co.kr/product/718/28/cover500/895997546x_2.jpg, 이보영;Julie Tofflemire;John Boswell [공]지음, NE능률교육,2012
언어,(맛있는)여행 일본어,"한국인&일본인 선생님의 생생한 표현과 여행 꿀팁을 수록해 누구나 쉽고 간단하게 일본어로 말하면서 인생여행을 즐길 수 있는 책이다. 이동, 숙박, 식사, 쇼핑, 관광, 긴급할 때 언제 어디서든 하고 싶은 말을 쉽게 찾아 말할 수 있다.",https://shopping-phinf.pstatic.net/main_5077666/50776667621.20260331103657.jpg," 문선희,오노야마 하루카 [공]저", 맛있는Books,2024
언어,착! 붙는 중국어 독학 첫걸음,"결정판! 발음부터 초급 HSK까지 체계적으로 기초 단계를 탄탄하게 다질 수 있다. 상황별 주제 표현으로 핵심 패턴을 익힐 수 있는 21개의 유닛으로 구성되었으며, 입에 착! 붙는 핵심 패턴 구조의 교체 연습으로 표현력을 확장 할 수 있다.",https://shopping-phinf.pstatic.net/main_4633284/46332849618.20260331104429.jpg," 허은진,츠징위 [공]저", 시사중국어사,2024
언어,100일 만에 프리토킹,영어는 ‘핵심 정보에서 주변 정보의 순서로’ 정보를 쌓아가는 언어다. ‘주변 정보에서 핵심 정보의 순서’로 말하는 한국어 어순과는 거의 반대다. 이러한 어순의 차이를 보이는 이유는 영어는 ’청자 중심의 언어‘이기 때문이다.,https://shopping-phinf.pstatic.net/main_5421371/54213715495.20260331105833.jpg, 엘바쌤 지음, 시원스쿨닷컴(에스제이더블유인터내셔널),2025
언어,수능국어 어휘력 사전,"최신 수능국어 시험은 물론 평가원모의고사, 학업성취도평가, 개정 국어교과서, EBS 교재의 출제어휘 등을 모두 분석하여 실제 용례를 다양하게 수록하는 한편, 개념이나 어휘 이외에도 실제로 자주 출제되는 어구나 문장 등도 상세하게 다룬 교재다.",https://shopping-phinf.pstatic.net/main_3248551/32485515404.20260331111722.jpg, 김은영 지음, 쏠티북스,2022
언어,(재밌어서 밤새 읽는)고사성어 이야기. 1,"두 권에 걸쳐 총 240여 개의 고사성어를 소개하는 이 책은 각각의 성어가 가진 배경과 이야기, 한 뼘 더 깊게 들어간 지식과 정보, 함께 배우면 좋은 관련 고사성어까지 흥미롭고 알차게 풀어낸다.",https://shopping-phinf.pstatic.net/main_5172000/51720000619.20250428072135.jpg, 박은철 글·그림, 더숲,2024
언어,가로세로 낱말퍼즐,"오랫동안 국어 운동을 해왔고 국어 관련 업무에 종사해 온 국립국어원 김형배 연구관이 고급 수준 어휘로 구성한 품격 높은 책으로, 가로×세로 9×9칸, 전체 50회로 만든 퍼즐에 낱말 2,500여 개를 담았다.",https://shopping-phinf.pstatic.net/main_5799131/57991314706.20260331110036.jpg, 김형배 지음, 시간과공간사,2026
언어,세상은 라틴어로 가득하다,"세상이 라틴어로 가득하다고? 정말일까? 이 책은 우리가 자주 듣던 그 제품, 그 기업의 이름에서 IT 용어에 이르기까지, 우리 주위 곳곳에 뜻밖에 숨어 있는 라틴어의 흔적을 따라가면서 세계사, 과학, 정치, 종교 등 흥미진진한 지식도 듬뿍 얻을 수 있는 실용+인문 지식교양서다.",https://shopping-phinf.pstatic.net/main_5407300/54073004436.20260331110500.jpg, 라티나 사마 지음;이현욱 옮김, 서해문집,2025
언어,신문이 문해력이다,"경제, 사회, 인문, 문화·예술, 과학, 환경 여섯 분야에서 중학생이 알아 두면 좋은 최신 기사를 실었다. 각 기사는 어휘 학습 → 내용 정리 → 생각과 표현의 과정을 거치며, 학생들이 “비문학은 어렵지 않다”는 경험을 쌓도록 구성했다.",https://shopping-phinf.pstatic.net/main_5699084/56990843381.20260331113530.jpg," 김민정,이유미,이정애 편저", 시대에듀,2026
언어,(우리가 정말 알아야 할)우리말 바로 쓰기,,https://image.aladin.co.kr/product/52/84/cover500/8932312672_1.jpg, 이수열 지음, 현암사,2009
언어,(한눈에 쏙쏙 들어오는)이야기 고사성어,,https://image.aladin.co.kr/product/20/95/cover500/8989326613_1.jpg, 미리내공방 편저, 정민미디어,2010
언어,(하나를 알면 열을 깨치는)원리한자. 2: 소리글자,"<350자로 2200자를 깨치는 원리한자>의 개정판으로 모두 1, 2권으로 나누어져 있다. 1권은 뜻을 나타내는 127자의 부수글자를 [자연]과 [인간], 그리고 [생활]로 구분하여 다루었고, 2권은 263자의 소리글자를 [가다나라] 순으로 정리하였다. 즉, 1, 2권 390자의 자원(字源)을 통해 이 글자들을 조합하여 2~3천자(字)를 쉽게 배울 수 있도록 구성하였다.",https://image.aladin.co.kr/product/860/70/cover500/8962450542_1.jpg, 박홍균 지음, 이비컴,2011
언어,습관 영어,"영어공부를 포기할 수밖에 없었던 나를 뒤돌아보게 만들고, 다시 영어공부를 성공적으로 끝낼 수 있는 자생적 공부의 방법을 알려준다. 영포자에서 벗어나겠다고 지금 당장 선언하자. ‘또다시 영어공부를 시작하는 당신에게’ 《습관 영어》가 바로 곁에서 성공을 도울 것이다.",https://image.aladin.co.kr/product/19441/16/cover500/k402635515_1.jpg, 김태훈 지음, 망고나무,2019
언어,영어회화 100일의 기적,"영어교육전문가 문성현의 책. 이 책은 ‘책+강의+스피킹훈련’으로 보고 듣고 말하는 3D 입체 학습으로 구성되었다. 꼭 기억해야 할 문장들만 뽑아 받아쓰기를 할 수 있도록 구성하였고, 본문에서 헷갈릴 수 있는 단어들을 정리하였다.",https://image.aladin.co.kr/product/6012/36/cover500/s762737702_1.jpg, 문성현 지음, 넥서스,2015
언어,(알쏭달쏭? 만화로 배우는)우리말 겨루기. 1,,https://image.aladin.co.kr/product/82/85/cover500/8953310245_2.jpg, 박근용 지음, 계림닷컴,2006
언어,이근철TV 영어회화. 1,다양한 TV/라디오 방송으로 친근한 국민 영어샘 이근철의 유튜브 방송 <이근철TV>의 회화코스가 화제를 모으고 있다. 그리고 이제 이 효과적인 영어회화 말하기 시스템을 책으로도 만나볼 수 있다.,https://image.aladin.co.kr/product/21080/48/cover500/s552636886_1.jpg, 이근철 지음, 로그인,2019
언어,미드 영어회화 핵심패턴 233,,https://image.aladin.co.kr/product/10920/60/cover500/k032531368_1.jpg, 백선엽 지음, 길벗이지톡,2017
언어,영어회화 핵심패턴 233,"네이티브의 일상생활은 물론 한국인의 입장에서 내 처지나 내 생각을 오해 없이 전달할 수 있는 2,230개 문장과 446개 대화문, 그리고 그 안에 있는 2,676개의 다채로운 상황들이 여러분의 영어 표현력을 한 차원 끌어올려줄 것이다.",https://image.aladin.co.kr/product/10924/0/cover500/k142531362_1.jpg, 조이스 백 지음, 길벗이지톡,2017
언어,(20일 만에 네이티브와 수다 떨 수 있는)기적의 말하기 영단어 1000,"실생활에서 가장 많이 쓰는 기본 단어로 구성한 '일상생활 영단어’ 500개, 한국인이 영어를 가장 많이 사용하는 대표 상황인 여행지에서 쓰는 표현으로 구성한 '여행영어 필수 표현‘ 200개, 그리고 특정한 상황에서 쓸 수 있는 표현을 모은 ‘상황별 필수표현’ 300개를 합하여 총 1,000개의 단어와 표현을 표제어로 엄선했다.",https://image.aladin.co.kr/product/18153/25/cover500/k352534148_1.jpg, 이시원 지음, 시원스쿨닷컴,2019
언어,쓰지 않고 읽는 한자,"선생님 저자되기 프로젝트 선정도서. 고대에서 현재까지 이어져 내려오는 사람들의 생활상을 통해 한자의 숨은 뜻을 재미있게 알려준다. 그 과정에서 살아 있는 문화와 전통이 머릿속에 자연스럽게 기억된다. '활용단어'를 통해 해당 한자에 관한 오늘날의 쓰임새를 눈에 익히고 넘어갈 수 있도록 고안했고, 글과 말로 설명하기에 미흡한 내용은 화려한 사진을 곁들여 더욱 생생하게 전달한다.",https://image.aladin.co.kr/product/1547/26/cover500/8952217403_1.jpg, 이기훈 지음, 살림Friends,2012
언어,한글,"한글이 우수한 까닭과 한글의 유전자적 특질들, 그리고 세종이 한글을 만들게 된 까닭과 우리가 미처 몰랐던 세종의 인간적 면모 등등 ‘한글’에 관계된 이야기를 담은 책. 한글에 둘러싼 다양한 에피소드들을 재미있는 이야기들을 통해 차곡차곡 풀어나가고 있다.",https://image.aladin.co.kr/product/98/73/cover500/899600040x_2.jpg, 김영욱 지음, 루덴스,2007
언어,우리말 실력을 키워주는 한자,"우리말 어휘의 상당부분이 한자어며, 한자어에 어원을 둔 우리말 역시 적지 않다. 우리말 어휘력의 공백을 매워주기 위해 실제 활용도가 높은 다양한 한자어를 소개하고 차근차근 그 뜻을 알아가도록 했다.",https://image.aladin.co.kr/product/93/79/cover500/8958621907_2.jpg, 한필훈 지음, 휴머니스트,2007
언어,(동사 중심)네이티브 영어표현력 사전,저자의 전작인 <네이티브 표현력 사전>에서 다 담지 못했던 핵심 동사 36개에 집중한다. 또한 매일 쓰는 구어 표현이 실감나게 녹아 있는 예문과 대화를 풍부하게 수록하여 전작에 비해 실용성을 업그레이드했다.,https://image.aladin.co.kr/product/25629/38/cover500/892770133x_1.jpg, 이창수 지음, 다락원,2020
언어,조선언문실록,"언문을 사용했던 임금, 언문 편지로 비밀을 주고받은 사대부, 애절한 사랑을 담아 언문 연서를 띄운 여인과 억울함을 풀어 쓴 언문 상소로 속내를 전한 백성들에 이르기까지 남녀노소, 계층을 막론하고 의사소통의 주된 도구였던 한글이 들려주는 사건과 사고, 재미난 이야기를 의 기록을 중심으로 실감나게 살펴본다.",https://image.aladin.co.kr/product/1119/34/cover500/8992975503_1.jpg, 정주리;시정곤, 고즈윈,2011
언어,"한영 번역, 이럴 땐 이렇게","통번역사로 일한 지 20년, 대학에서 통번역 강의를 한 지 10년 된 조원미 교수가 자신이 직접 경험한 영어 글쓰기 방법과 노하우를 학생들에게 조곤조곤 이야기하듯 풀어낸 한영 번역 입문서이자 영작문 책.",https://image.aladin.co.kr/product/4923/50/cover500/8960514381_1.jpg, 조원미 지음, 이다새,2014
언어,(영문과 교수 아빠가 알려주는)초등 만화 영문법,"스스로 공부하는 습관을 길러주는 초등학생을 위한 만화 영문법 책이다. 초등학생이 꼭 알아야 할 필수 영문법 개념들을 이해하기 쉽게 만화로 풀어, 단숨에 개념 완성을 할 수 있다.",https://image.aladin.co.kr/product/9988/20/cover500/k812536362_2.jpg, 유원호 글;김주희 그림, 넥서스,2017
언어,여행영어 100일의 기적,해외여행 준비 D-100 프로젝트. 여행을 준비하면서 또는 여행지에서 만날 수 있는 100가지 상황별 표현들을 정리하였다. 여행영어 필수단어와 함께 여행 도우미 꿀팁도 알려준다. 여행영어의 포인트를 잡는 데 도움이 되는 저자 해설강의와 원어민 MP3파일을 무료로 제공한다.,https://image.aladin.co.kr/product/11100/26/cover500/k002531575_1.jpg, 문성현 지음, 넥서스,2017
언어,Holes,1999년 뉴베리상 수상작. 스탠리의 가문은 고조할아버지 대로부터 전해져 내려오는 '저주'에 걸린 집안이다. 그 저주 때문에 스탠리는 '재수없게도' 청소년 감호소에 보내지게 된다. 캠프 그린 레이크라는 그 감호소에서 소년들이 하는 일은 매일 하루종일 커다란 구덩이를 파는 일.,https://image.aladin.co.kr/product/43/33/cover500/044041480f_1.jpg, by Louis Sachar, Yearling Book,2008
언어,(JLPT)일본어 능력시험 한권으로 끝내기. 2,"2010년부터 2015년까지 실제 시험에서 출제된 어휘와 문법을 연도별로 실었으며, 문제 유형을 철저히 분석.반영하여 'JLPT(일본어능력시험) N1'의 문자·어휘, 문법, 독해, 청해 각 파트를 종합적으로 마스터할 수 있도록 하였다.",https://image.aladin.co.kr/product/7150/56/cover500/8927711343_2.jpg," 이치우,기타지마 치즈코 지음", 다락원,2016
언어,G-ZONE Grammar Zone. 4: 기본편 2,그래머존은 살아있는 예문과 자세한 문법 설명의 국내 유일무이 전(全)단계 문법 기본서다. 그 중 기본편은 수능 및 내신 대비를 위해 본격적인 문법 학습을 원하는 예비 고교생 및 고등학생을 위한 문법 교재다.,https://image.aladin.co.kr/product/9301/58/cover500/k432535518_1.jpg, 능률영어교육연구소 지음, 능률교육,2017
언어,비지니스 영어작문,,https://image.aladin.co.kr/product/3998/92/cover500/8974649187_1.jpg, 조기석 지음, HUINE,2014
언어,(지적이고 아름다운 삶을 위한)라틴어 수업,"한국인 최초, 동아시아 최초 바티칸 대법원 로타 로마나 변호사이자 가톨릭 사제인 한동일 교수가 2010년부터 2016년까지 서강대학교에서 진행했던 강의를 책으로 옮겼다. 책 말미에는 수업을 들었던 제자들이 책 출간을 기념해 보내온 편지를 함께 실었다.",https://image.aladin.co.kr/product/11217/32/cover500/896596220x_1.jpg, 한동일 지음, 흐름,2017
언어,(지적이고 아름다운 삶을 위한)라틴어 수업,"한국인 최초, 동아시아 최초 바티칸 대법원 로타 로마나 변호사이자 가톨릭 사제인 한동일 교수가 2010년부터 2016년까지 서강대학교에서 진행했던 강의를 책으로 옮겼다. 책 말미에는 수업을 들었던 제자들이 책 출간을 기념해 보내온 편지를 함께 실었다.",https://image.aladin.co.kr/product/11217/32/cover500/896596220x_1.jpg, 한동일 지음, 흐름,2017
언어,"국가대표 한자. 1: 명탐정 홈스, 한자를 추리하라","<한자암기박사>의 저자 박원길와 <트라우마>의 작가 곽백수가 만나 완성한 한자 학습 만화. 교육부 선정 한문 교육용 상용한자 1800자를 바탕으로, 교육부 현상 공모에 당선되었던 박원길의 '한자 3박자 연상 학습법'을 어린이의 눈높이에 맞춘 '연상 암기 학습법'으로 발전시켰다.",https://image.aladin.co.kr/product/249/12/cover500/8962470454_1.jpg, 곽백수 지음;박원길 원작, 스콜라,2008
언어,올리버쌤의 영어회화 일력 365,"올리버쌤이 하루 한 문장씩 1년간 365개 표현을 익힐 수 있는 영어회화 일력을 출간했다. 미국인이 아니면 가르쳐줄 수 없는 원어민들의 생활 속 표현을 하루에 하나씩 익힐 수 있도록 구성하고, 문화 차이와 뉘앙스를 정확히 짚어주는 올리버쌤 특유의 재밌는 설명과 함께, 다양한 상황에서 활용할 수 있는 응용표현들도 추가로 제공한다.",https://image.aladin.co.kr/product/25513/91/cover500/k812633228_3.jpg, 올리버 샨 그랜트 지음, 비에이블,2020
언어,매3력,"중고등학생부터 NCS, 공무원 등 시험을 준비하는 수험생은 물론, 일반 성인들을 대상으로 집필된 책이다. 디지털 시대에도 데이터를 분석하고 정보를 해석하는 기본 역량은 어휘력, 독서력, 국어력이다. 이 셋의 중요성은 아무리 강조해도 지나치지 않다.",https://image.aladin.co.kr/product/20651/32/cover500/k692636268_1.jpg, 안인숙 지음, 키,2022
언어,(28시간에 끝내는)시원스쿨 TOEIC Speaking Start,2022년 6월 시험 변경 사항을 완벽히 반영하여 최신 출제 경향을 담은 유형별 문제 연습과 실전 문제 연습을 통해 단기간에 목표 점수 획득이 가능하다. 기초 문법을 모르는 영포자도 학습이 가능한 쉬운 교재로 저자가 제시하는 순서대로 따라만 해도 목표 점수 달성이 가능한 직관적인 답변 템플릿을 제공한다.,https://image.aladin.co.kr/product/29530/42/cover500/k372837540_2.jpg, 황인기;시원스쿨 영어연구소 [공]지음, S시원스쿨닷컴(에스제이더블유인터내셔널),2016
언어,(해석이 쉬워지는)해커스 구문독해 100,"빠르고 정확한 영어 지문 해석을 위해?꼭 알아야 할 필수 구문 100개를 수록했다. 필수 구문으로 직독직해 실력을 키워 공무원, 편입, 수능, 토익, 토플, 텝스 등 모든 영어 시험 독해 대비가 가능하다.",https://image.aladin.co.kr/product/19368/15/cover500/8965422949_2.jpg, 해커스 어학연구소 [지음], 해커스 어학연구소,2019
언어,(해석이 쉬워지는)해커스 구문독해 100,"빠르고 정확한 영어 지문 해석을 위해?꼭 알아야 할 필수 구문 100개를 수록했다. 필수 구문으로 직독직해 실력을 키워 공무원, 편입, 수능, 토익, 토플, 텝스 등 모든 영어 시험 독해 대비가 가능하다.",https://image.aladin.co.kr/product/19368/15/cover500/8965422949_2.jpg, 해커스 어학연구소 [지음], 해커스 어학연구소,2019
언어,일본어 문법 무작정 따라하기,16년 간 일본어 문법 분야 베스트셀러 자리를 굳건히 지키며 12만 독자의 사랑을 받은 <일본어 문법 무작정 따라하기>. 국내 최초로 문법도 귀로 들으면서 익히는 ‘소리 패턴 학습법’을 적용했다. 문법을 귀로 배우면 듣기와 회화 실력까지 보장된다.,https://image.aladin.co.kr/product/30963/87/cover500/k212831201_1.jpg, 후지이 아사리 지음, 길벗이지톡,2023
언어,(신유형 완벽 반영한) 토익 스피킹,실제 문제와 가장 유사하게 출제 포인트를 살린 10회분 문제를 통해 새로운 유형이 추가된 후 혼란스러웠던 수험생들의 고민도 말끔히 해결해준다.,https://image.aladin.co.kr/product/6692/16/cover500/k722434761_1.jpg, 애슐리 지음, 넥서스,2015
언어,영어책 한 권 외워봤니?,"어학연수, 회화 학원 한 번 다니지 않고 30년 독학으로 습득한 저자의 영어 공부 노하우를 담은 책",https://image.aladin.co.kr/product/10010/27/cover500/8960863130_2.jpg, 김민식 지음, 위즈덤하우스,2017
언어,(딱 한 번 읽고 바로 써먹는)30일 기초 영문법. 1,"유튜브 ‘아티엔바나나’ 채널의 700만 뷰 바나나쌤 영어 강의를 책으로 만난다. “십수 년 동안 공부해도 몰랐던 영문법을 알려준 대박 콘텐츠”로 유명한 전설의 수업을 단 30일 만에 완벽하게 마스터할 수 있도록 쉽고 친절하게, 재미있고 자세하게 정리했다.",https://image.aladin.co.kr/product/26840/62/cover500/k942730394_1.jpg, 르네 지음, 비에이블,2021
언어,(딱 한 번 읽고 바로 써먹는)30일 기초 영문법. 2,"유튜브 ‘아티엔바나나’ 채널의 700만 뷰 바나나쌤 영어 강의를 책으로 만난다. “십수 년 동안 공부해도 몰랐던 영문법을 알려준 대박 콘텐츠”로 유명한 전설의 수업을 단 30일 만에 완벽하게 마스터할 수 있도록 쉽고 친절하게, 재미있고 자세하게 정리했다.",https://image.aladin.co.kr/product/26841/22/cover500/k412730394_1.jpg, 르네 지음, 비에이블,2021
언어,(딱 한 번 읽고 바로 써먹는)30일 기초 영문법. 2,"유튜브 ‘아티엔바나나’ 채널의 700만 뷰 바나나쌤 영어 강의를 책으로 만난다. “십수 년 동안 공부해도 몰랐던 영문법을 알려준 대박 콘텐츠”로 유명한 전설의 수업을 단 30일 만에 완벽하게 마스터할 수 있도록 쉽고 친절하게, 재미있고 자세하게 정리했다.",https://image.aladin.co.kr/product/26841/22/cover500/k412730394_1.jpg, 르네 지음, 비에이블,2021
언어,TOEIC Bridge 기본서,"기본 이론부터 실전 문제까지 단 한 권으로 끝내고 싶은 학습자는 물론, 토익 시험을 준비하기 전에 기초를 탄탄하게 다지고 싶은 학습자에게도 최적화된 교재다. 기본 이론부터 차근차근 단계를 밟아 학습한 뒤 실제 시험과 동일한 난이도의 실전 모의고사로 마무리하여 학습자의 실력을 최종적으로 점검할 수 있다.",https://image.aladin.co.kr/product/19183/1/cover500/8917231136_2.jpg, YBM 편집부 지음, YBM,2019
언어,TOEIC Bridge 기본서,"기본 이론부터 실전 문제까지 단 한 권으로 끝내고 싶은 학습자는 물론, 토익 시험을 준비하기 전에 기초를 탄탄하게 다지고 싶은 학습자에게도 최적화된 교재다. 기본 이론부터 차근차근 단계를 밟아 학습한 뒤 실제 시험과 동일한 난이도의 실전 모의고사로 마무리하여 학습자의 실력을 최종적으로 점검할 수 있다.",https://image.aladin.co.kr/product/19183/1/cover500/8917231136_2.jpg, YBM 편집부 지음, YBM,2019
언어,TOEIC Bridge 기본서,"기본 이론부터 실전 문제까지 단 한 권으로 끝내고 싶은 학습자는 물론, 토익 시험을 준비하기 전에 기초를 탄탄하게 다지고 싶은 학습자에게도 최적화된 교재다. 기본 이론부터 차근차근 단계를 밟아 학습한 뒤 실제 시험과 동일한 난이도의 실전 모의고사로 마무리하여 학습자의 실력을 최종적으로 점검할 수 있다.",https://image.aladin.co.kr/product/19183/1/cover500/8917231136_2.jpg, YBM 편집부 지음, YBM,2019
언어,TOEIC Bridge 기본서,"기본 이론부터 실전 문제까지 단 한 권으로 끝내고 싶은 학습자는 물론, 토익 시험을 준비하기 전에 기초를 탄탄하게 다지고 싶은 학습자에게도 최적화된 교재다. 기본 이론부터 차근차근 단계를 밟아 학습한 뒤 실제 시험과 동일한 난이도의 실전 모의고사로 마무리하여 학습자의 실력을 최종적으로 점검할 수 있다.",https://image.aladin.co.kr/product/19183/1/cover500/8917231136_2.jpg, YBM 편집부 지음, YBM,2019
언어,TOEIC Bridge 기본서,"기본 이론부터 실전 문제까지 단 한 권으로 끝내고 싶은 학습자는 물론, 토익 시험을 준비하기 전에 기초를 탄탄하게 다지고 싶은 학습자에게도 최적화된 교재다. 기본 이론부터 차근차근 단계를 밟아 학습한 뒤 실제 시험과 동일한 난이도의 실전 모의고사로 마무리하여 학습자의 실력을 최종적으로 점검할 수 있다.",https://image.aladin.co.kr/product/19183/1/cover500/8917231136_2.jpg, YBM 편집부 지음, YBM,2019
언어,(딱! 한권 일본어능력시험)제JLPT 단어장. 2,"최근 2010년~2017년의 일본어능력시험을 토대로, 언어지식뿐만 아니라 독해.청해 어휘도 함께 분석하여, 출제 빈도가 높은 어휘를 수록한 단어장이며, 효율적으로 암기할 수 있도록 테마별 30일로 나누어 구성하였다.",https://image.aladin.co.kr/product/11796/40/cover500/s292636263_1.jpg, 제이JLPT연구모임 지음, 시사일본어사,2017
언어,1일 1표현,EBS 영어방송 진행자이자 YBM 대표 강사인 마스터유진은 《1일 1표현》을 통해 한국인이 정확히 알지 못하는 미묘한 차이를 명쾌하게 알려준다. 그는 ‘진도 뽑기에 집착하지 말 것’을 가장 중요한 포인트로 꼽는다.,https://image.aladin.co.kr/product/29650/88/cover500/k622838888_1.jpg, 마스터유진 지음, 교보문고,2022
언어,(해커스)여행 일본어 10분의 기적,"여행 가서 만나게 되는 모든 상황별, 장소별로 특화된 표현을 통해 어디를 가든 바로 말할 수 있도록 구성했다. 히라가나/카나타카 읽기,?개수/인원수 말하기, 금액 말하기 등 어디서나?기본적으로 많이 쓰는?단어와 표현 수록했다.",https://image.aladin.co.kr/product/19050/82/cover500/8965422906_2.jpg, 해커스일본어연구소 지음, 해커스어학연구소,2019
언어,쓰이는 영문법. 2,문법공식의 나열이 아니라 “왜 여기에 이 문법 규칙을 적용해야 하는지’ 영어의 원리를 명쾌하게 이해시켜서 영어회화와 영작에 실제로 ‘쓰이는 영문법’을 배울 수 있다. ‘영어를 말하고 쓸 때 진짜 쓰이는 영문법’을 모아 쉽고 자세하게 정리했다.,https://image.aladin.co.kr/product/31672/95/cover500/k572833672_1.jpg, 김수영 지음, 길벗이지톡,2023
언어,스피킹 매트릭스 0 제로,"20만 독자가 선택한 국내 1위 영어 스피킹 훈련 프로그램 스피킹 매트릭스 학습법을 담았다. 완전히 기초부터 시작해야 하는 입문자는 아니지만, 기존 매트릭스 훈련을 바로 시작하기에는 부담스러운 이들에게 압축적이고 완벽한 영어 스피킹 솔루션을 제공한다.",https://image.aladin.co.kr/product/24790/48/cover500/k542631838_1.jpg, 김태윤 지음, 길벗이지톡,2020
언어,나만의 미드 패턴 표현 노트,"원어민들이 가장 많이 사용하는 패턴과 표현을 모두 인기 미드에서 뽑아 자신만의 노트에 정리하는 느낌으로 구성한 책이다. 패턴편은 한 페이지에 한 패턴씩 요점 정리하듯이 패턴이 머리에 쏙쏙 들어오도록 구성했으며, 표현편은 우리가 정말 많이 만나는 상황들만 모아 미드에서 뽑아 정리하여 어떤 상황이라도 영어로 말할 수 있게 했다.",https://image.aladin.co.kr/product/763/32/cover500/8993688117_1.jpg, 박수진 지음, 투리북스,2010
언어,영어 동작표현사전,JACET상 수상 도서. 영미인들의 표정과 동작에 관한 표현 및 용례 그리고 그 이면에 담긴 생각과 문화를 동양인의 시각에서 설명한 '동서양 비교문화 영어 동작표현사전'이다.,https://image.aladin.co.kr/product/2332/98/cover500/8960512753_1.jpg, 고바야시 유우코 지음;정숙영;전선영 [공]옮김, 이다새(부키),2013
언어,(맛있는) 중국어 작문. 1,"중국어 문장을 쓰기 위해 알아야 하는 기본적인 문장구조와 어법은 물론, 좀 더 수준 높은 문장을 구사하기 위한 복합문 구조, 한 글자로 미묘하게 달라지는 어감까지 중국어 작문의 모든 것을 종합적으로 다루고 있는 기본 학습서. 올바른 중국어 문장을 쓰기 위해 필요한 원고지 작성법과 문장부호 사용법 등도 빠짐없이 익힐 수 있도록 구성하였으며, 가능한 현실적이고 생동감 넘치는 한국어 표현을 중국어로 작문해볼 수 있도록 예문과 연습문제를 구성하였다.",https://image.aladin.co.kr/product/1302/59/cover500/8992287720_1.jpg, 한민이 지음, jRC북스,2011
언어,맛있는 비즈니스 중국어. Level 1,"총 4단계로 구성되어 있는 [맛있는 비즈니스 중국어] 시리즈 1단계. 실제 비즈니스 상황에 적합한 문장으로 회화가 구성되어 있으며, 비즈니스에서 쉽게 접하는 주제를 상황별로 제시해 다양한 표현을 익힐 수 있다.",https://image.aladin.co.kr/product/2442/61/cover500/s582635001_1.jpg, 한민이 지음, JRC북스,2013
언어,(해커스톡)영어회화 10분의 기적,5억 개의 빅데이터에서 뽑은 '미국인이 가장 많이 쓰는 패턴 100개'만 알면 영어회화가 가능하다. 하루 10분으로 영어 말문을 트고 왕초보를 탈출해보자. 영어 왕초보 탈출하고 네이티브처럼 말하게 해주는 추가 학습자료 8종도 제공한다.,https://image.aladin.co.kr/product/15156/35/cover500/s402636362_1.jpg, 해커스 어학연구소 지음, 해커스 어학연구소,2018
언어,영어천재가 된 홍대리,"소설로 읽는 영어학습 자기계발서. 우리 주변에서 흔히 볼 수 있는 소극적이고 소심한 직장인 홍 대리는 6개월이라는 짧은 기간 동안의 훈련으로 외국인 바이어와 원활하게 대화할 수 있는 단계에까지 오르겠다는 뚜렷한 목표를 갖고 1,000시간 영어 훈련법에 도전한다. 그리고 결국 영어를 정복하고 자신감을 얻게 된다.",https://image.aladin.co.kr/product/323/57/cover500/8993285675_1.jpg, 박정원 지음, 다산라이프,2009
언어,(좋은 문장을 쓰기 위한) 우리말 풀이사전,"뜻찾기 위주의 사전이 아니라 우리말을 일상속에 살리기 위한 저자의 바람이 역력하다. 우리 옛말 가운데서 일상적으로 누구나 활용할 수 있는 말 600여개를 선정하여 그 뜻과 어원을 자세하게 풀었고 나머지 여줄가리 올림말(부수적인 표제어) 1,100여개는 간단하게 설명했다.",https://image.aladin.co.kr/product/51/93/cover500/s532836454_1.jpg, 박남일 지음, 서해문집,2004
언어,당신들이 영어를 못하는 24가지 이유,국내외 380만 부가 팔린 ‘영어 공부 절대로 하지 마라’의 베스트셀러 작가 정찬용 박사의 5년 만의 신작. 8월 23일 방영된 MBC 다큐프로그램(국내 최초 영어 교육 다큐멘터리)에서 정찬용 박사는 현재 대한민국 영어 교육 실태의 문제점을 밝히고 그에 대한 해결책을 명쾌하게 제시했다. 그리고 이 책을 통해 영어라는 벽에 갇혀 고민하고 있는 수많은 대한민국 사람들에게 올바른 영어 학습법을 가르쳐 준다.,https://image.aladin.co.kr/product/1288/24/cover500/8965290171_1.jpg, 정찬용 지음;김학수 카툰, 씽크스마트,2011
언어,당신들이 영어를 못하는 24가지 이유,국내외 380만 부가 팔린 ‘영어 공부 절대로 하지 마라’의 베스트셀러 작가 정찬용 박사의 5년 만의 신작. 8월 23일 방영된 MBC 다큐프로그램(국내 최초 영어 교육 다큐멘터리)에서 정찬용 박사는 현재 대한민국 영어 교육 실태의 문제점을 밝히고 그에 대한 해결책을 명쾌하게 제시했다. 그리고 이 책을 통해 영어라는 벽에 갇혀 고민하고 있는 수많은 대한민국 사람들에게 올바른 영어 학습법을 가르쳐 준다.,https://image.aladin.co.kr/product/1288/24/cover500/8965290171_1.jpg, 정찬용 지음;김학수 카툰, 씽크스마트,2011
언어,당신들이 영어를 못하는 24가지 이유,국내외 380만 부가 팔린 ‘영어 공부 절대로 하지 마라’의 베스트셀러 작가 정찬용 박사의 5년 만의 신작. 8월 23일 방영된 MBC 다큐프로그램(국내 최초 영어 교육 다큐멘터리)에서 정찬용 박사는 현재 대한민국 영어 교육 실태의 문제점을 밝히고 그에 대한 해결책을 명쾌하게 제시했다. 그리고 이 책을 통해 영어라는 벽에 갇혀 고민하고 있는 수많은 대한민국 사람들에게 올바른 영어 학습법을 가르쳐 준다.,https://image.aladin.co.kr/product/1288/24/cover500/8965290171_1.jpg, 정찬용 지음;김학수 카툰, 씽크스마트,2011
언어,(ETS TOEIC)토익 정기시험 기출문제집. 3-[1]: 1000 Reading,"정기시험 기출문제 7세트와 ETS 토익 예상문제 3세트가 수록되어 있다. 시험에 나온 토익 문제로 실전 감각을 키우고, 동일한 난이도의 예상문제로 시험에 확실하게 대비할 수 있다.",https://image.aladin.co.kr/product/28415/36/cover500/8917238548_2.jpg, [YBM 엮음], YBM(와이비엠),2023
언어,(김재우의)영어회화 100,단 한 번도 영미권 국가에서 생활해 본 적 없이 순수 국내에서만 공부하고도 원어민이 놀라는 영어 실력을 구사하는 김재우 선생님의 20여 년간에 걸쳐 다듬어 온 영어 콘텐츠의 정수를 담은 책이다.,https://image.aladin.co.kr/product/31998/2/cover500/k482834561_1.jpg, 김재우 지음, 상상스퀘어,2023
언어,(The)13-Storey Treehouse,,https://image.aladin.co.kr/product/4650/67/cover500/1447279786_2.jpg, by Andy Griffiths;illustrated by Terry Denton, Macmillan,2015
언어,(The)26-Storey Treehouse,,https://image.aladin.co.kr/product/5722/91/cover500/1447279808_2.jpg, by Andy Griffiths;illustrated by Terry Denton, Macmillan,2015
언어,(The)52-storey treehouse,,https://image.aladin.co.kr/product/6133/39/cover500/1447287576_2.jpg, by Andy Griffiths;illustrated by Terry Denton, Macmillan,2016
언어,(The)65-Storey Treehouse,,https://image.aladin.co.kr/product/7472/42/cover500/1447287592_2.jpg, by Andy Griffiths;illustrated by Terry Denton, Macmillan,2016
언어,(The)117-storey treehouse,,https://image.aladin.co.kr/product/16872/81/cover500/1509885277_1.jpg, by Andy Griffiths;illustrated by Terry Denton, Macmillan,2019
언어,Harry Potter and the chamber of secrets,1학년 때 보여준 영웅적인 활약상 덕에 원치 않는 관심의 초점이 된 해리의 2학년 생활이 펼쳐진다. 방학중인 어느날 꼬마 집요정 도비가 해리의 침실에 나타나 뜻밖의 얘기를 한다. 호그와트 마법학교로 돌아가면 무서운 일을 당할 거라는 것. 자신을 믿는 친구들을 실망시킬 수는 없는 법. 해리는 어둠의 세력과 맞서 싸울 결심을 하는데..,https://image.aladin.co.kr/product/24/65/cover500/0439064872_1.jpg, by J. K. Rowling;illustrations by Mary Grandpre, Scholastic,2000
언어,Harry Potter and the deathly Hallows,,https://image.aladin.co.kr/product/260/52/cover500/0545139708_1.jpg, by J. K. Rowling;illustrations by Mary Grandpre, Scholastic,2007
언어,Diary of a Wimpy Kid. 2: Rodrick Rules,,https://image.aladin.co.kr/product/433/86/cover500/0810987996_1.jpg, by Jeff Kinney, Amulet Books,2008
언어,Diary of a Wimpy Kid. 4: Dog days,"중학생인 주인공 Greg의 학교와 친구, 집과 가족 등 일상적이고 다양한 에피소드들을 읽기 형식 그대로의 리얼함과 솔직 담백함으로 카툰과 함께 보여주고 있어 누구나 공감할 수 있는 재미있는 스토리들입니다. 여느 카툰과 달리 비속어 없이 깔끔한 문장으로 쓰여진 것이 특장점으로 초등학교~청소년들의 전형적인 일상용어를 사용함으로 또래들만의 공감대 형성 및 리얼함을 살려줍니다. 주인공이 중학생임에 비해 쉽고 일상적인 표현들로 미국 어린이들 7세에서 13세 권장 도서입니다.",https://image.aladin.co.kr/product/674/47/cover500/0810997517_1.jpg, by Jeff Kinney, Amulet Books,2009
언어,Diary of a Wimpy Kid. 5: The Ugly Truth,,https://image.aladin.co.kr/product/1177/71/cover500/1419700359_1.jpg, by Jeff Kinney, Amulet Books,2011
언어,Diary of a wimpy kid. 9: (The)Long Haul,,https://image.aladin.co.kr/product/5967/33/cover500/141971760x_1.jpg, by Jeff Kinney, Amulet Books,2015
언어,Diary of a Wimpy Kid. 10: Old School,,https://image.aladin.co.kr/product/8461/78/cover500/1419722603_1.jpg, by Jeff Kinney, Amulet Books,2016
언어,Diary of a Wimpy kid. 12: The getaway,,https://image.aladin.co.kr/product/13497/54/cover500/1419732668_2.jpg, by Jeff Kinney, Amulet Books,2017
언어,Diary of a Wimpy kid. 13: The Meltdown,,https://image.aladin.co.kr/product/18561/96/cover500/1419739247_1.jpg, by Jeff Kinney, Amulet Books,2018
언어,Diary of a Wimpy Kid. 14: Wrecking Ball,,https://image.aladin.co.kr/product/25170/69/cover500/1419745751_2.jpg, by Jeff Kinney, Amulet Books,2020
언어,어원 덕분에 영어 공부가 쉬워졌습니다,"어원 학습을 하는 데에 특히 중요한 12개 그룹의 접두사 103개와 더불어 그와 함께 소개된 103개의 어근, 그리고 그것을 포함한 단어를 이해할 수 있게 했다. 지면에 게재한 어휘는 관련 어휘를 포함해서 약 1,000 단어 정도인데, 중*고등학교에서 다루는 기본 단어도 다수 포함하고 있다.",https://image.aladin.co.kr/product/17682/11/cover500/k642534729_1.jpg, 시미즈 켄지;스즈키 히로시 [공]저;혼마 아키후미 일러스트레이터;정지영 역, 키출판사,2018
언어,(알아두면 쓸모 있는)어원잡학사전,상식의 반란. 어원의 신세계. 우리를 둘러싼 세상에 관한 무수한 호기심과 섬세한 애정을 담은 인문학 사전이다. 궁극의 호기심 해결사이자 “인간 물음표” 그 자체인 저자 패트릭 푸트가 친절하고 수다스럽게 당신을 상식 너머의 새로운 어원의 세계로 초대한다.,https://image.aladin.co.kr/product/26245/19/cover500/k312738386_1.jpg, 패트릭 푸트 지음;최수미 옮김, 크레타,2021
언어,TORFL 필수 어휘 2000,러시아어 토르플 1급 준비를 위한 필수 어휘 2000여 개를 알파벳 순으로 담았다. 예문은 회화나 작문에 바로 활용이 가능한 문장들로 엄선했다.,https://image.aladin.co.kr/product/5386/88/cover500/8992272588_1.jpg, 뿌쉬낀하우스 러시아어교육연구회 [지음], 뿌쉬낀하우스,2015
언어,(내게는 특별한★)프랑스어 어휘를 부탁해,"기초적인 프랑스어를 학습한 후 프랑스어 어휘력을 늘리고자 하는 학습자를 대상으로 한 어휘 교재. 실생활에서 자주 사용하는 어휘 2,000여 개를 선별하여 10개의 주제로 분류하여 제시하였다. 자연스러운 프랑스어 발음 학습을 위해 표제어와 예문을 MP3 파일로 제공한다.",https://image.aladin.co.kr/product/4897/69/cover500/892773131x_1.jpg, 이경자 지음, 다락원,2014
언어,(십대를 위한)어휘 콘서트,"<중학교 교과서에서 뽑은 중학생 개념어 만점공부법>의 개정판으로, 교과서에 공통으로 들어간 개념어 667개를 한 권에 담은 책이다. 다양한 종류의 중학교 교과서에 공통으로 들어간 핵심 개념어 667개를 뽑아 실제 학교 공부에 도움이 되도록 구성했다.",https://image.aladin.co.kr/product/3508/28/cover500/8993460515_1.jpg, 박기복 지음;김도경 그림, 행복한나무,2014
언어,언어의 천재들,"한 사람이 여러 가지 언어를 매우 능숙하게 사용하기 위해서는 어떠한 대가를 치러야 할까? 에라드는 다음 세 가지로 해답을 제시한다. 첫째, 언어 학습 활동과 그 언어를 사용하는 능력에서 예외적으로 적합한 신경 하드웨어가 필요하다.",https://image.aladin.co.kr/product/3213/7/cover500/8937488116_1.jpg, 마이클 에라드 지음;박중서 옮김, 민음사,2013
언어,한자문화,,https://image.aladin.co.kr/product/3094/60/cover500/8955560753_1.jpg, 한감당 편저;문준혜 역, 역락,2013
언어,말이 올라야 나라가 오른다: 우리가 몰랐던 우리말 324가지,"우리말글 제대로 쓰기 운동의 일환으로 '한겨레'가 2002년 5월부터 '말이 올라야 나라가 오른다'란 제목으로 연재중인 324편의 글을 주제별로 모았다. 잘못된 언어와 어법에 대한 설명과 예시를 함께 제시하며, 교과서, 방송, 영화, 신문 등 각 분야의 언어 현실을 되짚는다.",https://image.aladin.co.kr/product/51/6/cover500/8984311278_1.gif, 김세중 외 지음, 한겨레신문사,2005
언어,한국어가 사라진다면,은 2023년 영어 공용화가 전격 실시된다는 전제 아래 2523년까지 약 500여년 동안 발생하리라 생각되는 일들을 기술하고 있는 일종의 가상역사서(?)이다. 한국어가 서서히 역사 속으로 사라져가 결국 사어(死語)로 전락하는 가상의 역사를 적나라하게 담았다.,https://image.aladin.co.kr/product/43/10/cover500/8984311057_2.jpg, 시정곤 외 지음, 한겨레출판,2006
언어,일본어회화 100일의 기적,"일본어 기초 회화를 100일 동안 학습할 수 있도록 구성되어 있다. 길 묻기, 음식 주문하기 등 일본 여행을 갔을 때 꼭 하게 되는 말, 그리고 일본에서 생활하면서 흔히 경험하게 되는 일상생활 회화 표현들이 담겨 있다.",https://shopping-phinf.pstatic.net/main_5264412/52644129908.20250124095948.jpg, 윤선경 지음, 넥서스,2025
언어,(해커스)왕초보 일본어회화 10분의 기적,"일본어 예문에 한글로 발음을 표기하여 히라가나, 가타카나를 몰라도 일본어를 말할 수 있다. 교재에 한자를 사용하지 않아, 일본어 한자를 공부하지 않아도 회화 학습이 가능하다. 일본 포털사이트 검색 수가 높은 '일본인이 가장 많이 쓰는 패턴'을 수록하여, 학습한 내용을 실생활에 바로 적용해볼 수 있다.",https://shopping-phinf.pstatic.net/main_5341563/53415633979.20250626091708.jpg, 해커스 일본어연구소 지음, 해커스어학연구소,2025
언어,(유하다요)일본어 상용한자 1026,기초부터 JLPT까지 한자 학습에 필요한 꼼꼼한 구성으로 일본 문부과학성에서 지정한 일본 초등 교육 한자 1026자를 학습할 수 있도록 하였다.,https://shopping-phinf.pstatic.net/main_4521395/45213959623.20240114070849.jpg, 유하다요컨텐츠개발팀 [편], 유하다요,2024
언어,"영어 원서, 어디까지 읽어 봤니?","영어 단어, 숙어를 아무리 많이 외워도 영어 듣기, 쓰기, 말하기가 안 되는 경우가 많다. <영어 원서, 어디까지 읽어 봤니?>에서는 그동안 잘못된 방식으로 단어를 외우며 영어를 공부한 것에 대한 해결 방법으로, 영어 원서 읽기 학습법을 제시하고 있다.",https://image.aladin.co.kr/product/31354/97/cover500/k742832996_1.jpg, 류영숙 지음, 넥서스,2023
언어,옥스퍼드 오늘의 단어책,"막연한 경쟁이나 불안감에 시달리고 싶지 않으면서도, 바쁜 일상 속에서도 나를 위한 시간을 내서 꾸준한 성장을 이루고 싶은 사람들을 위한 단어책이자, 하루 하나씩 까먹을 수 있는 교양서다.",https://image.aladin.co.kr/product/30813/16/cover500/k892831565_1.jpg, 수지 덴트 지음;고정아 옮김, 윌북,2023
언어,영어회화 핵심패턴 233,2002년 출간 후 ‘20년 연속 베스트셀러’라는 기록을 남기며 패턴 영어의 절대 강자 자리를 지켜온 길벗이지톡의 《영어회화 핵심패턴 233 시리즈》가 최신 트렌드에 맞는 구성으로 개정 출간되었다.,https://image.aladin.co.kr/product/30764/91/cover500/k242830553_1.jpg, 백선엽 지음, 길벗이지톡,2023
언어,(해커스톡)여행영어 10분의 기적,"상황별로 바로 찾아 말하는 여행영어회화 책이다. 출국부터 귀국까지 여행에서?만날 수 있는 모든 상황을 제시하고 입국 심사받을 때, 목적지 가는 방법 물어볼 때, 숙소 체크인할 때 등 상황별로 하고 싶은 말을 바로 찾아 말할 수 있다. 면세점 이용, 차량 렌트, 와이파이 사용, 유심 구매, 택스 리펀 등 최신 여행 경향에 맞는 표현을 수록했다.",https://image.aladin.co.kr/product/17656/99/cover500/8965422779_1.jpg, 해커스 어학연구소 지음, 해커스톡,2019
언어,대박패턴 500으로 영어를 스토킹하라. 1,"패턴에 대한 갈증을 풀어주고자 수개월에 걸친 조사작업 끝에 500개의 영어회화 필수패턴을 수집하여 1, 2권에 걸쳐 수록했다.",https://image.aladin.co.kr/product/422/84/cover500/896224750x_3.jpg, 백선엽 지음, 로그인,2013
언어,나도 건방진 우리말 달인 : 완결편,"<건방진 우리말 달인>, <더 건방진 우리말 달인>에 이은 '건방진 우리말 달인' 시리즈 완결편. <표준국어대사전>은 물론이고, 중학교 교과서, 국립중앙박물관 전시실의 설명문 등에서 오류를 찾아냈던 '우달이(건방진 우리말 달인)'가 이번에는 시중에서 팔리고 있는 우리말글 책들에서 오류를 찾아냈다.",https://image.aladin.co.kr/product/791/29/cover500/8963704327_1.jpg, 엄민용 지음, 다산초당,2012
언어,사자성어 한국말로 번역하기,"사자성어를 비롯한 한자말을 한국말로 번역하고 풀어 썼다. 130권의 책에서 쓰인 사자성어와 잘못 쓴 말들을 뽑아내어 예로 들어 설명하며, 우리가 잘 사용하는 사자성어 420개를 담고 톺아본다. 오자성어와 육자성어도 함께 담았다.",https://image.aladin.co.kr/product/1997/43/cover500/8993463352_1.jpg, 최종규 지음, 철수와영희,2013
언어,"프라우 킴, 독일어 종결자 되다","일상생활에서 흔히 쓰이는 독일어 표현 중 관용적 표현들을 모아 그 뜻과 유래를 설명하고, 실제로 어떤 상황에서 많이 쓰이는지를 예문을 통해 보여준다. 여러 가지 유래들을 쉽고 흥미롭게 풀이하고 있어 이야기책을 읽듯이 책장을 넘기다 보면 어느새 독일어 표현 자체는 물론, 독일 문화와 역사까지 알아가게 된다.",https://image.aladin.co.kr/product/1281/96/cover500/8997170015_1.jpg, 최지양 지음, 하다,2011
언어,카카오톡 잉글리시,"네이티브가 평생에 한 번도 말하지 않을 법한 표현은 과감히 모두 빼고, 하루 동안 꼭 말할 필요가 있는 표현들만 모은 책. 카카오톡 채팅창을 그대로 옮겨와 친구와 수다 떨듯이 대화하며 익히는 생활영어 표현집이다.",https://image.aladin.co.kr/product/2416/75/cover500/8964808762_1.jpg, Jenny Kim 지음, 로그인,2013
언어,(Jump Up)TOEIC Basic,한 권으로 토익 LC와 RC를 모두 학습할 수 있도록 구성된 교재. 이제 막 토익에 입문하려는 학습자나 영어공부를 오랫동안 중단하고 있었던 학습자들에게 쉽고 정확하게 목표점수에 이르는 길을 제시한다.,https://image.aladin.co.kr/product/3380/35/cover500/8917222234_1.jpg, 임지완;임정섭, YBM(시사영어사),2013
언어,(Jump Up)TOEIC Basic,한 권으로 토익 LC와 RC를 모두 학습할 수 있도록 구성된 교재. 이제 막 토익에 입문하려는 학습자나 영어공부를 오랫동안 중단하고 있었던 학습자들에게 쉽고 정확하게 목표점수에 이르는 길을 제시한다.,https://image.aladin.co.kr/product/3380/35/cover500/8917222234_1.jpg, 임지완;임정섭, YBM(시사영어사),2013
언어,영어책 읽기의 힘,"영어 선생님들의 선생님으로서 아동영어교육을 가르치고 영어책 읽기의 중요성을 전파하며 자신의 네 자녀를 모두 영어 영재로 키운 고광윤 교수의 실제로 검증된 영어 학습 방법을 고스란히 담은 책이다. 저자는 영어책의 즐독, 다독, 잘독이야말로 우리 아이들이 유창한 영어 실력을 키우는 유일한 비결이라고 말한다.",https://image.aladin.co.kr/product/23139/30/cover500/k532637808_1.jpg, 고광윤 지음, 길벗,2020
언어,(30일완성)손진숙 영문법 900제,"900제 본책은 기출 문제가 포함된 OX 문제로, 이를 통해 기본 법칙을 이해하고, 출제자의 의도를 잡아내는 연습을 할 수 있다. 공무원 문법 핵심요약집인 손진숙 영문법 기적의 40 POINT를 부록으로 수록하여, 이론 학습과 함께 병행할 수 있도록 구성하였다.",https://image.aladin.co.kr/product/25130/12/cover500/k942633370_1.jpg, 손진숙 지음, 원더북스,2020
언어,정말 궁금한 우리말 100가지,"일상생활에서 빈번하게 쓰이지만 그 어원이 궁금한 우리말의 유래를 흥미롭게 들려주는 책이다. 흔히 쓰는 일상어에서 사전에 없는 비속어에 이르기까지 우리말의 유래와 어원을 밝힌다. 참고문헌과 검증된 자료에 근거한 국어학자의 명철한 분석과 세심한 고찰 위에, 우리말 어원에 얽힌 재미있는 설화와 유래설들이 다채롭게 들어 있다.",https://image.aladin.co.kr/product/469/50/cover500/8959134015_1.jpg, 조항범 지음, 예담,2009
언어,10대에게 권하는 문자 이야기,인류 지식 확장의 역사와 함께한 ‘문자’에 대해 청소년 눈높이에 맞춰 쓴 교양서이다. 연세대학교 인문학연구원 HK문자사업단 교수들이 2012년부터 청소년을 대상으로 진행한 인문학 강좌 내용을 바탕으로 새롭게 엮었다.,https://image.aladin.co.kr/product/6382/24/cover500/k022434900_2.jpg, 연세대학교 인문학연구원 HK문자연구사업단 지음, 글담,2015
언어,여행 일본어 무작정 따라하기,여행 가서 하는 일본어를 무작정 해 보는 책이다. 출국 전 보는 <미리 보는 책>과 현지에 도착해서 필요한 내용을 담은 <가서 보는 책> 두 권으로 구성되어 있다. 출국 2주 전부터 <미리 보는 책>을 보고 출국할 때 <가서 보는 책>을 간편하게 쏙 빼서 가방에 넣어가면 된다.,https://image.aladin.co.kr/product/32499/75/cover500/k162935611_1.jpg, 센님(정세영) 지음, 길벗이지톡,2023
언어,처음 만난 외국인과 스몰토크,"낯선 외국인을 만났을 때 대화를 하는 법, 그리고 그 외국인을 친구로 만드는 대화 기술을 단정하게 정리된 이론과 풍부한 사례연습을 통해 설명하고 있다.",https://image.aladin.co.kr/product/32847/82/cover500/k342936813_1.jpg, Mr.Sun 저, Old Stairs(올드스테어즈),2023
언어,(한눈에 그림으로 쏙쏙 이해되는)비주얼 영문법 그래머콘,영문법을 단순화한 그림 모형들을 이용하여 누가 봐도 쉽게 이해할 수 있도록 구성한 책이다. 특히 저자가 직접 손으로 그린 그래머콘과 글을 통해 영어권 사람들의 사고방식을 이해할 수 있도록 구성하여 학습 효과를 극대화할 수 있도록 하였다.,https://image.aladin.co.kr/product/33655/54/cover500/8931587538_1.jpg, 한송이 지음, 성안당,2024
언어,원리를 깨우치는 영문법,"전체적으로 문법 용어를 최소화했고, 기존에 한국식으로 배웠던 문법 용어는 근본 개념부터 알기 쉽게 풀이했다. 해당 문법이 적용된 풍부하고 다양한 예문을 수록하였다. 아무리 개념을 이해해도 실제 예시를 제대로 알지 못하면 활용이 어렵다. 다양한 예문을 충분히 숙지해 보자.",https://image.aladin.co.kr/product/33628/49/cover500/k032939217_1.jpg, 이동현 지음, 넥서스,2024
언어,영어 필사 100일의 기적,"영어 힐링 메시지를 매일 1장씩 필사하도록 구성했다. 무료로 제공된 원어민 mp3를 출.퇴근 길에 수시로 들어보자. 하루 10분, 작은 습관이 만드는 커다란 변화를 느낄 수 있을 것이다.",https://image.aladin.co.kr/product/31529/26/cover500/k072832346_2.jpg, 퍼포먼스 코치 리아 지음, 넥서스,2023
언어,빨모쌤의 라이브 영어회화,구독자 150만 명의 ‘인생 영어 선생님’으로 꼽히는 ‘빨모쌤(빨간모자쌤)’의 첫 책 『빨모쌤의 라이브 영어회화』가 드디어 출간되었다. 바람직한 영어 공부 마인드부터 빨모쌤이 엄선한 핵심 영어 표현 75개를 한 권에 총망라했다.,https://image.aladin.co.kr/product/33799/49/cover500/8901281791_3.jpg, 빨간모자쌤 신용하 지음, 웅진지식하우스,2024
언어,(현지에서 바로 통하는) 여행 일본어회화,"일본 여행시 닥칠 수 있는 여러 상황을 내용별로 분류하여, 자주 듣게 되는 말들과 자주 쓰게 되는 말들을 찾기 쉽게 구성한 여행 회화책이다. 재미있는 삽화와 분야별 어휘, 알뜰한 여행정보 등이 수록되어 있어 일본 여행자의 든든한 파트너가 될 것이다.",https://image.aladin.co.kr/product/34009/47/cover500/k502931866_1.jpg, 제이플러스 기획편집부 엮음, 제이플러스,2024
언어,(착! 붙는)일본어 독학 첫걸음,"시사일본어학원의 회화 전문 강사들이 집필과 감수했다. N5~4레벨에서 익혀야 할 대부분의 문법과 문형을 적용하였고, 실생활에서 많이 쓰는 표현 위주로 예문을 제시하였다. 한국인, 일본인 강사의 인강으로, 문법 설명과 원어민 발음을 동시에 충족시켜 준다.",https://image.aladin.co.kr/product/33605/56/cover500/8940293983_1.jpg, 일본어 공부기술연구소 지음, 시사일본어사,2024
언어,(우리말 한자어) 속뜻사전,"중.고생, 대학생, 지성인을 위하여 약 6만 개 핵심 한자어를 수록하였다. 한자병기의 허실을 간파하여 학습 효율을 극대화하였고, 한자를 모르는 사람도 한자어를 잘 알 수 있도록 하였다.",https://shopping-phinf.pstatic.net/main_3245593/32455932297.20230926084945.jpg, 전광진 편저, LBH교육출판사,2016
언어,(술술 읽고 정확히 이해하고 싶은) 요즘 어른을 위한 최소한의 문해력,이주윤 작가가 이번에는 문해력을 기르기 위해 꼭 알아야 할 필수 어휘를 소개한다. 유머러스한 일러스트와 핵심만 딱딱 짚는 명쾌한 원포인트 레슨을 통해 본문을 읽다 보면 자연스럽게 머릿속에 헷갈리던 표현이 한 번에 싹 정리된다.,https://shopping-phinf.pstatic.net/main_4539738/45397388621.20240125070832.jpg, 이주윤, 빅피시,2024
언어,지구를 살리는 환경 어휘 교과서,"리가 지금 당장 생각해 보아야 할 환경 어휘 50개를 뽑아 그 안에 담긴 의미와 배경을 명확하게 짚는다. 인류세, 그린워싱, 씨앗은행, 생물다양성, 기후 위기, 6차 대멸종 등 뉴스와 매체에서 자주 거론되는 어휘들을 익히면서 환경에 대한 감수성을 높이고, 지구를 살리는 마음가짐과 생활 습관을 배울 수 있도록 돕는 책이다.",https://shopping-phinf.pstatic.net/main_4954030/49540307620.20240806090105.jpg, 홍명진, 뜨인돌,2024
언어,(재밌어서 밤새 읽는)맞춤법 이야기,학부모와 교사들의 꾸준한 사랑을 받고 있는 청소년 필독서 〈재밌밤〉 시리즈가 내놓은 첫 번째 인문 편. 《재밌어서 밤새 읽는 맞춤법 이야기》는 단순히 맞춤법의 맞고 틀림을 지적하는 책이 아니다. 풍성하고 다양한 스토리와 문장을 통해 어휘력을 향상시키고 올바른 맞춤법을 쉽게 읽힐 수 있게 구성한 ‘재밌게 읽는’ 맞춤법 책이다.,https://shopping-phinf.pstatic.net/main_4987792/49877921645.20240822070939.jpg, 한경화 지음, 더숲,2024
언어,정식보카(JUNGSIK VOCA),수능 기본 영어 단어집이다. 2022년 개정된 교과과정을 반영한 기본 수준의 고등학생 영어 단어 1500개를 수록하여 중학생부터 활용 가능하다. 조정식 선생님이 항상 강조하는 '예문'중심의 영단어 학습이 가능하도록 구성하였다.,https://shopping-phinf.pstatic.net/main_4899749/48997499618.20240709091414.jpg, 조정식 지음, 책이로소이다,2024
언어,(바로바로)하루 10분 일상 영어,상황별 영어표현을 학습하도록 구성되어 있다. 매일 하나의 문장을 익히면서 관련된 표현도 함께 학습할 수 있도록 구성하였다. 원어민이 녹음한 mp3 파일은 반석출판사 홈페이지(www.bansok.co.kr)에서 무료로 제공된다.,https://shopping-phinf.pstatic.net/main_4650611/46506117634.20240321071014.jpg, 박지성 저, 탑메이드북,2024
언어,영어 스피킹 100일의 기적,"자기소개부터 일상 표현, 의견 말하기까지 영어로 혼자서 트레이닝할 수 있는 모든 표현을 모았다. 언제 어디서나 파트너 없이 말하기를 연습할 수 있는 구성으로 되어있다. 일상 생활 관련 실용적인 표현으로 기초 실력을 다져보자.",https://shopping-phinf.pstatic.net/main_4526418/45264186620.20240116082454.jpg, 제니 리 지음, 넥서스,2024
언어,(Disney·Pixar)엘리멘탈,"네 개의 원소들이 공존하며 살아가는 엘리멘트 시티를 배경으로 한 디즈니·픽사의 신작 애니메이션, <엘리멘탈>을 영어로 읽는 책이다. 미국에서 정식 출간된 원작 소설에 다양한 교육 콘텐츠를 덧붙여, 영어 초보자도 쉽게 원서를 읽고 자연스럽게 영어 실력을 향상할 수 있도록 짜임새 있게 구성되어 있다.",https://shopping-phinf.pstatic.net/main_4449671/44496712618.20231209070755.jpg, 에린 팰리갠트 지음, 롱테일북스(북하우스 퍼블리셔스),2024
언어,(이야기가 있는)방언사전,우리말 고유의 생생하고 풍부한 어휘를 가진 방언을 가려 뽑고 의미를 잘 기억할 수 있도록 이야깃거리를 더했다. 그동안 교과수업에 참고할 만한 방언 참고자료가 마땅치 않은 점을 아쉬워한 세 명의 사서교사가 오랜 시간 자료를 수집하고 초중고 학생의 눈높이에 맞는 방언을 선별해 완성한 방언사전이다.,https://shopping-phinf.pstatic.net/main_3248775/32487750887.20221227205135.jpg, 박미연;강아네스;금성원 [공]지음, 학교도서관저널,2020
언어,(나만의 글쓰기를 위한)국어사전 일일공부,"저자는 우리말보다는 국적 불명의 외국어, 비문을 무차별적으로 사용하는 세태, 그리고 우리말의 뼈대를 갉아먹는 외국어 문법의 침략을 안타까이 여겨, 표준국어대사전을 ㄱ부터 ㅎ까지 세 차례나 정독하고 이 책을 썼다.",https://shopping-phinf.pstatic.net/main_4772461/47724619625.20240516071138.jpg, 김흥식 지음, 태학사,2024
언어,보리 국어·문법 바로쓰기 사전,"평생을 바른 우리 말글 쓰기를 위해 앞장서서 일해 온 남영신 선생님이 초중등 학생들이 우리말을 바르고 품위 있게 쓸 수 있도록, 낱말의 뜻과 활용을 제대로 알고 어법에 맞게 쓸 수 있도록 돕기 위해 엮은 사전이다.",https://shopping-phinf.pstatic.net/main_4178131/41781315623.20230822104337.jpg, 남영신 엮음, 보리,2023
언어,영어 전용 스위치부터 켜라,"엄마표 영어로 학습효과를 높이고 교육비도 절약하겠다고, 아이와 열심히 집에서 영어를 익히던 엄마들이 다시 아이들을 영어학원으로 보내고 있다. 의욕과 열심이면 엄마가 직접 가르쳐서 영어 좀 하는 아이를 키울 것 같았지만, 실제로는 아이와 실랑이 하면서 감정의 골이 깊어지고 이 영향으로 아이들이 영어를 싫어하게 되는 일도 생겼기 때문이다.",https://shopping-phinf.pstatic.net/main_5099995/50999954633.20241025071113.jpg, 최서윤 지음, 롱테일북스,2024
언어,유하다요의 10시간 현지 일본어,"많은 일본어 학습자들이 일본에 직접 갔을 때 느끼는 언어의 괴리감을 줄여주는 책이다. ‘남은 음료 테이크아웃 하기’, ‘현지인 맛집 물어보기’, ‘그릇 치워 달라고 하기’, ‘뷰가 좋은 방 요청하기’ 등 일본어가 정말로 필요한 상황만을 엄선했다.",https://shopping-phinf.pstatic.net/main_4701623/47016233624.20240416071119.jpg, 전유하(유하다요) 지음, 길벗이지톡,2024
언어,(2025)에듀윌 KBS한국어능력시험 한권끝장,"개념, 문제, 어휘어법 부록을 한 권에!《에듀윌 KBS한국어능력시험 한권끝장》은 기출을 철저히 분석하여 개념과 문제를 한 권에 담은 교재이다. 기본 다지기부터 고등급 공략까지 시험에 필요한 모든 것을 담아, 수험생에게 고등급 합격을 가져다 줄 것이다.",https://shopping-phinf.pstatic.net/main_4871990/48719908628.20240628071133.jpg," 송주연,김지학,황혜림 지음", 에듀윌,2024
언어,단어가 품은 세계,단어의 깊이와 아름다움을 통해 삶을 이해하고 세상을 탐구하는 서울대 명강의가 책으로 탄생했다. 서울대 국어국문학과 황선엽 교수의 첫 인문교양서 《단어가 품은 세계》가 바로 그 책이다.,https://dls2.edunet.net/DLS/api/homepage/holding/getCoverImage.do?prov_code=E10&neis_code=E100000276&bib_key=34206491930, 황선엽 지음, 빛의서가(리더스 그라운드),2025
언어,삼365일 고사성어 필사노트,"우리 일상생활에 꼭 필요한 365개의 고사성어를 선별하여 하루 하나씩 부담 없이 익혀 나갈 수 있도록 구성했다. 각 고사성어의 뜻풀이와 유래, 비슷한말/참고표현, 예문, 필수 한자 필사까지, 간결하면서도 핵심적인 정보만 담아 효율적인 학습이 되도록 했다.",https://shopping-phinf.pstatic.net/main_5163591/51635914618.20250624090328.jpg, 기획집단 MOIM 지음, 태학사,2025
언어,영어로 문장 만들기 훈련 1차 임계잠,문장 만들기 훈련이 지속되기 힘든 이유를 파악해 본책의 모든 한국어 문장을 영어 문장 구조로 시각화하여 학습자가 ‘주어 + 서술어 뼈대’를 체득해 머릿속에 떠오른 한국어 문장을 가장 단시간 내에 영어 문장으로 만들 수 있게 한다.,https://dls2.edunet.net/DLS/api/homepage/holding/getCoverImage.do?prov_code=E10&neis_code=E100000276&bib_key=34206550246, 유은하 지음, 사람in,2025
언어,(재밌어서 밤새 읽는)고사성어 이야기. 2,"이해하기 쉬운 서술과 재미있는 이야기로 기본이 되는 세상의 모든 지식과 정보를 전해온 <재밌밤> 시리즈가, 이번에는 《재밌어서 밤새 읽는 고사성어 이야기 1, 2》로 독자들을 만난다. 두 권에 걸쳐 총 240여 개의 고사성어를 소개하는 이 책은 각각의 성어가 가진 배경과 이야기, 한 뼘 더 깊게 들어간 지식과 정보, 함께 배우면 좋은 관련 고사성어까지 흥미롭고 알차게 풀어낸다.",https://shopping-phinf.pstatic.net/main_5172000/51720000620.20250514090550.jpg, 박은철 글·그림, 더숲,2024
언어,수상한 단어들의 지도,"『수상한 단어들의 지도』의 매력은 어원학, 문학, 역사, 신화 등을 두루 다루면서도 그 시작은 평범한 일상의 단어라는 데 있다. 베이글, 비스킷, 에클레르 같은 먹을거리부터 뮬, 튀튀 같은 패션 아이템, 소렌토나 팰리세이드 같은 자동차 이름까지 익숙한 사물들에 숨겨진 예사롭지 않은 사연이 쏟아진다.",https://shopping-phinf.pstatic.net/main_4314985/43149850618.20260331110522.jpg, 데버라 워런 지음;홍한결 옮김, 윌북,2023
언어,(Hackers)해커스 토익 스타트,"초보를 위한 토익 입문서. 신(新)토익에 추가된 신유형 및 출제 의도를 철저하게 분석 및 반영하였고, 4주 만에 누구나 토익 기초 실력을 향상할 수 있도록 체계적으로 구성하였다.",https://image.aladin.co.kr/product/7949/28/cover500/s592534302_1.jpg, 데이비드 조 지음, 해커스어학연구소,2016
언어,(누구나 배울 수 있는)영어 작문 프로젝트. 2,한국어의 조사와 어미의 뜻만 이해하면 시작할 수 있는 영어 작문 입문서다. 기능과 형태라는 두 축을 문법지도(E-MAP)로 시각화하여 E-MAP을 완성해 가는 과정으로 작문 과정을 구성하였다.,https://image.aladin.co.kr/product/7069/22/cover500/8998192241_1.jpg, 조병대 지음, 투데이북스,2015
언어,Last stop on market street,,https://image.aladin.co.kr/product/4189/10/cover500/039925774d_1.jpg, words by Matt De La Pena;pictures by Christian Robinson, G.P.Putnam's Sons,2015
언어,(The)Shack,,https://image.aladin.co.kr/product/6918/24/cover500/1455568295_2.jpg, by WM. Paul Young, Windblown Media,2016
언어,(JLPT)일본어 능력시험 한권으로 끝내기. 1,"2010년부터 2015년까지 실제 시험에서 출제된 어휘와 문법을 연도별로 실었으며, 문제 유형을 철저히 분석.반영하여 'JLPT(일본어능력시험) N1'의 문자·어휘, 문법, 독해, 청해 각 파트를 종합적으로 마스터할 수 있도록 하였다.",https://image.aladin.co.kr/product/7150/51/cover500/8927711335_2.jpg," 이치우,기타지마 치즈코 지음", 다락원,2015
언어,(JLPT)일본어 능력시험 한권으로 끝내기. 1,"2010년부터 2015년까지 실제 시험에서 출제된 어휘와 문법을 연도별로 실었으며, 문제 유형을 철저히 분석.반영하여 'JLPT(일본어능력시험) N1'의 문자·어휘, 문법, 독해, 청해 각 파트를 종합적으로 마스터할 수 있도록 하였다.",https://image.aladin.co.kr/product/7150/51/cover500/8927711335_2.jpg," 이치우,기타지마 치즈코 지음", 다락원,2015
언어,(JLPT)일본어 능력시험 한권으로 끝내기. 2,"2010년부터 2015년까지 실제 시험에서 출제된 어휘와 문법을 연도별로 실었으며, 문제 유형을 철저히 분석.반영하여 'JLPT(일본어능력시험) N1'의 문자·어휘, 문법, 독해, 청해 각 파트를 종합적으로 마스터할 수 있도록 하였다.",https://image.aladin.co.kr/product/7150/56/cover500/8927711343_2.jpg," 이치우,기타지마 치즈코 지음", 다락원,2016
언어,(JLPT)일본어 능력시험 한권으로 끝내기. 3,"1998년에 처음 발간되어 큰 호응을 얻었던 <일본어능력시험 한권으로 끝내기 시리즈>의 네 번째 개정판으로, 2010년 개정된 JLPT(일본어능력시험) N3 최신 기출 내용을 반영한 능시 종합서인 <新일본어능력시험 한권으로 끝내기 N3>의 2016년 개정판이다.",https://image.aladin.co.kr/product/7150/88/cover500/8927711351_2.jpg," 이치우,기타지마 치즈코 지음", 다락원,2016
언어,(JLPT)일본어 능력시험 한권으로 끝내기. 4,"1998년에 처음 발간되어 큰 호응을 얻었던 <일본어능력시험 한권으로 끝내기 시리즈>의 네 번째 개정판으로, 2010년 개정된 JLPT(일본어능력시험) N3 최신 기출 내용을 반영한 능시 종합서인 <新일본어능력시험 한권으로 끝내기 N4>의 2016년 개정판이다.",https://image.aladin.co.kr/product/7150/98/cover500/892771136x_2.jpg," 이치우,이한나 지음", 다락원,2015
언어,G-ZONE Grammar Zone. 2: 기초편,그래머존은 살아있는 예문과 자세한 문법 설명의 국내 유일무이 전(全)단계 문법 기본서다. 그 중 기초편은 문법의 기초를 확실히 다지길 원하는 중학생 및 고교 신입생을 위한 문법 교재다.,https://image.aladin.co.kr/product/9301/59/cover500/k552535518_1.jpg, 능률영어교육연구소 지음, 능률교육,2017
언어,(지적이고 아름다운 삶을 위한)라틴어 수업,"한국인 최초, 동아시아 최초 바티칸 대법원 로타 로마나 변호사이자 가톨릭 사제인 한동일 교수가 2010년부터 2016년까지 서강대학교에서 진행했던 강의를 책으로 옮겼다. 책 말미에는 수업을 들었던 제자들이 책 출간을 기념해 보내온 편지를 함께 실었다.",https://image.aladin.co.kr/product/11217/32/cover500/896596220x_1.jpg, 한동일 지음, 흐름,2017
언어,결국은 어휘력,"고등학교 내신과 수능을 대비하기 위해 반드시 알아야 할 763개의 어휘를 저자 이해황만의 특별한 방법으로 설명하고 구성한 책이다. 763개라는 어휘 개수에도 불구하고, 풍부한 이미지를 통해 쉽게 설명하였으며, 25일 안에 어휘 학습을 마스터할 수 있게 하였다.",https://image.aladin.co.kr/product/9623/67/cover500/8928322901_1.jpg, 이해황 저, 좋은책신사고,2016
언어,(ETS TOEIC) 토익스피킹 기출 단기공략,출제기관 ETS에서 독점으로 제공하는 토익스피킹(TOEIC Speaking) 기출 공식수험서다. 유용한 스피킹 기본 표현을 필두로 파트별 핵심 전략 및 문제 유형별 공략 비법을 제시하고 있다.,https://image.aladin.co.kr/product/29568/9/cover500/8917238882_1.jpg, 이티에스, YBM,2022
언어,(10일 만에 끝내는)해커스 토익 스피킹,각 유형마다 단계별 풀이 전략을 제시해 문제 유형에 따른 답변 노하우를 파악할 수 있다. 유형별로 익힌 전략을 문제에 적용해 풀어보며 어떤 문제가 나와도 당황하지 않고 전략을 활용할 수 있다.,https://image.aladin.co.kr/product/29533/96/cover500/8965424879_3.jpg, 해커스어학연구소 지음, 해커스 어학연구소,2022
언어,(해석이 쉬워지는)해커스 구문독해 100,"빠르고 정확한 영어 지문 해석을 위해?꼭 알아야 할 필수 구문 100개를 수록했다. 필수 구문으로 직독직해 실력을 키워 공무원, 편입, 수능, 토익, 토플, 텝스 등 모든 영어 시험 독해 대비가 가능하다.",https://image.aladin.co.kr/product/19368/15/cover500/8965422949_2.jpg, 해커스 어학연구소 [지음], 해커스 어학연구소,2019
언어,(해석이 쉬워지는)해커스 구문독해 100,"빠르고 정확한 영어 지문 해석을 위해?꼭 알아야 할 필수 구문 100개를 수록했다. 필수 구문으로 직독직해 실력을 키워 공무원, 편입, 수능, 토익, 토플, 텝스 등 모든 영어 시험 독해 대비가 가능하다.",https://image.aladin.co.kr/product/19368/15/cover500/8965422949_2.jpg, 해커스 어학연구소 [지음], 해커스 어학연구소,2019
언어,(해석이 쉬워지는)해커스 구문독해 100,"빠르고 정확한 영어 지문 해석을 위해?꼭 알아야 할 필수 구문 100개를 수록했다. 필수 구문으로 직독직해 실력을 키워 공무원, 편입, 수능, 토익, 토플, 텝스 등 모든 영어 시험 독해 대비가 가능하다.",https://image.aladin.co.kr/product/19368/15/cover500/8965422949_2.jpg, 해커스 어학연구소 [지음], 해커스 어학연구소,2019
언어,(주아쌤의)툭 치면 탁 나오는 영어회화,베스트셀러 《100일이면 나도 영어천재》의 저자이자 수천 명의 영포자를 영어천재로 변신시킨 최고의 영어 회화 트레이닝 전문가 주아쌤은 원어민과 술술 대화가 되는 리얼 영어 패턴 100개를 엄선해 한 권에 담았다.,https://shopping-phinf.pstatic.net/main_5044738/50447389618.20260331122333.jpg, 주아쌤(이정은) 지음, Mons(몽스북),2024
언어,(Hackers)IELTS listening basic,IELTS 입문자를 위한 맞춤 기본서. 아이엘츠 기본기부터 탄탄히 하고 최신 경향에 완벽 대비해 목표 점수를 달성할 수 있다. 입문/초보 학습자에게 꼭 맞춘 4주 완성 학습시스템으로 구성했다. 시험장에서 바로 쓸 수 있는 상황별/주제별 표현과 문장 집중 학습이 특징이다.,https://image.aladin.co.kr/product/12725/58/cover500/8965422434_2.jpg, 해커스 어학연구소 지음, 해커스어학연구소,2018
언어,(Hackers)IELTS writing basic,IELTS 입문자를 위한 맞춤 기본서. 아이엘츠 기본기부터 탄탄히 하고 최신 경향에 완벽 대비해 목표 점수를 달성할 수 있다. 입문/초보 학습자에게 꼭 맞춘 4주 완성 학습시스템으로 구성했다. 시험장에서 바로 쓸 수 있는 상황별/주제별 표현과 문장 집중 학습이 특징이다.,https://image.aladin.co.kr/product/12589/37/cover500/8965422442_2.jpg, 해커스 어학연구소 지음, 해커스어학연구소,2018
언어,영어회화 100일의 기적,"영어교육전문가 문성현의 책. 이 책은 ‘책+강의+스피킹훈련’으로 보고 듣고 말하는 3D 입체 학습으로 구성되었다. 꼭 기억해야 할 문장들만 뽑아 받아쓰기를 할 수 있도록 구성하였고, 본문에서 헷갈릴 수 있는 단어들을 정리하였다.",https://image.aladin.co.kr/product/6012/36/cover500/s762737702_1.jpg, 문성현 지음, 넥서스,2015
언어,네이티브 영어표현력 사전,콩글리시와 네이티브 표현의 차이를 결정하는 17개 영어 표현법을 체계적으로 정리한 책. 한국외국어대학교 통 · 번역대학원 한영과 이창수 교수가 네이티브 영어의 핵심으로 뽑은 17개 영어식 표현법을 주제로 상세한 설명과 예문을 수록했다.,https://image.aladin.co.kr/product/17168/65/cover500/8927701054_1.jpg, 이창수 지음, Darakwon,2018
언어,우리말 어감사전,사전 편찬의 장인이 국어사전에 다 담지 못한 우리말의 ‘속뜻’. 확실히 검증된 객관적인 의미만을 간결하게 수록하는 사전에서는 쉽게 드러내기 어려웠던 편찬자의 고민과 생각이 알뜰하게 담겨 있다.,https://image.aladin.co.kr/product/27032/36/cover500/k722730620_1.jpg, 안상순 지음, 유유,2021
언어,강성태 영어독해,"수능, 내신, 공무원, 토익 다 통하는 수험서로, 10가지 ‘지문 구조’와 7가지 ‘문제 유형’을 제시하고 있다. 공신들은 일일이 읽지 않는다. 속독한다. ‘시험에 바로 써먹는 속독법’으로 지금껏 검증된 속독법을 통째로 갈아 넣었다. 그야말로 속독 비법서다.",https://image.aladin.co.kr/product/22160/97/cover500/k742636311_1.jpg, 강성태 지음, 키출판사,2019
언어,Top10 연설문,수백 개의 연설문을 보고 현시대에도 깊은 울림을 전하는 10개의 연설을 담았다. 각 연사의 영상과 함께 각 연설을 처음부터 끝까지 담아서 더 깊이 있게 감상할 수 있다. 각 문장의 이유를 생각하면서 보면 영어 실력과 글쓰기.말하기 실력에도 도움이 된다.,https://image.aladin.co.kr/product/11844/69/cover500/k432531626_1.jpg," 마이크 황,장위 지음", Miklish,2017
언어,(달인의)띄어쓰기·맞춤법,"한국인이 가장 잘 틀리는 우리말 5500개를 가려 뽑아 세세한 설명을 곁들였다. KBS ‘우리말 겨루기’ 준비자부터 일반인, 작가, 교사, 각종 수험생까지 누구나에게 가장 최신의 올바른 맞춤법을 알려준다.",https://image.aladin.co.kr/product/27794/2/cover500/8981656088_1.jpg, 최종희 지음, 국민출판,2020
언어,(한눈에 쏙쏙 들어오는)이야기 고사성어,,https://image.aladin.co.kr/product/20/95/cover500/8989326613_1.jpg, 미리내공방 편저, 정민미디어,2010
언어,(트랜디북)여행 영어,여행 전에 미리 기본 패턴을 익히면서 영어회화를 공부해 볼 수 있는 영어회화 첫걸음 편과 여행지에서 사용할 수 있는 다양한 표현을 수록하고 있는 여행회화 편으로 구성되어 있다.,https://image.aladin.co.kr/product/19651/85/cover500/k032635625_1.jpg, SY 언어개발팀 저, 삼영서관,2019
언어,영어 회화의 결정적 패턴들,"한국인에게 가장 친근한 주제와 어투의 한국어 데이터를 모으고 분석하여 대화 지문을 작성했다. 그것을 이중언어 구사자가 영어 지문으로 옮기고, 원어민이 최종 검수하여 그 지문에서 가장 활용도 높은 패턴을 뽑았다.",https://image.aladin.co.kr/product/19467/74/cover500/8960497843_1.jpg, 룩룩잉글리쉬 저, 사람in,2019
언어,미국 영어 회화 문법. 2: 동사와 시제,"미국 플로리다 주립대에서 원어민 대상으로 문법을 강의하는 저자가 수년간의 경험을 바탕으로 한국인이 회화할 때 가장 많이 틀리고, 걸리는 부분만 콕콕 집어냈다. 기존의 문법 틀을 벗어난, 파격적이지만 합리적인 흐름 체계에 머리에 쏙쏙 들어오는 설명을 더했다.",https://image.aladin.co.kr/product/18248/86/cover500/8960497509_2.jpg, 김아영 지음, 사람in,2019
언어,거의 모든 행동 표현의 영어,영어를 잘하는 가장 빠른 지름길 중 하나가 우리가 하는 행동을 영어로 어떻게 표현하는지 정확히 아는 것이다. <거의 모든 행동 표현의 영어>는 이런 행동과 관련한 영어 표현의 거의 모든 것을 담았다. 여기에 장기 기억을 돕는 이미지를 더해 학습의 부담은 줄이고 재미는 끌어올렸다.,https://image.aladin.co.kr/product/29021/3/cover500/8960499374_3.jpg, 서영조 지음, 사람in,2022
언어,영어 면접 매뉴얼,"'나'에 대한 면접관의 관심도를 높여줄 수 있는 조언, 채용의 필요성을 느끼게 해줄 답변을 모아놨다. 면접 이미지 메이킹 교육을 담당하고 있는 저자가 일하면서 직접 터득한 다양한 면접 비결과 조언을 수록하였다.",https://image.aladin.co.kr/product/8037/82/cover500/k802434749_1.jpg, 강민경 지음, 넥서스,2016
언어,(Hackers 2주 만에 끝내는) 해커스 토익 Speaking start,"신유형과 최신 경향을 완벽 반영한 문제로 연습하고, 시험에서 바로 쓸 수 있는 표현과 어떤 주제든 할말이 샘솟는 답변 아이디어/템플릿,그리고 말하기 연습 프로그램과 실전 모의고사까지 이 책은 말하기 시험이 두려운 여러분께 효과적인 학습 방법과 전략을 제시하여 단기간에 Level 6 이상을 달성할 수 있도록 하였다.",https://image.aladin.co.kr/product/5657/25/cover500/8965421004_3.jpg, David Cho 지음, 해커스어학연구소,2015
언어,영어책 한 권 외워봤니?,"어학연수, 회화 학원 한 번 다니지 않고 30년 독학으로 습득한 저자의 영어 공부 노하우를 담은 책",https://image.aladin.co.kr/product/10010/27/cover500/8960863130_2.jpg, 김민식 지음, 위즈덤하우스,2017
언어,(알쏭달쏭? 만화로 배우는)우리말 겨루기. 2,,https://image.aladin.co.kr/product/86/80/cover500/8953310253_1.jpg, 박근용 지음, 계림닷컴,2006
언어,TOEIC Bridge 기본서,"기본 이론부터 실전 문제까지 단 한 권으로 끝내고 싶은 학습자는 물론, 토익 시험을 준비하기 전에 기초를 탄탄하게 다지고 싶은 학습자에게도 최적화된 교재다. 기본 이론부터 차근차근 단계를 밟아 학습한 뒤 실제 시험과 동일한 난이도의 실전 모의고사로 마무리하여 학습자의 실력을 최종적으로 점검할 수 있다.",https://image.aladin.co.kr/product/19183/1/cover500/8917231136_2.jpg, YBM 편집부 지음, YBM,2019
언어,미국에서 기죽지않는 쓸만한 영어,"현재 16만 명이 넘는 구독자를 보유하고 있는 영어 교육 유튜브 채널 Sophie Ban(저자)에서 인기리에 운영되고 있는 영어 학습 콘텐츠인 '쓸만한 영어'의 내용을 그대로 담아 놓은 도서로서, '미국에서 갓잡은 100% 싱싱한 현실 영어'를 배울 수 있는 교재이다.",https://image.aladin.co.kr/product/19164/47/cover500/s132937507_1.jpg, 소피 반 지음, 시대인,2019
언어,해커스 HSK 1-4급 단어장,"1-4급 공식 지정 어휘 1200개를 하루에 40개씩 30일 만에?정복할 수 있다. 주제별 연상암기로 쉽고 재미있게 외울 수 잇도록 중국어 기초 단어를 수록했고, 급수별/빈출순으로 내가 필요한 어휘만 골라 우선순위 학습할 수 있다.",https://image.aladin.co.kr/product/17642/76/cover500/s072637696_1.jpg, 해커스 HSK연구소 지음, 해커스 어학연구소,2019
언어,(한눈에 쏙쏙 들어오는)이야기 고사성어,,https://image.aladin.co.kr/product/20/95/cover500/8989326613_1.jpg, 미리내공방 지음, 정민미디어,2010
언어,(청소년을 위한 이야기)사자성어사전,Victory 지식사전 3권. 삶의 이치를 응축해 표현해낸 천금 같은 ‘네 글자 지혜’ 사자성어를 보다 현실감 있는 어휘로 소개한다. 다양한 고전에 실려 있는 사자성어 중에서 사용 빈도가 높고 중요하다고 생각되며 우리가 쉽게 활용할 수 있는 사자성어를 발췌하여 모았다.,https://image.aladin.co.kr/product/12356/53/cover500/8976043537_1.jpg, 이상실 지음, 문예춘추사,2017
언어,(딱 한 번 읽고 바로 써먹는)30일 기초 영문법. 1,"유튜브 ‘아티엔바나나’ 채널의 700만 뷰 바나나쌤 영어 강의를 책으로 만난다. “십수 년 동안 공부해도 몰랐던 영문법을 알려준 대박 콘텐츠”로 유명한 전설의 수업을 단 30일 만에 완벽하게 마스터할 수 있도록 쉽고 친절하게, 재미있고 자세하게 정리했다.",https://image.aladin.co.kr/product/26840/62/cover500/k942730394_1.jpg, 르네 지음, 비에이블,2021
언어,(딱 한 번 읽고 바로 써먹는)30일 기초 영문법. 2,"유튜브 ‘아티엔바나나’ 채널의 700만 뷰 바나나쌤 영어 강의를 책으로 만난다. “십수 년 동안 공부해도 몰랐던 영문법을 알려준 대박 콘텐츠”로 유명한 전설의 수업을 단 30일 만에 완벽하게 마스터할 수 있도록 쉽고 친절하게, 재미있고 자세하게 정리했다.",https://image.aladin.co.kr/product/26841/22/cover500/k412730394_1.jpg, 르네 지음, 비에이블,2021
언어,(ETS TOEIC)토익기출 공식 종합서. [1]: Reading,"토익 출제기관 ETS가 제공한 기출문제 및 실전문제를 독점 공개한다. 기본기부터 실전까지 빠르고 효과적으로 끝내는 방법을, 이 한 권에 모두 담았다.",https://image.aladin.co.kr/product/17349/56/cover500/s232631837_1.jpg, YBM 편집부 지음, YBM,2018
언어,(ETS TOEIC)토익기출 공식종합서. [2]: Listening,"기출문제를 다수 수록해, 시험에 나온 그대로 학습하고, 바로 적용할 수 있도록 하였다. 토익 정기시험 성우가 녹음한 음원으로 실제 시험처럼 연습하여 실전에 완벽하게 대비할 수 있으며, 파트별 ETS Actual Test와 ETS FINAL TEST를 통해 정기시험과 동일한 퀄리티와 난이도의 예상문제로 실력을 점검 할 수 있다.",https://image.aladin.co.kr/product/17349/39/cover500/8917230466_3.jpg, YBM 편집부 지음, YBM,2018
언어,(ETS TOEIC)토익 정기시험 기출문제집 1000. [1]: Reading,"정기시험 기출문제 7세트와 ETS 토익 예상문제 3세트가 수록되어 있다. 시험에 나온 토익 문제로 실전 감각을 키우고, 동일한 난이도의 예상문제로 시험에 확실하게 대비할 수 있다.",https://image.aladin.co.kr/product/17576/99/cover500/s712633902_1.jpg, YBM 편집부 지음, YBM,2021
언어,TOEIC Bridge 기본서,"기본 이론부터 실전 문제까지 단 한 권으로 끝내고 싶은 학습자는 물론, 토익 시험을 준비하기 전에 기초를 탄탄하게 다지고 싶은 학습자에게도 최적화된 교재다. 기본 이론부터 차근차근 단계를 밟아 학습한 뒤 실제 시험과 동일한 난이도의 실전 모의고사로 마무리하여 학습자의 실력을 최종적으로 점검할 수 있다.",https://image.aladin.co.kr/product/19183/1/cover500/8917231136_2.jpg, YBM 편집부 지음, YBM,2019
언어,TOEIC Bridge 기본서,"기본 이론부터 실전 문제까지 단 한 권으로 끝내고 싶은 학습자는 물론, 토익 시험을 준비하기 전에 기초를 탄탄하게 다지고 싶은 학습자에게도 최적화된 교재다. 기본 이론부터 차근차근 단계를 밟아 학습한 뒤 실제 시험과 동일한 난이도의 실전 모의고사로 마무리하여 학습자의 실력을 최종적으로 점검할 수 있다.",https://image.aladin.co.kr/product/19183/1/cover500/8917231136_2.jpg, YBM 편집부 지음, YBM,2019
언어,TOEIC Bridge 기본서,"기본 이론부터 실전 문제까지 단 한 권으로 끝내고 싶은 학습자는 물론, 토익 시험을 준비하기 전에 기초를 탄탄하게 다지고 싶은 학습자에게도 최적화된 교재다. 기본 이론부터 차근차근 단계를 밟아 학습한 뒤 실제 시험과 동일한 난이도의 실전 모의고사로 마무리하여 학습자의 실력을 최종적으로 점검할 수 있다.",https://image.aladin.co.kr/product/19183/1/cover500/8917231136_2.jpg, YBM 편집부 지음, YBM,2019
언어,TOEIC Bridge 기본서,"기본 이론부터 실전 문제까지 단 한 권으로 끝내고 싶은 학습자는 물론, 토익 시험을 준비하기 전에 기초를 탄탄하게 다지고 싶은 학습자에게도 최적화된 교재다. 기본 이론부터 차근차근 단계를 밟아 학습한 뒤 실제 시험과 동일한 난이도의 실전 모의고사로 마무리하여 학습자의 실력을 최종적으로 점검할 수 있다.",https://image.aladin.co.kr/product/19183/1/cover500/8917231136_2.jpg, YBM 편집부 지음, YBM,2019
언어,TOEIC Bridge 기본서,"기본 이론부터 실전 문제까지 단 한 권으로 끝내고 싶은 학습자는 물론, 토익 시험을 준비하기 전에 기초를 탄탄하게 다지고 싶은 학습자에게도 최적화된 교재다. 기본 이론부터 차근차근 단계를 밟아 학습한 뒤 실제 시험과 동일한 난이도의 실전 모의고사로 마무리하여 학습자의 실력을 최종적으로 점검할 수 있다.",https://image.aladin.co.kr/product/19183/1/cover500/8917231136_2.jpg, YBM 편집부 지음, YBM,2019
언어,TOEIC Bridge 기본서,"기본 이론부터 실전 문제까지 단 한 권으로 끝내고 싶은 학습자는 물론, 토익 시험을 준비하기 전에 기초를 탄탄하게 다지고 싶은 학습자에게도 최적화된 교재다. 기본 이론부터 차근차근 단계를 밟아 학습한 뒤 실제 시험과 동일한 난이도의 실전 모의고사로 마무리하여 학습자의 실력을 최종적으로 점검할 수 있다.",https://image.aladin.co.kr/product/19183/1/cover500/8917231136_2.jpg, YBM 편집부 지음, YBM,2019
언어,TOEIC Bridge 기본서,"기본 이론부터 실전 문제까지 단 한 권으로 끝내고 싶은 학습자는 물론, 토익 시험을 준비하기 전에 기초를 탄탄하게 다지고 싶은 학습자에게도 최적화된 교재다. 기본 이론부터 차근차근 단계를 밟아 학습한 뒤 실제 시험과 동일한 난이도의 실전 모의고사로 마무리하여 학습자의 실력을 최종적으로 점검할 수 있다.",https://image.aladin.co.kr/product/19183/1/cover500/8917231136_2.jpg, YBM 편집부 지음, YBM,2019
언어,(일단 합격하고 오겠습니다)JLPT 일본어 능력시험 N4,"2010년부터 개정 시행된 JLPT N4에 대비할 수 있도록 구성된 종합 학습서이다. 각 과목별로 문제 유형과 최신 출제 유형을 분석하였으며, 각각의 유형마다 학습 팁과 실전 팁을 제시하였다. 또한 그동안의 기출 어휘·문법 정리와 더불어 충분한 문제 풀이를 통해 실전에 대비할 수 있다.",https://image.aladin.co.kr/product/14643/11/cover500/k982532752_1.jpg," 연종현,이선옥,이재은 지음", 동양북스,2018
언어,(딱! 한권 일본어능력시험)JLPT 단어장,"최근 2010년~2017년의 일본어능력시험을 토대로, 언어지식뿐만 아니라 독해.청해 어휘도 함께 분석하여, 출제 빈도가 높은 어휘를 수록한 단어장이며, 효율적으로 암기할 수 있도록 테마별 30일로 나누어 구성하였다.",https://image.aladin.co.kr/product/11796/26/cover500/s112636263_1.jpg, JLPT연구모임 지음, 시사일본어사,2017
언어,(이명학 교수의)어른이 되어 처음 만나는 한자,수십 년간 한자를 가르치며 한문 교육을 실천해온 이명학 교수가 전하는 ‘일상 한자어 모음집’이자 별다른 지식 없이도 술술 읽으며 한자를 익히는 ‘실용 안내서’다.,https://image.aladin.co.kr/product/24790/62/cover500/8934993235_1.jpg, 이명학 지음, 김영사,2021
언어,(쉬운 단어로)1분 영어 말하기,"원어민들이 매일 쓰는 쉬운 동사 7개로 시작한다. 이 7개 동사 표현을 이용해 영어의 모든 문장 구조를 배운 후, 1분 말하기에서 활용한다. 단계를 밟아가며 점점 영어로 1분 이상 말하기가 가능해지는 놀라운 경험을 해보자.",https://image.aladin.co.kr/product/24946/73/cover500/k442632696_1.jpg, 에스텔 지음, 넥서스,2020
언어,(쉬운 단어로)1분 영어 말하기,"원어민들이 매일 쓰는 쉬운 동사 7개로 시작한다. 이 7개 동사 표현을 이용해 영어의 모든 문장 구조를 배운 후, 1분 말하기에서 활용한다. 단계를 밟아가며 점점 영어로 1분 이상 말하기가 가능해지는 놀라운 경험을 해보자.",https://image.aladin.co.kr/product/24946/73/cover500/k442632696_1.jpg, 에스텔 지음, 넥서스,2020
언어,(영어가 술술 나오는)만능패턴 100,"패턴을 완전히 이해하고 입에 붙일 수 있게 해주는 심플하지만 효율적인 단계로 구성했다. 먼저 패턴별로 QR코드를 삽입해 네이티브의 정확한 발음을 듣고 시작하며, 세리나 황 특유의 쉽고 친절한 설명을 통해 한국인이 알아채기 어려운 뉘앙스까지 이해한다.",https://image.aladin.co.kr/product/30818/72/cover500/k462831663_1.jpg, 세리나 황 지음, 교보문고,2023
언어,진화하는 언어,"인류의 언어가 어떻게 탄생했는지, 의사소통은 어떻게 이뤄져 왔는지를 타당한 근거를 제시하며 설득해 나간다. 이 책에는 언어뿐만 아니라 역사, 생물학, 물리학, 수학 등 매우 광범위한 분야의 지식이 담겨 있다.",https://image.aladin.co.kr/product/30782/50/cover500/k432832329_2.jpg, 모텐 H. 크리스티안센;닉 채터 [공]지음;이혜경 옮김, Whale books(웨일북),2023
언어,(30초 영어 말하기)스피킹 매트릭스,"30초 동안 말하기 위해 알아야 할 영어의 기본 규칙과 핵심표현이 정리된 INPUT(20일)과 이를 응용해 실제로 말하는 연습을 하는 OUTPUT(10일), 총 30일 학습으로 구성되어 있다.",https://image.aladin.co.kr/product/24525/66/cover500/k652631467_1.jpg, 황서윤 지음, 길벗,2020
언어,에듀윌 토익 단기완성 850+ LC&RC,"PART별 특징과 출제 경향, 문제 유형, 문제 풀이 전략, 자주 사용되는 오답 트릭 등을 철저히 분석하여 이를 토대로 학습 방향을 정확히 잡고 시작할 수 있게 했다. LC는 빈출 문제 유형, 대표 유형 맛보기 등의 다양한 코너를 마련하여 기본을 탄탄히 다지는 동시에 고득점 획득에 꼭 필요한 실력을 기를 수 있도록 했다. 또한 RC의 각 UNIT은 문법 사항과 문제 유형별로 한두 페이지로 압축해서 정리했다.",https://image.aladin.co.kr/product/31788/0/cover500/k012833118_1.jpg, 에듀윌어학연구소 지음, 에듀윌,2023
언어,(유네스코가 들려주는) 아시아 아홉문자 이야기,"유네스코 아태교육원에서 아시아 문자의 유형별 현황을 고려하여 선정한 아홉 가지 대표 문자와 관련된 여러 가지 재미있는 이야기를 들려준다. 다양한 문자에 대해 배울 뿐만 아니라, 아시아의 여러 나라의 문화를 이해하는 밑거름을 마련할 수 있을 것이다.",https://image.aladin.co.kr/product/2758/31/cover500/8970946705_1.jpg, 유네스코 아시아태평양 국제이해교육원 글;조민석 그림, 한림출판사,2013
언어,하루 3분 우리말 맞춤법,"SBS 김주우 아나운서와 함께 하는 우리말 실력 쌓기. 우리말 맞춤법은 더 이상 알면 좋고 몰라도 그만인 교양적인 요소가 아니다. 취업을 하고 싶다면, 연애를 하고 싶다면, 남들에게 무시당하고 싶지 않다면 바른 우리말을 꼭 알아야 한다.",https://image.aladin.co.kr/product/3067/57/cover500/8960477753_1.jpg, 김주우 지음, 길벗이지톡,2013
언어,(초급학습자들을 위한)중국어 新 HSK 1.2.3급 문법,초급 학습자들도 HSK를 준비할 수 있도록 자세한 기초 문법 설명을 담은 책이다.,https://image.aladin.co.kr/product/2750/18/cover500/8997791044_1.jpg, 이정민 지음, 이북고시,2013
언어,보카 바이블 4.0. 1: TOP1000 표제어,"의 네 번째 전면개정판. 공무원, 편입, 토플, 텝스 등의 국내 영어 시험과 SAT, GRE 등 유학시험을 위한 영어어휘교재로서 국내 모든 영어시험의 30여 년간의 기출어휘를 집중분석하고 이를 빈출도순으로 배열하여 출제가능성을 고려한 수험효율성을 극대화하였고, 어원/숙어/동의어 학습 등 단계적 학습방법으로 암기 효율성을 극대화하였다.",https://image.aladin.co.kr/product/14902/59/cover500/8994553096_1.jpg, 허민 지음, 스텝업,2018
언어,"보카 바이블 4.0. 2: 어원, 숙어, 동의어","의 네 번째 전면개정판. 공무원, 편입, 토플, 텝스 등의 국내 영어 시험과 SAT, GRE 등 유학시험을 위한 영어어휘교재로서 국내 모든 영어시험의 30여 년간의 기출어휘를 집중분석하고 이를 빈출도순으로 배열하여 출제가능성을 고려한 수험효율성을 극대화하였고, 어원/숙어/동의어 학습 등 단계적 학습방법으로 암기 효율성을 극대화하였다.",https://image.aladin.co.kr/product/14902/59/cover500/8994553096_1.jpg, 허민 지음, 스텝업,2018
언어,(新버전)한자암기박사,"읽으면 저절로 외워지는 기적의 학습법이라 불리는 ‘한자 3박자 연상 학습법’을 이용하여 쉽고 재미있게 한자를 익힐 수 있는 도서다. 한자마다 생생한 어원 풀이를 달았고, 상세한 설명, 필순, 활용어휘 등 사전이 필요 없을 정도로 많은 정보를 담았다.",https://image.aladin.co.kr/product/9030/63/cover500/k182535009_1.jpg, 박원길;박정서 [공]지음, 시대고시기획,2017
언어,(행복의 열쇠가 숨어 있는)우리말의 비밀,"일지 이승헌 총장은 멘탈헬스 전문가이자 뇌교육자이다. 지난 30년간 명상 프로그램 개발, 강연, 집필 등 전 세계를 무대로 다양한 활동을 펼쳐왔다. 그런 저자가 이번에는 자신만의 탁월한 통찰과 혜안으로 풀어낸 우리말, 우리 얼 이야기를 담은 책을 출간했다.",https://image.aladin.co.kr/product/2468/41/cover500/8956991537_2.jpg, 이승헌 지음, 한문화,2013
언어,대박패턴 500으로 영어를 스토킹하라. 2,"패턴에 대한 갈증을 풀어주고자 수개월에 걸친 조사작업 끝에 500개의 영어회화 필수패턴을 수집하여 1, 2권에 걸쳐 수록했다.",https://image.aladin.co.kr/product/437/5/cover500/8962247518_1.jpg, 백선엽 지음, 로그인,2013
언어,영어책 읽기의 힘,"영어 선생님들의 선생님으로서 아동영어교육을 가르치고 영어책 읽기의 중요성을 전파하며 자신의 네 자녀를 모두 영어 영재로 키운 고광윤 교수의 실제로 검증된 영어 학습 방법을 고스란히 담은 책이다. 저자는 영어책의 즐독, 다독, 잘독이야말로 우리 아이들이 유창한 영어 실력을 키우는 유일한 비결이라고 말한다.",https://image.aladin.co.kr/product/23139/30/cover500/k532637808_1.jpg, 고광윤 지음, 길벗,2020
언어,이기적 정보기기운용기능사 실기 기본서(2021),"최신 출제기준을 적용한 도서로, 정보기기운용기능사 실기 시험 경향을 분석하여 수험생들이 혼자서도 학습할 수 있도록 한 완벽 대비서다. Packet Tracer 프로그램 사용법과 시행처에서 공개한 샘플 문제를 반영하였으며, 상시 출제되었던 기출문제를 복원하였다.",https://image.aladin.co.kr/product/25493/14/cover500/8931462654_1.jpg, 이시영 지음, 영진닷컴,2020
언어,(혼동하기 쉬운)바른 우리말 쓰임,,https://image.aladin.co.kr/product/848/59/cover500/8991494811_1.jpg, 한국독서교육연구회 엮음, 아테나,2011
언어,십대를 위한 재미있는 어휘 교과서,"청소년들이 꼭 알아야 할 어휘.표현 100가지를 담은 책. 딱딱한 사전식 설명 방식을 지양하되 사전적 의미와 비유적 의미를 함께 다루었다. 어휘의 탄생 배경이 무엇인지, 그 말이 유행하게 된 시대 상황 및 사회적 배경은 무엇인지, 원뜻은 무엇이며 그 말은 어떤 계기로 변화하여 또 다른 비유적 표현을 낳았는지 등을 다양한 예와 함께 살펴본다.",https://image.aladin.co.kr/product/890/63/cover500/8958073217_1.jpg, 서보건 지음, 뜨인돌,2011
언어,B끕 언어,국어 겸 사서 교사인 <B끕 언어>의 저자는 거친 비속어가 난무하는 교육현장에서 왜 비속어를 쓰면 안 되는지에 대한 의문을 갖고 답을 찾아내는 과정에서 비속어는 쓰면 안 되는 것이 아니라 쓰려면 알고 써야 한다는 결론에 이르렀다.,https://image.aladin.co.kr/product/2680/36/cover500/8994104100_1.jpg, 권희린 지음, 네시간,2013
언어,(중국인처럼 발음하고 표현하는) 네이티브 중국어,,https://image.aladin.co.kr/product/2337/71/cover500/8983000309_1.jpg, 설우진 지음, 동양북스(동양문고),2013
언어,(해커스 중국어)新 HSK 3급,新 HSK 3급을 위한 기초학습을 수록하여 먼저 기초를 다진 후 이를 바탕으로 문제풀이에 필요한 핵심 내용과 전략이 수록된 합격비책을 학습할 수 있게 하였다.,https://image.aladin.co.kr/product/5607/68/cover500/s802637695_1.jpg, 리우윈;해커스 HSK연구소 공저, 해커스,2015
언어,(저절로 몸에 새겨지는)몰입 영어,"영어는 암묵기억이다. 우리는 지금까지 외현기억으로 공부해왔기 때문에 영어 공부가 늘 실패에 그쳤던 것이다. 《몰입》으로 100만 독자를 사로잡은 황농문 교수. 이 책은 그가 직접 실천하고 검증한 ‘몰입 영어 학습법’을 소개하는 책으로 암묵기억 회로를 발달시켜 학습효과는 무한상승하고, 시냅스의 수를 증가시켜 저절로 재미까지 느끼게 하는 영어 학습법을 알려주는 책이다.",https://image.aladin.co.kr/product/16368/7/cover500/s752533758_1.jpg, 황농문 지음, 위즈덤하우스,2018
언어,(착! 붙는)일본어 단어장,"사전과 같은 나열형 단어장이 아니라 기본단어, 일상단어, 여행단어, 기타 등 4가지 카테고리 안에 34개 테마별 어휘를 예문과 함께 제시하여, 보다 쉽게 외울 수 있는 이 책은 단어 아래 빈칸에 단어 뜻을 직접 써 보면서 암기효과를 더욱 높일 수 있다.",https://image.aladin.co.kr/product/8590/29/cover500/8940291816_2.jpg, 일본어 공부기술연구소 지음, 시사일본어사,2017
언어,챗GPT 영어 질문법,"자칫 높게 느껴질 수 있는 챗GPT의 장벽을 넘어 직접 영어 질문을 던져볼 수 있도록 구성되어 있다. 영어 공부와 자기계발에 대한 확실한 동기부여가 될 수 있도록 일상과 업무에서 오늘 당장 써볼 만한 프롬프트 예시를 구체적으로 들었고, 챗GPT의 영어 답변에 익숙해질 수 있도록 영어 답변의 예시와 함께 우리말 번역도 함께 수록했다.",https://image.aladin.co.kr/product/32450/93/cover500/k912935391_1.jpg, 일간 소울영어(레바 김) 지음, 로그인,2023
언어,(영어를 제2 모국어로 만드는)정철의 A.D. 영어학습법,"성경에서 배우는 쉬운 영어, 간증과 복음으로 영혼까지 살리는 신개념 영어학습법을 담은 책이다. 영어를 제2의 모국어처럼 자유로이 쓸 수 있도록 그 원리와 방법에 대해 알기 쉽게 설명하고 있다.",https://image.aladin.co.kr/product/31829/93/cover500/8953145015_1.jpg, 정철 지음, 두란노(두란노서원),2023
언어,(김재우의)영어회화 100,단 한 번도 영미권 국가에서 생활해 본 적 없이 순수 국내에서만 공부하고도 원어민이 놀라는 영어 실력을 구사하는 김재우 선생님의 20여 년간에 걸쳐 다듬어 온 영어 콘텐츠의 정수를 담은 책이다.,https://image.aladin.co.kr/product/31998/2/cover500/k482834561_1.jpg, 김재우 지음, 상상스퀘어,2023
언어,(The)78-Storey Treehouse,,https://image.aladin.co.kr/product/8917/32/cover500/1509833757_2.jpg, by Andy Griffiths;illustrated by Terry Denton, Macmillan,2017
언어,(The)91-Storey treehouse,,https://image.aladin.co.kr/product/9856/21/cover500/150983916d_1.jpg, by Andy Griffiths;illustrated by Terry Denton, Macmillan,2017
언어,(The)104-storey treehouse,,https://image.aladin.co.kr/product/12461/60/cover500/1509833773_1.jpg, by Andy Griffiths;illustrated by Terry Denton, Macmillan,2018
언어,(The)143-storey treehouse,,https://image.aladin.co.kr/product/27758/22/cover500/152901798x_2.jpg, by Andy Griffiths;Illustrated by Terry Denton, Macmillan,2022
언어,Harry Potter and the order of the phoenix,,https://image.aladin.co.kr/product/50/37/cover500/043935807d_1.jpg, by J. K. Rowling;illustrations by Mary GrandePre, Scholastic,2003
언어,Diary of a Wimpy Kid. 1,Diary of Wimpy Kid Mass Market PB 에디션이다. 남자아이들도 일기를 쓸까? 아니면 쓰지 않을까? Diary of a Wimpy Kid는 미국의 작가이자 만화가인 제프 키니가 쓴 실화 바탕의 픽션 소설이다.,https://image.aladin.co.kr/product/433/90/cover500/0810987589_3.jpg, by Jeff Kinney, Amulet Books,2007
언어,Diary of a Wimpy Kid. 3: The last straw,,https://image.aladin.co.kr/product/434/15/cover500/0810988216_1.jpg, by Jeff Kinney, Amulet Books,2009
언어,Diary of a wimpy kid. 7: The third wheel,,https://image.aladin.co.kr/product/2649/21/cover500/1419709194_1.jpg, by Jeff Kinney, Amulet Books,2012
언어,Diary of a Wimpy Kid. 11: Double Down,,https://image.aladin.co.kr/product/10964/51/cover500/1419726188_1.jpg, by Jeff Kinney, Amulet Books,2016
언어,일본어 상용한자 기초 마스터 1006,"어려운 한자를 기초부터 탄탄하게 마스터하고자 하는 일본어 학습자들을 대상으로 하는 교재이다. 일본 문부과학성이 새로 지정한 상용한자 가운데 초등학교 교육한자 1006자를 수록했다. 한자 1006자의 음과 뜻, 총획수, 정자, 음독, 훈독, JLPT 급수 등을 총망라했다.",https://image.aladin.co.kr/product/1495/68/cover500/8927710762_1.jpg, 한선희;이이호시 카즈야 공저, 다락원,2012
언어,일빵빵+입에 달고 사는 기초영어. 5: 문장 활용하기 편,"지금까지 배운 기초 문장을 가지고 실제 원어민과 직접 대화할 수 있는 활용 문장을 공부해 본다. 단순 문장과 의문사를 이용한 문장으로, 실제 원어민들이 물어볼 때 사용하는 질문 표현들을 중심으로 구성하였다.",https://image.aladin.co.kr/product/6321/93/cover500/k902433230_1.jpg, 서장혁 저, 토마토,2015
언어,우리 글 바로 쓰기. 1,"우리 말과 글을 살리기 위해 노력해온 저자의 <우리글 바로쓰기>. 우리 말과 글을 바로 쓰는 일은 무엇보다 밖에서 들어온 불순한 말을 먼저 글 속에서 가려내는 일부터 해야 한다. 저자는 잡스런 말을 세 가지로 나눌 수 있는데, 첫째는 중국글자말, 둘째는 일본말, 셋째는 서양말이라고 말한다. 흘러들어온 세가지 말의 깊은 뿌리와 뒤엉킴을 잘 살피고, 우리 말을 바로 쓰기 위한 길잡이.",https://image.aladin.co.kr/product/596/27/cover500/8935661473_2.jpg, 이오덕 지음, 한길사,2010
언어,우리 글 바로 쓰기. 2,"우리 말과 글을 살리기 위해 노력해온 저자의 <우리글 바로쓰기 2>. 제1부와 제2부는 여러 잡지에 실었던 글들과 우리 말 살리기 운동에 관한 글, 방송말과 웅변말에 대한 생각을 쓴 글이다. 제3부는 일본말 찌꺼기 문제를 살핀 글, 우리 말을 살려야 한다는 저자의 주장을 비판한 어느 젊은이 의견의 반박글, 대학신문과 교지의 문장을 살핀 글을 모았다. 제4부는 우리 소설 문장이 우리 말로 되어 있는가를 살폈다.",https://image.aladin.co.kr/product/596/28/cover500/8935661481_2.jpg, 이오덕 지음, 한길사,2011
언어,우리 글 바로 쓰기. 4,"우리 말과 글을 살리기 위해 노력해온 저자의 <우리글 바로쓰기 4>. 저자는 오늘날 우리 배달말이 영원히 돌이킬 수 없는 지경으로 짓밟혔다고 말한다. 약 80년 전 일본제국이 이 땅을 침략할 때부터 온 나라의 땅과 마을 이름이 한자말로 고쳐졌고, 오늘날에는 부모들이 아이들에게 우리 말을 제대로 가르치지 않는다. 4권에서는 은 '겨레말 수난시대'에 우리 말과 글을 살려써야 하는 이유와 한자말, 일본말, 영어 사용에 대한 비판을 담았다. 우리 말을 쓰려는 사람들의 글과 신문 글의 문제점도 세세하게 소개한다.",https://image.aladin.co.kr/product/596/30/cover500/8935661430_2.jpg, 이오덕 지음, 한길사,2009
언어,우리 글 바로 쓰기. 5,"우리 말과 글을 살리기 위해 노력해온 저자의 <우리글 바로쓰기 5>. 저자는 정신이 곧 말이고, 말이 정신이라고 말하면서 겨레말 살려쓰기의 중요성을 강조한다. 5권에서는 어린이를 위한 살아 있는 글쓰기를 다루고, 지금 글쓰기 교육이 무엇이 문제인지 논한다. 어른들의 글쓰기에 대해서도 자세히 다루며 글쓰기 원칙과 시 쓰기, 인터뷰 글쓰기 등의 방법을 알려준다.",https://image.aladin.co.kr/product/596/31/cover500/8935661449_2.jpg, 이오덕 지음, 한길사,2009
언어,천자문뎐,"우리가 '하늘 천, 따 지~'로 떠올리는 천자문에 관한 일반적인 상식은 1,500년 전에 쓰인 천자문 본래의 의미와 많이 다르다. 저자는 천자문 속 125개의 문장을 통해 고대 중국의 문명을 소개하면서 천자문이 갖고 있는 본래의 의미를 밝히고 있다. 그리고 천자문 공부에서 중요한 것은 암기가 아니라 한자문화의 역사와 철학을 이해하는 것이라고 말한다.",https://image.aladin.co.kr/product/61/85/cover500/899549803x_1.jpg, 한정주 지음, 포럼,2006
언어,서유기 사자성어,"손오공과 삼장 법사 일행의 모험을 다룬 도 읽고 사자 성어도 배우는 한자 학습서다. 현실과 환상의 조화로 어린이들의 호기심과 흥미를 자극하는 를 통해 사람이 살아가는 데 필요한 도리, 어려움을 극복하는 지혜와 용기, 사자 성어와 한자를 함께 배울 수 있도록 구성했다.",https://image.aladin.co.kr/product/65/1/cover500/8977955173_1.jpg, 박민호 글;이우정 그림, 대일출판사,2006
언어,영국에 영어는 없었다,왜 영국 왕들은 300년 이상 프랑스어를 모국어로 사용했을까? 왜 영국의 법원에서는 17세기 중반까지 프랑스어가 통용되었을까? 이 책은 중세 영국과 프랑스를 배경으로 일어났던 역사적 사건들을 언어 전쟁의 관점에서 풀어쓴 인문학 책이다.,https://image.aladin.co.kr/product/7916/29/cover500/k882434935_1.jpg, 김동섭 지음, 책미래,2016
언어,긍정 확언 영어 필기체 쓰기,당신의 삶을 위로하고 응원하는 영어 문장으로 필기체 쓰기 실력까지 키워 보자. <긍정 확언 영어 필기체 쓰기>는 리아 퍼포먼스 코치의 <하루 한 장 영어 일력 365>에서 엄선한 문장들이 수록되어 있다. 12개의 주제로 구성된 다양한 긍정 메시지를 써 내려 가다 보면 어느새 지친 마음이 치유된 것을 느낄 수 있을 것이다.,https://image.aladin.co.kr/product/32964/28/cover500/k622936251_1.jpg, 퍼포먼스 코치 리아 지음, 넥서스,2023
언어,성공하는 리더들의 영어 필사 100일의 기적,"세상에 필사 도서는 많다. 대부분 지치고 힘든 마음을 위로하고, 인생을 긍정적으로 바라볼 수 있게 해 주는 내용들이죠. <성공하는 리더들의 영어 필사 100일의 기적>은 위로와 힐링을 넘어 더 강력한 긍정의 메시지를 전달한다.",https://image.aladin.co.kr/product/32890/11/cover500/k192936424_1.jpg, 퍼포먼스 코치 제이;퍼포먼스 코치 리아 [공]지음, 넥서스,2023
언어,(해커스) 일본어 상용한자 2136,"한 개의 일본어 한자가 가진 여러 발음을 [단어 → 예문 → 연습문제]로 확실히 학습할 수 있다. 난이도별로 구분한 한자를 같은 주제, 비슷한 모양의 한자끼리 묶어 외울 수 있어 효과적인 한자 학습이 가능하다. JLPT/JPT 출제 경향이 반영된 단어와 예문, 문제로 각종 일본어 시험까지 대비 가능하다.",https://image.aladin.co.kr/product/32893/14/cover500/8965426510_2.jpg, 해커스 일본어연구소 지음, 해커스 어학연구소,2023
언어,(착! 붙는)일본어 독학 첫걸음,"시사일본어학원의 회화 전문 강사들이 집필과 감수했다. N5~4레벨에서 익혀야 할 대부분의 문법과 문형을 적용하였고, 실생활에서 많이 쓰는 표현 위주로 예문을 제시하였다. 한국인, 일본인 강사의 인강으로, 문법 설명과 원어민 발음을 동시에 충족시켜 준다.",https://image.aladin.co.kr/product/33605/56/cover500/8940293983_1.jpg, 일본어 공부기술연구소 지음, 시사일본어사,2024
언어,시원스쿨 기초영어법,18년 간 사랑받아 온 시원스쿨의 베스트셀러 도서 <기초영어법>이 <7 Weeks Challenge 기초영어법>으로 전면 개정되어 돌아왔다. 새로운 영어 공부의 길을 열었던 ‘단어연결법’의 최신 버전 반영되어 18년 노하우를 담아낸 시원스쿨 영어의 완결판이다.,https://image.aladin.co.kr/product/32927/39/cover500/k232936840_2.jpg," 이시원,시원스쿨어학연구소", 에스제이더블유인터내셔널,2023
언어,(동아)프라임 영한·한영사전,영한사전은 최신 신어를 포함해 10만여의 정선 어휘를 압축한 고밀도 사전이다. '초.중등학교 교육 과정'을 중심으로 기본 어휘를 단계별로 분류하였다. 한영사전에는 중사전에 버금가는 7만여 어휘를 선별 수록하였다.,https://image.aladin.co.kr/product/29759/63/cover500/8900469045_1.jpg, 동아출판 엮음, 동아,2022
언어,일본어 단어 무작정 따라하기,누적 85만 부에 빛나는 ‘일본어 무작정 따라하기 시리즈’에서 또 하나의 독보적인 신간이 출간되었다. 이번에는 단어를 하나하나 제대로 익힐 수 있도록 꼼꼼하게 정리한 단어책 《일본어 단어 무작정 따라하기》다.,https://image.aladin.co.kr/product/33977/57/cover500/k142930540_1.jpg, 후지이 아사리 지음, 길벗이지톡,2024
언어,(시바시바) 공부하는 일본어,"しばしば(시바시바)는 ‘자주’, ‘종종’을 뜻하는 일본어이다. 『시바시바 공부하는 일본어』를 자주자주 열어보고, 예문을 종종 따라 말해보며, ‘쏯쏯쏯’ 웃다 보면 금세 일본어와 친해질 수 있다.",https://image.aladin.co.kr/product/33724/96/cover500/8962819163_1.jpg, 쿠리코;김경식 [공] 지음, 파고다,2024
언어,맞춤법에 진심인 편,제대로 알고 싶지만 어렵게만 느껴지는 맞춤법을 누구나 공감하는 일상 속 상황들로 재미있고 명쾌하게 정리해 주는 책이다. 35만 구독자를 보유한 유튜버이자 대치동 국어 강사로 활동했던 저자는 자신만의 기발한 맞춤법 공식을 이 책에 담았다.,https://image.aladin.co.kr/product/33819/54/cover500/k592930791_1.jpg, 차민진 글 ;이혜원 그림, 풀빛,2024
언어,워드마스터: 고등 Basic,총 30일의 학습 스케줄로 3가지의 학습법을 난이도에 따라 단계적으로 학습할 수 있도록 구성한 교재다. 1회독 학습으로 충분하다고 느끼지 못하는 학생들을 위한 추천 학습법과 2회분의 REVIEW TEST를 수록하였다.,https://image.aladin.co.kr/product/31598/74/cover500/k602833965_2.jpg, 전광훈;육상태 [공] 지음, 이투스북,2023
언어,워드마스터: 하이퍼 2000,Word Master 하이퍼 2000에 나온 표제어는 수능에 나올 수 있는 모든 어휘를 데이터 베이스화하여 그 중에서 빈출도 및 중요도를 고려하여 선정한 단어들이다. 표제어와 + 단어의 단어-뜻을 수록하고 중요도/빈출도순으로 암기 가능한 INDEX를 수록한 미니북을 제공한다.,https://image.aladin.co.kr/product/28242/34/cover500/k802835570_2.jpg, 유원석 지음, 이투스북,2021
언어,워드마스터: 수능 2000,"수능 빈출 및 중요도 순 핵심 단어 2,000개를 하루 40개씩 50일에 완성. 표제어별 유의어/반의어/파생어/Tip 등 다양한 어휘 자료를 수록하였고, 암기한 어휘 복습과 셀프 테스트가 가능한 워크북, 휴대하여 어휘를 암기할 수 있는 미니북을 수록하였다.",https://image.aladin.co.kr/product/30373/58/cover500/k822839856_2.jpg, 김태희 지음, 이투스북,2022
언어,워드마스터: 고등 어원,"단순히 암기하는 방식이 아닌, 어원과 관련된 이미지와 도식화 설명과 함께 어원을 직관적으로 학습하고 추론할 수 있도록 구성하였다. 고1,2 주요 교과서 9종과 최근 5개년 모의고사 및 수능 기출 단어 중 빈출 어휘를 뽑아 빈출 어원순으로 수록하였다.",https://image.aladin.co.kr/product/32490/5/cover500/k002935504_2.jpg," 전광훈;김경환,;조금희 [공] 지음", 이투스북,2023
언어,고품격 한국어:사자성어.상용속담,"한국어문회가 8급에서 2급까지 선별하여 정한 424개 사자성어에 대하여 왜? 어떤 뜻이 되는지? 그 이유를 이해하기 쉽도록 속뜻을 일일이 풀이해 주고 있다. 한자어 속뜻 풀이가 이 책의 가장 큰 특징이다. 한자 기초 지식이 없어도 알기 쉽도록 설명하고 있고, 영어도 병기되어 있다. 그래서 영어와 한자 공부를 한꺼번에 할 수 있다.",https://shopping-phinf.pstatic.net/main_4624454/46244547627.20240309092208.jpg, 전광진 편저, 속뜻사전교육출판사,2024
언어,너를 국어1등급으로 만들어주마.노베이스 독서편,"‘노베이스편’은 5등급 이하, 또는 아직 고1 이하의 학생들도 쉽게 수능 국어의 실력을 쌓아나갈 수 있도록 해설을 개발한 책이다. 아직 기본기가 부족한 학생들을 위해 모든 문장을 중학생도 이해할 수 있는 수준으로 바꾸어 다듬은 것은 물론, 어려운 단어들을 모두 쉬운 단어로 바꾸었다.",https://shopping-phinf.pstatic.net/main_4500449/45004497619.20240103153813.jpg, 김범, 메리포핀스북스,2024
언어,문해력 꽉 잡는 한자 어휘 365,"EBS 중학 국어 대표 강사이자 25년 차 현직 교사인 강용철 저자가 문해력의 중요성을 역설하며 《문해력 꽉 잡는 한자 어휘 365》를 펴냈다. 강용철 저자는 이 책을 초등 및 중등 학생들이 ‘꼭 알아야 할 어휘를 정확하게 알고 있는가’에 중점을 두고 집필했다며, 이 책을 통해 ‘어휘의 뜻뿐만 아니라 어떤 상황에서 어떻게 사용되는지 파악해 어휘에 생명력까지 불어넣을 수 있다’고 말했다.",https://shopping-phinf.pstatic.net/main_4980030/49800307643.20240816071217.jpg, 강용철, 비타북스,2024
언어,(청소년을 위한)친절한 사자성어,"친절한 해설과 주제별로 유용하게 활용할 수 있는 예시들을 담아 청소년들이 이해하기 쉽고, 재미있게 배울 수 있는 사자성어 책이다. 옛 어른들의 지혜가 담긴 사자성어는 청소년들의 어휘력과 문해력을 탄탄하게 잡을 수 있는 도구가 되어줄 것이다.",https://shopping-phinf.pstatic.net/main_4986115/49861153627.20240822070955.jpg, 이상실 지음, 문예춘추사,2024
언어,(거의 모든 상황별)적절한 영어 표현들,상황 따라 가볍게도 거하게도 표현하고픈 한국인의 마음을 담은 영어책이다. 한국인들이 원래 전하고 싶던 것을 영어로 마음껏 표현할 수 있도록 세세한 상황을 짚고 그에 해당하는 적절한 표현을 제시한다.,https://shopping-phinf.pstatic.net/main_4979972/49799726624.20240816071209.jpg, June Sweeney 지음, 사람in,2024
언어,김재우의 구동사 100,국내파이지만 원어민도 놀라는 실력자인 김재우 선생님이 20년 영어 교육 노하우를 바탕으로 혼신의 힘을 다해 만든 책이다. 특히 ‘원어민은 입에 달고 살지만 한국인의 입에서는 나오지 않는’ 구동사를 일목요연하게 정리하면서도 총망라했다.,https://shopping-phinf.pstatic.net/main_4985510/49855100634.20240820090612.jpg, 김재우 지음, 상상스퀘어,2024
언어,빨모쌤의 라이브 영어회화,구독자 150만 명의 ‘인생 영어 선생님’으로 꼽히는 ‘빨모쌤(빨간모자쌤)’의 첫 책 『빨모쌤의 라이브 영어회화』가 드디어 출간되었다. 바람직한 영어 공부 마인드부터 빨모쌤이 엄선한 핵심 영어 표현 75개를 한 권에 총망라했다.,https://image.aladin.co.kr/product/33799/49/cover500/8901281791_3.jpg, 빨간모자쌤 신용하 지음, 웅진지식하우스,2024
언어,악마의 영문법 100법칙,"영어를 쓰고 말하기 위해서 어떤 관점으로 영문법을 접하면 좋을 지에 따라 우선순위를 두어 설명했다. 이러한 문법 해설을 읽으면, 쓰고 말하는 실력은 물론이고 읽기 실력도 향상될 수 있다.",https://shopping-phinf.pstatic.net/main_4800102/48001027618.20240528091850.jpg, 도키요시 히데야 지음;김의정 옮김, 더북에듀,2024
언어,그림으로 요가하자 : 궁금해요가,"변화의 기록이자, 요가를 통해 발견한 깨달음들을 그림으로 담아낸 이야기이다. 멋진 아사나를 꿈꾸는 사람, 요가를 하다 지치고 흔들리는 사람, 그리고 요가를 더 깊이 알고 싶은 모든 이들에게 전하는 따뜻한 경험담이자 공감의 기록이다.",https://shopping-phinf.pstatic.net/main_5364856/53648562122.20250321092813.jpg, 오연진 지음, 옥시즌북스,2025
언어,하루 20분 한줌영어,"하루 20분, 쇼츠를 보며 부담 없이 실전 영어를 익힐 수 있는 책이 나왔다. 2천만 뷰를 기록한 인기 강의의 핵심을 담아, 짧은 영상만으로도 원어민이 실제로 사용하는 표현을 쉽게 익힐 수 있다.",https://shopping-phinf.pstatic.net/main_5364612/53646124887.20250320091840.jpg, 강하영 지음, 길벗이지톡,2025
언어,"자기결정성, 나로서 살아가는 힘","청년들은 왜 연애도, 결혼도 포기하고 죽기 살기로 자기계발에 몰두할까? 왜 그러면서도 나를 괴롭게 하는 인간관계를 놓지 못할까? 학생들 사이에서 “연세대 인생 강의”로 불리는 그의 명강의를 엮은 《자기결정성, 나로서 살아가는 힘》은 자기결정성 이론의 기반 위에서 ‘지금 여기의 행복’을 찾는 방법과 실천 전략을 소개한다.",https://shopping-phinf.pstatic.net/main_5337308/53373083602.20250306094327.jpg, 김은주 지음, 쌤앤파커스,2025
언어,해커스 토익,토익 기초 단어부터 고난도 어휘까지 모든 난이도의 단어를 수록했다. 토익 빈출?주제 30개에 맞춰?단어를 수록하여 주제별로 묶어서 쉽게 암기가 가능하다. 단어 MP3를 바로 들을 수 있는 QR코드를 각 Day 시작 페이지에 삽입하여 편리하게 학습이 가능하다.,https://image.aladin.co.kr/product/17602/13/cover500/s602636930_3.jpg, David Cho 지음, 해커스어학연구소,2019
언어,(음식으로 즐겁게 써 보는)후루룩 일본어,"아기자기하고 먹음직스러운 일본 음식 일러스트를 보며 히라가나, 가타카나 각 문자와 음식 어휘를 즐겁게 쓰고, 듣고, 말해볼 수 있다. 다양한 쓰기 액티비티를 수록하여 지루할 틈 없이 문자 쓰기 연습을 할 수 있으며, 한 장 한 장 문자를 채워가는 재미가 있다.",https://shopping-phinf.pstatic.net/main_5364612/53646124902.20250319130455.jpg, 후루룩외국어연구소 지음, 시대에듀(시대고시기획),2025
언어,고수의 어휘 사용법,‘글밥’ 코치 김선영 작가가 이번에는 고급 어휘력 PT를 마련했다. 어휘 능력을 업그레이드하는 서른 가지 훈련법을 담은 《고수의 어휘 사용법》을 읽고 나면 ‘대박’과 ‘헐’로 모든 감정을 표현하던 무미건조한 언어생활에서 벗어나 꼭 맞는 어휘로 감정과 생각을 정확하게 표현하는 소통의 고수가 될 것이다.,https://dls2.edunet.net/DLS/api/homepage/holding/getCoverImage.do?prov_code=E10&neis_code=E100000276&bib_key=34206538685, 김선영(글밥) 지음, 블랙피쉬(백도씨),2025
언어,"왜요, 그 말이 어때서요?","틀딱, 가사를 절다, 명품 몸매, 흑형, 다문화, 지잡대, 사내놈, 주인아줌마, 벙어리장갑… 자기도 모르게 무심히 내뱉고, 익숙하게 듣게 되는 일상 속 차별의 언어들을 들여다보고 그 의미와 속뜻을 알아 가는 흥미로운 언어 탐구서.",https://dls2.edunet.net/DLS/api/homepage/holding/getCoverImage.do?prov_code=E10&neis_code=E100000276&bib_key=34206793322, 김청연 지음;코피루왁 그림, 동녘,2024
언어,영어가 바로 터지는 기적의 말하기 영단어 1000,"실제 네이티브들이 가장 자주 쓰는 영단어1000개를 엄선해 수록하였으며, 하루에 50개씩 20일 동안 1000단어만 집중 마스터하면 입에서 영어가 자연스럽게 튀어나오게 된다.",https://shopping-phinf.pstatic.net/main_5448316/54483164316.20250429092341.jpg, 이시원 지음, 시원스쿨닷컴,2025
언어,멀티캠퍼스 X 시원스쿨 오픽 진짜학습지. [2]: IH,"OPIc 주관사의 최신 기출 트렌드와 만능 답변 전략으로 IH 획득에 필요한 만큼만 학습할 수 있다. IH레벨 획득에 최적화 된 학습 플랜부터 만능 답변 전략, 실전 모의고사까지 학습지 하나로 완벽 대비할 수 있다.",https://shopping-phinf.pstatic.net/main_3244571/32445718016.20230912084105.jpg, 멀티캠퍼스 외국어연구소 지음;시원스쿨어학연구소 공저, 에스제이더블유인터내셔널,2022
언어,10일 만에 끝내는 해커스 OPIc 오픽 START,,https://shopping-phinf.pstatic.net/main_4190546/41905464620.20230906071500.jpg, 해커스 오픽연구소 지음, 해커스,2023
언어,서아쌤의 토익 비밀과외,"토익 시험을 매회 응시하고 분석하는 서아쌤이 가장 자주 출제되는 출제 유형들을 엄선해 수록하였다. 각 기출 변형 예문마다 정답과 헷갈릴 수 있는 오답을 같이 제시하여 출제 포인트를 완벽히 이해하고, 실전에서 헷갈리지 않고 빠르게 정답을 고를 수 있도록 하였다.",https://shopping-phinf.pstatic.net/main_5148733/51487336628.20241122071415.jpg, 최서아 지음;시원스쿨어학연구소 공저, 시원스쿨LAB,2024
언어,한 권으로 끝내는 해커스 토익 700,"토익 기초부터 실전까지 한 권으로 끝낼 수 있도록 구성한 교재. 확실한 목표점수 달성을 위한 '기초다지기 & 영역별 기출 핵심 포인트'와 최신 신토익 유형을 완벽 반영한 풍부하고, 다양한 문제를 수록하였고, 상세한 강의식 해설을 담았다.",https://shopping-phinf.pstatic.net/main_3247397/32473970222.20230912083544.jpg, 해커스어학연구소 지음, 해커스어학연구소,2023
언어,쉽게 끝내는 해커스 일본어 문법,문법 도식을 활용한 포인트별 학습으로 복잡하고 어려운 문법도 쉽게 끝! 회화 연습&JLPT 대비까지 한 번에 할 수 있는 다양한 복습 문제! 일본어 초급자가 꼭 알아야 할 필수 기초 어휘까지 학습 가능!,https://shopping-phinf.pstatic.net/main_4747026/47470267627.20240504071403.jpg, 해커스 일본어연구소 지음, 해커스어학연구소,2024
언어,(10대를 위한)이럴 때 이런 사자성어. 1,"청소년들이 풍부한 어휘력과 상황에 맞는 표현력을 키울 수 있도록 기획된 책이다. 저자는 오랜 역사와 지혜를 담고 있는 사자성어에 주목하며, 단 네 글자 속에 담긴 깊은 뜻과 교훈을 오늘의 언어로 다시 풀어내고자 했다.",https://shopping-phinf.pstatic.net/main_5689139/56891398631.20250925073021.jpg, 김한수 지음, 하늘아래,2025
언어,(기초 문법부터 JLPT 필수 문법까지 한 권으로 끝내는)하루 10분 처음 일본어 문법,"일본어 문법을 처음 공부하는 학습자들도 쉽고 재미있게 기초 문법을 마스터할 수 있도록 도와주는 도서이다. 복잡하고 어려운 문법 내용을 알기 쉽게 도식화하여 학습자들의 이해를 도왔으며, 실제 회화에서 자주 쓰이는 예문을 활용하여 문법과 회화를 동시에 익힐 수 있다.",https://shopping-phinf.pstatic.net/main_5493960/54939600620.20250524090149.jpg, 시원스쿨어학연구소 지음, 시원스쿨닷컴(에스제이더블유인터내셔널),2025
언어,해커스 토익,토익 기초 단어부터 고난도 어휘까지 모든 난이도의 단어를 수록했다. 토익 빈출?주제 30개에 맞춰?단어를 수록하여 주제별로 묶어서 쉽게 암기가 가능하다. 단어 MP3를 바로 들을 수 있는 QR코드를 각 Day 시작 페이지에 삽입하여 편리하게 학습이 가능하다.,https://image.aladin.co.kr/product/17602/13/cover500/s602636930_3.jpg, David Cho 지음, 해커스어학연구소,2019
언어,(청소년이 꼭 알아야 할) 최소한의 한자 300,"모든 교과 영역에 등장하는 공통 한자를 추리고, 청소년이 반드시 알아야 할 최소한의 한자 300개를 선별하였다. 나아가 해당 한자에서 확장된 어휘가 어떻게 교과서와 대입 시험에 등장하는지 필수 어휘 1,200개를 예를 들어 설명하였다.",https://shopping-phinf.pstatic.net/main_5685816/56858164899.20250923093356.jpg, 권승호 지음, 감,2025
언어,하이빅쌤의 팡팡 터지는 한 단어 영어회화,"10년, 20년 미국에서 살고 있어도 영어 발음 때문에 고민하는 현지인들이 찾는 찐 발음 티처의 월클 발음 교정 클래스를 그대로 녹인 이 책은 누구나 아는 쉬운 한 단어로 이루어진 영어 패턴 84개로 꽉꽉 채워져 있다.",https://shopping-phinf.pstatic.net/main_5674263/56742632120.20250916092220.jpg, 하이빅쌤(빅토리아 신) 지음, 타인의취향,2025
언어,우리가 사랑한 단어들,"순우리말이 건네는 다정한 안부 같은 책 《우리가 사랑한 단어들》이 출간되었다. 21년 차 한국어 교육 전문가이자 28만 부 베스트셀러 작가 신효원이 삶 속에서 피어난 감각과 감정을 28개 주제어로 구분하고, 우리가 사랑해 왔고 앞으로 사랑하게 될 750여 개 단어들을 소개한다.",https://shopping-phinf.pstatic.net/main_5664161/56641617296.20260331113339.jpg, 신효원 지음, 생각지도,2025
언어,꼬리에 꼬리를 무는 고사성어 이야기,"우리나라 초·중·고등학교 교과서에 실린 고사성어 70개를 엄선해 청소년이 교과서를 더 깊이 이해할 수 있도록 알차게 풀어낸 인문 교양서다. 지루하지 않은 짧고 강렬한 고사, 표현력 증진을 돕는 예문, 현대적인 해석이 가득한 이 책이라면 교과서 속 문장을 스스로 읽어내는 힘인 ‘문해력’을 기를 수 있다.",https://shopping-phinf.pstatic.net/main_5810332/58103327631.20260331102724.jpg, 조성일 지음, 주니어태학,2025
언어,보통의 단어 도감,"책을 읽지 않아도 우리는 매일 수많은 말과 단어 속에 살고 있다. 『보통의 단어 도감』은 나로부터 시작하는 국어 공부이다. 이미 내가 가지고 있는 자주 쓰는 말, 좋아하는 단어를 떠올려본다. 자신의 고유한 경험과 기억, 가족 친구와의 대화, 좋아하는 노래 등 자신 안에 저장된 말을 꺼내 보는 것이 자신을 이해하는 방법이라고 설명한다.",https://shopping-phinf.pstatic.net/main_5745336/57453366900.20260331112021.jpg, 노정임 지음, 아자(아이들은자연이다),2025
언어,(시험장에서 바로 써먹는)한자어 문해력 80,"단순히 단어 뜻만 나열하는 지루한 어휘집의 틀을 깨고, 문장 사이의 연결고리를 선명하게 드러내는 80개 핵심 개념어를 엄선해 지문의 논리 구조를 스스로 장악하게 돕는 ‘실전 독해 전략서’다.",https://shopping-phinf.pstatic.net/main_5860239/58602399154.20260331123115.jpg, 김진형 지음, 메이트북스,2026
언어,한글에 대해 알아야 할 모든 것,"한글에 대해 알아야 할 모든 것을 담았다. 한글 창제 562년이 지난 지금까지 한글 창제를 둘러싼 논란이 계속되고 있는 이유는 무엇인지, 세종이 한글을 창제한 이후 한글의 보급을 위해 벌인 활동에는 어떠한 의미가 숨겨있는지, 일제 강점기 한글의 수난사는 우리의 문자 생활을 어떻게 바꾸었는지 등을 서술한다.",https://image.aladin.co.kr/product/262/12/cover500/8991221394_1.jpg," 최경봉 외, 지음", 책과함께,2009
언어,(The)Alchemist,,/img/no_book.805feab5.png, by HarperLuxe, HarperLuxe,2014
언어,Oxford Mini School Dictionary,,https://image.aladin.co.kr/product/29762/37/cover500/0192784110_2.jpg, Oxford Dictionaries, Oxford University Press,2023
언어,영어탈피. 4,,/img/no_book.805feab5.png, 우공이산외국어연구소 지음, 우공이산,2017
언어,토익 900점에 꼭 필요한 필수 영단어·표현 9000,토익 시험에 꼭 나오는 필수 영단어·표현을 시험에 나오는 뜻 그대로 파트별로 정리했다. 대표 단어·파생단어·숙어 구분 없이 외워야 할 모든 표현을 표제어화했다. 총 9000개의 단어를 하루 200개 총 45일 완성할 수 있도록 구성했고 파트별 MP3파일을 QR코드로 제공한다.,https://image.aladin.co.kr/product/19313/20/cover500/k532635305_2.jpg, 마더텅 편집부 지음, 마더텅,2019
언어,한자의 뿌리 2. 2,,/img/no_book.805feab5.png, 김언종, 문학동네,
언어,해커스 JLPT N2 한권합격,,https://shopping-phinf.pstatic.net/main_5613688/56136888821.20250807071351.jpg, 해커스 JLPT 연구소 지음, 해커스어학연구소,2025
언어,남다른 비즈니스 영어,일상 표현을 살짝만 바꾸면 품격 있는 비즈니스 표현이 된다. 어떤 표현으로 전환하면 되는지 확인해 보고 익혀 보자. 일상 표현의 쓰임과 비즈니스 표현의 쓰임을 비교하며 자세한 용례를 설명한다. 배운 표현이 실전에서는 어떻게 쓰이는지 보여주는 대화문 및 이메일 등이 수록되어 있다.,https://shopping-phinf.pstatic.net/main_5611962/56119621537.20250806103103.jpg, 한지혜 지음, 넥서스,2025
언어,시원스쿨 오픽 IM-AL,오픽 최신 Background Survey 변경 사항을 완벽히 반영한 기초부터 실전까지 한 권으로 끝내는 전략서다. 고득점 획득을 보장하는 돌발 문제와 롤플레잉 답변 전략을 제공한다. 오픽 왕초보를 위한 오픽 필수 문법 TOP 10을 수록했고 최신 기출 트렌드를 완벽 반영한 OPIc 실전 모의고사 2회분을 온라인으로 제공한다.,https://shopping-phinf.pstatic.net/main_3244103/32441035810.20221229072452.jpg, 송지원 지음;시원스쿨어학연구소 공저, 시원스쿨LAB,2019
언어,아니마칸지의 일본어 한자혁명. 2,"한자의 원리와 그 안에 담긴 스토리를 무시한 채 그저 암기를 강요하거나, 잘못된 고증으로 엉터리 해설을 제시하고 있는 국내 일본어 한자 학습서의 한계를 보완하고자 아니마칸지는 그동안의 연구 노하우를 바탕으로 한자의 어원을 직관적인 스토리로 풀어내어 이해를 돕는 학습법을 고안, 이는 국내 최초로 일본에서 특허 인증(일본 특허 번호: 제7356489호)를 받는 데 성공했다.",https://shopping-phinf.pstatic.net/main_5578775/55787759221.20250718071709.jpg, 아니마칸지(손양의) 지음, 시대에듀,2025
언어,떠먹는 국어문법,국어문법을 누구나 쉽게 이해할 수 있도록 서울대 국어교육과 선배 6명이 뭉쳐 펴낸 국어문법 교재의 열한 번째 개정판이다. 아무리 읽어봐도 도대체 무슨 소리를 하는 건지 막막하기만 한 이해불가침 영역의 국어문법 교과서를 최대한 쉽게 풀고 또 풀어 썼다.,https://shopping-phinf.pstatic.net/main_5200831/52008317618.20241224081628.jpg, 서울대 국어교육과 페다고지 프로젝트 지음, 쏠티북스,2025
언어,영어 먼저 문법부터 쓰레기통에 버려라,,/img/no_book.805feab5.png, 제임스 류 지음, 진짜영어사,2012
언어,노팅힐,,/img/no_book.805feab5.png, 성기완, 스크린 영어사,2007
언어,그램그램 영문법 원정대. 1: 막아라! 나운의 명사 공격,,/img/no_book.805feab5.png, 브릭스 지음;어필 구성·그림, 사회평론,2015
언어,그램그램 영문법 원정대. 7: 연결하라! 콘의 접속사 구슬,,/img/no_book.805feab5.png, 브릭스 지음;어필 구성·그림, 사회평론,2015
언어,그램그램 영문법 원정대. 13: 결합하라! 렐러나운의 관계대명사 문장,,/img/no_book.805feab5.png, 브릭스 지음;어필 구성·그림, 사회평론,2015
언어,그램그램 영문법 원정대. 15: 대답하라! 퍼펙트의 현재완료 퀴즈,,/img/no_book.805feab5.png, 브릭스 지음;어필 구성·그림, 사회평론,2015
언어,그램그램 영문법 원정대. 18: 마법학교 3,,/img/no_book.805feab5.png, 브릭스 지음;나석환 구성;뮤토 그림, 사회평론,2015
언어,그램그램 영문법 원정대. 19: TIME의 공격에서 도시를 구하라!,,/img/no_book.805feab5.png, 브릭스 지음;김정욱 구성;김덕영 그림, 사회평론,2015
언어,그램그램 영문법 원정대. 20: 놀이공원에서 DATE 함정의 비밀을 밝혀라!,,/img/no_book.805feab5.png, 브릭스 지음;김정욱 구성;김덕영 그림, 사회평론,2015
언어,에듀윌 토익 단기완성 700+ LC&RC,"최신 출제 경향을 완벽하게 분석하여 목표 점수 700점 이상을 달성하는 데 꼭 필요한 핵심 내용만 골라 담았다. 앞에서 학습한 이론과 전략을 CHECK-UP으로 가볍게 점검하고 PRACTICE에서는 최신 출제 경향을 반영한 토익 기출 변형 문제를 풀면서 실력을 다질 수 있다. 입문자들이 점수를 올리기가 상대적으로 수월한 PART 1, 2에서 가장 유용한 고득점 팁을 담았다.",https://image.aladin.co.kr/product/31674/48/cover500/k902833676_1.jpg, 에듀윌어학연구소 지음, 에듀윌,2023
언어,영어 관습 사전,"영어권 네이티브 스피커들의 관습 중 우리가 꼭 알아야 할 것만 골라 그 유래와 의미를 이야기로 엮어놓은 것이다. 영어 공부를 돕기 위해 관습과 관련된 중요 표현들과 그 표현들이 어떻게 쓰이는지를 잘 보여주는 예문들을 함께 실었고, 유래에 얽힌 재미있는 일화나 서양의 역사 이야기도 풍부하게 담고 있다.",https://image.aladin.co.kr/product/86/14/cover500/8952205812_1.jpg, 박영수 지음, 살림,2007
언어,국어 1등급을 정말 원한다면 국정원 독서편,,https://shopping-phinf.pstatic.net/main_4997379/49973798621.20240830071550.jpg, 범작가, 오르비북스,2024
언어,301句로 끝내는 중국어 회화. 상,,https://shopping-phinf.pstatic.net/main_5863749/58637494722.20260331123805.jpg," 베이징대학출판사,캉위화,라이스핑 지음;최용철 옮김", 다락원,2026
언어,독립운동 낱말퍼즐,,/img/no_book.805feab5.png, 짱아찌 지음, 엘베스트,2019
언어,그램그램 영문법 원정대. 2: 맞서라! 버브와의 동사 대결,,/img/no_book.805feab5.png, 브릭스 지음;어필 구성·그림, 사회평론,2015
언어,그램그램 영문법 원정대. 3: 물리쳐라! 애직의 형용사 마법,,/img/no_book.805feab5.png, 브릭스 지음;어필 구성·그림, 사회평론,2015
언어,그램그램 영문법 원정대. 5: 벗아나라! 프레포의 전치사 함정,,/img/no_book.805feab5.png, 브릭스 지음;어필 구성·그림, 사회평론,2015
언어,그램그램 영문법 원정대. 8: 해제하라! 투인피닛의 to부정사 마법,,/img/no_book.805feab5.png, 브릭스 지음;어필 구성·그림, 사회평론,2015
언어,그램그램 영문법 원정대. 10: 풀어라! 어글질의 조동사 비밀,,/img/no_book.805feab5.png, 브릭스 지음;어필 구성·그림, 사회평론,2015
언어,그램그램 영문법 원정대. 14: 추격하라! 시퀀스의 문장 레이싱,,/img/no_book.805feab5.png, 브릭스 지음;어필 구성·그림, 사회평론,2015
언어,그램그램 영문법 원정대. 17: 마법학교 2,,/img/no_book.805feab5.png, 브릭스 지음;나석환 구성;뮤토 그림, 사회평론,2015
언어,밥 먹듯이 매일매일 어휘력,효과적으로 어휘력을 향상시키는 '어휘력 학습 - 어휘력 체크 - 어휘력 완성' 3단계 학습 시스템이다. 본문에 수록된 표제어 전체의 뜻풀이를 단원 순서대로 배열하여 한눈에 보기 쉽게 구성한 밥어휘 미니 사전(책 속의 책)을 수록하고 있다.,https://image.aladin.co.kr/product/26411/44/cover500/8963919285_1.jpg, 이운영 지음, 꿈을담는틀,2021
언어,영어탈피. 1,,/img/no_book.805feab5.png, 우공이산외국어연구소 지음, 우공이산,2017
언어,영어탈피. 2,,/img/no_book.805feab5.png, 우공이산외국어연구소 지음, 우공이산,2017
언어,한자의 뿌리 1. 1,,/img/no_book.805feab5.png, 김언종, 문학동네,
언어,(역사가 새겨진)우리말 이야기,"단군 신화와 삼국시대, 고려·조선 왕조를 거쳐 현대의 영어 열풍에 이르기까지 우리말글은 당대의 역사를 반영하는 하나의 지표이다. , 등 우리말 관련서를 낸 네 명의 국어학자가 모여 스무 가지 주제로 우리말에 얽힌 역사 이야기, 역사에 새겨진 우리말 이야기를 풀어낸다.",https://image.aladin.co.kr/product/66/90/cover500/8991319661_1.jpg, 정주리 [외]지음, 고즈윈,2006
언어,퍼스널 영어 혁명,공통 커리큘럼에 나를 끼워 맞추는 시대는 끝났다. 이 책은 개인 중심·인지 기반 학습으로 영어 공부의 경로를 재설계한 책이다. 핵심은 간단하다. 그러나 본질적이다. 이를 위해서 책은 총 3단계의 전환 시스템을 제안한다.,https://shopping-phinf.pstatic.net/main_5706896/57068967943.20251004071447.jpg, 몽기룡 지음, 미다스북스,2025
언어,시사 영문 독해 플러스,"다양하고 풍부한 시사 관련 독해 지문 80개를 엄선했다. 인문, 사회, 과학, 문화 등 분야별 최신 시사 지문과 수능부터 토플까지 모든 시험에 대비할 수 있는 수준 높은 문제를 수록했다.",https://shopping-phinf.pstatic.net/main_4653997/46539975622.20240321095540.jpg, 홍준기 지음, 넥서스,2024
언어,(반드시 나오는 기본어휘를 빠르게 학습하는)어휘끝 고교기본,"중3~고1 기본 필수 어휘를 최신 기출 기반으로 담고 예문 빈칸 추론으로 어휘력을 기르며, 유닛별 30개 단어로 효율적으로 학습한다. 휴대용 암기장과 MP3 3종, QR코드로 제공되는 온라인 예·복습까지 지원해 실전 적용력을 완성한다.",https://shopping-phinf.pstatic.net/main_5782865/57828655792.20260331120109.jpg," 쎄듀 영어교육연구센터,김기훈 [공]지음", 쎄듀(CEDU),2026
언어,(The)Crown,,https://image.aladin.co.kr/product/10793/44/cover500/1524762288_2.jpg, Robert Lacey, Crown Archetype,2017
언어,(실전에 바로 쓰이는 수능 필수 어휘)어휘끝 수능,"<어휘끝 수능>은 최신 수능·모의·학평 기출과 2022 개정교육과정 어휘를 반영해 적중률을 높인 교재다. NGSL 기반 어휘까지 선별해 8개 PART로 체계화했고, 접사·어근 학습과 예문을 통해 실전 적용력을 강화한다. QR코드로 쎄듀런 P보카 온라인 학습과 누적 TEST까지 연계해 문맥 기반 어휘력을 완성한다.",https://shopping-phinf.pstatic.net/main_5782866/57828660235.20260331115653.jpg, 김기훈 지음, 쎄듀(CEDU),2026
언어,301句로 끝내는 중국어 회화. 하,"중국어 입문 베스트셀러 『제5판 301句로 끝내는 중국어 회화』는 초급 학습자를 위한 핵심 회화 301句를 체계적으로 익히게 한다. 최신 표현과 영상 자료, 반복 연습으로 실전 회화를 완성한다.",https://shopping-phinf.pstatic.net/main_5863749/58637494720.20260331111217.jpg," 베이징대학출판사,캉위화,라이스핑 지음;최용철 옮김", 다락원,2026
언어,그램그램 영문법 원정대. 4: 반격하라! 패스트와 퓨처의 시제 공격,,/img/no_book.805feab5.png, 브릭스 지음;어필 구성·그림, 사회평론,2015
언어,그램그램 영문법 원정대. 6: 맞춰라! 워드의 문장 버블,,/img/no_book.805feab5.png, 브릭스 지음;어필 구성·그림, 사회평론,2015
언어,그램그램 영문법 원정대. 9: 반사하라! 프러그레시브의 현재 진행형 마법,,/img/no_book.805feab5.png, 브릭스 지음;어필 구성·그림, 사회평론,2015
언어,그램그램 영문법 원정대. 11: 깨트려라! 워드킹의 If 가정법 세계,,/img/no_book.805feab5.png, 브릭스 지음;어필 구성·그림, 사회평론,2015
언어,그램그램 영문법 원정대. 12: 진압하라! 별자리들의 수동태 반란,,/img/no_book.805feab5.png, 브릭스 지음;어필 구성·그림, 사회평론,2015
언어,그램그램 영문법 원정대. 16: 마법학교 1,,/img/no_book.805feab5.png, 브릭스 지음;나석환 구성;뮤토 그림, 사회평론,2015
언어,(맛있는) 중국어 작문. 2,,/img/no_book.805feab5.png, 한민이 지음, jrc북스,2011
언어,영어탈피. 3,,/img/no_book.805feab5.png, 우공이산외국어연구소 지음, 우공이산,2017
언어,OPIc 초단기 완성 IL-IM,"오픽에 응시하는 사람은 누구나 단기간에 목표 등급에 도달하고 싶어 하지만, 실제로는 몇 번을 응시해도 등급을 올리기가 쉽지 않다. 파고다 어학원의 오픽 전문 강사인 벨라쌤은 수강생들이 단기간에 목표 등급을 달성할 수 있는 체계적이고 전략적인 학습법을 개발해 수업에 적용해 왔다. 이런 전략과 노하우를 <OPIc 초단기 완성>에 모두 담아, 가장 효과적이고 효율적인 오픽 솔루션을 제시한다.",https://shopping-phinf.pstatic.net/main_5248748/52487483951.20250116071156.jpg, 벨라 지음, 다락원,2025
언어,오픽 올인원 패키지 OPIc All in One Package,,https://shopping-phinf.pstatic.net/main_4173637/41736375626.20230815080637.jpg, 시원스쿨어학연구소 지음, 시원스쿨LAB,2023
