book_type,book_name,book_desc,book_img_link,author,publisher,published_y
철학,신경 끄기의 기술,"수많은 선택지와 기회비용 앞에서 인생의 목적을 잃어버린 채 가치관의 혼란을 겪는 현대인들에게 뜻밖의 깨달음을 전한다. 더 나은 삶으로 가기 위한 5가지 가치관을 제시하고, 수많은 선택지와 기회비용 앞에서 가치관의 혼란을 겪는 현대인들에게 뜻밖의 깨달음을 준다.",https://image.aladin.co.kr/product/12005/79/cover500/8901219948_1.jpg, 마크 맨슨 지음;한재호 옮김, 갤리온,2017
철학,(자기진화를 위한)몰입의 재발견,"<몰입(Flow)>에서 '플로우' 상태 즉, 물 흐르듯 자연스럽게 빠져드는 몰입 속에서 최고의 행복감을 맛볼 수 있음을 증명한 저자가, 이번에는 한층 더 업그레이드된 몰입의 힘을 보여준다. <몰입>이 개인의 플로우에 초점을 두었다면 <몰입의 재발견>은 보다 심화되고 확장된 플로우 개념에 대해 설명한다.",https://image.aladin.co.kr/product/435/23/cover500/8947527173_1.jpg, 미하이 칙센트미하이 지음;김우열 옮김, 한국경제신문,2009
철학,"걱정 말아요, 마흔","현재 상담심리전문가로 활동하고 있는 저자는 특히 게슈탈트 치료전문가로, 주요 상담의 접근에 게슈탈트 기법을 적용해 기본적으로는 주관적인 삶과 현상학적인 삶으로서 인간은 존중받아야 한다고 생각하며 삶의 질, 규범적 행동, 노화의 심리에 관심을 두고 있다.",https://image.aladin.co.kr/product/7498/92/cover500/8960605980_1.jpg, 김은미 지음, 원앤원북스,2015
철학,추의 역사,"전작 <미의 역사>에 이어 출간된 움베르토 에코의 책이다.<추의 역사>는 시각 문화와 예술 작품 속의 '추'의 개념이 어떻게 변화해 왔는지를 탐색한다. 악마, 마녀, 죽음, 괴물 등을 '추'의 한 현상으로 아우르고 일종의 문화, 역사 비평을 통해 '추'의 기호학을 구축한다.",https://image.aladin.co.kr/product/276/93/cover500/8932908397_1.jpg, 움베르토 에코 지음;오숙은 옮김, 열린책들,2008
철학,단단한 자존감을 갖고 싶은 10대에게,"청소년 자기계발 분야 베스트셀러인 <하고 싶은 것이 뭔지 모르는 10대에게> 김원배 작가의 책이다. 이번 책은 청소년기에 자아 정체감, 자기 효능감을 형성하고 자존감을 길러 삶을 주체적으로 사는 방법으로 소개한다.",https://image.aladin.co.kr/product/30461/12/cover500/k342830476_2.jpg, 김원배 지음, 애플북스,2022
철학,참 괜찮은 태도,"KBS ‘다큐멘터리 3일’, tvN ‘유 퀴즈 온 더 블럭’의 다큐멘터리 디렉터로 일해 온 저자가 길 위에서 만난 수많은 사람들에게 배운 삶의 의미와 단단한 인생의 태도들을 정리한 책이다.",https://image.aladin.co.kr/product/30154/81/cover500/k542839589_1.jpg, 박지현 지음;[오하이오 일러스트], 메이븐,2022
철학,클루지,"세계가 주목하는 지성, 뉴욕대학교 심리학과 교수 개리 마커스는 인간의 마음이 '클루지(kluge)', 곧 서툴게 짜 맞춰진 기구라고 주장한다. 생존 때문에 최선의 선택을 방해받는 진화의 법칙, 즉 진화의 관성 때문에 우리들의 마음과 세계는 불완전하다는 것. 기억, 신념, 선택, 결정, 언어, 행복 등 인간의 삶을 구성하는 중요한 정신 영역을 두루 살피며, '클루지'한 우리의 마음을 파헤친다.",https://image.aladin.co.kr/product/285/55/cover500/s132635239_1.jpg, 개리 마커스 지음;최호영 옮김, 갤리온(웅진씽크빅),2008
철학,데일리 필로소피,발간되는 책마다 독자들의 큰 사랑을 받은 라이언 홀리데이와 하버드대학교에서 철학으로 석사 학위를 받은 스티븐 핸슬먼이 하루를 바꿀 가장 쓸모 있는 철학의 세계로 우리를 초대한다.,https://image.aladin.co.kr/product/28542/18/cover500/k132835236_1.jpg, 라이언 홀리데이;스티븐 핸슬먼 [공]지음;장원철 옮김, 다산북스,2021
철학,기분이 태도가 되지 말자,"인생을 결정하는 건 바로 하루의 기분이다. 그날의 기분이 하루의 성과를 결정하고,하루의 성과들이 모여 미래를 만들고그 미래들이 곧 내 인생이 되기 때문이다. 감정을 조절하면 미래가 바뀐다.",https://image.aladin.co.kr/product/30571/67/cover500/k892830719_3.jpg, 김수현 지음, 하이스트,2022
철학,한밤중의 심리학 수업,‘생활 속 심리학 박사’라 불리는 저자는 자신의 특기를 살려 이 책을 심리학을 모르는 독자도 흥미롭게 읽을 수 있도록 쉽게 썼다. 살아가면서 부딪힐 인생 고민에 대한 답을 얻고 인간 심리에 대한 이해를 돕기 위해 드는 풍부한 사례는 무척 재미있으면서도 자신뿐만 아니라 타인의 마음에 대해서도 깊은 통찰을 얻을 수 있다.,https://image.aladin.co.kr/product/31155/40/cover500/k162831140_1.jpg, 황양밍 지음;이영주 옮김, 미디어숲(다빈치하우스),2023
철학,신경 끄기의 기술,"수많은 선택지와 기회비용 앞에서 인생의 목적을 잃어버린 채 가치관의 혼란을 겪는 현대인들에게 뜻밖의 깨달음을 전한다. 더 나은 삶으로 가기 위한 5가지 가치관을 제시하고, 수많은 선택지와 기회비용 앞에서 가치관의 혼란을 겪는 현대인들에게 뜻밖의 깨달음을 준다.",https://image.aladin.co.kr/product/12005/79/cover500/8901219948_1.jpg, 마크 맨슨 지음;한재호 옮김, 갤리온,2017
철학,부모-나 관계의 비밀,,https://image.aladin.co.kr/product/776/57/cover500/6000484287_1.jpg, 김태형;전양숙 공저, 세창미디어,2010
철학,참견하는 세상에 휘둘리지 않는 법,"이제는 감정이 아니라, ‘기준’으로 선택하라. 내 문제를 해결할 적임자는 바로 ‘나’다. 사소한 일인 줄 알면서도 자꾸 휘둘리는 내 마음에 선물하는 30편의 현실 직언.",https://shopping-phinf.pstatic.net/main_5898531/58985319453.20260331112426.jpg, 챠오쟈 지음;이에스더 옮김, 알토북스,2026
철학,반복의 쓸모,"『반복의 쓸모』를 쓴 억만장자 메신저는 스레드에서 꾸준함과 양질전환을 외친 선구자로 인식된다. 그는 ‘노력의 축적이 운으로 전환된 사례’를 보여주는 실천형 작가다. 방황의 길 위에서 헤매는 당신에게 말을 걸기 위해 쓰였다. 그러니 지금의 당신도, 결코 헛된 시간을 살고 있는 것이 아님을 이 책을 통해 확인할 수 있다.",https://shopping-phinf.pstatic.net/main_5858327/58583270596.20260331115439.jpg, 억만장자 메신저 지음, 동양북스,2026
철학,인생을 위한 최소한의 생각,시대를 초월해 검증된 거인들의 통찰을 빌려와 삶의 중심을 바로 세워줄 '최소한의 생각'을 제안한다. 화면을 내려놓고 스스로에게 근본적인 질문을 던지는 시간 속에서 우리는 멸종 위기에 처한 생각을 되살리고 삶의 중심을 되찾을 수 있다. 그리고 잃어버렸던 진정한 행복과 마주하게 될 것이다.,https://shopping-phinf.pstatic.net/main_5878506/58785063955.20260331104938.jpg," 신영준,고영성 [공]지음", 상상스퀘어,2026
철학,(알아두면 잘난 척하기 딱 좋은)라틴어 격언집,"'암흑의 시대(?)'로 일컬어지는 중세에 베스트셀러였던 에라스뮈스의 <아다지아(Adagia)>를 근간으로 한 책이다. 그리스·로마시대의 철학자, 시인, 극작가, 정치가, 종교인 등의 주옥같은 명언들에 해박한 해설을 덧붙였다.",https://image.aladin.co.kr/product/26905/11/cover500/k102730504_1.jpg," 데시데리위스 에라스뮈스 원작;로버트 블랜드 엮음;김대웅,임경민 [같이]옮김", 노마드,2021
철학,"소통, 생각이 달라도 가능할까?","다림인성학교 2권. 사람과 사람을 연결해 주는 힘, 소통에 대한 올바른 이해를 도움으로써 나와 상대방 모두의 생각을 존중하고 긍정적인 관계를 맺을 수 있게 해 소통의 즐거움을 깨닫게 도와준다.",https://image.aladin.co.kr/product/24992/61/cover500/8961772414_2.jpg, 박주연 글;지수 그림, 다림,2020
철학,"감정, 정말 다스리기 어려운 걸까?","뇌 과학과 심리 연구 결과 등을 근거로 들어 주면서 우리의 감정은 주변의 여러 요인들이 복합적으로 상호 작용 하면서 나타나기에 감정 변화는 자연스러운 현상이며, 감정 변화보다는 감정을 어떻게 해소해야 하는지가 더 중요하다는 점을 알려 준다.",https://image.aladin.co.kr/product/28104/9/cover500/8961772767_1.jpg, 김민화 글;안상정 그림, 다림,2021
철학,마지막 강의,"췌장암으로 시한부 인생을 선고 받은 교수, 랜디 포시의 마지막 강의를 담은 동영상은 전 세계에 큰 화제를 불러일으켰다. 책으로 출간된 이 강의는 아마존과 뉴욕타임스 베스트셀러 1위에 올랐다. <마지막 강의>는 ‘세상에서 가장 아름다운 작별인사’로 랜디 포시의 인생과, 그가 우리에게 부탁하는 소중한 가치들을 담고 있다.",https://image.aladin.co.kr/product/226/21/cover500/8952210476_2.jpg, 랜디 포시;제프리 재슬로 지음;심은우 옮김, 살림,2010
철학,마흔에 읽는 니체,"내일 죽을 것처럼 오늘을 사랑하라! 마흔의 삶에 자극제가 되는 니체의 25가지 조언을 담은 책이다. 사십 대 인생의 골격을 갖추는 법부터 진정한 자신의 운명을 뛰어넘는 법, 인생의 폭을 확장하는 법, 궁극적으로 최고의 삶을 사는 법까지 배울 수 있다.",https://image.aladin.co.kr/product/30006/52/cover500/k162838352_1.jpg, 장재형 지음, 유노북스,2022
철학,평균의 종말,"학교 제도 속의 ‘문제아’였던 토드 로즈는, 탄탄한 과학적 이론을 통해 그 같은 ‘평균’이라는 기준 자체가 잘못된 허상에서 비롯되었음을 지적한다. 그리고 학교를 지배하는 ‘평균주의’의 함정에서 벗어나 아이들 각자를 창조적 인재로 키울 수 있도록, 혁신적인 교육법과 평가법을 제안한다.",https://image.aladin.co.kr/product/27418/5/cover500/8950995875_1.jpg, 토드 로즈 지음;정미나 옮김, 21세기북스,2021
철학,하루 5분 아침 필사,"아침을 잘 활용해 내 삶을 변화시키고 싶지만, 아직까지 나에게 맞는 아침 사용법을 찾지 못한 사람들을 위한 책이다. 저자는 “아침에 눈을 뜨면 가장 먼저 몸과 마음에 긍정 에너지를 가득 불어넣어줄 명문장을 필사하라. 그리고 좋은 글에서 얻은 메시지와 에너지를 나의 삶에 이어갈 수 있도록 생각하고 기록하는 습관을 들여라.”라고 알려준다.",https://image.aladin.co.kr/product/28885/97/cover500/k152836502_1.jpg, 김정민 지음, 북로그컴퍼니,2022
철학,누구에게도 상처받을 필요는 없다,"지민석 작가의 자존감 에세이. 미움받기 두려워서 타인의 가벼운 말 한마디에 휘둘리고, 너무 바빠서 자신의 마음을 돌보지 못하는 독자들에게 ‘나를, 내 감정을 미루지 말자’라는 저자의 메시지는 선명한 울림으로 다가간다.",https://image.aladin.co.kr/product/29180/48/cover500/k772837980_2.jpg, 지민석 지음, Studio,2022
철학,사람을 얻는 지혜,"2012년 출간된 <너무나 인간적이지만 현실감각 없는 당신에게>의 개정판으로, 스페인의 대철학자이자 예수회 신부, 생활철학의 대가인 발타자르 그라시안의 대표작인 『인생을 사는 지혜의 기술』의 내용을 중심으로 번역한 것이다. 이기적이고 불완전한 사람들이 서로 어울려 살아갈 때 알아야 할 지혜들로 가득하다.",https://image.aladin.co.kr/product/7802/99/cover500/899865833x_3.jpg, 발타자르 그라시안 지음;임정재 옮김, 타커스,2016
철학,천 번의 죽음이 내게 알려준 것들,수없이 임종 선언을 했어도 여전히 누군가의 죽음에 담담해질 수 없다고 말하는 저자는 시한부 인생을 살았던 환자와 가족들을 만나고 떠나보내면서 살아온 인생을 돌아보게 됐다고 말한다. 그리고 그 과정에서 자신이 깨달은 삶과 죽음에 관한 모든 것을 한 권에 담았다.,https://image.aladin.co.kr/product/28410/67/cover500/k852835012_1.jpg, 김여환 지음, 포레스트북스,2021
철학,끌리는 얼굴은 무엇이 다른가,영국 세인트앤드루스대학교 심리학 교수 데이비드 페렛의 책. 이 책은 “왜 우리는 특정 얼굴에 유독 끌리는가?”라는 의문에 대해 흥미진진한 연구결과를 제시한다.,https://image.aladin.co.kr/product/4764/74/cover500/8901166356_1.jpg, 데이비드 페렛 지음;박여진 옮김, 엘도라도(웅진씽크빅),2014
철학,살아야 하는 이유,"화제의 책 <고민하는 힘> 속편, 강상중의 두 번째 고민. <고민하는 힘>의 후속작 <살아야 하는 이유>는 전작에 이어 강상중 교수의 깊은 고민이 빛을 발하는 책으로 우리 시대 삶의 조건과 삶의 의미에 대해 묻고 고민하는 책이다.",https://image.aladin.co.kr/product/2082/29/cover500/8958286490_1.jpg, 강상중 지음;송태욱 옮김, 사계절,2012
철학,위험한 심리학,"10년 넘게 가까운 사이지만 가끔 속을 모르겠는 친구, 알듯 말듯 나를 애태우는 그 사람의 심리는? MBC '무한도전' 정신감정 편에 출연하면서 '족집게'로 알려진 송형석 원장은 몇 가지 중요한 기준으로 사람을 파악할 수 있다고 말한다. 그가 제시하는 툴은 외모, 행동, 말투 등으로 간단하지만, 이를 어떻게 활용하느냐에 따라 사람에 대한 정보는 무수히 많아질 수 있다는 것.",https://image.aladin.co.kr/product/491/57/cover500/8935208043_1.jpg, 송형석, 청림출판,2009
철학,철학적 시 읽기의 즐거움,"우리 시 21편을 통해 들여다보는 현대 철학의 주요 개념. 이 책은 김수영, 김춘수, 황동규, 황지우, 기형도 등 현대 시인의 시를 통해 현대 철학의 주요 개념과 현대 철학자들이 고민했던 문제가 무엇이었는지 살핀다. 또한 들뢰즈, 푸코, 사르트르 같은 현대 철학자들의 사유가 우리 현대 시인들의 시와 어떻게 행복하게 만나는지 보여준다.",https://image.aladin.co.kr/product/641/75/cover500/8972976091_1.jpg, 강신주 지음, 동녘,2010
철학,포커스존,왜 시험기간이 되면 자꾸 다른 일이 하고 싶을까? 왜 마감일이 임박하면 다른 일거리가 더 눈에 들어오는 것일까? 왜 큰일을 앞두고 자꾸 다른 생각을 하게 될까? 이 책은 바로 이러한 질문에 대한 해답을 제시해준다. 동시에 우리 뇌에 잠자고 있는 집중력을 일깨우고 그 방법을 유지해주는 기술을 알려준다.,https://image.aladin.co.kr/product/432/38/cover500/8963050319_2.jpg, 루시 조 팰러디노 지음;조윤경 옮김, 멘토르,2009
철학,평균의 종말,"학교 제도 속의 ‘문제아’였던 토드 로즈는, 탄탄한 과학적 이론을 통해 그 같은 ‘평균’이라는 기준 자체가 잘못된 허상에서 비롯되었음을 지적한다. 그리고 학교를 지배하는 ‘평균주의’의 함정에서 벗어나 아이들 각자를 창조적 인재로 키울 수 있도록, 혁신적인 교육법과 평가법을 제안한다.",https://image.aladin.co.kr/product/27418/5/cover500/8950995875_1.jpg, 토드 로즈 지음;정미나 옮김, 21세기북스,2021
철학,50부터는 인생관을 바꿔야 산다,50부터는 인생의 목적과 가치관을 오직 나 중심으로 재정립해야 한다. 다른 사람과 비교하며 남들에게 인정받으려고 애쓰던 방식에서 벗어나 오직 자신을 위한 삶을 살아야 한다. 이 책은 50대를 살아가는 사람이나 앞으로 50대를 준비하려는 사람들에게 실질적인 지침을 알려준다.,https://image.aladin.co.kr/product/21099/58/cover500/k042636786_3.jpg, 사이토 다카시 지음;황혜숙 옮김, 센시오,2019
철학,사람은 어떻게 생각하고 배우고 기억하는가,"사람들의 머릿속에 존재하는, 집중력과 영향력, 기억력과 학습력의 12가지 메커니즘을 탐구한다. 이를 통해 결정적인 순간, 단숨에 사람을 사로잡는 강력한 설득력이 어떻게 탄생하는지에 대한 흥미진진한 통찰을 제시한다.",https://image.aladin.co.kr/product/23465/67/cover500/k202638302_3.jpg, 제레드 쿠니 호바스 지음;김나연 옮김, 토네이도,2020
철학,정서적 흙수저와 정서적 금수저,"대한민국의 건강한 가족과 사회 만들기에 앞장서 온 최성애 박사와 조벽 교수가 애착손상의 위험성을 알리고자 펴낸 책이다. 오늘 우리 사회가 놓치고 있는 애착 양육의 중요성과 이를 회복하기 위해 개인, 기업, 정부의 책임과 역할을 이야기한다.",https://image.aladin.co.kr/product/12867/27/cover500/8965746388_1.jpg," 최성애,조벽 [공]지음", 해냄,2018
철학,인생의 태도,"인생의 중반쯤 왔을 때 생각해보게 되는 것이 있다. ‘나는 지금 잘살고 있는 것일까?’ ‘계속 이대로 살아도 괜찮을까?’ 전 세계 3,500만 독자들이 존경하는 심리학자, 세계적인 베스트셀러 《행복한 이기주의자》 저자 웨인 다이어가 삶의 중간 경로에 선 이들에게 필요한 지혜의 신간으로 돌아왔다.",https://image.aladin.co.kr/product/24272/10/cover500/k742630674_1.jpg, 웨인 다이어 지음;이한이 옮김, 더퀘스트,2020
철학,그림으로 읽는 生生 심리학,"생활 속에서 써먹을 수 있는 실용심리학 측면으로 접근했다. 학습, 경제, 인간관계, 자기관리, 애정으로 전문 파트를 구성해, 한 번쯤 궁금해 했던 55가지 실용심리를 서술했다. 유명 심리실험 이야기도 읽을 수 있으며 함께 수록된 그림은 웃음을 준다.",https://image.aladin.co.kr/product/206/22/cover500/8991995381_3.jpg, 이소라 지음, 그리고책,2008
철학,논리와 비판적 사고,「논리와 비판적 사고」를 펴냈던 한신대 철학과 김광수 교수（５４） 가 최근 전면개정판을 냈다． 철학과 현실사 펴냄．...,https://image.aladin.co.kr/product/100/8/cover500/8977756456_1.jpg, 김광수 지음, 철학과현실사,2007
철학,어른으로 산다는 것,<서른 살이 심리학에게 묻다>의 저자 김혜남의 몸은 어른이지만 마음은 아이인 사람들을 위한 따뜻한 카운슬링. 그녀는 만일 어른으로 사는 게 두렵다면 마음속에 상처 입은 어린아이가 울고 있는 건 아닌지 살펴보아야 한다고 말한다. 그리고 그 아이가 마음껏 울 수 있게 해 주어야 한다고 말한다. 2006년에 발간한 책의 개정증보판.,https://image.aladin.co.kr/product/1149/97/cover500/8901121565_1.jpg, 김혜남 지음, 걷는나무,2011
철학,논어,공자의 는 이미 수많은 번역본이 존재한다. 그럼에도 계속 에 대한 번역이 출간되는 것은 그만큼 번역자에 따라 달리 해석되고 옮겨질 수 있는 여지가 많기 때문이다. 이번에 김원중 교수가 번역해 내놓은 는 지금까지 한국의 번역의 성과를 수용함과 동시에 기존의 역서들이 놓치고 있는 부분들을 고려하여 몇 가지 새로운 원칙을 세워 독자들에게 더 잘 읽히고 의미도 있는 역본을 만들고자 했다.,https://image.aladin.co.kr/product/1565/75/cover500/8993905894_1.jpg, 공자 지음;김원중 옮김, 글항아리,2012
철학,딸에게 들려 주는 작은 철학,"독일 청소년 저작상 수상작. 이 책은 독일 브라운수바이크 대학의 철학교수인 저자가 그의 딸을 위해 쓴 책이다. `낱말은 어디에서 왔을까`라는 가장 기본적인 질문에서부터 칸트의 네가지 질문 `우리는 무엇을 알 수 있는가`, `우리는 무엇을 해야 하는가`. `우리는 무엇을 희망해야 하는가`,마지막으로 `인간이란 무엇인가`가 ...",https://image.aladin.co.kr/product/19/3/cover500/8980380615_2.jpg, 롤란트 시몬 셰퍼 지음;안상원 옮김, 동문선,2002
철학,논리로 속이는 법 속지 않는 법,"미국 명문 사립학교 학생들의 비판력과 교섭력을 키워 준 논리 책. 세상의 정치가, 지식인, 법률가, 언론인, 세일즈맨, 컨설턴트, 종교인들이 국회의사당, 방송 토론, 강단, 법정, 칼럼, 술자리에서 매일 활용하는 거짓논리들을 담았다. 감정에 불붙이고, 허수아비 공격하고, 우물에 독 타고, 이중잣대 휘두르고, 거짓중용 내세우는 논리적 오류와 속임수 155가지를 살펴본다.",https://image.aladin.co.kr/product/452/74/cover500/8991136214_1.jpg, 로버트 J. 굴라 지음;이경석;김슬옹 옮김, 모멘토,2009
철학,(내 편이 아니라도)적을 만들지 마라,,https://image.aladin.co.kr/product/1510/77/cover500/8992441231_1.jpg, 스샤오옌 지음;양성희 옮김, 다연,2012
철학,부모와 다른 아이들. 1,『한낮의 우울』의 작가 앤드루 솔로몬이 기념비적인 새 책으로 돌아왔다. 집필에 10년이 걸린 이 책은 가족에 대한 이야기이다. 『부모와 다른 아이들』은 전미비평가협회상을 수상했으며 뉴욕 타임스 베스트셀러에 선정되었고 수많은 언론으로부터 ‘혁명적’인 책으로 찬사를 받았다.,https://image.aladin.co.kr/product/5020/13/cover500/893291687x_1.jpg, 앤드루 솔로몬 지음;고기탁 옮김, 열린책들,2015
철학,(위기청소년을 위한)집단상담 프로그램,,https://image.aladin.co.kr/product/8938/94/cover500/8999710475_1.jpg, 천성문 외 지음, 학지사,2019
철학,"아들아, 삶에 지치고 힘들 때 이 글을 읽어라","인생을 사는 데 도움 될 이야기를 아들에게, 나아가 대한민국의 모든 청춘에게 실전적으로 들려준다. 삶을 통해 배운 저자의 세상사 인생 법칙을 마음에 새긴다면, 그래서 굳이 가지 않아도 될 길을 알게 된다면, 그만큼 시행착오를 줄이고 좀 더 행복한 인생을 도모할 수 있을 것이다.",https://image.aladin.co.kr/product/18979/6/cover500/k532635682_1.jpg, 윤태진 지음, 다연,2019
철학,누구나 죽기 전에 꿈을 꾼다,"삶의 마지막 미스터리에 답하는 책이다. 인생의 마지막 비밀을 밝혀내며, 삶의 끝에서 스스로 치유하고, 의미를 찾고, 용서하고, 평화를 되찾는 인간의 놀라운 능력을 보여준다.",https://image.aladin.co.kr/product/25171/45/cover500/8925593394_1.jpg," 크리스토퍼 커,카린 마르도로시안 지음;이정미 옮김", RHK(알에이치코리아),2020
철학,행복에너지,“긍정도 훈련이다”라는 발상의 전환을 통해 삶을 행복으로 이끄는 노하우를 담고 있다. 긍정적으로 세상을 보는 사람들이 삶에 대처하는 방식 그리고 저자 ‘도서출판 행복에너지 권선복 대표이사’가 실생활에서 경험한 구체적인 사례들을 바탕으로 이루어져 있다.,https://image.aladin.co.kr/product/5000/9/cover500/119542390x_2.jpg, 권선복 지음, 행복한에너지,2015
철학,말투 하나 바꿨을 뿐인데,"40가지 심리 기술을 활용해 사람의 마음을 움직이는 ‘말투의 심리학’을 들려준다. 어떤 말투를 사용하면 상대방이 행동하고 어떤 말투를 쓰면 상대방이 행동하지 않는지, 그 노하우를 구체적으로 안내한다.",https://image.aladin.co.kr/product/25685/27/cover500/k812735343_1.jpg, 나이토 요시히토 지음;김한나 옮김, 유노북스,2017
철학,꿈꾸는 다락방. 2: 실천편,"세계적인 성공인들이 사용하고 최고의 효과를 이루었던 VD기법이란 과연 무엇인가? 저자는 방대한 자료를 바탕으로 '생생하게(vivid) 꿈을 꾸면 (dream)이루어진다(realization)'는 R=VD법칙을 정리하고, 보통 사람들이 실행할 수 있도록 그 방법을 안내한다.",https://image.aladin.co.kr/product/235/84/cover500/8974255286_3.jpg, 이지성 지음, 국일미디어,2011
철학,욱하는 성질 죽이기,분노 전문가이자 정신과 의사인 로널드 T.포터-에프론 박사의 책. 이 책은 극심한 분노를 경험한 사람이나 그들을 치료하는 정신건강 전문의들에게 없어서는 안 될 꼭 필요한 정보를 담고 있다.,https://image.aladin.co.kr/product/4756/26/cover500/8992441576_2.jpg, 로널드 T. 포터-에프론 지음;전승로 옮김, 다연,2015
철학,교과서를 만든 철학자들,"이 책은 논술 시험에 가장 많이 등장하는 철학자 25명의 삶과 함께 그들의 사상을 재미있게 이야기해준다. 철학자들의 삶과 역사적 배경을 통해 그들의 사상이 어떻게 나오게 되었으며, 그러한 사상이 현대에 어떻게 전해졌는지를 자연스럽게 이해할 수 있다.",https://image.aladin.co.kr/product/64/26/cover500/8986019906_2.jpg, 이수석 지음;최남진 그림, 글담,2007
철학,인생기출문제집. 2,2009년 출간된 <인생기출문제집>의 2편. '정답은 없는 책'이라는 특유의 콘셉트를 이어나간 이번 책에서는 사회적인 기준에서 성공한 명사들보다는 자기만의 길을 개척해나가는 개성 넘치는 인생선배 16명이 모였다. '대안적인 삶'을 테마로 하여 획일화된 성공신화에 지친 이십대에게 더욱 다양한 삶의 양태를 보여주며 응원과 격려의 메시지를 전한다.,https://image.aladin.co.kr/product/729/72/cover500/8956054649_1.jpg, 곽세라 외 지음, 북하우스,2010
철학,느리게 더 느리게,하버드대학교 탈 벤 샤하르 교수의 ‘행복학’을 바탕으로 하고 있다. 하버드생들의 마음을 사로잡은 탈 벤 샤하르의 행복학 강의는 학술적 영역을 넘어 학생들의 인생 전반에 긍정적인 영향을 미쳤다.,https://image.aladin.co.kr/product/3641/77/cover500/8992441479_1.jpg, 장샤오헝 지음;최인애 옮김, 다연,2014
철학,"10대, 나를 발견하는 30일. [2]","공부하랴, 자기 계발하랴 바쁜 청소년들에게 단기간에 자기 발견의 기회를 얻도록 구성된 활동책이다. 전 스탠퍼드 대학 교수이자, 세계 교육 시스템을 연구하는 ‘세계의 학교-교육의 주역’을 설립한 이자벨 세르방이 집필해 신뢰도를 더하고 있다.",https://image.aladin.co.kr/product/18414/9/cover500/k712534156_1.jpg, 이자벨 세르방 지음;이주영 옮김, 글담,2019
철학,인간 본성의 법칙,"세계적인 밀리언셀러 <권력의 법칙>의 저자 로버트 그린이 우리 안에 숨겨진 인간 본성에 관한 18가지 법칙을 통찰해낸다. 평범하고, 이상하고, 파괴적인 모습이 공존하는 매혹 될 수밖에 없는 존재, 인간의 진짜 모습을 파헤친다.",https://image.aladin.co.kr/product/19973/61/cover500/k742635941_1.jpg, 로버트 그린 지음;이지연 옮김, 위즈덤하우스,2019
철학,생각이 바뀌는 순간,"뇌의 부정적인 시그널을 긍정적인 시그널로 바꾸기 위해서는 어떻게 해야 할까? 이 책은 생각의 초점을 자신이 통제 불가능한 상황에서 통제 가능한 조건으로 옮기고, 행동을 정의하는 프레임을 바꾸는 작은 노력으로도 우리의 머릿속 긍정 스위치를 켤 수 있다고 말한다.",https://image.aladin.co.kr/product/21152/76/cover500/894754518x_1.jpg, 캐서린 A. 샌더슨 지음;최은아 옮김, 한국경제신문,2019
철학,어웨이크,"우리가 그동안 안전지대에서 벗어나지 못했던 이유를 밝히고, 이를 근거로 미지에 대한 두려움을 없애기 위한 열두 가지 심리 법칙을 제시하는 책이다.",https://image.aladin.co.kr/product/20651/34/cover500/k602636268_3.jpg, 피터 홀린스 지음;공민희 옮김, 포레스트북스,2019
철학,침묵이라는 무기,침묵을 통해 말에 무게를 싣는 법을 알려준다. 핵심은 “말 대신 침묵하라”가 아니라 “말의 양을 조절하여 침묵을 효과적인 설득의 수단으로 사용하자”는 것이다. 주변에 자신감 넘치고 믿음직하며 존경을 받는 인물을 떠올려보라. 그들은 말을 아낄 것이다. 그래서 그들의 말에는 무게가 있다.,https://image.aladin.co.kr/product/21152/78/cover500/8957360212_1.jpg, 코르넬리아 토프 지음;장혜경 옮김, 가나,2019
철학,감사하면 달라지는 것들,내 삶은 왜 항상 힘들기만 할까? 감사하는 마음이 그 해답이 될 수 있다. 《감사하면 달라지는 것들》은 저자가 1년 동안 감사일기를 쓰며 느꼈던 긍정적인 변화를 친근하고 흡입력 있게 전한다. 특히 오랫동안 저널리스트로 활동했던 저자의 장점을 살려 여러 유명인과의 에피소드를 소개하여 흥미를 더한다.,https://image.aladin.co.kr/product/22267/74/cover500/k922636928_1.jpg, 제니스 캐플런 지음;김은경 옮김, 위너스북,2016
철학,우울할 땐 마카롱보다 마음공부,"마음공부를 하면서 생각이 바뀌고, 가치관이 바뀌고, 인간관계가 바뀌고, 인생이 바뀌었다는 저자가 들려주는 마음공부 이야기다. 마음공부가 무엇이고, 마음공부를 통해 얻은 것은 무엇이고, 마음공부를 어떻게 해야 하는지 등을 아주 쉽게 설명했다.",https://image.aladin.co.kr/product/21409/91/cover500/8974256576_1.jpg, 김은정 지음, 국일미디어,2019
철학,교과서를 만든 철학자들,"이 책은 논술 시험에 가장 많이 등장하는 철학자 25명의 삶과 함께 그들의 사상을 재미있게 이야기해준다. 철학자들의 삶과 역사적 배경을 통해 그들의 사상이 어떻게 나오게 되었으며, 그러한 사상이 현대에 어떻게 전해졌는지를 자연스럽게 이해할 수 있다.",https://image.aladin.co.kr/product/64/26/cover500/8986019906_2.jpg, 이수석 지음;최남진 그림, 글담,2007
철학,주역,,https://image.aladin.co.kr/product/30837/80/cover500/scm6667695689216.jpg, 신원봉 옮김, 올재클래식스,2019
철학,"초딩, 철학을 말하다",선생님 저자되기 프로젝트 선정도서. 토론을 통해 어린이에게 꼭 필요한 철학적 질문들을 살펴본 어린이 철학 입문서이다. 쉽게 답을 내릴 수 없는 10가지 문제에 대해 토론하고 해결책을 모색한다. 거제도 일운초등학교를 배경으로 펼쳐지는 이야기 속에 아이들 한 명 한 명의 성격과 생각이 그대로 살아 있어 이야기는 더욱 생생하고 흥미진진하다.,https://image.aladin.co.kr/product/1547/31/cover500/8952217373_1.jpg, 김철홍;김세진, 살림어린이(살림출판사),2012
철학,동양철학 에세이,"550여년간 이어진 춘추 전국 시대의 중국 제자 백가의 주요 사상을 쉽게 이해할 수 있도록 소개한 동양철학 입문서. 공자, 맹자, 노자 등을 비롯 비교적 덜 알려진 묵자, 명가 등 10여개 사상의 핵심 주장을 친절한 강의체 형식으로 담았다.",https://image.aladin.co.kr/product/4/12/cover500/8972974943_1.jpg, 김교빈;이현구 지음;이부록 그림, 동녘,2010
철학,동양철학 에세이,"550여년간 이어진 춘추 전국 시대의 중국 제자 백가의 주요 사상을 쉽게 이해할 수 있도록 소개한 동양철학 입문서. 공자, 맹자, 노자 등을 비롯 비교적 덜 알려진 묵자, 명가 등 10여개 사상의 핵심 주장을 친절한 강의체 형식으로 담았다.",https://image.aladin.co.kr/product/4/12/cover500/8972974943_1.jpg, 김교빈;이현구 지음;이부록 그림, 동녘,2010
철학,철학이 필요한 시간,"“나는 왜 이러고 살지?”의 주인공들을 위한 인문 공감 에세이. 지금은 자기 위로와 자기 최면이 아닌 아파도 당당하게 상처를 마주할 수 있게 하는 인문학이 필요하다. 이 책은 니체, 스피노자, 원효, 데리다 등 철학자들의 인문 고전을 통해 고민과 불안에 갇혀 있는 이들에게 솔직하게 삶에 직면하고 상처를 치유할 수 있는 방법을 제시한다.",https://image.aladin.co.kr/product/872/83/cover500/8958285346_2.jpg, 강신주 지음, 사계절,2011
철학,느리게 성공하기,"핸드폰 판매원에서 가수가 된 폴 포츠, 24년 동안 일요일마다 그림을 그리다 공무원에서 화가가 된 앙리 루소, MLB 최고령 신인이었던 짐 모리스, 마흔의 나이에 등단한 소설가 박완서의 공통점은 무엇일까? 폴 포츠, 안도 다다오, 앙리 루소, 매들린 올브라이트, 비비안 웨스트우드 등 느림의 방식으로 꿈을 이룬 명사 20명의 성공 스토리가 담긴 책.",https://image.aladin.co.kr/product/1144/72/cover500/8962340461_1.jpg, 김희정 지음, 럭스미디어,2011
철학,어떻게 살 것인가,"전미 도서비평가협회상, 더프 쿠퍼상 수상작, 아마존닷컴 올해의 책, 베스트셀러, 세계 14개국 번역 출간 화제작. 어떻게 살 것인가? 오직 이 한 가지 물음에 대하여 20가지로 답한다. 몽테뉴의 삶과 그의 대표작인 를 통해, 독자들로 하여금 제목이 가리키듯이 어떻게 살아야 참되게 사는 것인가를 생각하도록 하는 책이다.",https://image.aladin.co.kr/product/1459/35/cover500/896260373x_1.jpg, 사라 베이크웰 지음;김유신 옮김, 책읽는수요일,2012
철학,(The)Last Lecture,저자 랜디 포시 교수가 사랑하는 아내와 세 아이를 남겨둔 채 2008년 7월 25일 세상을 떠났다. 마흔 여섯의 나이에 췌장암으로 시한부 선고를 받았지만 매일매일을 유쾌하고 열정적으로 살았던 그는 우리에게 삶이 얼마나 위대하고 소중한 것인지 깨닫게 해 주었다. 이 강의가 책으로 출간되어 출간 후 아마존과 뉴욕타임스 베스트셀러 1위.,https://image.aladin.co.kr/product/181/68/cover500/1401309658_1.jpg, by Randy Pausch, Hyperion Books,2008
철학,(The)Last Lecture,저자 랜디 포시 교수가 사랑하는 아내와 세 아이를 남겨둔 채 2008년 7월 25일 세상을 떠났다. 마흔 여섯의 나이에 췌장암으로 시한부 선고를 받았지만 매일매일을 유쾌하고 열정적으로 살았던 그는 우리에게 삶이 얼마나 위대하고 소중한 것인지 깨닫게 해 주었다. 이 강의가 책으로 출간되어 출간 후 아마존과 뉴욕타임스 베스트셀러 1위.,https://image.aladin.co.kr/product/181/68/cover500/1401309658_1.jpg, by Randy Pausch, Hyperion Books,2008
철학,순자,,https://image.aladin.co.kr/product/30331/29/cover500/scm3186915177572.jpg, 순자 지음;신동준 옮김, 올재클래식스,2019
철학,고민 레터,"2015년 출간된 <비밀의 정원> 개정판. 다음 세대를 책임질 크리스천 십대 청소년들의 남모를 비밀 고민 사연과 더불어, 김경덕 목사님과 주현철 목사님의 솔직담백 폭풍공감 상담 이야기로 꾸며져 있다.",https://image.aladin.co.kr/product/10680/35/cover500/k452530543_1.jpg," 김경덕,주현철 [공]글", 소원나무,2018
철학,"나의 꿈, 나의 길","문학.영화.연예.예술.스포츠.의료.교육.비즈니스.테크놀로지 등 다양한 분야에서 인정받은 꿈 멘토 30인의 진솔한 이야기 속 곳곳에 녹아 있는 삶의 철학과 가치를 통해 인생을 배우고, 미래를 향한 꿈에 날개를 달 수 있는 청소년을 위한 진로 도움 에세이다.",https://image.aladin.co.kr/product/10648/30/cover500/8961771388_1.jpg," 안도현,정호승,한비야 [공]지음", 다림,2017
철학,"나의 꿈, 나의 길","문학.영화.연예.예술.스포츠.의료.교육.비즈니스.테크놀로지 등 다양한 분야에서 인정받은 꿈 멘토 30인의 진솔한 이야기 속 곳곳에 녹아 있는 삶의 철학과 가치를 통해 인생을 배우고, 미래를 향한 꿈에 날개를 달 수 있는 청소년을 위한 진로 도움 에세이다.",https://image.aladin.co.kr/product/10648/30/cover500/8961771388_1.jpg," 안도현,정호승,한비야 [공]지음", 다림,2017
철학,(아이들의 마음에 다가가는)10대 마음보고서,"선생님들이 학교라는 공간에서 함께 생활해보지 않으면 절대 모르는 10대 아이들의 마음을 생생하게 담은 현장의 기록으로, 중·고등학교 선생님 6명이 공동 집필했다. 저자들은 “학교에서 보면 과장을 좀 보태면 쉬운 아이는 없고 힘든 아이만 있는 것 같다”라고 말한다.",https://image.aladin.co.kr/product/10562/38/cover500/8994011676_1.jpg, 따돌림사회연구모임 교실심리팀 지음, 마리북스,2017
철학,"대한민국 청소년, 20대를 리드하라","청소년들이 교실과 학교 담장을 넘어 지구촌 변화를 주도하는 혁명가가 되고, 앞장서서 더 나은 미래를 만들어 나가는 영웅으로 성장하도록 돕는 일종의 안내서이다. 청소년들이 지구촌 촌장으로 살아갈 수 있는 기반을 마련하기 위한 31개의 프로젝트를 제시하고 있다.",https://image.aladin.co.kr/product/11408/75/cover500/8997943502_1.jpg, 박기태;김보경 [공]지음, 스마트주니어,2017
철학,진짜 친구를 만드는 관계의 기술,"라임 틴틴 스쿨 10권. 우정의 시작에서 따돌림을 벗어나는 방법과 친구 관계를 정리하는 기술까지 한 권에 담았다. 실제 심리 상담 사례에서 뽑아낸 중요한 주제들은, 학교폭력을 포함해 청소년들의 풀기 힘든 친구 관계를 고스란히 담고 있다.",https://image.aladin.co.kr/product/12782/21/cover500/k802532882_1.jpg," 에일린 케네디-무어,크리스틴 맥러플린 지음;캐시 밍거스 그림;정아영 옮김", 라임,2017
철학,나는 생각이 너무 많아,"심리치료사이자 베스트셀러 <굿바이 심리 조종자>의 저자가 제안하는 모든 일에 의심 많고 의문 많고 예민한 사람들을 위한 심리 처방서. 저자는 20여 년간의 임상 경험을 바탕으로, '생각이 많아 고민인 사람들'에게 즐겁고도 명쾌한 해결책을 제시한다.",https://image.aladin.co.kr/product/4103/68/cover500/8960513911_1.jpg, 크리스텔 프티콜랭 지음;이세진 옮김, 부키,2014
철학,트라우마로부터 우리 아이 지키기,,https://image.aladin.co.kr/product/24578/89/cover500/8999721477_1.jpg," 피터 A 레빈,메기 클라인 지음;하영례 외 옮김", 학지사,2020
철학,사실은 사랑받고 싶었어,"나를 힘들게 하는 사람과의 대화는 물론 감사와 사과의 마음까지, 내 마음을 솔직히 표현하고 타인과의 관계를 개선할 수 있게 도와주는 대화 안내서.",https://image.aladin.co.kr/product/26549/11/cover500/k542738833_1.jpg, 박재연 지음;박성혜 그림, 한빛라이프,2021
철학,고운 마음 꽃이 되고 고운 말은 빛이 되고,"다음 세대를 생각하는 인문교양 시리즈 아우름 22권. 이해인 수녀가 제안하는 고운 말 차림표. 수도자로서 시인으로서 평소 언어생활, 언어문화에 관심을 가져온 저자가 특히 청소년들과 젊은이들을 위해 '잘 말하기 연습법'을 제안한다.",https://image.aladin.co.kr/product/11406/37/cover500/8946420642_1.jpg, 이해인 지음, 샘터,2017
철학,질서 너머,'세상을 탓하기 전에 방부터 정리하라' '어깨를 펴고 똑바로 서라' 등 명징한 조언을 담은 『12가지 인생의 법칙』으로 전 세계 500만 부 판매고를 올린 전 하버드대 심리학 교수 조던 피터슨이 3년 만에 신작 『질서 너머』로 돌아왔다.,https://image.aladin.co.kr/product/26665/73/cover500/8901249596_2.jpg, 조던 B. 피터슨 지음;김한영 옮김, 웅진지식하우스,2021
철학,회복탄력성,"15만부 기념 리커버판. 회복탄력성으로 어려움을 이겨낸 사람들의 사례를 소개하고, 수십 년 간 이어온 회복탄력성에 대한 연구결과를 제시해 설득력을 높인다. 그리고 모든 독자가 자신의 회복탄력성 지수를 진단하여 회복탄력성을 키울 수 있도록 이끌어준다.",https://image.aladin.co.kr/product/18754/45/cover500/k522635176_2.jpg, 김주환 지음, 위즈덤하우스,2019
철학,나는 왜 사는 게 힘들까?,"딱히 장애가 있는 것도 아닌데 사회생활을 하면서 너무 힘들다고 느끼는 사람들, 나이가 들수록 적응이 되는 게 아니라 오히려 더 힘들어지는 사람들의 속마음과 인간관계를 분석하고 대안을 제시한다.",https://image.aladin.co.kr/product/31642/51/cover500/k762833371_1.jpg, 오카다다카시 지음;김해용 옮김, 동양북스,2023
철학,끈기보다 끊기,"모두의 삶이 온통 위기인 세상, 경제 빙하기다. 더 이상 위를 향해 오르는 일이 어려운 전대미문의 경제 위기 앞에서 우리의 강퍅한 심리를 어루만지고 이내 튼튼하게 무장시켜주는 책이 《끈기보다 끊기》다.",https://image.aladin.co.kr/product/31688/74/cover500/8976045912_1.jpg, 유영만 지음, 문예춘추사,2023
철학,내일을 바꾸는 인생 공부,전문 지식과 지혜를 결합시키는 일련의 인식 과정인 ‘지식 융합’의 방법론은 독서에서도 응용될 수 있다는 것을 증명한다. 또한 저자는 인생의 정답을 고전에서 찾는 이들이 앞으로 인생에서 실천해야 할 7가지 성공의 법칙을 소개한다.,https://image.aladin.co.kr/product/31463/44/cover500/k042832421_1.jpg, 신진상 지음, 미디어숲,2023
철학,도파민네이션,"피로사회에서 도파민으로 버텨내는 현대인을 위한 인간, 뇌, 중독 그리고 회복에 대한 안내서. 인간이 중독에 빠지는 이유를 의지, 도덕성의 결핍이 아니라 쾌락과 고통을 지휘하는 신경물질, 도파민에서 찾고 있다.",https://image.aladin.co.kr/product/29125/5/cover500/8965965047_1.jpg, 애나 렘키 지음;김두완 옮김, 흐름,2022
철학,적정한 삶,"우울과 분노가 익숙한 시대, 앞으로 우리는 어떤 삶을 추구해야 하는가. 우리의 삶은 앞으로 어떤 방향으로 나아가게 될까? 인지심리학자인 저자는 이번 팬데믹 사태를 접하면서 수없이 받아온 질문에 대한 답을 이번 저서를 통해 말하고 있다.",https://image.aladin.co.kr/product/26803/61/cover500/899774352x_1.jpg, 김경일 [지음], 진성북스,2021
철학,논어 쿵푸스,"공자가 삶에서 배우고 실천한 공부 이야기를 담아낸 <논어 쿵푸스>는 공자가 들려주는 공부, 꿈, 삶의 이야기를 통해 “나는 왜 공부해야 하는가?”, “나는 왜 살아야 하는가?”에 대한 답을 스스로 찾을 수 있도록 이끌어준다.",https://image.aladin.co.kr/product/2832/85/cover500/1185099131_1.jpg, 유강하 지음, 단비,2013
철학,인생좌표,"‘인간관계’, ‘철학’, ‘생명의 불가사의’, ‘청춘’, ‘신념’, ‘낙관주의’, ‘우정’, ‘어머니 마음’, ‘행복의 초석’, ‘독서’, ‘예술과 문화’, ‘장수사회’, ‘일본과 세계’ 등 인생을 아우르는 13가지의 주제에 대한 고찰을 통해 험난한 세상 속에서 어떻게 해야 인생을 올바르게 살아갈 수 있는지에 대한 현대인들의 끊임없는 고뇌를 해결할 수 있는 방법을 알려준다.",https://image.aladin.co.kr/product/15219/32/cover500/8927809432_1.jpg, 이케다 다이사쿠 지음;중앙북스 편역, 중앙books,2018
철학,인생은 수리가 됩니다,"저자는 오랫동안 수많은 사람을 만나 그들의 고민과 고통을 나누고, 끝내 해결책을 찾아냈던 경험으로 개개인에게 딱 맞는 인생전략을 정리했다. 그들은 망가져 가는 삶을 고쳐냈고 갈등과 두려움을 털어냈다. 인생은 수리가 가능하다. 관리도, 재정비도 가능하다. 당신의 인생을 말끔하게 수리해 다시 시작하라.",https://image.aladin.co.kr/product/15834/30/cover500/8935212237_1.jpg, 필립 C. 맥그로 지음;차백만 옮김, 청림출판,2018
철학,"힘들지 않은 인생 없고, 즐겁지 않은 여행 없다","'라이프스타일 행복론'의 주창자 장준수가 전하는 '여행자적 라이프스타일' 이야기. 여행 콘텐츠 사업가이자 관광학과 교수인 장준수는 '여행자적 라이프스타일'을 현재의 행복과 미래의 성공을 이룰 수 있는 새로운 생활방식으로 소개한다. 또, 누구에게나 힘겨운 인생이지만, 여행자의 행복한 라이프스타일을 실생활에 적용하면 힘들지 않은 인생도 될 수 있다는 희망의 메시지를 전한다.",https://image.aladin.co.kr/product/1296/85/cover500/8996711403_1.jpg, 장준수 지음, 컬처테인먼트,2011
철학,꼴. 1: 얼굴을 보고 마음을 읽는다,"이 세상에 사람의 생김새만큼 다양하고 무궁무진한 이야기가 또 있을까? 진지한 사회 참여적 성격과 대중성을 두루 갖춘 굵직굵직한 작품들을 통해 만화에 대한 인식을 새롭게 해준 우리 시대 대표 작가 허영만 화백이 만화 인생 30여 년 동안 천착했던 사람의 얼굴, 사람의 이야기를 관상과 함께 풀어놓았다.",https://image.aladin.co.kr/product/222/88/cover500/8960861138_2.jpg, 허영만 글·그림, 위즈덤하우스,2011
철학,꼴. 2: 살은 돈이다,"이 세상에 사람의 생김새만큼 다양하고 무궁무진한 이야기가 또 있을까? 진지한 사회 참여적 성격과 대중성을 두루 갖춘 굵직굵직한 작품들을 통해 만화에 대한 인식을 새롭게 해준 우리 시대 대표 작가 허영만 화백이 만화 인생 30여 년 동안 천착했던 사람의 얼굴, 사람의 이야기를 관상과 함께 풀어놓았다.",https://image.aladin.co.kr/product/247/95/cover500/896086126x_1.jpg, 허영만 글·그림, 위즈덤하우스,2011
철학,꼴. 3: 귀 잘생긴 거지는 있어도 코 잘생긴 거지는 없다,"우리 시대 대표 작가 허영만 화백이 만화 인생 30여 년 동안 천착했던 사람의 얼굴, 사람의 이야기를 관상과 함께 풀어놓았다.",https://image.aladin.co.kr/product/298/47/cover500/8960861510_1.jpg, 허영만 글·그림, 위즈덤하우스,2011
철학,꼴. 8: 음탕한 여자는 있어도 음탕한 남자는 없다,,https://image.aladin.co.kr/product/672/74/cover500/8960862517_1.jpg, 허영만 글·그림, 위즈덤하우스,2011
철학,(스펜서 존슨)멘토,선정 최고의 베스트셀러 상 수상자이자 전 세계 42개 국어로 자신의 작품을 번역 출간하여 아마존닷컴에서만 4000만부라는 기록적인 판매부수를 올린 최고의 작가 스펜서 존슨. 이번에 출간된 책에서는 내가 원하는 행복을 달성하기 위한 실천적이고 구체적인 방법을 제시하고 있다.,https://image.aladin.co.kr/product/93/30/cover500/8991204368_2.jpg, 스펜서 존슨;콘스턴스 존슨 [공]지음;안진환 옮김, 비즈니스북스,2010
철학,젊은 베르테르의 기쁨,", 의 작가 알랭 드 보통의 철학 에세이. 철학사 속에서 일상적인 삶의 문제를 다룬 여섯 명의 철학자들의 입을 빌어 인생의 여러 문제들에 대한 답을 찾는다.",https://image.aladin.co.kr/product/56/45/cover500/8984984388_1.jpg, 알랭 드 보통 지음;정명진 옮김, 생각의나무,2010
철학,행복은 혼자 오지 않는다,"독일의 의사이자 코미디언인 에카르트 폰 히르슈하우젠이 쓴, 행복에 대한 상식을 깨는 책이다. 의술 없이도 사람들을 건강하게 만들 줄 아는 저자는 유쾌하고 에너지 넘치게 살아가는 법을 차근차근 일러준다. 행복을 좇는 것이 아니라 행복이 스스로 찾아오게끔 하라고 조언하며, 행복을 ‘공동의 행복’ ‘우연의 행복’ ‘순간의 행복’ ‘자기극복의 행복’ ‘충만한 행복’으로 분류해 우리가 스스로 행복해질 수 있는 다양하고 기발한 방법에 대해 말한다.",https://image.aladin.co.kr/product/761/2/cover500/8956603596_1.jpg, 에카르트 폰 히르슈하우젠 지음;박규호 옮김, 은행나무,2011
철학,고양이 철학자 루푸스,"풍자와 지적 유희, 사색이 재기 발랄하게 버무려진 인생 지침서. 우연히 독일 뒤셀도르프에 사는 슐리퍼 씨 집에 들어온 업둥이 고양이 루푸스. 평범하게만 보였던 이 고양이가 크리스마스이브가 되자 말을 하기 시작했다. 과연 루푸스에게 무슨 일이 일어난 걸까?",https://image.aladin.co.kr/product/2791/89/cover500/8952769406_2.jpg, 안드레아스 슐리퍼 지음;유영미 옮김, 시공사,2013
철학,논어로 대학을 풀다,"학술 저널리스트 이한우가 핵심을 꿰뚫은 『대학』 풀이의 결정판이다. 정확한 한문의 이해와 해석을 돕기 위해 이 책에서는 한자음 표기 방식을 한 단어처럼 해석해야 하는 경우는 붙여쓰기로, 그렇지 않은 경우는 음을 한 자씩 표기했다.",https://image.aladin.co.kr/product/3316/48/cover500/8965744148_1.jpg, 이한우 지음, 해냄,2013
철학,"심리학, 미루는 습관을 바꾸다",미국의 심리학 전문지 <사이콜로지 투데이>에 따르면 사람들은 다섯 명 중 한 명꼴로 스스로를 만성적인 미루기 환자라고 여긴다고 한다. 실제로 미루는 습관은 일상 속에 교묘하게 숨어 있어 정체를 파악하기가 쉽지 않다.,https://image.aladin.co.kr/product/3143/46/cover500/8993635412_2.jpg, 윌리엄 너스 지음;이상원 옮김, 갈매나무,2013
철학,아버지가 딸에게 들려준 이야기들,"평생 아버지로부터 보고, 듣고, 감동했던 이야기들을 모아 엮은 책. 2013년 현재 교육계에 몸담고 있는 저자는, 3년 전 아버지를 떠나 보낸 후로 그 어떤 교육이론보다 아버지의 이야기들이 더욱 값진 것이었음을 깨닫고 그것들을 정성껏 글로 옮겨 적기 시작했다.",https://image.aladin.co.kr/product/3102/68/cover500/8935703729_1.jpg, 박영신 지음;정유진 그림, 정신세계사,2013
철학,자기 절제 사회,"자제력이 개인의 성공과 생존의 핵심 요소가 된 현시대를 진단하고, 그 사회적 배경과 앞으로의 전망에 대한 날카로운 통찰을 제시한다. 저자는 자기 절제에 관한 거의 모든 지식을 이 한 권에 담으면서도 소설처럼 술술 읽히는 흥미로운 이야기 구조를 만들어 냈다.",https://image.aladin.co.kr/product/3057/42/cover500/8937488078_1.jpg, 대니얼 액스트 지음;구계원 옮김, 민음사,2013
철학,(청소년을 위한)비폭력 대화,"비폭력 대화가 무엇인지, 그것이 우리 삶에 어떤 변화를 가져오는지를 청소년 독자의 눈높이에 맞춰 쉽고 간결하게 서술한 책이다. 비폭력 대화를 우리 삶에서 어떻게 실현할 수 있을지 청소년 눈높이에 맞는 구체적 예를 통해 생생하게 안내한다.",https://image.aladin.co.kr/product/3375/38/cover500/8994103627_1.jpg, 김미경 지음, 우리학교,2013
철학,(십 대를 위한)감정의 인문학 카페,이야기를 통해 십 대들이 수시로 느끼고 혼란스러워하는 부정적인 감정들을 하나하나 살펴보며 그 감정에 담긴 진짜 마음의 소리를 들여다본다. 소설과도 같은 아름이의 이야기를 읽어 나가며 우리는 자신의 마음과 대화하는 것이 얼마나 중요한지 깨닫게 된다.,https://image.aladin.co.kr/product/29148/61/cover500/k862837270_1.jpg, 정수임 지음, 팜파스,2022
철학,책가방을 메고 오늘도 괜찮은 척,"십 대들의 좌절감과 복잡한 심정을 제대로 들여다보고, 스트레스를 받는 부분을 공감하며, 마음을 치유해주는 일러스트 에세이다. 청소년들에게 자기 탐색에 대해 강조해온 저자는 강의와 강연 현장에서 만난 십 대들에게 직접 들은 고민과 문제들을 모았다.",https://image.aladin.co.kr/product/9781/40/cover500/k442535644_1.jpg, 전진우 글·그림, 팜파스,2016
철학,습관의 힘,『넛지』 『아웃라이어』 이후 세계가 주목한 2012년 최고의 비즈니스북. 하버드 MBA 출신 뉴욕타임스 심층보도 전문 기자가 자신의 나쁜 습관을 고치기 위해 발로 뛰어 밝혀 낸 스마트한 습관 사용법이 담긴 책이다.,https://image.aladin.co.kr/product/2079/17/cover500/890115059x_1.jpg, 찰스 두히그 지음;강주헌 옮김, 갤리온,2013
철학,(완역)도덕경,"로 도올 김용옥의 '노자 강의'를 신랄하게 비판한 지은이가 을 새롭게 완역했다. 과 두 권으로 구성되어 있다. 을 번역하고 해설한 책일 뿐 아니라, 한문으로 쓰여진 고전을 읽고 번역하는 방법까지 아울러 알려 준다.",https://image.aladin.co.kr/product/45/44/cover500/8972326046_1.gif, 이경숙 지음, 명상,2005
철학,왓칭,25년차 베테랑 MBC 기자가 철저히 취재ㆍ체험한 신기한 우주의 원리 ― 관찰자 효과를 극명하게 보여주는 이중슬릿 실험(double-slit experiment)을 소개하는 책. 세계적인 물리학 전문지 [물리학 세계(Physics World)]는 이 실험을 “인류 과학 사상 가장 아름다웠던 실험”으로 선정하기도 했다. 이 원리를 이해하여 새로운 마음의 눈을 뜨는 사람은 자신의 인생을 마음대로 창조할 비밀 열쇠를 갖게 된다.,https://image.aladin.co.kr/product/1138/83/cover500/893570346x_1.jpg, 김상운 지음, 정신세계사,2011
철학,"이젠, 다르게 살아야 한다","이시형 박사의 산에서 배운 지혜. 이시형 박사가 솔직하고 편안한 마음으로 '살아보니 이렇더라~' 바삐, 열심히 살았던 지난날을 돌이켜보며 이제야 깨달은 인생의 진리와 국민 건강법을 풀어는다. 지금껏 볼 수 없었던 다른 모습의 이시형을 만날 수 있다.",https://image.aladin.co.kr/product/2282/1/cover500/8956244022_2.jpg, 이시형 지음, 이지북,2013
철학,동양고전의 바다에 빠져라,최진기 스타일의 동양고전 입문서. 공자에서부터 이이까지 모두 24개의 생각을 대중적인 언어로 쉽게 정리한 ‘동양고전의 지도책’이다. 이 책에는 동양고전의 문을 여는 데 기초가 되는 생각 · 역사 · 사회 · 철학들이 쌈박하게 정리되어 있다.,https://image.aladin.co.kr/product/2479/17/cover500/8996634263_2.jpg, 최진기 지음, 스마트북스,2013
철학,속도에서 깊이로,"뉴욕타임스, 아마존 베스트셀러. 미국의 저명한 칼럼니스트인 윌리엄 파워스의 저서이다. 그는 이번 책에서 ‘바쁘다. 바빠! 쉴 새 없이 바빠!’ 라고 말하며 습관적으로 휴대폰을 만지작거리고 디지털 네트워크에 중독되어 있는 현대인들에게 우리는 매우 중요한 것을 잃었다고 말한다. 바로 시간을 두고 천천히 느끼고 생각하는 방법이다.",https://image.aladin.co.kr/product/1123/33/cover500/8950929856_1.jpg, 윌리엄 파워스 지음;임현경 옮김, 21세기북스,2011
철학,당신의 말 한마디 새로운 나를 만나러 갑니다,"고대부터 내려오는 우리 삶 속에 도움을 줄 수 있는 명언들을 수록한 책이다. 특히 삶 속에서 인생을 살아가는 데 필요한 명언, 사람과 소통하며 사랑하는데 필요한 명언, 자신의 현재를 잘 활용하는데 도움을 줄 수 있는 명언 등으로 엮어져 있다.",https://image.aladin.co.kr/product/2241/24/cover500/8994136916_1.jpg, 꿈꾸는 사람들 편집부 편, 꿈꾸는사람들,2013
철학,철학 옴니버스,"철학, 심리학, 교육학, 사회학을 두루 공부한 독일의 철학 박사 폴커 슈피어링이 쓴 일반인을 위한 서양 철학 입문서다. 비전공자를 대상으로 한 철학 세미나 현장에서 진행한 강의를 바탕으로 유명한 사상가 55명의 핵심적인 사상을 이해하기 쉽게 구성했다.",https://image.aladin.co.kr/product/2576/26/cover500/8957077359_1.jpg, 폴커 슈피어링 지음;정대성 옮김, 자음과모음,2013
철학,아들러에게 인간관계를 묻다,"<미움받을 용기>의 저자 기시미 이치로가 현실에서 마주치는 다양한 인간관계에서 상처받는 사람들에게 현실적인 조언을 전하는 책이다. 저자는 인간의 모든 문제는 인간관계에서 비롯되며, 심각해 보이는 문제나 고민도 사실은 아주 간단하게 해결할 수 있다는 용기를 준다.",https://image.aladin.co.kr/product/5340/24/cover500/118595211x_3.jpg, 기시미이치로 지음;유미진 옮김, 카시오페아,2015
철학,딸은 엄마의 감정을 먹고 자란다,"왜 유독 엄마와 딸은 애증 관계로 얽히는지, 어떻게 감정 대물림이 일어나는지, 그리고 이처럼 대를 이어 쌓이는 감정의 ‘독’으로부터 내 딸을 보호하려면 어떻게 해야 하는지, 다양한 심리학 연구와 상담 사례를 들어 차근차근 들려준다.",https://image.aladin.co.kr/product/29838/5/cover500/k552838822_1.jpg, 박우란 지음, 유노라이프,2020
철학,나의 하루는 4시 30분에 시작된다,새벽 기상을 통해 힘든 유학 생활을 견뎌내고 미국 2개주 변호사 시험에 연이어 합격한 것은 물론 다양한 도전을 통해 인생을 더욱 풍성하게 꾸려가고 있는 저자가 더 나은 삶을 만드는 아침의 잠재력을 이야기한다. 아침형 라이프스타일을 실천하는 구체적인 노하우와 새벽 시간을 활용하는 방법을 제시한다.,https://image.aladin.co.kr/product/25306/49/cover500/k922633306_1.jpg, 김유진 지음, 토네이도,2020
철학,노력론,"은 혼잡한 세상에서 살아남기 위해 내 안에 숨겨진 잠재력을 꺼내야 할 때 읽어야 할 책이다. 이 책의 저자인 고다 로한은 처음부터 좋은 운명을 타고난 사람은 없으며, 다들 자신의 의지로 운명을 개척해 나가야 한다고 주장한다.",https://image.aladin.co.kr/product/11068/1/cover500/8963221180_1.jpg, 고다 로한 지음;김욱 옮김, 비전코리아,2017
철학,노력론,"은 혼잡한 세상에서 살아남기 위해 내 안에 숨겨진 잠재력을 꺼내야 할 때 읽어야 할 책이다. 이 책의 저자인 고다 로한은 처음부터 좋은 운명을 타고난 사람은 없으며, 다들 자신의 의지로 운명을 개척해 나가야 한다고 주장한다.",https://image.aladin.co.kr/product/11068/1/cover500/8963221180_1.jpg, 고다 로한 지음;김욱 옮김, 비전코리아,2017
철학,노력론,"은 혼잡한 세상에서 살아남기 위해 내 안에 숨겨진 잠재력을 꺼내야 할 때 읽어야 할 책이다. 이 책의 저자인 고다 로한은 처음부터 좋은 운명을 타고난 사람은 없으며, 다들 자신의 의지로 운명을 개척해 나가야 한다고 주장한다.",https://image.aladin.co.kr/product/11068/1/cover500/8963221180_1.jpg, 고다 로한 지음;김욱 옮김, 비전코리아,2017
철학,노력론,"은 혼잡한 세상에서 살아남기 위해 내 안에 숨겨진 잠재력을 꺼내야 할 때 읽어야 할 책이다. 이 책의 저자인 고다 로한은 처음부터 좋은 운명을 타고난 사람은 없으며, 다들 자신의 의지로 운명을 개척해 나가야 한다고 주장한다.",https://image.aladin.co.kr/product/11068/1/cover500/8963221180_1.jpg, 고다 로한 지음;김욱 옮김, 비전코리아,2017
철학,노력론,"은 혼잡한 세상에서 살아남기 위해 내 안에 숨겨진 잠재력을 꺼내야 할 때 읽어야 할 책이다. 이 책의 저자인 고다 로한은 처음부터 좋은 운명을 타고난 사람은 없으며, 다들 자신의 의지로 운명을 개척해 나가야 한다고 주장한다.",https://image.aladin.co.kr/product/11068/1/cover500/8963221180_1.jpg, 고다 로한 지음;김욱 옮김, 비전코리아,2017
철학,노력론,"은 혼잡한 세상에서 살아남기 위해 내 안에 숨겨진 잠재력을 꺼내야 할 때 읽어야 할 책이다. 이 책의 저자인 고다 로한은 처음부터 좋은 운명을 타고난 사람은 없으며, 다들 자신의 의지로 운명을 개척해 나가야 한다고 주장한다.",https://image.aladin.co.kr/product/11068/1/cover500/8963221180_1.jpg, 고다 로한 지음;김욱 옮김, 비전코리아,2017
철학,나를 힘들게 하는 또라이들의 세상에서 살아남는 법,"우리 일상에서 우리를 분노케 하는 또라이들은 어떤 인간들이며, 어떻게 탄생했는지, 왜 분노를 유발하게 하는지 9가지 유형으로 설명하고 그들의 약점을 이용하는 법과 그들을 상대하는 전략을 재미있게 풀어간다.",https://image.aladin.co.kr/product/25227/59/cover500/k432633900_1.jpg, 클라우디아 호흐브룬 지음;장혜경 옮김, 생각의날개,2020
철학,철학의 근본문제에 관한 10가지 성찰,철학이 단순히 이런 저런 심각한 문제에 대한 어지러운 궤변이 아니라 비판적 사고를 통해 세계와 인간을 올바로 이해하고 실천의 방향을 선택하는 작업임을 실감케 한다． 전문용어를 가급적 피하고 생소한 용어에는 설명을 달아 철학 입문서로서의 역할을 충실히 수행하고 있다.,https://image.aladin.co.kr/product/14/22/cover500/8976768108_2.jpg, 나이절 워버턴 지음, 자작나무,2016
철학,노마의 발견. 3: 판단하는 내가 좋다,"예기치 못한 어려움을 당했을 때 가장 필요한 것은 이성적 판단력이라는 전제 하에, 어린이들이 바른 판단력으로 갖가지 어려움들을 해결해 나가는 과정을 보여주고 있다.",https://image.aladin.co.kr/product/89/46/cover500/8973379038_2.jpg, 어린이철학교육연구소 지음;임정아 그림, 해냄주니어,2010
철학,(비유와 상징으로 풀어 보는)철학 이야기,"사상, 철학, 소설들 전분야에 걸친 32권의 난해한 책들을 우리 문화 콘텐츠에 빗대어 알기 쉽게 설명하고 있는 책. 라면을 통해 마키아벨리의<군주론>을 설명하고 있으며, 몽테스키외의 <법의 정신>을 동대문의 패션 산업과 연결지어 설명하는 등 일러스트와 함께 부담스럽지 않은 지적 즐거움을 주는 교양서적이다.",https://image.aladin.co.kr/product/100/5/cover500/8958970952_1.jpg, 윤은숙 편저, 삼양미디어,2007
철학,만만하게 보이지 않는 대화법,"일본 최고의 심리학 교수가 만만해 보이지 않기 위한 대화기술을 알려주는 책. 상대가 무례한 말을 한 것은 당신이 ‘만만해 보여서’라며 반드시 두 배의 말로 돌려주거나 그것이 어렵다면 표정으로 보여줘야 다음부터는 그런 일이 없다고 조언한다. 책에는 만만해 보여 상처나 스트레스를 받는 사례들이 실려 있으며, 그 순간 꼭 필요한 말을 센스 있게 할 수 있도록 돕고 있다.",https://image.aladin.co.kr/product/13625/66/cover500/8970656251_1.jpg, 나이토 요시히토 지음;이정은 옮김, 홍익출판사,2018
철학,"알고리즘, 인생을 계산하다","우리는 무엇을 해야 하고, 무엇을 하지 말아야 할까? 베스트셀러 저자이자 컴퓨터공학자, 철학자인 브라이언 크리스천과 인지심리학 교수인 톰 그리피스는 기존의 문제 해결 구조와는 전혀 다른 새로운 사고의 구조인 ‘컴퓨터과학의 알고리즘’을 우리의 선택 문제에 대입한다.",https://image.aladin.co.kr/product/13508/32/cover500/8935212059_1.jpg," 브라이언 크리스천,톰 그리피스 [공]지음;이한음 옮김", 청림출판,2018
철학,무례한 사람에게 웃으며 대처하는 법,"출간된 지 3년이 넘는 시간 동안 ‘전국 서점 에세이 베스트셀러’를 기록하며 수많은 독자의 가슴을 시원하게 만들어준 책이 있다. 이제는 일본을 비롯하여 대만, 베트남, 태국, 인도네시아에까지 수출되어 아시아 전역에서 인기를 끌고 있는 책 <무례한 사람에게 웃으며 대처하는 법>이다.",https://image.aladin.co.kr/product/26543/32/cover500/k942738838_1.jpg, 정문정 지음, 가나,2018
철학,3분 고전. 2: 나를 돌아보는 모멘텀,"<3분 고전 ― 내 인생을 바꾸는 모멘텀>의 후속작. 대중에게 동양고전의 지혜와 통찰을 열정적으로 전수해온, 우리 시대를 대표하는 ‘국민훈장’ 석천 박재희 교수가 동양고전의 지혜를 현대인의 입맛에 맞게 바꿔 효과적으로 전달하고 있다.",https://image.aladin.co.kr/product/2722/64/cover500/8964231554_1.jpg, 박재희 지음, 작은씨앗,2013
철학,위대한 시작,"320만 아침편지 가족들이 선택한 최고의 청소년 멘토링 프로그램 「깊은산속 링컨학교」의 핵심 커리큘럼과 이곳을 거쳐 간 청소년들의 꿈과 고민을 바탕으로, 이 땅의 1,000만 청소년들을 응원하며 꿈을 이루는 탄탄한 기본기를 전하고자 한다.",https://image.aladin.co.kr/product/2692/25/cover500/8965743818_2.jpg, 고도원 지음, 꿈꾸는책방,2013
철학,"도형, 그림의 심리학","우리가 무의식중에 형상화하고 있는 심리적인 상태나 그 형상을 주변에서 가장 일반적으로 볼 수 있는 6가지 기본 도형, 즉 삼각형, 사각형, 십자, 나선, 원, 그리고 만다라로 분류하여 재미있고 설득력 있게 분석한 책이다.",https://image.aladin.co.kr/product/2802/89/cover500/8985901656_1.jpg, 잉그리트 리델 지음;신지영 옮김, 파피에(딱정벌레),2013
철학,인생수업,"행복하게 나이 드는 법에 대한 법륜 스님의 혜안이 담긴 책. 스님은 힘겨운 시대, 팍팍한 현실을 헤쳐 나가야 하는 중년 이후 노년들에게 “인생의 황금기는 바로 지금”이라고 이야기한다. 자기를 긍정하고 현재의 삶을 더 좋게 만들어나가라고 조언한다.",https://image.aladin.co.kr/product/3125/52/cover500/8984317411_3.jpg, 법륜 지음;유근택 그림, 휴(休),2013
철학,(세계 1%의)철학수업,"'세계 최고 인재들의 생각법' 완결편. 세상을 주도하는 세계 1% 인재들의 공통점은 그들이 철학적으로 생각한다는 데 있다. 저자는 전작에서 인문학적 소양이라고 에둘러 표현한 것을 이번에는 딱 잘라 '철학적 사고법'이라고 못박고, 자신의 모든 노하우를 풀어낸다.",https://image.aladin.co.kr/product/7610/9/cover500/895096175x_2.jpg, 후쿠하라 마사히로 지음;임해성 옮김, 21세기북스,2016
철학,나이든다는 것과 늙어간다는 것,"멋지게 나이들기 위한 삶의 기술, ‘마음의 평정’. 독일의 저명한 대중 철학자 빌헬름 슈미트는 나이듦에 대한 부정 일변도의 세태에 반기를 들며 삶과 나이듦의 의미를 새로운 관점에서 살피고 있다.",https://image.aladin.co.kr/product/5007/84/cover500/8970138994_2.jpg, 빌헬름 슈미트 지음;장영태 옮김, 책세상,2015
철학,명리. 1: 운명을 읽다,"저자인 강헌은 명리학이란 운명의 이치에 관한 학문이며, 음양오행이라는 잣대로 인간의 본성을 탐구하려는 학문이라고 정의한다. '강헌의 좌파명리학' 강의를 저본으로 삼아 철저하게 입문자의 눈높이에 맞춰 서술, 정리, 보완된 명리학 입문서이다.",https://image.aladin.co.kr/product/7189/0/cover500/8971997044_1.jpg, 강헌 지음, 돌베개,2015
철학,생애의 발견,한국인과 한국 사회를 빚어내는 일상의 문법을 추적해온 사회학자 김찬호. 그가 이번에는 유년기부터 노년기에 이르기까지 세대.성별.시대를 아우르며 한국인의 생애 경로를 폭넓게 조망한 책을 펴냈다. 한국이라는 사회적 지평 속에서 남녀노소의 다양한 삶을 모두 열다섯 장면으로 포착해 조망한다.,https://image.aladin.co.kr/product/6382/25/cover500/8932030553_1.jpg, 김찬호 지음, 문학과지성사,2018
철학,창조적 행위,"예술가의 길을 누구라도 접근할 수 있는 것으로 제시하기 위한 아름답고도 관대한 탐구의 과정이다. 루빈은 평생의 지혜를 빛나는 글로 증류해냄으로써, 우리 모두에게 기쁨과 초월의 순간을 창조할 힘을 부여한다.",https://image.aladin.co.kr/product/31862/39/cover500/k562833421_2.jpg, 릭 루빈 지음;정지현 옮김, 코쿤북스,2023
철학,사랑의 기술,"프롬은 가장 능동적으로 자신의 퍼스낼리티 전체를 발달시켜 생산적 방향으로 나아가지 않는 한, 아무리 사랑하려고 노력해도 반드시 실패하기 마련이며, 이웃을 사랑하는 능력이 없는 한, 또한 참된 겸손, 용기, 신념, 훈련이 없는 한 개인적인 사랑도 성공할 수 없다고 말한다.",https://image.aladin.co.kr/product/20329/93/cover500/8931011628_1.jpg, 에리히 프롬 지음;황문수 옮김, 문예,2023
철학,당신의 인생이 왜 힘들지 않아야 한다고 생각하십니까,"온전하고 자유로운 삶을 위한 쇼펜하우어의 독한 가르침. “자주 절망하고, 가끔 행복하라” 『당신의 인생이 왜 힘들지 않아야 한다고 생각하십니까』는 쇼펜하우어의 도서들과 편지, 일기 등에서 쇼펜하우어의 삶에 대한 통찰과 정곡을 찌르는 인생 조언을 모아 엮은 책이다.",https://image.aladin.co.kr/product/33210/9/cover500/k522937059_1.jpg, 아르투어 쇼펜하우어 지음;김욱 편역, 포레스트북스(콘텐츠그룹 포레스트),2023
철학,(청소년을 위한)친절한 서양 철학사,서양 철학자들의 삶과 시대 배경 및 그들의 사상을 풀어 가고 있다. 자동차로 모르는 길을 가려면 내비게이션이 필수이다. 청소년이 방대한 서양 철학사라는 수많은 간선 도로를 달리는 데 이 책이 길잡이 역할을 할 것이다.,https://image.aladin.co.kr/product/26542/9/cover500/897604438x_1.jpg, 박해옥;심옥순 [공]지음, 문예춘추사,2021
철학,(365일 인생의 내공을 기르는)하루 한 장 고전 수업,"대한민국이 사랑하는 고전연구가 조윤제가 수십 권의 고전에서 건져 올린 매일 습관처럼 읽어야 하는 고전 명문장 365개를 담았다. 《논어》, 《명심보감》, 《도덕경》, 《채근담》 등 불안을 다스리고 인생의 답을 찾기 위해 평생 곁에 두고 읽어야 할 문장들을 엄선했다.",https://image.aladin.co.kr/product/30493/86/cover500/k002830486_1.jpg, 조윤제 지음, 비즈니스북스,2023
철학,다산의 마지막 공부,"문득 자신을 둘러싼 모든 것이 허망해지고 내가 잘해나가고 있는지 의심이 들 때 펼쳐보고 기댈 수 있도록 마련한 깊은 조언이고 위로다. 《천년의 내공》과 《말공부》의 저자가 퇴계와 다산이 학문의 마지막에서 맞닥뜨린 경지인 마음공부, 즉 《심경》의 주요 구절 37가지를 오늘날의 감각에 맞게 풀었다.",https://image.aladin.co.kr/product/17427/50/cover500/s302534501_1.jpg, 조윤제 지음, 청림,2018
철학,아주 작은 습관의 힘,"저자의 생생한 경험과 생물학, 뇌과학, 심리학의 최신 연구 결과를 집약해서 습관 하나로 인생을 변화시킬 수 있는 노하우를 제시한다. 어떤 습관을 자신의 무기로 만들기 위해서는 딱 네 가지만 기억하면 된다. 바로 ‘행동 변화의 4가지 법칙’인데, 모든 습관은 분명하고(제1법칙), 매력적이고(제2법칙), 쉽고(제3법칙), 만족스러워야(제4법칙) 한다는 것이다.",https://image.aladin.co.kr/product/18228/51/cover500/s982636214_1.jpg, 제임스 클리어 지음;이한이 옮김, 비즈니스북스,2019
철학,아주 작은 습관의 힘,"저자의 생생한 경험과 생물학, 뇌과학, 심리학의 최신 연구 결과를 집약해서 습관 하나로 인생을 변화시킬 수 있는 노하우를 제시한다. 어떤 습관을 자신의 무기로 만들기 위해서는 딱 네 가지만 기억하면 된다. 바로 ‘행동 변화의 4가지 법칙’인데, 모든 습관은 분명하고(제1법칙), 매력적이고(제2법칙), 쉽고(제3법칙), 만족스러워야(제4법칙) 한다는 것이다.",https://image.aladin.co.kr/product/18228/51/cover500/s982636214_1.jpg, 제임스 클리어 지음;이한이 옮김, 비즈니스북스,2019
철학,끌림,알랭 드 보통 인생학교 new 시리즈 7권. 우리가 중요시하게 생각하지 못하는 ‘선량함’의 가치를 전하고 오늘날 사회생활에서 우리에게 왜 중요한지를 일깨워준다. 선량함과 관련해 몇 가지 주제를 훑어보며 잘 알려지지 않은 선량함의 가치를 탐구하기 위한 안내서이다.,https://image.aladin.co.kr/product/17214/43/cover500/k082534993_1.jpg, The School of Life 지음;이주만 옮김, 와이즈베리,2018
철학,철학은 어떻게 삶의 무기가 되는가,비즈니스 현장에서 유용하게 사용하는 50가지 철학·사상을 담은 『철학은 어떻게 삶의 무기가 되는가』는 철학의 쓸모를 새롭게 조명하는 세상에서 가장 실용적인 철학 사용 설명서다.,https://image.aladin.co.kr/product/17942/89/cover500/k862534136_2.jpg, 야마구치 슈 지음;김윤경 옮김, 다산초당,2019
철학,자제력 수업,인간의 내밀한 심리를 특유의 통찰력으로 꿰뚫어 보며 국내에서도 화제가 되었던 『혼자 있고 싶은데 외로운 건 싫어』의 저자 피터 홀린스가 이번에는 환경과 조건을 극복하고 자신이 설정한 한계를 돌파한 사람들에게서 공통적으로 보이는 자질인 ‘자제력’을 제안한다.,https://image.aladin.co.kr/product/18242/19/cover500/k892534541_1.jpg, 피터 홀린스 지음;공민희 옮김, 포레스트북스,2019
철학,당신이 옳다,"타인의 시선과 기대에 부응하려 발버둥치고, 갑질 하는 조직에서 억지 미소로 참아내고, 성공과 효율을 좇는 사회의 기준에 허덕이고, 관계의 고단함 속에 내 마음은 뒷전이 될 때… 우리는 존재 자체로 존중받지 못한 채 각자의 개별성은 무시된다.",https://image.aladin.co.kr/product/30745/44/cover500/k462830359_1.jpg, 정혜신 지음, 해냄,2018
철학,젊은 정약용 말꽃모음,말꽃모음 시리즈. 엮은이 설흔이 ‘좋아하는’ 정약용의 글을 본인의 방식대로 읽고 만난 결과물이다. 정약용은 18년의 유배 기간 동안 500여 권의 책을 쓴 대학자이다.,https://image.aladin.co.kr/product/17683/93/cover500/k292534722_1.jpg, 정약용 글;설흔 엮음, 단비,2018
철학,아홉 살 함께 사전,다른 사람과 관계를 맺고 소통하는 데 필요한 80개의 표현을 담은 책이다. 초등학교 저학년 어린이들이 학교라는 사회를 경험하고 다양한 사람들과 어울려 생활하는 과정에서 활용할 수 있는 표현을 그림과 함께 사전 형태로 소개한다.,https://image.aladin.co.kr/product/13355/82/cover500/8936447211_1.jpg, 박성우 글;김효은 그림, 창비,2018
철학,나의 특별한 감정 수업,"아이들이 자신의 감정을 바로 들여다보고 상황에 따라 제대로 끄집어낼 수 있도록, 균형 있고 긍정적으로 자랄 수 있도록 도와주는 책이다. 아이들이 경험하는 다양한 상황을 에피소드로 엮어 각각의 감정을 풀이하고 있다.",https://image.aladin.co.kr/product/18815/42/cover500/k742635784_1.jpg, 최태림 글;시미씨 그림, 엠앤키즈(M&K),2019
철학,아프지 않다는 거짓말,"내 마음을 위한 응급처치. 거부, 고독, 상실과 외상, 죄책감, 반추 사고, 실패, 낮은 자존감은 모두 우리가 살면서 흔히 겪는 정서적 상처들이다. 흔히 경험하기에 쉽게 무시되는 상처들이기도 하다. 저자는 우리가 일상에서 입는 심리적 상처들이 어떻게 마음의 건강에 작용하는지를 설명하고 있다.",https://image.aladin.co.kr/product/6303/78/cover500/8954636950_1.jpg, 가이 윈치 지음;임지원 옮김, 문학동네,2015
철학,앙겔루스 노부스,"진중권 미학 에세이 시리즈 2권. 2003년 출간된 <앙겔루스 노부스>의 도판을 보강하고 오류를 수정하여 개정판으로 펴냈다. 미학에 관한 ‘에세이’로서, 진중권 특유의 재기 넘치는 문체로 고대부터 근대까지의 미학사를 탈근대의 관점에서 재검토한다.",https://image.aladin.co.kr/product/3030/58/cover500/8961961446_1.jpg, 진중권 지음, 아트북스,2013
철학,철학직설,"최근 몇 년간 지속되고 있는 ‘힐링’ 열풍은 한국 사회의 불안정성을 반영하고 있는 대표적인 사례다. 계속되는 경기 불황, 고용의 불안정, 정의와 원칙이 실종된 사회 환경은 개인에게 고립감으로 다가왔다.",https://image.aladin.co.kr/product/3269/14/cover500/8926852741_1.jpg, 김창호 편저, 이담books(한국학술정보),2013
철학,1만 시간의 재발견,"안데르스 에릭슨 박사는 ‘1만 시간의 법칙’의 핵심은 ‘얼마나 오래’가 아니라 ‘얼마나 올바른 방법’인지에 달려 있다고 강조한다. 즉, 1만 시간의 핵심은 ‘무턱대고 열심히 하기’가 아닌 ‘다르게 열심히 하기’라고 말이다.",https://image.aladin.co.kr/product/8632/15/cover500/k312535674_1.jpg," 안데르스 에릭슨,로버트 풀 [공]지음;강혜정 옮김", 비즈니스북스,2016
철학,어른 연습,"<아침마당> <KBS 뉴스광장> <6시 내고향> <생로병사의 비밀> 등 한국인이라면 누구나 아는 방송 속 얼굴, ‘오유경’이 ≪어른 연습≫으로 다시 인사를 건넨다.",https://image.aladin.co.kr/product/32963/90/cover500/k432936250_1.jpg, 오유경 지음, 오후의서재,2023
철학,살아서 천국 극락 낙원에 가는 방법,"사람이 자기자신으로부터 벗어나, 진리가 되어 사는 방법을 담은 책이다. 삶을 살며, 살아 있을 때 내 마음이 진리가 되면 내 마음 안에, 문자 그대로의 천국이 극락이 파라다이스가 있게 된다. 영원하다는 것은 그 진리 마음이 영원하다는 것이다.",https://image.aladin.co.kr/product/32573/92/cover500/k412935141_1.jpg, 우명(Woo Myung) 지음, 참,2023
철학,이토록 멋진 인생이라니,"전 세계 4000만 독자가 사랑한 『모리와 함께한 화요일』Tuesdays with Morrie의 모리 슈워츠 교수가 학자가 아닌 작가로서 독자들에게 남긴 처음이자 마지막 책이다. 사회학자이자 심리치료사 그리고 한 사람으로서 누구도 소외받지 않으며, 환경으로 평가받지 않는 세상을 꿈꿨던 모리 교수는 삶을 마지막 날까지 성장할 수 있는 무한한 가능성과 기회의 시간이라 보았다.",https://image.aladin.co.kr/product/32861/25/cover500/k772936014_1.jpg, 모리 슈워츠 지음;공경희 옮김, 나무옆의자,2023
철학,말의 진심,"가족, 동료, 친구 등 가까운 사람일수록 말 뒤에 숨은 진심을 들여다보지 못하면 소통이 힘들고 오해가 쌓이게 된다. ‘괜찮아’, ‘몰라’, ‘아니’ 등 평소에 자주 사용하는 말습관을 들여다보면 그 사람의 진심이 무엇인지를 알 수 있다. 언어의 마음을 읽는 법을 심리학적으로 접근하고 대화의 기술로 소통을 해결한다.",https://image.aladin.co.kr/product/32782/20/cover500/k152936488_1.jpg, 최정우 지음, 밀리언서재,2023
철학,공부자극일력,학생들에게 꼭 필요한 동기 부여 명언 365개를 모아 스스로 매일 공부의 의미와 재미를 깨닫고 마음에 새길 수 있도록 돕는 일력이다. 『공부 자극 일력』속 365개의 명언은 학생들이 매일 자신의 가능성을 깨닫고 스스로 삶의 의미와 공부의 재미를 발견할 수 있도록 돕는다.,https://image.aladin.co.kr/product/32877/22/cover500/8958079797_2.jpg, 뜨인돌편집부 글, 뜨인돌출판사,2023
철학,태세전환,정답은 없다. 정답이 밝혀지길 기다릴 시간도 없다. 《태세전환》은 이런 시대에 발맞춰서 우리가 성공에 다가가기 위해 어떤 태도와 자세를 가져야 할지 살펴보는 책이다.,https://image.aladin.co.kr/product/33625/93/cover500/k832939211_1.jpg," 이시한,김진수 [공]저", 교보문고,2024
철학,무엇이 나를 행복하게 만드는가,"포브스가 선정한 TOP 5 코치에 선정된 리처드 J. 라이더의 대표작 《무엇이 나를 행복하게 만드는가》는 출간한 후 30여 년 동안 전 세계에 깊은 울림을 주었다. 이 책에서는 행복한 삶이란 무엇인지 근본적인 물음을 던진다. “무엇이 나를 행복하게 만드는가?”라고 묻는 질문에 지금 내 삶을 이루고 있는 것들을 되돌아보고, 이 모든 것이 나를 과연 행복하게 해주는지 생각하게끔 한다.",https://image.aladin.co.kr/product/33488/57/cover500/k022938351_1.jpg," 리처드 J. 라이더,데이비드 A. 샤피로 [공]지음;김정홍 옮김", 북플레저,2024
철학,(마틴 셀리그만의)긍정 심리학,심리학계에 돌풍을 일으킨 마틴 셀리그만은 행복은 좋은 유전이나 행운을 타고난 결과가 아니라 꾸준히 연습한 결과로 얻어지는 바이올린 연주나 자전거 타기의 ‘기술’같이 자신의 강점과 미덕을 찾아서 발휘하는 삶이야말로 ‘진정한 행복’으로 가는 지름길이라고 주장한다.,https://image.aladin.co.kr/product/3868/11/cover500/8981103194_1.jpg," 마틴 셀리그만 지음;김인자,우문식 [공]옮김", 21세기북스,2020
철학,벌써 마흔이 된 딸에게,"20만 부 베스트셀러 《딸에게 보내는 심리학 편지》의 저자 한성희가 후회 없는 인생을 살고 싶은 딸에게 전하는 말들. 저자는 딸이 마흔 살의 성장통을 겪고 있다면 그에 대해 엄마로서, 정신분석가로서 해 줄 이야기들이 있고, 너무 늦기 전에 그 이야기들을 전하고 싶었다.",https://image.aladin.co.kr/product/33228/51/cover500/k372937152_1.jpg, 한성희 지음, 메이븐,2024
철학,깨진 틈이 있어야 그 사이로 빛이 들어온다,"서양철학의 전통을 뿌리째 뒤흔들고, 20세기 이후의 사상적 흐름에 선구자적인 역할을 한 혁명적인 사상가 ‘망치를 든 철학자’ 니체의 대표작이다. 기존의 엄정한 철학서와는 달리 문학적 설정을 취하고 있는 이 작품은 은둔자 차라투스트라가 10년 동안 산속에서 고행하며 얻은 깨달음을 전하기 위해 산에서 내려오면서 이야기가 시작된다.",https://image.aladin.co.kr/product/33511/66/cover500/k182938550_1.jpg, 프리드리히 니체 지음;김신종 옮김, 페이지2,2024
철학,남의 시선에 아랑곳하지 않기,유리 멘탈을 가진 청춘들을 위해 자기계발 베스트셀러 작가가 51가지 깨달음을 선물한다. 그녀는 마음이 성장하려면 반드시 내 삶의 주인공이 되어 나답게 살아야 한다고 강조한다. 내 이야기 같은 실제 에피소드를 곁들여 타인에게 휘둘리지 않고 나답게 자유롭게 살아가는 법을 알려준다.,https://image.aladin.co.kr/product/33298/95/cover500/k702938383_1.jpg, 차이웨이 지음;유연지 옮김, 미디어숲,2024
철학,당신의 인생이 왜 힘들지 않아야 한다고 생각하십니까,"온전하고 자유로운 삶을 위한 쇼펜하우어의 독한 가르침. “자주 절망하고, 가끔 행복하라” 『당신의 인생이 왜 힘들지 않아야 한다고 생각하십니까』는 쇼펜하우어의 도서들과 편지, 일기 등에서 쇼펜하우어의 삶에 대한 통찰과 정곡을 찌르는 인생 조언을 모아 엮은 책이다.",https://image.aladin.co.kr/product/33210/9/cover500/k522937059_1.jpg, 아르투어 쇼펜하우어 지음;김욱 편역, 포레스트북스,2023
철학,이토록 멋진 인생이라니,"전 세계 4000만 독자가 사랑한 『모리와 함께한 화요일』Tuesdays with Morrie의 모리 슈워츠 교수가 학자가 아닌 작가로서 독자들에게 남긴 처음이자 마지막 책이다. 사회학자이자 심리치료사 그리고 한 사람으로서 누구도 소외받지 않으며, 환경으로 평가받지 않는 세상을 꿈꿨던 모리 교수는 삶을 마지막 날까지 성장할 수 있는 무한한 가능성과 기회의 시간이라 보았다.",https://image.aladin.co.kr/product/32861/25/cover500/k772936014_1.jpg, 모리 슈워츠 지음;공경희 옮김, 나무옆의자,2023
철학,낙관성 학습,"낙관적인 사람이 더 행복하고 더 많은 것을 성취한다. 이 책은 마틴 셀리그만의 베스트셀러인 <마틴셀리그만의 긍정심리학>, <플로리시>, <낙관적인 아이>와 함께 세계인의 사랑을 받고 있는 스테디셀러다.",https://image.aladin.co.kr/product/1825/30/cover500/8981103119_1.jpg," 마틴 셀리그만 지음;우문식,최호영 [공]옮김", 물푸레,2012
철학,양수인간,"구독자 84만 명 유튜브 채널 ‘놀면서 배우는 심리학’을 통해 새로운 마음 멘토로 떠오른 최설민 저자가 직접 창조한 인생 프레임을 담은 책이다. 우리를 괴롭히는 마음의 문제를 해소하고, 궁극적으로 원하는 삶에 도달하는 법을 ‘양수인간’이란 세계관을 통해 소개한다.",https://image.aladin.co.kr/product/33617/36/cover500/k052939016_2.jpg, 최설민 지음, 북모먼트,2024
철학,(인류 최초의 지혜가 담긴) 아프리카 격언집,"아프리카 격언들은 그들의 사고방식, 가치관, 생활방식 등을 반영하고 있다. 아프리카의 다양한 지역과 문화권에서는 이러한 격언들이 사회 질서 유지에도 중요한 역할을 한다. 이 책에 수록된 아프리카 격언을 읽다 보면 아프리카 사람들의 지혜와 경험을 배울 수 있을 것이다. 그리고 아프리카 문화를 연구하고 이해하는 데도 도움이 될 것이다.",https://image.aladin.co.kr/product/33994/6/cover500/k532930643_1.jpg, 한상기 지음, 푸른영토,2024
철학,감정의 이해,롤러코스터를 타듯 우리는 하루하루 수많은 감정을 느끼며 살아간다. 왜 감정은 매일 제멋대로 요동치는 걸까? 이 감정들을 어떻게 다스릴 수 있을까? 『감정의 이해』는 누구나 한 번쯤 해봤을 이런 고민에 대해 해답을 제시한다.,https://image.aladin.co.kr/product/33799/80/cover500/k052930572_1.jpg, 엠마 헵번 지음 ;김나연 옮김, 포레스트북스,2024
철학,결국 해내는 사람들의 원칙,"망상활성계를 활용해 어떻게 성공에 이를 수 있는지 그 방법을 차근차근 풀어 간다. 가장 먼저 자신의 목표를 명확하게, 그리고 눈으로 볼 수 있게 시각화해 설정하는 것이 중요하다. 그다음 내 목표에 대해 누가 뭐라 하든 밀고 나가는 힘이 있어야 한다.",https://image.aladin.co.kr/product/25810/88/cover500/k662736333_1.jpg, 앨런 피즈;바바라 피즈 [공] 지음 ;;이재경 옮김, 반니,2020
철학,겸손의 힘,"겸손을 실용적이고 철학적으로 심층 분석한다. 겸손이 어떻게 자신감을 키우고 자신의 강점과 한계를 더욱 정직하게 바라볼 수 있는지, 성공을 거두는 데 도움이 되는지 연구와 사례를 통해 설득력 있게 설명한다.",https://image.aladin.co.kr/product/33613/80/cover500/k792939916_1.jpg, 대릴 반 통게렌 지음 ;신예용 옮김, 상상스퀘어,2024
철학,사랑받는 이기주의자,"조금 손해보더라도 관계를 위해서 나를 포기하는 것이 좋을까, 관계를 깨더라도 끝까지 나를 지키는 것이 좋을까? <사랑받는 이기주의자>는 사람 때문에 상처를 받아본 사람이라면 한 번쯤 고민해봤을 이 문제에 대한 답이 들어 있는 책이다.",https://image.aladin.co.kr/product/33845/80/cover500/k132930705_1.jpg, 박코 지음, 북플레저,2024
철학,사람을 안다는 것,"어떻게 하면 우리 삶에서 관계로 인한 기쁨을 만끽할 수 있을지 구체적인 방법을 제시한다. 사람을 대할 때 지극히 소극적이고 방어적이었던 브룩스는 상대방을 깊이 알게 되는 경험을 통해 조금씩 변한다. 사람을 아주 깊숙이 알아가는 일이 상대방과 나 자신의 세계를 어떻게 넓혀가는지에 대한 경험과 연구, 사례들이 다양하게 펼쳐진다.",https://image.aladin.co.kr/product/33693/7/cover500/8901280779_1.jpg, 데이비드 브룩스 지음 ;이경식 옮김, 웅진지식하우스,2024
철학,나는 읽고 쓰고 버린다,"대한민국의 전 축구선수, 현 축구 지도자 손웅정 감독의 『나는 읽고 쓰고 버린다』가 출간되었다. 손웅정 감독이 2010년부터 작성해온 독서 노트를 바탕으로 2023년 3월부터 2024년 3월까지 김민정 시인과 진행한 수차례의 인터뷰를 책으로 묶었다.",https://image.aladin.co.kr/product/33811/91/cover500/k842930585_2.jpg, 손웅정 지음, 난다,2024
철학,아무리 잘해줘도 당신 곁에 남지 않는다,내 삶을 갉아먹는 가짜 관계를 끊어내고 진짜 관계를 맺는 자기주도적 인간관계의 지혜를 전한다. 엉뚱한 사람 때문에 인생과 감정을 낭비하고 있는 사람들을 위해 전미경 원장은 그동안의 연구 결과와 상담 사례를 총망라하여 '자기주도적 인간관계를 맺는 5단계 솔루션'을 정리했다.,https://image.aladin.co.kr/product/33766/38/cover500/k762930160_1.jpg, 전미경 지음, 위즈덤하우스,2024
철학,고전의 숲,지난 2020년 발간 당시 책을 싫어하는 아이도 스스로 찾아 읽는다는 입소문을 타고 청소년 베스트셀러로 자리매김한 『철학의 숲』 후속작. 무겁고 고리타분한 지식을 전해주기보다 아이들 스스로 흥미를 갖고 생각을 확장시킬 수 있는 다양한 스토리를 선보인다.,https://image.aladin.co.kr/product/31770/43/cover500/k242833108_1.jpg, 김태완 지음, 포레스트북스,2023
철학,나는 단순하게 살기로 했다.,일본에서 출간되자마자 베스트셀러에 오르며 미니멀 라이프 열풍을 주도한 베스트셀러. 이 책의 앞부분에는 지저분하고 물건으로 가득했던 집에서 ‘미니멀리스트의 모델하우스’로 바뀐 저자의 집을 사진으로 확인할 수 있다.,https://shopping-phinf.pstatic.net/main_3245629/32456295876.20230919123905.jpg, 사사키후미오, 비즈니스북스,2015
철학,150년 하버드 사고력 수업,세계 최고 명문 하버드대학교가 이 시대 핵심 역량으로 가리키며 연구하고 학생들에게 트레이닝하는 비판적 사고력 루틴을 공식으로 정리한 책이다. 하버드생이 4년 내내 배우는 비판적 사고 루틴과 생각을 논리적으로 정리하고 탁월하게 표현하는 방법을 더한 생각 도구다.,https://shopping-phinf.pstatic.net/main_4653996/46539968629.20240321092124.jpg, 송숙희 지음, 유노북스(유노콘텐츠그룹 주식회사),2024
철학,철학자들의 토론회,‘철학은 음미하고 대화하는 것 그 자체’라고 했던 소크라테스의 말처럼 일대일의 토론 형태로 이뤄져 있다. 고민이 있는 현대인이 등장해 토론의 주제를 던지고 논쟁을 벌이게 함으로써 철학적 사고법과 사상의 흐름을 한눈에 익힐 수 있는 철학 입문서다.,https://shopping-phinf.pstatic.net/main_4380216/43802164624.20231104092128.jpg, 하타케야마 소 지음;타키 레이 그림;김진아 옮김, 프런티어(한국경제신문),2023
철학,만일 나에게 단 한 번의 아침이 남아 있다면,"여기, 가야 할 길을 잃은 당신을 위한 아주 특별하고도 지적인, 경쾌하고 진솔한 여섯 번의 인생 수업이 펼쳐진다. 《뉴욕 타임스》 기자인 저자는 삶의 마지막을 향해 유유히 걸어가는 노인 여섯 명과 1년에 걸쳐 인터뷰를 진행하기로 한다.",https://shopping-phinf.pstatic.net/main_4824260/48242602634.20240606092256.jpg, 존 릴런드 지음;최인하 옮김, 북모먼트(책읽어주는남자),2024
철학,우리는 여전히 삶을 사랑하는가,"명실상부한 사랑의 철학자인 에리히 프롬이 이제 《사랑의 기술》이 말하는 관계의 사랑을 넘어, 보다 더 근본적이고 모든 사랑의 핵심인 ‘삶에 대한 사랑’을 말한다. 자신을 미워하며 공허한 삶을 살아가는 현대인의 심리를 분석하고 삶을 사랑할 자유에 대해 통찰한다.",https://shopping-phinf.pstatic.net/main_3246548/32465489651.20230912084105.jpg, 에리히 프롬 지음;라이너 풍크 엮음;장혜경 옮김, 김영사,2022
철학,(만화로 보는)3분 철학. 2: 서양 중세·근대 철학편,지금까지 이런 철학 만화는 없었다! 철학의 기초 개념을 잡는 가장 쉬운 책이다. 만화로 3분이면 완벽하게 개념 잡는 서양철학사를 담았다.,https://shopping-phinf.pstatic.net/main_3244114/32441147297.20230711112620.jpg, 김재훈 글·그림;서정욱 글, 카시오페아,2021
철학,심리학으로 읽는 그리스 신화,그리스 신화의 이야기와 함께 그 속에 담긴 심리학적 상징들을 읽는 인문서. 그리스 신화에는 인간사의 모든 것이 담겨 있다. 저자는 복잡한 그리스 신화 이야기를 쉽고 재미있게 스토리텔링 형식으로 전개하며 우리가 알지 못했던 그 속에 담긴 심리학적 상징들을 흥미진진하게 풀어낸다.,https://shopping-phinf.pstatic.net/main_3248332/32483329377.20230103165213.jpg, 김상준 지음, 보아스,2016
철학,디 에센셜 프리드리히 니체,20세기 이후의 사상적 흐름에서 중요한 위치를 차지하는 위대한 철학자 프리드리히 니체의 핵심 저작 『비극의 탄생』과 『차라투스트라는 이렇게 말했다』가 한데 묶여 디 에센셜 시리즈로 선보인다.,https://shopping-phinf.pstatic.net/main_5103674/51036740626.20241026092302.jpg," 니체, 프리드리히", 열린책들,2024
철학,(미래 세대를 위한)동물권 이야기,"곰 사육, 강아지 펫숍, 공장식 축산, 안락사, 기후변화, 로드킬 등 열다섯 가지 주제를 중심으로 동물 권리에 대해 청소년 눈높이에서 쉽게 알려 준다. 곰 수입과 사육, 공장식 축산, 강아지 펫숍, 동물 유기 등이 왜 문제인지, 도시 개발과 기후변화가 동물과 생태계에 어떤 영향을 미치는지를 곰, 강아지, 소, 고양이, 비둘기, 돌고래 등의 동물들이 저마다 자신의 이야기를 통해 사람들에게 알려준다.",https://shopping-phinf.pstatic.net/main_4909346/49093464619.20240713091006.jpg, 이유미 글, 철수와영희,2024
철학,나를 소진하지 않는 관계의 말들,10만 명의 말에서 배운 갈등을 피하고 품격 있게 대화하는 사람들의 말 습관. 방송인이자 스피치 커뮤니케이션 전문가로 활동하고 있는 강은하 저자는 강의와 코칭으로 만났던 10만여 명이 넘는 사람들의 말하는 법과 태도를 톺아보았다.,https://shopping-phinf.pstatic.net/main_5085118/50851183623.20241017071534.jpg, 강은하 지음, 테라코타,2024
철학,마흔과 오십 사이,"마흔과 오십 사이. 배울 만큼 배우고 알 만큼 아는 나이가 되었지만 삶의 기준은 얼마나 명확할까? 자신만의 기준이 없다면 살아가는데 자주 흔들리고, 자칫 인생이 걷잡을 수 없이 꼬여 버릴 수도 있다. 일, 사람, 인생의 기준이 필요한 40대에게 《논어》는 두 가지 기준, ‘최고의 지혜’와 ‘최고의 마음’을 알려 준다.",https://shopping-phinf.pstatic.net/main_5073787/50737870632.20241010071026.jpg, 최종엽 지음, 유노북스,2024
철학,내 상처가 사랑을 밀어내지 않게 하려면,"행복한 삶을 위해서는 친밀한 관계가 필요하다. 현대 심리학은 인간의 행복과 건강에 타인과의 친밀한 관계가 중요하다는 사실을 증명했다. 행복해지기 위해서는 다른 사람을 자신의 삶과 감정 속으로 기꺼이 초대할 수 있어야 한다. 하지만 모두가 그럴 수 있는 것은 아니다. 이 책의 저자인 저우무쯔는 사랑하지도, 사랑받지도 못하는 불행한 사람들에게 친밀감에 대한 두려움(Intimacy Fear)이 그 원인이라고 설명한다.",https://shopping-phinf.pstatic.net/main_5031876/50318763620.20240924081112.jpg, 저우무쯔 지음;박영란 옮김, 더페이지,2024
철학,"단단한 사랑이 있는 한, 넘어지지 않는다","저자 후이는 중국 ‘올해의 베스트셀러 대상’을 2연패 한 저력의 작가다. SNS라는 화려하기만 한 과시의 무대로 인해 직접 만남과 소통이 줄어들면서 갈수록 삭막해지고 있는 오늘날, 현대인의 감성을 깊은 심연에서부터 일깨운다.",https://shopping-phinf.pstatic.net/main_5046623/50466237621.20240925091038.jpg, 후이 지음;최인애 옮김, 이든서재,2024
철학,내면의 삶,"‘행복하게 사는 방법’에 대해 이야기한다. 우리는 피아노를 배우고 요리를 배우고 돌과 나무로 조각하는 방법을 배우듯 우리는 ‘행복하게 사는 방법’을 배워야 한다. 그러나 현대 사회는 점점 실용적 관점에서 ‘성공하는 방법’에 몰두할 뿐, ‘행복하게 사는 방법’을 말하려 하지 않는다.",https://shopping-phinf.pstatic.net/main_4390021/43900219618.20231119070846.jpg, 프레데리크 르누아르 지음;강만원 옮김, 마인드큐브,2023
철학,발상의 회로,"끌리는 기획을 만드는 크리에이터 발상법. 사람의 마음을 움직이는 광고천재의 아이디어 공식. 구글, 덴쓰 크리에이티브 책임자의 창의성 수업. 발상의 회로를 구축하면 내 아이디어에 사람들이 움직인다.",https://shopping-phinf.pstatic.net/main_4579612/45796128618.20240214090949.jpg, 나카가와 료 지음;한세희 옮김, 지니의서재,2024
철학,끌리는 이들에겐 이유가 있다,"기자, 공무원, 교수로서 30년간 각계각층의 많은 이들을 만나 관찰하면서 이들의 삶에 대한 자세와 성공 내용을 메모하고 분석했다. 그리고 이를 매력의 관점에서 30가지로 책에 꼼꼼히 압축해 놓았다.",https://shopping-phinf.pstatic.net/main_4997380/49973807634.20240829071749.jpg, 박기수 지음, 예미,2024
철학,파스칼 인생공부,"1670년, 파스칼 사후 처음으로 출간된 블레즈 파스칼의 『팡세(Pensees)』는 인류 역사에 깊이 새겨진 철학적 유산이다. 이번에 출간된 『파스칼 인생공부』는 현대 독자들에게 더욱 친숙하게 다가가기 위해, 원문에서 67개의 대표 구절을 엄선하여 구성하였다.",https://shopping-phinf.pstatic.net/main_5029814/50298140618.20240914071415.jpg, 블레즈 파스칼 원작;김태현 지음, Pascal(파스칼),2024
철학,아무도 상처받지 않는 가족의 대화법,"어떻게 해야 서로에게 상처 주지 않으면서 할 말은 어느 정도 하는 대화를 나눌 수 있을까? 대화 코칭 전문가, 하야시 겐타로의 『아무도 상처받지 않는 대화법』은 바로 이런 문제에 대한 해결책을 제시하는 책이다.",https://shopping-phinf.pstatic.net/main_5023641/50236417618.20240910090646.jpg, 히야시 겐타로 지음;민혜진 옮김, 포텐업,2024
철학,"다시, 행복을 풀다","저자가 아들에 대한 상실과 아픔을 극복하고 써내려간 《행복을 풀다》 이후, 10년 간 일상에서 행복을 되찾기 위해 수많은 사람들을 만나고 실천하며 깨달은 내용들을 새롭게 업그레이드하여 선보이는 완결판이라 더더욱 의미를 더한다.",https://shopping-phinf.pstatic.net/main_4993324/49933244631.20240825071515.jpg, 모 가댓 지음;강주헌 옮김, 한국경제신문(한국경제신문 한경BP),2024
철학,에로스의 종말,"한국에 소개되는 재독 철학자 한병철의 여섯번째 책. 오늘날의 세계에서 진정한 사랑이 왜 위기에 처하게 되었는가에 대한 흥미로운 분석을 펼쳐나가며, 우리에게 오늘날 가장 절실하게 필요한 투쟁 가운데 하나인 사랑의 재발명을 위한 투쟁에 참여할 것을 제안한다.",https://shopping-phinf.pstatic.net/main_3246670/32466700640.20230829092158.jpg, 한병철 지음;김태환 옮김, 문학과지성사,2015
철학,피로사회,"독일 최고 권위지〈프랑크푸르터 알게마이네 차이퉁〉이 극찬한 책. 저자 한병철은 독일에서 가장 주목받는 철학자로, 서양 철학의 언어를 구사하며 그 속에 동양적 메시지를 담아내는 새로운 종류의 문화비판가로 떠올랐다. 이 책에서 그는 현대사회의 패러다임 전환을 예리하게 포착한다.",https://shopping-phinf.pstatic.net/main_3243816/32438169160.20230919123609.jpg, 한병철 지음;김태환 옮김, 문학과지성사,2012
철학,중얼거리지 않고 자신 있게 말하는 법,"명강사로 거듭날 수 있게 화법, 발음법, 체스처와 스피치 기법을 담고 있다. 성공적인 강연의 방법을 구체적으로 알려주어 청중의 마음을 사로잡는 화법을 쉽게 배울 수 있게 하였다.",https://shopping-phinf.pstatic.net/main_4006401/40064014619.20230919131455.jpg, 이승일 지음, 미래문화사,2023
철학,어른의 품격을 채우는 100일 필사 노트,“마흔 이후 삶의 품격은 인생을 살아가는 태도에서 나온다” 120만 독자의 멘토 김종원 작가가 전하는 삶을 관통하는 조언과 위로의 문장들을 담은 책이다.,https://shopping-phinf.pstatic.net/main_5301667/53016672418.20250215091642.jpg, 김종원 지음, 청림Life,2025
철학,무례한 사람에게 웃으며 대처하는 법,"2018년, 동일 제목으로 출간하여 전국의 모든 서점에서 종합 베스트셀러 1위에 오르며 독자들의 열광적인 지지를 받은 책이다. 독자들의 변함없는 사랑을 받으며 50만 부 돌파 베스트셀러가 된 것을 기념해 펴낸 이번 스페셜 개정판에는 시대의 흐름에 따라 몇몇 표현을 수정하고, 몇 개의 원고를 삭제하거나 새롭게 추가하였다.",https://shopping-phinf.pstatic.net/main_3918857/39188571621.20230912084017.jpg, 정문정 지음, 가나,2023
철학,(이호선의)나이 들수록,"수천 명의 중년·노년의 내담자를 만나오며 깨달은 적정한 인간관계의 법칙을 심리학, 사회학, 의사소통 이론 등을 바탕으로 풀어낸 책이다.",https://shopping-phinf.pstatic.net/main_5293281/52932813426.20250212092435.jpg, 이호선 지음, 은행나무,2025
철학,손자병법,"기원전 6세기에 등장한 이래 손자병법은 해설서만도 수천 권이 쓰인 시공을 초월한 베스트셀러다. 매년 연초가 되면 각계의 리더들은 물론 인생의 해답을 찾고자 하는 많은 이들이 손자병법을 찾는다. 평화의 시대에 손자병법은 경영서, 처세서로 지속적인 사랑을 받고 있다.",https://shopping-phinf.pstatic.net/main_5254896/52548967787.20250123071213.jpg, 손무 원작;임용한 엮고 씀, 교보문고,2025
철학,명령에 따랐을 뿐!?,인지신경과학자인 에밀리 A. 캐스파가 권위에 복종하는 인간 행동의 근원을 이해하기 위해 명령에 따르는 이들의 뇌에서 일어나는 인지신경학적 과정을 밝힌 책이다.,https://shopping-phinf.pstatic.net/main_5225010/52250104618.20250104071328.jpg, 에밀리 A. 캐스파 지음;이성민 옮김, 동아시아,2025
철학,악마와 함께 춤을,"스와스모어대학교에서 철학과 교수를 역임하는 『악마와 함께 춤을』 저자는 간디, 공자, 괴테, 몽테뉴 등 철학자들이 내리는 부정적 감정에 대한 정의를 살펴보며 결국 부정적 감정과 싸우거나 이를 생산적으로 전환해야 한다는 신화에 통렬하게 맞서고 있다.",https://shopping-phinf.pstatic.net/main_5201383/52013831621.20241220071431.jpg, 크리스타 K. 토마슨 지음;한재호 옮김, 흐름,2024
철학,(빅터 프랭클의)죽음의 수용소에서,20세기를 대표하는 사상가이자 정신 의학자인 빅터 프랭클의 자전적인 에세이. 나치 강제 수용소에서 겪은 참혹한 고통을 건조하고 담담한 시선으로 술회한다.,https://shopping-phinf.pstatic.net/main_3248560/32485602637.20230912083634.jpg, 빅터 프랭클 지음;이시형 옮김, 청아,2020
철학,10대를 위한 비판적 사고력 수업,“도대체 비판적 사고는 어떻게 하는 거지?!” 연애나 친구 문제부터 일상과 시사 토픽까지. 이론과 실전으로 완성하는 비판적 사고력 수업.,https://shopping-phinf.pstatic.net/main_5103243/51032430627.20241026091139.jpg," 이현주,이현옥 지음", 지노,2024
철학,기억한다는 착각,"누구나 한 번쯤 무언가를 찾으러 부엌에 갔다가 “내가 뭘 찾고 있었지?”하며 머리를 긁적인 경험이 있을 것이다. 소득 없이 다시 방으로 돌아왔을 때 불현듯 찾으려 했던 물건이 기억나지 않았는가? 《기억한다는 착각》은 오랫동안 우리가 믿어왔던 기억에 대한 고정관념을 정면으로 뒤집으며, 기억의 메커니즘을 심층적으로 탐구한다.",https://shopping-phinf.pstatic.net/main_5353120/53531200990.20250315082211.jpg, 차란 란가나스 지음;김승욱 옮김, 김영사,2025
철학,(부와 행복을 끌어당기는)말의 알고리즘,"지금 삶이 불만족스럽다면 병든 말의 알고리즘을 갖고 있을 가능성이 크다. 부와 행복을 원한다면 이제부터는 건강한 말의 알고리즘을 선택해 보자. 책 《말의 알고리즘》에는 이를 위한 구체적이고 현실적인 솔루션들이 담겨 있다. 책에 수록된 방법들과 긍정의 말을 따라 하다 보면, 기분이 좋아지고, 능력이 향상되고, 건강해지며, 좋은 관계가 만들어지는 경험을 하게 될 것이다.",https://shopping-phinf.pstatic.net/main_3273412/32734128625.20230906071130.jpg," 고은미,김정호 지음", 한밤의책(스몰빅미디어),2022
철학,(부와 행복을 끌어당기는)말의 알고리즘,"지금 삶이 불만족스럽다면 병든 말의 알고리즘을 갖고 있을 가능성이 크다. 부와 행복을 원한다면 이제부터는 건강한 말의 알고리즘을 선택해 보자. 책 《말의 알고리즘》에는 이를 위한 구체적이고 현실적인 솔루션들이 담겨 있다. 책에 수록된 방법들과 긍정의 말을 따라 하다 보면, 기분이 좋아지고, 능력이 향상되고, 건강해지며, 좋은 관계가 만들어지는 경험을 하게 될 것이다.",https://shopping-phinf.pstatic.net/main_3273412/32734128625.20230906071130.jpg," 고은미,김정호 지음", 한밤의책(스몰빅미디어),2022
철학,(부와 행복을 끌어당기는)말의 알고리즘,"지금 삶이 불만족스럽다면 병든 말의 알고리즘을 갖고 있을 가능성이 크다. 부와 행복을 원한다면 이제부터는 건강한 말의 알고리즘을 선택해 보자. 책 《말의 알고리즘》에는 이를 위한 구체적이고 현실적인 솔루션들이 담겨 있다. 책에 수록된 방법들과 긍정의 말을 따라 하다 보면, 기분이 좋아지고, 능력이 향상되고, 건강해지며, 좋은 관계가 만들어지는 경험을 하게 될 것이다.",https://shopping-phinf.pstatic.net/main_3273412/32734128625.20230906071130.jpg," 고은미,김정호 지음", 한밤의책(스몰빅미디어),2022
철학,안다는 착각,"일본 아마존에서 입소문만으로 18만 부를 돌파한 책이다. 이 책은 그동안 분명 글을 읽고 난 뒤인데도 내용을 이해할 수 없었던 이유를 선명하게 밝혀 준다. 분명 읽고 내용을 안다고 생각했는데 질문에는 답할 수 없던 이유는, 정확히 모르는데 ‘알고 있다’고 ‘착각’했기 때문이다.",https://dls2.edunet.net/DLS/api/homepage/holding/getCoverImage.do?prov_code=E10&neis_code=E100000276&bib_key=34206516762, 니시바야시 가츠히코 지음;박귀영 옮김, 21세기북스,2025
철학,페이크와 팩트,"우리가 비합리적으로 사고하는 패턴들을 이해하고, 비판적 사고력을 기르는 방안을 제시한다. 역사 속 실패들을 보여주고 통찰력을 길러 실수를 반복하지 않는 방법을 이야기한다. 페이크들에 속지 않고 나를 지키고 미래를 구할 해답이 이 안에 있다.",https://dls2.edunet.net/DLS/api/homepage/holding/getCoverImage.do?prov_code=E10&neis_code=E100000276&bib_key=34206520770, 데이비드 로버트 그라임스 지음;김보은 옮김, 디플롯,2025
철학,불편함에 편안함을 느껴라,"저자가 극심한 불안과 공황을 극복하기 위해 직접 부딪히고, 넘어지고, 다시 일어서며 깨달은 31가지 도전의 기록이다. 그가 경험한 모든 실험은 단순한 모험이 아니라, 두려움을 조련하고, 삶을 더 깊이 이해하며, 정신적으로 단단해지는 과정 그 자체다.",https://dls2.edunet.net/DLS/api/homepage/holding/getCoverImage.do?prov_code=E10&neis_code=E100000276&bib_key=34206524066, 벤 알드리지 지음;정시윤 옮김, 파인북,2025
철학,오십에 읽는 맹자(孟子),"맹자의 언행과 맹자와 왕, 맹자와 제자들의 담화가 담긴 《맹자》에서 오십에게 필요한 58가지 이야기를 골라 우리 시대 이야기와 함께 담은 책이다. 약 2,300년 전 전국 시대의 왕들에게 군자가 갖춰야 할 마음과 태도에 대하여 조언한 맹자에게 사리 판단을 잘하고, 생각이 한쪽으로 치우치지 않으며, 존경받고, 너그럽게 살 수 있는 방법을 배울 수 있다.",https://dls2.edunet.net/DLS/api/homepage/holding/getCoverImage.do?prov_code=E10&neis_code=E100000276&bib_key=34206665569, 조형권 지음, 유노북스(유노콘텐츠그룹),2025
철학,도망칠 용기,"일본 베스트셀러 저자이자 정신건강의학과 전문의로서 몸과 마음의 건강을 회복하는 데 다양한 해결법을 제시해 온 와다 히데키가 이번에는 ‘도망칠 용기’에 대해 이야기한다. 저자는 업무 과중으로 인한 과로사, 취업 실패나 생활고, 따돌림이나 폭력 등 인간관계에서 오는 스트레스 환경에서도 버티는 사람들에게 ‘용기 내어 도망치라’고 조언한다.",https://dls2.edunet.net/DLS/api/homepage/holding/getCoverImage.do?prov_code=E10&neis_code=E100000276&bib_key=34206760709, 와다 히데키 지음;심지애 옮김, 한가한오후,2025
철학,공부의 재발견,"박주용 교수는 인지심리학자이자 교육자로서 공부의 본질을 전하고 과학적으로 검증된 공부법을 소개하기 위해 특강 형식으로 책을 구성했다. 오리엔테이션으로 출발해 1강부터 7강까지 강의마다 공부법의 신화를 파헤치며, 과학적 공부법을 소개한다.",https://dls2.edunet.net/DLS/api/homepage/holding/getCoverImage.do?prov_code=E10&neis_code=E100000276&bib_key=34206779094, 박주용 지음, 사회평론,2025
철학,욕을 먹어도 신경 쓰지 않는 사고방식,지금 우리 사회에는 악성 비난이나 댓글에 대응하고 마음의 평정을 유지할 수 있을지에 대한 가이드가 절실하다. 이 책은 바로 이러한 시대적 요구에 부응한다. 작가 자신이 겪은 일과 심리학적 지식을 바탕으로 타인의 평가에 흔들리지 않고 자신만의 길을 걸어가는 구체적인 방법을 제시한다.,https://shopping-phinf.pstatic.net/main_5550062/55500621548.20250628072029.jpg, 호리 모토코 지음;박수현 옮김, 파인북,2025
철학,말하지 않고 이기기로 했다,"소통 강박에서 벗어나 말하지 않고도 관계를 지키는 현실적인 방법을 이야기한다. 말이 힘든 사람, 말이 많아 피곤했던 사람, 대화가 고통이었던 모두에게 “말하지 않아도 괜찮다”는 단순하고 강력한 메시지를 건넨다. 침묵은 회피가 아니라, 말로 싸우는 세상에서 내가 무너지지 않기 위한 가장 단단한 선택이다.",https://shopping-phinf.pstatic.net/main_5592191/55921911975.20250729091413.jpg, 최명기 지음, 시공사,2025
철학,뇌가 지쳤을 뿐이에요,"지친 현대인을 위한 ‘뇌 에너지 회복’ 안내서이다. 사소한 일에도 부정적인 감정이 쉽게 올라오고, 그 감정에 휘둘리다 보면 에너지는 고갈되고 결국 일에도 마음에도 여유가 사라진다. 이 책은 그런 일상의 악순환을 신경과학, 심리학, 조직행동학의 시선으로 쉽고 명쾌하게 풀어내며, 우리가 왜 자꾸 지치고 무너지는지를 이해하게 돕는다.",https://shopping-phinf.pstatic.net/main_5591936/55919361749.20250724092135.jpg, 뎁 스몰렌스키 지음;이상훈 옮김, 책장속북스,2025
철학,당연한 것들을 의심하는 100가지 철학,"소크라테스부터 마이클 샌델까지, 고전과 현대를 대표하는 철학자들이 제시하는 철학적 의심의 도구, 즉 ‘질문’이 담겨 있다. 100가지 질문은 당연함을 의심하게 하고, 그 순간 생각의 틀이 흔들리며 새로운 관점이 열린다.",https://shopping-phinf.pstatic.net/main_5590463/55904632066.20250723100732.jpg, 오가와 히토시 지음;곽현아 옮김, 이든서재,2025
철학,"큰 뜻을 품은 자여, 왜 그 자리에 머물러 있는가","사람을 먼저 생각하는 태도, 말보다 행동을 중시하는 삶의 자세, 그리고 인생을 어떤 마음으로 대해야 하는지에 대한 깊은 통찰까지 다산의 말에는 단순한 옛사람의 충고를 넘어, 오늘을 살아가는 데 꼭 필요한 철학이 담겨 있다.",https://shopping-phinf.pstatic.net/main_5539654/55396543528.20250621110322.jpg, 정약용 지음;이근오 엮음, 모티브,2025
철학,내면의 그림: C. G. 융이 분석심리학적 치료를 위해 가시화한 내면의 이미지들,"분석심리학의 창시자인 C. G. 융(1875~1961)이 자신의 환자들과 함께 만들어낸 예술창작물들이 2018년에 대중에게 공개되었다. 1948년에 취리히에서 설립된 C. G. 융 연구소가 설립 70주년을 맞이하여, 그동안 대중에게 거의 공개하지 않았던 환자들의 그림을 공개한 것이다.",https://shopping-phinf.pstatic.net/main_3247309/32473092908.20240912092056.jpg, 루트 암만;베레나 카스트;잉그리트 리델 [공]지음;박경희 옮김, 뮤진트리,2021
철학,다크 심리학,"‘다크 심리학’은 인간 본성의 어두운 면을 탐구하여 타인의 감정을 조종하거나 조작하는 기술을 융합한 것이다. 그런데 최근 들어 수많은 사람이 다크 심리학에 깊은 관심을 보인다. 과연 왜 그럴까? 바로 힘과 지혜, 권력과 지식을 통해 자신의 현재 삶을 바꾸고 싶은 인간의 심리가 기저에 깔려 있기 때문이다.",https://shopping-phinf.pstatic.net/main_5589735/55897358373.20250723101012.jpg, 다크 사이드 프로젝트 지음, 어센딩,2024
철학,나에게 친절해지는 연습,"경쟁에 내몰려 힘들어하고 주변의 잣대에 맞추기 위해 애쓰고, 남들과 비교하느라 정작 자신을 돌보지 못하는 청소년들에게 자신을 잃지 않고 건강하고 행복한 몸과 마음을 지키기 위해, 자신을 이해하고 응원하며 원하는 바를 찾아나가기 위해 ‘나에게 친절해지는 연습’을 제안한다.",https://shopping-phinf.pstatic.net/main_5161298/51612989621.20241128071032.jpg, 일레인 보몬트;메리 웰포드 [공]지음;김인경 옮김, 뜨인돌,2024
철학,한 번 읽으면 절대 잊을 수 없는 철학 교과서,균형 잡힌 스토리라인으로 이해하는 획기적인 철학 입문서. 이 책은 고대부터 현대까지 각 시기를 대표하는 총 60인의 철학자를 소개하면서 그들이 품었던 의문의 역사를 하나의 스토리로 엮음으로써 철학사 전체의 흐름을 한눈에 살펴볼 수 있게 했다.,https://shopping-phinf.pstatic.net/main_5109300/51093009618.20241101072419.jpg, 네오고등유민 지음;김정환 옮김, 시그마북스,2024
철학,너에게 들려주는 꿋꿋한 말,"올바른 삶에 대한 정답을 보여주지 않는다. 대신 10대들이 흔들리는 자신의 마음을 조용히 들여다보고, 의지를 놓지 않음으로써 불안하고 때로는 상처받아도 그 안에서 생각의 뿌리를 내리고, 꿋꿋하게 나아가는 힘을 길러주는 문장들이 가득하다.",https://shopping-phinf.pstatic.net/main_5569611/55696113651.20250709092538.jpg, 김종원 지음, 퍼스트펭귄,2025
철학,의심의 과학,오랫동안 편집증은 심각한 정신 건강 문제를 가진 사람들만의 경험이며 효과적인 치료법은 없다는 통념이 지배적이었다. 《의심의 과학》은 이러한 기존 견해를 근본적으로 뒤집어버린 대니얼 프리먼의 연구 현장을 생생히 전달한다.,https://shopping-phinf.pstatic.net/main_5600317/56003177338.20250730092059.jpg, 대니얼 프리먼 지음;홍석윤 옮김, 상상스퀘어,2025
철학,왜 공감해야 하나요?,"공감은 무엇이며, 왜 필요할까? 우리는 나와 다른 이들을 편견 없이 어떻게 이해하고 수용할 수 있을까? 혐오와 차별 문제, 동물권, 기후 환경, 난민 수용과 세계시민정신, 시험능력주의, 인공지능의 영향에 이르기까지. 현장에서 청소년과 다양한 책 읽기와 토론을 해온 독서교육 전문가들이 16편의 인문학 도서를 바탕으로 공감의 방법을 알려준다.",https://shopping-phinf.pstatic.net/main_5326867/53268673374.20250301092230.jpg, 임성미 [외]지음, 선스토리,2025
철학,다크 심리학. 2: 휘둘리지 않는 법,"우리는 스스로 선택한다고 믿지만, 실제로는 누군가의 말과 시선, 침묵 하나에 의해 선택을 바꾸곤 한다. “나는 정말 나인 채로 행동하는가?”, “왜 나는 거절하지 못할까?”, “왜 마음에도 없는 웃음을 지을까?”, 『다크심리학 Ⅱ: 휘둘리지 않는 법』은 바로 이 불편한 질문을 집중적으로 다룬다.",https://shopping-phinf.pstatic.net/main_5675574/56755748058.20250917095235.jpg, 다크 인사이트 지음, 다크 인사이트 스튜디오,2025
철학,왜 당신은 태도가 아니라 인생을 탓하는가,"카뮈, 비트겐슈타인, 한나 아렌트, 칼 융을 비롯해 동서양의 사상가와 위인들이 남긴 사유를 ‘태도’라는 키워드로 엮어낸 책이다. 그들의 문장과 삶을 따라가다 보면, 우리가 처한 불안과 무기력 속에서 어떤 태도로 살아가야 하는지에 대한 힌트를 얻게 된다.",https://shopping-phinf.pstatic.net/main_5723297/57232975613.20251016071140.jpg, 고윤(페이서스코리아) 지음, 딥앤와이드(Deep&wide),2025
철학,생각의 기술,흔히 논리학이라고 하면 19세기 이후의 논리학을 생각한다. 그러나 이 책은 아리스토텔레스와 칸트로 대표되는 전통 논리학을 복원하면서 독자들이 쉽게 논리 지식을 얻도록 안내하는 책이다.,https://shopping-phinf.pstatic.net/main_5056360/50563603657.20260331100414.jpg, 코디 정 지음, 이소노미아,2024
철학,생각이란 무엇인가,"2024년 4월 세상을 떠난 철학자 대니얼 데닛의 자서전이자 그의 마지막 단독 저서이다. 이 책에서 데닛은 평생 자신을 매혹했던 마음, 자유의지, 종교, 인공지능, 의미 등 인간에 관한 아주 근본적인 탐구에 관한 자신의 생각이 어떻게 탄생하고 진화해 왔는가 기록한다.",https://shopping-phinf.pstatic.net/main_5860502/58605027694.20260331113016.jpg, 대니얼 C. 데닛 지음;신광복 옮김, 바다,2025
철학,사물의 철학,"문학평론가로 시작하여 작가, 러닝디자이너로 그 역할을 끊임없이 옮기고 확장시켜가는 함돈균의 『사물의 철학』이 전면 개정판, 새로운 옷을 입었다. 꼭 닮은 형제 격의 ‘시간’ 인문 에세이 『순간의 철학』의 앞에 놓여질 책. 이제 어깨동무한 두 책의 매무새가 비로소 나란해졌다.",https://shopping-phinf.pstatic.net/main_3923360/39233608623.20260331104406.jpg, 함돈균 지음, 난다,2023
철학,순간의 철학,"문학평론가이자 연구자, 무엇보다 ‘글쟁이’ 함돈균의 인문학 이야기. 일상 속 ‘시간’, 익숙하여 깨닫지 못하는 순간의 특별함과 존재의 의미를 내밀히 다루었다.",https://shopping-phinf.pstatic.net/main_3243613/32436138539.20260331110953.jpg, 함돈균 지음, 난다,2021
철학,한 번 읽으면 절대 잊을 수 없는 철학 교과서,균형 잡힌 스토리라인으로 이해하는 획기적인 철학 입문서. 이 책은 고대부터 현대까지 각 시기를 대표하는 총 60인의 철학자를 소개하면서 그들이 품었던 의문의 역사를 하나의 스토리로 엮음으로써 철학사 전체의 흐름을 한눈에 살펴볼 수 있게 했다.,https://shopping-phinf.pstatic.net/main_5109300/51093009618.20241101072419.jpg, 네오고등유민 지음;김정환 옮김, 시그마북스,2024
철학,철학자 16인의 인생수업,동서양의 주요 철학자 16인을 MBTI 성격 유형에 따라 분석한 뒤 그들의 삶과 철학을 통해 실질적인 삶의 태도와 방향성을 제시하는 인생 안내서이다. 친근한 MBTI를 통해 철학자들의 심리적 기질과 내면의 고뇌를 탐구하며 철학을 보다 인간적이고 실용적인 차원에서 접근한다.,https://shopping-phinf.pstatic.net/main_5500457/55004573693.20260331102712.jpg, 이요철 지음, 미다스북스,2025
철학,AI를 압도하는 내면 경쟁력,"‘인공감성지능융합연구센터’ 이헌주 교수가 인공지능 기반의 심리 연구, 다양한 임상 경험, 심리학적 이론을 토대로 급격한 시대 변화 속에서도 ‘삶의 주도권’을 잡을 수 있는 내면의 힘을 집중 조망했다.",https://shopping-phinf.pstatic.net/main_5493960/54939600660.20260331113836.jpg, 이헌주 지음, 라이프앤페이지,2025
철학,출근길 심리학,"아침마다 눈 뜨는 것이 괴롭고, 출근하자마자 퇴근하고 싶거나, 퇴근을 했는데도 일거리가 머릿속에서 떠나지 않아 고통스러운 시간을 보내고 있다면 당신의 출근길은 아마도 고통스러운 시간일 것이다. 이 책은 쉼 없이 돌아가는 현대사회에서 직장인으로 살아가는 시간이 괴롭게만 느껴지지 않도록 실질적인 해결책을 고민하고 직장 생활을 잘해나가는 방법에 대해 알려준다.",https://shopping-phinf.pstatic.net/main_4544671/45446710620.20260331095657.jpg, 반유화 지음, 다산초당,2024
철학,아주 오래된 행복론,20세기 프랑스의 대표적인 철학가이자 비평가인 알랭이 1906년부터 1936년까지 프랑스 신문에 연재한 철학적이고 짧은 에세이(일종의 칼럼으로 프로포[propos]라고 불렀다) 중에서 행복을 주제로 한 글을 선별해 담은 에세이집이다.,https://shopping-phinf.pstatic.net/main_5248047/52480475630.20260331100451.jpg, 알랭 지음;김정은 옮김, Arte(북이십일 아르테),2025
철학,(10대가 꼭 읽어야 할)논어,"왜 공부해야 하고, 어떤 태도로 살아야 하며, 관계는 어떻게 맺어야 하는지를 다시 묻는다. 공자의 말을 그래픽 노블로 풀어 학습·태도·관계를 스스로 생각하고 선택하게 만드는 10대를 위한 논어 입문서다.",https://shopping-phinf.pstatic.net/main_5857180/58571808676.20260331121652.jpg, 공자 원저;인동교 글·그림, 시간과공간사,2026
철학,하버드 자존감 수업,"불안과 초조, 감정 기복, 과도한 비교로 괴로움을 겪는 일상의 증상들을 자존감 부족의 신호로 짚으며, 하버드 의과대학에서 40여 년간 마음챙김을 연구·가르쳐 온 로널드 시걸이 임상 사례와 연구를 바탕으로 ‘있는 그대로의 나’를 긍정하는 회복법을 제시한다. 남들보다 뛰어나야 한다는 강박이 어떻게 우리를 소진시키는지 설명하고, 누구나 바로 실천할 수 있는 마음챙김 기반 해결법을 안내한다.",https://shopping-phinf.pstatic.net/main_5790833/57908330742.20260331101033.jpg, 로널드 시걸 지음;김미정 옮김, 현대지성,2025
철학,1등은 행복할까?,"학창 시절 1등과 꼴찌였던 저자들이 선생님이 되어 학생들과 만나기까지 성적이라는 틀에서 벗어나 자신의 진정한 꿈을 찾고 그 속에서 행복하기 위해 부단히 애썼던 경험을 담고 있다. 1등이라서 행복하고 꼴찌라서 불행하기만 하지 않다는, 누구나 알고 있지만 또 와닿지 않는 지점을 이야기하며 솔직하고도 깊이 있는 자신들의 고민을 전한다.",https://shopping-phinf.pstatic.net/main_5584641/55846412183.20260331120903.jpg," 김세진,손슬아 지음", 자음과모음,2025
철학,서른 살이 심리학에게 묻다,"심리학이 서른 살의 삶과 일, 사랑, 인간관계에 대해 들려주고 싶은 이야기들을 담고 있는 책. 지은이 김혜남은 ‘내 인생, 도대체 뭐가 문제인 걸까? 진정 내가 원하는 것은 무엇일까? 내게도 다시 사랑이 올까?’ 등을 고민하며 방황하는 서른 살을 위해 35개의 테마로 나누어 삶이 외롭고 우울한 진짜 이유들을 분석한다.",https://image.aladin.co.kr/product/171/30/cover500/8901078589_2.jpg, 김혜남 지음, 갤리온,2009
철학,"마흔, 논어를 읽어야 할 시간","마흔이라는 시간은 조언자 또는 리더로 서야 하는 인생의 더 큰 단계로 우리를 안내한다. 그럴 때 스스로에게 묻는다. ‘과연 나는 누군가에게 길이 되는 삶을 살고 있는가, 아니면 반면교사로 살아가고 있는가.’ 동양철학자 신정근 교수는 인생의 절반에서 여러 장벽 앞에 선 이들을 위해 그 해답을 시대를 뛰어넘는 정신적 지도자 공자에게서 찾았다. 그리고 ‘이제 인생이 조금 보이기 시작한’ 마흔이야말로 논어와 소통할 수 있는 최고의 시간라고 말한다.",https://image.aladin.co.kr/product/1331/83/cover500/8950933403_1.jpg, 신정근 지음, 21세기북스,2012
철학,철학으로 돌파하라,"일터에서, 미디어에서, 광장에서, 일상에서 우리 삶의 길잡이가 되어줄 43가지 철학의 시선. 지금까지 20여 권의 철학 교양서를 펴내며 40만 독자를 만나온 안광복이 지금 가장 뜨거운 사회적 화두들에 철학의 시선으로 접근한다.",https://shopping-phinf.pstatic.net/main_5240380/52403805625.20260331101226.jpg, 안광복 지음, 사계절(사계절출판사),2025
철학,한비자,"<한비자>는 법가 사상을 집대성한 한비(韓非, 기원전 280~?)의 정치 사상서이다. 글항아리의 '동양고전 시리즈' 두 번째 책으로, 중문학자 김원중 교수가 번역을 맡았다. 이 책은 한비의 <한비자> 가운데 유래가 분명한 편명을 선별해 완역한 것이다. 원문에 충실한 직역을 위주로 하면서 의미가 불분명한 부분에서는 의역을 곁들였다.",https://image.aladin.co.kr/product/787/82/cover500/8993905371_1.jpg, 한비 지음;김원중 옮김, 글항아리,2012
철학,철학은 내 친구. 1,"청소년들을 대상으로 한 철학 입문서. '철학하기'와 '철학 개념'을 쉽고 재미있게 전달하는 데 주력했다. 속담, 동화, 소설, 시 등 친숙한 이야기를 특유의 재치와 유머를 섞어 철학적 사고하기로 변주한다. 또한, 낯선 철학 용어들을 혼동하지 않도록 명확히 구별해 친절하게 설명하는 것도 빼놓지 않는다.",https://image.aladin.co.kr/product/273/65/cover500/8972782718_1.jpg, 위기철 지음;정우열 그림, 청년사,2010
철학,철학은 내 친구. 2: 사고와 연산,"1991년 출간된 <철학은 내 친구>의 개정판. 청소년들을 대상으로 한 철학 입문서다. '철학하기'와 '철학 개념'을 쉽고 재미있게 전달하는 데 주력하였다. 속담, 동화, 소설, 시 등 친숙한 이야기를 특유의 재치와 유머를 섞어 철학적 사고하기로 변주한다. 책 전체를 친근한 대화체로 쓴 이유도 그 때문이다.",https://image.aladin.co.kr/product/286/23/cover500/8972782726_1.jpg, 위기철 지음;정우열 그림, 청년사,2011
철학,나는 까칠하게 살기로 했다,"가정에서, 학교에서, 회사에서 '관계'의 어려움, '소통'의 문제를 호소하는 사람들이 늘고 있다. 이런 문제를 해결하고자 정신과 전문의이자 대인관계 전문가인 양창순 박사가 펴낸 책이다. 자신의 자존감을 지키면서도 사람의 마음을 움직이는 심리적 방법을 다양한 임상 사례와 심리학 이론을 통해 쉽고 재미있게 풀어, 우리 일상에 바로바로 적용할 수 있도록 소개한다.",https://image.aladin.co.kr/product/1495/37/cover500/899674641x_1.jpg, 양찬순 지음, 센추리원,2012
철학,커넥트,"세계적인 명상가이자 뇌교육자인 저자는 삶에서 일어나는 숱한 문제들이 자기가 누구인지 모르고, 자기 자신과의 깊은 연결이 끊어진 데 원인이 있음을 발견하고, 그 연결을 회복하는 방법으로 브레인명상을 소개한다.",https://image.aladin.co.kr/product/19395/81/cover500/s692635310_1.jpg, 이승헌 지음, 한문화,2019
철학,행복의 품격,"저자의 강연 중 많은 사람들이 궁금해 하고 호응했던 ‘행복의 심리학’ 강연의 핵심만을 뽑아 새롭게 정리하고 추가 집필한 책이다. 저자는 오랫동안 ‘행복’의 문제에 대해 함께 고민하고 연구해온 심리학자 부부이며, 행복한 삶을 위한 심리 프로그램인 ‘삼성-멘탈 휘트니스’의 연구개발자이다.",https://image.aladin.co.kr/product/19418/5/cover500/8947544868_1.jpg, 고영건;김진영 [공]지음, 한국경제신문,2019
철학,(단 한 걸음의 차이)자신감,"자신감에 관한 철학자 샤를 페팽은 연습을 통해 얼마든지 자신감을 끌어올릴 수 있다고 말하며 일상에서 실천하기 쉬운 9가지 법칙을 소개한다. 자신만만하게 삶을 살아가는 사람들을 통해 자신감을 어떻게 끌어냈는지, 자신감이 그들의 삶을 어떻게 바꿨는지 알아보고, 자크 라캉, 니체, 프로이트, 에머슨 등 철학자들을 통해 자신감이 어디에서 나오는지 그 근원을 밝힌다.",https://image.aladin.co.kr/product/19320/13/cover500/8965781736_1.jpg, 샤를 페팽 지음;김보희 옮김, 미래타임즈,2019
철학,나무늘보 널 만난 건 행운이야,"사랑스러운 나무늘보가 들려주는 말과 그림으로 가득하다. 치열한 경쟁에 뒤처지지 않으려고 자신을 닦달하고 몰아세우는 당신이, 얽히고설킨 관계로 마음에 상처를 입은 당신이, 아무것도 아닌 ‘나’에 대한 고민으로 괴로운 당신이 오늘 나무늘보를 만난 것은 정말 행운이다. 나무늘보를 보는 것만으로도 깊은 위로를 받고 나만의 속도로 살아갈 용기를 얻을 것이기 때문이다.",https://image.aladin.co.kr/product/19404/14/cover500/897277328x_1.jpg, 앨리슨 데이비스 지음;카롤리나 버지오 그림;윤동준 옮김, 리드리드출판,2019
철학,인간발달,"인간발달의 초기인 아동기의 발달뿐만 아니라 청년기, 성인기의 발달도 같은 비중으로 다루어야 한다는 평생발달의 관점에서, 인간발달의 기초를 다루는 제반이론과 연구법, 태내기로부터 영유아기, 학동기까지의 아동을 다루고 있다.",https://image.aladin.co.kr/product/7973/30/cover500/8936315501_1.jpg," 조복희,도현심,유가효 공저", 교문사,2016
철학,순수이성비판. 1,"서울대 철학과 백종현 교수의 20년 이상의 주해 연구와 강독, 그리고 지금까지 이루어졌던 국내외 연구 성과 및 최근에 학계에서 벌인 번역어 표준화 작업 결과를 바탕으로 칸트의 을 새롭게 역주했다.",https://image.aladin.co.kr/product/66/97/cover500/8957330836_1.jpg, 임마누엘 칸트;백종현 옮김, 아카넷,2012
철학,상처받지 않는 영혼,"아마존 심리학 1위에 빛나는 마이클 싱어의 책. 한국과 인연이 깊은 저자의 한국어판 서문과 성해영 교수의 감수와 함께 완전판으로 돌아온 이 작품은 ‘여행 갈 때 반드시 챙겨가야 할 책’으로 유명해진 심리, 치유서의 전설적 저술이다.",https://image.aladin.co.kr/product/4030/24/cover500/8998075083_2.jpg, 마이클 A. 싱어 지음;이균형 옮김, 라이팅하우스,2014
철학,필요가 피로가 되지 않게,매일같이 원고를 마감하며 바쁜 하루를 보내는 일본의 인기 서평가가 자신만의 경험과 생각을 바탕으로 우리 인생에 ‘필요한 것’과 ‘필요 없는 것’을 취사선택하는 기술을 알려주는 책이다.,https://image.aladin.co.kr/product/27310/74/cover500/k302732120_1.jpg, 인나미 아쓰시 지음;전경아 옮김, 필름,2021
철학,(쉽게 읽고 되새기는 고전) 맹자,클래식 브라운 시리즈 4권. <맹자>를 철저히 분석해서 누구나 쉽게 읽을 수 있도록 포켓 크기 책에 담았다. 인의의 도덕정신에 기초한 양심 회복과 정의로운 사회 건설을 주장했던 맹자의 사상은 2천 년을 지나 오늘날까지 빛을 발한다.,https://image.aladin.co.kr/product/8737/64/cover500/k092535588_1.jpg, 맹자 원저;신창호 지음, 생각정거장,2016
철학,생각의 탄생,"레오나르도 다빈치, 아인슈타인, 파블로 피카소, 마르셀 뒤샹, 리처드 파인먼, 버지니아 울프, 제인 구달, 스트라빈스키, 마사 그레이엄 등 역사 속에서 뛰어난 창조성을 발휘한 사람들이 과학, 수학, 의학, 문학, 미술, 무용 등 분야를 막론하고 공통적으로 사용한 13가지 발상법을 생각의 단계별로 정리한 책.",https://image.aladin.co.kr/product/90/57/cover500/8995688998_1.jpg, 로버트 루트번스타인;미셸 루트번스타인 지음;박종성 옮김, 에코의서재,2008
철학,프리드리히 니체,"메콤새콤 시리즈 12권. 이야기의 서술은 내레이션을 최소화하고 대사가 중심이 되는 방식을 취하여, ‘만화로 쓰는 인물 소설’이라고 해도 될 만큼 재미있게 읽을 수 있다. 실제에서 참조할 각주들을 풍부하게 제시하므로 유익함에서도 뒤질 바가 없다.",https://image.aladin.co.kr/product/4124/27/cover500/8998066262_1.jpg, 막시밀리앙 르 루아 글·그림;미셸 옹프레 원작;임명주 옮김;이수영 해제, 작은길,2014
철학,철학자와 늑대,야성을 간직한 채 인간 세계에 동참한 늑대와 그의 소울메이트 괴짜 철학자의 우정. 11년 동안 실과 바늘처럼 함께한 그들의 모험담을 통해 실존하는 인간 그 자체와 우리가 인정하기 싫은 인간의 본질에 대한 성찰을 유머와 감동으로 풀어낸다.,https://image.aladin.co.kr/product/2084/8/cover500/8992355920_1.jpg, 마크 롤랜즈 지음;강수희 옮김, 추수밭,2013
철학,토닥토닥 마음톡,마음을 그리는 심리상담가 웰시의 십대를 위한 마음 치유 에세이. 감정의 파도가 요동치는 시기를 통과하는 십대들에게 지금 겪는 감정이 지극히 자연스러운 것임을 가르쳐 주는 책이다.,https://image.aladin.co.kr/product/19546/2/cover500/8965135575_1.jpg, 웰시 지음, 리듬문고,2019
철학,"십대, 지금 있는 곳에서 시작하라","호랑이 탈을 쓰고 함께 노래하며 적극적으로 학생들과 소통하는 ‘괴짜’ 교장선생님의 십대를 위한 성장과 치유보고서다. 진정한 교육은 학생 하나하나의 다름을 인정하는 데서 시작함을 일깨워주는, 이 시대의 특별하고 억척스런 방승호 교장선생님의 따뜻한 메시지가 담겨 있다.",https://image.aladin.co.kr/product/19052/57/cover500/k082635295_1.jpg, 방승호 지음, 메이트북스,2019
철학,나에게도 자존감이란 무기가 생겼습니다,"‘나를 사랑하는 일에 서툰 청소년’들을 위한 자기계발 에세이다. 고정욱 작가는 “자존감은 누가 주는 것이 아니라 스스로 만드는 것이다. 나의 자존감 역시 내가 가꾸고 키웠다. 끊임없이 노력했고, 어려움을 견디고 이겨냈다. 자존감을 상처 내는 일을 절대 허락하지 말라”고 말한다.",https://image.aladin.co.kr/product/20646/92/cover500/896513563x_1.jpg, 고정욱 지음, 리듬문고,2019
철학,운이 좋다고 말해야 운이 좋아진다,"누구보다 운을 좋게 만들고 싶은 당신에게 지금 처해 있는 현실을 가장 빨리 바꾸는 법을 알려준다. 뇌과학과 심리 요법, 언어 심리학 등에 기초한 방법으로, 언어만 구사할 수 있다면 누구나 쉽게 실천할 수 있다.",https://image.aladin.co.kr/product/19516/29/cover500/k662635827_1.jpg, 하시가이 고지 지음;하진수 옮김, 포레스트북스,2019
철학,어떻게 살아야 할지 막막한 너에게,"어떤 태도로 세상을 대할 것인가, 그래서 결국 어떻게 살 것인가. 첫 직장을 구할 때 주의할 점이나 부탁을 정중히 거절하는 법과 같이 일상생활에서 직면하는 구체적인 문제부터 행복의 의미, 가난을 대하는 태도 등 살면서 한 번쯤 고민하게 될 일들까지, 누군가 알려줬으면 좋겠다고 생각했지만 막상 물어볼 사람이 없었던 2030을 위한 메시지가 담겨 있다.",https://image.aladin.co.kr/product/20203/49/cover500/k802635643_1.jpg, 우쥔 지음;이지수 옮김, 오월구일,2019
철학,불편한 사람과 적당히 잘 지내는 방법,국내에서도 다수의 베스트셀러를 낸 유력 작가 사이토 다카시는 커뮤니케이션 분야에서도 ‘득도’한 인간관계 전문가이기도 하다. 이 책에는 그가 수년간 체득해온 대화법의 정수가 녹아 있다.,https://image.aladin.co.kr/product/21296/73/cover500/k462636480_1.jpg, 사이토 다카시 지음;장은주 옮김, Bethink,2019
철학,관자. 1,,https://image.aladin.co.kr/product/30331/29/cover500/scm3186915177572.jpg, 관중 지음;신동준 올김, 올재클래식스,2019
철학,청소년을 위한 이야기 상담과 치료,,https://image.aladin.co.kr/product/2231/55/cover500/8963309797_1.jpg, 김번영;김신희, 학지사,2013
철학,인생 리스타트! 나답게 자유롭게,"일본의 정신과 전문의 호사카 다카시의 책. 이 책은 는 일 찾기, 시간 투자, 인간관계, 부부관계, 자금관리 등 7개의 장으로 나누어 풍요로운 노후를 보내는데 꼭 알아두어야 할 조언을 담았다.",https://image.aladin.co.kr/product/6131/27/cover500/6000859608_1.jpg, 호사카 다카시 지음;박승희 옮김, 즐거운상상,2015
철학,신경 끄기의 기술,"수많은 선택지와 기회비용 앞에서 인생의 목적을 잃어버린 채 가치관의 혼란을 겪는 현대인들에게 뜻밖의 깨달음을 전한다. 더 나은 삶으로 가기 위한 5가지 가치관을 제시하고, 수많은 선택지와 기회비용 앞에서 가치관의 혼란을 겪는 현대인들에게 뜻밖의 깨달음을 준다.",https://image.aladin.co.kr/product/12005/79/cover500/8901219948_1.jpg, 마크 맨슨 지음;한재호 옮김, 갤리온,2017
철학,신경 끄기의 기술,"수많은 선택지와 기회비용 앞에서 인생의 목적을 잃어버린 채 가치관의 혼란을 겪는 현대인들에게 뜻밖의 깨달음을 전한다. 더 나은 삶으로 가기 위한 5가지 가치관을 제시하고, 수많은 선택지와 기회비용 앞에서 가치관의 혼란을 겪는 현대인들에게 뜻밖의 깨달음을 준다.",https://image.aladin.co.kr/product/12005/79/cover500/8901219948_1.jpg, 마크 맨슨 지음;한재호 옮김, 갤리온,2017
철학,"몰입, 생각의 재발견","행동과학 연구가 위니프레드 갤러거가 제안하는 몰입 관리의 법칙. 저자는 경험이 우리가 주목한 대상으로 이루어지며 이런 경험이 삶을 구축한다는 사실을 생생히 일깨우면서 부정적이고 불필요한 대상들에서 긍정적이고 유용한 대상들로 주목을 전환하고, 필요한 대상과 현재의 순간에 온전히 몰입하여 보다 완전한 삶을 살 수 있도록 가이드를 제시한다.",https://image.aladin.co.kr/product/764/53/cover500/8977183170_1.jpg, 위니프레드 갤러거 지음;이한이 옮김, 오늘의책,2010
철학,혼자 상처받지 않는 법,"서툰 인간관계 때문에 혼자 상처받거나 아예 관계를 놓아버리는 사람들을 위해 빠르고 효과 좋은 심리 처방을 내린다. 이 책에서 저자는 인간관계의 핵심으로 ‘배려’를 꼽는다. 진정한 인간관계는 처세가 아니라, 타인과 관계를 맺고 신경을 쓰는 일, 즉 ‘배려’에서 나오기 때문이다.",https://image.aladin.co.kr/product/10066/77/cover500/8952777816_1.jpg, 미즈시마 히로코 지음;오민혜 옮김, 시공사,2017
철학,세상을 바꿀 용기,교양 더하기 2권. 컬럼비아대학 교수이자 시민운동가인 존 슐림이 편자로 나선 이 책은 그렇듯 의미 있는 사회 변화를 이뤄내기 위해 떨쳐나선 청소년 활동가 52인의 솔직 담백한 성공담을 모아 엮은 논픽션이다.,https://image.aladin.co.kr/product/11167/19/cover500/8983948167_1.jpg, 존 슐림 엮음;정태영 옮김, 미래인,2017
철학,세상을 바꿀 용기,교양 더하기 2권. 컬럼비아대학 교수이자 시민운동가인 존 슐림이 편자로 나선 이 책은 그렇듯 의미 있는 사회 변화를 이뤄내기 위해 떨쳐나선 청소년 활동가 52인의 솔직 담백한 성공담을 모아 엮은 논픽션이다.,https://image.aladin.co.kr/product/11167/19/cover500/8983948167_1.jpg, 존 슐림 엮음;정태영 옮김, 미래인,2017
철학,마음 소화제,"<생각버리기 연습>의 신세대 스님 코이케 류노스케가 직접 그리고 쓴 마음을 치유하는 그림 이야기. 저자가 직접 그린 4컷 만화와 에세이로 구성되어 있다. 깜찍한 캐릭터들이 우왕좌왕하며 소동을 일으키는 모습은 마치 아동만화 같지만, 사실은 현대인의 모습을 나타낸 우화이다.",https://image.aladin.co.kr/product/11838/81/cover500/k512531628_1.jpg, 코이케 류노스케 지음;민경욱 옮김, 소미미디어,2017
철학,트라우마는 어떻게 유전되는가,"최신 과학은 '트라우마가 세대에서 세대로, 몸에서 몸으로 대물림된다'는 결정적 증거들을 속속 내놓고 있다. 따라서 트라우마의 근본적인 원인과 숨은 매커니즘을 이해하려면 적어도 3대에 걸친 가족사를 탐색해야 한다고 주장하며, 그 악순환을 끝낼 실질적이고도 유용한 해결책을 제시하고 있다.",https://image.aladin.co.kr/product/9648/72/cover500/k482535848_1.jpg, 마크 월린 지음;정지인 옮김, 푸른숲,2016
철학,(10대를 위한)마음산책,"청소년들을 위한 43가지 덕목을 실었다. 청소년들이 앞으로 가치관을 정립하는 데 꼭 한번쯤은 고민해보아야 할 덕목들이다. 가치관의 혼돈으로 방황하고 있는 청소년들에게 확고한 가치관을 심어주고, 세상을 긍정적으로 살아가도록 이끌어 줄 인성교육의 지침을 제시하고자 엮은 책이다.",https://image.aladin.co.kr/product/267/52/cover500/8989897300_1.jpg, 이충호 지음, 하늘아래,2008
철학,철학 대장간,"진정한 철학은 암기하는 것이 아니라, 세상과 나에 대해 스스로 고민하고 그 속에서 의미를 발견하는 것임을 강조하는 책. 세상에 대해 순진한 호기심이 가득한 청소년들이 스스로 문제를 제기하고 답을 찾아나가는 과정을 통해 비판적이고 새로운 사고를 지향한다. '철학 하기'의 참맛을 일깨우는 책이다.",https://image.aladin.co.kr/product/275/81/cover500/898394496x_1.jpg, 이브 미쇼 지음;박창호 옮김, 미래인,2008
철학,"손으로, 생각하기","전형적인 지식노동자의 길을 걸어온 저자가 그 모든 지위와 혜택을 포기하고 모터사이클 정비사로 변신하면서 깨달은 진정한 노동의 의미와 가치, 그리고 사무실 책상에서 벗어나 직접 자신의 손과 몸을 쓰며 사는 것이 우리 삶을 얼마나 더 풍요롭고 의미 있게 만드는지에 대한 내용을 다룬 책이다.",https://image.aladin.co.kr/product/11614/10/cover500/8993178798_1.jpg, 매튜 B. 크로포드 지음;윤영호 옮김, 사이,2017
철학,마음의 태도,"열 가지 키워드(나, 과거, 선택, 고요, 성공, 자연 등)를 중심으로 60개의 질문을 통해 자신을 돌아보고 마음을 가다듬을 수 있는 시간을 선물한다. 그 과정에서 우리는 스스로를 알게 된다. 얼마만큼 왔는지, 앞으로 어디로 가야 할 지. 누구나 인생에 한 번은 자기 마음을 따라가는 여행을 한다. 그 길을 웨인 다이어 박사의 《마음의 태도》와 함께하자.",https://image.aladin.co.kr/product/30436/69/cover500/k742830177_1.jpg, 웨인 다이어 지음;신솔잎 옮김, 더퀘스트(길벗),2022
철학,데이터는 어떻게 인생의 무기가 되는가,"빅데이터는 우리가 생각하는 ‘세상이 돌아가는 방식’이 실제로 세상이 돌아가는 방식과 다르다는 것을 근거를 가지고 보여준다. 데이터는 때론 직관에 완전히 반하는 통찰, 때로는 직관에 반하는 통념에 또다시 반하는 통찰을 준다.",https://image.aladin.co.kr/product/30216/74/cover500/k372839494_1.jpg, 세스 스티븐스 다비도위츠 지음;안진이 옮김, 더퀘스트(길벗),2022
철학,나는 나를 바꾸기로 했다,"중국의 아마존인 당당왕에서 10년 연속 심리학 베스트셀러에 오른 우즈훙은 20여 년간 연구한 심리학적 깨달음의 정수를 모아 《내 안의 나와 터놓고 대화하기》 시리즈를 출간했다. 외로움, 나르시시즘, 꿈, 성장 등 인생에서 가장 중요한 심리 상태를 바탕으로 마음을 치유하는 이야기를 풀어나간다.",https://image.aladin.co.kr/product/30103/41/cover500/8972773662_1.jpg, 우즈훙 지음;이에스더 옮김, 리드리드,2022
철학,어른이 되기 전에 꼭 한 번은 논어를 읽어라. 2,2500년 전에 쓰인 『논어』를 왜 최첨단 정보통신 기술 사회를 살아갈 현대의 청소년이 읽어야 할까? 이 질문에 답하기 위해 베스트셀러 저자인 판덩은 청소년의 눈높이에 맞춰서 공자의 삶과 지혜를 흥미롭게 풀어냈다.,https://image.aladin.co.kr/product/31217/74/cover500/k752831155_1.jpg, 판덩 지음;하은지 옮김, 미디어숲(다빈치하우스),2023
철학,도올 주역강해,도올 선생이 그가 가진 고전학의 지식을 모두 동원하여 《주역》에 대하여 세밀히 연구하고 그 뜻을 우리말로 명확히 전달되게 해설한 책이다.,https://image.aladin.co.kr/product/29842/76/cover500/898264153x_1.jpg, 김용옥 지음, 통나무,2022
철학,어른이 되기 전에 꼭 한 번은 논어를 읽어라. 1,‘2500년 전에 쓰인 『논어』를 최첨단 정보통신 기술 사회를 살아가고 있는 현대의 청소년들이 꼭 읽어야 할까?’ 이 질문에 답하기 위해 베스트셀러 <나는 불안할 때 논어를 읽는다>의 저자이자 4천만 독자가 따르는 독서회 리더 판덩이 청소년의 눈높이에 맞춘 논어 입문서를 펴냈다.,https://image.aladin.co.kr/product/30790/8/cover500/k242831469_1.jpg, 판덩 지음;하은지 옮김, 미디어숲(다빈치하우스),2023
철학,사춘기라서 그런 게 아니라 우울해서 그런 거예요,"십 대들의 우울한 마음을 잘 들여다보고 지친 마음을 보듬어 주는 심리 에세이다. 공부보다 뒷전에 밀리거나, 툭하면 사춘기로 오해받는 ‘십 대들의 우울’을 살펴보고 마음의 힘이 약했을 때마다 찾아오는 우울에 어떻게 대처해야 하는지 알려준다.",https://image.aladin.co.kr/product/26812/0/cover500/k852730193_1.jpg, 양곤성 지음, 팜파스,2021
철학,만일 내가 인생을 다시 산다면,“하나의 문이 닫히면 또 하나의 문이 열린다. 그러니 더 이상 고민하지 말고 그냥 재미있게 살아라!” 30년 동안 정신분석 전문의로 일해 온 김혜남이 벌써 마흔이 된 당신에게 해 주고 싶은 말들을 담은 책이다.,https://image.aladin.co.kr/product/31417/47/cover500/k382832110_1.jpg, 김혜남 지음, 메이븐,2022
철학,고1 책상 위에 동양고전,"청소년들이 공자, 맹자, 노자, 장자, 한비자, 부처 등 고전 사상가들이 했던 현실적인 고민들 속에서 ‘지금 내가’ 묻고 싶은 질문들에 대한 해답을 찾는 가운데 자연스레 인문 지식을 확장하면서 생각하는 힘까지 기르도록 도와주는 책이다.",https://image.aladin.co.kr/product/2177/20/cover500/8976777247_1.jpg, 김이수 지음, 명진,2012
철학,(KBS 특별기획 다큐멘터리)마음,"2006년 KBS TV에서 인기리에 방영된 다큐멘터리 '마음'은 '인간의 마음이 과연 무엇일까?'라는 근본적인 물음에서부터 시작된 탐구를 담고 있었다. 당시 시간 제약상 방영되지 않은 다량의 소중한 자료를 책으로 담고, 국내외 저명한 학자들이 소개하는 마인드 컨트롤 방법을 다뤘다.",https://image.aladin.co.kr/product/64/41/cover500/8959131547_2.jpg, 이영돈 지음, 예담,2013
철학,(하루를 마무리하는)저녁의 한 줄,"매일 저녁마다 읽으며 하루를 마무리 할 수 있게 하는 책. 1년 365일, 매일 저녁마다 사랑과 행복을 주제로 한 한 줄 명언들과 엮은이가 들려주는 잔잔한 글을 읽으며 하루를 마무리해보자.",https://image.aladin.co.kr/product/2206/92/cover500/899386652x_1.jpg, 김소벽 엮음, 씨앤아이북스,2013
철학,행복해질 용기,"일본 최고의 아들러 심리학 권위자, 기시미 이치로는 바로 지금, 여기에서 행복해지고 싶다면 아들러 심리학을 만나라고 권면한다. 원인 분석에 얽매인 통속적인 행복을 넘어 ‘바로 지금부터 행복해지기 위한 지침’을 제시한 아들러의 가르침을 정리했다.",https://image.aladin.co.kr/product/6282/99/cover500/8998015129_3.jpg, 기시미이치로 지음;이용택 옮김, 더좋은책,2015
철학,노력론,"은 혼잡한 세상에서 살아남기 위해 내 안에 숨겨진 잠재력을 꺼내야 할 때 읽어야 할 책이다. 이 책의 저자인 고다 로한은 처음부터 좋은 운명을 타고난 사람은 없으며, 다들 자신의 의지로 운명을 개척해 나가야 한다고 주장한다.",https://image.aladin.co.kr/product/11068/1/cover500/8963221180_1.jpg, 고다 로한 지음;김욱 옮김, 비전코리아,2017
철학,살며 사랑하며 배우며,"서던 캘리포니아 대학에서 18년 동안 교수로 재직했던 저자는 언제나 적극적이고 수업에도 충실했던 제자의 갑작스런 죽음 이후 젊은이들에게 생명의 중요성과 사랑의 기쁨을 가르쳐줄 필요성을 통감하고 ‘러브 클래스’라는 세미나를 시작했다. 자아실현과 사랑의 실천법에 대해 말하는 그의 강의는 곧 큰 호응을 얻기 시작했는데, 그 내용을 엮은 것이 바로 이 책이다.",https://image.aladin.co.kr/product/24699/75/cover500/k412631414_1.jpg, 레오 버스카글리아 지음;이은선 옮김, 홍익출판미디어그룹,2020
철학,생각은 힘이 세다,,https://image.aladin.co.kr/product/30/57/cover500/8972782297_2.jpg, 위기철 엮음, 청년사,2011
철학,노마의 발견. 1: 철학하는 내가 좋다,"생활 속에서 자연스럽게 철학을 받아들일 수 있도록 이끌어주는 읽기 쉬운 기본 입문서이다. 가정에서, 학교에서, 놀며 공부하며 떠올리는 생각들이 바로 철학의 씨앗임을 깨우치게 한다.",https://image.aladin.co.kr/product/88/76/cover500/8973379011_2.jpg, 어린이철학교육연구소 지음;임정아 그림, 해냄주니어,2011
철학,노마의 발견. 2: 생각하는 내가 좋다,"어떤 일에 부딪혔을 때 곰곰이 생각해 본 후 행동할 수 있도록 사고 능력을 키워주는 내용이다. 철학하기의 가장 중요한 자세라고 할 수 있는 생각하고 행동하는 것에 초점을 두고, 아이들이 논리적인 사고 방법을 터득하는 데 도움을 준다.",https://image.aladin.co.kr/product/88/76/cover500/897337902x_2.jpg, 어린이철학교육연구소 지음;임정아 그림, 해냄주니어,2010
철학,바보처럼 공부하고 천재처럼 꿈꿔라,반기문 유엔 사무총장이 세계의 청소년에게 전하는 꿈과 희망의 메시지. '외교관'이라는 꿈의 씨앗을 가슴속에 품었던 한 시골 소년이 많은 역경을 이겨내고 마침내 '세계의 대통령'이 되기까지의 과정을 담은 우리 시대의 희망 이야기이다.,https://image.aladin.co.kr/product/86/95/cover500/8976772431_1.jpg, 신웅진 지음, 명진출판사,2011
철학,결국 당신은 이길 것이다,"나폴레온 힐의 마지막 유작. 나폴레온 힐은 자신의 성장과 행복을 끈질기게 방해하는 자기 안의 ‘악마’와 대화를 시도하며 악마의 유혹과 술책이 무엇인지를 밝히는 동시에, 자신의 마음 저 밑바닥까지 계속 파고 들어갔다. 그리고 그 기록 전부를 이 책에 담았다.",https://image.aladin.co.kr/product/3066/51/cover500/8965960843_1.jpg, 나폴레온 힐 지음;샤론 레흐트 해설;강정임 옮김, 흐름출판,2013
철학,(외롭고 서툴고 고단한) 아빠에게 말을 걸다,"""나는 엄마에게 한 번도 좋은 딸인 적 없었다""는 신현림의 고백으로 시작한 <엄마 살아계실 때 함께 할 것들>이 3만 독자와 소통한 데 이어, ""하지만 나는 살아계신 나의 아빠에게만은 좋은 딸이고 싶다""는 고백과 함께 <아빠에게 말을 걸다>가 독자를 찾아간다.",https://image.aladin.co.kr/product/3103/52/cover500/896596086x_1.jpg, 신현림;신동환 [공] 지음, MY,2013
철학,(외롭고 서툴고 고단한) 아빠에게 말을 걸다,"""나는 엄마에게 한 번도 좋은 딸인 적 없었다""는 신현림의 고백으로 시작한 <엄마 살아계실 때 함께 할 것들>이 3만 독자와 소통한 데 이어, ""하지만 나는 살아계신 나의 아빠에게만은 좋은 딸이고 싶다""는 고백과 함께 <아빠에게 말을 걸다>가 독자를 찾아간다.",https://image.aladin.co.kr/product/3103/52/cover500/896596086x_1.jpg, 신현림;신동환 [공] 지음, MY,2013
철학,어떻게 죽을 것인가,하버드 의과대학과 보건대학 교수인 아툴 가완디의 책. 사람은 누구나 마지막 순간까지 존엄하고 인간답게 살다가 죽음을 맞이하고 싶어 한다. 이를 성취해 내기 위해서는 어떻게 해야 할까? 저자는 결국 죽을 수밖에 없다는 현실을 인정하는 데서부터 시작해야 한다고 말한다.,https://image.aladin.co.kr/product/5996/40/cover500/8960514799_1.jpg, 아툴 가완디 지음;김희정 옮김, 부키,2015
철학,심플하게 산다. 2: 소식의 즐거움,건강법을 적용할 때 가장 먼저 할 일은 지금 자신의 상태를 바로 아는 것이다. 이 ‘몸과 대화하기’로 시작하는 것도 이런 배경에서다.,https://image.aladin.co.kr/product/10284/45/cover500/895561909x_1.jpg, 도미니크 로로 지음;임영신 옮김, 바다,2017
철학,모든 삶은 흐른다,2022년 프랑스 최고의 철학과 교수로 꼽힌 로랑스 드빌레르의 인문에세이로 출간 후 프랑스 현지 언론의 극찬을 받으며 아마존 베스트셀러에 올랐다. 저자는 낯선 ‘인생’을 제대로 ‘항해’하려면 바다를 이해하라고 조언한다.,https://image.aladin.co.kr/product/31381/47/cover500/k292832005_1.jpg, 로랑스 드빌레르 지음;이주영 옮김, Fika(피카),2023
철학,서사의 위기,"『피로사회』로 한국 사회를 뜨겁게 달궜던 재독 철학자 한병철이, 이번에는 빠르게 나타났다 사라지는 이슈만 좇느라 정작 자기의 생각으로부터 멀어져 버린 스토리 중독 사회를 고발한다.",https://image.aladin.co.kr/product/32471/12/cover500/k122935400_1.jpg, 한병철 지음;최지수 옮김, 다산초당(다산북스),2023
철학,결심이 필요한 순간들,전작 《내 안에서 나를 만드는 것들》로 30만 한국 독자들에게 ‘애덤 스미스의 삶의 지혜’를 전했던 러셀 로버츠가 이번엔 ‘불확실한 세상에서 더 나은 선택을 하는 법’이란 주제로 8년 만에 다시 돌아왔다.,https://image.aladin.co.kr/product/33039/41/cover500/k372937682_1.jpg, 러셀 로버츠 지음;이지연 옮김, 세계사,2023
철학,감정은 사라져도 결과는 남는다,"이해인 작가의 첫 번째 책으로, 삶의 중요한 순간마다 느꼈던 감정과 경험에 대한 이야기를 담고 있다. 저자는 작가이기 이전에 디지털광고에이전시 ‘(주)소셜링’과 미디어커머스 ‘(주)오버컴퍼니’ 대표이자 15만 인플루언서로 활동하고 있다.",https://image.aladin.co.kr/product/31877/54/cover500/k772833432_1.jpg, 이해인 지음, 필름(Feelm),2023
철학,유리 멘탈이지만 절대 깨지지 않아,"나는 왜 되는 일이 없을까? 저 사람이 내 말을 오해하면 어쩌지? 분위기가 좀 안 좋은 것 같은데, 내가 무슨 잘못이라도 했나? 나는 왜 운이 따르지 않을까? 이런 생각들은 멘탈을 자주 무너뜨린다. 남들보다 조금 더 섬세하고, 더 꼼꼼하게 살피고, 상대를 배려하는 것은 분명 좋은 성품이다.",https://image.aladin.co.kr/product/32445/89/cover500/k642935292_1.jpg, 기무라 코노미 지음;오정화 옮김, 밀리언서재,2023
철학,(청소년을 위한)위대한 철학 고전 25권을 1권으로 읽는 책,"내신과 수능 그리고 앞으로의 삶에서 빛을 발하는 하루 10분 철학 수업. 니콜로 마키아벨리의 《군주론》부터 미셸 푸코의 《감시와 처벌까지》, 인류에 큰 영향을 끼치는 동시에 각종 시험과 입시에 나오는 빈도가 높은 고전을 1권당 7~8페이지 정도로 압축하여 소개한다.",https://image.aladin.co.kr/product/32099/80/cover500/k532834009_1.jpg, 이준형 지음, 빅피시,2023
철학,매우 예민한 사람들을 위한 상담소,〈전홍진의 예민과 둔감 사이〉라는 칼럼을 바탕으로 뇌과학과 정신의학적인 이론을 더해 “매우 예민한 사람들”을 위해 쓴 심리서다. 저자가 예민한 사람을 연구하게 된 이유와 매우 예민한 사람들이란 어떤 사람들인지 ‘타고난 예민한 기질’ ‘안전기지의 역할’ ‘적당한 좌절의 역할’ ‘트라우마의 경험’ 등을 뇌 신경계의 이론과 접목시켜 객관적인 근거를 더하면서도 이해하기 쉽게 설명했다.,https://image.aladin.co.kr/product/31920/50/cover500/k682833645_2.jpg, 전홍진 지음, 한겨레(한겨레엔),2023
철학,관계,"오늘날 우리의 세계에 짙게 드리운 낭만주의적 애정관의 문제점을 조목조목 지적하면서, 사랑은 느끼기만 하는 감정이라기보다 배워야 할 기술이라고 힘주어 말한다. 이 같은 전제를 바탕으로 부부관계를 둘러싼 사소하지만 중요한 이슈들의 해결책을 차분하면서도 매력적인 어법으로 제시한다.",https://image.aladin.co.kr/product/12564/41/cover500/k282532668_1.jpg, The School of Life 지음;구미하 옮김, 와이즈베리,2017
철학,위대한 사상가,"인생학교 The school of life 시리즈. <위대한 사상가>는 철학, 정치학, 사회학, 정신의학, 예술, 건축, 문학 분야에 걸쳐 오늘날 우리에게 큰 의미가 있는 위대한 사상가들의 삶을 통해 우리의 감성 지능을 함양하고 문화를 위안과 계몽의 도구로 삼을 수 있도록 안내한다.",https://image.aladin.co.kr/product/12564/12/cover500/k962532668_1.jpg, The School of Life 지음;김한영;오윤성 옮김, 와이즈베리,2017
철학,철학은 어떻게 삶의 무기가 되는가,비즈니스 현장에서 유용하게 사용하는 50가지 철학·사상을 담은 『철학은 어떻게 삶의 무기가 되는가』는 철학의 쓸모를 새롭게 조명하는 세상에서 가장 실용적인 철학 사용 설명서다.,https://image.aladin.co.kr/product/17942/89/cover500/k862534136_2.jpg, 야마구치 슈 지음;김윤경 옮김, 다산초당,2019
철학,12가지 인생의 법칙,"전 하버드 대 심리학과 교수가 밝혀낸 《12가지 인생의 법칙》은 ‘어깨를 펴고 똑바로 서라’ ‘세상을 탓하기 전에 방부터 치워라’ ‘당신에게 최고의 모습을 기대하는 사람만 만나라’ 같은 인생의 진리를 심리학, 생물학, 신화, 철학, 종교 등을 바탕으로 써내려간 책이다. 고된 삶에 무너지지 않고 의미 있는 삶을 사는 지혜를 12가지 법칙에 담아 전하고 있다.",https://image.aladin.co.kr/product/26022/25/cover500/k472737853_1.jpg, 조던 B. 피터슨 지음;강주헌 옮김, 메이븐,2018
철학,나도 아직 나를 모른다,"최신 뇌과학 연구에서 밝혀진 과학적 근거와 다양한 임상심리 사례들을 통해 높고 낮음을 반복하는 자존감의 덫에서 벗어나고, 조각난 마음을 토닥여줄 과학적인 위로의 기술을 전한다. 저자는 우선 뇌과학자의 시선으로 정신적 고통의 원인을 친절하게 설명한다.",https://image.aladin.co.kr/product/17169/85/cover500/8970656588_2.jpg, 허지원 지음, 홍익,2018
철학,쓸모인류,"빈센트의 지조 있는 행동력을 가까이에서 접하고, 대화 가운데 나오는 생활 철학을 들으며 우리 삶에 진짜 필요한 ‘어른의 쓸모’에 대해 생각해본다. 빈센트, 강승민 두 남자의 대화를 통해 독자는 힘든 날을 버티는 기술, 생활 공간을 효율적으로 관리하는 방식, 인간 관계를 정리하는 과정을 배울 수 있다.",https://image.aladin.co.kr/product/17322/25/cover500/s612635828_1.jpg, 빈센트;강승민 지음, 몽스북,2018
철학,인생을 어떻게 살면 좋겠냐고 묻는 딸에게,"아빠라면 누구나 딸이 올바르게 또 행복하게 인생을 살아가길 바란다. 먼저 살아온 인생 선배로서 딸이 부모보다 더 좋은 인생을 살도록 이끌어주고 싶은 게 세상 모든 아빠의 마음일 것이다. 이 책은 외동딸을 둔 아버지가 오늘날의 힘겨운 시절을 살아가고 있는 이 땅의 딸들에게 건네는 인생 조언으로써, 깊은 혜안과 더불어 아빠의 절절한 부정을 고스란히 전해준다.",https://image.aladin.co.kr/product/21292/39/cover500/k042636383_1.jpg, 한창욱 지음, 다연,2019
철학,인생을 어떻게 살면 좋겠냐고 묻는 아들에게,"더없이 훌륭하고 더없이 자상하지만 조금은 무뚝뚝한 이 땅의 아버지들을 대신해서 우리 아들들에게 건네는 인생 조언으로써, 세상사 깊은 혜안과 더불어 현실적인 처세의 기술을 총 8장에 걸쳐 알려준다.",https://image.aladin.co.kr/product/27382/64/cover500/k222732354_1.jpg, 한창욱 지음, 정민미디어,2021
철학,소크라테스 익스프레스,"마르쿠스 아우렐리우스부터 몽테뉴까지 역사상 가장 위대한 철학자들을 만나러 떠나는 여행기이자, 그들의 삶과 작품 속의 지혜가 우리 인생을 개선하는 데 어떻게 도움이 되는지 답을 찾아가는 책이다.",https://image.aladin.co.kr/product/27025/39/cover500/k822730528_1.jpg, 에릭 와이너 지음;김하현 옮김, 어크로스,2021
철학,행복의 기원,행복은 ‘생존과 번식’을 위한 진화의 산물이다. 행복 분야의 권위자 에드 디너 교수의 지도 아래 심리학 박사 학위를 받은 저자는 세계에서 가장 활발하게 인용되는 행복 심리학자 중 한 명이다.,https://image.aladin.co.kr/product/27313/93/cover500/8950995557_1.jpg, 서인국 지음, 21세기북스(북이십일),2021
철학,분노란 무엇인가,"“어쩌다 우리는 다양한 감정과 행동에 ‘분노’라는 이름표를 똑같이 붙이게 됐을까?” 철학, 종교, 인류학, 사회학, 신경과학 등을 넘나들며 찾아낸, 우리의 삶을 지배하는 12가지 분노 담론.",https://image.aladin.co.kr/product/27809/92/cover500/k792734578_2.jpg, 바버라 H. 로젠와인 지음;석기용 옮김, 타인의사유,2021
철학,감성의 끝에 서라,"1만 명 이상의 경영자들을 ‘창조경영 학교’로 등교시킨 강신장 대표, 시를 통해 창의적인 아이디어와 마케팅을 전파하는 데 힘쓰고 있는 시인이자 문학박사인 황인원 대표는 창조경제 시대의 해법이 감성의 끝에 서 있는 시인들의 창조법에 있다고 설명한다.",https://image.aladin.co.kr/product/3795/18/cover500/8950954591_1.jpg, 강신장;황인원 [공]지음, 21세기북스,2014
철학,데카르트의 사라진 유골,러셀 쇼토는 1650년에 죽은 데카르트의 무덤이 그로부터 16년이 지난 뒤 파헤쳐졌고 세 번의 유골이장과정을 거치면서 사람들이 그 유골을 빼돌리기 시작했다는 괴기스런 사실을 우연히 접한다. 그리고 이에 호기심을 갖고 직접 데카르트의 유골을 찾아 나선다.,https://image.aladin.co.kr/product/3234/3/cover500/8993952515_1.jpg, 러셀 쇼토 지음;강경이 옮김, 옥당,2013
철학,명언으로 리드하라,"한결교육문화원 원장으로 오랫동안 청소년들과 함께해온 저자가 방황하는 청소년들에게 현실적인 조언을 들려 준다. 자신의 꿈이 무엇인지도 모르고 방황하는 청소년들에게 ‘꿈꾸는 능력’을 알려 주고, 그 꿈을 이루기 위해 지금 해야 하는 일이 무엇인지 알려준다.",https://image.aladin.co.kr/product/3446/96/cover500/8964231643_1.jpg, 임재성 지음, 작은씨앗,2014
철학,(어른을 위한)그림 동화 심리 읽기. 1,불안과 금기와 구원의 상징으로 가득한 그림 동화야말로 인간의 운명을 가르는 근원적인 심리 문제에 관한 경이로운 성찰의 기록임을 보여준다. 오이겐 드레버만은 ‘그림 동화’에서 우리의 삶과 성격을 결정짓는 정신의 원형적 체험을 발견한다.,https://image.aladin.co.kr/product/2455/95/cover500/8991799817_1.jpg, 오이겐 드레버만 지음;김태희 옮김, 교양인,2013
철학,(어른을 위한)그림 동화 심리 읽기. 2: 손 없는 소녀에서 백설공주까지 심층심리학으로 들여다본 여성 심리의 비밀,불안과 금기와 구원의 상징으로 가득한 그림 동화야말로 인간의 운명을 가르는 근원적인 심리 문제에 관한 경이로운 성찰의 기록임을 보여준다. 오이겐 드레버만은 ‘그림 동화’에서 우리의 삶과 성격을 결정짓는 정신의 원형적 체험을 발견한다.,https://image.aladin.co.kr/product/3274/85/cover500/8991799914_1.jpg, 오이겐 드레버만 지음;김태희 옮김, 교양인,2013
철학,역사의 개념에 대하여 외,"발터 멘야민 선집 5권으로 1940년 마지막으로 쓴 역작 「역사의 개념에 대하여」, 「운명과 성격」, 「폭력비판을 위하여」, 「꿈 키치」, 「초현실주의」 등 11편과 「역사의 개념에 대하여」를 집필할 당시 노트자료들을 모은 '「역사의 개념에 대하여」 관련 노트들'을 함께 수록했다.",https://image.aladin.co.kr/product/238/82/cover500/8987671852_1.jpg, 발터 벤야민 지음;최성만 옮김, 길,2008
철학,강의: 나의 동양고전 독법,"자본주의 체제가 양산하는 물질의 낭비와 인간의 소외, 그리고 인간관계의 황폐화를 보다 근본적인 시각으로 재조명하는 신영복 선생의 고전강의를 책으로 엮었다. , , , , , , , , , , 를 '관계론'의 관점으로 새롭게 읽고 있다.",https://image.aladin.co.kr/product/52/86/cover500/8971992026_2.jpg, 신영복 지음, 돌베개,2004
철학,소크라테스는 왜 질문만 했을까,"생각의 역사를 한눈에 읽는 철학 입문서. 철학사를 단순히 연대기적으로 나열하는 데 그치지 않고, 대신 “철학자들은 어떻게 고정 관념을 꿰뚫고 새로운 사고를 제시했을까?”, “사상가들은 어떻게 기존의 세계를 해체하고 재구성했는가?”라는 질문을 따라간다.",https://shopping-phinf.pstatic.net/main_5599425/55994253236.20250729091821.jpg, 시노하라 마코토 지음;김소영 옮김, 더페이지,2025
철학,나이 든다는 것에 관하여,"저명한 노(老)심리학자 베레나 카스트가 인간의 감정과 정서에 초점을 맞춰 나이 든다는 것의 의미를 고찰하고 노년의 마음을 들여다본 책으로, 현명하게 나이 들기 위해 무엇을 준비해야 하는지 이야기한다.",https://shopping-phinf.pstatic.net/main_4980031/49800311656.20240816071319.jpg, 베레나 카스트 지음;김현정 옮김, 을유문화사,2024
철학,나는 어떤 사람이 되고 싶었을까?,"14살에 유학길에 올라 고등학교 졸업을 앞둔 시점에 돌연 자퇴하고 목수 일을 시작한다면 과연 그 사람을 진정으로 응원해줄 수 있을까? 비난과 질타를 정면으로 바라보고, 건축학도로서 ‘꿈의 완전한 실현’을 도모하고 있는 저자를 책으로 만나보자.",https://shopping-phinf.pstatic.net/main_5513515/55135158779.20250610092214.jpg, 이아진(전진소녀) 지음, 체인지업,2025
철학,(내 인생의 운명을 바꾸는)자신감 철학,자신이 원하는 삶을 살아가는 데 가장 필요한 것은 무엇일까? 바로 자신감이다. 그러나 하루의 대부분을 소셜네트워크와 디지털 세상에서 보내는 현대인들은 자신감을 가지고 무언가를 실행할 기회를 가지기 힘들다. 자신감에 관한 철학자 샤를 페팽은 연습을 통해 얼마든지 자신감을 끌어올릴 수 있다고 말하며 일상에서 실천하기 쉬운 9가지 법칙을 소개한다.,https://shopping-phinf.pstatic.net/main_5690811/56908115273.20250926082938.jpg, 샤를 페팽 지음;김보희 옮김, 아이템하우스,2025
철학,삼국지 인생공부,"진수의 『삼국지』와 나관중의 『삼국지연의』를 바탕으로, 고대 전란 속에서 드러난 인간의 본성과 전략을 새롭게 조명한다. 절체절명의 순간에 남겨진 인물들의 말과 정치·전쟁·인간관계의 맥락을 담은 30개의 명문장을 뽑아 깊이 탐구하며, 관도대전·적벽대전·이릉대전 같은 장면을 통해 기만, 연합, 기회 포착 등 시대를 초월한 전술을 분석한다.",https://shopping-phinf.pstatic.net/main_5698831/56988313708.20250930093721.jpg, 나관중 원저;김태현 지음, PASCAL(리텍콘텐츠),2025
철학,머리 좋은 사람만 아는 설득력,"이론적 원리를 넘어 회의, 협상, 영업 등 당장 실무에 적용할 수 있는 전략을 담는다. 논리보다 감정을 건드릴 때 비로소 설득이 작동한다는 통찰을 생생한 사례와 함께 보여주며, 커리어와 성과를 바꾸는 실질적 무기로 다가온다.",https://shopping-phinf.pstatic.net/main_5689508/56895083991.20250925071325.jpg, 히라다 다카코 지음;곽현아 옮김, 더페이지,2025
철학,다크 심리학. 3: 설득의 법칙,"인간이 논리보다 훨씬 더 쉽게 흔들리는 지점을 해부한다. 반복 노출만으로 신뢰가 쌓이고, 다수의 선택이라는 신호만으로 판단이 왜곡되며, 권위의 말 한마디만으로 거절 의지가 무너진다. 저자는 이러한 무의식적 트리거들을 실제 대화 장면과 결합시켜, 누구나 곧바로 활용할 수 있는 설득의 원칙으로 정리한다.",https://shopping-phinf.pstatic.net/main_5686554/56865546974.20251003074012.jpg, 다크 인사이트 지음, 다크 인사이트 스튜디오,2025
철학,손자병법,"『손자병법』은 왜 2,500년 동안 고전의 자리를 지켜왔을까? 그 이유는 단순하다. 이 책이 말하는 승리의 본질은 단순히 “어떻게 이길 것인가”가 아니라 “어떻게 위태롭지 않게 살 것인가”이기 때문이다. 싸워서 이길 수도 있고 질 수도 있지만, 지더라도 위태로워지지 않는 상태, 다시 탈탈 털고 일어설 수 있는 수천 년의 검증을 견뎌낸 지혜를 전하기 때문이다.",https://shopping-phinf.pstatic.net/main_5692681/56926813298.20250927071315.jpg, 손자 지음;소준섭 옮김, 현대지성,2025
철학,철학은 내 친구,"청소년들을 대상으로 한 철학 입문서. '철학하기'와 '철학 개념'을 쉽고 재미있게 전달하는 데 주력하여 엮었다. 속담, 동화, 소설, 시 등 친숙한 이야기를 특유의 재치와 유머를 섞어 철학적 사고하기로 변주한다. '철학'을 '철학이'’로 의인화하고, 책 전체를 친근한 대화체로 쓴 이유도 그 때문이다.",https://image.aladin.co.kr/product/298/88/cover500/8972782734_1.jpg, 위기철 지음;정우열 그림, 청년사,2008
철학,(인생이란 여행길에서 만난)철학 우화,"'알기 쉽게 풀어쓴 철학교실 시리즈' 제4권이다. 이 책은 6장으로 구성되어 있으며 행복, 자유, 인생의 고통, 신앙, 사회성, 죽음에 관한 통찰을 다룬다. 소크라테스, 에픽테토스, 스피노자, 에피쿠로스 등의 고대 철학자로부터 사르트르, 쇼펜하우어, 마르쿠제, 러셀, 하이데거까지 다양한 철학사상을 폭넓게 다루고 있다.",https://image.aladin.co.kr/product/1491/93/cover500/8993279977_1.jpg, 류콴홍 지음;정세경 옮김, 베이직북스,2012
철학,감사합니다 한국,세계 200여 개국에서 교육 · 문화 · 평화운동을 벌이고 있는 SGI의 3대 회장 이케다 다이사쿠 박사의 한국에 대한 관심과 사랑을 담은 책이다. 이케다 회장이 한국을 방문했을 때 했던 연설과 한국에 관해 쓴 에세이와 시 등을 엮은 책이다.,https://image.aladin.co.kr/product/1846/89/cover500/8991491804_1.jpg, 이케다 다이사쿠 지음;조선뉴스프레스 역, 조선뉴스프레스,2012
철학,죽기전에 해야할 77가지,연세대 물리학교수인 저자 박홍이 '5분간의 시간만 남겨놓고 죽음을 맞이하게 될 때 쓰는 편지'라는 절박한 상황을 스스로 설정하고 써온 영문편지들 중에서 77통을 추려내 묶은 책이다. 77통의 영문편지와 함께 핵심적인 정수만을 갈무리하여 한국어로 나란히 번역하였다.,https://image.aladin.co.kr/product/1282/24/cover500/8964440102_1.jpg, 박홍이 지음;함민우;박홍이 [공]그림, 넥스윅,2011
철학,생각대로 살지 않으면 사는 대로 생각하게 된다,불우한 환경 속에서도 역경과 고난을 이겨내고 자신만의 삶을 일군 사람들의 가슴 찡한 인생 이야기. 사는 대로 생각한 것이 아니라 자신의 생각대로 꿈과 목표를 향해 달려가 마침내 그 꿈을 이룬 사람들의 이야기를 통해 삶과 오늘의 진정한 의미를 묻는다.,https://image.aladin.co.kr/product/1800/81/cover500/8997092197_2.jpg, 은지성 저, 황소북스,2012
철학,토요일의 심리클럽,"창비청소년문고 시리즈 4권. 청소년들이 다양한 심리 실험을 직접 체험하며 스스로의 마음을 들여다보고 심리학을 이해하는 과정을 이야기 형식으로 흥미롭게 전달하는 책이다. 제1회 창비청소년도서상 교양 부문 대상 수상작으로, 심사위원들은 청소년들이 실제 생활에서 고민하는 문제를 잘 짚어내면서 동시에 심리학 이론과 접목시킨 지점이 절묘하다고 평했다.",https://image.aladin.co.kr/product/1435/16/cover500/8936452045_1.jpg, 김서윤 지음;김다명 그림, 창비,2011
철학,나를 알수록 나의 길이 보인다,청소년기에 가장 어려운 문제 중 하나인 자신의 미래를 찾는 일과 종잡을 수 없는 마음을 다잡는 것에 관한 고정욱 선생님의 애정 어린 이야기가 듬뿍 담긴 인생의 나침반과 같은 내용이다.,https://image.aladin.co.kr/product/29263/33/cover500/8965137667_1.jpg, 고정욱 지음, 리듬문고,2022
철학,마지막 강의,"췌장암으로 시한부 인생을 선고 받은 교수, 랜디 포시의 마지막 강의를 담은 동영상은 전 세계에 큰 화제를 불러일으켰다. 책으로 출간된 이 강의는 아마존과 뉴욕타임스 베스트셀러 1위에 올랐다. <마지막 강의>는 ‘세상에서 가장 아름다운 작별인사’로 랜디 포시의 인생과, 그가 우리에게 부탁하는 소중한 가치들을 담고 있다.",https://image.aladin.co.kr/product/226/21/cover500/8952210476_2.jpg, 랜디 포시;제프리 재슬로 지음;심은우 옮김, 살림,2010
철학,마지막 강의,"췌장암으로 시한부 인생을 선고 받은 교수, 랜디 포시의 마지막 강의를 담은 동영상은 전 세계에 큰 화제를 불러일으켰다. 책으로 출간된 이 강의는 아마존과 뉴욕타임스 베스트셀러 1위에 올랐다. <마지막 강의>는 ‘세상에서 가장 아름다운 작별인사’로 랜디 포시의 인생과, 그가 우리에게 부탁하는 소중한 가치들을 담고 있다.",https://image.aladin.co.kr/product/226/21/cover500/8952210476_2.jpg, 랜디 포시;제프리 재슬로 지음;심은우 옮김, 살림,2010
철학,사물의 소멸,"스마트폰에서 셀피, 스마트홈, 사물 인터넷, 인공지능까지 디지털화한 세상에서 우리가 세계와 관계 맺는 방식에 관한 철학적 성찰. ‘사물 세계의 관상학자’를 꿈꾸는 한병철이 그려낸 정보의 현상학.",https://image.aladin.co.kr/product/30105/12/cover500/8934943688_1.jpg, 한병철 지음;전대호 옮김, 김영사,2022
철학,(스키너의)행동심리학,"행동주의 심리학의 거장, 스키너는 “자기 세대에 가장 영향력 있는 실험심리학자”이자 “프로이트 이래 가장 많은 논란을 일으킨 심리학자”였다. 그의 연구는 심리학이 현실에 응용될 수 있는 가능성을 크게 높였으며, 인간의 본성을 새로운 관점에서 바라볼 수 있게 해주었다.",https://image.aladin.co.kr/product/11683/52/cover500/k742531518_1.jpg, B. F. 스키너 지음;이신영 옮김, 교양인,2017
철학,심리학이 분노에 답하다,10여 년간 심리상담사로 활동해 온 저자는 자신이 10여 년간 상담한 수많은 실제 사례를 소개하면서 독자가 분노라는 감정의 본질을 깊이 이해하고 에너지로 전환할 수 있도록 돕는다. 자기 안의 분노를 탐구할 수 있는 ‘분노 분석표’도 부록으로 실려 있다.,https://image.aladin.co.kr/product/30065/24/cover500/k702839566_1.jpg, 충페이충 지음;권소현 옮김, 미디어숲,2022
철학,미움받을 용기,2015년 최다 판매 1위. 아들러 심리학에 관한 일본의 제1인자인 철학자 기시미 이치로의 명 해석과 베스트셀러 작가인 고가 후미타케의 맛깔스러운 글이 잘 결합되어 새로운 형식을 선보인다.,https://image.aladin.co.kr/product/9760/64/cover500/k432535549_1.jpg, 기시미 이치로;고가 후미타케 [공]지음;전경아 옮김, 인플루엔셜,2014
철학,생각을 뒤집으면 인생이 즐겁다,"깨우침을 전해주는 신문곤의 트위터 140자 짧은 에세이. 사람들에게 스스로 생각하는 힘의 소중함을 깨우치게 만들고, 추상적인 주장이 아니라 500여 개의 짧은 단문을 통해 작가만의 관점을 독자들에게 보여주고자 한다.",https://image.aladin.co.kr/product/4326/57/cover500/1155852753_1.jpg, 신문곤 지음, 북랩,2014
철학,(퇴계 이황의)함양과 체찰,"퇴계의 생애와 사상을 핵심적으로 요약한 뒤에 '자성록'을 뼈대로 퇴계의 가르침을 재구성한 책. '함양과 체찰'을 통해 현대의 한국인들은 퇴계의 지혜를 부담 없이 접할 수 있고, 제1부 ‘함양과 체찰의 삶, 이황’에서는 ‘공부하는 인간, 퇴계’라는 측면에서 퇴계의 생애와 철학을 명료하게 재구성하고 있어서 학자로써의 퇴계뿐만 아니라 인간 퇴계의 일면도 재미있게 엿볼 수 있다.",https://image.aladin.co.kr/product/626/89/cover500/8989548896_2.jpg, 신창호 지음, 미다스북스,2010
철학,열일곱 살의 인생론,"청소년 시기에 겪게 되는 고민을 ‘철학 물음’ 형식으로 묶어 가족, 우정, 사랑, 미래, 죽음 등 열일곱 살에 품어 봄 직한 문제들을 다룬다. 철학 교사이자 상담 교사인 안광복 저자가 자신의 청소년 시절의 경험과 오늘날 청소년들과 함께한 경험을 바탕으로 도움이 되는 지혜를 들려준다.",https://image.aladin.co.kr/product/611/26/cover500/8958284331_1.jpg, 안광복 지음, 사계절,2010
철학,(내 삶이 만족스럽지 못한 건)나를 몰랐기 때문이다,"내 삶이 만족스럽지 못한 건 나를 몰랐기 때문이다. 지금 나에게 맞는 인생 각본을 다시 쓰고 새로운 삶의 태도를 찾는다면 일도, 관계도, 인생도 긍정적으로 변화할 수 있다. 열심히 살아도 불안하고, 쳇바퀴 돌 듯 반복되는 삶에 지쳤다면 이제는 나를 제대로 알아줄 차례다.",https://image.aladin.co.kr/product/23820/92/cover500/k242639183_1.jpg, 김정현 지음, 유노북스,2020
철학,죽음이라는 이별 앞에서,"노회찬, 김대식, 김현정, 변영주, 정혜신 5명의 저자들이 각 분야에서 자신만의 길을 닦으며 깨닫게 된 지혜를 공유하는 '지혜의 시대' 시리즈. 정신의학 전문의로서 고문생존자, 해고 노동자, 세월호 유가족 등 사회적 트라우마 피해자들의 상처를 치유해온 '거리의 의사' 정혜신은 죽음이라는 화두를 다룬다.",https://image.aladin.co.kr/product/16679/32/cover500/8936476769_1.jpg, 정혜신 지음, 창비,2018
철학,상처받은 내면아이 치유,,https://image.aladin.co.kr/product/51/90/cover500/8958910062_2.jpg, 존 브래드쇼 저;오제은 역, 학지사,2004
철학,동물 해방,"이번 개정판은 이전 판들 출간 이후 이 책이 가져온 학계 및 관련 산업에 미친 변화와 연구 성과를 충실히 반영하였으며, 부록으로 ‘피터 싱어가 말하는 피터 싱어’와 ‘동물 해방 30년’을 수록하였다.",https://image.aladin.co.kr/product/1922/13/cover500/8994054278_2.jpg, 피터 싱어 지음;김성한 옮김, 연암서가,2012
철학,괴물의 심연,"성공한 신경과학자이자 의대 교수인 제임스 팰런은 온화한 가정에서 자랐고, 세 아이의 아버지이자 많은 친구를 둔 사람이다. 그의 전문 분야는 ‘사이코패스’ 살인마의 뇌 구조였다. 어느 날 제임스 팰런은 자신의 두뇌 사진에서 사이코패스의 특징을 발견한다.",https://image.aladin.co.kr/product/5408/68/cover500/8966189342_1.jpg, 제임스 팰런 지음;김미선 옮김, 더퀘스트,2015
철학,포기할까 했더니 아직 1라운드,"십대를 위한 자존감 수업 2권. 프로레슬러, 격투기 해설가, 방송인, 강사, 사회 활동가 등 ‘육체파 창조형 지식노동자’로 여러 분야에서 열정적으로 활동하고 있는 김남훈 작가가 미래가 두려운 십대들을 위한 책을 펴냈다.",https://image.aladin.co.kr/product/24161/34/cover500/8954442609_1.jpg, 김남훈 지음, 자음과모음,2020
철학,나를 좋아하지 않는 나에게,세상에서 가장 귀엽고 엉뚱한 생명체인 크로스틴이 10대들의 마음을 읽어 주고 힘든 고민들에 꽤 괜찮은 답을 들려줄 것이다. 이 안내서에는 10대들을 위한 재미있고 진심 어린 인생 꿀팁이 가득하다. 사춘기라는 괴로운 시기를 지나가는 모든 소녀들에게 꼭 필요한 이야기들이다.,https://image.aladin.co.kr/product/18748/85/cover500/8965135427_1.jpg, 크리스티나 드 위타 지음;김인경 옮김, 리듬문고,2019
철학,나는 왜 자꾸 눈치를 볼까?,"세상이 규정하는 소심한 소녀가 아닌 당당하고 자신감 있는 사람으로 살도록 도와주는 자신감 계발서다. 과학적, 심리학적, 통계학적 분석을 바탕으로 찾아낸 자신감 상승 공식과 다양한 실제 사례, 퀴즈 등을 통해 눈치 보고 주눅 들었던 청소년들의 삶에 건강한 변화의 단초를 선물한다.",https://image.aladin.co.kr/product/17969/38/cover500/8965135346_1.jpg," 캐티 케이,클레어 시프먼 [공]지음;하연희 옮김", 리듬문고,2019
철학,가볍게 읽는 시간 인문학,우리가 아는 시간의 탄생 시점으로 거슬러 올라가며 시작한다. 우주의 시작부터 출발해 우리의 선조들이 인식하고 다루었던 시간의 역사를 모으고 현대 과학의 관점에서 시간을 탐색한다. 시간은 다루기 어렵고 무거운 주제이지만 여기서는 즐거운 여행을 하는 마음으로 가볍고 쉽게 접근했다.,https://image.aladin.co.kr/product/10330/89/cover500/k162536482_1.jpg, 리즈 에버스 지음;오숙은 옮김, 옐로스톤,2017
철학,(내 인생의 첫 고전)맹자,"열세 살 내 인생 시리즈. 수천 년 전의 맹자 이야기를 오늘을 사는 청소년들의 눈높이에 맞게 풀어낸 책이다. 이 책의 저자인 장주식은 고전에 관심이 많아 민족문화추진회 국역연수원을 졸업한 동화작가로, 맹자 이야기 중에서 오늘날 꼭 읽혔으면 하는 내용을 골라 쉽게 풀어썼다.",https://image.aladin.co.kr/product/11382/13/cover500/k322531698_1.jpg, 장주식 글;손미정 그림, 작은숲,2017
철학,나는 왜 자꾸 미룰까?,작고 쉬운 목표부터 세워 성취감을 맛보고 자신이 진짜 원하는 삶을 향해 전진해 갈 수 있는 실제적인 방법을 가르쳐 준다. 이 책의 최종 목표는 목표 관리 자체가 아니라 독자 자신이 진짜 원하는 것을 찾는 것이다.,https://image.aladin.co.kr/product/10742/9/cover500/8958076372_1.jpg, 비벌리 K. 베이첼 지음;최설희 옮김, 뜨인돌,2018
철학,내 말 좀 들어줄래?,"청소년을 위한 인문학 콜라보 시리즈 1권. 세계의 명문대가 필독서로 선정한 문학작품들을 꼼꼼하게 읽고 분석한 것을 토대로 하여 현장에서 매일 마주치는 청소년들의 고민과 분노, 기쁨과 슬픔을 18개의 키워드 안에 담았다.",https://image.aladin.co.kr/product/10102/26/cover500/k642536172_1.jpg, 정수임 지음, 서유재,2017
철학,아무것도 하고 싶지 않은 나에게,"<십대답게 살아라>를 통해 십대들의 마음을 치유해 온 문지현 원장이 무기력에서 벗어나 내 삶의 주인으로 사는 법을 알려준다. 무기력에 대한 새로운 접근, 현실을 그대로 옮겨 놓은 듯 생생한 사례들과 쉽고 명쾌한 솔루션이 담겨 있다.",https://image.aladin.co.kr/product/11987/15/cover500/8958076631_2.jpg, 문지현 지음, 뜨인돌출판사,2017
철학,정신 차리라는 말은 하지 말아요,"신체와 정신에 급격한 변화를 겪는 청소년 시절, 걱정하면서도 다른 사람을 의식해 차마 말하기 힘든 정신 건강에 관한 이야기를 조목조목 세심하게 들려준다. 정신의학적 정보를 다루는 동시에 그에 대한 편견과 오해를 없애 정신 질환에 대한 마음의 벽을 낮추도록 이끈다.",https://image.aladin.co.kr/product/10044/22/cover500/8964963261_1.jpg, 주노 도슨 지음;젬마 코렐 그림;김인경 옮김, 탐,2017
철학,틀려도 좋지 않은가,"일본의 괴짜 수학자, 이 시대 마지막 명물 교수로 통했던 모리 츠요시 교수가 젊은이들에게 전하는 엉뚱하고도 애정 어린 충고를 담고 있다. 인간, 바보라도 상관없다. 둔한 것도 재능이다. 잘못을 두려워하지 말고 서로에게 폐를 끼치면서 지그재그로 나아가자.",https://image.aladin.co.kr/product/11049/65/cover500/894642060x_1.jpg, 모리 츠요시 지음;박재현 옮김, 샘터,2017
철학,혼자 있고 싶은데 외로운 건 싫어,미국의 저명한 심리학자이자 베스트셀러 저자인 피터 홀린스는 ‘사람의 마음은 당신이 아는 것보다 더 다면적이고 입체적’이라고 말한다. 그의 신작이자 출간 즉시 미국 전역에서 폭발적인 화제를 모은 책으로 타인의 잣대에서 벗어나 더 단단해지고 자유로워지는 법을 알려준다.,https://image.aladin.co.kr/product/13724/47/cover500/k292532822_1.jpg, 피터 홀린스 지음;공민희 옮김, 포레스트북스,2018
철학,논어,개인으로는 세계 최초로 사마천의 <사기>를 완역해 주목받은 김원중 교수가 세계적인 베스트셀러 <논어>를 새롭게 선보인다. 네이버 오디오클립 ‘논어백독’에서 2년 동안 매일 한 장씩 다시 읽으며 독자들의 눈높이에 맞추어 전면 개정하여 출간하였다.,https://image.aladin.co.kr/product/21169/76/cover500/s602636997_1.jpg, 공자 지음;김원중 옮김, 휴머니스트,2017
철학,돈으로 살 수 없는 것들,"한.미.영 동시 출간되는 마이클 샌델의 2012년 최신작. 시장가치가 교육.환경.가족.건강.정치 등 예전에는 속하지 않았던 삶의 모든 영역 속으로 확대되어 돈만 있으면 거의 모든 것을 살 수 있는 이 때, 마이클 샌델은 이 시대의 가장 큰 윤리적 물음을 던진다. 과연 시장은 언제나 옳은가? 이 책은 시장의 도덕적 한계와 시장지상주의의 맹점을 파헤치고 있다.",https://image.aladin.co.kr/product/1649/71/cover500/8937833662_2.jpg, 마이클 샌델 지음;안기순 옮김, 와이즈베리,2012
철학,(한 권으로 읽는)서양철학사 산책,<한 권으로 읽는 서양철학사 산책>은 서양철학의 뿌리부터 현대 철학까지 철학자들의 주요 사상을 알차게 담았다. 주요 서양철학가들이 일생을 걸고 매달린 핵심 사상들을 살피며 서양철학의 전반적인 흐름을 짚을 수 있도록 꼼꼼히 설명해 놓았다. 이 책을 통해 삶과 죽음을 진지하게 고민하고 성찰했던 철학가들의 사상을 배울 수 있을 것이다.,https://image.aladin.co.kr/product/464/76/cover500/8973433083_1.jpg, 강성률 지음, 평단문화사,2009
철학,나는 생각이 너무 많아,"심리치료사이자 베스트셀러 <굿바이 심리 조종자>의 저자가 제안하는 모든 일에 의심 많고 의문 많고 예민한 사람들을 위한 심리 처방서. 저자는 20여 년간의 임상 경험을 바탕으로, '생각이 많아 고민인 사람들'에게 즐겁고도 명쾌한 해결책을 제시한다.",https://image.aladin.co.kr/product/4103/68/cover500/8960513911_1.jpg, 크리스텔 프티콜랭 지음;이세진 옮김, 부키,2014
철학,천년의 수업,"서울대 김헌 교수의 인문학 명강의. 문명의 근원 서양 고전에서 존재와 죽음, 자존과 행복, 타인과의 관계 등 인생에서 주요한 9가지 질문을 꼽아 던진 다음 오늘날을 살아가는 우리들이 인생의 키를 쥘 수 있도록 깊이 있는 지혜와 통찰을 담았다.",https://image.aladin.co.kr/product/23781/90/cover500/k412639981_1.jpg, 김헌 글, 다산초당,2020
철학,(대논쟁!)철학 배틀,"대화 형식으로 배우는 철학 입문서의 결정판! 빈부격차, 전쟁, 존엄사, 삶의 의미 등 15개의 다양한 주제를 놓고 소크라테스, 공자, 칸트, 니체, 간디, 롤스 등 동서고금 37인의 철학자들이 ＇계급장 떼고＇ 치열한 한판 대결을 벌인다. 이들이 벌이는 대화와 논쟁을 관전만 하고 있어도 동서고금 철학의 주요 개념과 쟁점을 한눈에 파악할 수 있다. 철학자 각각의 캐릭터가 살아 있는 개성 있는 일러스트와 말투, 또 그들 사상의 핵심 용어와 주요 쟁점에 대한 친절한 요점 정리는 독자들을 친절하게 철학의 세계로 이끌 것이다.",https://image.aladin.co.kr/product/10044/18/cover500/k492536579_1.jpg, 하타케야마 소 지음;이와모토 다쓰로 그림;김경원 옮김, 다산초당,2017
철학,불필요한 생각 버리기 연습,"심리학자로서 20년 이상 ‘나’에 대해 연구해온 저자는 불만족스러운 상황이 반복되는 사람들, 불안한 관계 속에서 고통받고 있는 사람들을 위해 이 책을 썼다.",https://image.aladin.co.kr/product/31688/9/cover500/k412833482_1.jpg, 스즈키 도시아키 지음;양필성 옮김, 클랩북스,2023
철학,정말 잘 지내고 있나요?,더 나은 미래를 갈망한다면 솔직하게 묻고 답해 보자. “정말 잘 지내고 있나요?” 이 질문은 당신의 참모습을 일깨우고 당신의 성공을 재정의할 단초가 될 것이다. 성공이란 타인의 인정이 아니라 자기 자신이 느끼는 것이다. 이 책은 경험을 통해 성공의 진정한 의미를 깨달은 저자의 솔직한 자기 고백이자 변화를 불러일으킬 동기를 만들어 줄 인생의 지침서다.,https://image.aladin.co.kr/product/31649/37/cover500/k992833476_1.jpg, 제나 커처 지음;서은경 옮김, 온워드(웅진북센),2023
철학,도둑맞은 집중력,우리는 집중하지 못하고 산만해지는 것이 흔히 스마트폰과 같은 디지털 기기에 대해 자제력을 발휘하지 못하는 개인의 실패라고 생각한다. 그러나 그렇지 않다. 저자는 현재 우리가 겪고 있는 집중력 문제가 현대 사회의 비만율의 증가와 유사하다고 설명한다.,https://image.aladin.co.kr/product/31559/97/cover500/k682832859_1.jpg, 요한 하리 지음;김하현 옮김, 어크로스,2023
철학,생각을 키우는 명언의 지혜,"세기의 인물들은 과연 어떤 한마디를 남겼을까? 에는 마음속에 꽂히는 명언과 함께, 그 의미를 더욱 풍부하게 만드는 이야기가 담겨 있다. 이 책을 읽기 전과 읽은 후의 마음가짐은 분명 달라질 것이다.",https://image.aladin.co.kr/product/26094/6/cover500/k712737250_1.jpg, 장석만 엮음, 유아이북스,2021
철학,마음의 지혜,"<어쩌다 어른>, <세바시> 등의 프로그램을 통해 전 국민의 마음 멘토로 우뚝 선 김경일 교수는 이 책 『마음의 지혜』를 통해 우리가 살아가면서 마주하게 되는 다양한 고민과 불안을 모아 사람, 행복, 일, 사랑, 돈, 성공, 죽음이라는 7가지 키워드로 분류해냈다.",https://image.aladin.co.kr/product/31672/72/cover500/k792833671_1.jpg, 김경일 지음, 포레스트북스,2023
철학,(마흔에 읽는 한용운)채근담,일제 강점기를 살아가는 조선인들의 고달픈 마음을 어루만지고 용기와 지혜를 심어주기 위해 만해 한용운 선사가 중국의《채근담》을 당시 조선인의 실정에 맞게 편역한《채근담 정선 강의》를 한학에 능통한 용화 선지식이 현대적 감각으로 새롭게 옮기고 해설한 책이다.,https://image.aladin.co.kr/product/31728/74/cover500/k532833897_1.jpg, 한용운 지음;용화 옮김, 이정서재,2023
철학,서른다섯까지는 연습이다,"서른 살의 터널만 지나면 인생의 길을 찾게 될 줄 알았지만 점점 더 너덜너덜 꼬깃꼬깃해지는 이들에게 건네는 위로이자, 저자처럼 막막하고, 답답하고, 쓸쓸한 이들이 ‘내 앞길 여는 법’을 깨우치게 되는 책이다. 저자가 후배들에게 들려줄 화려한 성공담은 없다. 대신 25살부터 시작된 숱한 딴짓거리와 방황, 후회와 좌절의 연습시간 동안 무작정 주저앉지 않고 끙, 하고 다시 일어날 수 있었던 자신만의 경험담이 담겨 있다.",https://image.aladin.co.kr/product/1486/19/cover500/8996808806_1.jpg, 노진희 지음, 알투스,2012
철학,스스로 행복한 사람,"미국 문화의 정신적 기둥을 세운 사상가이자 산문가, 시인인 에머슨의 글 중에서 가장 중요한 대목들, 우리 삶에 대한 본질적인 물음과 그 해답을 가려 묶은 책이다. 부담 없는 분량으로 꼭지를 나누고, 원문에는 없는 제목을 만들어 넣었다.",https://image.aladin.co.kr/product/2314/80/cover500/8994081216_1.jpg, 랄프 왈도 에머슨 지음;박윤정 옮김, 끌레마,2013
철학,고1 책상 위에 서양고전,"오늘날 전 세계를 지배하는 모든 규칙과 제도 이를 테면, 법, 정치, 경제, 교육 등의 근간을 이룬 서양사상사를, 그 원류가 되는 소크라테스, 플라톤, 아리스토텔레스에서, 프로이트, 니체까지 9명의 사상가들을 중심으로 다룬다.",https://image.aladin.co.kr/product/2420/16/cover500/897677728x_1.jpg, 김이수 지음, 명진출판사,2013
철학,삶은 속도가 아니라 방향이다,중요한 건 속도가 아니라 방향이다. 삶의 방향이 분명하면 온 삶이 분명해지지만 삶의 방향이 분명하지 않으면 모든 삶이 불안해지고 문제투성이가 되고 말기 때문이다. 방향이 정해졌다면 시간은 아무런 문제가 되지 않는다.,https://image.aladin.co.kr/product/2570/20/cover500/8996719013_2.jpg, 수영;전성민 [공] 지음, 루이앤휴잇,2013
철학,사춘기 철학 교과서,작은숲 작은학교 시리즈 10권. 쉽고 재미있고 깊이 있는 교양서로 청소년들과 눈을 맞춰 온 김보일 선생님이 전하는 십대들을 위한 철학 교양서이다. 비교적 어려운 주제임에도 불구하고 연관 있는 짧은 글을 연달아 배치함으로써 독서에 지치지 않도록 배려했다.,https://image.aladin.co.kr/product/2630/69/cover500/899758118x_1.jpg, 김보일 지음, 작은숲,2013
철학,흔들리지 않고 피어나는 마흔은 없다,마흔이란 나이엔 누구에게나 정도의 차이가 있긴 하지만 여러 가지 변화가 찾아온다. 저자 서울아산병원 정신건강의학과 전문의 김병수 교수는 중년이 되면서 마음의 변화에 대해 궁금해하는 이들을 상담하면서 그들의 속마음을 들을 기회가 많았다고 한다.,https://image.aladin.co.kr/product/2024/20/cover500/8993734232_1.jpg, 김병수 지음, 프롬북스,2012
철학,(대한민국 대표 인문학자들이 들려주는) 인문학 명강 동양고전,"<논어>를 시작으로 <맹자>, <장자> 등 제자백가 사상과 <한중록>, <금오신화> 등 한국의 고전까지 동양고전의 전반을 아우르는 총 14강의 강의로 이루어졌다.",https://image.aladin.co.kr/product/2817/35/cover500/8950950405_1.jpg, 강신주 ... [등] 지음, 21세기북스(북이십일),2013
철학,(청소년이 꼭 읽어야 할) 동양고전,"어려운 고전을 쉽고 재미있게 소개하고 있는 청소년을 위한 친절한 고전 가이드북이다. 고전의 핵심내용은 쉽게 풀어주고, 그 역사적 의의와 배경지식은 물론 저자들의 주변 이야기까지 담고 있어 청소년들을 위한 고전 입문서가 될 것이다.",https://image.aladin.co.kr/product/2808/3/cover500/899848207x_1.jpg, 강성률 지음, 아주좋은날,2013
철학,철학을 담은 잔소리 통조림,"보물창고 1218 시리즈 4권. 잔소리를 듣는 사람은 물론이고, 그것을 말하는 사람조차 간과하고 있는 잔소리 속 여러 가지 철학적 의미에 초점을 맞춘 책이다. 잔소리 속에 담겨 있는 여러 가지 의미들을 재치 있는 목소리로 풀어냄으로써 거부감을 느끼지 않고 자연스럽게 잔소리를 재조명해 볼 수 있다.",https://image.aladin.co.kr/product/1303/63/cover500/8961702440_1.jpg, 마크 젤먼 지음;황윤영 옮김, 푸른책들,2011
철학,(법륜 스님의)행복,법륜 스님의 행복 안내서. 지난 30년 동안 수많은 사람들이 저자에게 던진 질문과 그 답변을 엄선해 엮었다. 개인적 문제에서 사회의 구조적 모순까지 우리의 행복을 방해하는 요소들을 총체적으로 분석하고 그에 대한 지혜로운 해법을 들려준다.,https://image.aladin.co.kr/product/7441/21/cover500/8954637167_2.jpg, 법륜 지음, 나무의마음,2015
철학,(청소년을 위한)행복 철학,"행복에 이르기 위해 어떤 생각을 해야 하는가를 철학과 접목시킨 책이다. 청소년뿐 아니라 대학생이나 일반 성인이 교양을 쌓기에도 적합한 책으로, 저자는 “독자를 보다 행복하게 하는 동시에 독자에게 철학을 보다 쉽게 전달하는 것”이 이 책의 목표라고 말한다.",https://image.aladin.co.kr/product/7458/40/cover500/k422434502_1.jpg, 조정옥 지음, 사람의무늬,2016
철학,굿 라이프,"행복에 관한 책이지만 동시에 행복을 넘어선 새로운 인생의 프레임을 고민하고자 하는 책. 저자는 행복에 관한 오해들을 바로잡고, 행복해지는 것을 염려하거나 두려워하는 우리의 마음을 하나하나 짚어낸다. 그리하여 독자들은 각자가 가지고 있는 행복 프레임을 들여다보며, 나아가 자신의 삶에 대해 각자가 가지고 있는 인생 프레임을 스스로 점검할 수 있다.",https://image.aladin.co.kr/product/15149/28/cover500/8950975912_1.jpg, 최인철 지음, 21세기북스,2018
철학,조용헌의 인생독법,"강호동양학자 조용헌, 그는 옛사람들과 오늘의 우리를 이어주는 메신저다. 4차산업혁명이 도래하는 최첨단 시대에도 여전히 지키고 살펴야 할 가치라면, 우리 선조들의 일상의 기록, 그리고 사람살이의 살아있는 이야기이다.",https://image.aladin.co.kr/product/15337/77/cover500/s132533931_1.jpg, 조용헌 지음, 불광출판사,2018
철학,마음밭에 서서,"마인드북 시리즈 4권. 자녀교육의 지침서이자, 중독과 자살 등 범죄의 근본원인 규명과 해결책이 담긴 책이다. 우리가 현재 하고 있는 교육이 인간의 진정한 행복과 얼마나 반대로 치닫고 있는지 정확하게 볼 수 있다. 새로운 교육의 방향을 잡게 하는 인성교육지침서이다.",https://image.aladin.co.kr/product/15840/60/cover500/k762533438_1.jpg, 박옥수 지음, 온마인드,2018
철학,심리학으로 들여다본 그리스 로마 신화,"신화 속에는 원시 문화가 제도문화로 변해가는 과정이 은유적으로 담겨 있으며, 심리적 원형으로 남아 인간의 보편적이고 기본적인 패턴으로 작용하고 있다. 저자는 인간의 심리를 파헤치고 연구하며 많은 관련 도서를 저술한 저자로서, 이번 책에서는 그리스 로마 신화에 숨겨진 인간의 심리를 파헤쳐 드러냈다.",https://image.aladin.co.kr/product/16811/18/cover500/8973435140_1.jpg, 이동연 지음, 평단,2018
철학,"괴테, 악마와 내기를 하다","탐 철학 소설 32권. 주인공 문수는 호문쿨루스, 즉 인조인간이다. 하지만 아직은 미완성이기에 문수를 만든 박은오 박사는 그를 어떻게 하면 완벽한 인간으로 재탄생시킬지 안간힘을 쓴다. 문수 또한 완벽한 인간이 되기 위해 노력하는데….",https://image.aladin.co.kr/product/10044/22/cover500/896496344x_1.jpg, 김경후 지음, 탐,2017
철학,공부톡 인생톡,"오대교, 황선찬 두 작가는 교육전문가와 청춘멘토로 학교에서 학생들과 학부모님들을 만나며 현장의 목소리를 듣게 되었다고 한다. 그동안의 질문과 답변을 묶어 더 많은 학생들과 학부모들에게 도움이 되고자 64개의 주제를 선별해 <공부톡 인생톡>을 기획하게 되었다.",https://image.aladin.co.kr/product/10906/3/cover500/k442531268_1.jpg, 오대교;황선찬 [공]지음, 북작,2017
철학,나의 멘토 소크라테스,한 고등학생이 소크라테스의 삶과 철학이 담긴 명저들을 바탕으로 질문하고 답하며 자기만의 답을 찾아가는 과정을 담은 책이다. 저자는 우리가 살면서 누구나 할 법한 질문과 대답을 소크라테스의 삶과 생각으로부터 읽어낸다.,https://image.aladin.co.kr/product/8303/77/cover500/k872434352_2.jpg, 최성민 지음, 시간여행,2016
철학,나의 멘토 소크라테스,한 고등학생이 소크라테스의 삶과 철학이 담긴 명저들을 바탕으로 질문하고 답하며 자기만의 답을 찾아가는 과정을 담은 책이다. 저자는 우리가 살면서 누구나 할 법한 질문과 대답을 소크라테스의 삶과 생각으로부터 읽어낸다.,https://image.aladin.co.kr/product/8303/77/cover500/k872434352_2.jpg, 최성민 지음, 시간여행,2016
철학,꼴. 4: 몸이 천냥이면 눈이 구백냥,"우리 시대 대표 작가 허영만 화백이 만화 인생 30여 년 동안 천착했던 사람의 얼굴, 사람의 이야기를 관상과 함께 풀어놓았다.",https://image.aladin.co.kr/product/351/73/cover500/8960861707_1.jpg, 허영만 지음, 위즈덤하우스,2009
철학,마흔에 읽는 손자병법,"‘정치와 경영의 바이블’이라 할 수 있는《손자병법》을 통해 인생과 경영의 지혜를 한 수 가르쳐준다. “《손자병법》 가르침의 밑바닥에는 경쟁자를 나와 함께 살아가는 동반자로 인정하는 철학이 숨어 있다. 겉으로 보면 《손자병법》은 ‘싸움의 기술’이다. 그러나 그 속은 ‘서로에 대한 존중’이다. 오늘날 우리가 손자에게서 배울 것은 겉이 아니라 속이다.” 이것이 저자가 마흔에 읽은 손자병법의 철학이자, 독자들에게 전하려는 마흔에 대한 메시지다.",https://image.aladin.co.kr/product/1246/99/cover500/8965960126_1.jpg, 강상구 지음, 흐름,2011
철학,감동을 남기고 떠난 열두 사람,"<죽을 때 후회하는 스물다섯 가지>의 저자 오츠 슈이치가 전하는 감동 실화. 남아있는 이들에게 따뜻한 감동을 전하고, 자신은 웃음을 머금으며 떠난 열두 명의 이야기를 담았다. 저자가 펴낸 첫 번째 이야기 <죽을 때 후회하는 스물다섯 가지>가 '죽을 때 후회하지 않는 인생'이었다면 두 번째 이야기 <감동을 남기고 떠난 열두 사람>은 '죽을 때 감동을 남기고 떠난 인생'이야기다.",https://image.aladin.co.kr/product/763/39/cover500/8950925915_1.jpg, 오츠 슈이치 지음;황소연 옮김, 21세기북스,2010
철학,아프니까 청춘이다,"네이버와 싸이월드에서 '아무리 독한 슬럼프 속에서라도, 여전히 너는 너야'라는 글 '슬럼프'로 수많은 청춘들의 가슴을 울린 서울대학교 김난도 교수가 여러 매체에 기고했던 글을 비롯한 총 42편의 글을 묶었다. 저자는 학생들과 교정에서 매일같이 부대끼며, 또 인터넷으로 청춘들과 쉼 없이 소통하며 그들만의 아픔을 헤아려 수많은 청춘들의 공감을 얻어왔다.",https://image.aladin.co.kr/product/832/50/cover500/s972635621_1.jpg, 김난도 지음, 쌤앤파커스,2011
철학,(시골의사 박경철의)자기혁명,"시골의사 박경철이 이 시대 청춘에게 던지는 통렬한 자기혁명의 메시지. 당신은 자기 삶의 주인으로 살고 있는가? 이 책은 그 물음에 대한 답을 찾아가는 과정이다. 이 책은 ‘알지만 실천하지 못하는 후회를 담은 시행착오의 기록’이라는 저자의 말처럼 그의 치열했던 고뇌의 기록인 동시에, 청년들과 나눈 소통의 흔적이며, 함께 노력하겠다는 의지의 표현이다.",https://image.aladin.co.kr/product/1316/45/cover500/8901130467_3.jpg, 박경철 지음, 리더스북,2011
철학,꼴. 4: 몸이 천냥이면 눈이 구백냥,"우리 시대 대표 작가 허영만 화백이 만화 인생 30여 년 동안 천착했던 사람의 얼굴, 사람의 이야기를 관상과 함께 풀어놓았다.",https://image.aladin.co.kr/product/351/73/cover500/8960861707_1.jpg, 허영만 지음, 위즈덤하우스,2011
철학,꼴. 7: 성형한다고 가난뱅이 코가 부자 코 될 수 있을까,"7권에서는 코와 입을 통한 상법을 이야기한다. 코와 입에는 그 주변에 있는 법령과 인중, 치아도 모두 포함된다. 코의 높낮이와 굵기, 살의 유무, 콧구멍의 크기와 각도 등으로 꼴을 보는 것은 기본이다. 더불어 하루의 운세는 코끝에서 시작한다고 해도 과언이 아닐 정도로 관상에서는 코로 하루의 운을 점친다. 겉보기에는 지저분하고 민망하게 삐져나온 코털은 강가에 자라난 풀과 같아 그 사람의 건강과 복을 나타내는 길한 징표다.",https://image.aladin.co.kr/product/603/40/cover500/8960862290_1.jpg, 허영만 글·그림, 위즈덤하우스,2011
철학,혈액형 심리학. 1: A형,A형의 다양한 성향들을 9가지 타입으로 나누어 설명한다. 흔히 A형은 차분하고 소심하다고들 하지만 책은 그러한 편견을 뒤집는다. A형 중에는 활동적이고 쾌활한 사람도 있기 때문이다. 다양한 A형의 유형 속에서 자기반성과 겸손한 태도로 신뢰를 얻는 A형에 관한 보편적인 진실도 알려준다.,https://image.aladin.co.kr/product/217/72/cover500/8991360459_1.jpg, 스즈키 요시마사 지음;이윤혜 옮김, 보누스,2010
철학,혈액형 심리학. 2: AB형,혈액형 AB형을 가진 사람의 심리 및 기질을 9가지 타잎으로 나누어 알려 준다. 무슨 일을 하더라도 평균 이상을 해내는 다재다능한 AB형은 전문분야에서 두각을 나타내는 경우가 많다. 오감이 뛰어나기 때문에 정보를 받아들이는 순간 빠르게 분석하는 능력이 있다. 타이밍을 잘 맞추고 정곡을 찌르는 발언을 자주 한다.,https://image.aladin.co.kr/product/227/81/cover500/8991360483_1.jpg, 스즈키 요시마사 지음;이윤혜 옮김, 보누스,2010
철학,혈액형 심리학. 4: O형,"혈액형이 O형인 사람의 심리 및 기질을 9가지 타입으로 나누어 설명한다. 예를 들어 침착한 타입은 조심성이 많고, 사람들이 흥분해서 대화를 나눠도 담담하게 지켜보는 경우가 많다. 대기만성 타입은 이치에 맞는다고 느끼면 과감하게 자기 의사를 표현한다는 등이다.",https://image.aladin.co.kr/product/227/81/cover500/8991360475_1.jpg, 스즈키 요시마사 지음;이윤혜 옮김, 보누스,2010
철학,감정과 이성,"분노, 선망, 질투, 불안-공포, 죄책감, 수치심, 안도감, 희망, 슬픔과 우울, 행복감, 긍지, 사랑, 감사, 동정심, 미학적 경험의 감정 등 인간의 15가지 주요한 감정들 하나하나를 재미있는 사례 중심으로 정교하게 분석하면서 끊임없이 독자의 흥미를 유발한다.",https://image.aladin.co.kr/product/0/45/cover500/893100320x_2.jpg, 리처드 래저러스;버니스 래저러스 [공]지음;정영목 옮김, 문예,1997
철학,나는 무엇을 위해 살아왔는가,러셀이 불행한 아이에서 가히 행복한 철학자로 98세의 생을 마감할 수 있었던 이유는 무엇일까? 그의 대표 에세이를 골라 엮은 <나는 무엇을 위해 살아왔는가>는 그에 대한 답이라고 할 수 있는 책이다.,https://image.aladin.co.kr/product/3254/45/cover500/8931007493_1.jpg, 버트런드 러셀 지음;최혁순 옮김, 문예,2013
철학,나는 아직도 사랑이 필요하다,정신과 의사이자 심리분석가인 한스 요아힘 마츠 박사는 현대인과 현대사회를 사회심리학적으로 분석해오고 있다. 저자는 애정 결핍과 자아도취 증상과의 관계를 분석하면서 유년기 시절 부모로부터 사랑받지 못한 경험이 성인에게 끼치는 영향을 심도 있게 논한다.,https://image.aladin.co.kr/product/2979/50/cover500/8994353313_1.jpg, 한스 요하임 마츠 지음;류동수 옮김, 애플북스(비전비엔피),2013
철학,리딩,크리스토퍼 히친스의 유작 독서에세이 선집. 히친스는 생전에 영미권 최고의 비평가이자 논쟁가로서 이름이 높았다. 특히 종교의 위선과 기만을 드러낸 대표작 《신은 위대하지 않다》는 그의 솔직함과 가차 없는 태도를 가늠하게 한다.,https://image.aladin.co.kr/product/3261/12/cover500/8994963987_1.jpg, 크리스토퍼 히친스 지음;김승욱 옮김, 알마,2013
철학,(관계의 피곤함이 단번에 사라지는)반응하지 않는 연습,"'반응하지 않는 연습'에서는 ‘왜 반응하지 않아야 하는가’에 대해 설명하는 데 집중했다면, 이번 실천편에서는 일상에서 쉽게 실천할 수 있는 방법들을 알려주는 데 집중했다.",https://image.aladin.co.kr/product/8647/71/cover500/8960869554_1.jpg, 구사나기 류슌 지음;류두진 옮김, 위즈덤하우스,2016
철학,나를 마주하는 용기,"자신에 대해 섣부르게 판단하거나 제한하는 대신, 내면의 풍성한 자아를 발견하고 수용하는 방법을 소개하는 책이다. 결점을 껴안기 위해 관점을 확대할 것을 권하고 있다. 저자를 비롯한 전 세계 청소년들의 목소리가 생생하게 담긴 책이다.",https://image.aladin.co.kr/product/8341/84/cover500/k872434455_1.jpg," 에밀리-앤 리걸,진 디머스 지음;유영훈 옮김", 나무생각,2016
철학,내향인만의 무기,컨설팅의 전설이자 《내향인만의 무기》의 저자 마이크 벡틀은 내면의 무한한 에너지를 활용해 타고난 무기만 잘 사용할 수 있어도 얼마든지 성공할 수 있다고 말한다. 이 책에서 저자는 20년 동안 집대성한 내향성 연구의 모든 것을 담아 내향인의 타고난 강점을 성공의 무기로 만드는 법을 안내한다.,https://image.aladin.co.kr/product/32970/11/cover500/k472936355_1.jpg, 마이크 벡틀 지음;정성재 옮김, 유노북스,2023
철학,사무실의 도른자들,"20년간 인간관계와 소통 방식을 연구해온 저자는 『사무실의 도른자들』을 통해 암흑 같은 직장생활에 한 줄기 빛을 비춰준다. 이해할 수 없는 사람들을 심리학의 도구로 분석하고 이들을 7가지로 유형화하며, 마침내 우리가 도른자들에게 맞설 무기를 쥐여준다.",https://image.aladin.co.kr/product/32850/44/cover500/8954695930_1.jpg, 테사 웨스트 지음;박다솜 옮김, 문학동네,2023
철학,수평적 사고,"에드워드 드 보노의 유명한 수평적 사고법을 사용하여, 현장에 쉽게 적용해 볼 수 있도록 소개하고 있는 비즈니스 참고서이자 실용적인 자기계발서이다. 이 책은 폴 슬론이 대중문화, 비즈니스, 건축, 역사, 전쟁, 예술 분야의 실제 사례를 바탕으로 위대한 수평적 사상가들의 실용적인 조언, 기법, 퍼즐, 문제의 조합을 선별한 것이다.",https://image.aladin.co.kr/product/32826/12/cover500/k862936908_1.jpg, 폴 슬론 지음;이영래 옮김, 21세기북스(북이십일),2023
철학,파서블,성장에 대한 욕구를 가진 사람들이 ‘기록형 인간’으로 거듭날 요량으로 해가 바뀌면 다이어리와 노트를 사고 열심히 기록하는 습관을 들여 보지만 잘되지 않아 괴로워한다. 《파서블》은 성과를 내는 일상 기록법을 알려주는 책이다. 꿈이나 목표가 있다면 일상 기록을 통해 그 가능성을 현실로 만드는 전략이 담겨 있다.,https://image.aladin.co.kr/product/32891/69/cover500/k762936521_3.jpg, 김익한 지음, 인플루엔셜,2023
철학,MBTI의 모든 것,"인스타그램에서 23만 팔로워의 사랑을 받으며 MBTI 최대 규모 페이지로 성장한 ‘MBTI의 모든 것’이 귀염뽀짝한 그림 에세이로 재탄생했다. ‘MBTI의 모든 것’은 MBTI에 열광하는 사람들, 이른바 ‘MBTI 과몰입러’들을 위해 알찬 MBTI 지식을 귀여우면서도 유쾌한 콘텐츠로 제작해 사람들이 더 쉽고 재미있게 MBTI에 접근할 수 있도록 도움을 주었다.",https://image.aladin.co.kr/product/30928/19/cover500/k412831390_2.jpg, 나우진;김준환;이지희 [공]지음;하다정;엄소민 [공]그림, 메이트북스(원앤원콘텐츠그룹),2023
철학,어나더레벨,"우리가 가진 잠재력에 관한 이야기를 펼친다. 그리고 이를 발견하기 위한 구체적인 연습과 훈련의 방법을 제안한다. 부와 성공을 얻고 싶다면, 그리고 삶의 기적을 맞이하고 싶다면 불편한 길을 선택해야 한다고. 여기에 쉽고 빠른 길은 없다고 말한다.",https://image.aladin.co.kr/product/33510/86/cover500/k752938456_1.jpg, 강민호 지음, 인생책,2024
철학,MBTI 관찰일지,"유독 정리하길 좋아하는 저자가 직접 MBTI 16개 유형의 특징을 관찰했다. T는 이성적이고, F는 감성적이며, I는 내향적이고, E는 외향적이라는 가벼운 해석에서 벗어나 여러 지인과 이야기를 나누고, 수많은 자료를 수집하며 조금 더 세심하게 MBTI를 분석하고 정리했다.",https://image.aladin.co.kr/product/33511/15/cover500/k542938558_1.jpg, 박한평 지음, 허들링북스,2024
철학,"오십, 중용이 필요한 시간","여전히 사람에 치이고 세상에 휘둘리는 중년을 위한 동양철학의 지혜를 담은 <오십, 중용이 필요한 시간>. 20만 부 판매된 베스트셀러 <마흔, 논어를 읽어야 할 시간>을 잇는 신정근 교수의 저서로 ‘오십’의 나이에 가장 걸맞은 고전, <중용>의 지혜를 전한다.",https://image.aladin.co.kr/product/22065/33/cover500/8950984849_2.jpg, 신정근 지음, 21세기북스,2019
철학,나를 소모하지 않는 현명한 태도에 관하여,"모든 것이 과하게 요구되고, 요란하게 소비되는 시대에 ‘더 현명한 삶의 방식’은 무엇인지를 통찰한 책이다. 독일의 언론인이자 베스트셀러 작가이며 문학과 커뮤니케이션 과학, 심리학 등을 두루 공부한 마티아스 뇔케 박사는 특유의 재치와 명쾌함이 돋이는 글쓰기로 ‘보여주기 위해 극대화하는 삶이 아닌 조용히 나를 지키는 삶’으로 독자들을 안내한다.",https://image.aladin.co.kr/product/33562/77/cover500/k882939888_1.jpg, 마티아스 뇔케 지음;이미옥 옮김, 퍼스트펭귄,2024
철학,오십에 읽는 손자병법,"오십에 읽는 동양 고전 시리즈. 오십을 위한 인생 병법서로, 2,500년 전의 전쟁 전략으로부터 오십 이후에 필요한 핵심 전략 39수를 뽑았다. 이를 실생활에 써먹을 수 있도록 현대적인 사례와 함께 재해석했다.",https://image.aladin.co.kr/product/33408/40/cover500/k362938239_2.jpg, 최송목 지음, 유노북스,2024
철학,최선의 고통,"예일대학교 심리학과 교수 폴 블룸의 신작 『최선의 고통』은 ‘삶에 쾌락을 더하고, 몰입을 선사하고, 진정한 의미를 발견하게 하는 이토록 선량한 고통들’을 주제로 현대 심리학의 최첨단 이슈들을 짚는다.",https://image.aladin.co.kr/product/29319/18/cover500/8925578344_1.jpg, 폴 블룸 지음;김태훈 옮김, 알에이치코리아,2022
철학,똑똑한 사람은 어떻게 생각하고 질문하는가,"당신의 생각을 확장시켜주는 책이다. 최고의 생각을 위해서 나 자신에게 던지는 질문법, 사람과 사람 사이에서의 질문법, 쳇GPT 외 AI에게 최고의 생산성을 이끌어내는 질문법 등 질문으로 생각하기에 대한 거의 모든 것이 담겨 있다.",https://image.aladin.co.kr/product/33226/94/cover500/k722937057_1.jpg, 이시한 지음, 북플레저,2024
철학,"오십, 나는 재미있게 살기로 했다",백세시대에 오십은 인생의 절반에 해당하는 터닝 포인트다. 오십 이전에는 남의 삶을 숙제하듯이 살았다면 오십 이후에는 나의 이유로 축제처럼 살 수 있는 황금기이다. 연극에서 1막도 재미있지만 훌륭한 연극은 2막이 더 재미있다. 1막에서 주인공은 세상을 바꾸려고 노력하다 호락호락하지 않은 세상의 벽에 부딪혀 절망한다. 그러다 2막에서는 세상이 아니라 나를 바꾸기로 한다.,https://image.aladin.co.kr/product/33882/36/cover500/k982930717_1.jpg, 이서원 지음, 나무사이,2024
철학,나는 오늘 칸트를 만나 행복해졌다,칸트와 함께 나서는 인생 산책. 숨을 내쉴 숨구멍을 찾고 삶을 밝혀줄 깊이 있는 시선을 모색하자. 여기 칸트를 만나 인생의 방향을 돌린 사람의 이야기가 있다. 칸트의 명언을 밥처럼 곱씹으며 양분을 흡수하고 삶의 가치를 살찌운 사람이다.,https://image.aladin.co.kr/product/33915/78/cover500/k162930028_1.jpg, 이라야 지음, 알토북스,2024
철학,당신의 인생에서 꼭 한번은 맹자를 만나라,"판덩은 수년간 『맹자』를 깊이 연구한 끝에 ‘판덩, 『맹자』에 대해 이야기하다’라는 강좌를 만들어 큰 주목을 받았다. 이 책은 이 강좌를 바탕으로 만들었으며 『맹자』에 나오는 유명한 구절들을 현대인의 실생활에 접목해 풀이했다.",https://image.aladin.co.kr/product/33859/37/cover500/k582930307_1.jpg, 판덩 지음 ;김가경 옮김, 이든서재,2024
철학,고통과 권태 사이에서,19세기를 대표하는 독일 철학자 아르투어 쇼펜하우어의 문장들. 본질적인 물음에 대한 그의 언명들을 이 책에 고스란히 담아냈다. 염세적인 분위기가 짙은 그의 문장들은 인생에 대하여 깊이 숙고하는 우리에게 깊은 사유의 시간을 제공해 줄 것이다.,https://image.aladin.co.kr/product/34033/80/cover500/895586812x_1.jpg, 아르투어 쇼펜하우어 지음 ;이동용 옮김, 세창미디어,2024
철학,생각의 각도,지난 20여 년간 '성공적이고 행복한 삶을 살기 위해서는 1%만 바꾸면 된다'며 수많은 독자의 꿈을 찾아주고 행동을 변화시킨 심리학자 이민규 교수가 '생각의 각도를 1도만 바꾸면 진정으로 인생을 향유할 수 있다'는 메시지를 담아 독자에게 이야기를 건넨다.,https://image.aladin.co.kr/product/26536/19/cover500/k632738627_1.jpg, 이민규 지음, 끌리는책,2021
철학,견고한 유연성으로 변화 스트레스 끄기,"'사고방식-정체성-행동' 3스텝을 밟아 가다 보면, 누구나 삶과 변화에 대해 새로이 인식하고, 자유롭고 유동적이면서 불변의 핵심 가치를 간직한 '나'를 만나고, 상황에 주체적으로 대응하는 한편 성장과 의미를 기다릴 줄 아는 너그러움을 갖출 수 있을 것이다.",https://image.aladin.co.kr/product/33993/79/cover500/896540388x_1.jpg, 브래드 스털버그 지음 ;최정민 옮김, 프리렉,2024
철학,나를 소모하지 않는 현명한 태도에 관하여,"모든 것이 과하게 요구되고, 요란하게 소비되는 시대에 ‘더 현명한 삶의 방식’은 무엇인지를 통찰한 책이다. 독일의 언론인이자 베스트셀러 작가이며 문학과 커뮤니케이션 과학, 심리학 등을 두루 공부한 마티아스 뇔케 박사는 특유의 재치와 명쾌함이 돋이는 글쓰기로 ‘보여주기 위해 극대화하는 삶이 아닌 조용히 나를 지키는 삶’으로 독자들을 안내한다.",https://image.aladin.co.kr/product/33562/77/cover500/k882939888_1.jpg, 마티아스 뇔케 지음;이미옥 옮김, 퍼스트펭귄,2024
철학,(마음의 평안과 자유를 얻은) 30년만의 휴식,성공은 했으나 행복하지 않은 30대 성공주의자 '휴'(休)의 내면여행을 담은 책이다. 늘 조급하고 지나치게 성취 지향적이어서 쉴 줄도 몰랐던 그가 30년 만에 마음에 진정한 쉼을 얻고 자유로워진 이야기를 통해 독자들도 심리적 현실의 자유를 누릴 수 있도록 돕고 있다.,https://image.aladin.co.kr/product/64/82/cover500/8990984025_2.jpg, 이무석 지음, 비전과리더십,2006
철학,(청소년을 위한) 우리말 속뜻 논어,논어 국역은 조선 선조 21년(1588)에 ≪논어언해≫로 시작되었다. 그 후 현대까지 약 300 여종의 번역서와 해설서가 줄이어 나왔다. 그럼에도 논어를 우리말로 하루 이틀 만에 읽을 수 있는 책이 없다. 그래서 우리말로 속뜻을 생각하며 쉽게 읽을 수 있는 책을 엮었다. 논어를 처음 접하는 청소년을 위해 쉬운 말로 옮겼다.,https://shopping-phinf.pstatic.net/main_4207348/42073486693.20230927071021.jpg, 전광진, 속뜻사전교육출판사,2023
철학,호감의 시작,커뮤니케이션 분야 1위 인터뷰어인 저자는 라디오 및 뉴미디어 PD로 10년 넘게 일해오며 국내 최정상 방송인들을 만나왔다. 처음엔 존재감이 없어도 점점 빛을 발하는 경우부터 오랫동안 변함없이 사랑받는 모습까지 수많은 이들을 마주하면서 사람들에게 어필되는 매력이란 무엇인지 탐구했다.,https://shopping-phinf.pstatic.net/main_4907368/49073686623.20240712093700.jpg, 희렌최 지음, 북로망스,2024
철학,(만화로 보는)3분 철학. 3: 서양 현대 철학편,지금까지 이런 철학 만화는 없었다! 철학의 기초 개념을 잡는 가장 쉬운 책이다. 만화로 3분이면 완벽하게 개념 잡는 서양철학사.,https://shopping-phinf.pstatic.net/main_3248500/32485006449.20230620095703.jpg, 김재훈 글·그림;서정욱 글, 카시오페아,2022
철학,내 안에서 나를 만드는 것들,"『국부론』의 저자이자 ‘자본주의 아버지’로 알려진 애덤 스미스는 일찍이 ‘더 나은 삶을 이루고 싶어 하는’ 인간의 본성을 알아차렸다. 『도덕감정론』은 심리학과 철학, 그리고 오늘날 행동경제학이라 불리는 학문을 모두 담아낸 고전 중의 고전이다. 이 책의 곳곳에 부와 행복의 추구, 우정 그리고 미덕에 대한 스미 스의 풍부한 식견이 묻어 있다. 스미스는 독자들에게 두 가지 질문에 관한 답을 친절하게 알려주고 있다.",https://shopping-phinf.pstatic.net/main_4987771/49877717618.20240822070953.jpg, 러셀 로버츠 지음;애덤 스미스 원작;이현주 옮김, 세계사,2024
철학,내가 나를 낳는다,"‘일지 이승헌의 365 명상집’이라는 부제처럼 365일 매일 한 편씩 읽을 수 있도록 짧은 메시지로 구성한 명상 에세이다. 이 책은 저자의 강연과 글에서 자신을 성찰하는 메시지, 스스로를 위로하고 격려하는 메시지, 의식을 확장해 주는 메시지 등을 가려 엮은 것으로 자신의 참된 가치를 발견하도록 도와준다.",https://shopping-phinf.pstatic.net/main_5095649/50956494623.20241023071603.jpg, 이승헌 지음, 한문화,2024
철학,나를 돌보기 위해 정리를 시작합니다,700억 규모의 수납·정리 용품 회사를 운영하던 저자는 ‘정리의 본질’이 무엇인지 고민하며 <정리마켓> 유튜브 채널을 시작했고 자신만의 정리 기술과 노하우로 삶을 가꾸는 전국의 살림 고수들을 만났다. 이 책에는 57만 명의 사람들에게 감탄과 감동을 선사했던 수많은 정리 노하우가 10가지로 압축되어 담겨있다.,https://shopping-phinf.pstatic.net/main_5038272/50382727627.20240921071233.jpg, 정코(정리마켓) 지음, 비즈니스북스,2024
철학,"그래서요, 내 성격이 뭔데요?",심리학에서 성격 유형 검사로 사용되는 20가지 심리 테스트가 실려 있다. 애매모호한 여러 선택지 중 하나를 선택하는 결정은 결코 쉽지 않다. 그렇기 때문에 아이들은 테스트를 진행하면서 자연스럽게 자신의 성향과 성격에 대해 진지하게 생각해 보게 된다.,https://shopping-phinf.pstatic.net/main_3244481/32444815621.20230404164129.jpg, 앨리스 하먼 지음;블록 마나예 공저;황유진 옮김, 위즈덤하우스,2022
철학,모두를 위한 아리스토텔레스,"아리스토텔레스 철학을 쉽게 설명하고 있는 책. 미국의 철학자이자 교육자였던 모티머 J. 애들러는 전문적 용어의 사용을 최대한 피하고 일상의 친근한 사례를 들어, 아리스토텔레스의 철학 전반을 누구나 이해할 수 있도록 매우 쉽게 설명하고 있다.",https://shopping-phinf.pstatic.net/main_3243610/32436104968.20230516165332.jpg, 모티머 애들러 지음;별보배 옮김, 마인드큐브,2022
철학,나는 왜 집중을 못할까?,"청소년들의 좌충우돌하는 현실을 담은 실제 사례와 카툰, 집중력과 공감 능력 등을 체크해 볼 수 있는 테스트, 쉽고 재미있는 설명을 읽어 가다 보면 청소년 스스로 자신의 뇌를 알아 가고 자신이 원하는 어른이 되는 방법을 찾을 수 있을 것이다.",https://shopping-phinf.pstatic.net/main_4947397/49473972622.20240730091745.jpg, 니콜라 모건 지음;김인경 옮김, 뜨인돌,2024
철학,일본의 근대화와 조선의 근대,"한국의 근대화 과정에서의 일본의 영향을 검토한 연구서이다. 한국의 근대화 과정을 일본의 근대화 전개의 영향 관계 속에서 살펴봄으로써, 한국의 근대화는 사해동포의 도덕적 문명과 공익적 정의 개념에 두었음을 알 수 있다.",https://shopping-phinf.pstatic.net/main_3243615/32436155209.20221230071913.jpg, 정혜경 외 지음, 모시는사람들,2013
철학,성격 좋다는 말에 가려진 것들,"폐 끼치는 게 두려워 자신의 마음을 숨겨온 사람들을 위한 ‘자기 허용’ 심리학 책으로, 이 ‘성격 좋은 사람’들이 겉으로는 누구와도 무난히 잘 어울리는 듯 보이지만 정작 자기 자신과는 잘 지내지 못할 수 있다는 점에 주목한다.",https://shopping-phinf.pstatic.net/main_4980032/49800320638.20240816071148.jpg, 이지안 지음, 한겨레(한겨레엔),2024
철학,(알아두면 쓸모 있는)철학 상식 사전,아득히 먼 고대 그리스부터 현대까지의 수많은 철학자가 등장한다. 우리는 생애를 바쳐 철학적 질문에 답하려 애쓴 이들의 생각을 들여다보며 새로운 관점을 얻을 수 있다. 인식론에서 실존주의에 이르는 인류의 오랜 질문과 치열하게 싸워온 철학자들의 문제의식과 탐구의 역사를 살펴본다.,https://shopping-phinf.pstatic.net/main_4855052/48550523619.20240620092137.jpg, 마이클 무어 지음;이규리 옮김, Creta(크레타),2024
철학,인생의 의미,"오슬로대학교 사회인류학과 교수인 토마스 힐란드 에릭센. 전 세계를 누비며 연구와 강연, 집필 활동에 매진했던 그가 몇 년 전 췌장암 선고를 받았다. 남은 시간이 많지 않다는 것을 깨달은 에릭센은 30년 넘도록 사회인류학자로서 탐구해온 인류의 궤적을 ‘인생의 의미’라는 관점으로 재편성한다.",https://shopping-phinf.pstatic.net/main_5011575/50115755619.20240904070958.jpg, 토마스 힐란드 에릭센 지음;이영래 옮김, 더퀘스트(길벗),2024
철학,시간의 향기,<피로사회>의 저자 한병철 교수의 책<시간의 향기>가 문학과지성사에서 번역·출간되었다.<시간의 향기>는<피로사회>의 전작으로 현대사회에서 모든 시간이 노동의 인질이 되었다고 진단한다.,https://shopping-phinf.pstatic.net/main_3246667/32466679137.20221019145734.jpg, 한병철 지음;김태환 옮김, 문학과지성사,2013
철학,나를 위한 용기,존스홉킨스 의대 16년 경력 정신과 의사 지나영이 좌절과 실패로 체득한 자기사랑법을 한 권에 담아 <나를 위한 용기>를 출간했다. <나를 위한 용기>는 지나영 교수가 우리 사회의 마음건강 증진을 위해 진행한 ‘지사랑 챌린지’를 기반으로 원고를 새롭게 엮어 다양한 콘텐츠를 더한 ‘자기사랑 실천 가이드’다.,https://shopping-phinf.pstatic.net/main_5029639/50296391618.20240914071422.jpg, 지나영 지음, 특별한서재,2024
철학,페터 비에리의 교양 수업,"독일의 철학자이자 <리스본행 야간열차>의 작가인 페터 비에리 교수의 신작. 전작 <삶의 격> <자기 결정> <자유의 기술>을 통해 인간다운 삶과 존엄성에 대한 깊이 있는 성찰을 해왔던 그가 이번에는 ""교양인의 삶이란 무엇인가""란 화두를 가지고 돌아왔다.",https://shopping-phinf.pstatic.net/main_3248144/32481447490.20230905101502.jpg, 파스칼 메르시어 지음;문항심 옮김, 은행나무,2018
철학,청소력,"눈에 보이는 것을 치우는 '청소'의 개념을 우리의 인생에 접목시켰다. 저자는 우리의 마음 상태와 우리의 방은 서로 영향을 주고 받아서 자장(磁場)을 만들어 낸다고 강조하며, 사업의 번영, 행복한 가정, 꿈의 실현, 일의 성취 등 각종 고민거리들을 깨끗이 청소하면 인생 자체가 바뀐다고 조언한다.",https://shopping-phinf.pstatic.net/main_3247335/32473357084.20230927071045.jpg, 마쓰다 미쓰히로 지음;우지형 옮김, 나무한그루,2008
철학,"뇌가 ""no"" 라고 속삭일 때","널리 쓰이지만 정작 그 의미는 미궁인 말들이 있다. 그중 하나가 바로 ‘잠재의식’이다. 생각이나 행동의 동기를 설명(혹은 변명)하는 유력한 수단이지만 그게 뭔지는 아무도 모른다. 그런 의식이 왜 생겨났고 어떻게 작동하는지, 뇌에 담겨 있는지 DNA에 새겨져 있는지, 프로이트의 ‘무의식’과는 어떻게 다른지, 근본적으로 그런 게 정말 존재하기는 하는지 등등. 이 책은 그런 질문들에 대한 명쾌한 해답이다.",https://shopping-phinf.pstatic.net/main_5002325/50023258621.20240830071642.jpg, 슈테판 쾰쉬 지음;유영미 옮김, 뜨인돌(뜨인돌출판),2024
철학,버리는 용기 100,"물건은 물론 습관, 사고방식, 인간관계까지, 인생 곳곳에 쌓인 ‘군더더기’를 과감히 덜어내는 법을 알려 준다. 그 결과, 몸과 마음이 가벼워지고 인생의 답이 보이는 놀라운 경험을 하게 될 것이다. 고바야시 히로유키는 자율신경 연구의 권위자로, 이 책을 통해 스트레스와 혼란을 과학적으로 해결할 방법을 제시한다.",https://shopping-phinf.pstatic.net/main_5314704/53147049285.20250222102259.jpg, 고바야시 히로유키 지음;이지현 옮김, 더페이지,2025
철학,21세기를 살아가는 현대인을 위한 철학,복잡하고 불확실한 시대를 살아가는 현대인들이 마주하는 지극히 현실적인 고민에 철학자들은 어떤 대답을 내놓을까? 이 궁금증에서 출발한 책은 철학을 어렵고 자신과 거리가 먼 학문으로 느끼는 사람들에게 색다른 접근법을 제시한다.,https://shopping-phinf.pstatic.net/main_5314704/53147049305.20250227095430.jpg, 토마스 아키나리 지음;장하나 옮김, 파인북,2025
철학,이어령의 말,"반드시 후대에 남기고 싶었던 최후의 기획이자, 수백 권의 저작에서 뽑은 에센스 중의 에센스. ‘자기 머리’로 생각하고 공부해온 사람만이 갖출 수 있는 깊고 넓은 사유가 마음, 인간, 문명, 사물, 언어, 예술, 종교, 우리, 창조라는 주제 아래 꾹꾹 눌러 담겨 있다.",https://shopping-phinf.pstatic.net/main_5305824/53058242997.20250222071116.jpg, 이어령 지음, 세계사,2025
철학,창조적 행위,"예술가의 길을 누구라도 접근할 수 있는 것으로 제시하기 위한 아름답고도 관대한 탐구의 과정이다. 루빈은 평생의 지혜를 빛나는 글로 증류해냄으로써, 우리 모두에게 기쁨과 초월의 순간을 창조할 힘을 부여한다.",https://image.aladin.co.kr/product/31862/39/cover500/k562833421_2.jpg, 릭 루빈 지음;정지현 옮김, 코쿤북스,2023
철학,빛의 혁명과 반혁명 사이,"철학이란 시대를 품고 있는 사건을 사상과 개념으로 포착해서 해석하고 해명하고 비판하는 일이다. 이 책은 철학자 박구용이 12.3 내란 사태를 시작으로 과거와 현재와 미래를 오가며 윤석열 정권의 탄생부터 몰락까지, 그리고 빛의 혁명을 완수하기 위한 우리 사회의 과제를 철학적으로 해석하고 해명하고 비판한다.",https://shopping-phinf.pstatic.net/main_5218710/52187109620.20250101071650.jpg, 박구용 지음, 시월,2025
철학,(부와 행복을 끌어당기는)말의 알고리즘,"지금 삶이 불만족스럽다면 병든 말의 알고리즘을 갖고 있을 가능성이 크다. 부와 행복을 원한다면 이제부터는 건강한 말의 알고리즘을 선택해 보자. 책 《말의 알고리즘》에는 이를 위한 구체적이고 현실적인 솔루션들이 담겨 있다. 책에 수록된 방법들과 긍정의 말을 따라 하다 보면, 기분이 좋아지고, 능력이 향상되고, 건강해지며, 좋은 관계가 만들어지는 경험을 하게 될 것이다.",https://shopping-phinf.pstatic.net/main_3273412/32734128625.20230906071130.jpg," 고은미,김정호 지음", 한밤의책(스몰빅미디어),2022
철학,나의 첫 논어 공부,"공자처럼 『논어』의 풍부한 뜻을 친절한 입말로 차분하게 풀어 설명했다. 『열일곱 살에 읽는 논어』(2017년) 개정판으로 전작의 내용을 대폭 개정, 보완해 고전 입문자를 위한 최고의 안내서가 되도록 했다.",https://dls2.edunet.net/DLS/api/homepage/holding/getCoverImage.do?prov_code=E10&neis_code=E100000276&bib_key=34206495585, 김태진 지음, 메멘토,2024
철학,조용한 시간의 힘,"소음으로 지친 현대인을 위한 침묵 안내서다. 소음으로 가득한 세상에서 침묵을 발견하고, 최고의 나를 찾을 수 있는 법을 알려 준다. <하버드 비즈니스 리뷰> 화제의 칼럼에서 출발한 이 책은 단순히 소음의 부재가 아닌 존재로서의 침묵을 탐구하며, 과학·철학·종교·일상에서의 다양한 관점에서 침묵의 가치와 가능성을 조명한다.",https://dls2.edunet.net/DLS/api/homepage/holding/getCoverImage.do?prov_code=E10&neis_code=E100000276&bib_key=34206516285, 저스틴 존;리 마즈 [공] 지음;최안나 옮김, 시공사,2025
철학,내가 나라서 정말 좋아 필사 에디션,필사 에디션을 위해 김지훤 선생님이 준비한 깜짝 선물! 40편의 글에 수록된 QR 코드를 스마트폰으로 찍어 보자. 보는 것만으로 행복해지는 미소 천사 김지훤 선생님이 등장해 나를 위한 특별 조회를 들려준다.,https://dls2.edunet.net/DLS/api/homepage/holding/getCoverImage.do?prov_code=E10&neis_code=E100000276&bib_key=34206519647, 김지훤 글;하꼬방 그림, 길벗,2025
철학,10대를 위한 비판적 사고력 수업,“도대체 비판적 사고는 어떻게 하는 거지?!” 연애나 친구 문제부터 일상과 시사 토픽까지. 이론과 실전으로 완성하는 비판적 사고력 수업.,https://dls2.edunet.net/DLS/api/homepage/holding/getCoverImage.do?prov_code=E10&neis_code=E100000276&bib_key=34206538481, 이현주;이현옥 [공]지음, 지노,2025
철학,(법의학자 유성호의)유언 노트,2019년 서울대 최고의 ‘죽음’ 강의를 담은 『나는 매주 시체를 보러 간다』를 통해 법의학이 들려주는 생생한 이야기와 철학으로 큰 화제를 모았던 유성호 교수가 6년 만에 신작 『법의학자 유성호의 유언 노트』를 펴냈다.,https://dls2.edunet.net/DLS/api/homepage/holding/getCoverImage.do?prov_code=E10&neis_code=E100000276&bib_key=34206620562, 유성호 지음, 21세기북스(북이십일),2025
철학,오십에 읽는 논어(論語),"쉼 없이 살아온 중년의 마음을 단단히 붙잡아 준 책, 《오십에 읽는 논어》가 더욱 깊어진 개정 증보판으로 돌아왔다. 출간 5년, 100쇄 돌파, 20만 독자의 선택이 그 의미를 증명한다.",https://dls2.edunet.net/DLS/api/homepage/holding/getCoverImage.do?prov_code=E10&neis_code=E100000276&bib_key=34206671753, 최종엽 지음, 유노북스(유노콘텐츠그룹),2025
철학,불안사회 생존철학,현대인이 지금 겪고 있는 큰 문제들은 과거에는 보지 못했던 새로운 문제들인 동시에 한편으로는 가장 일반적인 문제이기도 하다. 중요한 것은 깊이 있는 접근으로 문제를 다뤄야 한다는 것이다. 표면만 건드리면 근본적인 해결책을 결코 찾지 못할 것이기 때문이다.,https://dls2.edunet.net/DLS/api/homepage/holding/getCoverImage.do?prov_code=E10&neis_code=E100000276&bib_key=34206678855, 장 폴 주아리 지음;배정은 옮김, 상상스퀘어,2025
철학,행복하지 않아서 뇌를 바꾸려고 합니다,"“결심은 했는데 왜 자꾸 미루게 될까?”, “계획은 완벽한데 왜 늘 작심삼일일까?”, “왜 나는 똑같은 후회를 반복할까?” 이런 질문 앞에서 우리는 흔히 이성을 탓한다. 의지가 약해서, 생각이 부족해서, 훈련이 덜 돼서 그렇다고. 하지만 이 책은 이 익숙한 통념에 정면으로 반기를 든다.",https://shopping-phinf.pstatic.net/main_5546614/55466149460.20250625102948.jpg, 손정헌 지음, 더페이지,2025
철학,행복 강박,"논픽셔니스트 올리버 버크먼은 이 현상에 하나의 의문을 품게 되었다. ‘그래서 행복을 목적으로 살면 행복해지는가?’ 그는 실제로 행복해지려고 발버둥 칠수록 불행해지는 사람들을 보며, 왜 그렇게 될 수밖에 없는지 그 이유를 추적했다.",https://shopping-phinf.pstatic.net/main_5540159/55401590022.20250621110425.jpg, 올리버 버크먼 지음;정지인 옮김, 북플레저,2025
철학,이렇게 말하면 행운이 올 거야,학업과 미래에 대한 고민으로 낮아진 청소년의 자존감을 다시 세우고 타인뿐 아니라 스스로에게도 다정한 말을 건넬 수 있도록 돕는 힐링 에세이다. “난 운이 좋아” “할 수 있어” “느려도 괜찮아” 같은 긍정의 말은 내면을 단단하게 만들고 삶의 행운을 끌어당긴다.,https://shopping-phinf.pstatic.net/main_5606147/56061478684.20250802092103.jpg, 김범준;김수민 [공]지음, 클랩북스,2025
철학,당신은 이미 괜찮은 존재입니다,"베이징사범대 심리학대학원의 류샹핑 교수는 우리의 행복감을 결정하는 자존감의 심리학을 체계적으로 정리하는 한편, 건강한 자존감을 위한 실천적인 방안을 제시한다.",https://shopping-phinf.pstatic.net/main_5591936/55919366142.20250724092135.jpg, 류샹핑 지음;허유영 옮김, 비바체,2025
철학,(알아두면 잘난 척하기 딱 좋은)인간 딜레마의 모든 것,"‘알아두면 잘난 척하기 딱 좋은’ 시리즈 열두 번째 프로젝트인 이 책은, 인간이 지구상에 존재하기 시작한 이래 지금까지 진화를 거듭하면서 선택과 그에 따른 행동이 어떻게 인간의 DNA와 뇌에 각인되었는지, 그것은 또 어떻게 환경과 조응하면서 문화를 발전시켰는지 그 암호를 다양한 관점에서 풀어본다.",https://image.aladin.co.kr/product/27503/43/cover500/k002733096_2.jpg, 이용범 지음, 노마드,2021
철학,자존감 수업,"정신과 의사 '윤답장' 선생의 자존감 셀프 코칭법. 자존감 전문가이자 정신과 의사인 윤홍균 원장이 2년 넘게 심혈을 기울여 쓴 책으로, 자존감이 우리 삶에 미치는 영향을 친절하게 알려주고, 자존감을 끌어올리는 실질적인 방법을 알려주고 있다.",https://image.aladin.co.kr/product/8679/31/cover500/k372535696_2.jpg, 윤홍균 지음, 심플라이프,2016
철학,자존감 수업,"정신과 의사 '윤답장' 선생의 자존감 셀프 코칭법. 자존감 전문가이자 정신과 의사인 윤홍균 원장이 2년 넘게 심혈을 기울여 쓴 책으로, 자존감이 우리 삶에 미치는 영향을 친절하게 알려주고, 자존감을 끌어올리는 실질적인 방법을 알려주고 있다.",https://image.aladin.co.kr/product/8679/31/cover500/k372535696_2.jpg, 윤홍균 지음, 심플라이프,2016
철학,심리 유형,"칼 융은 기본적으로 세상을 대하는 태도를 바탕으로 크게 내향성과 외향성으로 구분한다. 이를 다시 심리적 기능에 따라서 지각 기능인 감각과 직관, 판단 기능인 사고와 감정으로 나눈다. 따라서 칼 융의 심리 유형은 8가지가 된다.",https://shopping-phinf.pstatic.net/main_3245625/32456256708.20260331100555.jpg, 칼 구스타프 융 지음;정명진 옮김, 부글books,2019
철학,당신은 가치 있다,"독일 의사협회가 주목한 심리학자 안드레아스 크누프의 대표작이다. 출간 즉시 독자 리뷰로 화제를 모았고, 142만 유튜브 ‘닥터프렌즈’ 오진승 정신건강의학과 전문의가 추천했다. 성취 압박과 타인의 시선 속에서 흔들리는 현대인에게 존재 자체의 가치를 묻는다.",https://shopping-phinf.pstatic.net/main_5897169/58971698409.20260331114541.jpg, 안드레아스 크누프 지음;박병화 옮김, 북파머스,2026
철학,부처님 말씀대로 살아보니,"“부처는 인간의 마음을 해부한 인류 최초의 심리학자였다.” 호주와 뉴질랜드에서 실제 진료 현장을 이끌어 온 정신과 의사 토니 페르난도는 불안과 고통의 근원을 탐구하며, 2,600년 전 마음의 작동 원리를 꿰뚫어 본 부처님의 가르침에 주목한다.",https://shopping-phinf.pstatic.net/main_5876886/58768860621.20260331114656.jpg, 토니 페르난도 지음;강정선 옮김, Wilma(윌마),2026
철학,잘될 수밖에 없는 사람,"인기 블로그 <무명자의 심리학 광장>『나는 왜 남들보다 쉽게 지칠까』 등을 통해 독자들과 소통하며 커다란 공감을 이끌어 온 저자는 이 책에서 주도적인 삶을 위한 ‘자기인식’의 중요성을 전하며, 성격 패턴이 어떤 식으로 우리 삶에 녹아드는지를 집중적으로 탐구한다.",https://shopping-phinf.pstatic.net/main_5847743/58477434516.20260331093337.jpg, 최재훈 지음, 청림Life,2026
철학,운명을 보는 기술,"세상은 눈에 보이지 않는 힘으로 움직인다. 사주, 관상, 풍수는 그 힘의 흐름을 읽어내기 위해 인류가 가장 오래전부터 사용해 온 기술이다. 흔히 미신으로 치부되지만, 사실은 2,300년 전부터 전해 내려온 삶의 지혜이자 인간을 깊이 이해하기 위한 통찰의 도구였다. 이를 제대로 활용하면 내 삶을 막는 불운을 비켜가고, 이미 와 있는 행운은 몇 배로 더 크게 키워낼 수 있다.",https://shopping-phinf.pstatic.net/main_5729801/57298016979.20260331122837.jpg, 박성준 지음, Page2(페이지2북스),2025
철학,자라느라 애쓰는 10대를 위한 마음챙김,"명상과 뇌과학･심리학의 연구를 토대로, 청소년에게 자신의 감정과 생각을 있는 그대로 인식하고 다루는 방법을 안내한다. 매 장마다 마음 건강을 실질적으로 지원하는 명상 프로그램을 체험할 수 있으며, 5분 내외의 짧은 분량으로 바쁜 하루 속에서도 실천할 수 있게끔 구성했다.",https://shopping-phinf.pstatic.net/main_5783865/57838657597.20260331110023.jpg, 심윤정 지음;[홍단단 일러스트], 곰곰(휴머니스트출판그룹),2025
철학,단단한 행복,"위대한 철학자 아리스토텔레스가 남긴 여러 이론을 바탕으로 행복의 본질과 의미, 그리고 가치에 관해서 담았다. 또한 우리가 그러한 삶을 살기 위해 무엇을 알아야 하는지 이야기한다.",https://shopping-phinf.pstatic.net/main_5259202/52592020056.20260331102542.jpg, 양현길 지음, 유노책주,2025
철학,나답게 산다는 것,"나다운 모습은 어떤 것일까? 나도 내가 어떤 사람이고, 어떤 게 나다운 것인지 모를 수 있다. 진정한 자기 모습을 알고 인정하기 위해서는 자기 자신을 만나야 하고 마음이 들려주는 소리에 귀를 기울이며 ‘진짜 나의 모습’을 찾아야 한다.",https://shopping-phinf.pstatic.net/main_4827441/48274411626.20260331112804.jpg, 박은미 지음, 초록북스,2024
철학,무사히 어른이 될 수 있을까,어른으로 향하는 길목에 서 있는 청소년의 감정은 깊고 복잡하다. 그동안 사람의 마음을 알기 쉽게 설명하기 위해 앞장서 온 인지 심리학자 이고은 박사가 《무사히 어른이 될 수 있을까》를 통해 깊고 복잡한 십 대의 마음 풍경을 바라본다.,https://shopping-phinf.pstatic.net/main_5493960/54939600667.20260331121755.jpg, 이고은 지음, 아몬드,2025
철학,(쇼펜하우어 그래픽노블)의지와 표상으로서의 세계,"<의지와 표상으로서의 세계>를 읽고 싶지만 선뜻 손이 가지 않는, 혹은 읽고 있지만 어려움을 겪는 당신을 위한 책이다. 쇼펜하우어의 사유에 유머를 곁들여 쉽고 간결하게 전달하는 철학 그래픽노블을 소개하고자 한다.",https://shopping-phinf.pstatic.net/main_4649425/46494250621.20260331102947.jpg," 프랑시스 메티비에,이자 피통 [공]지음;이세진 옮김", 지와사랑,2024
철학,비트겐슈타인과 규칙 따르기,"30여 년 간 서강대에서 사회이론을 가르치며, 『담론과 해방』, 『진리와 문화변동의 정치학』, 『글로벌 지식장과 상징폭력』 등을 펴내 최고 권위의 학술상인 경암학술상(인문사회 부문)을 수상했던 김경만 교수가 어려운 사회이론들에 좀더 쉽게 다가갈 수 있는 『비트겐슈타인과 규칙 따르기』를 출간했다.",https://shopping-phinf.pstatic.net/main_5487363/54873634391.20260331110715.jpg, 김경만 지음, 궁리,2025
철학,(필요할 때 꺼내 쓰는)최소한의 철학지식,"혼자 있을 때 스며드는 감정, 누군가의 말에 쉽게 흔들리는 마음, 미래를 떠올릴 때 찾아오는 막연한 두려움. 너무 당연하게 여기고 그냥 지나쳐 버리는 생각들이 사실 모든 철학의 출발점이다. <최소한의 철학지식>은 침대·학교·버스처럼 평범한 공간에서 떠오르는 크고 작은 30가지의 질문을 중심으로, 철학이 우리의 삶과 얼마나 가까이 연결되어 있는지 자연스럽게 보여 준다.",https://shopping-phinf.pstatic.net/main_5819982/58199820061.20260331094716.jpg, 김형철 글, 가나문화콘텐츠,2025
철학,제대로 연습하는 법,"기술 습득과 실력 향상을 위한 최적의 경로를 찾아내고자 인간의 뇌와 정신, 신체 작용을 낱낱이 살핀다. 경험과 기억의 조각들을 결합하고 재조합하는 인간의 창발성에 담긴 잠재력, 개인의 능력치를 한계 너머까지 끌어올릴 과학적 방법론을 제시한다.",https://shopping-phinf.pstatic.net/main_5192889/51928899619.20260331105723.jpg, 아투로 E. 허낸데즈 지음;방진이 옮김, 북트리거,2024
철학,몽테뉴의 살아있는 생각,"노벨문학상의 수상자이자 우리에게도 익숙한 앙드레 지드는 스스로 여러 번 밝힐 정도로 몽테뉴 『수상록』의 열렬한 독자이다. 그는 예일대에서 발행하는 잡지에 몽테뉴를 탐구한 글과 많은 사람들과 공유하고 싶은 『수상록』의 일부를 발췌한 글을 실었고, 그것이 한 권의 책이 되어 출간되었다.",https://shopping-phinf.pstatic.net/main_5192889/51928898625.20260331121014.jpg, 앙드레 지드 지음;오웅석 옮김, 서교책방,2025
철학,우리에게는 매일 철학이 필요하다,"오컴의 면도날, 노자의 무위, 키르케고르의 도약, 니체의 긍정을 연애·번아웃·결혼 등 생활 속 상황에 적용하며 철학을 실용적 언어로 풀어낸다. 고민만 하던 독자도 다양한 렌즈로 문제를 바라보며 더 명료하고 자신감 있게 결정하도록 돕는 안내서다.",https://shopping-phinf.pstatic.net/main_5781053/57810535746.20260331103804.jpg, 피터 홀린스 지음;김고명 옮김, 부키,2025
철학,논어,공자의 는 이미 수많은 번역본이 존재한다. 그럼에도 계속 에 대한 번역이 출간되는 것은 그만큼 번역자에 따라 달리 해석되고 옮겨질 수 있는 여지가 많기 때문이다. 이번에 김원중 교수가 번역해 내놓은 는 지금까지 한국의 번역의 성과를 수용함과 동시에 기존의 역서들이 놓치고 있는 부분들을 고려하여 몇 가지 새로운 원칙을 세워 독자들에게 더 잘 읽히고 의미도 있는 역본을 만들고자 했다.,https://image.aladin.co.kr/product/1565/75/cover500/8993905894_1.jpg, 공자 지음;김원중 옮김, 글항아리,2012
철학,(쉽게 읽는 칸트)순수이성비판,"루드비히는 칸트철학에서 골격만을 따냈다. 칸트의 살과 피를 모두 얻기 어렵다면 어스름한 형체부터 잡아가자는 생각이다. 칸트를 읽어야 한다면, 또는 읽고 싶다면 이 책은 괜찮은 시작이 될 것이다.",https://image.aladin.co.kr/product/19/1/cover500/8987350118_2.jpg, 랄프 루드비히 지음;박중목 옮김, 이학사,2012
철학,한비자,"<한비자>는 법가 사상을 집대성한 한비(韓非, 기원전 280~?)의 정치 사상서이다. 글항아리의 '동양고전 시리즈' 두 번째 책으로, 중문학자 김원중 교수가 번역을 맡았다. 이 책은 한비의 <한비자> 가운데 유래가 분명한 편명을 선별해 완역한 것이다. 원문에 충실한 직역을 위주로 하면서 의미가 불분명한 부분에서는 의역을 곁들였다.",https://image.aladin.co.kr/product/787/82/cover500/8993905371_1.jpg, 한비 지음;김원중 옮김, 글항아리,2012
철학,철학은 내 친구,"청소년들을 대상으로 한 철학 입문서. '철학하기'와 '철학 개념'을 쉽고 재미있게 전달하는 데 주력하여 엮었다. 속담, 동화, 소설, 시 등 친숙한 이야기를 특유의 재치와 유머를 섞어 철학적 사고하기로 변주한다. '철학'을 '철학이'’로 의인화하고, 책 전체를 친근한 대화체로 쓴 이유도 그 때문이다.",https://image.aladin.co.kr/product/298/88/cover500/8972782734_1.jpg, 위기철 지음;정우열 그림, 청년사,2011
철학,멘탈 휘트니스 긍정심리 프로그램,,https://image.aladin.co.kr/product/1757/15/cover500/8963309193_1.jpg, 고영건;김진영 공저, 학지사,2012
철학,십오통활,,https://image.aladin.co.kr/product/11562/2/cover500/8999713210_1.jpg, 한영주 외 지음, 학지사,2017
철학,청소년 집단상담 프로그램,,https://image.aladin.co.kr/product/5925/77/cover500/899970677x_1.jpg, 김춘경 외 지음, 학지사,2015
철학,정리하는 뇌,"레비틴 교수는 말콤 글래드웰의 책 <아웃라이어>에서 언급되어 세계적으로 화제를 모은 ‘1만 시간의 법칙’을 과학적으로 규명한 장본인이며, 뉴욕타임스 베스트셀러 1위를 15주간 기록한 <뇌의 왈츠> 등 뇌과학 관련 저서로 유명하다.",https://image.aladin.co.kr/product/6176/20/cover500/893783765x_2.jpg, 대니얼 J. 레비틴 지음;김성훈 옮김, 미래엔,2015
철학,무시했더니 살 만해졌다,"내 인생, 내 뜻대로 잘 살고 싶다면 무시가 최선이다. 자신의 삶을 중심에 놓고 싶다면 나 이외의 불필요한 것들을 대수롭지 않게 넘길 줄 알아야 하는 것이다. 그런데 무시하는 법에도 ‘기술’이 있다. 저자인 오시마 노부요리는 우선 당신이 현재 겪고 있을 법한 일들을 짚어 본다.",https://image.aladin.co.kr/product/19339/64/cover500/8965781744_1.jpg, 오시마 노부요리 지음;나지윤 옮김, 미래타임즈,2019
철학,상상병 환자들,"정신과 육체 사이에서 고통스러워한 9인의 창조적 삶을 통해 본 심기증의 역사. 심기증이라는 질병이 우리 몸을 상대로 어떤 정치를 펴나가는지, 정신과 일상, 주변 사람과의 관계에 어떻게 작용하는지, 그 사람과 그 사람이 속한 세계에 대해 무엇을 폭로하는지 분석한다.",https://image.aladin.co.kr/product/5686/91/cover500/8972880426_1.jpg, 브라이언 딜런 지음;이문희 옮김, 작가정신,2015
철학,다산의 마지막 습관,"굳어지고 텅 비게 된 것은 아닐까 하는 의심이 우울함으로 번질 때 펼쳐보고 기댈 수 있도록 마련한 오래된 조언이다. 《다산의 마지막 공부》와 《천년의 내공》의 저자 조윤제가 다산이 학문의 마지막에서 육십 년 내공을 비우고 새롭게 시작한 공부, 《소학》의 주요 구절 57가지를 가려 뽑아 오늘날의 감각에 맞게 풀었다.",https://image.aladin.co.kr/product/25500/23/cover500/8935213349_1.jpg, 조윤제 지음, 청림,2020
철학,다산의 마지막 질문,"조윤제 작가의 베스트셀러 ‘다산의 마지막’ 시리즈 완결편. 다산이 생의 마지막에서 나란히 읽었던 두 책, 유교 경전 가운데 가장 심오한 《심경》(《다산의 마지막 공부》), 가장 쉬운 《소학》(《다산의 마지막 습관》)에 이어 다산이 인생에서 가장 힘든 시기에 정리한 《논어고금주》를 오늘날 감각에 맞춰 쉽게 풀었다.",https://image.aladin.co.kr/product/29083/99/cover500/893521373x_1.jpg, 조윤제 지음, 청림,2022
철학,(《타임》에세이스트가 권하는)유쾌하게 나이 드는 법 58,"미국 PBS 방송 《짐 레러의 뉴스아워》 논설위원이자, 하버드대학 최연소 지도교수, 현 뉴욕주립대 영문학 교수인 로저 로젠블랫이 쓴 《유쾌하게 나이 드는 법 58》에는 앞으로의 인생을 더 지혜롭게 가꾸어 나가길 원하는 사람들을 위한 58가지의 조언이 담겨 있다.",https://image.aladin.co.kr/product/28338/73/cover500/k402835004_1.jpg, 로저 로젠블랫 지음;권진욱 옮김, 나무생각,2021
철학,이어령의 마지막 수업,시대의 지성 이어령과 ‘인터스텔라’ 김지수의 ‘라스트 인터뷰’. 삶과 죽음에 대한 마지막 인생 수업. “나는 곧 죽을 거라네. 그것도 오래지 않아. 그러니 지금 할 수 있는 모든 이야기를 쏟아놓을 참이야.”,https://image.aladin.co.kr/product/28212/10/cover500/k762835176_3.jpg, 김지수 지음, 열림원,2021
철학,인생의 마지막 질문,종교철학자 정재현이 ‘없음’과 ‘모름’으로 가득한 삶의 이치를 깨우쳐주고 위기로부터 사람을 살리는 깊은 지혜를 일러준다.,https://image.aladin.co.kr/product/24689/52/cover500/k902631595_1.jpg, 정재현 지음, 추수밭,2020
철학,기분이 태도가 되지 않게,"기분을 잘 다스리지 못해 기어이 못난 태도를 보여주고 마는 사람들을 위해 쓰였다. 기분에 조종당하고 감정에 휘둘리는 이들이 꼭 알아야 하는 심리에 대해 주로 이야기한다. 우리는 왜 그리 감정에 흔들리는지, 어떻게 해야 감정이 나에게 미치는 영향을 줄일 수 있는지 명쾌한 처방을 받을 수 있다.",https://image.aladin.co.kr/product/24368/89/cover500/8901243652_1.jpg, 레몬심리 지음;박영란 옮김, 갤리온,2020
철학,우리 함께 호오포노포노,"소설가 요시모토 바나나와 타이라 아이린이 하와이의 전통적인 심리치유법 '호오포노포노'를 일상에 접목해 '진정한 나'를 찾을 수 있도록 알려 준다. '호오포노포노'는 불균형을 바로잡아 원래의 완벽한 균형을 되찾는, 하와이에 고대로부터 전해져 내려오는 셀프 치유법이다.",https://image.aladin.co.kr/product/26788/64/cover500/k982730583_1.jpg," 요시모토 바나나,타이라 아이린 지음;김난주 옮김", 판미동,2021
철학,왓칭. 2,"김상운 기자의 책. 이 책은 근원의 빛과 만나는 등 한 차원 높아진 저자의 체험이 곁들여졌고, 보통 사람들에게는 난해하게 다가올 수 있는 창조의 원리나 ‘나’의 정체 등도 양자물리학 실험 등을 통해 마치 TV 뉴스처럼 쏙쏙 들어오도록 쉽게 소개돼 있다.",https://image.aladin.co.kr/product/7541/76/cover500/8935703974_1.jpg, 김상운 지음;김진혜 그림, 정신세계사,2016
철학,자존감 수업,"정신과 의사 '윤답장' 선생의 자존감 셀프 코칭법. 자존감 전문가이자 정신과 의사인 윤홍균 원장이 2년 넘게 심혈을 기울여 쓴 책으로, 자존감이 우리 삶에 미치는 영향을 친절하게 알려주고, 자존감을 끌어올리는 실질적인 방법을 알려주고 있다.",https://image.aladin.co.kr/product/8679/31/cover500/k372535696_2.jpg, 윤홍균 지음, 심플라이프,2016
철학,(보다 빠른 두뇌회전을 위한) 하루 1분 그림게임,"도형, 규칙이 다른 그림 찾기 등 그림으로 이루어진 다채로운 문제들이 1년 동안 하루에 한 문제씩 풀어볼 수 있게 구성되어 있다. 책 중간 중간 이 책의 감수자이자 세계 기억력 대회 한국 대표인 조신영 선수의 기억력 팁이 수록되어 있어 더욱 유용하다.",https://image.aladin.co.kr/product/10604/46/cover500/k862530742_1.jpg, YM기획 엮음, 베프북스,2017
철학,(십대를 위한)사랑학개론,"십대들에게는 현실이지만 성인들은 간과하고 외면하는 십대의 사랑과 성을 본격적으로 다룬다. 학교 현장에서 만난 다양한 사례를 일반화해 이야기 형식으로 소개하여 흥미를 높였고, 십대가 선호하는 분위기의 일러스트를 담아 읽는 재미와 동시에 보는 재미를 선사한다.",https://image.aladin.co.kr/product/4287/89/cover500/s192532624_1.jpg, 정연희;최규영 [공]지음;박경호 그림, 꿈결,2014
철학,디지털 치매,"독일의 유명 뇌의학자가 방대한 분량의 자료와 연구결과를 바탕으로 의료인과 교육자, 정치인뿐 아니라 일반인이 이 병의 실체를 정확히 이해하고 사회적으로나 개인적으로 예방할 수 있도록 돕기 위해 쓴 책이다.",https://image.aladin.co.kr/product/2526/16/cover500/8991239064_1.jpg, 만프레드 슈피처 지음;김세나 옮김, 더난,2013
철학,(하버드의)생각수업,"세계 일류를 경험하고 진짜 인재에게 필요한 것이 ‘생각하기’임을 깨달은 저자는 이 책에서 하버드의 입학시험, UN의 채용시험 등에서 ‘우리가 생각해봐야 할 질문들’을 던지고 대답하기를 의도하면서 생각하는 법에 대해 알려준다.",https://image.aladin.co.kr/product/3756/54/cover500/8964655826_2.jpg, 후쿠하라 마사히로 지음;김정환 옮김, 엔트리(메가북스),2014
철학,왜 로봇의 도덕인가,"예일 대학교의 ‘생명윤리를 위한 학제간 센터’의 윤리학자와 인디애나 대학교의 인지과학 교수가 공저한 이 책은, 공상과학 소설의 통속적 화두에서부터 왜 로봇의 도덕에 관한 연구가 지금 필요하며 그것에 관련된 기술적 사안은 무엇인지를 상세하게 설명한다.",https://image.aladin.co.kr/product/4184/41/cover500/1157060080_1.jpg, 웬델 월러치;콜린 알렌 [공]지음;노태복 옮김, 메디치,2014
철학,"10대, 나의 발견. [1]",청소년기는 ‘나는 누구인가?’ ‘나는 무엇을 잘할 수 있는가?’와 같은 질문을 스스로에게 끊임없이 던지고 그 답을 찾는 과정에서 자아정체성을 확립해가는 중요한 시기이다. 하지만 우리나라의 많은 청소년들은 자신에 대한 진정한 탐구 없이 어릴 때부터 공부만 할 것을 강요받고 있다.,https://image.aladin.co.kr/product/8652/43/cover500/k352531305_3.jpg, 윤주옥 외 지음;이지희 그림, 글담,2017
철학,베스트 셀프,태도가 전부다. 습관이 삶이다. 우리를 지배하고 있는 것은 태도와 습관이다. 《베스트 셀프》의 저자 마이크 베이어는 이 점을 매우 잘 알고 있다. 그는 이 책을 통해 우리 사회에 만연하는 통념인 “인간은 변하지 않는다.”란 명제를 무너뜨리려고 한다. 마이크 베이어는 이 책을 통해 변화를 위한 실천적인 방법들을 제시한다.,https://image.aladin.co.kr/product/20782/97/cover500/k342636667_1.jpg, 마이크 베이어 지음;강주헌 옮김, Andromedian,2019
철학,나는 나무에게 인생을 배웠다,나무는 세상에서 가장 나이 많은 생명체이자 그 무엇에게도 해를 끼치지 않으면서 지금 이 순간을 현명하고 지혜롭게 살아 내는 존재다. 나무는 아주 오래전부터 늘 우리 곁에 머물며 평안과 휴식을 가져다주었다. 그렇지만 우리는 나무에 대해 아는 게 많지 않다.,https://image.aladin.co.kr/product/20816/15/cover500/k462636879_1.jpg, 우종영 지음;한성수 엮음, 메이븐,2019
철학,감정 폭력,폭력인 줄도 모르고 살아온 많은 이들에게 이제는 감정 폭력의 가해자를 구분하고 이에 맞서는 법을 배워야 할 때라고 경고하는 책이다.,https://image.aladin.co.kr/product/20933/13/cover500/8901235641_1.jpg, 베르너 바르텐스 지음;손희주 옮김, 걷는나무,2019
철학,"마흔, 마음 공부를 시작했다",한국 사회와 문화 속 세대별 아픔에 주목해온 정신건강의학과 전문의 김병수 원장이 마흔에 관심을 두고 쓴 책이다. 20년이 넘는 상담과 치료 경험을 토대로 마흔을 앞두었거나 마흔을 흘려보낸 사람들이 가면을 벗고 진정한 나를 찾도록 심리 조언들을 담았다.,https://image.aladin.co.kr/product/21080/13/cover500/k192636676_1.jpg, 김병수 지음, 더퀘스트,2019
철학,인생은 지름길이 없다,"<인생은 지름길이 없다> 개정판. 전 세계에서 가장 많은 노벨상 수상자와 유명 기업인을 배출한 하버드대학교에는 바로 이 순간에도 행동하는 지성인들이 저마다 인생 목표를 향해 열정을 불사르고 있다. 이 책은 하버드생이 알고 있는 인생의 중요한 지침들, 삶을 변화시킬 성공 습관들을 일목요연하게 제시한다.",https://image.aladin.co.kr/product/20635/55/cover500/k212636962_1.jpg, 스웨이 지음;김정자 옮김, 정민미디어,2019
철학,두 번 읽는 손자병법,『손자병법』은 이기는 법을 알려주는 책이다. 다른 병법서와는 다르게 ‘싸우지 않고 이기는 법’을 알려준다. 이 책은 『손자병법』의 본질에 충실하되 명확하게 이해할 수 있게 핵심만 추렸다. 영상에 친숙한 독자를 위해 특별히 강의 영상을 큐알코드를 이용해서 볼 수 있도록 각 편의 시작 부분에 배치했다.,https://image.aladin.co.kr/product/21416/8/cover500/8984077755_2.jpg, 노병천 지음, 세종서적,2019
철학,공자가 청춘에게,"악조건에서도 2,500년 세월 동안 사람들의 삶의 롤 모델이 된 공자가 당시 청춘이던 제자들과 나눴던 이야기들, 스스로 경험한 일화들, 옛 선현들의 말씀들을 소재로 39가지 인생 고백을 자신의 목소리로 직접 풀어 놓는다. 그리하여 오늘날 인생의 출발선에 선 청춘들과, 더 나아가 도대체 어떻게 살아야 하나 싶은 모든 사람들에게 단순한 위로를 넘어 어떤 난관과 유혹에도 흔들리지 않고 꿋꿋하게 살아갈 수 있는 근본적인 힘을 기르는 방법을 안내한다.",https://image.aladin.co.kr/product/1739/95/cover500/8992355866_1.jpg, 신창호 지음, 추수밭,2012
철학,내가 알고 있는 걸 당신도 알게 된다면,"지난 30년간 ‘인간과 삶의 가치’에 대해 연구해온 칼 필레머 코넬대 교수는 지난 5년에 걸쳐 70세 이상 인생을 산 1000여 명의 현자들을 직접 찾아다니며 통찰 깊은 조언을 구했다. ‘지금껏 살면서 얻은 가장 소중한 것은 무엇인가?’라는 질문을 통해 우리가 꼭 알아야 할 인생의 지혜와 조언들을 발굴해냈다. 그가 만난 현자들의 삶은 모두 합쳐 8만 년에 달했다. 그들은 3만 년의 결혼생활을 지켜왔고, 3000명의 아이를 키워냈다. 이 책은 이 엄청난 시간의 퇴적층에서 발굴된 보석 같은 교훈들을 담아낸 책이다.",https://image.aladin.co.kr/product/1672/10/cover500/8994013504_2.jpg, 칼 필레머 지음;박여진 옮김, 토네이도,2012
철학,(The)Last Lecture,저자 랜디 포시 교수가 사랑하는 아내와 세 아이를 남겨둔 채 2008년 7월 25일 세상을 떠났다. 마흔 여섯의 나이에 췌장암으로 시한부 선고를 받았지만 매일매일을 유쾌하고 열정적으로 살았던 그는 우리에게 삶이 얼마나 위대하고 소중한 것인지 깨닫게 해 주었다. 이 강의가 책으로 출간되어 출간 후 아마존과 뉴욕타임스 베스트셀러 1위.,https://image.aladin.co.kr/product/181/68/cover500/1401309658_1.jpg, by Randy Pausch, Hyperion Books,2008
철학,"존중, 누구에게나 당연한 걸까?","사람과 사람 사이의 존중을 넘어 세상을 살아가기 위해 필요한 모든 존중의 중요성을 알려 주며 올바른 인격 함양을 돕는다. 특히 존중의 가치와 필요성을 심리적 관점, 사회적 관점, 윤리적 관점에서 모두 살펴보며 존중을 실천할 수 있는 구체적인 방향을 제시한다.",https://image.aladin.co.kr/product/26195/29/cover500/8961772481_1.jpg, 김민화 글;지현이 그림, 다림,2021
철학,운BTI,"운BTI란 사주 명리학을 바탕으로 사람의 성격을 알아보는 것이다. 동양철학을 근간으로 했기에 우리의 성향을 보다 정확하게 짚어준다는 장점이 있다. 사람의 태어난 생년월일시를 만세력에 입력하면 사주팔자 표가 나오고 그 안에는 다양한 글자들이 보인다. 바로 여기서 어떤 글자를 보면 사람의 성격을 알 수 있는지를 알려주며, 이를 60가지 동물로 형상화하여 만든 것이 운BTI의 특징이다.",https://image.aladin.co.kr/product/30027/57/cover500/k642838550_1.jpg, 박성준 지음, 소미미디어,2022
철학,"저, 사랑이 처음인데요","막 시작된 청소년의 사랑이 ‘독(毒)’이 아닌 ‘약(藥)’이 될 수 있도록 돕는다. 십 대가 연애를 하며 마주하는 다양한 문제들을, 심리학적 관점에서 바라보고 해결의 실마리를 제시한다. 애착 이론·가스라이팅·트라우마 등의 심리학 이론을 십 대의 고민에 적용했다는 점이 독특하다.",https://image.aladin.co.kr/product/22948/85/cover500/k982637498_1.jpg, 이남석 지음;유지별이 그림, 북트리거,2020
철학,딥스,"버지니아 M. 액슬린 박사는 한 유치원으로부터 딥스라는 소년의 치료를 의뢰받는다. 유명한 과학자인 아빠와 외과 의사 출신인 엄마 밑에서 물질적 풍요를 누리며 자라는 다섯 살 아이. 딥스는 정신지체로 의심될 정도로 느린 언어 능력, 비정상적인 행동, 원만치 못한 대인 관계로 정신과 치료가 필요했다.",https://image.aladin.co.kr/product/1418/52/cover500/8946414502_1.jpg, 버지니아 M. 액슬린 지음;주정일;이원영 옮김, 샘터,2013
철학,"생각하는 힘, 노자 인문학","EBS <인문학 특강> 최진석 교수의 노자 강의. 단순히 노자 철학을 소개하거나 《도덕경》을 해설하는 책이 아니다. 저자는 노자와 《도덕경》을 화두로 삼아, 인류의 생각과 철학이 탄생하게 된 역사적 배경을 살피는 것부터 시작하여 인생 철학의 진수를 보여주고 있다.",https://image.aladin.co.kr/product/5382/24/cover500/8960867977_1.jpg, 최진석 지음, 위즈덤하우스,2015
철학,나는 이제 행복하게 살고 싶다,,https://image.aladin.co.kr/product/5161/94/cover500/8981103240_1.jpg," 캐롤라인 A. 밀러,마이클 프리슈 [공]지음;박선령,우문식 [공]옮김", 물푸레,2015
철학,나를 인정하지 않는 나에게,21년차 아들러 심리상담 전문가의 나답게 살아갈 용기를 주는 인생 멘토링. 내 삶의 주인이 되지 못하는 사람들을 위해 아들러 심리학의 중요 개념 중 자기수용을 통해 내면을 치유하고 큰 변화를 이끌어낼 수 있도록 도와준다.,https://image.aladin.co.kr/product/23793/22/cover500/k632639088_1.jpg, 박예진 지음, 인플루엔셜,2020
철학,힘내라 청춘,"사회와 단절된 공간에서 새롭게 배우는 인간관계와 인생설계, 법륜스님의 멘토링! 포켓용 미니북으로 만들어진 『힘내라 청춘』은 군인들을 위한 책이지만 2030청춘들이 모두 안고 있는 문제들에 대한 인생설계서이다.",https://image.aladin.co.kr/product/17849/54/cover500/k372534525_1.jpg, 법륜 지음, 정토출판,2018
철학,(10대를 위한)그릿,조금만 힘들어도 쉽게 포기하고 금방 성과가 나타나기를 바라는 요즘 청소년들에게 목표를 이루기 위해서는 재능이 아니라 끈기의 힘이 중요하다는 사실을 알려주고 그릿을 키울 수 있는 방법을 알려준다.,https://image.aladin.co.kr/product/18997/35/cover500/k182635894_2.jpg, 매슈 사이드 지음;토비 트라이엄프 그림;장혜진 옮김, 다산에듀,2018
철학,몸짓의 심리학,"몸짓은 사람의 속마음을 드러내는 제2의 언어다. 이 책은 비언어 의사소통 전문가인 토니야 레이맨이 신체언어를 어떻게 해석하고 활용할 수 있을지에 대한 구체적인 방법을 제시한다. 그래서 좋은 첫인상을 주기 위해서는 어떻게 해야 하는지, 목적에 따라 어떤 방식으로 신체언어를 활용해야 하는지, 상대방과 보다 쉽게 친해지기 위해서는 어떻게 접근해야 하는지 등을 알려준다.",https://image.aladin.co.kr/product/1138/62/cover500/8950930250_3.jpg, 토니야 레이맨;강혜정, 21세기북스(북이십일),2011
철학,사고의 용어사전,"역사에 등장한 수많은 철학적 요소, 즉 개념들의 모험을 그리는 책으로, 개념을 단순하게 설명한다기보다 다양한 사례로 상상력을 자극한다. 동양과 서양, 오랜 과거부터 현재의 철학에 대한 해박한 지식을 바탕으로 각 개념들을 쉽고 친절하게 설명한다. 또한 철학적 개념들을 정리하는 것에서 나아가, 철학의 ‘보편성’과 ‘욕망과 타자’이라는 두 가지 문제를 중심으로 각각의 개념들을 펼쳐놓고 연결한다.",https://image.aladin.co.kr/product/436/48/cover500/8996283711_1.jpg, 나카야마겐 지음;박양순 옮김, 북바이북,2009
철학,(김영민의)공부론,"오랫동안 학문공동체 ‘장미와 주판(1992~2009)’을 중심으로 삶(사람)의 무늬를 탐색하는 공부로서의 인문학적 실천을 수행해 온 저자가 인문학 공부의 이치를 살핀 책이다. 인물의 삶이나 고전 속에서 톺아본 27가지의 참신한 공부론을 펼치며 인문학 공부의 이치를 살펴 본다. 책에는 철학자들을 비롯해 이소룡, 이종범, 차범근, 미야모토 무사시 등의 유명 인물들이 등장하는데 실제 인물의 삶과 글이야말로, 사람무늬[人紋]를 잘 드러내주고, 이로써 인문학 공부의 이치를 살피는 밑절미가 되기 때문일 것이다.",https://image.aladin.co.kr/product/626/99/cover500/8946417668_1.jpg, 김영민 지음, 샘터,2010
철학,고민이 고민입니다,고민에 대한 완벽한 해결책을 찾기보다 자신만의 해법을 찾을 수 있도록 돕고자 한 하지현 교수는 그 첫 번째 단계로 최신 뇌과학 연구와 심리학 이론을 들여다본다.,https://image.aladin.co.kr/product/18025/84/cover500/s172635524_1.jpg, 하지현 지음, 인플루엔셜,2019
철학,(나에게 주는 최고의 선물)자존감,"나를 사랑하지 못하게 방해하는 장애물이 무엇인지 파악하고, 이를 극복할 방법을 알려준다. 자신의 독서 스타일에 따라 읽을 수 있도록 구성되어 있다. 특정 주제만 보고 싶다면 차례를 훑은 뒤 필요한 부분을 읽으면 된다. 각 장의 5가지 팁은 독립적으로 구성되어 있고, 팁과 연습 내용이 같이 주어지기 때문에 필요한 주제를 골라 볼 수 있다.",https://image.aladin.co.kr/product/24133/14/cover500/8965781760_1.jpg, 주디스 벨몬트 지음;홍유숙 옮김, 미래타임즈,2020
철학,꿈꾸는 다락방,"저자는 방대한 자료를 바탕으로 성공에 이른 사람들의 공통적인 법칙을 찾아냈고, 다양한 인터뷰를 통해 법칙을 보통 사람들이 생활에서 실행할 수 있도록 쉽게 정리하였다. 그것이 바로 '생생하게(vivid) 꿈을 꾸면 (dream)이루어진다(realization)'는 R=VD법칙이다.",https://image.aladin.co.kr/product/91/78/cover500/8974254891_1.jpg, 이지성 지음, 국일미디어,2007
철학,(오은영의)화해,"지면에 정신 상담을 연재하며 쏟아져 들어온 수많은 아픈 사연과, 어찌할 바를 몰라 저자를 찾아와 무너져 내리는 마음을 쏟아냈던 사람들의 고통이 어디에서 온 것인지, 어떻게 다스려야 하는지를 정신건강의학과 전문의로서 깊이 분석하고 고뇌하며 연구한 최선의 조언을 담고 있다.",https://image.aladin.co.kr/product/28980/35/cover500/k672836028_1.jpg, 오은영 지음, Korea.com,2019
철학,가짜감정,"지금 느끼는 감정 뒤에는 또 다른 감정이 숨어 있다! 감정은 참 오묘해서 때론 위장을 한다. 불안한데 화를 내고, 우울한데 즐거운 표정을 짓는다. 진짜 감정을 숨기고 가짜감정으로 위장을 한다.",https://image.aladin.co.kr/product/4934/20/cover500/1185716033_1.jpg, 김용태 지음, 알피코프,2016
철학,새로운 나를 여는 열쇠,어린 시절의 문제점들로 인해 빠지기 쉬운 열한 가지 인생의 덫에 대해 그 근원과 해결방법에 대해 다루는 책이다.,https://image.aladin.co.kr/product/328/31/cover500/8974271877_1.jpg," 제프리 E. 영,자넷 S. 클로스코 지음;최영민,김봉석,이동우 옮김", 열음사,2008
철학,"눈, 새로운 발견","일, 몸, 돈, 집, 밥, 품, 힘, 삶… 한 글자 우리말을 주제로 어마어마한 세상 이야기를 풀어내고 있는 ‘길담서원 청소년인문학교실’의 아홉 번째 책 ‘눈’ 편. 세상을 보는 ‘시각’, ‘관점’을 주제로 ‘본다’는 것에 대한 의미를 새롭게 발견한다.",https://image.aladin.co.kr/product/11380/15/cover500/8958204702_1.jpg, 김융희 외 지음, 궁리,2017
철학,괜찮다고 말하면 달라지는 것들,"파킨슨병에 용감히 맞서온 저자 세라 퀴글리와 심리 치료사인 메릴린 시로여 박사는 때로는 두려움에 맞서는 한 개인으로서, 때로는 다른 이들의 두려움에 대해 들어주는 상담사로서 불안이나 두려움과 함께한 생생한 이야기를 전해주고 있다.",https://image.aladin.co.kr/product/9090/39/cover500/8993635730_1.jpg, 세라 퀴글리;메릴린 시로여 지음;이지혜 옮김, 갈매나무,2016
철학,"손으로, 생각하기","전형적인 지식노동자의 길을 걸어온 저자가 그 모든 지위와 혜택을 포기하고 모터사이클 정비사로 변신하면서 깨달은 진정한 노동의 의미와 가치, 그리고 사무실 책상에서 벗어나 직접 자신의 손과 몸을 쓰며 사는 것이 우리 삶을 얼마나 더 풍요롭고 의미 있게 만드는지에 대한 내용을 다룬 책이다.",https://image.aladin.co.kr/product/11614/10/cover500/8993178798_1.jpg, 매튜 B. 크로포드 지음;윤영호 옮김, 사이,2017
철학,(김영민의)공부론,"오랫동안 학문공동체 ‘장미와 주판(1992~2009)’을 중심으로 삶(사람)의 무늬를 탐색하는 공부로서의 인문학적 실천을 수행해 온 저자가 인문학 공부의 이치를 살핀 책이다. 인물의 삶이나 고전 속에서 톺아본 27가지의 참신한 공부론을 펼치며 인문학 공부의 이치를 살펴 본다. 책에는 철학자들을 비롯해 이소룡, 이종범, 차범근, 미야모토 무사시 등의 유명 인물들이 등장하는데 실제 인물의 삶과 글이야말로, 사람무늬[人紋]를 잘 드러내주고, 이로써 인문학 공부의 이치를 살피는 밑절미가 되기 때문일 것이다.",https://image.aladin.co.kr/product/626/99/cover500/8946417668_1.jpg, 김영민 지음, 샘터,2010
철학,꾸준히 하는 습관의 기술,"선천적 기질, 성장 환경, 학습된 가치관에 과거의 말과 행동, 생각과 습관들이 차곡차곡 쌓여 현재의 내가 만들어졌다. 타고난 성격과 성품이 제1의 천성이라면 습관은 제2의 천성이다. 제2의 천성은 언제든지 바꿀 수 있다.",https://image.aladin.co.kr/product/30468/19/cover500/k672830185_2.jpg, 요시이 마사시 지음;서희경 옮김, 소보랩(조은세상),2022
철학,우울한 마음도 습관입니다,"대한민국 대표 심리상담가 박상미 저자가 본인의 경험과 연구를 바탕으로, 자신의 감정을 알아차리고 부정적 자동사고에서 벗어나는 법을 모두 담아 정리한 책이다.",https://image.aladin.co.kr/product/31325/27/cover500/k092832686_1.jpg, 박상미 지음, 저녘달,2023
철학,내면소통,"《회복탄력성》 출간 이래 한층 더 깊이 마음근력 연구에 집중해온 김주환 교수는 회복탄력성에서 한 단계 더 나아가 ‘내면소통’이 마음근력의 기초이며, 올바른 내면소통을 위한 최선의 방법은 명상이라는 사실을 신간 《내면소통》을 통해 전하고 있다.",https://image.aladin.co.kr/product/31189/93/cover500/s512831358_1.jpg, 김주환 지음, 인플루엔셜,2023
철학,어른이 되기 전에 꼭 한 번은 논어를 읽어라. 2,2500년 전에 쓰인 『논어』를 왜 최첨단 정보통신 기술 사회를 살아갈 현대의 청소년이 읽어야 할까? 이 질문에 답하기 위해 베스트셀러 저자인 판덩은 청소년의 눈높이에 맞춰서 공자의 삶과 지혜를 흥미롭게 풀어냈다.,https://image.aladin.co.kr/product/31217/74/cover500/k752831155_1.jpg, 판덩 지음;하은지 옮김, 미디어숲(다빈치하우스),2023
철학,세컨드 브레인,세계적인 생산성 전문가 티아고 포르테는 시대의 아이콘들이 각자 정보를 수집하고 보관하는 별도의 도구를 갖고 있었다는 사실에 착안하여 이를 현대의 기술과 융합했다. 우리의 두뇌가 불필요한 정보로 인해 과부하에 걸리지 않도록 하고 중요한 지식을 효율적으로 활용할 수 있도록 하는 디지털 보관소를 구축한 것이다.,https://image.aladin.co.kr/product/31222/21/cover500/k702831251_1.jpg, 티아고 포르테 지음;서은경 옮김, 쌤앤파커스,2023
철학,(정신과 의사에게 배우는)자존감 대화법,"청소년 심리.자기계발서 분야 베스트셀러 <십대답게 살아라>의 저자이자 정신건강의학과 전문의인 문지현의 따뜻하고 통찰력 있는 조언을 담고 있다. 대화와 소통에 관한 43가지 딜레마적인 상황들을 제시하고, 그 상황들에 관한 날카로운 통찰과 따뜻한 조언, 풍부한 상담사례를 담았다.",https://image.aladin.co.kr/product/11499/51/cover500/k102531308_1.jpg, 문지현 지음, 사람과나무사이,2017
철학,불안한 날들을 위한 철학,"‘철학을 탐구하는 심리학자’ 스벤 브링크만의 대표작으로, 현대인이라면 누구나 느끼는 만성 불안의 원인을 진단하고 철학을 처방전으로 건넨다. 행복을 찾아 쳇바퀴 굴리는 삶에 지쳤다면, 열심히 살면서도 계속 불안에 시달린다면, 지금 당신에게는 철학이 필요하다.",https://image.aladin.co.kr/product/28779/4/cover500/k112836385_1.jpg, 스벤 브링크만 지음;강경이 옮김, 다산초당(다산북스),2022
철학,아주 세속적인 지혜,"사람들이 고전을 사랑하는 이유가 여기에 있다. 400년 전에 쓰인 이 책은 쇼펜하우어, 니체 등 당대 최고의 철학가들에게 끊임없이 영감을 주었으며 현재를 살고 있는 우리의 문제를 해결할 현실적인 지혜를 전한다.",https://image.aladin.co.kr/product/31312/38/cover500/k472832889_1.jpg, 발타자르 그라시안 지음;강정선 옮김, 페이지2북스,2023
철학,손자병법,"춘추시대 제후들 간에 수많은 전쟁을 치르고 난 뒤, 손자가 전쟁에 필요한 모든 것을 담아낸 《손자병법》은 동서고금을 막론하고 많은 리더들에게 끊임없이 읽혀 온 고전이다.",https://image.aladin.co.kr/product/26056/26/cover500/k812737051_1.jpg, 손자 지음;김원중 옮김, 휴머니스트,2016
철학,(10대와 통하는)심리학 이야기,10대를 위한 책도둑 28권. 자기 정체성과 진로에 대해 고민하며 불안정한 시기에 놓여 있는 청소년들이 심리학에 대해 궁금해 하거나 꼭 알아야 할 이야기를 알기 쉽게 담고 있다. 대학에서 심리학을 전공하려는 청소년들에게는 심리학에 대한 길잡이 역할을 한다.,https://image.aladin.co.kr/product/12441/30/cover500/k142531656_1.jpg, 노을이 글;강병호 그림, 철수와영희,2017
철학,나는 왜 자꾸 짜증이 날까?,"중학생들이 스트레스에 지지 않고 당당하게 살아갈 수 있게 돕는 처방전을 담고 있다. 중학생들의 눈높이에 맞춰 스트레스가 무엇인지 살펴보고, 스트레스를 떨쳐내어 건강하게 살아가는 방법을 제시한다.",https://image.aladin.co.kr/product/5050/99/cover500/8958075538_2.jpg, 얼 힙 지음;김선희 옮김, 뜨인돌,2015
철학,연암 박지원 말꽃모음,"말꽃모음 시리즈. 소설가 설흔의 눈으로, 연암 박지원의 사상과 글의 정수를 엮어 그 향기를 피워 올린 글모음이다. 박지원의 글을 서두부터 결말까지 전체를 모두 실어놓은 것이 아닌, 꽃처럼 돋보이는 단락을 부분적으로만 인용해서 엮은, 말 그대로 '고갱이'만을 간추려 놓은 모음집이다.",https://image.aladin.co.kr/product/12027/37/cover500/k582531944_1.jpg, 박지원 지음 ;설흔 엮음, 단비,2017
철학,나는 둔감하게 살기로 했다,"행복한 인생을 살아가기 위해 ‘조금 더 둔감하게 살라’고 조언한다. 사소한 일을 민감하고 예민하게 받아들이면 소소한 일상의 행복을 놓치기 쉽다. 힘들고 곤란한 일일수록 둔감한 태도로, 마음에 담아두지 않고 흘려보내야 정신 건강에 이롭다.",https://image.aladin.co.kr/product/14087/65/cover500/k622532034_1.jpg, 와타나베 준이치 지음;정서영 옮김, 다산초당,2018
철학,지금 하지 않으면 언제 하겠는가,"전작《타이탄의 도구들》이 큰 성공을 거둔 인물들의 ‘디테일한 습관’에 초점을 맞췄다면,《지금 하지 않으면 언제 하겠는가》는 인생에서 가장 중요한 것들에 집중하는 법에 대한 위대한 인물들의 놀라운 통찰을 담고 있다. 일과 삶에서 가장 독창적인 성공을 거둔 133명의 ‘지금 이 순간을 사는 법’에 대한 생생한 목소리가 담겨 있다.",https://image.aladin.co.kr/product/14074/4/cover500/k562532032_2.jpg," 팀 페리스 지음;박선령,정지현 옮김", 토네이도,2018
철학,실존주의는 휴머니즘이다,"행동이란 무엇인가를 사르트르의 독특한 관점에서 논하면서 그것과 관련해서 자유와 책임의 문제를 다루고 있으며, 실존주의의 본질을 평가하고 명쾌하게 표명함으로써 실존주의 해설서로 큰 역할을 하고 있다.",https://image.aladin.co.kr/product/9/17/cover500/8931000200_2.jpg, 장 폴 사르트르 지음;방곤 옮김, 문예,2012
철학,성장문답,'세상을 바꾸는 시간 15분' 최고 강연자들이 말하는 인생의 기술. 그동안 대중들이 가장 열광한 40가지 질문과 답을 새롭게 편집하여 5분이라는 시간 안에 담아낼 수 없었던 여운과 의미를 담아 만들어졌다. 누구나 한번쯤 고민해봤을 법한 주제에 세바시 최고 강연자들이 방향을 제시한다.,https://image.aladin.co.kr/product/7034/37/cover500/8952232801_1.jpg, 세바시 엮음, 세바시북스,2015
철학,십대를 위한 9가지 트라우마 회복스킬,,https://image.aladin.co.kr/product/6844/94/cover500/8999708160_1.jpg, 이주현 지음, 학지사,2015
철학,(대논쟁!)철학 배틀,"대화 형식으로 배우는 철학 입문서의 결정판! 빈부격차, 전쟁, 존엄사, 삶의 의미 등 15개의 다양한 주제를 놓고 소크라테스, 공자, 칸트, 니체, 간디, 롤스 등 동서고금 37인의 철학자들이 ＇계급장 떼고＇ 치열한 한판 대결을 벌인다. 이들이 벌이는 대화와 논쟁을 관전만 하고 있어도 동서고금 철학의 주요 개념과 쟁점을 한눈에 파악할 수 있다. 철학자 각각의 캐릭터가 살아 있는 개성 있는 일러스트와 말투, 또 그들 사상의 핵심 용어와 주요 쟁점에 대한 친절한 요점 정리는 독자들을 친절하게 철학의 세계로 이끌 것이다.",https://image.aladin.co.kr/product/10044/18/cover500/k492536579_1.jpg, 하타케야마 소 지음;이와모토 다쓰로 그림;김경원 옮김, 다산초당,2017
철학,아직 오지 않은 날들을 위하여,"‘포기, 자리, 루틴, 시간, 욕망, 사랑, 기회, 한계, 죽음, 영원’이라는 10가지 주제에 관해 이야기하면서 파스칼, 몽테뉴, 프로이트, 니체 등 풍부한 인용으로 세계적 명성에 어울리는 유려한 사유를 독자들에게 선물한다.",https://image.aladin.co.kr/product/28312/36/cover500/k982835707_2.jpg, 파스칼 브뤼크네르 지음;이세진 옮김, 인플루엔셜,2021
철학,나는 어떻게 행복할 수 있는가,"저자가 살면서 고민하던 주제들, 즉 자아, 희망, 꿈, 실패, 죽음, 우정, 여행 등과 관련한 문제를 고전 문학 속 주인공들은 어떻게 바라보았는지, 어떻게 문제를 해결해 나갔는지를 살펴보고 자신의 철학적 사색을 곁들인 결과물이다.",https://image.aladin.co.kr/product/31360/87/cover500/k622832097_1.jpg, 장재형 지음, 미디어숲(다빈치하우스),2023
철학,이쁘게 관계 맺는 당신이 좋다,"누구나 좋은 인간관계를 원한다. 그런데 좋은 인간관계 만들기가 쉽지 않은 이유는 뭘까. 나도 나를 쉽게 바꾸지 못하거나 안 바꾸면서, 타인은 내가 원하는 대로 바꾸려 하기 때문은 아닐까. 이 책은 ‘모든 것이 관계’이고, 기본에 충실한 사람이 좋은 인간관계를 맺는다는 생각을 바탕으로, 기본과 인간관계를 강조한다.",https://image.aladin.co.kr/product/31692/12/cover500/k782833580_1.jpg, 임영주 지음, 메이트북스,2023
철학,"하루 한 문장, 고전 명작 일력","《학원 대신 시애틀, 과외 대신 프라하》, 《엄마의 소신》 등 자기만의 신념과 뚝심 있는 육아 방식으로 수많은 엄마의 열성적인 지지를 얻은 빨강머리앤 이지영 작가가 또 다른 야심작 《하루 한 문장, 고전 명작 일력》을 출간했다.",https://image.aladin.co.kr/product/30395/36/cover500/k912830161_2.jpg, 이지영 지음, 빅피시,2021
철학,365 매일 읽는 긍정의 한 줄,"수많은 독자에게 365일 매일 한 페이지씩 명언을 통해 삶의 소중함을 일깨워 주고, 긍정의 힘을 되새겨준 <365 매일 읽는 긍정의 한 줄>. 그 감동과 흥분은 그대로 유지하면서도 내용을 더 충실하게 다듬고 선물용으로 새롭게 디자인하였다.",https://image.aladin.co.kr/product/22330/4/cover500/k592636029_1.jpg, 린다 피콘 지음;키와 블란츠 옮김, 책이있는풍경,2019
철학,논쟁에서 이기는 38가지 방법,쇼펜하우어의 토론술을 담은 이 책은 그러한 모든 비논리의 여지를 포함하여 실질적인 논쟁의 승리자가 되는 방법을 소개한다. 이 책의 목적은 실제의 논쟁에서 상대방의 부정직한 요령을 간파하여 그에 대응하기 위한 것이다.,https://image.aladin.co.kr/product/96/15/cover500/8976416147_1.jpg, A. 쇼펜하우어 지음;김재혁 옮김, 고려대학교출판부,2010
철학,설득의 심리학. 1,세계적으로 ‘설득의 대부’로 불리는 로버트 치알디니의 베스트셀러 『설득의 심리학』이 전 세계 500만 부 판매를 기념하여 전면 개정판으로 돌아왔다. 국내 출간 이후 11년간 국내 독자들의 뜨거운 관심과 사랑을 받아온 『설득의 심리학』의 이번 개정 증보판은 시대의 흐름과 기술 변화를 반영한 새로운 내용들을 대거 추가됐다.,https://image.aladin.co.kr/product/31520/75/cover500/8950950006_1.jpg, 로버트 치알디니 지음;황혜숙;임상훈 [공]옮김, 21세기북스(북이십일),2023
철학,당신은 어떤 가면을 쓰고 있나요,"외향성 고독, 내적 치유, 경계 의식, 관계의 실체, 단단한 자아 만들기 등 다섯 파트로 나누어 외향성 ‘미소 우울증’을 가진 사람들에게 위로를 건네고 해결책을 제시한다. 저자는 자신이 오랜 기간 상담을 통해 해결했던 수많은 실제 사례들을 소개하며 독자의 이해를 돕는다.",https://image.aladin.co.kr/product/31611/59/cover500/k132833772_1.jpg, 양스위엔 지음;박영란 옮김, 미디어숲,2023
철학,김경일의 지혜로운 인간생활,대한민국 대표 심리학자 김경일 교수가 전하는 편안하고 적정한 인간관계 법칙. 남의 말 한마디가 늘 신경 쓰이고 돌아보면 혼자 상처받고 있는 당신을 위한 인간관계 지침서.,https://image.aladin.co.kr/product/29130/8/cover500/k592837462_2.jpg, 김경일 지음, 저녁달,2022
철학,애티튜드,불안과 완벽주의에 갇히지 않고 자신만의 인생을 설계하는 11가지 ‘유연함의 태도’를 알려주는 자기계발서. 《아비투스》 《엑설런스》 등으로 독자들의 사랑을 받은 베스트셀러 저자이자 세계 최고의 컨설턴트 도리스 메르틴은 20년 넘게 자기계발 분야의 전문가로서 수많은 기업과 개인을 컨설팅했다.,https://image.aladin.co.kr/product/31085/56/cover500/k712831737_1.jpg, 도리스 메르틴 지음;이미옥 옮김, 카시오페아,2023
철학,99℃,"<마시멜로 이야기> <바보 빅터>의 작가 호아킴 데 포사다의 최신작. 내 안의 가능성을 찾아 가슴 뛰는 삶을 살라고 조언하는 이 책은, 주인공 올리버가 성장해 가는 행복한 여정을 따라가면서 흥미진진하고 강렬한 메시지를 선보인다.",https://image.aladin.co.kr/product/2811/0/cover500/8998432048_3.jpg, 호아킴 데 포사다 지음;이의수 옮김, 인사이트북스,2013
철학,나는 어떻게 행복할 수 있는가,"저자가 살면서 고민하던 주제들, 즉 자아, 희망, 꿈, 실패, 죽음, 우정, 여행 등과 관련한 문제를 고전 문학 속 주인공들은 어떻게 바라보았는지, 어떻게 문제를 해결해 나갔는지를 살펴보고 자신의 철학적 사색을 곁들인 결과물이다.",https://image.aladin.co.kr/product/31360/87/cover500/k622832097_1.jpg, 장재형 지음, 미디어숲(다빈치하우스),2023
철학,행복한 심리학,"시인 김경미가 수줍음, 시기심, 열등감, 불안, 콤플렉스, 질투심, 냉소, 후회, 우울과 같은 심리적 소재들을 128가지 이야기로 풀어 쓴 심리 에세이집. KBS 1FM [출발 FM과 함께]의 ‘행복한 심리학’ 코너를 위해 매일 한 편씩 쓴 글들을 토대로 삼아 새롭게 만든 책이다. 저자는 일상의 삶에서 자기 마음의 이면을 알아차리고 들여다보는 노력을 하는 것, 그것이 바로 행복의 첫 걸음이라고 말한다.",https://image.aladin.co.kr/product/781/82/cover500/8991799531_1.jpg, 김경미 지음, 교양인,2010
철학,오래된 연장통,"현대 사회와 도시인의 일상을 통해 마음과 본능, 욕망의 진짜 얼굴을 낱낱이 파헤친 최고의 진화심리학 입문서 <오래된 연장통>이 증보판으로 출간되었다. 2010년 출간 즉시 베스트셀러로 올라섰으며, 그해 대학생과 청소년을 위한 추천 도서로 선정되었다.",https://image.aladin.co.kr/product/4163/65/cover500/8983711167_1.jpg, 전중환 지음, 사이언스북스,2010
철학,(상처받지 않고 행복해지는) 관계의 힘,"각박하고 외로운 시대, 스스로의 인간관계를 돌아보게 하며 행복의 새로운 가치를 제시하는 스토리텔링 자기계발서. 전작《바보 빅터》에서 자기 안의 믿음에 대해 이야기했던 저자는 이제 사람들 사이의 믿음인 ‘관계’에 대해 이야기한다.",https://image.aladin.co.kr/product/3073/5/cover500/8947529281_2.jpg, 레이먼드 조 지음, 한국경제신문,2013
철학,인생의 한 수를 두다,바둑판은 사람과 삶의 축소판이기에 바둑을 이해하는 것이야말로 좋은 처세이다. 이 책은 고전을 통해 인생의 지혜를 배우듯 바둑이라는 프레임을 통해 삶을 경영하는 법을 배우고 지혜를 깨우치는 책이다.,https://image.aladin.co.kr/product/2996/88/cover500/8994120637_1.jpg, 장석주 지음, 한빛비즈,2013
철학,10대들의 토닥토닥,"「좋은책신사고」와 함께 쉬어가는 페이지 ‘나를 바꾸는 힘’에 10년 동안 꾸준히 청소년을 위한 글과 그림 원고 작업을 해 온 작가는 따뜻한 느낌의 파스텔 색감과 감성을 자극하는 그림, 불안한 심리 상태를 어루만져 주는 글로 책을 엮었다.",https://image.aladin.co.kr/product/2165/79/cover500/8976041046_1.jpg, 이지영 글.그림, 문예춘추사,2012
철학,초인수업,서울대 철학과 교수가 전하는 니체의 인생철학. 우리가 살면서 던질 수밖에 없는 본질적인 10가지 질문과 이에 대한 니체의 대답으로 구성되어 있다. 서울대학교 철학과 박찬국 교수는 이 책에서 니체 철학의 정수를 엿볼 수 있는 인생론을 누구나 쉽게 이해할 수 있게 풀어냈다.,https://image.aladin.co.kr/product/4760/8/cover500/8950966654_1.jpg, 박찬국 지음, 21세기북스,2014
철학,마음을 부탁해,"문화관광부 우수교양도서, 베스트셀러를 기록한 <나를 위한 1분> 한국출판문화산업진흥원 청소년 권장도서, 서울특별시교육청 도서관 사서 추천도서에 선정된 <10대를 위한 1분>의 저자 김세유 작가의 <마음을 부탁해>.",https://image.aladin.co.kr/product/6527/56/cover500/8991486827_2.jpg, 김세유 지음, 이너북,2015
철학,어쩌다 한국인,한강의 기적에서 헬조선까지 시대를 꿰뚫어보는 마음보고서. 사회심리학자 허태균 교수는 한국인 전체를 향해 우리의 민낯을 가감 없이 보여준다. 한국인의 의식 특성을 바탕으로 한국 사회를 해석하고 더 나은 미래를 만들기 위한 대안을 모색한 책이다.,https://image.aladin.co.kr/product/7145/35/cover500/8927807022_2.jpg, 허태균 지음, 중앙books,2015
철학,나는 왜 그에게 휘둘리는가,"<나는 생각이 너무 많아>의 저자 크리스텔 프티콜랭의 두 번째 심리 처방전. 심리 조종자에 대한 모든 것을 이야기하고, 심리 조종의 상황을 안개 걷어 내듯 선명하게 보여 준다. 그리고 그들과 얽혀 괴로운 관계 속에 있는 사람들이 어떻게 해야 할지 실질적인 방법을 제시한다.",https://image.aladin.co.kr/product/6656/39/cover500/8960515108_1.jpg, 크리스텔 프티콜랭 지음;이세진 옮김, 부키,2015
철학,굿 라이프,"행복에 관한 책이지만 동시에 행복을 넘어선 새로운 인생의 프레임을 고민하고자 하는 책. 저자는 행복에 관한 오해들을 바로잡고, 행복해지는 것을 염려하거나 두려워하는 우리의 마음을 하나하나 짚어낸다. 그리하여 독자들은 각자가 가지고 있는 행복 프레임을 들여다보며, 나아가 자신의 삶에 대해 각자가 가지고 있는 인생 프레임을 스스로 점검할 수 있다.",https://image.aladin.co.kr/product/15149/28/cover500/8950975912_1.jpg, 최인철 지음, 21세기북스,2018
철학,어른의 의무,"저자 야마다 레이지는 일본 사회에서 부모와 선배, 선생님 같은 연장자들이 존경받지 못하게 된 지 오래라고 말한다. 젊은이들이 겉으로는 윗사람을 존경하는 것처럼 행동하지만 내심 우습게 보거나 귀찮게 여기며 상대해주지 않는다는 것이다.",https://image.aladin.co.kr/product/10741/47/cover500/k422530851_3.jpg, 야마다 레이지 지음;김영주 옮김, 북스톤,2017
철학,행복 예습,학창시절을 돌이켜보면 우등생들의 비결은 ‘예습’에 있었다. 그날 배울 내용을 미리 한번 읽어보는 것만으로도 수업의 이해도가 많이 올라간다고 한다. 인생도 마찬가지 아닐까? 저자는 행복도 예습이 필요하다고 말한다.,https://image.aladin.co.kr/product/16191/70/cover500/k612533947_1.jpg, 김형석 지음, 덴스토리,2018
철학,"(지금, 여기서 읽는)논어 인문학. 1: 무한긍정의 철학자, 공자를 읽는다","<논어> 20편을 다 해석하되, 원문에만 집중하였고, 원문을 새로운 시각으로 번역했다. 그동안의 수많은 주석들은 다 참고자료로만 활용할 뿐, 공자의 말과 공자 제자들의 말에만 집중함으로써 <논어>의 참맛을 찾으려고 하였다.",https://image.aladin.co.kr/product/8847/72/cover500/8977460573_1.jpg, 장주식 지음, 내일을여는책,2016
철학,소크라테스의 수첩을 찾아라,"시간을 거슬러 소크라테스를 찾아 나서는 철학 탐험대 주인공들을 통해 소크라테스의 철학을 어린이의 눈높에 맞게 설명하는 철학 동화이다. 실제 역사적 사실과 철학적 내용들을 동화 속에 가공하였으며, 자칫 놓치기 쉬운 원문의 내용도 잊지 않고 짚어 준다.",https://image.aladin.co.kr/product/94/49/cover500/8952206584_1.jpg, 박연숙;은하수 지음;냉장고 그림, 살림어린이,2007
철학,생각의 주인이 되는 법,"교양 더하기 1권. 마이클 셔머 등과 함께 미국에서 가장 영향력 있는 회의론자(skeptic) 중 한 명으로 인정받는 가이 해리슨이 청소년들을 위해 쓴 생각 길라잡이다. 온갖 이상한 주장이나 특이한 개념, 위험한 생각, 엉터리 믿음에 맞서서 ‘독립적 사고’를 기르게 해줄 것이다.",https://image.aladin.co.kr/product/9328/92/cover500/8983948043_1.jpg, 가이 해리슨 지음;이충호 옮김, 미래인,2018
철학,꼴. 5: 뒤통수에도 꼴이 있다,"이 세상에 사람의 생김새만큼 다양하고 무궁무진한 이야기가 또 있을까? 진지한 사회 참여적 성격과 대중성을 두루 갖춘 굵직굵직한 작품들을 통해 만화에 대한 인식을 새롭게 해준 우리 시대 대표 작가 허영만 화백이 만화 인생 30여 년 동안 천착했던 사람의 얼굴, 사람의 이야기를 관상과 함께 풀어놓았다.",https://image.aladin.co.kr/product/417/50/cover500/8960861863_1.jpg, 허영만 글·그림, 위즈덤하우스,2011
철학,꼴. 6: 눈썹이 좋으면 사람이 따른다,"이 세상에 사람의 생김새만큼 다양하고 무궁무진한 이야기가 또 있을까? 진지한 사회 참여적 성격과 대중성을 두루 갖춘 굵직굵직한 작품들을 통해 만화에 대한 인식을 새롭게 해준 우리 시대 대표 작가 허영만 화백이 만화 인생 30여 년 동안 천착했던 사람의 얼굴, 사람의 이야기를 관상과 함께 풀어놓았다.",https://image.aladin.co.kr/product/469/46/cover500/8960862061_2.jpg, 허영만 글·그림, 위즈덤하우스,2011
철학,꼴. 9: 기색이 바뀌면 운명이 바뀐다,"이 세상에 사람의 생김새만큼 다양하고 무궁무진한 이야기가 또 있을까? 진지한 사회 참여적 성격과 대중성을 두루 갖춘 굵직굵직한 작품들을 통해 만화에 대한 인식을 새롭게 해준 우리 시대 대표 작가 허영만 화백이 만화 인생 30여 년 동안 천착했던 사람의 얼굴, 사람의 이야기를 관상과 함께 풀어놓았다.",https://image.aladin.co.kr/product/726/93/cover500/896086269x_1.jpg, 허영만 글·그림, 위즈덤하우스,2010
철학,(신기원의)꼴 관상학,"최근 허영만의 관상 만화 <꼴> 프로젝트에 참가해 3년여간 관상학을 전수했으며, 시리즈 전권을 감수하면서 관상을 대중적으로 널리 알리는 데 큰 공헌을 한 신기원의 개정판. 음양오행의 이치와 우주자연의 섭리를 담은 관상학의 원리를 알기 쉽고 재미있게 풀어줌으로써, 관상학을 좀더 쉽고 체계적으로 이해하고 실생활에 활용할 수 있도록 돕는다. 관상학에 관심 있는 독자들에게 좋은 입문서가 되어줄 것이다.",https://image.aladin.co.kr/product/726/74/cover500/8960862703_2.jpg, 신기원 지음, 위즈덤하우스,2011
철학,혈액형 심리학. 3: B형,"B형의 다양한 성향들을 9가지 타입으로 나누어 설명한 책. 9가지 유형 중에 공감하는 타입을 찾아내 왜 점점 인간관계가 꼬여만 가는지, 나와 어울리는 사람과 그렇지 않은 사람은 누구인지 등의 문제를 기질적으로 이해할 수 있게 했다. 혈액형 소시오그램(Sociogram)을 통해 각각의 인력관계를 작성한 뒤 각각의 관계를 살펴볼 수 있다.",https://image.aladin.co.kr/product/217/73/cover500/8991360467_1.jpg, 스즈키 요시마사 지음;이윤혜 옮김, 보누스,2010
철학,"심리학, 열일곱 살을 부탁해","'왜 난 꿈이 없는 걸까?', '왜 난 공부가 싫은 걸까?', '왜 부모님은 내 맘을 몰라주는 걸까?'라는 고민으로 괴로운 대한민국 10대를 위한 유쾌한 심리학. 이 책은 ‘대학 입시까지 3년만 참자’라고 다짐하는 60만 명의 열일곱 살 아이들이 누구에게도 말 못하고, 속으로 끙끙 앓고 있는 심리적인 문제들을 꼬집고 그에 대한 해답을 제시한다.",https://image.aladin.co.kr/product/670/31/cover500/8901106698_2.jpg, 이정현 지음, 걷는나무,2011
철학,마흔에 읽는 쇼펜하우어,"인생의 의미를 끊임없이 고민한 철학자, 아르투어 쇼펜하우어의 깨달음과 철학적 사유 중 현시대 우리가 고통을 해소하고 마음의 위기를 극복하는 데 도움이 될 내용을 30가지로 정리했다.",https://image.aladin.co.kr/product/34196/48/cover500/k222931412_2.jpg, 강용수 지음, 유노북스,2023
철학,(속마음 들키지 않고 할 말 다 하는)심리 대화술,"조용히 일만 잘하면 될 줄 알았는데 시시때때로 선을 넘어서 나를 신경 쓰이게 하는 사람들이 있다. 이들의 심리를 알고 그에 맞게 대화 방식을 조금만 바꾸면 내가 원하는 것을 얻을 수 있다. 일일이 대응할 필요도, 그렇다고 너무 참지 않아도 된다. 회사만 가면 찝찝하기만 했던 마음의 습도를 쾌적하게 유지하는 심리 대화법.",https://image.aladin.co.kr/product/32264/0/cover500/k592834849_1.jpg, 이노우에 도모스케 지음;오시연 옮김, 밀리언서재,2023
철학,완전한 인간,쇼펜하우어와 니체가 사랑하고 존경해 마지않았던 17세기 철학자 발타자르 그라시안이 세상으로부터 나를 지키고 완전한 인간으로 살아가기 위해 갖춰야 할 25가지 덕목을 소개한다.,https://image.aladin.co.kr/product/32308/47/cover500/k492834954_1.jpg, 발타자르 그라시안 지음;강민지 옮김, 교보문고,2023
철학,작게 나누어 생각하기,"아무리 큰 문제라도 작게 나누면 누구라도 성과를 낼 수 있다고 주장하는 책 《작게 나누어 생각하기》가 출간됐다. 문제를 작게 나누면 문제의 본질이 또렷하게 보이고, 이렇게 작아진 문제는 해결책을 찾기 쉽다고 말하며 그 방법을 사례와 함께 담은 책이다.",https://image.aladin.co.kr/product/32384/85/cover500/k232935889_1.jpg, 스가와라 겐이치 지음;김정환 옮김, 센시오,2023
철학,생각이 너무 많은 어른들을 위한 심리학,30만 독자의 공감을 얻은 《만일 내가 인생을 다시 산다면》의 작가 김혜남이 생각이 너무 많아 자꾸만 머뭇거리고 흔들리는 어른들에게 해 주고 싶은 말들을 담은 책이다. 30대를 어떻게 보내느냐에 따라 40대 이후의 삶은 정말 많이 달라진다.,https://image.aladin.co.kr/product/32444/93/cover500/k972935291_1.jpg, 김혜남 지음, 메이븐,2023
철학,(청소년을 위한)철학 공부,철학박사 박정원이 철학의 초심자들이 흥미롭고 재미있게 철학에 접근할 수 있도록 펴낸 길잡이 책이다. 우리의 삶과 떼려야 뗄 수 없는 열두 가지 키워드를 주제로 삼아 독자들이 스스로 질문하고 스스로 답을 찾아갈 수 있도록 구성한 점이 돋보인다.,https://image.aladin.co.kr/product/19392/95/cover500/k142635210_1.jpg, 박정원 지음, 지노,2023
철학,(나를 지치게 하는것들과 작별하는)심플라이프,"옷방을 가득 채운 옷들에 숨 막히고, 거절하지 못하도록 만드는 인간관계, 아무렇지 않은 척하려고 묻어둔 감정들, 미련을 버리지 못하고 과거에 얽매인 생각들, 다 버리고 꼭 필요한 것만 남기는 순간 새로운 삶이 시작된다.",https://image.aladin.co.kr/product/31916/75/cover500/k062833944_1.jpg, 제시카 로즈 윌리엄스 지음;윤효원 옮김, 밀리언서재,2023
철학,하버드 감정수업,"하버드의 강의를 전문적으로 연구해온 저자는 이 책을 통해 우리의 삶과 성공을 가로막는 6가지 감정인 열등감, 독선, 좌절감, 두려움, 분노, 불안이 발생하는 원인과 부정적인 영향력을 명확하게 분석해낸다.",https://image.aladin.co.kr/product/17954/63/cover500/k352534236_1.jpg, 쉬셴장 지음;송은진 옮김, 와이즈맵,2019
철학,아주 작은 습관의 힘,"저자의 생생한 경험과 생물학, 뇌과학, 심리학의 최신 연구 결과를 집약해서 습관 하나로 인생을 변화시킬 수 있는 노하우를 제시한다. 어떤 습관을 자신의 무기로 만들기 위해서는 딱 네 가지만 기억하면 된다. 바로 ‘행동 변화의 4가지 법칙’인데, 모든 습관은 분명하고(제1법칙), 매력적이고(제2법칙), 쉽고(제3법칙), 만족스러워야(제4법칙) 한다는 것이다.",https://image.aladin.co.kr/product/18228/51/cover500/s982636214_1.jpg, 제임스 클리어 지음;이한이 옮김, 비즈니스북스,2019
철학,향연,"지성과 용모를 겸비한 당시 희랍의 시민 남성들의 차가운 머리와 뜨거운 가슴 속을 차지한 에로스의 세계. 주연(酒宴)이 마련된 장소를 배경으로, 술을 섞어 사랑 이야기를 들려주는 플라톤의 통찰력이 빛을 발하는 작품이다.",https://image.aladin.co.kr/product/3918/28/cover500/8956441219_1.jpg, 플라톤 지음;강철웅 옮김, 이제이북스,2014
철학,걱정이 많아서 걱정인 당신에게,"당신의 감정은 폭넓은 스펙트럼을 지니고 있다. 이 책은 당신의 수많은 감정 중 당신을 유독 지치고 힘들게 하는 여섯 가지 감정, 즉 불안 · 외로움 · 분노 · 무기력 · 열등감 · 우울의 정체를 밝히고, 그것들을 조절하는 방법을 알려준다.",https://image.aladin.co.kr/product/17400/12/cover500/k202534704_1.jpg, 한창욱 지음, 정민사,2018
철학,심리학이 이렇게 쓸모 있을 줄이야,,https://image.aladin.co.kr/product/16754/75/cover500/k342534660_1.jpg, 류쉬안 지음;원녕경 옮김, 다연,2018
철학,뻔뻔하게 말해도 호감을 얻는 대화법,대화력을 높여 말과 행동을 일치시킬 수 있다면 자신 스스로의 인생을 살아가며 어떤 상황에서도 ‘호감’을 얻을 수 있으며 꿈을 실현시킬 수 있다. 이를 위해 저자는 상대방과의 공통점을 찾는 방법 2가지를 특별하게 공개했다.,https://image.aladin.co.kr/product/17406/15/cover500/k272534800_1.jpg, 후지요시 다쓰조 지음;박재영 옮김, HC books,2019
철학,마음의 상처와 마주한 나에게,"학계에서 인정받은 정통 심리 치료 학설이나 고리타분한 해석 대신 스스로에 대한 인지로부터 출발해 실제적 변화를 이끌어내는, 상처를 자가 치유할 수 있는 검증된 해결 방법을 제시한 책이다.",https://image.aladin.co.kr/product/18580/67/cover500/k962635863_1.jpg, 롤프 젤린 지음;김현정 옮김, 나무생각,2019
철학,어른이 처음이라서 그래,"언어와 행동 등에 대한 교육이 끝나서 성인이 되면 더 이상의 발달은 필요 없다고 생각하게 마련이다. 하지만 어른이 되어 사회생활을 하고, 결혼을 하고, 자녀를 낳아 기르고, 다시 자녀를 독립시키는 과정을 겪다 보면 미성숙한 면모가 드러나기 시작한다.",https://image.aladin.co.kr/product/15220/97/cover500/k572533663_1.jpg, 하주원 지음, 팜파스,2018
철학,"괜찮아, 내 인생의 주인공은 나니까","현직 화성시청소년수련관의 청소년지도사이자, 10년 넘게 현장에서 ‘청소년 셀프 리더십’ 교육을 직접 기획하고 강의를 해온 이론과 실무를 겸비한 청소년 리더십 전문가인 ‘꿈쌤’ 백수연 작가가 고민 많은 청소년을 위해 펴낸 책이다.",https://image.aladin.co.kr/product/17429/80/cover500/k232534008_1.jpg, 백수연 지음, 보랏빛소,2018
철학,있는 그대로 나답게,"그동안의 수행과 공부를 바탕으로 나답게 살고자 노력함으로써 행복해지는 법에 대해 이야기했다. 내 삶을 철학으로 진단하고 명상으로 치료하면서 있는 그대로, 지금 여기에 행복이 있음을 깨닫게 한다.",https://image.aladin.co.kr/product/15831/28/cover500/k722533339_1.jpg, 도연 지음, 특별한서재,2018
철학,아홉 살 마음 사전,"마음을 표현하는 80개의 단어를 담은 책이다. 구체적이고 실감 나는 그림과 친절한 설명을 통해 다양한 감정 표현을 익힘으로써 자기 마음을 정확하게 이해하고 표현하는 것은 물론, 더 다양한 감정을 느낄 수 있도록 돕는다.",https://image.aladin.co.kr/product/10537/49/cover500/8936447017_1.jpg, 박성우 글;김효은 그림, 창비,2017
철학,인간은 왜 외로움을 느끼는가,"‘사회신경과학’의 창시자인 존 카치오포의 대표작. 저자는 외로움이 단순한 감정적 결함이 아니라, 신체 건강과 판단력 같은 뇌 기능을 손상시켜 사회적 성공에도 큰 장애가 된다는 사실을 밝혀냈다.",https://image.aladin.co.kr/product/2914/76/cover500/8937486997_1.jpg, 존 카치오포;윌리엄 패트릭 [공]지음;이원기 옮김, 민음사,2013
철학,나는 당신을 만나 감사합니다,"천만 국민의 삶을 변화시킨 ‘행복나눔125’의 창안자 손욱의 행복 매뉴얼. ‘행복나눔125’가 어떻게 만들어지게 되었는지를 우리 역사와 기업의 실제 사례를 통해 분석하고, ‘행복나눔125’의 바탕이 되는 감사나눔의 힘이 어떤 위력을 가지고 있는지를 자세히 기술했다.",https://image.aladin.co.kr/product/3091/24/cover500/8934964375_2.jpg, 손욱 지음, 김영사,2013
철학,(성장하는 10대가 꼭 알아야 할)좋은 습관 42,"10대들이 꼭 길들여야 할 바람직한 습관 42가지를 제시하며, 진짜 자신의 생각을 가질 수 있는 방법과 그 생각을 토대로 꿈을 이룰 수 있고 자신의 올바른 자아를 만들 수 있도록 안내하는 좋은 마음가짐 지침서이다.",https://image.aladin.co.kr/product/3641/78/cover500/8989897866_1.jpg, 이충호 지음, 하늘아래,2009
철학,심야 라디오,"인생에 대한 고민으로 잠 못 이루는 사람들을 위한 철학 테라피. 직장인, 프리터, 공무원 생활을 거쳐서 철학자가 된 독특한 이력의 소유자로 시민을 위한 철학을 실천하고 있는 오가와 히토시는, 꼬리를 무는 고민 때문에 잠 못 드는 밤 쾌면의 처방전으로 철학을 제시한다.",https://image.aladin.co.kr/product/3292/90/cover500/8927804945_2.jpg, 오가와히토시 지음;이용택 옮김, 중앙books,2013
철학,인기 없는 에세이,출간 즉시 러셀의 책들 가운데 가장 널리 읽힌 책. 1950년 노벨문학상을 받은 버트런드 러셀은 이 새로운 책 <인기 없는 에세이>―명백히 잘못 정한 제목임이 밝혀졌다―에서 그만이 할 수 있는 방법으로 독단론의 위험과 어리석음을 파헤치고 있다.,https://image.aladin.co.kr/product/3037/43/cover500/8997680072_1.jpg, 버트런드 러셀 지음;장성주 옮김, 함께읽는책(나눔의집),2013
철학,현대미학 강의,"진중권 미학 에세이 시리즈 1권. 2003년 출간된 <현대미학 강의>의 개정판으로, 이제는 유행이 지난 듯한 푸코, 들뢰즈 등 프랑스 현대 철학자들과 언뜻 보아 그들과는 별 관련이 없을 듯한 베냐민과 아도르노, 하이데거의 사상을 소개하고 있다.",https://image.aladin.co.kr/product/3030/54/cover500/8961961438_1.jpg, 진중권 지음, 아트북스,2013
철학,휘메일 리스크,"밀리언셀러 <배려>의 한상복과 <경청>의 박현찬이 함께 쓴 이 책은 여성을 움직이는 동기를 최신 경제·경영 이론은 물론 심리학, 뇌 과학, 역사학, 철학 등 다양한 인문적 스펙트럼을 통해 분석한다.",https://image.aladin.co.kr/product/3360/46/cover500/8960866296_1.jpg, 한상복;박현찬 [공]지음, 위즈덤하우스,2013
철학,십대답게 살아라,오랫동안 청소년 상담을 해온 정신과 전문의가 쓴 심리상담 자기계발서. 지은이는 십대들이 의욕과 열정을 갖지 못하는 근본적인 이유를 우리의 내면에서 찾는다. 그 이유를 해결하지 않고서는 역할 모델의 라이프 스토리에 도전받고 그렇게 살리라 다짐해도 그때뿐! 금세 시들해지고 만다는 것이다.,https://image.aladin.co.kr/product/293/75/cover500/8958072482_2.jpg, 문지현 지음, 뜨인돌,2011
철학,렛뎀 이론,"중요하지도 않은 것들을 신경 쓰느라 나를 소모하는 싸움에서 벗어나, 진정 중요한 것?즉 자기 자신, 자기 행복, 목표, 인생?에 집중하는 방법을 알려준다. 수백만 독자의 공감과 열렬한 지지를 얻으며 출간 즉시 아마존 베스트셀러 종합 1위에 오른 《렛뎀 이론》은, 오롯이 ‘나’로 충만한 인생을 살고 싶어진 모든 이에게 행복의 잠재력을 열어줄 가장 쉽고 심플한 도구를 선물할 것이다.",https://shopping-phinf.pstatic.net/main_5614694/56146941953.20250808091329.jpg, 멜 로빈스 지음;윤효원 옮김, 비즈니스북스,2025
철학,"마흔, 더 늦기 전에 생각의 틀을 리셋하라","마흔 무렵, 생명을 돌보는 수의사인 저자는 자신의 마음은 돌보지 못한 채 번아웃과 슬럼프에 빠져들었다. 진료실 한편에 앉아 있던 그는 한순간 깊은 우울의 그림자에 휩싸였고, ‘나는 정말 괜찮은가?’라는 질문을 마주하게 된다.",https://shopping-phinf.pstatic.net/main_5593773/55937736012.20250725092227.jpg, 박근필 지음, 알토북스,2025
철학,인간은 왜 외로움을 느끼는가,"‘사회신경과학’의 창시자인 존 카치오포의 대표작. 저자는 외로움이 단순한 감정적 결함이 아니라, 신체 건강과 판단력 같은 뇌 기능을 손상시켜 사회적 성공에도 큰 장애가 된다는 사실을 밝혀냈다.",https://image.aladin.co.kr/product/2914/76/cover500/8937486997_1.jpg, 존 카치오포;윌리엄 패트릭 [공]지음;이원기 옮김, 민음사,2013
철학,성장지향성,"성장의 ‘지향점’, 즉 구체적인 방법과 절차를 알려 주는 책이다. 이 책에서는 단순히 성공에 초점을 맞추어 명사들의 ‘마인드셋’만을 내세우지 않는다. 오히려 성장에 더욱 집중한 사고방식과 행동 양식을 비롯하여 성장의 원리까지 망라한다.",https://shopping-phinf.pstatic.net/main_5264906/52649066808.20250128071152.jpg, 존 R. 마일스 지음;임지연 옮김, 오픈도어북스,2025
철학,탁석산의 서양 철학사,"고대에서 중세를 거쳐 르네상스를 지나 근대와 현대에 이르는, 서양 철학 2500년사를 살핀다. 그 속에서 철학의 이성, 신학의 사색, 과학의 권위, 신비주의/에소테리시즘의 사유를, 그리고 그 학문들 사이의 관계성을 아울러 담아낸다. 더 크고 온전한 지혜를 향해 온 길들을, 이 한 권에서 만날 수 있다.",https://shopping-phinf.pstatic.net/main_5569610/55696103807.20250710071557.jpg, 탁석산 지음, 열린책들,2025
철학,인공지능 윤리를 부탁해,인공지능 기술이 인간의 삶과 사회에 어떤 영향을 미치는지 구체적으로 톺아보는 한편 인공지능 시대에서 우리가 반드시 던져야 할 10가지 질문을 통해 올바른 방향과 해법을 제시한다. 인공지능 윤리 분야의 전문가답게 저자의 설명은 철학적 깊이가 있고 구성안은 알찬 지식으로 촘촘하다.,https://shopping-phinf.pstatic.net/main_4833480/48334803618.20240620092145.jpg, 허유선 지음, 나무야,2024
철학,"철학 인터뷰, 그분이 알고 싶다","베스트셀러 《만화로 보는 3분 철학》의 서정욱 철학 교수가 ‘철학자들과의 재치 넘치는 인터뷰’로 돌아왔다. 어릴 때부터 철학적 사고를 시작해야 한다는 생각으로, 어린이와 청소년을 위한 다양한 책을 써온 서정욱 교수가 이번에는 대표 철학자 7명과 만나 가상의 대화를 펼친다.",https://shopping-phinf.pstatic.net/main_5688259/56882591282.20250924072009.jpg, 서정욱 지음, 다른,2025
철학,꾸준함의 기술,"저자의 일상 루틴과 습관화의 비결을 소개하며, ‘의지에 의존하기보다 습관의 구조 만들기’, ‘제대로 하기보다는 작게 계속하기’, ‘작은 일들을 세트로 만들기’ 등 꾸준함을 숨 쉬듯 지킬 수 있는 방법을 알려준다.",https://shopping-phinf.pstatic.net/main_5307483/53074830749.20250220071749.jpg, 이노우에 신파치 지음;지소연 옮김, RHK(알에이치코리아),2025
철학,"AI 시대, 나는 무엇으로 빛날까","『잘하는 것도, 하고 싶은 일도 없다는 너에게』의 저자가 전하는 또 다른 진심. 최영숙 선생님은 청소년들에게 네 가지 핵심 역량을 강조한다. 마음을 다스리는 힘, 시간을 주도하는 습관, 스스로 배움을 찾아가는 자세, 그리고 미래로 나아가는 힘이다.",https://shopping-phinf.pstatic.net/main_5690468/56904688309.20250925072135.jpg, 최영숙 지음, 미디어숲,2025
철학,논리는 나의 힘,"법학 적성 시험(LEET), 공직 적격성 평가(PSAT)를 준비하는 수험생의 필독서로, 논술 시험을 대비하는 고등학생과 논리력을 쌓고 싶은 대학생에게는 또 다른 교과서처럼 쓰이며 지난 20년 동안 수많은 독자에게 사랑받은 논리 교양서답게 더욱 풍부한 사례와 설명이 담겼다.",https://shopping-phinf.pstatic.net/main_4987260/49872606623.20241006091028.jpg, 최훈 지음, 우리학교,2024
철학,스트레스 받는 사람들을 위한 쇼펜하우어,국내에서 엮은 쇼펜하우어 교양서와 달리 쇼펜하우어의 본고장 독일에서 직접 대중을 위해 기획하고 엮은 아포리즘 선집이다. 엮은이 우르줄라 미헬스 벤츠는 쇼펜하우어의 핵심을 담은 266개의 문장을 엄선했다.,https://shopping-phinf.pstatic.net/main_5678239/56782392742.20250919091845.jpg, 아르투어 쇼펜하우어 지음;우르줄라 미헬스 벤츠 엮음;홍성광 옮김, 열림원,2025
철학,(청소년을 위한)위대한 동양 고전 25권을 1권으로 읽는 책,"입시와 논술 그리고 앞으로의 삶에서 빛을 발하는 하루 10분 동양 고전 수업. 여기 소개된 25권의 책은 약 3000년 동양의 역사에서 가장 중요하다고 평가받는 위대한 고전들이다. 각종 시험과 입시에 나오는 빈도가 높고, 살면서 한번은 읽어봐야 할 필독서들이다.",https://shopping-phinf.pstatic.net/main_4891628/48916285623.20240706071145.jpg, 김연수 지음, 빅피시,2024
철학,생각이 너무 많은 당신에게,"행복한 인생을 살기 위해서는 ‘심플한 사고’가 필요하다. 심플한 사고는 삶을 더욱 명확하게 비춰주고, 지금 이 순간에 온전히 몰입할 수 있도록 돕는다. 《생각이 너무 많은 당신에게》는 근심 걱정과 잡념을 제거해서, 마치 시끄러운 일상의 소음에서 벗어나 고요한 자연의 소리를 듣는 것처럼, 단순하고 평온한 기쁨을 선물한다.",https://shopping-phinf.pstatic.net/main_5559531/55595317077.20250703091811.jpg, 한창욱 글, 정민미디어,2025
철학,다크 심리학,"‘다크 심리학’은 인간 본성의 어두운 면을 탐구하여 타인의 감정을 조종하거나 조작하는 기술을 융합한 것이다. 그런데 최근 들어 수많은 사람이 다크 심리학에 깊은 관심을 보인다. 과연 왜 그럴까? 바로 힘과 지혜, 권력과 지식을 통해 자신의 현재 삶을 바꾸고 싶은 인간의 심리가 기저에 깔려 있기 때문이다.",https://shopping-phinf.pstatic.net/main_5589735/55897358373.20250723101012.jpg, 다크 사이드 프로젝트 지음, 어센딩,2024
철학,십 대를 위한 행복 찾기 심리 실험실,"생생한 심리 실험을 통해 십 대들에게 과연 행복이란 무엇인지 알아보고, ‘오늘에 숨어 있는 행복, 나에게 맞는 행복’을 찾아내는 방법을 보여주는 책이다. 여러 심리 실험을 통해 우리가 흔히 행복에 대해 생각한 고정관념과 편견을 벗겨내고, 그동안 몰랐던 행복의 맨 얼굴을 보여 준다.",https://image.aladin.co.kr/product/19210/78/cover500/k472635901_1.jpg, 양곤성 지음, 팜파스,2019
철학,너는 어떤 사람이 될래?,"청소년이 자기인식을 실현하고 긍정적인 태도로 인성을 함양할 수 있는 20가지 조언을 담은 책이다. 이 책에는 고대 그리스 철학자들이 가장 중요한 4가지 미덕으로 꼽은 절제, 정의, 용기, 지혜를 담아 구성하였다.",https://image.aladin.co.kr/product/31376/48/cover500/8955969872_1.jpg, 바바라 A. 루이스 지음;안기순 옮김, 한언,2023
철학,내 타로는 내가 본다 타로편,대한민국 최정상 타로마스터이자 한국소울타로협회 회장인 정회도 타로마스터가 자신의 업력과 내공을 오롯이 담아 집필한 타로카드 입문서이다. 타로카드에 문외한인 사람도 이 책의 내용을 따라 읽다 보면 자연스레 타로카드의 원리를 이해할 수 있도록 체계적으로 구성됐다.,https://image.aladin.co.kr/product/31062/53/cover500/k602831529_1.jpg, 정회도 지음, 소울소사이어티,2023
철학,(신판)심리학의 오해,,https://image.aladin.co.kr/product/40/4/cover500/8984941735_1.jpg, K.E. 스타노비치 지음;신현정 옮김, 혜안,2003
철학,(청소년을 위한)가치관 에세이,"<청소년을 위한 철학 에세이>의 저자이자 철학자인 강영계 교수가 ‘도덕이 땅에 떨어진’ 사회에서 갈등하고 있는 청소년들이 궁금해 할 이슈들을 카테고리화하여 풍부한 사례와 함께 설명한 철학교양서이다. 물질만능주의, 외모지상주의 등으로 혼란스러운 사회를 맑고 아름답게 정화해 나가야 할 청소년들이 자유로우면서도 올바른 사고방식을 다질 수 있도록 도와준다.",https://image.aladin.co.kr/product/1507/42/cover500/8965743338_1.jpg, 강영계 지음, 해냄,2013
철학,(아리스토텔레스가 들려주는)행복 이야기,"아리스토텔레스와 알렉산더가 당한 의문의 죽음과 숨겨진 보물, 비밀의 열쇠는 아리스토텔레스의 철학 사상에 숨겨져 있다. 고만파 박사와 함께 숨겨진 이야기들을 밝혀나가면서 '중용의 덕', '4원소설' 등에 대한 원리를 깨우치게 한다.",https://image.aladin.co.kr/product/59/72/cover500/8954419909_1.jpg, 서정욱 지음, 자음과모음,2012
철학,어떻게 배울 것인가,30년 넘게 500만 명이 넘는 글로벌 리더들의 멘토이자 리더십의 대가로 자리 잡아온 존 맥스웰이 <사람은 무엇으로 성장하는가>에서 ‘성장’이라는 잠재된 가능성에 대해 이야기했다면 이 책에서는 ‘배움’을 통해 멈추지 않는 성장에 대해 이야기한다.,https://image.aladin.co.kr/product/3422/61/cover500/8997575198_1.jpg, 존 맥스웰 지음;박산호 옮김, 비즈니스북스,2014
철학,심플하게 산다,심플한 삶을 위한 필독서. 프랑스 출신인 저자는 동양적인 아름다움에 빠져 1970년대 말부터 일본에 살기 시작했다. 서구와는 다른 생활방식에서 저자가 찾은 삶의 핵심은 심플함이었다. 심플하게 살아야 인간답게 살 수 있다는 것이 이 책이 말하는 바다.,https://image.aladin.co.kr/product/1899/77/cover500/s042635468_1.jpg, 도미니크 로로 지음;김성희 옮김, 바다,2013
철학,생각이 너무 많은 당신에게,"행복한 인생을 살기 위해서는 ‘심플한 사고’가 필요하다. 심플한 사고는 삶을 더욱 명확하게 비춰주고, 지금 이 순간에 온전히 몰입할 수 있도록 돕는다. 《생각이 너무 많은 당신에게》는 근심 걱정과 잡념을 제거해서, 마치 시끄러운 일상의 소음에서 벗어나 고요한 자연의 소리를 듣는 것처럼, 단순하고 평온한 기쁨을 선물한다.",https://shopping-phinf.pstatic.net/main_5559531/55595317077.20250703091811.jpg, 한창욱 글, 정민미디어,2025
철학,늙어갈 용기,반려견의 이름마저 ‘아들러’로 지을 만큼 아들러에 대한 애정이 각별한 ‘최고의 아들러 전문 철학자’ 기시미 이치로가 ‘꺾인 일흔’ ‘꺾인 여든’ 무렵 이후 세대를 위해 지은 ‘아들러의 유일한 생로병사 심리학 대중교양서’다.,https://image.aladin.co.kr/product/6171/21/cover500/8967352166_2.jpg, 기시미이치로 지음;노만수 옮김, 글항아리,2015
철학,감정적인 것도 습관이다,감정적으로 대응해 항상 손해 보는 사람들을 위한 감정 활용법을 소개하며 감정에 쉽게 휘둘리지 않기 위한 실질적인 노하우를 전한다. 저자는 풍부한 임상 경험과 다양한 사례를 바탕으로 감정의 개념과 메커니즘에서 그 대처법에 이르기까지 감정적인 자신으로부터 벗어나기 위한 근원적인 해결책을 제시한다.,https://image.aladin.co.kr/product/25351/66/cover500/k292633601_1.jpg, 미즈시마 히로코 지음;박미정 옮김, 생각의날개,2020
철학,나를 지키는 매일 심리학,"심리대화법 전문가인 오수향이 강연 후 상담 등을 통해 접한 고민들을 ‘자존감 상승’, ‘자아 정체성 확립’, ‘인간관계’, ‘성과 달성’, ‘난관 극복’, ‘매력 상승’, ‘건강한 삶’ 등 7개 주제로 나누고, 삶이 힘들 때 떠올리면 좋은 심리 법칙과 연관 지어 제시하고 있다.",https://image.aladin.co.kr/product/25219/62/cover500/k362633804_1.jpg, 오수향 지음, 상상,2020
철학,참지 않을 용기,‘자기표현 훈련(어셔션 트레이닝)’의 일인자인 저자가 참는 게 습관이 된 사람들을 위해 더 이상 참지 않아도 상대방과 내가 모두 갈등 없이 편안한 관계를 유지하는 방법을 알려준다.,https://image.aladin.co.kr/product/25095/74/cover500/k192632951_1.jpg, 히라키 노리코 지음;황혜숙 옮김, 센시오,2020
철학,나의 하루는 4시 30분에 시작된다,새벽 기상을 통해 힘든 유학 생활을 견뎌내고 미국 2개주 변호사 시험에 연이어 합격한 것은 물론 다양한 도전을 통해 인생을 더욱 풍성하게 꾸려가고 있는 저자가 더 나은 삶을 만드는 아침의 잠재력을 이야기한다. 아침형 라이프스타일을 실천하는 구체적인 노하우와 새벽 시간을 활용하는 방법을 제시한다.,https://image.aladin.co.kr/product/25306/49/cover500/k922633306_1.jpg, 김유진 지음, 토네이도,2020
철학,노자가 옳았다,"인류의 고전 중 가장 뛰어난 철학과 지혜를 담은 을 철학자 도올 김용옥이 유려한 우리말로 번역하고, 그 깊은 뜻을 명료하게 해설한다.",https://image.aladin.co.kr/product/25301/96/cover500/8982641475_1.jpg, 김용옥 지음, 통나무,2020
철학,노력론,"은 혼잡한 세상에서 살아남기 위해 내 안에 숨겨진 잠재력을 꺼내야 할 때 읽어야 할 책이다. 이 책의 저자인 고다 로한은 처음부터 좋은 운명을 타고난 사람은 없으며, 다들 자신의 의지로 운명을 개척해 나가야 한다고 주장한다.",https://image.aladin.co.kr/product/11068/1/cover500/8963221180_1.jpg, 고다 로한 지음;김욱 옮김, 비전코리아,2017
철학,노력론,"은 혼잡한 세상에서 살아남기 위해 내 안에 숨겨진 잠재력을 꺼내야 할 때 읽어야 할 책이다. 이 책의 저자인 고다 로한은 처음부터 좋은 운명을 타고난 사람은 없으며, 다들 자신의 의지로 운명을 개척해 나가야 한다고 주장한다.",https://image.aladin.co.kr/product/11068/1/cover500/8963221180_1.jpg, 고다 로한 지음;김욱 옮김, 비전코리아,2017
철학,노력론,"은 혼잡한 세상에서 살아남기 위해 내 안에 숨겨진 잠재력을 꺼내야 할 때 읽어야 할 책이다. 이 책의 저자인 고다 로한은 처음부터 좋은 운명을 타고난 사람은 없으며, 다들 자신의 의지로 운명을 개척해 나가야 한다고 주장한다.",https://image.aladin.co.kr/product/11068/1/cover500/8963221180_1.jpg, 고다 로한 지음;김욱 옮김, 비전코리아,2017
철학,공자의 마지막 공부,세계적인 주역 권위자 초운 김승호 선생이 평생의 내공을 쏟아 부은 역작. 세계 최초로 주역 64괘에 대한 정밀한 풀이와 공자의 해석이 담긴 X파일을 지금 공개한다!,https://image.aladin.co.kr/product/25227/88/cover500/k882633900_1.jpg, 김승호 지음, 다산초당,2020
철학,스무살에 알았더라면 좋았을 것들,"스탠퍼드 대학의 ‘기업가정신과 혁신’ 강의를 정리한 것으로, 이 강의는 스탠퍼드의 많은 학생들에게 성공적인 미래인생을 설계할 실질적인 도구를 제공해주는 것으로 명성이 자자하다. 자신만의 방식으로 당당하게 행복을 찾고 나름의 성공을 일군 많은 이들의 사례와 혁신적이고 창의적인 방식으로 여러 과제들을 풀어나가는 스탠퍼드 학생들의 흥미로운 실례를 바탕으로 독자들에게 잠깐 멈춰서 지나온 길을 한번 돌아보고 남은 인생을 좀 더 행복하고 자신 있게 살아갈 방법을 모색하도록 독려한다.",https://image.aladin.co.kr/product/711/49/cover500/8901108380_2.jpg, 티나 실리그 지음;이수경 옮김, 엘도라도,2010
철학,(3일만에 읽는)철학,,https://image.aladin.co.kr/product/50/44/cover500/8953296269_2.jpg," 에가와아키라 외, 지음;고선윤 옮김", 서울문화사,2007
철학,(비울수록 사람을 더 채우는)말 그릇,"SK, LG, 삼성을 비롯한 수많은 기업과 개인 코칭을 통해 얻은 말에 대한 근본적인 성찰. 사람마다 가지고 있는 자신의 말 그릇의 의미에 대해 생각해보고 어떻게 하면 나의 말 그릇을 보다 단단하고 깊이 있게 만들 수 있는지 알려준다.",https://image.aladin.co.kr/product/11782/77/cover500/s502837239_1.jpg, 김윤나 지음, 카시오페아,2017
철학,불행 피하기 기술,"냉철한 기업가, 능력 있는 투자가, 인기 있는 강연가, 전 세계를 누비는 지식인답게 저자는 ‘어떻게 좋은 삶을 살 것인가’라는 철학의 오랜 질문에 대해 지극히 이성적이고 합리적이며 실용적인 접근법을 제안한다.",https://image.aladin.co.kr/product/12848/56/cover500/k182532081_2.jpg, 롤프 도벨리 지음;엘 보초 그림;유영미 옮김, 인플루엔셜,2018
철학,10대들의 힐링캠프,"교실밖 교과서 시리즈 4권. 왕따와 자해, 그리고 가출 등 어른들은 이해할 수 없는 청소년들, 이 책은 바로 우리 아이들의 이야기다. 상처받은 10대와 그 10대를 이해하지 못하는 어른들이 먼저 읽어야할 인생 교과서가 분명하다.",https://image.aladin.co.kr/product/2492/90/cover500/8993460434_1.jpg, 샨티아이들 지음;박기복 엮음, 행복한나무,2013
철학,3분 古典. 1,"KBS [라디오 시사고전]을 책으로 만난다. TV와 라디오 등 다양한 매체를 통해 불확실성의 시대, 치열한 경쟁사회에서 살아남을 수 있는, 시대를 관통한 통찰을 들려주었던 박재희 교수의 책으로, 자신을 경영하고 인간을 경영하고 나아가 미래를 경영할 수 있는, 고전에서 배우는 삶의 모든 지혜와 처세술을 담았다.",https://image.aladin.co.kr/product/803/21/cover500/8964231155_1.jpg, 박재희 지음, 작은씨앗,2010
철학,철학의 발견,서울시와 성공회대가 공동으로 기획한 시민강좌 〈희망의 인문학〉에서 강의했던 내용을 새로 엮은 것이다. 4년 동안 꾸준히 진행된 이 강좌에서 만난 수강자들로부터 저자는 철학을 처음부터 다시 배웠다고 고백한다.,https://image.aladin.co.kr/product/2688/81/cover500/8997186310_1.jpg, 장건익 지음, 사월의책,2013
철학,인생의 맛,"2012년 여름 프랑스의 국영 라디오 채널 ‘프랑스 앵테르’에서 방송된 <몽테뉴와 함께하는 여름>이라는 라디오 방송에서 출발한 이 책은, 몽테뉴의 사상을 짧지만 밀도 높게 소개하는 40개 꼭지로 구성되어 있다.",https://image.aladin.co.kr/product/4582/56/cover500/8970138870_1.jpg, 앙투안 콩파뇽 지음;장소미 옮김, 책세상,2014
철학,예민함 내려놓기,일본 최고의 정신과 전문의이자 심리학/정신의학 분야의 베스트셀러 저자인 오카다 다카시의 <예민함 내려놓기>는 예민해서 힘든 사람들이 좀 더 편안하게 살아갈 방법을 알려주는 책이다. 의학적 지식과 근거를 토대로 예민함을 정확하고 올바르게 이해하도록 해준다.,https://image.aladin.co.kr/product/16236/65/cover500/k982533242_1.jpg, 오카다 다카시 지음;홍성민 옮김, 어크로스,2018
철학,"(지금, 여기서 읽는)논어 인문학. 2: 나를 비우는 공감의 철학자, 공자","<논어> 20편을 다 해석하되, 원문에만 집중하였고, 원문을 새로운 시각으로 번역했다. 그동안의 수많은 주석들은 다 참고자료로만 활용할 뿐, 공자의 말과 공자 제자들의 말에만 집중함으로써 <논어>의 참맛을 찾으려고 하였다.",https://image.aladin.co.kr/product/8847/76/cover500/8977460581_1.jpg, 장주식 지음, 내일을여는책,2016
철학,나의 멘토 소크라테스,한 고등학생이 소크라테스의 삶과 철학이 담긴 명저들을 바탕으로 질문하고 답하며 자기만의 답을 찾아가는 과정을 담은 책이다. 저자는 우리가 살면서 누구나 할 법한 질문과 대답을 소크라테스의 삶과 생각으로부터 읽어낸다.,https://image.aladin.co.kr/product/8303/77/cover500/k872434352_2.jpg, 최성민 지음, 시간여행,2016
철학,(나를 피곤하게 만드는 것들에)반응하지 않는 연습,일본 아마존 22주 연속 베스트셀러로 자리 잡은 도서. 이 책이 전하고자 하는 바는 단순하다. 나를 피곤하게 만드는 모든 것들에서 벗어나기 위해서는 쓸데없는 ‘반응’을 멈추라는 것이다.,https://image.aladin.co.kr/product/8356/55/cover500/8960869368_3.jpg, 구사나기 류슌 지음;류두진 옮김, 위즈덤하우스,2016
철학,"심리학, 자존감을 부탁해","복잡한 시대 현대인을 지치게 하는 수많은 딜레마의 밑바닥에는 자존감 문제가 깔려 있다. 심리 치료사인 저자 슈테파니 슈탈은 모든 심리의 진원지인 자존감을 튼튼하게 키워 의식적으로 '자기 자신'이 되는 법, 곧 나를 있는 그대로 인정하고 나답게 사는 삶의 방식을 일러준다.",https://image.aladin.co.kr/product/8652/38/cover500/8993635722_1.jpg, 슈테파니 슈탈 지음;김시형 옮김, 갈매나무,2016
철학,행복의 기원,행복은 ‘생존과 번식’을 위한 진화의 산물이다. 행복 분야의 권위자 에드 디너 교수의 지도 아래 심리학 박사 학위를 받은 저자는 세계에서 가장 활발하게 인용되는 행복 심리학자 중 한 명이다.,https://image.aladin.co.kr/product/4129/5/cover500/8950955776_1.jpg, 서은국 지음, 21세기북스,2015
철학,내가 옳고 네가 틀려,"평소에 흔히 경험하는 견해 차이, 입장 차이 등을 우리는 어떻게 이해해야 할까? 가벼운 일상의 대화로 시작된 진지한 철학적 논쟁. '플라톤'의 전통을 따라 네 사람이 나누는 가상의 대화를 기록하며, 현 시대 철학적 쟁점을 다루고 있다.",https://image.aladin.co.kr/product/7903/42/cover500/k702434833_1.jpg, 티머시 윌리엄슨 지음;하윤숙 옮김, 곰,2016
철학,컴포트존,"그 어느 때보다 수많은 성공신화가 쏟아지는 세상이다. 분야도, 방식도 셀 수 없을 만큼 부와 성공을 쌓는 다양한 사례가 넘쳐흐른다. 단 한 가지 공통점은 ‘뻔하지 않다’는 것이다. 100가지 성공에는 100가지 이유가 존재한다. 왜일까? 전 세계 5천 만이 열광하는 ‘긍정의 힘’을 이끄는 CEO이자 『컴포트존』의 저자는 이 책을 통해 그 이유를 보여준다.",https://image.aladin.co.kr/product/32966/26/cover500/k192936255_1.jpg, 크리스틴 버틀러 지음;안세라 옮김, 더와이즈,2023
철학,혼자여도 괜찮아,"인간을 성장시키고, 꿈을 이루어주는 것은 혼자 있는 시간이다. 혼자 있는 시간의 가치를 깨닫고, 그 힘을 지렛대처럼 이용한다면 살아가면서 이루지 못할 일은 없다. 《혼자여도 괜찮아》는 혼자 있는 시간을 무의미하게 흘려보내는 요즘 어른들을 위해, 혼자 있는 시간의 가치와 힘을 인문학적인 지식을 활용해서 설득력 있게 접근하고 있다.",https://image.aladin.co.kr/product/32970/23/cover500/k662936355_1.jpg, 한창욱 지음, 정민미디어,2023
철학,게으른 뇌에 행동 스위치를 켜라 [큰글자 도서],"불가능한 이미지를 떠올리는 순간 우리의 뇌는 무의식적으로 하지 않을 이유, 바로 행동하지 않는 것을 정당화하는 이유를 찾기 시작한다. 부정적인 이미지는 행동을 방해하는 큰 요인이 된다. 긍정적인 이미지를 갖는 것이 중요하다. 사물과 상황을 바라보는 방법을 조금만 바꾸어도 자신이 가진 이미지를 부정에서 긍정으로 바꾸어 나갈 수 있다.",https://image.aladin.co.kr/product/32993/16/cover500/k042936656_1.jpg, 오히라 노부타카 지음;오정화 옮김, 부키,2023
철학,선택과 결정은 타이밍이다 [큰글자 도서],"자신의 선택과 결정이 기회를 만들려면 훈련이 필요하다. 타인이 아닌 나만의 기준을 가지고 선택해야 만족감을 얻고, 자기 확신을 가져야 후회 없는 선택을 할 수 있다. 무엇보다 중요한 것은 망설이지 않고 결정하고 행동하는 것이다. 이 책에는 최선의 선택과 결정, 최고의 기회를 얻기 위한 모든 것이 들어 있다.",https://image.aladin.co.kr/product/32993/19/cover500/k352936656_1.jpg, 최훈 지음, 밀리언서재,2022
철학,운명에 만약은 없다,한 번 잘못된 선택 때문에 나락으로 떨어져 본 사람은 운명의 존재를 부정하지 않는다. 자유의지로 어쩔 도리가 없는 일도 있음을 알게 되기 때문이다. 이 책은 정해진 운명을 받아들일 수밖에 없음을 촌철살인의 명쾌한 논리로 설명하고 있다.,https://image.aladin.co.kr/product/32863/47/cover500/k182936119_1.jpg, 노상진 지음, 쌤앤파커스,2023
철학,남의 비위 맞추기는 이제 그만,인간관계 속에서 사람의 기본적 5가지 감정이 어떻게 생성되고 어떤 영향을 미치는지 설명한다. 저자가 10년 이상의 상담 경력에서 맞닥뜨렸던 실제 사례들은 내가 왜 남의 눈치를 보도록 길들여졌는지를 스스로 깨우치고 진정한 자신의 ‘성격’을 찾을 수 있도록 도와준다.,https://image.aladin.co.kr/product/32573/85/cover500/k232935141_1.jpg, 황위링 지음;이지연 옮김, 미디어숲(다빈치하우스),2023
철학,나는 아직 내가 낯설다,"진정한 자아를 찾아 떠나는 여행을 위한 안내서이다. 드러내기 두려워 마냥 숨기려고만 했던 자신의 진짜 욕망과 마주하고, 내면의 불안과 고통에서 벗어나는 방법을 알려준다.",https://image.aladin.co.kr/product/32938/97/cover500/k722936042_1.jpg, 다장쥔궈 지음;박영란 옮김, 파인북,2024
철학,나는 아직 내가 낯설다,"진정한 자아를 찾아 떠나는 여행을 위한 안내서이다. 드러내기 두려워 마냥 숨기려고만 했던 자신의 진짜 욕망과 마주하고, 내면의 불안과 고통에서 벗어나는 방법을 알려준다.",https://image.aladin.co.kr/product/32938/97/cover500/k722936042_1.jpg, 다장쥔궈 지음;박영란 옮김, 파인북,2024
철학,사람 공부,"《논어》의 위대한 문장을 통해 이끌어낸, 2,500년 동안 이어져온 ‘사람 공부’의 지혜. ‘다산의 마지막’ 시리즈로 동양고전 읽기의 새로운 바람을 일으킨 저자 조윤제가 오늘날 우리가 살아가는 데 필요한 관계 맺음의 도道를 전한다.",https://image.aladin.co.kr/product/32917/75/cover500/8935214469_1.jpg, 조윤제 지음, 청림,2023
철학,쇼펜하우어의 인생 수업,"대철학자 쇼펜하우어의 행복과 인생의 본질, 인간관계의 본질, 그리고 학문과 독서와 독자적 사고의 본질 등에 대한 직설적인 조언을 담은 인생 지침서다.",https://image.aladin.co.kr/product/32893/49/cover500/k382936525_2.jpg, 아르투어 쇼펜하우어 지음;강현규 엮음;이상희 옮김, 메이트북스(원앤원콘텐츠그룹),2023
철학,나는 현명하게 나이 들고 싶다,"심리학계의 전설, 가톨릭대학교 심리학과 전공 장성숙 명예교수가 멋지게 나이 들고 싶어 하는 세상 모든 어른이들에게 전하는 명쾌한 인생 처방전! 40년간 상담사로서 사람들을 만나고 70년간 인생을 살아온 저자가 풍요롭고 의미 있게 인생을 사는 법에 대해 이야기한다.",https://image.aladin.co.kr/product/32932/98/cover500/k232936941_1.jpg, 장성숙 지음, 비타북스,2023
철학,남에게 보여주려고 인생을 낭비하지 마라,누구나 행복을 추구해야 한다는 ‘행복론’은 논쟁이 필요 없는 당연한 명제처럼 여겨진다. 하지만 쇼펜하우어는 이러한 전제에서 모든 불행이 생겨난다고 말한다.,https://image.aladin.co.kr/product/32648/45/cover500/k072935654_1.jpg, 아르투어 쇼펜하우어 지음;박제헌 옮김, page2(페이지2),2023
철학,이다지쌤의 공부 자극 365,"메가스터디 일타강사, 누적 수강생 180만 명, 연고대생이 뽑은 스타강사 1위, 후배에게 추천하는 멘토 1위인 이다지쌤이 열공하는 모든 수험생들을 위해 만든 일력. 처음 마음먹은 대로 되지 않는 공부 앞에서 길을 잃고 방황하기 쉬운 수험생들에게 읽기만 해도 힘을 주는 응원의 한 줄을 365일 만년 일력으로 모았다.",https://image.aladin.co.kr/product/32938/63/cover500/k362936042_1.jpg, 이다지 엮음, 서삼독,2023
철학,나는 충분히 괜찮은 존재입니다,저자는 10년 넘게 1만 시간 이상의 심리 상담을 해오면서 인간의 자존감이 개인의 심리 상태와 사회적 활동에 어떤 영향을 미치는지 연구하고 검증했다. 자신을 받아들이는 법을 알려주고 보다 안정적인 자존감과 내면적 가치관을 정립할 수 있도록 돕는다.,https://image.aladin.co.kr/product/33527/67/cover500/k822939479_1.jpg, 취샤오리 지음;이지연 옮김, 더페이지,2024
철학,느긋하게 살았더니 내가 더 좋아졌어요,머릿속이 혼란스러울수록 나 자신부터 생각하자! 마음에 담아둔 고민들을 걷어낸다면 ‘지금의 나도 괜찮다!’. 마음의 짐을 꼭 끌어안고 있는 당신에게 마음 케어 전문가가 전해 주는 인생을 여유롭게 살아가게 해 주는 35가지 심리 솔루션.,https://image.aladin.co.kr/product/33525/81/cover500/k302939374_2.jpg, 코세코 노부유키 지음;호노유 그림;최우영 옮김, 생각의날개,2024
철학,내 삶을 지키는 바운더리,어떻게 살 것인가를 알려면 내가 “원하는 삶은 어떤 것인가?”를 알아야 한다. 이것은 곧 나 자신을 알아가는 것이다. ‘내 삶을 지키는 바운더리’는 타인이 규정하는 삶의 방식이 아닌 내가 원하는 삶의 방식을 찾아가는 여정이다.,https://image.aladin.co.kr/product/33466/54/cover500/k952938844_1.jpg, 쑤쉬안후이 지음;김진환 옮김, 시옷책방,2024
철학,자유의 폭력,자유의 이념과 폭력은 이 담론을 형성하는 중요한 하나의 주제일 수 있다. 미래의 시대정신이 요구할 자유는 그것의 최대화가 폭력의 최소화를 동반해야 한다는 요구에 부응해야만 한다. 이 요구에 맞추어 저자는 자유 담론을 재구성하고자 한다.,https://image.aladin.co.kr/product/30788/57/cover500/8964452631_1.jpg, 박구용 지음, 길,2022
철학,성공을 위한 내려놓기,지금의 나는 영원히 결과를 낼 수 없다고 항복하고 자신을 내려놓는 순간에 비로소 성공으로 가는 길이 열리게 된다. ’열심히‘의 저주에서 해방되어 진정으로 결과를 내는 사람으로 거듭나게 되는 것이다.,https://image.aladin.co.kr/product/33360/82/cover500/k332938901_1.jpg, 다카모리 유키 지음;원선미 옮김, 힘찬북스,2024
철학,어떻게 죽을 것인가,사람은 누구나 마지막 순간까지 존엄하고 인간답게 살다가 죽음을 맞이하고 싶어 한다. 이를 성취해 내기 위해서는 어떻게 해야 할까? 저자는 결국 죽을 수밖에 없다는 현실을 인정하는 데서부터 시작해야 한다고 말한다. 그 한계를 인정할 때 비로소 인간다운 마무리를 준비할 수 있다는 것이다.,https://image.aladin.co.kr/product/28908/80/cover500/896051909x_1.jpg, 아툴 가완디 지음;김희정 옮김, 부키,2018
철학,(조용헌의)내공,"서양의 처세술과 습관, 긍정을 강조하는 심리학, 자기계발서들이 주류를 이루는 가운데 이 책이 품고 있는 동양적 관점의 처세와 지혜는 독보적이다. ‘내공’이란 동양의 정서로서, 오랜 기간 수련을 통해 내면에 다져지는 힘과 기운을 뜻한다. 인내력, 집중력, 평점심 등이 그것이다.",https://image.aladin.co.kr/product/33359/75/cover500/k532938908_1.jpg, 조용헌 지음, 생각정원,2024
철학,삶이 당신보다 더 잘 안다,자기 삶을 스스로 구원하고자 하는 사람을 위한 해방의 책이다. 뉴욕타임스 베스트셀러 1위『상처받지 않는 영혼』마이클 싱어 15년 만의 역작이다.,https://image.aladin.co.kr/product/32733/82/cover500/k222936078_1.jpg, 마이클 A. 싱어 지음;이균형 옮김, 라이팅하우스,2023
철학,김경일 교수의 심리학 수업: 인간의 속마음을 들여다보는 일상의 과학,우리나라를 대표하는 인지심리학자 김경일 교수의 일상을 변화시키는 심리학 특강. 이 책은 불가사의한 인간의 마음을 들여다보고 탐구하는 심리학의 세계로 우리를 안내한다.,https://shopping-phinf.pstatic.net/main_4087822/40878224618.20230815081944.jpg, 김경일, 김영사,2024
철학,왜 너는 편하게 살고자 하는가,"지금까지 수많은 니체의 번역서가 나왔지만, 니체 철학이 지닌 독특함으로 그 뜻을 제대로 이해하기에는 한계가 있었다. 이 책을 읽는 독자들은 니체의 핵심 사상에 바로 접근할 수 있으며, 무수한 삶의 위기와 시행착오를 겪고 있는 현실에서 올바른 ‘삶의 방향’을 찾을 수 있을 것이다.",https://image.aladin.co.kr/product/33855/56/cover500/k282930206_1.jpg, 프리드리히 니체 지음 ;김요한 옮김, RISE(떠오름),2024
철학,쇼펜하우어 인생수업,"니체, 아인슈타인, 톨스토이 등 세계 거장들의 인생을 변화시킨 철학자 '쇼펜하우어'의 모든 지혜를 이 책에 담아냈다! 단언컨대 인생을 바꿔줄 단 한권의 책이다.",https://image.aladin.co.kr/product/33464/3/cover500/k082938849_1.jpg, 아르투어 쇼펜하우어 지음 ;김지민 엮음, 하이스트,2024
철학,오십 너머에도 천 개의 태양이 빛나고 있지,"정년퇴직 후 10년이 지난 지금도 방송과 강의, 글쓰기 등으로 활발히 활동하는 유인경 작가는 나이 들어 가는 것에 관한 책과 자료를 찾아보고, 주체적으로 자신의 인생을 살아가며 노년을 보내고 있는 선배와 어른들을 만나면서 그들이 금빛으로 반짝이는 최고의 시기를 만들어 가는 모습을 들여다보게 되었다.",https://image.aladin.co.kr/product/33855/98/cover500/k452930309_1.jpg, 유인경 지음, 테라코타,2024
철학,"김형석, 백 년의 지혜","“인생은 무엇을 남기고 가는가?” 궁극의 휴머니즘, 세상을 바꾸는 교육, 선한 개인을 위한 정치까지, 시대의 은사(恩師) 김형석이 시대의 청춘(靑春)에게 바치는 이야기.",https://image.aladin.co.kr/product/33837/64/cover500/k282930998_1.jpg, 김형석 지음, 21세기북스,2024
철학,"죽음이 물었다, 어떻게 살 거냐고","쇼펜하우어, 오스카 와일드, 반 고흐, 술탄 살라딘 등 세계적 현자들의 생애와 그들이 남긴 유언, 즉 삶의 마지막 문장을 엮은 이 책 『죽음이 물었다, 어떻게 살 거냐고』는 결국 우리 자신에게 돌아와 ‘나는 어떤 사람으로 살아갈 것인가, 그리고 어떤 태도로 삶을 대할 것인가’를 생각해보게 만드는 단초가 되어줄 것이다.",https://image.aladin.co.kr/product/33001/1/cover500/k482937770_1.jpg, 한스 할터 지음 ;한윤진 옮김, 포레스트북스,2023
철학,적당히 잊어버려도 좋은 나이입니다,"나이 들어 깜빡깜빡하는 일이 잦아지면 의기소침해지기 마련이다. ‘내가 벌써 이렇게 됐나’ 싶고, 지금부터라도 기억력을 향상시켜야 하는 건 아닌지 불안해진다. 그러나 도쿄의대 출신 노년내과 전문의이자 75세 현역 의사인 저자는 ‘잊는 힘’이야말로 인생 후반에 꼭 필요한 능력이라고 말한다.",https://shopping-phinf.pstatic.net/main_4854737/48547379621.20240620092144.jpg, 가마타 미노루 지음;지소연 옮김, 더퀘스트(길벗),2024
철학,당신을 소모시키는 모든 것을 차단하라,"첸시밍이 설립한 〈프랭클린 독서클럽〉의 블록버스터 신작이다. 1990년 중국 장시성의 가난한 가정에서 태어난 첸시밍은 어려운 환경에서도 독서의 힘으로 중국 10대 명문 대학 중 하나인 길림대학교를 졸업한 후, 가장 감명 깊게 읽었던 프랭클린 자서전의 이름을 빌려 인터넷에 독서클럽을 개설했다.",https://shopping-phinf.pstatic.net/main_4869488/48694880618.20240626093038.jpg, 푸수 지음;장려진 옮김, 더페이지(다빈치하우스),2024
철학,너에게 들려주는 단단한 말,"청소년을 위한 인생철학 에세이다. ‘나’라는 존재와 친구와의 관계, 공부와 성적, 꿈과 진로 등에 관한 고민이 커지는 청소년기는 인생이란 여정에서 어둡고 막막한 터널을 처음으로 마주하는 시기다. 어떤 생각을 키우고, 어떤 마음을 갖느냐에 따라 앞으로 펼쳐질 삶의 모양이 달라질 수도 있기에 저자는 단어 하나, 문장 하나에도 온 마음을 담았다.",https://shopping-phinf.pstatic.net/main_4882620/48826204648.20240702091412.jpg, 김종원 지음, 퍼스트펭귄,2024
철학,내 언어의 한계는 내 세계의 한계이다,"총 30권으로 구성될 인문학자 김종원이 지난 16년 동안 같은 텍스트를 접하면서도, 사람들의 변화가 제각각인 이유에 관해 사색한 답을 풀어놓은 《김종원의 세계철학전집》의 두 번째 책의 주인공은 ‘루트비히 비트겐슈타인’이다.",https://shopping-phinf.pstatic.net/main_4788206/47882067623.20240523071042.jpg, 김종원 지음, Mindset(바이포엠 스튜디오),2024
철학,(만화로 보는)3분 철학. 1: 서양 고대 철학편,지금까지 이런 철학 만화는 없었다! 철학의 기초 개념을 잡는 가장 쉬운 책이다. 만화로 3분이면 완벽하게 개념 잡는 서양철학사를 담았다.,https://shopping-phinf.pstatic.net/main_3248332/32483324050.20230725121403.jpg, 김재훈 글·그림;서정욱 글, 카시오페아,2021
철학,일상으로서의 명상,"과학에 근거한 명상의 작용 원리를 정리한 개론서이자, 명상 수련법을 다룬 사용자 친화적인 안내서다. 이 책에는 몸과 마음, 영혼을 치유하는 75가지의 간단한 명상이 소개되어 있다.",https://shopping-phinf.pstatic.net/main_4986115/49861158650.20240820084835.jpg, 앤 스완슨 지음;심태은 옮김, 시그마북스(시그마프레스),2024
철학,짧게 말해 줘,"구독자 23만 명 ‘더메시지랩’ 채널을 이끄는 유튜버이자, 이 시대가 받아들이고 이해할 수 있는 언어로 젊은 세대와 활발히 소통하는 저자가 모든 것이 불안한 청년에게 답이 되는 든든한 말을 들고 찾아왔다.",https://shopping-phinf.pstatic.net/main_4999279/49992797627.20240828092238.jpg, 조정민 지음, 위더북,2024
철학,무기력 디톡스,서울대병원 정신건강의학과 윤대현 교수는 무기력의 심각성이 개인이 해결할 수 있는 수준을 넘어섰다고 지적한다. 이에 현대인을 위한 무기력 매뉴얼을 전하고자 정신과 의사로서 30여 년간의 임상 경험과 연구를 집약하여 『무기력 디톡스』를 출간했다.,https://shopping-phinf.pstatic.net/main_5089837/50898373643.20241018092448.jpg, 윤대현 지음, 웅진지식하우스(웅진씽크빅),2024
철학,좋은 사람 되려다 쉬운 사람 되지 마라,"우리 보다 훨씬 앞선 시대에 살면서 주도권 확보를 위해 각축전을 벌였던 사람들의 사례를 다룬다. 2500년의 세월 속에서 만들어진 동양고전에는 위대한 성인과 영웅, 천재적인 참모들, 그리고 나름의 현명함으로 삶을 개척해 온 보통 사람들의 지혜가 가득하다.",https://shopping-phinf.pstatic.net/main_5044738/50447386624.20240924081042.jpg, 이남훈 지음, page2(페이지2),2024
철학,청소년 고민 상담소,"고등학교 아이들의 일상 고민과 그 고민에 대한 해결 방법을 정리한 결과물이다. 처음에 어색해하던 아이들도 하 나둘 자연스럽게 자신의 고민을 익명 쪽지로 적어나가고, 이 질문들이 모여 『청소년 고민 상담소』의 뼈대를 이루었다.",https://shopping-phinf.pstatic.net/main_4119546/41195469669.20230725120504.jpg, 권승호 지음, 지노,2023
철학,나를 찾는 심리 탐구서,"나에 대해 아는 것이 얼마나 중요한 일인지, 심리학 연구와 사례를 들어 중학생들에게 조목조목 설명해 주는 책이다. 내가 어떤 사람인지 아는 것, 나에게 어떤 장점이 있는지를 아는 것만으로 큰 힘을 낼 수 있다는 사실을 알려 주고, 자신을 스스로 탐색하도록 이끌어 준다.",https://shopping-phinf.pstatic.net/main_3245593/32455930052.20221228074643.jpg, 박진영 글;이고은 그림, 위즈덤하우스,2017
철학,나는 나를 지킵니다,"십 대들에게 모든 관계에는 저마다 건강한 거리가 있으며 서로의 경계를 존중할 때 나란히, 다정히 행복할 수 있다고 알려주는 책이다.",https://shopping-phinf.pstatic.net/main_4592340/45923405621.20240221090951.jpg, 박진영 지음;안난초 일러스트, 우리학교,2024
철학,시간 해방,"저자가 1억 달러 이상의 수익을 올리는 기업 SaaS 아카데미를 운영하고, 60개 이상의 신생 기업을 발굴·투자한 엔젤투자자로 일하며 얻은 경험에 경영 철학, 심리학 연구를 더해서 삶을 반전시키는 하나의 시간 습관으로 집약한 책이다.",https://shopping-phinf.pstatic.net/main_5024352/50243525624.20240910090232.jpg, 댄 마텔 지음;박영준 옮김, 흐름출판,2024
철학,타자의 추방,"타자가 있었던 시대는 지나갔다. 비밀로서의 타자, 유혹으로서의 타자, 에로스로서의 타자, 욕망으로서의 타자, 고통으로서의 타자가 사라진다. 오늘날 타자의 부정성은 같은 것의 긍정성에 밀려나고 있다. 같은 것의 창궐이 사회체를 덮치는 병리학적 변화들을 낳는다.",https://shopping-phinf.pstatic.net/main_3247213/32472131893.20230418164156.jpg, 한병철 지음;이재영 옮김, 문학과지성사,2017
철학,완벽이라는 중독,"런던 정경대의 스타 심리학자인 토머스 커런은 완벽주의에 관한 세계 최고의 전문가 중 한 명으로, 이 책에서 완벽주의가 왜 대두되는지, 그것이 우리 삶을 어떻게 혼란에 빠뜨리는지, 그리고 이를 막기 위해 개인과 사회가 무엇을 할 수 있는지를 성찰한다.",https://shopping-phinf.pstatic.net/main_5038272/50382724622.20240921071258.jpg, 토머스 커런 지음;김문주 옮김, 북라이프,2024
철학,걱정 다루기 연습,나를 집어삼킬 듯 밀려오는 걱정의 파도 앞에 속수무책으로 서본 적 있는가? 무서운 기세로 들이닥쳐서 나를 쓰러뜨리고 주변의 소중한 것들을 앗아가는 걱정의 파도를 어떻게 다룰 것인지 이야기하는 책 《걱정 다루기 연습》이 출간됐다.,https://shopping-phinf.pstatic.net/main_4850087/48500877619.20240618091419.jpg, 벤 엑슈타인 지음;김보미 옮김, 센시오,2024
철학,10대를 위한 꿈의 멘토 26인,"저마다 처한 상황과 자신의 꿈에 접근해 가는 방식은 달랐지만, 그들이 어떻게 새로운 생각을 하고 구체적인 실천을 통해 ‘그 생각을 어떻게 실현시켜 나갔는가?’ 하는 과정이 상세히 담겨 있어 그들 삶의 이야기를 따라가는 것만으로도 많은 영감을 줄 것이다.",https://shopping-phinf.pstatic.net/main_4684697/46846970620.20240404092906.jpg, 김옥림 지음, 미래문화사,2024
철학,"일상의 진리, 고전에서 배우다",고전이라고 해서 마냥 어렵게 다가가지 않았다. 낯설지 모를 단어의 뜻을 친절히 풀이할 뿐만 아니라 각 단어와 어우러지는 상황과 메시지를 풍부하게 수록했다. 옛 성어에 관심이 있는 독자들과 더불어 인생에 작은 나침반을 만들고 싶은 독자에게도 손색없는 길잡이가 되어줄 것이다.,https://shopping-phinf.pstatic.net/main_5116654/51166548620.20241102092037.jpg, 도승하 지음, 미다스북스,2024
철학,철학의 숲,십여 년간 초중학교와 대학교에서 수많은 학생을 가르친 철학 교육자인 저자는 영어와 수학 공부 이전에 ‘철학’이 먼저라고 거듭 강조한다. 실제로 여러 유럽 국가는 철학을 주요 과목으로 지정한다. 철학은 질문을 던져 ‘생각의 폭’을 넓혀주는 유일한 과목이기 때문이다.,https://shopping-phinf.pstatic.net/main_3247669/32476693089.20230711114815.jpg, 브렌던 오도너휴 지음;허성심 옮김, 포레스트북스,2020
철학,나는 왜 항상 당하기만 하는 걸까,"유독 인간관계가 힘든 사람들이 있다. 분명 멀쩡한데도 이유 없이 무시당하고, 상대에게 휘둘린다. 감성대디(성현규)는 다양한 사회 경험과 수십만 구독자들과의 소통을 통해 그 원인을 깨달았다. 사소한 말투와 태도만 바꿔도 사람들의 반응이 180도 달라진다는 것이다.",https://shopping-phinf.pstatic.net/main_5292129/52921299494.20250211084235.jpg, 감성대디(성현규) 지음, 모티브,2025
철학,(부와 행복을 끌어당기는)말의 알고리즘,"지금 삶이 불만족스럽다면 병든 말의 알고리즘을 갖고 있을 가능성이 크다. 부와 행복을 원한다면 이제부터는 건강한 말의 알고리즘을 선택해 보자. 책 《말의 알고리즘》에는 이를 위한 구체적이고 현실적인 솔루션들이 담겨 있다. 책에 수록된 방법들과 긍정의 말을 따라 하다 보면, 기분이 좋아지고, 능력이 향상되고, 건강해지며, 좋은 관계가 만들어지는 경험을 하게 될 것이다.",https://shopping-phinf.pstatic.net/main_3273412/32734128625.20230906071130.jpg," 고은미,김정호 지음", 한밤의책(스몰빅미디어),2022
철학,논리의 힘 지식의 격,"오랜 기간 논설위원으로 사회전반에서 벌어지는 첨예한 갈등에 대해 자신의 논리를 세우고 풀어가는 법에 대한 글을 써왔던 허원순 기자가 그간의 글을 모아 책을 펴냈다. 주요 시사이슈 56가지를 선별하여 ‘찬성-반대-생각하기’ 3단계 과정을 통해 전반적으로 문제를 바라보고, 그 안에서 나만의 논리를 찾는 법을 담았다.",https://shopping-phinf.pstatic.net/main_4589983/45899836619.20240220081714.jpg, 허원순 지음, 한국경제신문(한경BP),2024
철학,지금 무엇을 해야 하는가,가난한 어린 시절 유난히 똘똘했던 아이 칸트는 힘들게 철학 교수가 된 뒤 ‘쾨니히스베르크의 시계’라고 불릴 정도로 평생 자신이 정해 놓은 일과를 지키며 산 것으로 유명하다. 누구보다 곡절 많은 삶을 살았던 그가 흔들림 없이 자신의 길을 갈 수 있었던 건 바로 그의 루틴 덕분이었다. 이 책은 칸트의 철학적 사유를 현대인의 일상으로 가져와 적용해 보려는 시도에서 탄생했다.,https://shopping-phinf.pstatic.net/main_5254896/52548967699.20250121080318.jpg, 강지은 지음, 북다,2025
철학,웅크린 마음이 방 안에 있다,"상처 입은 마음을 안고 방 안에 숨어 든 우리 사회 고립·은둔 청년들을 조명하는 책이다. 김혜원 교수가 다양한 청년·청소년 문제를 상담해온 25년여의 시간, 그중에서도 고립·은둔 청년을 집중적으로 만나고 연구해온 10년의 경험과 통찰을 담아 내놓는 ‘청년 보고서’이다.",https://shopping-phinf.pstatic.net/main_5305974/53059742338.20250220071752.jpg, 김혜원 지음, 흐름출판,2025
철학,생각의 도약,"일본 대중들에게 ‘지(知)의 거인’이라 불리며 극찬을 받았던 도야마 시게히코 교수의 책이 한국에 출간되었다. 이 책은 ‘도쿄대 필독서’로 단단히 자리 잡아 40년 동안 ‘끈질기게’ 팔려나간 전설의 스테디셀러로, 일본뿐만 아니라 전 세계 250만 독자들의 사고방식을 변화시켰다.",https://shopping-phinf.pstatic.net/main_5257605/52576056697.20250121075753.jpg, 도야마 시게히코 지음;전경아 옮김, page2(페이지2),2025
철학,(뇌과학과 심리학으로 치유하는)마음의 기술,우리를 고통스럽게 하는 행동과 생각을 수정하고 강렬한 감정을 조절하는 방법을 안내하는 책이다. 그리고 그 방법은 누구나 쉽게 이해하고 적용할 수 있는 신경과학 기초 지식을 바탕으로 한다.,https://shopping-phinf.pstatic.net/main_5140336/51403367620.20241116072425.jpg," 안-엘렌 클레르,뱅상 트리부 지음;구영옥 옮김", 상상스퀘어,2024
철학,어른의 기분 관리법,"어른을 위한 구체적인 기분 관리법. 이 책에서는 이 시대를 살아가는 모든 어른을 위한 구체적인 지침을 제시한다. 우리가 모호하게 알고 있는 기쁨, 슬픔, 행복, 상실 모든 감정에 대해 저자의 경험담부터 전문가의 견해까지 담겨 읽기 쉬우면서도 독자 입장에서 일상 속에서 따라할 수 있게 내용이 구성되어 있다.",https://shopping-phinf.pstatic.net/main_4779552/47795524621.20240519070941.jpg, 손힘찬 외 지음, 어센딩,2024
철학,김태형의 교양 심리학,"‘싸우는 심리학자’로 유튜브 방송 등에서 대중의 뜨거운 사랑을 받고 있는 김태형 소장의 본격 심리학 강의! 이 책은 기존의 주류 심리학이 인간을 ‘머리에 컴퓨터를 단 똑똑한 동물’, 즉 기본적으로 생물학적인 존재로 바라보는 관점에 반대하며, ‘사회적 존재’로서의 진짜 인간을 탐구하는 새로운 심리학 개론서다.",https://shopping-phinf.pstatic.net/main_5324756/53247569823.20250228092315.jpg, 김태형 지음, 서해문집,2025
철학,(하루 한 뼘씩 성장하는)용기력 수업,"《당신의 속도로, 당신의 순간에, 날마다 용감해지기》개정판. 일상에서 용기 내는 법을 알려주는 책이다. 그렇다고 거창한 ‘영웅’ 같은 용기를 말하는 게 아니다. 매일매일의 일상에서 필요한 용기를 말한다.",https://shopping-phinf.pstatic.net/main_3246765/32467657782.20241213092127.jpg, 탄야 페터스 지음;박은결 옮김, 마인드큐브,2021
철학,동서양 철학 신박한 정리,"300만 밀리언셀러 저자 박영규가 당신의 생존력을 높이는 최소한의 철학 지식 《동서양 철학 신박한 정리》를 펴냈다. 시대와 인물을 아우르는 종합적인 관점으로 동서양의 주요 사상을 정립한 철학자의 생애는 물론 꼭 알아야 할 사상의 기본 개념과 대표 저작, 등장 배경을 간단명료하고 일목요연하게 압축했다.",https://dls2.edunet.net/DLS/api/homepage/holding/getCoverImage.do?prov_code=E10&neis_code=E100000276&bib_key=34206488849, 박영규 지음, 김영사,2025
철학,내 주변의 싸이코들,"11가지 성격장애 유형(반사회성 성격장애 진단을 내리기 위해 행동장애 진단을 받아야 하기 때문에, 지은이는 이 책에 행동장애를 개별적인 항목으로 다룬다)에 대해 시나리오와 일러스트로 각 성격장애의 전형을 보여준다.",https://dls2.edunet.net/DLS/api/homepage/holding/getCoverImage.do?prov_code=E10&neis_code=E100000276&bib_key=34206510670, 두에인 L. 도버트 지음;이윤혜 옮김, 황소걸음,2025
철학,나는 왜 마음 놓고 쉬지 못할까,"서울대학교 정신건강의학과 전문의 김은영 교수는 현대인이 경쟁이 심한 사회 분위기에 휩쓸려 사느라 쉬는 법을 잊었다고 진단한다. 이에 질 좋은 에너지를 충전하는 ‘진짜 휴식’ 방법을 제안하고자, 효과적인 휴식 방법을 체계적으로 집약한 책 《나는 왜 마음 놓고 쉬지 못할까》를 펴냈다.",https://dls2.edunet.net/DLS/api/homepage/holding/getCoverImage.do?prov_code=E10&neis_code=E100000276&bib_key=34206518651, 김은영 지음, 심심(푸른숲),2025
철학,니체 인생수업,"작고한 지 2세기가 지난 오늘날까지도 니체의 말들은 빛이 바래지기는 커녕 뛰어난 통찰력과 날카로움으로 우리를 매혹시키고 있다. 역사상 가장 위대한 철학자 중 하나로 꼽히는 프리드리히 니체의 글 가운데, 엄선하고 또 엄선한 66편의 명언을 담은 책이다.",https://dls2.edunet.net/DLS/api/homepage/holding/getCoverImage.do?prov_code=E10&neis_code=E100000276&bib_key=34206524582, 프리드리히 니체 저;김지민 엮음, Highest(하이스트그로우),2025
철학,위버멘쉬,"니체가 주장한 ‘초인(Übermensch)’의 철학을 현대적으로 풀어낸 책이다. 위버멘쉬란 기존의 도덕과 사회적 관습을 그대로 따르는 대신, 자신의 의지로 새로운 가치를 창조하며 스스로의 삶을 개척하는 존재를 의미한다.",https://dls2.edunet.net/DLS/api/homepage/holding/getCoverImage.do?prov_code=E10&neis_code=E100000276&bib_key=34206610288, 프리드리히 니체 지음;어나니머스 옮김, Rise(떠오름코퍼레이션),2025
철학,고전 명언 필사책,"어제의 나를 돌아보고, 지금 똑바로 가는지 오늘의 나와 자기 대화를 하고, 내일의 청사진과 더불어 좀 더 지혜롭게 살아갈 혜안을 열어주는 ‘필사형 고전 모음집’이다. 읽는 고전을 넘어, 직접 쓰고 자기 생각을 담아 되새기고 나아가 실천으로 연결하는 ‘실용 인문서’가 되어줄 것이다.",https://shopping-phinf.pstatic.net/main_5598591/55985916568.20250729091821.jpg, 강경희 지음, 정민미디어,2025
철학,프로이트의 감정수업,"우리가 매일 마주하는 54가지 일상 장면 속에서 감정을 움직이는 무의식의 법칙을 읽어낸다. 상처받은 자존감이 분노로, 결핍된 사랑이 집착으로, 숨겨둔 죄책감이 불안으로 바뀌는 이유 - 그 모든 흐름을 결정하는 건 보이지 않는 마음의 구조다.",https://shopping-phinf.pstatic.net/main_5744957/57449571037.20260331100447.jpg, 강이안 지음, 필로틱(라이프해킹),2025
철학,그대는 인생에서 무엇을 놓치고 있는가,"세종대왕은 완벽했기 때문에 위대한 인물이 아니었다. 그는 끊임없이 묻고, 듣고, 고치려 했기에 위대했다. 스스로를 성인이라 여기지 않았고, 언제나 자신의 부족함을 인정하며 더 나은 길을 찾고자 했다. 이 책은 바로 그 태도에서 출발한다.",https://shopping-phinf.pstatic.net/main_5916278/59162789134.20260331095013.jpg, 세종대왕 지음;이근오 엮음, 모티브,2026
철학,무례한 세상에서 나를 지키는 법,"철학자 쇼펜하우어와 니체가 인생의 스승으로 삼았던 마키아벨리스트, 발타자르 그라시안의 사상을 가장 날카롭게 정제한 조셉 제이콥스의 1892년 판본을 저본으로 삼았다. 95만 구독자의 삶을 변화시킨 ‘하와이 대저택’은 사전적 의미에 갇힌 죽은 언어는 모두 걷어내고, 소음이 가득한 2026년을 살아낼 독자들의 현실을 덧입혀 문장을 완벽하게 재탄생시켰다.",https://shopping-phinf.pstatic.net/main_5924960/59249608077.20260331124105.jpg, 발타사르 그라시안 지음;하와이 대저택 편역, 논픽션,2026
철학,모두에게 사랑받을 필요는 없다,"반세기 동안 전 세계 독자의 삶을 바꿔온 ‘자기 확신의 바이블’이 출간되었다. 《뉴욕 타임스》 베스트셀러 1위, 300만 부 이상 판매, 〈CNN〉, 《포브스》가 극찬한 스테디셀러 『모두에게 사랑받을 필요는 없다』는 지금도 시대를 넘어 읽히며 많은 이들에게 영향을 미치고 있다.",https://shopping-phinf.pstatic.net/main_5861707/58617070097.20260331102134.jpg, 웨인 다이어 지음;장원철 옮김, 북모먼트(책읽어주는남자),2026
철학,오늘 할 일을 내일로 미루는 너에게,"청소년들이 자기 통제력을 키울 수 있게 구성돼 있으며, 단편 에세이 형식이라서 읽는 재미도 크다. 저자는 직접 경험한 다양한 시행착오와 웃음 가득한 실수, 그리고 가슴 따뜻한 사람들로부터 받은 위로, 성공한 사람들의 피땀 눈물이 가득한 노력을 소개해 독자가 따라 하고 싶게 도전 욕구를 불러일으킨다.",https://shopping-phinf.pstatic.net/main_5584800/55848009744.20260331122326.jpg, 고정욱 지음;개박하 일러스트, 풀빛,2025
철학,다정함이 인격이다,"임상심리학에 몸담은 지 34년. 임상심리전문가로서 현장에서 수많은 내담자를 상담하며 인간 본성을 깊게 들여다본 저자는 개인의 관계, 가족과 가정을 넘어 사회에 만연한 폭력적이고 공격적인 갈등의 원인과 형태를 분석하고, 갈등 해결이 요원한 우리 사회에 ‘다정함’이 시급하게 처방되어야 한다고 강조한다.",https://shopping-phinf.pstatic.net/main_5253906/52539061080.20260331100154.jpg, 김선희 지음, 나무생각,2025
철학,물러서지 않는 마음,세상에서 지치고 마음이 흔들릴 때마다 나를 단단히 잡아주는 26명의 철학자들의 말들이 담겨 있다.,https://shopping-phinf.pstatic.net/main_3256652/32566523620.20260331123624.jpg, 이준형 지음, 빅피시,2022
철학,균형 잡힌 뇌,"『생각의 속임수』로 기억을, 『감정 연구』로 감정을 다룬 저자가 『균형 잡힌 뇌』로 3부작을 완결지었다. 저자 권택영은 영문학에서 출발해 정신분석학, 뇌과학까지 뻗어가며 연구를 수행해온 연구자다. 이번에 선보이는 『균형 잡힌 뇌』는 3부작의 대단원으로서 공감을 다루고 있다.",https://shopping-phinf.pstatic.net/main_5225497/52254972621.20260331111628.jpg, 권택영 지음, 글항아리,2024
철학,외우라고 했지만 왜?라고 했다,프랑스 바칼로레아 문제를 바탕으로 철학·문학·과학·사회 등 다양한 분야의 질문을 던지며 스스로 사고하고 표현하는 용기를 키우는 청소년 철학 토론서이다.,https://shopping-phinf.pstatic.net/main_5798134/57981348785.20260331102517.jpg, 배진시 지음, 탐구당,2026
철학,(나도 모르게 누군가에게 이야기하고 싶어지는)일상 속의 '철학'을 3시간 만에 배우는 책,철학을 활용하는 방법을 약 세 시간 안에 배울 수 있도록 가벼운 마음으로 읽는 교양서이다. 평범한 일상 속 에피소드. 여기에 여러분의 인생을 바꿀 열쇠가 담겨 있다.,https://shopping-phinf.pstatic.net/main_5807512/58075124403.20260331103820.jpg, 오가와 히토시 지음;한세희 옮김, 새로운 제안,2026
철학,1일 1단어 1분으로 끝내는 심리공부,중·고등 교과 연계 필수개념은 물론 뉴스와 신문에서 가려 뽑은 100개 단어를 중심으로 쉽고 빠르게 해당 주제의 필수지식을 익히도록 돕는 ‘1·1·1 시리즈’의 네 번째 책이다. 이 책을 읽고 나면 우리의 모든 행동에 ‘그냥’은 없다는 사실을 깨닫게 될 것이다.,https://shopping-phinf.pstatic.net/main_3818761/38187619622.20260331120004.jpg, 허용회 지음, 글담(글담출판사),2023
철학,바꿀 수 없는 것을 바꾸지 않을 용기,행복을 미루며 살아가는 사람들의 불안과 자기 의심을 다룬 심리 에세이다. 실제 상담 사례와 심리학 이론을 바탕으로 자기 수용과 현재의 삶에 집중하는 방법을 제시한다. 완벽하지 않아도 충분하다는 메시지를 차분히 전한다.,https://shopping-phinf.pstatic.net/main_5863132/58631320154.20260331101224.jpg, 천하이센 지음;박영란 옮김, 더페이지,2026
철학,"하루 한 줄, 나를 지키는 필사책","2025 서울국제도서전에서 선공개되어 화제를 모은 필사집 『하루 한 줄, 나를 지키는 필사책』이 정식 출간되었다. 감동적인 청소년문학의 문장들과 다채롭게 활용할 수 있는 구성으로 젊은 독자들의 전폭적인 지지를 받았다. 다가올 내일에 대한 불안을 덮고 꿈을 키워 갈 1020 세대, 입시, 취업 등의 목표를 향해 달려가는 시기에 있는 이들에게 특별한 힘이 되어 줄 책이다.",https://shopping-phinf.pstatic.net/main_5549815/55498154250.20260331103855.jpg, 구병모 외 지음, 창비,2025
철학,나를 믿기 시작하면 달라지는 것들,성공으로 가는 가장 확실한 방법은 애초에 실패가 불가능한 것처럼 행동하는 것이라 말한다. 전 세계 500만 명의 인생에 확신을 심어준 브라이언 트레이시가 자신감의 원리와 목표를 쓰고 잠재의식을 활용하는 실천 전략을 정리한 성공학 결정판이다.,https://shopping-phinf.pstatic.net/main_5896813/58968130681.20260331121907.jpg, 브라이언 트레이시 지음;김유미 옮김, 윌마,2026
철학,고전의 시작 서양철학,,/img/no_book.805feab5.png, 황광우 저, 생각학교,2015
철학,(청소년을 위한)철학교실,,/img/no_book.805feab5.png, 프랑크 바이어스되르퍼;크리스타 페펠만 [공]지음;권소영 옮김, 비씨스쿨,2008
철학,아들아 더 큰 세상을 꿈 꾸어라,,https://image.aladin.co.kr/product/103/18/cover500/8995584173_1.jpg, 필립 체스터필드 지음;김수혁 편역, 책이있는풍경,2010
철학,당신은 언제나 괜찮다,,https://dls2.edunet.net/DLS/api/homepage/holding/getCoverImage.do?prov_code=E10&neis_code=E100000276&bib_key=34206518390, 이현수 지음, 북파머스,2025
철학,넥스트 씽킹,,https://shopping-phinf.pstatic.net/main_5679885/56798851756.20250920092414.jpg, 솔 펄머터;존 캠벨;로버트 매쿤 [공]지음;노승영 옮김, 위즈덤하우스,2025
철학,관자. 2,,/img/no_book.805feab5.png, 관중 지음;신동준 올김, 올재클래식스,2019
철학,로크의 『인간지성론』 입문,서양 철학의 원전을 쉽게 이해할 수 있도록 명확하고 간결하게 해설한 리더스 가이드 시리즈 중 한 권으로 집필된 책이다. 로크 철학 연구의 최신 경향을 잘 반영하고 있는 이 책은 독자들이 『인간지성론』을 제대로 이해하는 데 꼭 필요한 입문서가 될 것이다.,https://image.aladin.co.kr/product/30496/69/cover500/8930610552_1.jpg, 윌리엄 우즈갈리스 지음;이재영 옮김, 서광사,2022
철학,철학자가 달린다,,/img/no_book.805feab5.png, 마크 롤랜즈 지음;강수희 옮김, 추수밭,2013
철학,집중력 상실의 시대,"알림과 정보의 홍수 속에서 무너진 집중력, 행복과 성과를 되찾는 방법을 제시한다. 전 세계 연구와 실험으로 입증된 몰입의 힘을 통해 하루를 충실하게 살아가는 습관을 안내한다.",https://shopping-phinf.pstatic.net/main_5690811/56908115126.20250926084231.jpg, 홋타 슈고 지음;정지영 옮김, 시옷책방,2025
철학,아인슈타인 시간여행을 떠난다,"미래의 어느 날, 쌍둥이 중 동생인 일석이는 우주론의 권위자인 아인슈타인 할아버지로부터 우주 여행을 제안 받는다. 평소 우주비행사가 꿈이었던 일석이는 '시간지연' 현상을 이용하여 쌍둥이 형과 1년의 나이 차이가 나도록 하는 3개월 예정의 우주비행에 지원한다.",https://image.aladin.co.kr/product/97/82/cover500/8995829826_1.jpg, 고중숙 지음, 디딤돌,2007
철학,인텔리전스,"<생각의 지도>의 저자 리처드 니스벳이 문화와 지능의 관계를 인종, 계층, 연령별 비교 사례를 통해 탐구한 독보적인 문화심리 연구서. 비교 문화 연구의 대가이자, 저명한 사회심리학자 리처드 니스벳은 지능이 생물학적 기원을 갖는다는 주장을 뒷받침하는 기존의 지능 연구들의 오류를 바로잡고, 심리학, 유전학, 신경과학의 최신 데이터들을 분석해 문화가 우리의 지능과 잠재력을 결정하는 핵심적인 요인임을 밝혀냈다.",https://image.aladin.co.kr/product/640/24/cover500/8934937211_1.jpg, 리처드 니스벳 지음;설선혜 옮김, 김영사,2010
철학,나를 내려놓으니 내가 좋아졌다 [큰글자 도서],나에게 만족하고 나를 사랑해야 비로소 내 마음에 행복이 찾아온다. 이 책에서는 자존감을 찾고 행복에 이르는 4단계를 제시한다. 지금 행복하지 않은 가장 큰 이유는 자신에게 너무 엄격하기 때문이다. 타인의 시선을 의식하고 남들의 기준에 맞춰 살아가려고 하기 때문이다.,https://image.aladin.co.kr/product/32993/23/cover500/k442936656_1.jpg, 네모토 히로유키 지음;최화연 옮김, 밀리언서재,2023
철학,인생이 바뀌는 고1의 시간,,https://shopping-phinf.pstatic.net/main_5881617/58816179949.20260205201941.jpg, 조형근 지음, 가나북스,2026
철학,하버드 새벽 4시 반,,/img/no_book.805feab5.png, 웨이슈잉 지음; 이정은 옮김, 라이스메이커,2015
철학,고전의 시작 동양철학,,/img/no_book.805feab5.png, 황광우 저, 생각학교,2015
철학,나는 왜 아무것도 하기 싫을까,,https://shopping-phinf.pstatic.net/main_5472458/54724585315.20250513093203.jpg, 배종빈 지음, 포레스트,2025
철학,노마의 발견. 4: 관찰하는 내가 좋다,"지난 20년간 어린이 철학 교육을 이끌어 온 '어린이철학교육연구소'가 어린이들에게 '철학적 환경'을 만들어 주자는 의도 하에 기획한 '노마의 발견' 시리즈 네번째 책. 가정에서, 학교에서, 놀며 공부하며 떠올리는 생각들이 바로 철학의 씨앗임을 깨우쳐 주는 철학의 기본 입문서로, 주위에서 일어나는 모든 일들을 조심스럽게 관찰하는 노마를 통해 어린이들은 총체적 통찰력이 무엇인가를 깨달을 수 있다.",https://image.aladin.co.kr/product/89/46/cover500/8973379046_2.jpg, 어린이철학교육연구소 지음;임정아 그림, 해냄주니어,2011
철학,마인드 리더 [큰글자 도서],,https://image.aladin.co.kr/product/32988/62/cover500/k382936556_1.jpg, 김윤경 지음, 미다스북스,2023
철학,(나를 지치게 하는것들과 작별하는) 심플라이프 [큰글자 도서],"옷방을 가득 채운 옷들에 숨 막히고, 거절하지 못하도록 만드는 인간관계, 아무렇지 않은 척하려고 묻어둔 감정들, 미련을 버리지 못하고 과거에 얽매인 생각들, 다 버리고 꼭 필요한 것만 남기는 순간 새로운 삶이 시작된다.",https://image.aladin.co.kr/product/32993/25/cover500/k592936656_1.jpg, 제시카 로즈 윌리엄스 지음 ;윤효원 옮김, 밀리언서재,2023
철학,(비교하는 삶에 지친 당신에게 필요한)타인에게 기대하지 않는 삶을 위한 안내서,,https://dls2.edunet.net/DLS/api/homepage/holding/getCoverImage.do?prov_code=E10&neis_code=E100000276&bib_key=34206487245, 외르크 베르나르디 지음;이덕임 옮김, 필름(Feelm),2025
철학,기억을 비울수록 뇌가 산다,,https://shopping-phinf.pstatic.net/main_5546614/55466149483.20250626103346.jpg, 이와다테 야스오 지음;곽현아 옮김, 이든서재,2025
철학,영향력은 어떻게 만들어지는가,"세계 최고의 심리학자들이 설계한 65가지 실험을 통해 인간관계 속 영향력의 정체를 낱낱이 밝혀낸다. 그 심리적 원리를 이해하고 활용하는 순간, 우리는 타인의 행동을 더 깊이 이해하고, 나아가 스스로 영향력을 행사할 수 있게 된다. 지금껏 발휘하지 못했던 영향력을 깨워라.",https://shopping-phinf.pstatic.net/main_5593772/55937723185.20250725092246.jpg, 구위안인 지음;송은진 옮김, 라의눈,2025
철학,나는 왜 사소한 일에 화가 날까?,"문자 하나에 폭발하는 이유를 분노의 총합이라는 관점에서 풀어간다. 억눌린 감정, 가까운 사람에게만 화를 내는 역설, 상처 주는 관계와의 거리 두기까지 상담 사례로 짚으며 분노를 없애지 않고 돌보는 법을 알려준다. 마음의 중심을 되찾는 심리 안내서다.",https://shopping-phinf.pstatic.net/main_5872248/58722485050.20260331104917.jpg, 인현진 지음, 독개비,2026
