book_type,book_name,book_desc,book_img_link,author,publisher,published_y
자연과학,"날씨를 마음대로, 기상조절",,https://image.aladin.co.kr/product/355/64/cover500/8934934107_1.jpg, 기상조절연구그룹 지음, 김영사,2009
자연과학,해양개발의 현재와 미래. 1,,https://image.aladin.co.kr/product/52/70/cover500/8944410208_1.jpg, 김웅서;강성현 엮음, 한국해양연구원,2005
자연과학,해양생물의 세계. 4,,https://image.aladin.co.kr/product/52/70/cover500/8944410143_1.jpg, 김웅서;제종길 엮음, 한국해양연구소,1998
자연과학,해양바이오. 9,,https://image.aladin.co.kr/product/54/18/cover500/8944410194_1.jpg, 이홍금;이유경 엮음, 한국해양연구원,2005
자연과학,산과 염기,"교사와 해당 분야의 연구자들과 과학동아, 어린이과학동아의 과학기자들이 함께 만든 '초등 과학뒤집기' 시리즈. 눈에 보이는 것부터 보이지 않는 것까지, 생활 속 가까운 곳에 자리잡고 있는 산과 염기를 통해 쉽고 재미있게 화학의 기본을 익히고, 생활 속에서 실천할 수 있는 산과 염기의 사용법을 배워본다.",https://image.aladin.co.kr/product/170/40/cover500/8958850825_1.jpg, 지재화 지음;장덕현 그림, 성우주니어,2009
자연과학,지층과 화석,,https://image.aladin.co.kr/product/213/16/cover500/895885085x_1.jpg, 박영희 지음;이국현 그림, 성우주니어,2009
자연과학,힘과 운동,선생님도 놀란 초등과학 뒤집기 시리즈 7권. 초등학교와 중학교의 과학 교과서 내용을 주제별로 엮은 어린이용 과학 안내서 시리즈이다. 7권에서는 물체의 속력과 여러 가지 운동에 대한 기본 개념을 알기 쉽게 설명한다.,https://image.aladin.co.kr/product/213/17/cover500/8958850876_1.jpg, 전다혜 지음;강준구 그림, 성우주니어,2009
자연과학,산화와 환원,,https://image.aladin.co.kr/product/213/19/cover500/8958850892_1.jpg, 배준우 지음;이국현 그림, 성우주니어,2009
자연과학,물,,https://image.aladin.co.kr/product/249/13/cover500/8958850949_1.jpg, 지재화 지음;정일문 그림, 성우주니어,2009
자연과학,상태의 변화,,https://image.aladin.co.kr/product/361/39/cover500/8958851015_1.jpg, 심민정 지음;이국현그림, 성우주니어,2009
자연과학,"날씨를 마음대로, 기상조절",,https://image.aladin.co.kr/product/355/64/cover500/8934934107_1.jpg, 기상조절연구그룹 지음, 김영사,2009
자연과학,뇌,,https://image.aladin.co.kr/product/370/96/cover500/8958851031_1.jpg, 조인영 지음;이국현 그림, 성우주니어,2009
자연과학,혈액,,https://image.aladin.co.kr/product/361/37/cover500/895885104x_1.jpg, 최은지 지음;이국현 그림, 성우주니어,2009
자연과학,식물,,https://image.aladin.co.kr/product/370/96/cover500/8958851058_1.jpg, 차민경 지음;이국현 그림, 성우주니어,2009
자연과학,인체와 질병,,https://image.aladin.co.kr/product/361/37/cover500/8958851074_1.jpg, 황성진 지음;강준구 그림, 성우주니어,2009
자연과학,에너지,,https://image.aladin.co.kr/product/361/37/cover500/8958851104_1.jpg, 조헌국 지음;강준구 그림, 성우주니어,2009
자연과학,장난꾸러기 돼지들의 화학피크닉,"음식, 약품, 생활용품--우리 주위의 모든 것이 화학의 지엄한 지배를 받고 있음을 이해하게 해주는 책. 아니, 숫제 '이해하라'고 강요까지 한다. 지은이는 우스꽝스러운 방식을 통하지 않고도 충분히 화학의 재미를 전달할 수 있다고 굳게 믿는 사람이다.",https://image.aladin.co.kr/product/36/76/cover500/8955611102_2.jpg, 조 슈워츠 지음;이은경 옮김, 바다출판사,2002
자연과학,한국인의 과학정신,,https://image.aladin.co.kr/product/15/87/cover500/5000158794_1.jpg, 박성래 지음, 평민사,1998
자연과학,퀴리부인은 무슨 비누를 썼을까?,"우리들에게 아주 친숙한 콜라, 초콜릿에서부터 요즘 부쩍 관심이 높아지고 있는 트랜스 지방은 물론 조금은 전문적이고 낯선 다이옥신이나 카드뮴에 이르기까지 우리 주변에 숨어 있는 다양한 화학물질들에 대해 이야기하고 있는 책.",https://image.aladin.co.kr/product/94/41/cover500/8985597124_1.jpg, 여인형 지음, 한승,2009
자연과학,(중학)수학 공식 7일 만에 끝내기,"중학교에서 배우는 수학의 내용을 100개의 공식과 정리로 정리한 수학학습서. 예제를 통해 쉽게 이해될 수 있도록 설명했다. 떠힌 모든 공식과 정리가 두 페이지의 내용으로 완벽하게 이해되며, 연습 문제를 통해 실력을 더 키울 수 있도록 구성했다. 아울러 꼭지들 사이에 귀여운 양순이, 양돌이를 주인공으로 한 만화를 넣어 보는 즐거움을 더했다.",https://image.aladin.co.kr/product/411/16/cover500/8952211502_1.jpg, 세오가즈히로 지음;박현석 옮김;NTOON 만화, 살림Math,2009
자연과학,21세기 과학의 포커스,"한국 과학의 메카인 서울대 자연과학대학 교수들이 청소년들을 위해 쉽고 재미있게 쓴 21세기 과학의 조감도이다. 과 이어지는 책으로, 1995년에 초판이 발행되었고 이번이 개정판이다.",https://image.aladin.co.kr/product/41/58/cover500/8971969571_1.jpg, 서울대학교자연과학대학교수20인 지음, 사계절,2011
자연과학,이기적 유전자,"2010년 전면개정판은 내용의 정확성과 독자의 가독성을 모두 높였다. 전문 연구자뿐만 아니라 일반 독자에게도 내용이 잘 전달되도록 문장을 간결하고 적확하게 가다듬어, 도킨스의 사상과 주장이 쉽게 전해지게 했다. 또 독자들의 폭넓은 이해를 위해서 풍부한 참고문헌과, 주요 개념어를 쉽게 찾을 수 있도록 일목요연하게 정리된 찾아보기를 영어 원문과 함께 제공한다.",https://image.aladin.co.kr/product/751/8/cover500/8932471630_1.jpg, 리처드 도킨스 지음;홍영남;이상임 [공]옮김, 을유문화사,2012
자연과학,파인만의 여섯가지 물리이야기,"칼텍(California Institute of Technology, 캘리포니아 공과대학)이 기획하고, 리처드 파인만이 출연하여 만들어진 강의록. 파인만의 화려한 연출력과 탁월한 실력으로 물리학을 쉽고 간단하게 이해할 수 있다.",https://image.aladin.co.kr/product/39/49/cover500/8988907418_2.jpg, 리처드 파인만 강의;폴 데이비스 서문;박병철 옮김, 승산,2011
자연과학,DNA,유전자 혁명의 역사를 다룬다. '생물학'에 문외한인 사람도 쉽게 읽게끔 쓰여진 이 책은 왓슨과 크릭의 이중 나선 발견 50주년을 기념하여 발간되었다. 유전학의 산 증인인 왓슨은 이 책에서 DNA가 자기정체성에 대한 지식을 어떻게 넓혀왔는지 소개한다.,https://image.aladin.co.kr/product/42/31/cover500/897291357x_1.gif, 제임스 D. 왓슨;앤드루 베리 지음;이한음 옮김, 까치글방,2010
자연과학,말하는 수학,"‘어떻게 배우느냐’가 아이의 미래에 커다란 영향을 미친다고 했다. 이 책은 ‘말하는 공부법’으로 수학을 배우면 얼마나 재미있고 흥미로운지, 수포자를 넘어 상위 0.1% 창의성 인재로 거듭날 수 있는지를 담은 지난 10년 동안의 유투엠과 학생들의 성장보고서이다.",https://image.aladin.co.kr/product/19452/80/cover500/k052635618_2.jpg," 양환주, 정철희 공저", 글로세움,2019
자연과학,우리 아이 수학 고수 만들기,"우리나라 사교육비의 30%는 수학에 쓰이고 있으며, 영어 다음으로 수학의 비중이 크다. 그런데 일반고 학생 중 50%가 수포(수학 포기)자라고 한다. 수학에 시간과 돈과 노력을 투자하고 있는데 결과는 좋지 않은 것이다.",https://image.aladin.co.kr/product/9522/79/cover500/k602535930_1.jpg, 정용호 지음, 행공신,2016
자연과학,수학없는 물리,,https://image.aladin.co.kr/product/855/45/cover500/8945040374_1.jpg, 폴 휴이트 지음(Paul G. Hewitt 원저);김인묵;박홍이;엄정인;정광호 [같이]옮김, 피어슨에듀케이션코리아,2010
자연과학,수학없는 물리,,https://image.aladin.co.kr/product/855/45/cover500/8945040374_1.jpg, 폴 휴이트 지음(Paul G. Hewitt 원저);김인묵;박홍이;엄정인;정광호 [같이]옮김, 피어슨에듀케이션코리아,2010
자연과학,수학없는 물리,,https://image.aladin.co.kr/product/855/45/cover500/8945040374_1.jpg, 폴 휴이트 지음(Paul G. Hewitt 원저);김인묵;박홍이;엄정인;정광호 [같이]옮김, 피어슨에듀케이션코리아,2010
자연과학,수학없는 물리,,https://image.aladin.co.kr/product/855/45/cover500/8945040374_1.jpg, 폴 휴이트 지음(Paul G. Hewitt 원저);김인묵;박홍이;엄정인;정광호 [같이]옮김, 피어슨에듀케이션코리아,2010
자연과학,21세기 과학의 포커스,"한국 과학의 메카인 서울대 자연과학대학 교수들이 청소년들을 위해 쉽고 재미있게 쓴 21세기 과학의 조감도이다. 과 이어지는 책으로, 1995년에 초판이 발행되었고 이번이 개정판이다.",https://image.aladin.co.kr/product/41/58/cover500/8971969571_1.jpg, 서울대학교자연과학대학교수20인 지음, 사계절,2011
자연과학,수학없는 물리,,https://image.aladin.co.kr/product/855/45/cover500/8945040374_1.jpg, 폴 휴이트 지음(Paul G. Hewitt 원저);김인묵;박홍이;엄정인;정광호 [같이]옮김, 피어슨에듀케이션코리아,2010
자연과학,수학없는 물리,,https://image.aladin.co.kr/product/855/45/cover500/8945040374_1.jpg, 폴 휴이트 지음(Paul G. Hewitt 원저);김인묵;박홍이;엄정인;정광호 [같이]옮김, 피어슨에듀케이션코리아,2010
자연과학,수학없는 물리,,https://image.aladin.co.kr/product/855/45/cover500/8945040374_1.jpg, 폴 휴이트 지음(Paul G. Hewitt 원저);김인묵;박홍이;엄정인;정광호 [같이]옮김, 피어슨에듀케이션코리아,2010
자연과학,떨림과 울림,"‘물리’라는 새로운 언어를 통해 우리 존재와 삶, 죽음의 문제부터 타자와의 관계, 세계에 관한 생각까지 새로운 틀에서 바라볼 수 있게 안내해주는 책이다.",https://image.aladin.co.kr/product/17299/89/cover500/8962622505_1.jpg, 김상욱 지음, 동아시아,2022
자연과학,물고기는 존재하지 않는다,집착에 가까울 만큼 자연계에 질서를 부여하려 했던 19세기 어느 과학자의 삶을 흥미롭게 좇아가는 이 책은 어느 순간 독자들을 혼돈의 한복판으로 데려가서 우리가 믿고 있던 삶의 질서에 관해 한 가지 의문을 제기한다. “물고기가 존재하지 않는다는 것은 엄연한 하나의 사실이다.,https://image.aladin.co.kr/product/28465/73/cover500/k092835920_2.jpg, 룰루 밀러 지음;정지인 옮김, 곰,2021
자연과학,물고기는 존재하지 않는다,집착에 가까울 만큼 자연계에 질서를 부여하려 했던 19세기 어느 과학자의 삶을 흥미롭게 좇아가는 이 책은 어느 순간 독자들을 혼돈의 한복판으로 데려가서 우리가 믿고 있던 삶의 질서에 관해 한 가지 의문을 제기한다. “물고기가 존재하지 않는다는 것은 엄연한 하나의 사실이다.,https://image.aladin.co.kr/product/28465/73/cover500/k092835920_2.jpg, 룰루 밀러 지음;정지인 옮김, 곰,2021
자연과학,사소해서 물어보지 못했지만 궁금했던 이야기. 2,"‘사물궁이 잡학지식’이 펴낸 과학 도서 “사소해서 물어보지 못했지만 궁금했던 이야기” 시리즈. 2권 역시 유튜브 사물궁이 잡학지식 채널에서 구독자들이 가장 궁금해하고, 많은 클릭을 끌어낸 주제 40개를 선정해 풍성한 그림과 함께 책 속에 오롯이 담았다.",https://image.aladin.co.kr/product/29130/2/cover500/8950900157_1.jpg, 사물궁이 잡학지식 지음, 아르테,2022
자연과학,놀라운 수의 세계,"이 책은 열 살짜리 주인공 필로가 고등학교 수학선생님이셨던 할아버지와 나누는 18편의 수학 이야기. 로또 복권에 당첨되는 방법, 외계인과 소통할 암호 만들기, 삼단논법을 써서 엄마에게 게임기 사달리기 등 수학의 원리를 실생활에 접목해 이해하고 활용하면서 보다 수학을 가깝게 접하도록 구성했다.",https://image.aladin.co.kr/product/67/51/cover500/8990048737_1.jpg, 안나 체라솔리 지음;박진아 옮김, 에코리브르,2007
자연과학,(기호와 공식이 없는) 수학카페,"최초의 수학자 탈레스에서 플라톤, 피타고라스, 유클리드에 이르는 서양 고대 수학의 탄생, 발전의 역사를 인류 문화사의 바탕에서 이야기한다. 청소년들을 상대로 수학이란 무엇인지, 잃어버린 수학의 본모습과 가치를 흥미롭게 보여주는 수학사 교양서이다.",https://image.aladin.co.kr/product/58/62/cover500/8958620668_1.jpg, 박영훈 지음, 휴머니스트,2007
자연과학,수학없는 물리,,https://image.aladin.co.kr/product/855/45/cover500/8945040374_1.jpg, 폴 휴이트 지음(Paul G. Hewitt 원저);김인묵;박홍이;엄정인;정광호 [같이]옮김, 피어슨에듀케이션코리아,2010
자연과학,코스모스,"칼 세이건의 특별판이 세이건의 서거 10주기를 기념하여 출간되었다. 이 특별판은 지난 2004년 12월에 출간된 (양장본)의 텍스트 전문과 도판 일부를 사용하고 판형을 휴대하기 쉬운 신국판으로 바꿔 출간한 책으로, 독자들이 좀 더 쉽게 칼 세이건의 메시지를 만날 수 있도록 배려한 책이다.",https://image.aladin.co.kr/product/87/9/cover500/s922637499_3.jpg, 칼 세이건 지음;홍승수 옮김, 사이언스북스,2014
자연과학,(과학교사 최원석의)과학은 놀이다,"플레이 사이언스 시리즈 1권. 미래창조과학부와 과학창의재단이 선정한 ‘올해의 과학교사’ 최원석과 함께하는 놀이 속 과학의 발견. 인류가 즐겨온 다양한 놀이들은 단순한 소일거리가 아니라, 그 속에 다양한 과학적 원리가 숨어 있다는 것이 저자의 말이다.",https://image.aladin.co.kr/product/4113/29/cover500/8958202726_1.jpg, 최원석 지음, 궁리,2014
자연과학,갈릴레오가 들려주는 별이야기,,https://image.aladin.co.kr/product/352/54/cover500/8961390228_1.jpg, 갈릴레오 갈릴레이 지음;앨버트 반 헬덴 해설;장헌영 옮김, 승산,2009
자연과학,수학이 살아있다,‘수학체험여행’의 핵심 활동 내용을 재구성한 스토리텔링 수학 체험 책이다. 이야기가 자연스럽게 전개되면서도 그 안에는 수학 학습 지도법의 정석이 고스란히 녹아들어 있다. 편하게 술술 읽히면서도 자연스럽게 올바른 수학 공부법을 익힐 수 있는 책이다.,https://image.aladin.co.kr/product/4068/86/cover500/8993642575_2.jpg, 최수일;박일 [공]지음;조경규 그림, 비아북(ViaBook),2014
자연과학,심슨가족에 숨겨진 수학의 비밀,『페르마의 마지막 정리』로 세계적 명성을 얻은 과학 저널리스트 사이먼 싱이 지은 유쾌한 수학책. [심슨 가족]이라는 애니메이션에 숨겨진 수학의 비밀을 찾는다는 제목은 다소 뜻밖이다. 심슨 가족과 수학은 잘 어울리는 것 같지 않다.,https://image.aladin.co.kr/product/4017/96/cover500/1195088337_1.jpg, 사이먼 싱 지음;한상연 옮김, 윤,2014
자연과학,거의 모든 것의 역사,"출간 당시 아마존닷컴 1위 도서. 모든 과학의 역사와 현재를 담고 있는 책이다. 과학지식 전반을 파악할 수 있다는 점, 어려운 도표나 수식이 없다는 점이 특색있다.",https://image.aladin.co.kr/product/10723/91/cover500/k972913642_1.jpg, 빌 브라이슨 지음;이덕환 옮김, 까치,2019
자연과학,수학은 아름다워. 2,"에 이은 고등학생을 위한 수학 교양서. 고교 교과과정에 나오는 집합, 항등원, 역원, 행렬, 함수, 변환(도형), 확률과 통계를 쉽고 재미있게 가르쳐 준다. 교과서와 수업이 미처 다루지 못하는 원리까지 상세히 알려 준다.",https://image.aladin.co.kr/product/8/47/cover500/8972975303_1.jpg," 육인선, 외 지음;박향미 그림", 동녘,2010
자연과학,생물의 죽살이,,https://image.aladin.co.kr/product/48/13/cover500/8978890946_1.gif, 권오길 지음, 지성사,2008
자연과학,생물의 죽살이,,https://image.aladin.co.kr/product/48/13/cover500/8978890946_1.gif, 권오길 지음, 지성사,2008
자연과학,136가지 과학이야기,"전국과학교사모임에서 중학생이 꼭 알아야 할 과학이야기를 136가지 질문을 통해 엮었다. '골프공은 왜 곰보일까?', '전기의자의 발명자는 누구일까?', '빌딩에 회전문을 설치하는 까닭' 등 누군가 갑자기 물어봤을 때 명쾌하게 대답할 수 없었던 과학상식을 쉽게 풀이해 놨다.",https://image.aladin.co.kr/product/50/91/cover500/8990932246_1.gif, 전국과학교사모임 엮음, 도리,2006
자연과학,(윤소영 선생님의) 생물 에세이,실생활과 직결된 생명과학의 본질을 알기 쉽게 설명하는 중고생을 위한 생물학 입문서. 모든 살아 있는 것은 태양이 지구에 보내는 우주 에너지를 근원으로 하는 영양분을 섭취하며 살아간다. 책은 이런 생명 현상의 공통점에서 출발해서 생물과 생명 현상에 대해 폭넓게 다룬다. 1991년에 나온 책을 15년 만에 손보고 다듬어 내놓은 개정판이다.,https://image.aladin.co.kr/product/7/46/cover500/8972974811_1.jpg, 윤소영 지음;박소정 그림, 동녘,2008
자연과학,파브르 곤충기,,https://image.aladin.co.kr/product/38/33/cover500/8931902980_1.jpg, 파브르 지음;박연정 그림;박종규 엮음, 지경사,2010
자연과학,신이 되고 싶은 컴퓨터,훌륭한 공상과학소설을 쓸 수 있고 또 그것이 읽힐 수 있다는 사실은 과학의 대중화가 일어났음을 보여주는 증거이다. 우리나라에도 드디어 그런 시대가 열리고 있다. 이한음의 SF추리 콩트들을 모아 엮은 <신이 되고 싶은 컴퓨터>가 바로 그것이다.,https://image.aladin.co.kr/product/18/97/cover500/8976162587_1.gif, 이한음 지음, 아카데미서적,1999
자연과학,"현실, 그 가슴 뛰는 마법","청소년에서 어른까지 모든 세대의 독자를 위해, 친절하고 유쾌한 과학해설가로 변신한 리처드 도킨스와 세계적인 그래픽노블 작가 데이브 매킨이 함께 들려주는 따뜻하고 생동감 넘치는 과학 이야기. 최소 원자에서 무한 우주까지 가슴 벅찬 현실의 세상을 보여주는 과학적 논증과 해설, 모든 페이지를 장식한 270여 장의 그림이 눈부시다.",https://image.aladin.co.kr/product/1657/9/cover500/8934956968_1.jpg, 리처드 도킨스 지음;데이브 매킨 그림;김명남 역, 김영사,2012
자연과학,친절한 수학 교과서. 1: 집합과 수,아이들 눈높이에서 친근감 넘치는 대화체로 수학의 원리와 기초 개념에 대해 설명한다. 수학과 관련된 역사적 에피소드나 실제 생활 속의 생생한 사례를 통해 수학의 '재미'와 '유용성'을 느끼게 했다.,https://image.aladin.co.kr/product/61/15/cover500/8985989901_1.jpg, 나숙자 지음;신상희 그림, 부키,2007
자연과학,자연은 왜 이런 선택을 했을까,"독일 아마존 자연과학 분야 베스트셀러. 독일 최고의 진화생물학자이자 프로이트 상 수상자 라이히홀프가 들려주는 진화의 놀라운 비밀. 저자는 이 책에서 51개의 다양한 의문을 던진다. 자연을 알고 자연을 사랑하고 끊임없이 자연의 비밀을 캐는 우리 시대의 진정한 ‘자연주의자’답게 그는 특정 주제에 국한되지 않고 생물학과 화학, 지리학, 의학, 생태학 등 다양한 분야를 거침없이 넘나들며 이 질문에 답을 한다.",https://image.aladin.co.kr/product/1468/95/cover500/8996537144_1.jpg, 요제프 H. 라이히홀프 지음;박병화 옮김, 이랑,2012
자연과학,위대한 설계,"미국 아마존 1위, 영국 아마존 2위, 뉴욕 타임스 북 리뷰 논픽션 1위. <위대한 설계>에서 21세기 최고의 '과학자'라고 '공인되는' 스티븐 호킹은 <시간의 역사>에서 제시했던 우주와 생명에 관한 궁극적인 질문에 대하여 거의 궁극적인 대답으로 답하고 있다. 이를 보통 사람들도 이해할 수 있도록 명쾌하고 이해하기 쉽도록 설명한다.",https://image.aladin.co.kr/product/781/85/cover500/8972914924_3.jpg, 스티븐 호킹;레오나르드 믈로디노프 [공]지음;전대호 옮김, 까치,2010
자연과학,친절한 수학 교과서. 2: 식과 함수,아이들 눈높이에서 친근감 넘치는 대화체로 수학의 원리와 기초 개념에 대해 설명한다. 수학과 관련된 역사적 에피소드나 실제 생활 속의 생생한 사례를 통해 수학의 '재미'와 '유용성'을 느끼게 했다.,https://image.aladin.co.kr/product/61/15/cover500/898598991x_1.jpg, 나숙자 지음;신상희 그림, 부키,2007
자연과학,(만화로 쉽게 배우는) 양자역학,초보들을 위한 양자역학 정복 길라잡이. 이 책은 양자역학에 대한 초보자들의 심리적 장벽을 극복을 돕고자 하는 목적에서 출간되었다. 따라서 양자역학의 구축에 얽힌 역사적 배경과 에피소드를 풍성하게 담아 초보자들이 보다 쉽게 양자역학을 이해할 수 있도록 하였다. 게다가 만화라는 강력한 그림풀이 수단으로 설명하고자 하는 대상과 물리과정을 보다 쉽게 파악할 수 있게 하였다.,https://image.aladin.co.kr/product/1559/60/cover500/8931575505_1.jpg, Ishikawa Kenji 지음;Hiiragi Yutaka 그림;이희천 옮김, BM성안당,2012
자연과학,생물의 다살이,자연계에 존재하는 갖가지 동식물들의 재미있는 생태를 소개하고 있다．저자가 자연과 생물에 보내고 있는 따뜻한 시선은 결국 우리들 삶으로 향하고 있다．한갓 미물의 생태에도 더불어 사는 지혜가 있듯이 우리 사람들도 도란도란 더불어 살았으면 하는 희망을 호소력 짙게 피력했다．...,https://image.aladin.co.kr/product/43/86/cover500/8978890903_2.jpg, 권오길 지음, 지성사,2009
자연과학,과학혁명의 구조,"과학은 완결된 것이 아니라, 시대에 따라 변하며, 때로는 근본적인 기준이 뒤집어지기도 한다. 그 변화의 사례를 되돌아보는 것은 과학자를 꿈꾸는 이들에겐 필수코스다. 쉬운 책은 아니지만 과감히 도전하길 권한다. - 한겨레",https://image.aladin.co.kr/product/23/17/cover500/8972912565_2.jpg, 토머스 S. 쿤 저;김명자 옮김, 까치,2007
자연과학,(공부의 신 도쿄대생이 쓴)머리가 좋아지는 수학교과서,"도쿄대생들인 공동 저자들은 직관력과 논리력, 탐구력의 3가지를 도쿄대생 두뇌의 정체라고 정의내리고 이 세가지 능력을 향상시키고 생활화하는 방법을 책 속에서 밝히고 있다. 구체적으로 사칙연산과 도형을 이용한 다양한 문제들을 풀어봄으로써 각각의 능력을 연마한 후 최종적으로 이 세가지 힘을 연계시키는 능력을 키우도록 유도한다.",https://image.aladin.co.kr/product/103/33/cover500/8960371661_1.jpg, 도쿄대학TNK프로젝트도쿄대선생 지음;어연재 옮김, 에듀박스,2008
자연과학,(과학 엔터테이너 최원석의)새빨간 과학,이 책은 9장에 걸쳐 이와 같이 과학적 성찰이 필요한 광고들을 살펴보고 중요한 문제들을 조목조목 짚어 본다. 생활 속에서 그저 무심히 받아들이고 적당히 믿어버리는 광고가 가진 허점과 그 진실을 과학자의 눈으로 반박하고 새로운 시각으로 다시 바라보게 만든다.,https://image.aladin.co.kr/product/91/39/cover500/8952206347_1.jpg, 최원석 지음;이부용 옮김, 살림,2008
자연과학,(말랑하고 쫀득한)과학 이야기,"과학적인 사고를 하기 시작한 고대부터 아인슈타인이 원자의 실체를 밝혀낸 근대까지를 조명하면서, 과학 이론이 어떤 배경에서 탄생했는지, 하나의 과학적 발견이 어떻게 다른 발견으로 이어졌는지를 일목요연하게 펼쳐 보인다.",https://image.aladin.co.kr/product/93/55/cover500/8971847239_1.jpg, 존 그리빈;메리 그리빈 지음, 푸른숲,2007
자연과학,(만화로 쉽게 배우는)상대성이론,"시간, 공간, 질량 개념을 뒤엎은 상대성 이론을 기초부터 찬찬히 정리한 책이다. 특히 전공자뿐 아니라 상대성 이론을 처음 접하는 학습자들이 쉽게 이해할 수 있도록 만화 스토리를 통해 상대성 이론을 설명하였다. 또한 이해하기 어려운 대목은 그림 설명으로 보충해 학습자들의 이해도를 높였다.",https://image.aladin.co.kr/product/486/4/cover500/8931574258_1.jpg, Masafumi Yamanoto 저;Keita Takatsu 그림;이도희 역, BM성안당,2009
자연과학,나는 기린 해부학자입니다,"기린에 빠져 있는 한 과학자가 있다. 바로 기린 박사, 군지 메구. 이 책은 기린을 유독 좋아했던 한 소녀가 18세에 평생 기린 연구자가 되겠다고 결심한 뒤, 염원하던 기린 박사가 될 때까지의 기록을 담은 한 여성 과학자의 생생한 탐구의 기록이자 치열한 성장기이다.",https://image.aladin.co.kr/product/25655/1/cover500/k482735141_1.jpg, 군지 메구 지음;이재화 옮김, 더숲,2020
자연과학,다정한 물리학,“아무것도 없는 상태에서 사과파이를 만들려면 먼저 우주를 만들어야 한다.” 다큐멘터리 <코스모스>에서 칼 세이건이 한 말이다. 이 책의 저자 해리 클리프는 이 말대로 궁극적인 사과파이 조리법을 알기 위해 우주의 기원을 밝히는 매혹적인 탐험을 떠난다.,https://image.aladin.co.kr/product/30046/93/cover500/k992839464_1.jpg, 해리 클리프 지음;박병철 옮김, 다산사이언스,2022
자연과학,물고기는 존재하지 않는다,집착에 가까울 만큼 자연계에 질서를 부여하려 했던 19세기 어느 과학자의 삶을 흥미롭게 좇아가는 이 책은 어느 순간 독자들을 혼돈의 한복판으로 데려가서 우리가 믿고 있던 삶의 질서에 관해 한 가지 의문을 제기한다. “물고기가 존재하지 않는다는 것은 엄연한 하나의 사실이다.,https://image.aladin.co.kr/product/28465/73/cover500/k092835920_2.jpg, 룰루 밀러 지음;정지인 옮김, 곰,2021
자연과학,우아한 우주,"세계적으로 주목받는 젊은 작가 엘라 프랜시스 샌더스의 신작. 재치 있는 일러스트와 함께, 우리가 살아가는 세계와 우주의 다양한 측면을 면밀히 살핀다. 어렴풋이 알고 있거나 모르고 지나쳐온 놀라운 과학적 현상을 작가 특유의 감성적인 필치로 세심하게 다룬다.",https://image.aladin.co.kr/product/28309/21/cover500/k592835703_1.jpg, 엘라 프랜시스 샌더스 지음;심채경 옮김, 프시케의숲,2021
자연과학,물리학 시트콤,"독일에 수학 신드롬을 일으킨 <수학 시트콤>의 저자, 최고의 과학 재담꾼 크리스토프 드뢰서가 이번에는 읽으면 읽을수록 뒷이야기가 궁금해지는 스토리텔링 물리학 책을 들고 나왔다. 허를 찌르는 유머와 드라마에서나 볼 법한 반전이 넘쳐난다.",https://image.aladin.co.kr/product/1938/68/cover500/8956056048_1.jpg, 크리스토프 드뢰서 지음;이우일 그림;정대호 옮김, 해나무,2012
자연과학,(수학 최고의 신비를 찾아)소수의 음악,"옥스퍼드 대학교의 수학과 교수이며, 왕립학회의 연구원이기도한 마르쿠스 듀 소토이의 수학 관련 저술. 수학사에서 최대 미스테리로 불리는 리만 가설과 관련된 수학자들의 열정적인 모습을 흥미진진한 역사의 풍경화로 그려낸다.",https://image.aladin.co.kr/product/89/36/cover500/8988907965_1.jpg, 마르쿠스 듀 소토이 지음;고중숙 옮김, 승산,2007
자연과학,따뜻한 기술,"인문학, 과학기술, 디자인, 의학, 로봇, 환경 등 다양한 분야에서 최고의 전문가로 활동하고 있는 23인의 필자들이 실제로 경험하고 생각한 ‘따뜻한 기술’의 아름다운 정수들을 소개하고 있다. 이전부터 있어 왔지만 우리가 미처 인식하지 못하던 것이다.",https://image.aladin.co.kr/product/1995/88/cover500/8992975783_1.jpg, 이인식;염재호, 고즈윈,2012
자연과학,"그런데요, 생태계가 뭐예요?",시원스러운 그림과 글로 초등학교 저학년 어린이에게 생태계에 관련된 지식을 재미있게 알려주는 학습서. 복잡한 생태계의 이야기를 간결하게 풀어간다. 인간을 포함한 모든 동물은 먹어야 살 수 있다. 먹이 사슬의 최상층에 인간 역시 이런 먹이 사슬의 일부다. 돌고 도는 생태계의 순환이 펼쳐진다.,https://image.aladin.co.kr/product/47/8/cover500/8990611121_2.jpg, 김성화;권수진 공글, 토토북,2004
자연과학,위대한 박물학자,"아리스토텔레스부터 찰스 다윈까지 다룬 이 책은 세계에서 가장 위대한 박물학자들의 삶과 발견, 그리고 빼어난 삽화들을 통해 박물학이 어떻게 생겨났는지 보여 준다. 이 책에 등장하는 40명의 학자들의 업적을 읽다보면 어떤 사람에 의해, 어떤 과정을 거쳐 생태계의 종들이 분류되고 정리되었는지를 한눈에 파악할 수 있을 것이다.",https://image.aladin.co.kr/product/445/26/cover500/8950918676_1.jpg, 로버트 헉슬리 엮음;곽명단 옮김, 21세기북스,2009
자연과학,세상에서 가장 놀라운 생물들,"가장 아프게 쏘는 동물, 가장 지독한 냄새를 풍기는 식물, 가장 흡착력이 강한 동물, 가장 잠을 많이 자는 동물, 가장 납작한 동물, 가장 예술적인 구혼자...이 책에는 다종다양한 능력에 최상급 '가장'이라는 수식어를 붙인 150여가지의 동물들과 식물들이 등장한다.",https://image.aladin.co.kr/product/443/92/cover500/8958201649_1.jpg, 마크 카워다인 지음;윤길순 옮김, 궁리,2009
자연과학,과학인문학,"‘과학에세이’ 시리즈 제2탄. 첫 시집 <과속방지턱을 베고 눕다>로 ‘상대성이론’ ‘E=mc2’ 등 전문적인 과학 개념이나 이론을 시라는 형식을 빌어 표현해 주목을 받은 김병호 시인이 펴낸 과학에세이집이다. 저자는 일상의 다양한 에피소드를 통해 물리학의 기초 개념을 설명한다. 주목할 만한 것은 그 에피소드에서 ‘삶의 속성’을 일반화하고, 그 결과물을 과학 현상에 비유해서 설명한다는 것이다. 즉, 이 책은 에피소드에서 한 단계 더 들어간 ‘삶의 원리’ 대 ‘과학의 원리’의 만남을 주선한다.",https://image.aladin.co.kr/product/640/26/cover500/8993905169_1.jpg, 김병호 지음, 글항아리,2010
자연과학,진화의 미스터리,"'사이언스 마스터스' 시리즈의 제 17권. <진화의 미스터리>는 조지 윌리엄스의 사상을 오롯이 담은 책으로, 자연 선택이 인간을 포함한 생명체의 진화에 미치는 힘뿐만 아니라 생물학을 넘어 현대 인류의 삶 전반에 걸쳐 사회적, 의학적, 철학적으로 갖는 의미를 되새기게 한다.",https://image.aladin.co.kr/product/435/94/cover500/8983719575_1.jpg, 조지 윌리엄스 지음;이명희 옮김, 사이언스북스,2009
자연과학,100년의 난제 푸앵카레 추측은 어떻게 풀렸을까?,"<100년의 난제 푸앵카레 추측은 어떻게 풀렸을까?>는 본래 일본 NHK에서 방영된 다큐멘터리로 저자 가스가 마사히토는 이 작품의 프로듀서를 맡았다. 그는 푸앵카레 추측 해결의 궤적을 찾아 푸앵카레의 고향인 프랑스 낭시와 페렐만 박사가 은둔하고 있는 러시아 상트페테르부르크, 미국의 프린스턴 대학교와 UC버클리 등을 일주하며 푸앵카레 추측이라는 괴물에 도전한 수학자들의 순수한 열정과 고통이 만들어 낸 장대한 드라마를 추적하였다.",https://image.aladin.co.kr/product/440/52/cover500/8952212185_1.jpg, 가스가마사히토 지음;이수경 옮김, 살림Math,2010
자연과학,이상한 수학책,"수학을 다루고 있지만 수학 문제나 해설은 단 하나도 나오지 않는 ‘이상한’ 수학책이다. 작가는 수학 문제와 풀이를 나열하는 대신 수학의 진정한 핵심, 수학 ‘개념’에 초점을 맞춰 이야기를 풀어 나간다. 우리가 당연하게 받아들이는 현실 속에 당연하지 않게 숨어 있는 수학 개념을 하나하나 보여 준다.",https://image.aladin.co.kr/product/23527/98/cover500/k192638604_1.jpg, 벤 올린 지음;김성훈 옮김, 북라이프,2020
자연과학,쓸모없는 것들이 우리를 구할 거야,서울대 생명과학 박사 김준이 들려주는‘생물 덕후’ 과학자들의 24시간 연구실 일상과 생명과학계의 치열하고도 유쾌한 이야기들을 엮은 책. 어려워만 보이는 생명과학의 흥미로운 지식 정보들을 이해하기 쉽게 설명해주는 이야기들도 함께 담았다.,https://image.aladin.co.kr/product/27332/18/cover500/8901251132_1.jpg, 김준 지음, 웅진지식하우스,2021
자연과학,(숨 쉬고 운동하는)식물의 생활. 10,,https://image.aladin.co.kr/product/102/29/cover500/8991215807_1.jpg, 정완상 지음, 이치,2007
자연과학,있다면? 없다면!,"청소년 과학서의 베스트셀러 '정재승의 과학 콘서트' 후속작 출간! 개가 불을 뿜으면 생태계가 어떻게 변하게 될까, 사람 얼굴이 음각이면 세계는 어떻게 바뀔까 등, 기발하고 황당한 상상력을 과학적 추론으로 풀어냈다. 유머 있는 일러스트와 글쓰기를 통해 청소년들이 즐기면서 배울 수 있다.",https://image.aladin.co.kr/product/221/81/cover500/8971847751_1.jpg, 꿈꾸는과학;정재승 지음;정훈이 그림, 푸른숲,2008
자연과학,(무한실험)화학,과학의 네 분야 별로 다양하고 흥미로운 실험을 통해 이론을 밝히는 학습 만화이다. 과학은 이론도 중요하지만 그러한 이론 혹은 법칙이 정립되기까지 그것을 도출해낸 실험도 과학을 떠받치는 중요한 영역이다. 여기서는 제시된 실험을 만화로 재연하여 교과 과정의 이해를 돕는다.,https://image.aladin.co.kr/product/101/32/cover500/8990431832_1.jpg, 최원호 지음;강준구 그림, 숨비소리,2007
자연과학,(이 정도는 알아야 하는)최소한의 과학,최소한의 지식 시리즈. 과학기술이 중요해진 시대에 과학을 탐구하고 싶지만 ‘문송문송’하여 어디서부터 시작해야 할지 모르는 인문사회계 학생들을 위해 가장 기본적인 이론과 쟁점 이슈들을 모았다.,https://image.aladin.co.kr/product/11343/22/cover500/s462534650_1.jpg, 박재환 지음, 꿈결,2017
자연과학,야밤의 공대생 만화,"여태까지의 과학만화와 다르다. 재미와 과학, 둘 다 놓치지 않으려는 노력의 산물이다. 자라나는 새싹들에게 ‘노잼’ 과학만화를 읽혀서 어린 시절부터 트라우마를 겪고 ‘과알못’의 길을 걷지 않도록, 서울대 공대생이 직접 구상하고 글과 그림까지 혼자 그렸다.",https://image.aladin.co.kr/product/10044/20/cover500/8964620879_1.jpg, 맹기완 지음, 뿌리와이파리,2017
자연과학,(만화로 아주 쉽게 배우는)통계학,스토리가 있는 만화를 이용해 비즈니스에 초점을 맞추었고 통계학을 실제 비즈니스에 활용한다는 줄거리를 따라간다. 비즈니스 내용도 상가를 재건한다는 일상적이고 현실적인 소재를 다룬다. 또한 어려운 수학 내용을 도표로 표현했다. 책장을 넘겨보면 알겠지만 통계학 수식을 다양한 도표를 이용하여 설명했다.,https://image.aladin.co.kr/product/13004/4/cover500/8965022819_1.jpg, 고지마 히로유키 지음;나기사와 나오 그림;오시연 옮김, 지상사,2018
자연과학,매드 사이언스 북,"1304년 이후 700년간의 111가지 ‘미친’ 실험으로 즐기는 이색적이고 독특한 과학사책이다. 이 책의 실험들을 관통하는 ‘미친’의 의미는 다양한 실험들만큼이나 폭넓은 것이지만, 결국은 ‘미쳐야 미친다’는 말 그대로, 세상과 인생의 비밀을 탐구하는 인간의 열정과 광기로 ‘미쳐서 미친’ 실험들이라는 공통분모로 모아진다.",https://image.aladin.co.kr/product/277/27/cover500/8990024854_1.jpg, 레토 슈나이더 지음;이정모 옮김, 뿌리와이파리,2008
자연과학,수학과 음악,"수학과 음악 사이에 어떤 연관성이 있는지, 각 활동의 속성이 지닌 심오한 특성이 무엇인지 설명한 책. 수학과 음악을 비교하면서 제기하는 가설이 흥미롭다. 이 책은 고교 졸업후 수학을 공부한 적 없고, 악보를 본 적 없는 대다수의 독자들을 위해 씌어졌다.",https://image.aladin.co.kr/product/38/44/cover500/8972825670_1.gif, 에드워드 로스스타인 지음;장석훈 옮김, 경문사,2002
자연과학,"(교실 밖에서 발견하는 수학의 원리)디스커버리 수학. 2: 자동차 경주에서 우승하기, 날아라! 점보제트","'디스커버리 수학' 시리즈. 어린이들에게 수학의 재미를 찾아주고, 수학적 사고력과 실생활 활용 능력을 키워 주는 외국 수학책이다. 영국 Ticktock사에서 12권으로 발간한 'Using Maths' 시리즈를 2권씩 묶어 총 6권으로 펴냈다. 흥미진진한 실제 상황 이야기를 통해 사고력을 키우도록 하였다.",https://image.aladin.co.kr/product/280/46/cover500/8950915901_1.jpg, 웬디 클렘슨;데이비드 클렘슨 외 지음, 아울북,2008
자연과학,(온도와 상태를 변화시키는)열. 05,,https://image.aladin.co.kr/product/102/29/cover500/8991215750_1.jpg, 정완상 지음, 이치,2007
자연과학,"(이만근과 함께하는)현대수학,... 그 설레임으로의 여행",,https://image.aladin.co.kr/product/50/18/cover500/8987799166_1.gif, 이만근 지음, 수학사랑,2004
자연과학,상대성 이론이란 무엇인가,독자들이 블랙홀로 여행할 때 겪게 될 놀라운 현상들을 묘사하면서 아인슈타인의 상대성 이론들을 재미있게 소개하고 있다. 풍부한 그림과 명확하고 쉬운 글로 쓴 제프리 베네트의 책은 누구나 아인슈타인의 이론을 쉽게 이해할 수 있음을 증명해냈다.,https://image.aladin.co.kr/product/30338/95/cover500/k462839346_1.jpg, 제프리 베네트 지음;이유경 옮김, 처음북스,2022
자연과학,"수학 속의 역사, 역사 속의 수학",,https://image.aladin.co.kr/product/13884/25/cover500/k072532428_1.jpg," 나카무라 시게루,무로이 카즈오 지음;전재복 옮김", 북스힐,2018
자연과학,(알기쉬운) 전기자기학,,https://image.aladin.co.kr/product/10154/86/cover500/k372536578_1.jpg, 김창환;박기식 [공]지음, 복두출판사,2017
자연과학,평행우주,"현대 우주론의 정점에 서 있는 개념 중 하나인 평행우주를 쉽고 자세히 설명해준다. 우주론에 대한 기초적 지식과 함께 11단계에 걸친 우주 탈출 계획을 보여줌으로써 등의 영화에 나오는 시간여행이 어떻게 가능한지를 알려준다. 첨단장비를 통해 얻은 연구 데이터와 SF소설, 영화 등을 동원하여 최신 우주론의 현장을 보여준다.",https://image.aladin.co.kr/product/63/31/cover500/8934921072_2.jpg, 미치오 카쿠 지음;박병철 옮김, 김영사,2012
자연과학,위험한 과학책,"출간 즉시 아마존, 뉴욕타임스 30주 연속 베스트셀러! 미국 최고의 사이언스 웹툰 ‘xkcd’의 작가 랜들 먼로는 정말 궁금했지만 그 누구도 대답해 주지 않았던 이 기상천외한 질문들에 대한 해답을 찾기 위해 온갖 방법을 총동원한다.",https://image.aladin.co.kr/product/5683/69/cover500/8952773322_2.jpg, 랜들 먼로 지음;이지연 옮김, 시공사,2015
자연과학,원소 주기율표,"원소 주기율표에는 놀라운 정보가 담겨 있다. 지금까지 발견된 원소들이 각각의 특징에 따라 규칙적으로 배열되어 있을 뿐만 아니라, 그 정확한 패턴을 토대로 아직 발견되지 않은 원소의 특징까지 파악할 수 있는 정보를 제공한다.",https://image.aladin.co.kr/product/22016/51/cover500/k222636811_1.jpg, 제임스 러셀 지음;고은주 옮김, 키출판사,2019
자연과학,(하버드 수학 박사의)슬기로운 수학 생활,"막대기 몇 개로 복잡한 곱셈을 단숨에 처리하는 데서부터 명쾌하게 나누어떨어지는 수를 찾고 가장 우아한 방식으로 제곱근을 구하기에 이르기까지, 《하버드 수학 박사의 슬기로운 수학 생활》은 학교에서는 들어본 적 없는 기상천외한 계산 방법을 알려주며 수포자들이 일상에서도 수학을 쉽게 활용할 수 있도록 안내한다.",https://image.aladin.co.kr/product/24036/17/cover500/k312639513_1.jpg, 크리스티안 헤세 지음;장윤경 옮김, 추수밭,2020
자연과학,어쩌다 과학,"오늘날의 과알못을 위한 교양 코믹툰. 책에 담긴 열일곱 꼭지에는 상대성이론, 파동, 엔트로피, 전자기법칙, 우주/블랙홀, 인공지능처럼 현대인이라면 조금은 알고 있어야 할 개념들을 포함해 온도, 호흡, 혈액, 광합성, 감각, 에너지처럼 일상적 경험과 밀접한 과학적 소재들이 담겨 있다.",https://image.aladin.co.kr/product/26553/36/cover500/k842738938_1.jpg," 지이,태복 지음", 더퀘스트,2021
자연과학,"(교실 밖에서 발견하는 수학의 원리)디스커버리 수학. 5: 화성 탐사, 체험! 종합병원 응급실","'디스커버리 수학' 시리즈. 어린이들에게 수학의 재미를 찾아주고, 수학적 사고력과 실생활 활용 능력을 키워 주는 외국 수학책이다. 영국 Ticktock사에서 12권으로 발간한 'Using Maths' 시리즈를 2권씩 묶어 총 6권으로 펴냈다. 흥미진진한 실제 상황 이야기를 통해 사고력을 키우도록 하였다.",https://image.aladin.co.kr/product/280/46/cover500/8950915936_1.jpg, 힐러리 콜;스티브 밀스 외 지음, 아울북,2008
자연과학,1분 과학,"구독자 수 70만 명, 총 조회 수 6천만 회를 넘어선 과학 채널 ‘1분과학’의 대표 에피소드를 만화로 풀어냈다. 지식을 전달하는 것을 넘어 과학이 얼마나 재미있고 중요한지를 느끼게 하는 흥미진진한 과학 스토리텔링을 책 한 권에 담았다.",https://image.aladin.co.kr/product/25057/26/cover500/k492632758_2.jpg, 이재범 지음;최준석 그림, 위즈덤하우스,2020
자연과학,1분 과학,"구독자 수 70만 명, 총 조회 수 6천만 회를 넘어선 과학 채널 ‘1분과학’의 대표 에피소드를 만화로 풀어냈다. 지식을 전달하는 것을 넘어 과학이 얼마나 재미있고 중요한지를 느끼게 하는 흥미진진한 과학 스토리텔링을 책 한 권에 담았다.",https://image.aladin.co.kr/product/25057/26/cover500/k492632758_2.jpg, 이재범 지음;최준석 그림, 위즈덤하우스,2020
자연과학,(과학선생님도 궁금한)101가지 과학질문사전,"2010년 출간된 <과학 선생님도 궁금한 101가지 과학질문사전>의 개정판으로, 중.고등학교 과학 선생님들이 학생들의 엉뚱하고 기발한, 그러면서도 중.고등 과학 교과서를 꿰뚫는 질문들을 모아 펴낸 책이다.",https://image.aladin.co.kr/product/11512/67/cover500/8963192407_1.jpg, 의정부과학교사모임 글;곽윤환 그림, 북멘토,2017
자연과학,범죄 수학. 2,수학에 대한 열정을 불러일으키는 범죄 수학 2탄. 카타리나 오버마이어는 수학의 개념과 원리를 재미있고 쉽게 소개하고 싶어 했다. 수학을 추리소설로 풀어 재미있게 소개하고 있다. 또한 독특하게 구성되어 있다.,https://image.aladin.co.kr/product/2842/1/cover500/8959793000_1.jpg, 카타리나 오버마이어 지음;강희진 옮김, Gbrain(작은책방),2013
자연과학,"진정일 교수, 詩에게 과학을 묻다",시와 과학. 인문학적 감성과 자연과학적 냉철함의 조합이 가능할까? 저자는 가능하면 아름답고 서정적인 시를 선택하려고 노력했다. 과학 용어가 들어 있는 시라야 했기 때문에 제약도 많이 느꼈다. 따라서 좀 딱딱하다고 느끼는 현대시도 일부 포함시켰다.,https://image.aladin.co.kr/product/1863/83/cover500/8958202408_1.jpg, 진정일 지음, 궁리,2012
자연과학,오늘의 지구를 말씀드리겠습니다,"그동안 과학 교사로 근무하며 '가치를꿈꾸는과학교사모임'과 '(구)에너지대안센터'와 '시민과학센터'에서 활동한 김추령 선생이 기후 변화 시대에 살아가는 우리의 이야기를 과학으로 설명한 책이다. 저자는 점점 더워지는 지구의 오늘, 그 속에서 모든 것이 서로 연결되어 영향을 주고 받으면 존재하는 자연과 사람들의 역학관계를 설명한다.",https://image.aladin.co.kr/product/1751/77/cover500/8963720624_2.jpg, 김추령 지음, 양철북,2012
자연과학,(재밌어서 밤새읽는) 수학 이야기,일상에서 만나는 다양한 소재들을 바탕으로 수학을 좀 더 친근하게 느끼고 수학공부를 재미있고 즐겁게 배울 수 있는 책이다. 이 책의 저자는 ‘재밌는 수학’ ‘경이로움과 감동을 전하는 수학’ 강연으로 잘 알려져 있는 명강사이자 베스트셀러 작가이다.,https://image.aladin.co.kr/product/2551/74/cover500/8994418539_1.jpg, 사쿠라이 스스무 지음;조미량 옮김, 더숲,2013
자연과학,생생 과학이슈 21,"초등학생부터 중학생, 고등학생은 물론 일반인들까지 누구나 쉽게 읽을 수 있는 과학 상식에 관한 책이다. 일상생활 속에서 흔히 접하게 되는 사회적 이슈들의 과학적 배경을 쉽고 재미있게 이야기하고 있으며, 고등학생을 위한 논술 주제 포인트도 제시하고 있다.",https://image.aladin.co.kr/product/2671/41/cover500/8996837245_1.jpg, 김정선;하경자;하윤경 [공] 지음, 엘컴퍼니,2013
자연과학,과학 잡학사전,"어른, 아이 모두 배울 수 있는 ‘사물의 원리’에 관한 과학. 가전제품에서 첨단기기, 친근한 가정용품에 이르기까지 우리가 평소 자주 사용하는 물건에서 의아하게 생각했던 소박한 과학적 의문점들을 그림을 이용해 쉽고 재미있게 설명하고 있다.",https://image.aladin.co.kr/product/2996/51/cover500/899771208x_1.jpg, 와쿠이 요시유키 외 지음;송은애 옮김, 어젠다,2013
자연과학,열두 발자국,"<과학콘서트> <알쓸신잡>의 정재승 교수가 지난 10년 간 저자의 강연 중 가장 많은 호응을 받았던 12개의 강연을 선별하여 다시 집필하고 묶은 것이다. 더 나은 선택, 더 나은 미래를 위해 고군분투하고 있는 청춘들과 이 땅의 리더들에게 주는 뇌과학의 지혜와 통찰이 가득하다.",https://image.aladin.co.kr/product/15072/28/cover500/k072533160_2.jpg, 정재승 지음, 어크로스,2018
자연과학,쇼미더사이언스,"청소년에게 과학의 꿈을 심어주기 위해 기획된 과학 강연회 ‘10월의 하늘’의 재미있는 강연을 책으로 엮었다. 뇌과학자부터 게임학 박사, 자동차 전문 기자, IT 전문가, 그 밖의 다양한 분야의 과학자들이 흥미로운 과학 이야기를 선보인다.",https://image.aladin.co.kr/product/9576/82/cover500/k852535337_1.jpg, 정재승 외 지음, 청어람미디어,2016
자연과학,데이터 분석의 힘,"2017년 출간 직후 일본 아마존 경제 1위, 제39회 산토리 학예상 및 제60회 닛케이경제도서문화상을 동시 수상하며 학계와 대중으로부터 뜨거운 관심을 받은, 빅데이터 시대를 위한 데이터 분석 입문서. 듣기만 해도 어려운 데이터 분석 이론들을 흥미로운 사례와 함께 설명해 전문가가 아니어도 쉽게 이해할 수 있도록 썼다.",https://image.aladin.co.kr/product/16497/57/cover500/k952533855_2.jpg, 이토 고이치로 지음;전선영 옮김, 인플루엔셜,2018
자연과학,"별, 빛의 과학",천문학의 핵심 키워드들을 통해 천문학에 대한 대중의 지식과 이해를 넓히는 과학 교양서이다. 특히 천문학에서 ‘관측’의 의미를 재조명하고 관측 기기의 발달과 함께 새롭게 발견된 우주의 모습을 이해하려는 노력에서 우주에 대한 인류의 지식이 성장해온 역사를 상세하게 서술하고 있다.,https://image.aladin.co.kr/product/12992/68/cover500/k252532793_1.jpg, 지웅배 지음;최준석 그림, 위즈덤하우스,2018
자연과학,"(과학신문 큐브 타임즈,)특종을 잡아라!","과학잡지 [어린이 과학동아] 기자들이 모여 쓴 과학 모험 형식의 동화. 이야기 속에 신기하고 엉뚱한 과학 상식을 담아 흥미로운 줄거리로 구성했다. 하마의 땀 속에 숨어 있는 비밀과 빨지 않아도 깨끗한 셀프 크리닝 속옷, 기억력을 좋게하는 향기 등 가장 황당하고 재밌는 과학 특종을 담았다.",https://image.aladin.co.kr/product/172/5/cover500/8952207963_1.jpg, 김원섭;고선미 지음;천혜정 그림, 살림어린이,2008
자연과학,(교과서보다 쉬운) 세포 이야기,"세포의 세계를 그림과 함께 풀어 쓴 생물 이야기. 세포의 개념 정의에서부터 세포 발견의 역사, 단세포 생물과 다세포 생물 이야기, 세포 분열과 동물 복제, 세포의 진화와 변이 등을 살폈다. 아울러 '잠시 쉬어 갈까요?'와 '특별 강연' 코너를 따로 마련했다.",https://image.aladin.co.kr/product/51/61/cover500/8971844167_2.jpg," 쿠로타미, 아케미 지음;최동헌 옮김", 푸른숲,2007
자연과학,기탄수학. H-3,,https://image.aladin.co.kr/product/19/96/cover500/8989425875_1.jpg, 기탄교육편집부 지음, 기탄교육,2009
자연과학,(못 말리는)과학 방송국. 1: 전기발견의 역사,"과학의 역사를 풀어주는 어린이를 위한 과학책. 방송국에서 앵커와 기자가 직접 과학자를 만나 인터뷰하는 상황 설정으로 과학 발견의 현장을 텔레비젼 뉴스를 보듯 접근할 수 있다. 각 권마다 주제를 정해서 과학사에 큰 영향을 미친 과학자들을 만나보고, 뒷 이야기와 재미있는 사건사고 소식을 전한다.",https://image.aladin.co.kr/product/101/93/cover500/8952207432_1.jpg, 정완상 지음;임정호 그림, 살림어린이,2008
자연과학,(못 말리는)과학 방송국. 7: 운동법칙 발견의 역사,"우리의 실생활에서 쉽게 응용할 수 있는 가속도, 작용 반작용, 마찰력, 원심력과 구심력 등에 관련된 다양한 법칙들을 다루고 있다. 와핑 기자와 위대한 과학자들의 인터뷰를 함께 지켜보다 보면 무거운 바위를 옮기기 위해서 어느 정도의 힘이 필요한지, 일반 도로보다 빙판길에서 넘어지기 쉬운 이유는 무엇인지, 추락하는 사람을 구하기 위해선 어떤 방법을 쓰면 되는지 등을 쉽게 알 수 있다.",https://image.aladin.co.kr/product/170/15/cover500/8952207491_1.jpg, 정완상 지음;임정호 그림, 살림출판사,2008
자연과학,(못 말리는)과학 방송국. 9: 날씨의 역사,,https://image.aladin.co.kr/product/218/82/cover500/8952207513_1.jpg, 정완상 지음;임정호 그림, 살림어린이,2008
자연과학,열두 발자국,"<과학콘서트> <알쓸신잡>의 정재승 교수가 지난 10년 간 저자의 강연 중 가장 많은 호응을 받았던 12개의 강연을 선별하여 다시 집필하고 묶은 것이다. 더 나은 선택, 더 나은 미래를 위해 고군분투하고 있는 청춘들과 이 땅의 리더들에게 주는 뇌과학의 지혜와 통찰이 가득하다.",https://image.aladin.co.kr/product/15072/28/cover500/k072533160_2.jpg, 정재승 지음, 어크로스,2018
자연과학,알케미 동굴의 비밀 지도와 영원의 불꽃,"과학에 흥미를 잃은 중학생들에게 읽히고자 과학 선생님들이 14살 청소년들을 주인공으로 등장시켜 쓴 모험이야기. 집에서 직접 해 볼 수 있는 '좌충우돌실험실'을 수록했으며, '요건 몰랐지?', '여기서 잠깐', '좀더 알아볼까요?' 등을 통해서 역사 속 과학자들의 모습과 주변에서 과학이 활용되는 방법들을 소개했다.",https://image.aladin.co.kr/product/52/95/cover500/8952203135_1.jpg, 전화영 지음, 살림,2007
자연과학,우리집은 실험실,"<우리 집은 실험실>은 과학은 실험을 통해 호기심을 해결하고 자연스럽게 창의성을 키우며 원리에 접근할 수 있도록 안내하는 과학학습서이다. 어릴 적 아빠가 나뭇가지를 뚝 잘라 피리를 불어 주고,잡지책 한 장을 쭈욱 찢어 종이배를 만들어 주실 때의 흥분과 즐거움처럼, 일상 속에서 흔히 볼 수 있는 풍선,신문지,빨대,종이컵,나뭇젓가락등을 이용해 과학의 원리를 학습한다.",https://image.aladin.co.kr/product/207/8/cover500/8952208838_1.jpg, 이계순 지음;천혜정 그림, 살림출판사,2008
자연과학,(중·고생을 위한)정말 쉬운 수학책 3. 3,"학생들이 수학을 어려워하고 싫어하는 이유를 다양한 방면으로 풀어가며 수학을 친근하게 느끼도록 유도하는 책. 우선 수학을 알기 위해서 수학이 어떻게 생겼고, 지금 어떻게 활용되고 있는 지 등을 설명한다.",https://image.aladin.co.kr/product/99/48/cover500/8952206967_1.jpg, 이진우 지음;오영 그림, 살림Math,2007
자연과학,(자신만의 눈으로 수학을 보라)존 내시,"'수학 영재들이 꼭 읽어야 할 천재 수학자' 시리즈 3권이 출간됐다. 수학은 멀게만 느껴지는 학문이다. 수이 시리즈는 일생을 수학과 함께 살아간 수학자들의 이야기를 다룬다. '수학을 잘 하려면 먼저 수학에 흥미를 가져야 한다.'는 명제를 시리즈 완성의 나침반으로 삼은 만큼 수학을 잘 하고 싶은 아이들에게는 큰 도움을 줄 것이다. 3권인 <자신만의 눈으로 수학을 보라, 존 내시>는 '게임 이론'으로 노벨 경제학상을 받은 수학자, 존 내시를 소개 한다.",https://image.aladin.co.kr/product/205/66/cover500/895220848x_1.jpg, 백은하 지음;노성욱 그림, 살림어린이,2008
자연과학,(수학으로 진리를 찾아라)히파티아,"히파티아는 4~5세기에 활동한 이집트 알렉산드리아의 수학자이다. 히파티아는 수학자이며 천문학자인 테온의 딸로 어려서부터 월등한 교육 혜택을 받았다. 히파티아는 아버지 덕분에 지성, 심성, 육체적 건강을 고루 갖추며 성장한다. 당시 사회는 여자가 대접을 받지 못하던 사회였다. 히파티아는 뛰어난 만큼 남들의 시기와 질투의 대상이 된다. 히파티아는 그런 눈길에는 전혀 아랑곳하지 않고, 자신의 학문을 완성해 나간다.",https://image.aladin.co.kr/product/221/85/cover500/8952208455_1.jpg, 문정옥 지음;전혜령 그림, 살림어린이,2008
자연과학,(수학으로 미래를 열어라)힐베르트,,https://image.aladin.co.kr/product/238/25/cover500/8952208501_1.jpg, 정성란 지음;최현주 그림, 살림어린이,2008
자연과학,"코요테, 블랙 넬",동물의 한 살이를 마치 한 편의 동화처럼 들려주는 '푸른숲 야생 동물 이야기'의 마지막 이야기. 여느 코요테들과 다르게 반짝이는 검은색 털빛을 자랑하는 아주 특별한 코요테 '블랙 넬'의 파란만장한 성장기를 다뤘다.,https://image.aladin.co.kr/product/61/21/cover500/8971844493_1.jpg, 셜리 우즈 지음;실리아 가드킨 그림;이한음 옮김, 푸른숲,2005
자연과학,(해리포터)수학카페. 1,"<해리포터>의 흥미진진한 마법세계 속에 숨어 있는 연금술의 비밀을 수학이라는 도구를 통해 밝혀낸다. 악의 마법사 볼드모트의 부활을 저지하고 호그와트와 머글들의 세계를 수호하기 위해 뭉친 해리와 헤르미온느, 론, 이 삼총사의 마법과 연금술이 기반하고 있는 수학 지식을 소설 <해리포터>만큼이나 신나게 즐길 수 있도록 한다.",https://image.aladin.co.kr/product/206/93/cover500/8952208676_1.jpg, 명백훈;정은주 지음, 살림출판사,2008
자연과학,사고력을 크게 키우는 수학책 : +-x÷,,https://image.aladin.co.kr/product/356/38/cover500/8974824728_1.jpg, 오카베 츠네하루 지음;안소현 옮김, 문예림,2010
자연과학,"북극곰, 투가","철저한 조사를 거쳐서 사실에 바탕한 야생 동물의 생태를 아주 정밀하게 묘사해 낸 야생 동물 시리즈. 각각의 동물들이 태어나 어른으로 성장해 가기까지의 험난한 과정이 동화로 쓰여졌다. 두 번째는 에 관한 이야기다. 생태 관련 정보를 수록함은 물론, 동물의 시각에서 바라본 세상이 펼쳐진다.",https://image.aladin.co.kr/product/59/60/cover500/8971844469_1.jpg, 셜리 우즈 지음;뮤리얼 우드 그림;이한음 옮김, 푸른숲,2005
자연과학,박테리아는 인간의 적 인가?,"조류 인플루엔자, 탄저균을 이용한 생화학 테러, 세균 병기, 에이즈, 바이러스와 박테리아의 차이점 등 가까운 곳에 있지만 모르는 게 더 많은 박테리아의 모든 것을 한 권으로 정리했다.",https://image.aladin.co.kr/product/61/8/cover500/8982731148_1.jpg, 존 헤릭 지음;김성희 옮김, 민음in,2006
자연과학,우리는 어떻게 꿈을 꿀까?,"인간의 수면 종류와 그때 나타나는 증상, 잠을 자면서 나타나는 이상 현상과 수면 장애, 꿈을 꾸게 되는 원인과 꿈의 기능 등 이제까지 알려진 신경 과학의 성과를 집약했다. 꿈과 수면에 관한 궁금증을 풀어준다.",https://image.aladin.co.kr/product/61/8/cover500/8982731210_1.jpg, 이자벨 아르뉠프 지음;김성희 옮김, 민음in,2006
자연과학,과학이 발전하면 더 행복해질까?,"원자력 발전, 생명 복제, 나노 과학 등을 둘러싼 끊임없는 논란이 보여 주듯이, 과학의 발전이 궁극적으로 인류에게 행복을 가져다 줄 것인가, 아니면 재앙을 가져다 줄 것인가 하는 문제는 우리가 반드시 짚고 넘어가야 할 핵심적인 문제로 떠오르고 있다. 이 책은 이러한 물음에서 출발하여 과학이란 무엇인가, 과학은 어떻게 발전하는가, 과학을 통제해야 할까 등 과학 철학의 핵심적인 문제들을 다룬다.",https://image.aladin.co.kr/product/64/49/cover500/8982731377_1.jpg, 에티엔 클렝 지음;지선경 옮김, 민음in,2011
자연과학,생체 시계란 무엇인가?,,https://image.aladin.co.kr/product/66/83/cover500/8982731466_1.jpg, 알랭 랭베르 지음;곽은숙 옮김, 민음in,2006
자연과학,내가 유전자 쇼핑으로 태어난 아이라면?,미래 사회를 주도하게 될 생명공학에 대해 독자 개개인이 하나의 '관觀'을 가질 수 있도록 풍부한 지지대를 마련하고자 엮은 책. 기록하고 반성하는 동물로서 나치의 인종학살과 핵투하 등과 같은 실수를 되풀이하지 않기 위함이다. 책에서 던지는 질문들에 대해 스스로 판단할 수 있는 기회를 제공한다.,https://image.aladin.co.kr/product/269/58/cover500/8958072377_2.jpg, 정혜경 지음, 뜨인돌,2010
자연과학,(당신이 모르는 줄도 모르는)100가지 수학 이야기,"케임브리지 대학의 교수이자 영국 왕립학회 회원, 그리고 밀레니엄 수학 프로젝트의 책임자이기도 한 저자는 이 책을 통해 독자들에 수학이 따분한 것이 아닌 재미있는 트릭과 반전으로 가득 찬 유쾌한 놀이로 다가갈 수 있기를 바란다고 밝혔다. 원칙 없이 자유분방하게 배열된 짧은 글 100편이 등장한다. 삶과 직결된 질문에 대해 수학이 설명하는 답이다.",https://image.aladin.co.kr/product/791/20/cover500/8991059538_1.jpg, 존 D. 배로 지음;전대호 옮김, 마젤란,2011
자연과학,"거짓말, 새빨간 거짓말, 그리고 과학","과학 관련 뉴스가 넘쳐난다. 신제품의 효능을 강조하는 광고도 늘 접한다. 그리고 우리는 뉴스라는 이유만으로 보도 내용을 그대로 믿고, 광고 문안에 혹해 제품을 구입한다. 하지만 놀랍게도 과학 뉴스에는 잘못된 정보가 많고 이따금 새로운 논쟁이라도 벌어지면 혼란에 빠진다. 우리가 과학자도 아닌데 달리 방법이 없지 않을까. 이 책은 과학 수업이 지겨웠던 일반인이나 과학을 좀 더 공부하고 싶은 학생들에게 과학 이슈의 진실을 꿰뚫어볼 수 있는 20가지 방법을 가르쳐준다.",https://image.aladin.co.kr/product/815/99/cover500/896051120x_1.jpg, 셰리 시세일러 지음;이충호 옮김, 부키,2010
자연과학,지루한 사람과 어울리지 마라,"한 사람의 과학자가 탄생하기까지, 노벨 생리의학상 수상자 제임스 듀이 왓슨 개인의 과학사를 담은 책. 이 책은 단순히 과학자의 자서전에 그치지 않는다. 이 책은 왓슨이 인류 생명의 비밀을 푼 과정과 함께 다른 비밀, 즉 학계에서 경쟁적인 과학자 동료들과 어울리고 그들보다 앞서기 위해서 어떻게 해야 하는가를 보여준다.",https://image.aladin.co.kr/product/418/87/cover500/8957091548_1.jpg, 제임스 듀이 왓슨 지음;김명남 옮김, 이레,2009
자연과학,"인간적인, 너무나 인간적인 수학",,https://image.aladin.co.kr/product/11/88/cover500/8972823813_2.jpg, 마이클 길롄 지음;박영훈 옮김, 경문사,2010
자연과학,털 없는 원숭이,영국의 저명한 동물학자 데즈먼드 모리스의 대표작이자 전세계적인 베스트셀러인 '털 없는 원숭이' 3부작의 첫 번째 책이다. 제목과 책 전반에 걸쳐 쓰이는 이 표현은 인류을 뜻하는 것으로 현대 인류를 진화론에 근거하여 동물학적 생태를 분석하는 책의 시각을 압축하여 보여주고 있다.,https://image.aladin.co.kr/product/1217/42/cover500/8976040651_1.jpg, 데즈먼드 모리스 지음;김석희 옮김, 문예춘추사,2011
자연과학,아인슈타인과 오펜하이머,"아인슈타인과 오펜하이머. 핵무기를 둘러싼 두 천재 과학자의 행보를 꼼꼼하게 추적하여, 개인의 삶과 공동체의 운명에 관한 질문을 과학과 윤리라는 화두를 통해 우리 앞에 던진다. 그리고 진정한 천재란 어떠해야 하는가를 묻는다.",https://image.aladin.co.kr/product/19518/33/cover500/8959407046_1.jpg, 실번 S. 슈위버 지음;김영배 옮김, 시대의창,2023
자연과학,다정한 것이 살아남는다,"늑대는 멸종 위기에 처했는데, 같은 조상에서 갈라져 나온 개는 어떻게 개체 수를 늘려나갈 수 있었을까? 사나운 침팬지보다 다정한 보노보가 더 성공적으로 번식할 수 있던 이유는? 브라이언 헤어와 버네사 우즈는 이에 대해 ‘다정한 것이 살아남는다’라는 답을 내놓는다.",https://image.aladin.co.kr/product/27608/83/cover500/k722733028_3.jpg, 브라이언 헤어;버네사 우즈 [공]지음;이민아 옮김, 디플롯,2023
자연과학,경험은 어떻게 유전자에 새겨지는가,하버드대학교에서 발달·생물심리학 박사 학위를 받은 뒤 피처대학 심리학과 교수로 활동 중인 데이비드 무어가 ‘경이로울 정도로 성장하는’ 후성유전학의 연구와 통찰을 《경험은 어떻게 유전자에 새겨지는가》에 집대성했다.,https://image.aladin.co.kr/product/32422/85/cover500/k102935996_1.jpg, 데이비드 무어 지음;정지인 옮김, 아몬드,2023
자연과학,인류의 진화,"최신 고인류학 연구와 발견을 통해 인류의 기원과 진화 과정을 깊이 있게 탐구한다. 이 책은 과거의 가설들이 흔들리는 과정에서 새로운 연구와 가설을 소개하며, 인류의 역사와 진화를 다양한 관점에서 바라볼 수 있도록 도와준다.",https://image.aladin.co.kr/product/31937/48/cover500/8962625687_1.jpg, 이상희 지음, 동아시아,2023
자연과학,(주머니 속)딱정벌레 도감,,https://image.aladin.co.kr/product/426/50/cover500/8989370647_1.jpg, 손상봉 글·사진, 황소걸음,2016
자연과학,(주머니 속)새 도감,"새를 사랑하는 이들의 많은 사랑을 받았던 <주머니 속 새 도감>을 2006년 12월 20일 초판을 펴낸 지 꼭 10년 만에 개정하여 새로 펴냈다. 초판 301종에 100종을 더하고, 다소 어두웠던 새 사진들도 10년 동안 다시 찍은 더 선명한 사진으로 바꿨다.",https://image.aladin.co.kr/product/9946/11/cover500/k522536061_1.jpg, 강창완;김은미 [공]글·사진, 황소걸음,2023
자연과학,풀꽃 이야기 도감,"우리가 조금만 눈여겨보면 둘레에서 흔히 볼 수 있는 풀꽃 344종을 101가지 재미난 이야기와 사진 958컷으로 소개했다. 풀꽃 이름의 유래, 풀꽃에 얽힌 전설, 풀로 할 수 있는 놀이, 풀의 쓰임새와 특징 등을 감칠맛 나는 우리말을 잘 살려 표현했다.",https://image.aladin.co.kr/product/27471/98/cover500/k492733793_1.jpg, 이영득 글·사진, 황소걸음,2021
자연과학,(주머니 속)곤충도감,"우리 주변에서 쉽게 찾아볼 수 있는 곤충 453종을 소개, 아마추어와 어린이들을 신기하고 재밌는 곤충 세계로 초대한다. 손쉽게 들고 다닐 수 있는 작은 판형에 기존의 크고 두꺼운 도감에 견주어도 손색이 없을 만큼 많은 정보를 수록했다.",https://image.aladin.co.kr/product/3076/69/cover500/898937085x_1.jpg, 손상봉 글과 사진, 황소걸음,2020
자연과학,(주머니 속)나무 도감,생태 탐사의 길잡이 열 한 번째 책인 은 작으면서도 많은 나무들이 담겨 있어 언제든지 들고 다니며 눈앞에 있는 나무의 이름과 특징을 바로 확인할 수 있다. 나무 마니아부터 어린이들까지 나무를 알아가는 데 부족함이 없는 야외용 나무 도감이다. 우리 주변에서 쉽게 찾아볼 수 있는 나무 551종이 실려있다.,https://image.aladin.co.kr/product/1584/55/cover500/8989370779_1.jpg, 최호;임효인 [공]글;들꽃세상 사진, 황소걸음,2017
자연과학,초전도 제로저항의 세계를 열다,한국을 대표하는 세계적인 재료과학자인 김찬중 박사가 초전도 연구 35년을 통해 습득한 지식을 정리해서 집필한 책이다. 고온 초전도체의 발견 이후의 고온 초전도 현상을 밝혀내려는 연구자들의 노력과 연구 중에 발생한 에피소드가 들어 있다.,https://image.aladin.co.kr/product/32281/65/cover500/k452834645_1.jpg, 김찬중 지음, 하늬바람에영글다,2023
자연과학,원더풀 사이언스,"퓰리처상 수상 작가 나탈리 앤지어가 작가 특유의 유려하면서 시적인 문체로 '원더풀‘한 과학의 세계를 들려준다. 그녀는 세포와 DNA의 크기도 구분 못하며, 심지어 고래가 포유류인지도 제대로 알려져 있지 않은 사회의 과학 문맹을 개탄하며 우리에게 과학이 주는 재미가 얼마나 대단한지, 과학의 세계가 얼마나 우아하고 흥미진진한지를 알려주기 위해 이 책을 집필했다.",https://image.aladin.co.kr/product/619/70/cover500/8959090530_1.jpg, 나탈리 앤지어 지음;김소정 옮김, 지호,2010
자연과학,아름답고 우아한 물리학 방정식,"빛의 반사 법칙과 굴절 법칙 등 한 분야의 지식을 응축하고 있는 방정식부터 뉴턴의 운동 법칙, 일반 상대성 이론, 양자역학 등 우주를 범주로 삼는 방정식까지, 이 책은 역사적인 진전이나 과학적 혁명에 관한 이야기를 담은 15가지 물리학 방정식을 소개한다.",https://image.aladin.co.kr/product/17915/72/cover500/k452534657_1.jpg, 브뤼노 망술리에 지음;김아애 옮김, 클,2019
자연과학,고래가 가는 곳,최신 과학 연구가 밝혀낸 새로운 고래 이야기를 수집하고 인간과 고래가 함께해 온 역사와 문화를 쫓는다. 수천 년 전 암각화에 고래를 새겼던 고대인의 마음도 들여다보며 지금 이 시대 고래와 우리의 관계를 반추한다.,https://image.aladin.co.kr/product/27861/99/cover500/k922734898_1.jpg, 리베카 긱스 지음;배동근 옮김, 바다,2021
자연과학,풀꽃이 좋아지는 풀꽃책,"식물의 놀라운 세계를 사람들에게 알리고 있는 식물분류학자 김진옥, 아이와 함께 집 근처를 산책하다가 우리 주변의 풀, 꽃, 나무에 관심을 갖게 된 엔지니어 김진식의 협업으로 탄생한 식물 도감이다.",https://image.aladin.co.kr/product/26995/35/cover500/8958207124_1.jpg, 김진옥;김진식 [공]지음, 궁리,2021
자연과학,그림으로 보는 과학의 숨은 역사,"과학의 역사를 예기치 않은 방향으로 이끌기도 하고 더욱 풍성하게 만들기도 하는 이미지들, 이러한 이미지들을 읽는 작업이다. 이 책은 이미지를 통해 과학의 숨은 역사를 흥미로우면서도 깊이 있게 다룸으로써, 과학을 더 흥미롭고, 생동감 있게 그리고 있다.",https://image.aladin.co.kr/product/2183/77/cover500/8970138269_1.jpg, 홍성욱 지음, 책세상,2012
자연과학,멸치 머리엔 블랙박스가 있다,"30년간 어류를 연구해 온 '물고기 박사'가 우리 바다에서 나는 물고기에 대한 궁금증을 풀어 준다. 우리 밥상에 늘 오르는 대표 물고기 16종을 월별로 선정하여 생태는 물론 이름의 유래와 관련 속담, 맛있게 먹는 법, 조사 현장에서 겪은 재미난 일까지 들려준다.",https://image.aladin.co.kr/product/3098/78/cover500/8960513407_1.jpg, 황선도 지음, 부키,2013
자연과학,원소의 세계사,픽션보다 재미있는 원소들의 숨은 이야기. 주기율표를 중심으로 한 원소들의 숨은 이야기를 속도감 있게 들려준다. 그러나 책의 어디에서도 주기율표를 찾아볼 수 없다.,https://image.aladin.co.kr/product/3268/59/cover500/892555139x_1.jpg, 휴 앨더시 윌리엄스 지음;김정혜 옮김, RHK(알에이치코리아),2013
자연과학,인간은 유전자를 어떻게 조종할 수 있을까,인간은 스스로 체질과 인성을 변화시킬 수 있을까? 우리 몸에서 얼마나 많은 것이 유전자에 의해 결정되고 또 얼마나 많은 것이 환경이나 생활방식의 영향을 받을까? 이 책은 유전자 염기서열보다 단순하고 강력한 세계로 안내하는 후성유전학 사용설명서다.,https://image.aladin.co.kr/product/3007/14/cover500/8993635404_1.jpg, 페터 슈포르크 지음;유영미 옮김, 갈매나무,2013
자연과학,식물은 위대한 화학자,"지구의 녹색시인으로 불리는 스티븐 해로드 뷔흐너는 철학, 문학, 의학, 생물학, 약초학, 생태심리학 등을 아우르는 구체적이고도 다양한 실증적인 자료들과 생태운동가들의 생생한 현장 경험담을 통해 지구생명의 절박성을 충격적이고 강렬한 시적 언어로 경고하고 있다.",https://image.aladin.co.kr/product/3128/75/cover500/8994025286_1.jpg, 스티븐 해로드 뷔흐너 지음;박윤정 옮김, 양문,2013
자연과학,(클래스가 남다른)과학고전,현재 켄텍에서 교수로 재직 중인 여성 과학자가 서울대 물리교육과 전공 시절부터 영국 런던대학교 킹스 칼리지를 거쳐 한국과학창의재단 국립광주과학관 등 ‘과학’과 관련된 필모그래피를 쌓아오면서 과학 인생에 영감을 준 대표적인 과학 고전을 소개하는 과학 에세이이다.,https://image.aladin.co.kr/product/32530/32/cover500/k732935021_1.jpg, 조숙경 지음, 타임북스,2023
자연과학,생명과학이야기,,https://image.aladin.co.kr/product/33/21/cover500/8995191325_1.gif, Mahlon Hoagland;Bert Dodson;Judith Hauck 공저;강해묵;김경진 譯, 진솔,2002
자연과학,하케의 동물이야기,동물의 입장이 되어 천진하게 이야기를 하는 작가의 모습에 웃음을 물게 되는 책이다. 행간에 흐르는 작은 유머와 위트도 책읽기를 지루하지 않게 한다. 책갈피처럼 끼여드는 유화 그림의 삽화는 따스한 기분과 유쾌함을 선사하기에 족하다. 글을 살아나게 하는 그림이 어떤 것인가를 보여주는 한 사례.,https://image.aladin.co.kr/product/32/50/cover500/8979193335_1.gif, 악셀 하케 글;미하엘 소바 그림;이영희 옮김, 창해,2002
자연과학,이야기로 아주 쉽게 배우는 삼각함수,"난해하다고 여겨지는 삼각함수를 판타지 소설의 형식에 대입하여 쉽게 풀이했다. 수학의 기본적인 개념에서부터 시작하여 태양의 고도재기, 음악에서 소리의 파동 분석하기 같은 실제적인 적용까지 다룬다. 각 함수의 정의와 특수한 값들 같은 외워둘 필요가 있는 개념들을 따로 정리했고, 각 장마다 연습문제를 실었다.",https://image.aladin.co.kr/product/63/4/cover500/8956241554_1.jpg, 더글라스 다우닝 지음;이정국 옮김, 이지북,2006
자연과학,바람에 실려 온 페니실린,,https://image.aladin.co.kr/product/53/32/cover500/8978891128_1.jpg, 권오길 지음, 지성사,2004
자연과학,파브르의 작은 정원: 아빠와 함께 만드는 『곤충기』,앙리 파브르의 곤충기 중 막내아들 폴이 등장하는 대목을 모아 18개의 에피소드 형식의 글로 재구성했다. 폴은 자신의 눈높이에 맞춰 곤충의 생태를 하나씩 설명해 준다. 파브르의 집과 박물관 및 곤충기가 탄생한 지역을 직접 취재해 그린 삽화들이 이야기 전체에 걸쳐 섬세하게 펼쳐진다.,https://image.aladin.co.kr/product/42/29/cover500/8989722276_1.gif, 마거릿 J 앤더슨 지음;마리 르 그라탱 키스 그림;이규원 옮김, 청어람미디어,2003
자연과학,(궁금해요)공룡 대탐험,,https://image.aladin.co.kr/product/37/33/cover500/8931912277_1.jpg, 황찬 지음, 지경사,2006
자연과학,"고양이 펜로즈,수학에 빠지다","경문사 수학 오디세이의 열한 번째권. 다면체, 뫼비우스의 띠, 마방진등 도형과 관련된 다양한 수학 이론을 동화 형식으로 꾸민 책이다. 각각의 내용을 직접 실험하고 연구하면서, 수학의 원리를 습득할 수 있도록 했다.",https://image.aladin.co.kr/product/55/33/cover500/8972828165_2.jpg, 테오니 파파스 지음;이은희 옮김, 경문사,2006
자연과학,(101가지 사이언스 파워퀴즈)지식은 힘: 수학,"단순히 수학 문제를 풀어가는 퀴즈가 아니라, 논리적으로 생각하는 힘을 길러주는 퀴즈 101가지를 만날 수 있다. 해당 퀴즈마다 학년별로 안내가 되어 있지만 학년에 구애받지 않고 풀어볼 수 있으며, 부모가 함께 풀며 이야기를 나누어도 재미있을 법한 문제들이다.",https://image.aladin.co.kr/product/57/94/cover500/8955855818_1.jpg, 장수하늘소 글;이루다 그림, 언어세상,2005
자연과학,최후의 바키타,"굵직한 탐사 보도로 수차례 특종을 터뜨린 저널리스트와 앙굴렘, 로잔, 시에르 만화 페스티벌에서 ‘신인 작가상’을 수상한 재능 있는 만화가의 만남으로 화제가 된 코믹스 저널리즘. 현장감 넘치는 탐사 보도에 섬세하고 다채로운 그림을 입힌 이 그래픽 리포트는 21세기 생태 문제의 핵심을 파고든 역작이다.",https://shopping-phinf.pstatic.net/main_5369067/53690671414.20250325081156.jpg, 위고 클레망 지음;도미니크 메르무;뱅상 라발레크 [공]그림;이세진 옮김, 메멘토,2025
자연과학,지구를 살리는 화학 수업,"화학이라고 하면 많은 사람이 복잡한 원소 기호와 화학식을 먼저 떠올린다. 그러나 『지구를 살리는 화학 수업』의 저자는 지구를 망치고만 있다는 억울한 누명을 쓴 화학의 대변인을 자처하며, 화학이 지구를 살릴 수 있는 강력한 도구임을 설득력 있게 풀어낸다.",https://shopping-phinf.pstatic.net/main_5366690/53666908159.20250321092824.jpg, 손미현 지음, 한언,2025
자연과학,(외우지 않아도 괜찮아)지구과학,"교과서 속 핵심 개념과 원리를 쉽고 재미있게 풀어내 지구과학의 기초를 탄탄하게 다지도록 돕는다. 국내 최초로 해양, 대기, 지질 각 분야의 전문가가 꼭 필요한 지식을 엄선하여 더욱 정확하고 신뢰할 수 있다는 것이 이 책의 특징이자 강점이다.",https://shopping-phinf.pstatic.net/main_5321445/53214455366.20250226094420.jpg, 노수연;오현경;최유미 [공]지음;오얼수 그림, 위즈덤하우스,2025
자연과학,케이브 오브 본즈,"지난 2013년, 그간 깊은 동굴 속에 파묻혀 존재가 알려지지 않았던 새로운 인류종, 호모 날레디가 ‘현생인류’라 부르는 호모 사피엔스가 부상한 것으로 알려진 아프리카에서 화석으로 모습을 드러냈다. 이 책은 호모 날레디의 발견이라는 중대한 사건이 왜 그리고 어떻게 인류 진화사에 엄청난 충격과 논란을 불러일으키게 된 것인지 다루며 호모 날레디라는 신인류의 존재를 정의하고 살피고자 한다.",https://shopping-phinf.pstatic.net/main_5588891/55888916470.20250722084658.jpg, 리 버거;존 호크스 [공]지음;김정아 옮김, 알레,2025
자연과학,(십대를 위한)기후변화 이야기,"저명한 기후 전문가가 들려주는 기후 이야기로, 십대가 꼭 알아야 하는 기후변화에 관한 모든 것을 담았다. 기후변화가 극심해진 원인은 무엇이며 그로 인해 어떤 피해가 발생하는지에 대해 과학적인 분석을 통해 구체적으로 설명한다.",https://shopping-phinf.pstatic.net/main_3246488/32464886081.20230927071312.jpg, 반기성 지음, 메이트북스(원앤원콘텐츠그룹),2021
자연과학,현재를 감각하는 자연 관찰 노트,"자연주의자의 눈, 과학자의 마음, 교육자의 열정을 모두 지닌 특별한 자연 관찰자 존 뮤어 로스가 40년간 자연을 누비며 터득한 흥미로운 관찰 기술과 노트 쓰기 노하우. 미국 독립출판계에서 권위 있는 포워드 인디스 ‘올해의 책’ 금상을 수상했으며, 이례적으로 10만 부 이상 판매되어 스테디셀러로 자리매김했다.",https://shopping-phinf.pstatic.net/main_5635820/56358200443.20250821091848.jpg, 존 뮤어 로스 지음;오경아;노진선 [공]옮김, 갈라파고스,2025
자연과학,과학자처럼 생각하는 법,"별을 바라보는 호기심에서 시작해 분류, 재현, 인과관계, 윤리 문제까지, 과학자들이 세상을 바라보는 방식을 쉽고 흥미롭게 안내한다. 그리고 청소년들에게 과학의 지식보다 더 중요한 ‘과학적 사고의 힘’을 길러준다.",https://shopping-phinf.pstatic.net/main_5626075/56260752002.20250816071354.jpg, 박재용 지음, 낙낙,2025
자연과학,궤도의 다시 만난 과학자,"EBS 대표 강연 프로그램 <나의 두 번째 교과서> 시즌 2가 책으로 다시 찾아왔다. 과학 커뮤니케이터 궤도가 네 가지 과목 중 ‘과학’ 편의 일타강사를 맡아, 어른이 되어 다시 만나는 과학 교과서를 누구보다 쉽고 재미있게 풀어낸다.",https://shopping-phinf.pstatic.net/main_5674263/56742632160.20250916083215.jpg, 궤도 지음;EBS 제작팀 기획, 영진닷컴,2025
자연과학,처음 만나는 양자의 세계,"양자 역학은 이제 선택이 아니라, 지금을 살아가는 우리 모두에게 필요한 최소한의 교양이다. 『처음 만나는 양자의 세계』는 어렵고 낯설게만 여겨졌던 양자 세계를 누구나 이해할 수 있도록 친절하게 풀어낸 책이다.",https://shopping-phinf.pstatic.net/main_5671547/56715477763.20250914080711.jpg, 채은미 지음, 북플레저,2025
자연과학,망가진 세계에서 우리는,,https://shopping-phinf.pstatic.net/main_5562818/55628183310.20250707080632.jpg, 강양구 지음, 북트리거,2025
자연과학,웃기려고 한 과학 아닙니다,"과학계는 이 기발한 연구들에 ‘괴짜들의 노벨상’이라 불리는 이그노벨상을 수여했다. 과학이 ‘왜?’라는 질문에서 시작된다면, 이 책은 그 질문이 얼마나 엉뚱하고 별나도 좋은지를 보여준다. 〈과학동아〉 이창욱 기자가 들려주는 처음엔 웃음을 자아내지만, 곧 고개를 끄덕이게 만드는 진짜 과학 이야기.",https://shopping-phinf.pstatic.net/main_5539654/55396545724.20250621110313.jpg, 이창욱 지음, 어크로스,2025
자연과학,지구를 살리는 화학 수업,"화학이라고 하면 많은 사람이 복잡한 원소 기호와 화학식을 먼저 떠올린다. 그러나 『지구를 살리는 화학 수업』의 저자는 지구를 망치고만 있다는 억울한 누명을 쓴 화학의 대변인을 자처하며, 화학이 지구를 살릴 수 있는 강력한 도구임을 설득력 있게 풀어낸다.",https://shopping-phinf.pstatic.net/main_5366690/53666908159.20250321092824.jpg, 손미현 지음, 한언,2025
자연과학,(도형이 쉬워지는)인도 베다 수학,"삼각형, 사각형, 원 등 평면도형의 넓이 계산 능력을 향상시킬 수 있도록 돕는 책. 도형 조작을 통해 입체적 공간 관계에 대한 이해와 사고력의 바탕이 되는 공간지각 능력을 향상시키도록 이끌고자 했다. 특히 학교 수업에 즉각적으로 적용 가능하며, 기초 학습능력을 증진시킬 수 있는 프로그램으로 구성하였다.",https://image.aladin.co.kr/product/327/48/cover500/8991360726_1.jpg, 마키노 다케후미 지음;고선윤 옮김, 보누스,2012
자연과학,수학 시트콤,독일 아마존 36주간 베스트셀러. 원래 수학의 기초는 일상에서 비롯된 것! 수많은 수학 공식은 과거 언젠가 실용적인 문제들을 해결하기 위해 개발되었다. 저자는 이런 수학의 실용적인 측면을 충분히 이용하여 비례식 계산부터 극한값을 구하는 미적분 계산까지 수학의 전 분야를 그럴 듯한 이야기로 풀어낸다.,https://image.aladin.co.kr/product/1731/46/cover500/s062534233_1.jpg, 크리스토프 드뢰서 지음;전대호 옮김, 해나무,2013
자연과학,(손영운의)우리땅 과학 답사기,‘손영운의 한반도 과학 여행’이라는 시리즈로 월간 <뉴턴>에 실렸던 글을 모아 엮은 책이다. 과학교사였던 저자는 누가 시키지도 않았지만 꼬박 3년 동안 우리나라 곳곳을 찾아다니며 우리 땅을 이루고 있는 다양한 지형의 형성 과정을 체계적으로 알리기 위해 노력했다.,https://image.aladin.co.kr/product/361/10/cover500/8952210948_1.jpg, 손영운 지음, 살림,2013
자연과학,(슈티펠이 들려주는)지수 이야기,슈티펠은 정수 지수와 간단한 분수의 지수에 대한 지수법칙을 자신의 저서에서 처음 등장시킨 수학자이다. 지수 단원은 중학교 2학년 때 등장하다가 잠시 수학의 밑바탕으로 깔린다. 그러다가 고등학교 2학년이 되면 다시 나타난다. 근 2년 만에 다시 나타나면서 지수함수라는 것을 데리고 나타난다. 거기다가 로그라는 친구까지 묶어서 등장하면서 우리 학생들을 괴롭힌다.,https://image.aladin.co.kr/product/239/75/cover500/8954415784_1.jpg, 김승태 지음, 자음과모음,2012
자연과학,(맛있고 간편한)과학도시락,"잠이 오지 않을 때 양을 세면 잠이 온다? 우주에서 맨 몸으로 몇 초나 버틸 수 있을까? 생활 곳곳에 숨겨진 과학의 비밀을 풀어주는 과학 상식서. 인터넷에 넘쳐나는 정보를 믿기엔 불안하고, 논문 같은 전문 자료는 복잡하다고 느낄 때, 이 책은 명쾌한 설명과 정확한 과학 근거를 바탕으로 호기심을 해결해준다. 인간생활, 질병, 뇌 이야기에서부터 우주에까지 총 8개 분야에 걸친 과학 이야기를 담았다.",https://image.aladin.co.kr/product/594/96/cover500/8956603251_1.jpg, 김정훈 지음, 은행나무,2012
자연과학,수학의 쓸모,누구나 살면서 한번쯤 맞닥뜨리는 일상 속 문제들을 다룬다. 수학이란 똑똑한 사람들이 대단한 문제를 해결하는 것만이 아니라 보통 사람들도 평범한 문제를 해결하는 데 매우 유용하기 때문이다. 세상을 이해하고 앞장서서 미래를 만들어가고자 한다면 수학은 필수적으로 알아야 하는 사고방식이다.,https://image.aladin.co.kr/product/23596/50/cover500/k102638422_1.jpg," 닉 폴슨, 제임스 스콧 지음;노태복 옮김", 더퀘스트,2020
자연과학,(철학하는 과학자)김상욱의 과학공부,"철학하는 과학자, 양자역학 시인 김상욱 교수의 “과학 인문학”. 이 책의 의도와 목적은 우리에게 필요한 과학이라는 ‘시스템’을 포괄적으로 이해하는 것, 즉 ‘과학적 사고방식’이다. 그리고 ‘과학적 사고방식’은 곧 철학이고 인문학이다.",https://image.aladin.co.kr/product/8665/44/cover500/s8962621487_2.jpg, 김상욱 지음, 동아시아,2016
자연과학,다시 수학이 필요한 순간,"2018년 《수학이 필요한 순간》을 통해 단숨에 베스트셀러에 올라 바야흐로 ‘수학 교양서 시대’를 연 한국인 최초의 옥스퍼드대 수학과 교수, 김민형 교수가 《다시, 수학이 필요한 순간》로 독자들을 다시 찾아왔다.",https://image.aladin.co.kr/product/24801/33/cover500/k142631932_1.jpg, 김민형 지음;최민정 그림, 인플루엔셜,2020
자연과학,다시 수학이 필요한 순간,"2018년 《수학이 필요한 순간》을 통해 단숨에 베스트셀러에 올라 바야흐로 ‘수학 교양서 시대’를 연 한국인 최초의 옥스퍼드대 수학과 교수, 김민형 교수가 《다시, 수학이 필요한 순간》로 독자들을 다시 찾아왔다.",https://image.aladin.co.kr/product/24801/33/cover500/k142631932_1.jpg, 김민형 지음;최민정 그림, 인플루엔셜,2020
자연과학,수학을 못한다는 착각,"수학의 즐거움은 수학자 같은 소수의 천재들만 누리는 걸까? 수학이 선사하는 변화의 기쁨은 수학적 재능을 타고난 사람들만 경험하는 걸까? 이 책은 단호하게 아니라고 말하며 수학이 어렵다는 편견, 수학적 천재성에 대한 신화를 단번에 깨뜨린다.",https://shopping-phinf.pstatic.net/main_5660911/56609114964.20250906091556.jpg, 다비드 베시 지음;고유경 옮김, 두시의나무,2025
자연과학,신의 입자,"2012년 힉스보손은 어떻게 ‘신의 입자’라는 별명을 갖게 되었을까? 힉스입자를 ‘빌어먹을 입자’에서 ‘신의 입자’로 만든 전설적인 책, 1993년 출간되어 전 세계 과학 독자들의 사랑을 받고 있는 <신의 입자(The God Particle)>가 드디어 정식 번역 출간된다.",https://image.aladin.co.kr/product/10141/77/cover500/k802536479_2.jpg," 리언 레더먼,딕 테레시 지음;박병철 옮김", 휴머니스트,2017
자연과학,생물의 죽살이,,https://image.aladin.co.kr/product/48/13/cover500/8978890946_1.gif, 권오길 지음, 지성사,2010
자연과학,재규어는 왜 털옷이 되었나?,"우리나라 어린이를 위해 만든 책 답게, 국내외의 상황을 골고루 담았다. 신비로운 자연 생태계, 밀렵, 남획에 의해 파괴되는 자연, 자연을 보호하는 사람들의 이야기가 초등학교 어린이의 눈높이에 맞춰 쉽고 자세하게 풀어썼다.",https://image.aladin.co.kr/product/37/55/cover500/8937812142_1.gif, 장수하늘소 지음;심창국 그림, 아이세움,2006
자연과학,진화,"찰스 다윈의 과 진화론에 숨겨진 의미들에 대한 해설을 담은 책. 하나의 과학 '이론'으로서의 진화론과, 자연의 현상이라고 할 수 있는 진화의 '사실'에 대해 설명했다. 책은 2001년 미국 PBS TV가 7회에 걸쳐 방영했던 과학 다큐멘터리 'Evolution'의 레퍼런스북으로 출간된 것으로 한국에서도 2002년 3~4월에 EBS TV를 통해 방영된 바 있다.",https://image.aladin.co.kr/product/51/57/cover500/8984071684_1.gif, 칼 짐머 지음;이창희 옮김, 세종서적,2004
자연과학,황금비에는 황금이 있다?!,,https://image.aladin.co.kr/product/40/62/cover500/6000073672_1.gif," 김미자 외, 지음", 수학사랑,2010
자연과학,(생활 속 미스터리 해결사)과학 시크릿,,https://image.aladin.co.kr/product/701/83/cover500/8958971940_1.jpg, 이진산;강이든 지음, 삼양미디어,2011
자연과학,세한도의 수수께끼,"창비청소년문고 시리즈 9권. 제3회 창비청소년도서상 교양 기획 부문 대상 수상작으로, 실종된 친구와 없어진 유물들을 찾기 위한 여중생 진주와 수학 교사 윤기의 이야기가 흥미진진하게 펼쳐지는 가운데 수학, 역사, 미술을 넘나드는 지식들을 담아냈다.",https://image.aladin.co.kr/product/2702/75/cover500/8936452096_1.jpg, 안소정 지음, 창비,2013
자연과학,두근두근 수학 공감,"수학이 마냥 고통스럽기만 한 청소년들에게 희소식이라 할 만큼 이 책에 나오는 수학은 더 이상 불편하지 않다. 자신의 이름을 소인수분해하여 나온 소수에 의미를 부여해 소수를 내면화하고, 정육면체와 구의 차이점을 스토리텔링으로 이해해보기도 한다.",https://image.aladin.co.kr/product/2829/45/cover500/8956056560_1.jpg, 권오남 기획, 해나무,2013
자연과학,북극의 눈물,"다큐멘터리 '북극의 눈물'을 바탕으로 엮은 책. 빙산이 녹아내리고 있는 현재 북극의 모습과 그 속에서 살아가는 사람과 동물들의 모습을 아주 가까이서 관찰한 기록을 만나볼 수 있다. 빙산이 점점 녹아내리고, 그로 인해 '빙산이 땅과 같은' 역할을 하는 동물들은 아주 힘겹게 버텨내고 있다.",https://image.aladin.co.kr/product/337/56/cover500/8996047864_2.jpg, 엠비씨북극의눈물제작팀;박은영 [공]지음, MBC프로덕션,2009
자연과학,우리 역사 속 수학 이야기,"우리 수학의 발전 모습과 뛰어난 학자들, 그 주변 이야기를 풍부하게 서술하였다. 흥미를 유발할 수 있도록 사료를 바탕으로 조금씩 덧붙이거나 꾸미기도 했다. 우리 조상들의 위대한 수학 정신을 만남과 더불어 풍부한 수학적 교양도 습득할 수 있을 것이다.",https://image.aladin.co.kr/product/1904/27/cover500/8979869355_1.jpg, 이장주 지음, 사람의무늬,2020
자연과학,"너구리, 키트","객관적인 생태 정보와 문학적 감수성이 절묘하게 어우러진, 너구리에 관한 아주 특별한 생태 보고서이다. 한 생명이 태어나고, 자라고, 보금자리를 떠나고, 짝을 만나는 과정이 사계절의 변화속에 담겼다.",https://image.aladin.co.kr/product/61/21/cover500/8971844477_1.jpg, 셜리 우즈 지음;실리아 가드킨 그림;이한음 옮김, 푸른숲,2005
자연과학,고래. 10,,https://image.aladin.co.kr/product/57/65/cover500/8900199056_1.jpg, 마크 카워딘 지음, 두산동아,2006
자연과학,암석과 광물. 9,,https://image.aladin.co.kr/product/57/65/cover500/8900199013_1.jpg, 크리스 펠란트 지음, 두산동아,2006
자연과학,보석. 8,,https://image.aladin.co.kr/product/57/65/cover500/8900198998_1.jpg, 캘리 홀 지음, 두산동아,2006
자연과학,고양이. 2,,https://image.aladin.co.kr/product/57/65/cover500/8900199064_1.jpg, 데이비드 올더턴 지음, 두산동아,2006
자연과학,개. 1,,https://image.aladin.co.kr/product/57/65/cover500/8900199021_1.jpg, 데이비드 올더턴 지음, 두산동아,2006
자연과학,생물학 명강. 1: 생명 연구의 최전선에서는 어떤 질문을 던지는가,"경암바이오 시리즈. 국내 저명 과학자 15명의 경암바이오유스캠프 강연을 글로 다시 풀어쓴 생물학 교양 도서다. 대학교재처럼 지나치게 전문적이지 않은 책이면서도, 현재 한창 진행되고 있는 생명 연구의 흐름을 폭넓고 깊이 있게 파악할 수 있는 생물학 책이다.",https://image.aladin.co.kr/product/2830/4/cover500/895605679x_2.jpg, 강문일 외 지음, 해나무,2014
자연과학,(리처드 도킨스의)진화론 강의,"논쟁을 몰고 다니는 도킨스 식 진화론 서술의 정수를 만나볼 수 있는 책이다. 영국왕립연구소의 대중 과학 프로그램인 '크리스마스 강연' 내용을 토대로 쓰여졌다. 진화론의 지식만을 전달하는 것이 아니라, 생명체의 존재와 그 탄생의 역사에 놀라움을 던져주고 그 과정을 함께 생각해보게 한다.",https://image.aladin.co.kr/product/8426/11/cover500/k742434359_1.jpg, 리처드 도킨스 지음;김정은 옮김, 옥당,2016
자연과학,파브르 식물기,20세기 가장 위대한 자연주의자이자 《파브르 곤충기》로 잘 알려진 장 앙리 파브르의 책이다. 노벨문학상 후보에도 올랐던 파브르는 유려한 문장과 흥미진진한 서사로 우주의 질서만큼이나 아름다운 지상 생명의 조화를 보여준다.,https://image.aladin.co.kr/product/32385/96/cover500/k572935881_2.jpg, 장앙리 파브르 지음;조은영 옮김, 휴머니스트(휴머니스트출판그룹),2023
자연과학,(카이스트 학생들이 꼽은)최고의 SF,카이스트 총서 (내사카나사카 - '내가 사랑한 카이스트 나를 사랑한 카이스트'의 준말) 시리즈 6권. 현재 카이스트에 재학 중인 학생 29명의 글을 한데 엮은 책이다. 이번 책의 주제는 제목 그대로이다. 과연 카이스트 학생들은 어떤 SF 작품을 자신의 '인생작'으로 꼽았을까?,https://image.aladin.co.kr/product/12485/1/cover500/8952238133_1.jpg, 고기영 외 지음, 살림Friends,2017
자연과학,과학을 보다,"157만 구독자의 유튜브 채널 〈보다 BODA〉의 인기 시리즈 〈과학을 보다〉가 드디어 책으로 출간됐다. 인기를 많이 끌었던 주제들을 선별하여 영상에서는 미처 담지 못한 흥미로운 내용을 추가하고, 더욱 쉽게 독자들이 그 근본 원리를 이해할 수 있도록 친절한 설명을 덧붙였다.",https://image.aladin.co.kr/product/32787/2/cover500/k622936493_1.jpg, 김범준 [외]지음;김지원 그림, 알파미디어,2023
자연과학,"유전공학의 상상은 현실이 된다: 유토피아와 디스토피아 사이, 유전공학의 발전과 논쟁","멘델이 완두콩을 보며 유전법칙을 탐구하던 시대에서 우리는 얼마나 멀리 왔을까? 의료, 제약, 식품, 환경 등 모든 분야에서 우리 삶을 바꾸고 있는 유전공학. 《유전공학의 상상은 현실이 된다》는 들어는 봤지만 제대로 알지 못했던 유전공학을 누구나 쉽게 이해할 수 있게 설명하는 안내서다.",https://shopping-phinf.pstatic.net/main_4669123/46691233620.20240329092201.jpg, 예병일, 김영사,2024
자연과학,"살아있니, 황금두더지","멸종 위기종, 또는 그 아종을 다룬 이 책에는 총 21종의 동물이 등장한다. 기린, 늑대, 곰 등 우리에게 익숙한 동물이 있는가 하면 웜뱃, 황금두더지, 외뿔고래, 천산갑 등 낯선 동물도 담겨 있다.",https://image.aladin.co.kr/product/33948/93/cover500/k002930237_1.jpg, 캐서린 런델 지음 ;조은영 옮김, 곰출판,2024
자연과학,식물에 관한 오해,"『식물의 책』 『식물과 나』 등의 전작을 통해 식물의 세계, 그리고 식물과의 관계 맺음에 관해 누구보다 세심하게 들여다본 식물세밀화가·원예학 연구자 이소영 저자가 이번에는 식물을 마주하는 올바른 시선에 대해 이야기한다.",https://image.aladin.co.kr/product/33994/50/cover500/k322930644_1.jpg, 이소영 지음, 위즈덤하우스,2024
자연과학,이기적 유전자,"과학을 넘어선 우리 시대의 고전, 『이기적 유전자』 40주년 기념판. 진화론의 새로운 패러다임을 제시한 이 책은 다윈의 ‘적자생존과 자연선택’이라는 개념을 유전자 단위로 끌어내려 진화를 설명한다.",https://image.aladin.co.kr/product/17048/25/cover500/8932473900_1.jpg," 리처드 도킨스 지음;홍영남,이상임 옮김", 을유문화사,2020
자연과학,이기적 유전자,"과학을 넘어선 우리 시대의 고전, 『이기적 유전자』 40주년 기념판. 진화론의 새로운 패러다임을 제시한 이 책은 다윈의 ‘적자생존과 자연선택’이라는 개념을 유전자 단위로 끌어내려 진화를 설명한다.",https://image.aladin.co.kr/product/17048/25/cover500/8932473900_1.jpg," 리처드 도킨스 지음;홍영남,이상임 옮김", 을유문화사,2020
자연과학,"살아 보니, 지능",,https://shopping-phinf.pstatic.net/main_4463434/44634345623.20231215070811.jpg, 이권우 외 지음, 어크로스(어크로스출판그룹),2023
자연과학,슈퍼 스페이스 실록,"과학 기술은 서양의 것이고 한국의 전통은 과학 기술과 반대된다고 생각하는 사람들에게, SF소설가이자 공학박사 곽재식 작가가 질문한다. 그는 조선왕조실록, 삼국유사, 고려사절요 등 수많은 문헌과 옛이야기, 전설, 신화를 모아 정리하고 이야기꾼 특유의 상상과 유머를 더해 다음의 답까지 제시한다",https://shopping-phinf.pstatic.net/main_4607979/46079797625.20240301070942.jpg, 곽재식 지음;김듀오 그림, 파랑새,2024
자연과학,청소년을 위한 수학의 역사,"지레 겁먹고 ‘수포자’가 되기엔 이르다. 지피지기면 백전백승이라고 했다. 이 책을 읽으며 수학의 역사를 하나하나 알아 가고, 수학의 원리에 한 걸음 한 걸음 다가가 보자. 결국 수학에 흥미와 호기심을 느끼게 되고 자연스럽게 수학과 친해져 있을 것이다.",https://shopping-phinf.pstatic.net/main_4433091/44330912618.20231201070811.jpg, 한상직 지음, 초록서재(노란돼지),2023
자연과학,(읽자마자 우주의 구조가 보이는)우주물리학 사전,"우주가 지닌 가장 큰 매력은 ‘정체를 아무도 모른다’라는 것이다. 오랫동안 우주를 연구해 온 천문학자, 우주물리학자, 우주 비행사조차 알고 있는 것은 극히 일부일 뿐이다. 따라서 우주를 이해하기 위해 필요한 것은 지식이나 수학 실력이 아니라 모르는 것에 주눅 들지 않고 끊임없이 질문하는 지적 호기심뿐이다. 우주물리학은 우주에 관해 궁금했던 사실들은 물론, 아직 밝혀지지 않은 것까지도 직접 생각하고 답할 수 있는 힘을 길러준다.",https://shopping-phinf.pstatic.net/main_4890279/48902797623.20240704092920.jpg, 다케다 히로키 지음;전종훈 옮김, 보누스,2024
자연과학,수포자들의 좌충우돌 수학 수업. 1,"수학과 만화, 소설이 만났다. 각자 개성 뚜렷한 학생들이 ‘수학 괴짜’ 선생님을 만나 흥미로운 모험을 벌이며 수학으로 문제를 해결해 나간다. “수학이 무슨 쓸모가 있어요?”라고 묻던 학생들을 수학에 빠져들게 하는 감동적인 선생님과 삶의 의미는 물론 진로, 사랑, 우정 등을 고민하며 성장해 나가는 학생들의 이야기가 펼쳐진다.",https://shopping-phinf.pstatic.net/main_4890099/48900990618.20240704093229.jpg, 라이이웨이 지음;NIN 그림;김지혜 옮김, 미디어숲,2024
자연과학,수포자들의 좌충우돌 수학 수업. 2,"수학과 만화, 소설이 만났다. 각자 개성 뚜렷한 학생들이 ‘수학 괴짜’ 선생님을 만나 흥미로운 모험을 벌이며 수학으로 문제를 해결해 나간다. “수학이 무슨 쓸모가 있어요?”라고 묻던 학생들을 수학에 빠져들게 하는 감동적인 선생님과 삶의 의미는 물론 진로, 사랑, 우정 등을 고민하며 성장해 나가는 학생들의 이야기가 펼쳐진다.",https://shopping-phinf.pstatic.net/main_4890099/48900990618.20240704093229.jpg, 라이이웨이 지음;NIN 그림;김지혜 옮김, 미디어숲,2024
자연과학,(개념연결)고등수학사전,"2015년 『개념연결 초등수학사전』, 2016년 『개념연결 중학수학사전』을 펴낸 이후 교사와 학생 들의 열화와 같은 요청으로 『개념연결 고등수학사전』을 출간한다. 그리고 ‘2022 개정 교육과정’이 2025년 고1부터 적용됨에 따라 ‘행렬’이 새로 교육과정에 들어가게 되었다.",https://shopping-phinf.pstatic.net/main_4901422/49014228619.20240711071717.jpg, 최수일 지음;김재훈 그림, 비아에듀,2024
자연과학,청소년을 위한 기후변화 에세이,청소년들이 기후변화의 원인과 현상을 과학적으로 이해할 수 있도록 안내한다. 또한 지구에 대한 정확한 지식을 바탕으로 보다 슬기롭고 정의로운 해결책을 찾아 실천할 수 있도록 이끌어준다. 저자는 지구 환경과 기후변화를 청소년의 눈높이에 맞춰 알려주는 책을 꾸준히 집필해 왔다. 청소년은 기후위기 시대의 ‘당사자’이기 때문이다.,https://shopping-phinf.pstatic.net/main_4986114/49861147645.20240820084831.jpg, 남성현 지음, 해냄,2024
자연과학,(하리하라의)과학 배틀,"우리나라를 대표하는 과학 커뮤니케이터, 하리하라 이은희 작가의 『하리하라의 과학 배틀』이 출간되었다. 과학을 친숙하게 알려온 저자가, 청소년의 과학적 사고력을 위해 이번에 꺼내 든 카드는 바로 ‘과학 토론’이다.",https://shopping-phinf.pstatic.net/main_4707066/47070669622.20240416080223.jpg, 이은희 글;구희 그림, 비룡소,2024
자연과학,인간이 되다,영국 웨스트민스터대학 과학 커뮤니케이션 교수이자 『오리진』 『사피엔스가 알아야 할 최소한의 과학 지식』으로 한국 독자들을 만나온 작가 루이스 다트넬은 ‘인간 삼부작’의 마지막 책 『인간이 되다』에서 처음으로 이 독특하고 변덕스럽고 연약한 인간 본성이라는 렌즈로 관찰한 우리 인간의 이야기를 들려준다.,https://shopping-phinf.pstatic.net/main_4854737/48547379622.20240621071221.jpg, 루이스 다트넬 지음;이충호 옮김, 흐름,2024
자연과학,신의 영혼 오로라,"세계 유명 천체사진가 40인으로 구성된 ‘TWAN’의 일원이자, 한국인 최초로 NASA ‘오늘의 천체사진’에 선정된 사진가 권오철이 집약한 국내 유일 오로라 안내서이다. 단 한 권만으로도 오로라에 관한 지식이 쌓이는 것은 물론, 오로라 여행 준비가 가능하도록 모든 정보를 담았다.",https://shopping-phinf.pstatic.net/main_3731812/37318128636.20230927071328.jpg, 권오철 글·사진, 씨네21북스,2023
자연과학,수학의 아름다움이 서사가 된다면,"수학과 문학은 어떤 연관성이 있으며, 어떻게 우리의 상상력과 창조적 사고를 확장해갈까? 《수학의 아름다움이 서사가 된다면》에서 소개하는 수학과 문학의 기막힌 연결성을 살피다 보면 이 질문에 대한 답을 발견할 수 있을 것이다.",https://shopping-phinf.pstatic.net/main_4980030/49800308633.20240820090036.jpg, 사라 하트 지음;고유경 옮김, 미래의창,2024
자연과학,개념 잡는 수학툰. 1: 규칙 찾기에서 수열까지,초·중·고 수학 교과서에 주요하게 등장하는 개념과 원리들을 알차게 다루면서도 이를 툰(toon) 형식으로 쉽고 재미있게 풀어냈다. 또한 현실과 판타지 세계를 넘나드는 ‘판타지 여행’이라는 콘셉트로 아이들의 흥미와 호기심을 자극한다.,https://shopping-phinf.pstatic.net/main_3243819/32438192664.20230920072617.jpg, 정완상 지음;김민 그림, 성림주니어북,2021
자연과학,(읽자마자 우주의 구조가 보이는)우주물리학 사전,"우주가 지닌 가장 큰 매력은 ‘정체를 아무도 모른다’라는 것이다. 오랫동안 우주를 연구해 온 천문학자, 우주물리학자, 우주 비행사조차 알고 있는 것은 극히 일부일 뿐이다. 따라서 우주를 이해하기 위해 필요한 것은 지식이나 수학 실력이 아니라 모르는 것에 주눅 들지 않고 끊임없이 질문하는 지적 호기심뿐이다. 우주물리학은 우주에 관해 궁금했던 사실들은 물론, 아직 밝혀지지 않은 것까지도 직접 생각하고 답할 수 있는 힘을 길러준다.",https://shopping-phinf.pstatic.net/main_4890279/48902797623.20240704092920.jpg, 다케다 히로키 지음;전종훈 옮김, 보누스,2024
자연과학,졸 틈 없는 수학책,"쓱~ 읽다 보면 눈이 번쩍! 떠지는 쉽고 재미있는 숫자 인문학으로, 현실 세상을 이루는 수학의 무궁무진한 세계가 숨 돌릴 틈 없이 펼쳐지는 놀라운 수학책이다. 101개의 숫자에 얽힌 흥미로운 이야기가 가득하다.",https://shopping-phinf.pstatic.net/main_5052090/50520900620.20240929071022.jpg, 송명진 지음, 블랙피쉬,2024
자연과학,(한 권으로 읽는)과학 노벨상,"아인슈타인, 슈뢰딩거, 퀴리 부부… 누구나 한 번쯤은 들어봤을, 과학 노벨상을 빛낸 인물들이다. 이 책은 현대 과학에서 빼놓을 수 없는 노벨상 수상 연구자들과 그들의 발견 및 발명을 쉽고 풍부한 도판과 박스글로 하나하나 소개한다.",https://shopping-phinf.pstatic.net/main_4460808/44608080621.20231213070751.jpg, 가키모치 글·그림;정한뉘 옮김, 주니어태학,2023
자연과학,맛있는 연산,"수학 공부에서 떼려야 뗄 수 없는 연산의 모든 것을 담았다. 연산을 둘러싼 지식과 생각, 아이디어들이 어떻게 다른 영역들과 영향을 주고받았는지를 보여주면서 연산이 무엇인지 등을 들려주며 연산을 구체적이면서도 정확하게 이해하고 수학의 즐거움을 일깨울 수 있도록 해준다.",https://shopping-phinf.pstatic.net/main_3273367/32733670627.20230214162832.jpg, 수냐 지음, 지노,2022
자연과학,두근두근 확률과 통계,푸는 수학책이 아니라 읽고 이해하는 수학책이다. 저자는 무엇보다 독자들이 확률과 통계의 개념과 원리를 제대로 이해하고 그 활용적 면모까지 두루 생각할 수 있도록 하는 데 주안점을 두어 집필하였다.,https://shopping-phinf.pstatic.net/main_4078691/40786917618.20230704084922.jpg, 수냐 지음, 지노,2023
자연과학,빅 퀘스천 과학사,"질문은 모든 학문의 원동력이다. 과학에서도 마찬가지다. 《빅 퀘스천 과학사》는 인류 삶을 크게 바꾼 과학의 질문을 엄선하고, 이 질문들을 주축으로 삼아 과학의 기원부터 현재의 우주 개발까지 과학의 역사를 펼쳐 보인다.",https://shopping-phinf.pstatic.net/main_4681236/46812361621.20240404071059.jpg, 원정현 지음, 날,2024
자연과학,나도 수학 불안?,수학의 요모조모를 다각도에서 살펴보며 왜 위대하고 훌륭한 수학이 밥맛없고 생각하기도 싫은 괴물이 되었는지 입체적으로 살펴보며 그 정체를 따져 본다. 저자가 교사로 활동하면서 겪은 경험과 좀 더 현실적으로 학생들에게 도움이 될 수 있는 구체적인 수학 내용을 함께 다루었다.,https://shopping-phinf.pstatic.net/main_4275123/42751236626.20230926085156.jpg, 배부경 지음;하루치 공저, 마음이음,2023
자연과학,"(개념, 용어, 이론을 쉽게 정리한)생명과학 사전",그린북 ‘과학 사전’ 시리즈의 여섯 번째 책. 생명과학은 최근까지도 눈부시게 발전하고 새로운 정보가 범람하고 있다. 이 책은 생명과학의 이론을 일상과 밀접한 문제로 풀어 설명하면서 기초 지식이 부족한 사람들의 접근성을 높였다.,https://shopping-phinf.pstatic.net/main_3244109/32441093628.20221019140059.jpg, 오이시 마사미치 지음;이재화 옮김, 그린북,2021
자연과학,"미적분, 놀라운 일상의 공식","저자는 미적분 개념을 전혀 모르거나, 뭔지 알고 싶어 하는 수학 문외한부터 수학 수업을 더 잘 이해하고 싶고 수학 시험 고득점을 원하는 학생, 수학은 잘하지만 미적분을 더 깊이 이해하고 싶은 고수, 또 수학 수업을 더 알기 쉽게 설명하고자 하는 교사나 강사들을 염두에 두고 이 책을 썼다. 각자의 필요에 따라 원하는 만큼 떠먹여 주는 실용적인 수학 교양서다.",https://shopping-phinf.pstatic.net/main_5006972/50069723622.20240831091027.jpg, 구라모토 다카후미 지음;김소영 옮김, 미디어숲,2024
자연과학,단숨에 이해하는 수학 공식 사전,"도형, 방정식, 비례, 함수, 삼각비, 미분, 적분 등 중‧고등학교 교과과정에서 배우는 수학 과정에서 꼭 알아야 하는 필수 공식 109가지를 그림을 활용해 쉽게 정리해놓았다. 급하게 공식을 찾아야 할 때나 개념을 빨리 정리하고 싶을 때 더욱 효과적인 책이다.",https://shopping-phinf.pstatic.net/main_4281375/42813759618.20231004072332.jpg, 아키톤톤 지음;이정현 옮김, 반니,2023
자연과학,(극지로 온)엉뚱한 질문들,"남극, 북극을 시작으로 극지 탐험의 역사와 해저 세계와 지구에 이르기까지 질문과 답변을 따라가면 차근차근 이해가 깊어진다. 마지막 질문과 답변을 읽을 때쯤이면 극지의 겉과 속이 머릿속에 훤히 그려진다. 인류의 미래를 예측하려면 남극과 북극을 알아야 한다. 지구의 탄생과 미래의 열쇠를 품고 있는 극지의 모든 것을 체계적으로 알려주는 지구과학 입문서.",https://shopping-phinf.pstatic.net/main_4908301/49083017620.20240713091014.jpg, 박숭현 지음, 정은문고,2024
자연과학,생물다양성 쫌 아는 10대,인간을 비롯해 살아 있는 모든 것의 미래를 좌우할 생물다양성과 멸종 이야기를 담은 ‘과학 쫌 아는 십대’ 시리즈의 스무 번째 책이다. 오랫동안 생명을 관찰하며 쉽고 재미있는 생물 이야기를 써 온 김성호 선생님은 이번 책에서 생물다양성을 이해하기 쉽게 전한다.,https://shopping-phinf.pstatic.net/main_5088070/50880709634.20241017092216.jpg, 김성호 글;도아마 그림, 풀빛,2024
자연과학,블랙홀,제목에서 알 수 있듯 이 책의 주제는 블랙홀이다. 블랙홀의 정체를 밝히기 위해 고군분투했던 과학자들의 수많은 논쟁과 연구로 책의 서막이 열린다. 호기심에서 시작된 연구는 블랙홀에서 우주의 기원과 시공간의 근본적 특성까지 유추하는 수준에 도달했다.,https://shopping-phinf.pstatic.net/main_5362777/53627774397.20250320071605.jpg," 브라이언 콕스,제프 포셔 지음;박병철 옮김", 알에이치코리아,2025
자연과학,뇌가 힘들 땐 미술관에 가는 게 좋다,존스홉킨스 의대 산하의 국제예술마인드 연구소 창립자인 수전 매그새먼과 구글 하드웨어 제품 개발부의 디자인 부총괄 아이비 로스가 공동 집필한 이 책은 아름다움의 감각을 마주한 뇌가 우리 삶을 어떻게 변화시키는지 이야기한다.,https://shopping-phinf.pstatic.net/main_5359973/53599736897.20250318085914.jpg," 수전 매그새먼,아이비 로스 지음;허형은 옮김", 윌북,2025
자연과학,갈 수 없지만 알 수 있는,유튜브 〈우주먼지의 현자타임즈〉 〈보다BODA〉를 통해 대중에게 잘 알려진 지웅배 박사가 천문학의 탐구 여정을 ‘거리 측정’이라는 독창적 시선으로 풀어낸 흥미로운 과학책이다. 천문학자들은 직접 갈 수 없는 먼 우주의 거리를 어떻게 측정해 왔을까?,https://shopping-phinf.pstatic.net/main_5359973/53599736812.20250320071543.jpg, 지웅배(우주먼지) 지음, 더숲,2025
자연과학,은하의 모든 순간,"우리나라에서 최초로 은하를 관측했고, 1993J 초신성 동정으로 전 세계에 이름을 알린 안홍배 교수의 은하 이야기. 그는 1970년대부터 현재까지 한순간도 연구를 쉬지 않고 논문을 쓰며 전 세계 학회지를 장식했다. 그의 은하 연구는 우주론 역사와 고스란히 맞닿아 있고, 이 책은 우리나라 학자가 경험을 살려 직접 쓴 우주론이다.",https://shopping-phinf.pstatic.net/main_4681236/46812366619.20240404071105.jpg, 안홍배 지음, 위즈덤하우스,2024
자연과학,나의 두 번째 교과서 × 궤도의 다시 만난 과학,"‘교과서 속 지식’을 ‘어른들을 위한 교양’으로 새롭게 녹여낸 EBS 프로그램 <나의 두 번째 교과서: 과학 편>을 다시 한 번 글로 써낸 것이다. 이 책의 저자 궤도는 과학 선생님으로 합류했고, 복잡한 과학 이론들 중 성인이 되어서도 여전히 유익한 내용들만 선별하여 꾹꾹 눌러 담았다.",https://shopping-phinf.pstatic.net/main_5161432/51614322621.20241127092352.jpg," 궤도,송영조 지음", Page2(페이지2),2024
자연과학,과학을 보다. 3,"230만 구독자를 보유한 유튜브 채널 〈보다BODA〉의 인기 시리즈 〈과학을 보다〉가 세 번째 책으로 돌아왔다. 유튜브 영상으로 과학의 매력을 전하던 이들이 첫 번째 책을 통해 일반 독자들에게 과학의 문턱을 낮추고, 두 번째 책으로 깊이 있는 생물학적 통찰을 선보였다면, 이번 『과학을 보다 3』에서는 한층 더 폭넓은 주제와 다채로운 이야기를 담아냈다.",https://shopping-phinf.pstatic.net/main_5264830/52648306235.20250127073401.jpg, 김범준 외 지음, 알파미디어,2025
자연과학,수학의 숲을 걷다,"위상수학 분야의 세계적 권위자이자 국제수학올림피아드 한국대표단을 30년간 이끌어 온 송용진 교수는, 많은 사람들이 갖고 있는 수학에 대한 갈증을 해소하기 위해 이 책 《수학의 숲을 걷다》를 썼다.",https://shopping-phinf.pstatic.net/main_5373627/53736279779.20250325081230.jpg, 송용진 지음, 블랙피쉬,2025
자연과학,과학의 첫 문장,"다윈의 『종의 기원』부터 아인슈타인의 『상대성 이론』과 리처드 도킨스의 『이기적 유전자』까지, 온전히 독파하기엔 너무 두껍고 복잡한 과학책들을 쉽고 가볍게 읽을 순 없을까? 『과학의 첫 문장』은 인류 역사에 가장 강력한 영향을 미친 과학 원전 36권을 담은 책이다.",https://dls2.edunet.net/DLS/api/homepage/holding/getCoverImage.do?prov_code=E10&neis_code=E100000276&bib_key=34206504354, 수잔 와이즈 바우어 지음;김승진 옮김, 윌북,2025
자연과학,아인슈타인과 논쟁을 벌여봅시다,풍부한 사례와 생생한 묘사를 중심으로 독자들이 시공간을 넘나들며 다양한 시대에 걸쳐 일어난 물리학의 주요 사건과 인물을 한 편의 영화를 보듯이 생생하게 경험하게 한다. 200년의 물리학 발전 역사와 그 과정에서 탄생한 중요한 이론들에 대해 설명한다.,https://shopping-phinf.pstatic.net/main_5050613/50506132667.20240927092401.jpg, 후위에하이 지음;이지수 옮김, 미디어숲,2024
자연과학,나무들의 비밀스러운 생활,2015년 독일에서 출간된 이래 40여 개 언어로 번역되며 전 세계 700만 독자를 열광하게 한 세계적 베스트셀러 《나무들의 비밀스러운 생활Das geheime Leben der Baume》(국내 출간 도서명: 《나무수업》)이 그래픽 노블로 다시 태어났다.,https://dls2.edunet.net/DLS/api/homepage/holding/getCoverImage.do?prov_code=E10&neis_code=E100000276&bib_key=34206511735, 페터 볼레벤 원작·각색;프레드 베르나르 각색;벤자민 플라오 그림;유정민 옮김, 더숲,2025
자연과학,(시야가 트이고 관점이 생기는)말랑말랑 우주여행,우주 박사와 과학잡지 편집자 도코와의 대화 형식으로 이뤄진 이 책은 꼬리에 꼬리를 무는 우주에 관한 이야기가 단순히 외워야 할 지식이 아니라 무궁무진한 탐험의 세계임을 알려준다.,https://dls2.edunet.net/DLS/api/homepage/holding/getCoverImage.do?prov_code=E10&neis_code=E100000276&bib_key=34206515539, 이즈쓰 도모히코 지음;김소영 옮김, 예경,2025
자연과학,모든 계절의 물리학,"물리학을 사랑한 나머지 진짜 물리학자가 된 저자가, 평범한 일상에 숨은 경이로운 물리학의 세계를 파헤쳐 소개하는 책이다. 단지 흥미로운 과학 이야기들을 나열하는 것이 아니라 봄, 여름, 가을, 겨울 등 사계절을 둘러싼 익숙한 장면들이 ‘물리학’이라는 언어로 새롭게 탄생하는 경험을 제공한다.",https://dls2.edunet.net/DLS/api/homepage/holding/getCoverImage.do?prov_code=E10&neis_code=E100000276&bib_key=34206550378, 김기덕 지음, 다산북스,2025
자연과학,세상은 어떻게 작동하는가,"우리가 가장 궁금해 하는 질문들에 대한 세계 최고의 지성 31인의 답을 모은 책. 리처드 도킨스, 대니얼 데닛, 폴 데이비스 등 다양한 분야에서 활발히 활약하고 있는 과학자와 사상가들의 이야기를 ‘지식의 지휘자’라 불리는 거물 편집자 존 브록만이 직접 받아서 엮었다.",https://dls2.edunet.net/DLS/api/homepage/holding/getCoverImage.do?prov_code=E10&neis_code=E100000276&bib_key=34206608864, 리처드 도킨스 외 지음;존 브록만;카딘카 매트슨 [공]엮음;김동광 옮김, 슬,2025
자연과학,수학의 중력,"물리학의 언어로만 여겨졌던 중력 이론이 사실 수학과 물리학이 긴밀하게 얽혀 태어났음을 밝히며, 일반상대성이론의 발전사를 새로운 시각에서 조명한다. 저명한 수학자이자 필즈상 수상자인 야우싱퉁과 과학 저널리스트 스티브 네이디스가 함께 집필했다.",https://dls2.edunet.net/DLS/api/homepage/holding/getCoverImage.do?prov_code=E10&neis_code=E100000276&bib_key=34206609236, 야우싱퉁;스티브 네이디스 [공]지음;박초월 옮김, 동녘사이언스,2025
자연과학,꽃도감,"꽃집과 플라워 스튜디오에서 가장 많이 쓰는 절화와 소재 469종을 엄선하여 그 특징과 관리법을 일목요연하게 정리한 도감이다. 각 꽃과 소재의 특징을 한눈에 볼 수 있는 대표 사진을 중심으로 개화 시기, 종류, 크기, 색상, 꽃말, 관리 방법 등을 차트로 알기 쉽게 정리했다.",https://dls2.edunet.net/DLS/api/homepage/holding/getCoverImage.do?prov_code=E10&neis_code=E100000276&bib_key=34206772770, 나카무라 히로미;토모나리 쿄코;미츠도메 레이코 [공]지음;방현희 옮김, 한스미디어(한즈미디어),2024
자연과학,빅뱅에서 블랙홀까지,"빅뱅의 순간, 폭발음이 들렸을까? 초창기 우주 유물은 무엇이고 어쩌다 발견되었을까? ‘사건의 지평선’은 왜 그런 이름으로 불릴까? 원시 수프 속을 유영하고, 블랙홀에 뛰어들며, 138억 년 진화의 시공간을 달리는 슬랩스틱 천체물리학 쇼가 펼쳐진다.",https://dls2.edunet.net/DLS/api/homepage/holding/getCoverImage.do?prov_code=E10&neis_code=E100000276&bib_key=34206780451, 에르지 지음;이충호 옮김, 탐(토토북),2025
자연과학,괴담으로 과학하기,"해외의 괴담 소재 11가지를 끌어와 딱 청소년들의 눈높이에 맞춰 설명해준다. 마녀, 흡혈귀를 지나 평행우주와 인공지능 시대의 괴담에 대해 풀어내면서 동시에 우리가 알지 못했던 과학의 발전, 그리고 그 이면에 대해 생각해볼 수 있도록 도와준다.",https://dls2.edunet.net/DLS/api/homepage/holding/getCoverImage.do?prov_code=E10&neis_code=E100000276&bib_key=34206780952, 박재용 지음, 생각학교,2023
자연과학,뇌 없이도 생각할 수 있는가,"식물은 뇌도, 신경도 없다. 그러나 놀랍게도 수많은 결정을 내리고, 환경을 예측하며, 자신에게 유리한 방향으로 성장해나간다. 이 책은 신경과학, 식물생리학, 심리학, 철학의 경계를 넘나들며 식물이 보여주는 고차원적 정보처리 능력을 조명한다.",https://dls2.edunet.net/DLS/api/homepage/holding/getCoverImage.do?prov_code=E10&neis_code=E100000276&bib_key=34206781497, 파코 칼보 지음;하인해 옮김, 휴머니스트,2025
자연과학,(중고생들이 꼭 읽어야 할)화학 필독서 30,"중고등학생들이 가장 어려워하는 화학 과목을 기초개념부터 심화응용, 고전 명작까지 총 30권을 엄선해, 각 책의 핵심 내용을 소개하고 교과 연계는 물론 후속 활동까지 총망라한 단 한 권의 화학 안내서다.",https://dls2.edunet.net/DLS/api/homepage/holding/getCoverImage.do?prov_code=E10&neis_code=E100000276&bib_key=34206800532, 윤정인 지음, 센시오,2025
자연과학,"출출할 땐, 주기율표","곽재식 작가가 3년 만에 내놓는 두 번째 주기율표 이야기다. 전작 《휴가 갈 땐, 주기율표》에 원자 번호 1번부터 20번까지 스무 가지 원소를 소개한 데 이어 《출출할 땐, 주기율표》에는 원자 번호 21번부터 40번까지 스무 가지 원소 이야기를 담았다.",https://shopping-phinf.pstatic.net/main_5148347/51483479620.20260331114855.jpg, 곽재식 지음, 초사흘달,2024
자연과학,읽으면 수학천재가 되는 만화책. 1,"수학이 처음 태어난 곳으로 우리를 데려다줄 것이다. 수가 생겨나고, 덧셈과 뺄셈이 생겨나고, 분수와 소수가 탄생하던 곳. 그곳에서 우리는 수학과 못다 나눈 대화를 나눌 수 있을까? 외계어에 불과했던 숫자를 진정으로 이해하게 될까? 이제는 마음의 문을 열고, 수학의 이야기를 들어볼 차례다.",https://shopping-phinf.pstatic.net/main_5735841/57358412376.20260331115837.jpg, 김지영 저, Old Stairs(올드스테어즈),2025
자연과학,세상을 이해하기 위한 최소한의 화학,100개의 화학물질로 우주의 탄생부터 인류의 미래까지를 설명한다. AI 시대에도 필요한 물질의 기본 원리를 6부 구성의 서사로 풀어낸 화학 교양서다.,https://shopping-phinf.pstatic.net/main_5844507/58445073612.20260331123552.jpg, 김성수 지음, 지상의 책,2026
자연과학,무엇도 홀로 존재하지 않는다,"세계적 물리학자 카를로 로벨리의 첫 에세이다. 이탈리아 대표 일간지 〈코리에레델라세라〉 등 여러 글로벌 매체에 기고해온 글과 말을 모았다. 시간과 공간을 넘나들며 우주의 물리학적 현상을 추적해온 저자가, 이번에는 현실을 살아가는 사람과 사람의 이야기, 그 바탕에 깔린 과학과 철학, 예술의 진정한 의미로 시선을 옮긴다.",https://shopping-phinf.pstatic.net/main_5489201/54892016437.20260331100128.jpg, 카를로 로벨리 지음;김정훈 옮김, 쌤앤파커스,2025
자연과학,뒷마당 탐조 클럽,"2016년, 64세의 탄은 가짜뉴스와 혐오가 일상화되고 그 어느 때보다 나라가 분열된 현실에 압도당했다. 위안과 평화를 찾기 위해 그녀는 자연으로 눈을 돌렸다. 자연 일지 수업에 나가 그림을 배우고, 탐사 모임에 참석해 새들을 관찰했다. 그러다 문득 자기 집 뒷마당에도 새들이 무척 많다는 사실을 깨닫고, 그곳을 새들의 천국으로 만들기로 결심한다.",https://shopping-phinf.pstatic.net/main_5534067/55340676319.20260331104004.jpg, 에이미 탄 지음;조은영 옮김, 코쿤북스,2025
자연과학,(세상에서 가장 쉬운)교양 교과서 : 자연과학,"과학사, 물리학, 상대성 이론, 양자론, 우주, 수학, 화학, 지구사 등 전문적인 자연과학 분야의 책을 읽기 위해 필요한 ‘배경지식’을 한 권에 압축해서 담았다.",https://shopping-phinf.pstatic.net/main_5810632/58106323982.20260331104659.jpg, 고다마 가쓰유키 지음;Fancomi 그림;정한뉘 옮김, 태학사,2025
자연과학,완벽하지 않은 것이 살아남는다,"가장 강한 종이 아니라 회복하는 종이 살아남는다. 적자생존의 오해를 넘어 진화의 진짜 전략을 밝히며, 인류세의 위기를 극복할 생존의 상상력을 제시한다.",https://shopping-phinf.pstatic.net/main_5847559/58475594319.20260331105311.jpg, 대니얼 R. 브룩스;살바토레 J. 에이고스타 지음;장혜인 옮김, 더퀘스트,2026
자연과학,AI가 쉬워지는 최소한의 수학,"인공지능이 일상이 된 시대, 어디서부터 이해해야 할지 막막한 질문에서 출발한다. 17년 차 교사 이동준은 챗GPT, 추천 알고리즘, 자율주행차, 생성형 인공지능 등 우리 삶에 스며든 기술을 수학의 언어로 풀어낸다.",https://shopping-phinf.pstatic.net/main_5872377/58723776882.20260331094917.jpg, 이동준 지음, 지상의 책,2026
자연과학,뇌과학자는 영화에서 인간을 본다,영화 속 주인공들의 뇌에서는 무슨 일이 벌어지고 있을까? 책은 20만부 이상이 팔린 <물리학자는 영화에서 과학을 본다>의 ‘뇌과학’ 편이라고 할 수 있다.,https://shopping-phinf.pstatic.net/main_3246705/32467058670.20260331094815.jpg, 정재승 지음, 어크로스,2017
자연과학,(중고생들이 꼭 읽어야 할)화학 필독서 30,"중고등학생들이 가장 어려워하는 화학 과목을 기초개념부터 심화응용, 고전 명작까지 총 30권을 엄선해, 각 책의 핵심 내용을 소개하고 교과 연계는 물론 후속 활동까지 총망라한 단 한 권의 화학 안내서다.",https://dls2.edunet.net/DLS/api/homepage/holding/getCoverImage.do?prov_code=E10&neis_code=E100000276&bib_key=34206800532, 윤정인 지음, 센시오,2025
자연과학,"날씨를 마음대로, 기상조절",,https://image.aladin.co.kr/product/355/64/cover500/8934934107_1.jpg, 기상조절연구그룹 지음, 김영사,2009
자연과학,해양과 인간. 2,,https://image.aladin.co.kr/product/52/70/cover500/8944410127_1.jpg, 최형태;김웅서 엮음, 한국해양연구소,1999
자연과학,연안개발. 6,,https://image.aladin.co.kr/product/52/70/cover500/894441016x_1.jpg, 송원오;박우선 엮음, 한국해양연구원,2001
자연과학,날씨,"교사와 해당 분야의 연구자들과 과학동아, 어린이과학동아의 과학기자들이 함께 만든 '초등 과학뒤집기' 시리즈. 하루가 다르게 변화무쌍한 날씨의 원인과 내일의 날씨를 예측하는 법, 점점 심각해져 가는 황사, 오존, 온난화 속에서 지구를 살리기 위해 우리가 힘써야 하는 점들을 알아본다.",https://image.aladin.co.kr/product/170/35/cover500/8958850809_1.jpg, 정재은 지음;박수영 그림, 성우주니어,2009
자연과학,진화,"교사와 해당 분야의 연구자들과 과학동아, 어린이과학동아의 과학기자들이 함께 만든 '초등 과학뒤집기' 시리즈. 지금은 그 수를 헤아릴 수 없을 만큼 늘어난 지구의 생명체들. 그들은 다양한 모습으로 진화를 거듭해 왔으며, 지금도 그 과정은 이어지고 있다.",https://image.aladin.co.kr/product/170/40/cover500/8958850817_1.jpg, 한규호 지음;이국현 그림, 성우주니어,2009
자연과학,지구와 달,,https://image.aladin.co.kr/product/213/17/cover500/8958850884_1.jpg, 김은량 지음;김분묘 그림, 성우주니어,2009
자연과학,혼합물 분리,,https://image.aladin.co.kr/product/249/13/cover500/8958851546_1.jpg, 김경은 지음;이국현 그림, 성우주니어,2009
자연과학,전기와 자기,,https://image.aladin.co.kr/product/258/99/cover500/8958850957_1.jpg, 배대성 지음;장동현 그림, 성우주니어,2009
자연과학,파동,,https://image.aladin.co.kr/product/258/98/cover500/8958850981_1.jpg, 최은정 지음;강준구 그림, 성우주니어,2009
자연과학,(관측과 기록으로 이어온)우리 천문학,"현대 천문학자의 날카로운 시선으로 우리 역사 속 천문학과 그 기록을 읽어내며, 당시 하늘과 별을 바라보던 시대상까지 치열하게 좇은 결과물이다. 천문학자인 저자는 망원경 대신 기록이라는 도구를 통해 오늘의 시점에서 옛 하늘을 살펴보았다.",https://shopping-phinf.pstatic.net/main_5841585/58415854382.20260331120023.jpg, 전준혁 지음, 플루토,2026
자연과학,21세기 과학의 포커스,"한국 과학의 메카인 서울대 자연과학대학 교수들이 청소년들을 위해 쉽고 재미있게 쓴 21세기 과학의 조감도이다. 과 이어지는 책으로, 1995년에 초판이 발행되었고 이번이 개정판이다.",https://image.aladin.co.kr/product/41/58/cover500/8971969571_1.jpg, 서울대학교자연과학대학교수20인 지음, 사계절,2009
자연과학,과학은 흐른다. 3: 서양중세~르네상스,,https://image.aladin.co.kr/product/53/39/cover500/8972785148_1.jpg, 정혜용 지음;신영희 만화, 청년사,2008
자연과학,과학은 흐른다. 5: 17~18세기 과학혁명Ⅱ,"초등학생부터 성인까지 모두 읽을 수 있는 교양만화. 17~18세기 과학 혁명을 다룬 4, 5권이 출간 되었다. 한국문화콘텐츠진흥원 우수기획실용만화 당선작이다.",https://image.aladin.co.kr/product/61/17/cover500/8972785350_1.jpg, 정혜용 지음;신영희 만화, 청년사,2009
자연과학,이야기 수학퍼즐 아하!,"고전적인 수학퍼즐에서부터 시작하여 관련 문제들을 함께 다루고 있는 수학퍼즐의 본보기를 보여주는 책으로, 독자들이 문제 해결 과정에서 직관력을 잘 발휘할 수 있게끔 구성하였다. 지은이는 해설 과정에서 퍼즐들이 수학의 각 분야와 어떻게 연관을 맺는지, 그 바탕에 깔린 수학적 원리는 무엇인지, 현대 수학의 중요한 측면들과 어떻게 연결되는지 소개하였다.",https://image.aladin.co.kr/product/103/25/cover500/895828272x_1.jpg, 마틴 가드너 지음;이충호 옮김, 사계절,2008
자연과학,(별자리판과 함께 떠나는)어린왕자의 별자리여행,"북두칠성, 전갈자리, 오리온자리, 왕관자리, 처녀자리, 사자자리 등 다양한 모습으로 반짝이는 별자리들을 찾아가며 별자리에 얽힌 신화와 전설을 재미있게 들려주는 책이다. 이와 더불어, 화려하고 환상적인 성단과 성운, 은하의 모습을 보여주며 다양한 천문 지식을 가르쳐준다. 464쪽에 이르는 방대한 분량임에도 아빠와 아들의 대화 형식으로 재미있게 이루어져 있어 전혀 지루하지 않게 읽어나갈 수 있다.",https://image.aladin.co.kr/product/348/2/cover500/898559723x_1.jpg, 김상구 지음, 한승,2009
자연과학,(중학)과학 법칙 7일 만에 끝내기,"중학교에서 배우는 과학의 내용을 100개의 법칙과 공식으로 정리한 과학학습서. 풍부한 설명을 통해 쉽게 이해될 수 있도록 도와준다. 모든 법칙과 공식이 두 페이지의 내용으로 완벽하게 이해되며, 과학에 대한 자신감과 실력을 키울 수 있도록 구성했다. 또한 꼭지들 사이에 귀여운 양순이, 양돌이를 주인공으로 한 만화를 넣어 보는 즐거움을 더했다.",https://image.aladin.co.kr/product/411/16/cover500/8952211510_1.jpg, 니와신키 지음;박현석 옮김;NTOON 만화, 살림Math,2009
자연과학,"과학 선생님, 독일 가다","현직 과학 교사들이 배낭을 메고 찾아간 독일 과학 문화의 현장을 담은 책. 독일 과학 기술의 어제와 오늘을 한눈에 볼 수 있는 국립 독일 박물관을 비롯한 다양한 종류의 박물관과 과학관을 둘러보고, 남부의 작은 도시 울름을 찾아 세계적인 물리학자 아인슈타인의 발자취도 따라가 본다.",https://image.aladin.co.kr/product/364/82/cover500/8971848081_1.jpg, 한문정 외 지음;정훈이 그림, 푸른숲,2011
자연과학,(한번은 꼭 읽어야 할)과학의 역사. 1: 수학·물리학·천문학,"주요 과학 분야의 핵심을 형성하는 중요 개념과, 그 개념이 어떻게 발전했는지에 대해 간략하게 설명하는 '과학 역사서'이다. 현대 과학 역사에 등장하는, 갈릴레오 이후의 주요 인물들의 업적을 고찰하고, 과학적인 발견과 개념이 문화에 미친 영향을 탐구한다.",https://image.aladin.co.kr/product/60/49/cover500/8990048575_1.jpg, 존 그리빈 엮음;최주연 옮김, 에코리브르,2009
자연과학,(하리하라의)생물학 카페,"생물학 분야에서 관심 높은 36가지 주제를 뽑아 청소년의 눈높이에 맞도록 쉽고 재미있게 엮은 책이다. 중, 고생은 물론, 과학에 대한 상식을 알고자 하는 일반인에게도 적합하다. 지은이가 인터넷에 연재했던 칼럼을 다듬어 경쾌한 일러스트와 시원한 입담, 신화 이야기를 섞어 재구성했다.",https://image.aladin.co.kr/product/36/76/cover500/8988804678_2.jpg, 이은희 지음, 궁리,2012
자연과학,DNA,유전자 혁명의 역사를 다룬다. '생물학'에 문외한인 사람도 쉽게 읽게끔 쓰여진 이 책은 왓슨과 크릭의 이중 나선 발견 50주년을 기념하여 발간되었다. 유전학의 산 증인인 왓슨은 이 책에서 DNA가 자기정체성에 대한 지식을 어떻게 넓혀왔는지 소개한다.,https://image.aladin.co.kr/product/42/31/cover500/897291357x_1.gif, 제임스 D. 왓슨;앤드루 베리 지음;이한음 옮김, 까치글방,2010
자연과학,(만화로 쉽게 배우는)미분적분,"신문사에 새로 입사한 주인공이 기자로 활동하면서 겪게 되는 여러 가지 문제들을 미분과 적분을 이용해 해결해 가는 과정을 그리고 있다. 주인공이 겪게 되는 다양한 상황들을 접해보면서 미분과 적분이 물리학, 통계학, 경제학 등의 분야에서 어떻게 활용되고 있는지 이해할 수 있다. 근사라는 개념을 통해 미분과 적분에 관련된 여러 가지 공식을 쉽게 이해할 수 있도록 설명하였다.",https://image.aladin.co.kr/product/1381/53/cover500/8931575548_1.jpg, Hiroyukio Kojima 지음;Shin Togami 그림;윤성철 옮김, 성안당,2011
자연과학,시간은 흐르지 않는다,"양자중력 이론의 선구자, 카를로 로벨리의 세 번째 책. 인간이 인류의 역사에서 시간을 어떻게 이해해왔는지 알게 되고, 나아가 인간의 한계를 뛰어넘어 지구의 시간, 아니 우주의 시간 그리고 시간의 본질에 대한 이해에 한 발짝 가까이 다가갈 수 있는 책이다.",https://image.aladin.co.kr/product/19340/52/cover500/s952635912_1.jpg, 카를로 로벨리 지음;이중원 옮김, 쌤앤파커스,2019
자연과학,교실 밖 세상을 풀어버린 수학,,https://image.aladin.co.kr/product/33/48/cover500/8987799794_1.jpg, 남호영;박제남 공저, 수학사랑,2011
자연과학,수학없는 물리,,https://image.aladin.co.kr/product/855/45/cover500/8945040374_1.jpg, 폴 휴이트 지음(Paul G. Hewitt 원저);김인묵;박홍이;엄정인;정광호 [같이]옮김, 피어슨에듀케이션코리아,2010
자연과학,수학없는 물리,,https://image.aladin.co.kr/product/855/45/cover500/8945040374_1.jpg, 폴 휴이트 지음(Paul G. Hewitt 원저);김인묵;박홍이;엄정인;정광호 [같이]옮김, 피어슨에듀케이션코리아,2010
자연과학,수학없는 물리,,https://image.aladin.co.kr/product/855/45/cover500/8945040374_1.jpg, 폴 휴이트 지음(Paul G. Hewitt 원저);김인묵;박홍이;엄정인;정광호 [같이]옮김, 피어슨에듀케이션코리아,2010
자연과학,수학없는 물리,,https://image.aladin.co.kr/product/855/45/cover500/8945040374_1.jpg, 폴 휴이트 지음(Paul G. Hewitt 원저);김인묵;박홍이;엄정인;정광호 [같이]옮김, 피어슨에듀케이션코리아,2010
자연과학,수학없는 물리,,https://image.aladin.co.kr/product/855/45/cover500/8945040374_1.jpg, 폴 휴이트 지음(Paul G. Hewitt 원저);김인묵;박홍이;엄정인;정광호 [같이]옮김, 피어슨에듀케이션코리아,2010
자연과학,다정함의 과학,"다양한 의학 연구와 수술기법의 발전으로 의학은 눈부신 성과를 만들어냈다. 그러나 비만, 우울증, 자살 등 다른 문제가 우리의 건강을 위협한다. 의학의 발전과 값비싼 치료가 건강에 실질적 도움을 주지 못한다면 대체 무엇이 우리를 건강하게 만드는 것일까?",https://image.aladin.co.kr/product/28712/2/cover500/k122836563_1.jpg, 켈리 하딩 지음;이현주 옮김, 더퀘스트,2022
자연과학,DNA,유전자 혁명의 역사를 다룬다. '생물학'에 문외한인 사람도 쉽게 읽게끔 쓰여진 이 책은 왓슨과 크릭의 이중 나선 발견 50주년을 기념하여 발간되었다. 유전학의 산 증인인 왓슨은 이 책에서 DNA가 자기정체성에 대한 지식을 어떻게 넓혀왔는지 소개한다.,https://image.aladin.co.kr/product/42/31/cover500/897291357x_1.gif, 제임스 D. 왓슨;앤드루 베리 지음;이한음 옮김, 까치글방,2010
자연과학,당신에게 노벨상을 수여합니다:노벨 물리학상,"1901년부터 2006년까지 106년 노벨 물리학, 화학, 생리,의학상 시상 연설을 모은 책. 한국과학기술연구원(KIST) 소속 과학자 7명이 번역하였으며, 노벨상 수상자를 선정하게 된 이유와 수상자가 이룬 업적의 과학적 의미 등을 간결하게 정리하여 소개되어 있다.",https://image.aladin.co.kr/product/98/87/cover500/8955614071_1.jpg, 노벨 재단 엮음;이광렬;이승철 옮김, 바다출판사,2007
자연과학,놀라운 수의 세계,"이 책은 열 살짜리 주인공 필로가 고등학교 수학선생님이셨던 할아버지와 나누는 18편의 수학 이야기. 로또 복권에 당첨되는 방법, 외계인과 소통할 암호 만들기, 삼단논법을 써서 엄마에게 게임기 사달리기 등 수학의 원리를 실생활에 접목해 이해하고 활용하면서 보다 수학을 가깝게 접하도록 구성했다.",https://image.aladin.co.kr/product/67/51/cover500/8990048737_1.jpg, 안나 체라솔리 지음;박진아 옮김, 에코리브르,2007
자연과학,(수학으로 배우는)파동의 법칙,"과학도나 의학도를 꿈꾸는 사람에게 있어 파동은 필수적으로 공부해야 할 요소이다. 파동을 해석하는 데 이용하는 FFT 푸리에에 관하여 이해하는 데 그 목적을 두고 있다. 이 책은 삼각함수에서 출발하여 미적분에 대한 이해와 복소수, 오일러 공식, 정사영과 직교에 이르기까지 푸리에 수학을 이해하는 바탕이 되는 내용을 차근차근 설명해간다.",https://image.aladin.co.kr/product/701/0/cover500/8959791814_1.jpg, Transnational college of LEX 지음;이경민 옮김, Gbrain(작은책방),2013
자연과학,경이의 시대,"아마존 선정 올해의 책 수상작. 리처드 홈스는 ‘과학자’들의 생생한 이야기 그리고 이들의 발견과 발명을 돌파구 삼아 영감을 얻었던 메리 셸리에서 콜리지, 키츠 등 낭만주의 작가들의 이야기를 통해 다채롭고 흡입력 있는 내러티브로 낭만주의 시대를 채워간다.",https://image.aladin.co.kr/product/2789/20/cover500/8954621716_1.jpg, 리처드 홈스 지음;전대호 옮김, 문학동네,2013
자연과학,"(법칙, 원리, 공식을 쉽게 정리한)수학 사전","2,000년 전에 고안된 개념부터 현재 중.고등학교 수학부터 대학 교육 과정의 기초 수학까지 수학의 기본이 되는 개념들을 알차게 구성한 수학 개념 사전이다. 수학의 개념을 단계별로 정리했고 예제를 통해 개념의 이해를 돕는다.",https://image.aladin.co.kr/product/11701/85/cover500/8955883404_1.jpg, 와쿠이 요시유키 지음;김정환 옮김, 그린북,2017
자연과학,(세상의 기본 알갱이)원자. 06,,https://image.aladin.co.kr/product/102/29/cover500/8991215769_1.jpg, 정완상 지음, 이치,2007
자연과학,(수·금·지·화·목·토·천·해)태양계. 07,,https://image.aladin.co.kr/product/102/29/cover500/8991215777_1.jpg, 정완상 지음, 이치,2001
자연과학,(몸무게가 줄어드는)달. 08,,https://image.aladin.co.kr/product/102/29/cover500/8991215785_1.jpg, 정완상 지음, 이치,2007
자연과학,(끝없는 초원에서 만난)아프리카 동물. 09,,https://image.aladin.co.kr/product/102/29/cover500/8991215793_1.jpg, 정완상 지음, 이치,2007
자연과학,(하리하라의)과학고전 카페. 2,"근대 이후 출간된 과학 분야 명저들 중에서 가장 논쟁적이고 심대한 영향을 미친 책들을 다룬다. 에서 그 고전의 핵심 개념이 출현하기 전까지 과학계의 지형이 어떤 것이었는지를 보여주는 ‘지도 그리기’를 하고, 으로 해당 고전에 대한 리뷰를 본격적으로 서술한다.",https://image.aladin.co.kr/product/227/53/cover500/8954605990_1.jpg, 이은희 지음, 문학동네,2008
자연과학,(빅뱅에서 인류의 미래까지)빅 히스토리,"인류의 과거와 현재, 그리고 미래를 통찰하는 빅 히스토리. 속도와 변화의 시대다. 어제의 신상품이 오늘의 구닥다리가 되는 시대에 138억 년간의 역사를 살펴보는 게 어떤 의미가 있을까? 빠르게 변하는 사회를 예측하기 위해선 우리의 삶을 변화시키는 지점을 정확하게 포착할 수 있어야 한다.",https://image.aladin.co.kr/product/11148/8/cover500/s702531244_1.jpg," 이언 크로프턴,제러미 블랙 지음;이정민 옮김", 생각정거장,2017
자연과학,내 이름은 도도,"사라져간 동물들이 전하고 싶던 마지막 이야기를 담아낸 그림 에세이. 16세기 말에서 오늘날에 이르기까지 아프리카, 오세아니아, 중국, 일본, 볼리비아, 멕시코, 미국, 캐나다, 알래스카 등 전 세계 곳곳에 흩어져 있던 18가지 동물들의 멸종사가 아름다운 그림과 함께 펼쳐진다.",https://image.aladin.co.kr/product/11346/62/cover500/k392531297_2.jpg, 선푸위 지음;허유영 옮김, 추수밭,2017
자연과학,물의 비밀,"물의 생명 주기에 관한 재미있는 사실과 독자들이 직접 실행해 볼 수 있는 흥미로운 실험 방법을 제시한다.환경 재앙과 자연 재해가 빈발하는 현 시대에 물을 잘 보존해야 할 필요성을 보여 주며, 물에 대한 이해를 심화시킴으로써 우리의 가장 소중한 자원인 물의 가치를 재인식하게 한다.",https://image.aladin.co.kr/product/99/32/cover500/8995410280_1.jpg, 에모토 마사루 지음;박영민 옮김, 세용출판,2008
자연과학,수학의 천재들,,https://image.aladin.co.kr/product/8/47/cover500/8972827371_1.gif, 윌리엄 던햄 지음;조정수 옮김, 경문사,2006
자연과학,수학의 위대한 순간들,,https://image.aladin.co.kr/product/8/47/cover500/897282108x_1.jpg, 하워드 이브스 지음;허민;오혜영 옮김, 경문사,2007
자연과학,파이의 역사,"이 책은 석기시대부터 현대에 이르는 매혹적인 파이 이야기를 들려준다. 타의 추종의 불허하는 방법으로 π 값을 발견하고자 한 아르테미스의 이야기에서부터 악마의 수라 비난했던 중세 주교들의 이야기, 이미 4,000년 전에 이집트인들이 발견한 π 값으로 책을 출간하면서 야단법썩을 떨었던 한 사업가의 이야기까지 흥미로운 사건과 일화가 전개된다.",https://image.aladin.co.kr/product/32/73/cover500/8972825296_1.gif, 페트로 베크만 지음;박영훈 옮김, 경문사,2005
자연과학,왜 버스는 한꺼번에 오는 걸까?,"일상생활에서 수학은 불필요하다고 생각하는 사람들에게 수학의 일상성을 느끼게 하기 위해서 이 책은 씌어졌다. 정사각형의 케이크를 같은 크기로 자르는 방법, 버스 기다리는 시간을 최소화하는 방법 등이 소개되었다.",https://image.aladin.co.kr/product/42/68/cover500/8972824739_1.gif, 롭 이스터웨이;제레미 윈드햄 지음;김혜선 옮김, 경문사,2004
자연과학,(선생님도 놀란)초등과학 뒤집기. 15: 전기와 자기,,https://image.aladin.co.kr/product/258/99/cover500/8958850957_1.jpg, 배대성 지음, 동아사이언스,2008
자연과학,"(교실 밖에서 발견하는 수학의 원리)디스커버리 수학. 4: 산에서 살아남기, 에베레스트 등반","'디스커버리 수학' 시리즈. 어린이들에게 수학의 재미를 찾아주고, 수학적 사고력과 실생활 활용 능력을 키워 주는 외국 수학책이다. 영국 Ticktock사에서 12권으로 발간한 'Using Maths' 시리즈를 2권씩 묶어 총 6권으로 펴냈다. 흥미진진한 실제 상황 이야기를 통해 사고력을 키우도록 하였다.",https://image.aladin.co.kr/product/280/46/cover500/8950915928_1.jpg, 힐러리 콜;스티브 밀스 외 지음, 아울북,2008
자연과학,요리로 만나는 과학교과서,"과학 선생님인 지은이가 초등학생, 중학생 두 딸과 함께 요리를 만들며 과학 원리를 익히는 법을 알려준다. 팝콘과 물질의 상태 변화, 잡채와 밀도, 유부초밥과 산염기, 달걀찜과 끓는점, 은수저와 산화환원... 과연 상관이 있을까 싶지만 막상 모녀의 수다를 들어보면 충분한 연관이 있는 이야기들.",https://image.aladin.co.kr/product/49/69/cover500/8985989707_2.jpg, 이영미;윤예슬;윤정빈 지음, 부키,2008
자연과학,동물원의 탄생,"이 책은 독일 하겐베크 동물원의 역사를 통해 과학, 오락, 교육과 '노아의 방주' 역할을 수행하고 있는 현대 동물원의 기원과 동물원이 우리에게 무엇인지 이야기한다.",https://image.aladin.co.kr/product/43/6/cover500/8986270854_1.gif, 니겔 로스펠스 지음;이한중 옮김, 지호,2003
자연과학,"(이만근과 함께하는)현대수학,... 그 설레임으로의 여행",,https://image.aladin.co.kr/product/50/18/cover500/8987799166_1.gif, 이만근 지음, 수학사랑,2004
자연과학,유전자 로또,유전자가 사회 평등에 중요한 이유. 더 공정하고 평등한 사회를 위해 왜 유전학이 필요한지 알려주는 도발적이고 시의적절한 책이다.,https://image.aladin.co.kr/product/31196/34/cover500/8962632470_1.jpg, 캐스린 페이지 하든 지음;이동근 옮김, 에코리브르,2023
자연과학,수학선생님도 몰래 보는 수학책,덧셈부터 시작해서 복잡한 계산에 이르기까지 차근차근 익히면서 여러 개념이 서로 맞물려 있음을 이해할 수 있도록 구성되었다. 너무 쉽다고 생각되는 부분은 건너뛰어도 좋고 그러다 막히면 다시 앞으로 돌아오면 된다. 무엇보다 <수학선생님도 몰래 보는 수학책>은 재미있다.,https://image.aladin.co.kr/product/1200/48/cover500/8993497915_1.jpg, 샤르탄 포스키트 지음;권태은 역, 아르고나인,2012
자연과학,(계산이 빨라지는)인도 베다 수학 : 계산법,"인도 베다수학의 기본 원리는 수의 형태와 특성을 살펴 가장 빠르고 효율적으로 계산하는 방법을 찾는 것이다. 이 책은 이 같은 인도 베다수학의 원리에 가장 충실한 인도수학 입문서로, 수학 실력의 토대가 되는 덧셈,뺄셈,곱셈,나눗셈,제곱 계산,연립방정식을 가장 빠르고 정확하게 풀이하는 방법과 원리를 담고 있다.",https://image.aladin.co.kr/product/304/5/cover500/8991360718_1.jpg, 마키노 다케후미 지음;고선윤 옮김, 보누스,2012
자연과학,지상 최대의 쇼,베스트셀러 <만들어진 신> 이후 과학과 종교계에 뜨거운 논쟁의 중심에 선 리처드 도킨스의 <지상 최대의 쇼>. 이 책은 진화 '이론'이 다른 과학적 사실들처럼 여지 없는 사실이라는 증거를 간추려서 명백하게 제시한다. 저자는 지금까지 <이기적 유전자>와 <조상 이야기> 등 그의 저서에서 정작 진화 증거 자체를 명확히 제시한 대목이 없다는 것을 깨닫고 이 책을 썼다. 모든 생물의 존재 이유는 '진화'라고 말하는 책.,https://image.aladin.co.kr/product/592/61/cover500/8934936460_1.jpg, 리처드 도킨슨 지음;김명남 옮김, 김영사,2013
자연과학,(세상에서 가장 재미있는)미적분,하버드대학 수학과 출신의 만화가 래리 고닉과 함께 떠나는 즐거운 미적분 여행. 딱딱하고 어렵게만 느껴지는 미적분을 쉽고 재기발랄하고 흥미롭게 풀어냈기에 교과서나 과학 전문 서적이 풍기는 복잡함과 난해함을 떨쳐낸 수학책이다. 미적분의 기본 개념을 한 번쯤 경험해보거나 호기심을 품어봤을 법한 생활 속 주제로 풀었기 때문이다.,https://image.aladin.co.kr/product/1604/90/cover500/8958202335_2.jpg, 래리 고닉 지음;전영택 옮김, 궁리,2012
자연과학,(하리하라의)과학 24시,"즐거운 지식 시리즈 23권. 평범한 한 중학생의 하루를 시간 순서대로 보여 준 다음, 그 안에 숨어 있는 현대 과학의 최신 이슈 24가지를 파헤친다. 게임 중독에서 지구 온난화까지, 대한민국의 대표 중학생이라 할 만한 평범한 열다섯 살 훈이를 주인공으로 내세워 청소년들이 꼭 알아야 할 최신 과학의 쟁점을 살펴본다.",https://image.aladin.co.kr/product/1575/10/cover500/8949187175_1.jpg, 이은희 글;김명호 그림, 비룡소,2013
자연과학,"하리하라, 미드에서 과학을 보다","{프리즌 브레이크}의 스코필드가 온몸에 새긴 문신은, 그의 매끈한 몸매와 함께 감상하는 것만으로도 즐겁지만 우리 피부의 표피층, 진피층, 피하조직을 이해하면서 감상하면 더 흥미롭지 않을까. <하리하라, 미드에서 과학을 보다>에서는 미국 범죄 수사 드라마, 소위 ‘미드’에서 소재로 등장했던 과학적 지식들을 콕콕 집어 알려 준다.",https://image.aladin.co.kr/product/623/46/cover500/8952213181_1.jpg, 이은희 지음, 살림Friends,2012
자연과학,(묻고 답하는)과학 톡톡 카페. 2: 화학·물리,새로 추가된 개정 교과서의 핵심 주제를 새로 뽑아서 이야기로 풀은 과학학습서. 중학 과학 과정의 기본 개념을 한번에 정리할 수 있는 책이다. 2권에서는 화학과 물리 영역을 다룬다.,https://image.aladin.co.kr/product/433/60/cover500/8963190099_1.jpg, 서울과학교사모임 지음;곽윤환 그림, 북멘토,2011
자연과학,이기적 유전자,"과학을 넘어선 우리 시대의 고전, 『이기적 유전자』 40주년 기념판. 진화론의 새로운 패러다임을 제시한 이 책은 다윈의 ‘적자생존과 자연선택’이라는 개념을 유전자 단위로 끌어내려 진화를 설명한다.",https://image.aladin.co.kr/product/17048/25/cover500/8932473900_1.jpg," 리처드 도킨스 지음;홍영남,이상임 옮김", 을유문화사,2020
자연과학,다시 수학이 필요한 순간,"2018년 《수학이 필요한 순간》을 통해 단숨에 베스트셀러에 올라 바야흐로 ‘수학 교양서 시대’를 연 한국인 최초의 옥스퍼드대 수학과 교수, 김민형 교수가 《다시, 수학이 필요한 순간》로 독자들을 다시 찾아왔다.",https://image.aladin.co.kr/product/24801/33/cover500/k142631932_1.jpg, 김민형 지음;최민정 그림, 인플루엔셜,2020
자연과학,"괴델, 에셔, 바흐","20세기 과학 교양서의 전설로 자리잡은 <괴델, 에셔, 바흐 : 영원한 황금 노끈>이 개역판으로 출간되었다. 초판 번역자인 박여성 교수와 함께 번역가 안병서가 새로 번역에 참여하여 번역의 정확성을 더했다.",https://image.aladin.co.kr/product/11328/50/cover500/8972916382_1.jpg," 더글러스 호프스태터 저;박여성,안병서 옮김", 까치,2017
자연과학,수학 아이디어 퍼즐,독자로 하여금 수학에 흥미를 불러일으키는 퍼즐을 통해 새로운 수학적 아이디어와 추론을 학습할 수 있다. 다양한 수학 퍼즐문제와 더불어 각 퍼즐 문제의 해답이 제공되어 자신의 생각을 맞춰볼 수 있다.,https://image.aladin.co.kr/product/8/46/cover500/8970445633_1.jpg, 후지무라고자부로;마쓰다 미치오 지음;임승원 옮김, 전파과학사,2004
자연과학,이렇게 공부하면 수학이 쉽다,"중,고등학생에게 들려주는 수학 학습법 이야기. 사고력 측정을 주목적으로 하는 수능에 대비하는 능률적인 수학 공부 방법을 소개하고 있다. 수학은 암기나 비법을 통하는 과목이 아니라는 것을 강조하며 더디고 능률이 오르지 않더라도 차근차근 기초 개념과 근본 원리를 터득할 것을 요구한다. -출판저널",https://image.aladin.co.kr/product/19/29/cover500/8970012524_1.gif, 김경호 지음, 예문당,2008
자연과학,이공계 연구실 이야기,"모든 발명과 기술의 진보 뒤에는 ‘연구’하는 사람들이 있다. 과학도가 갖춰야 할 자격과 조건, 창의적인 연구자가 되기 위한 노하우까지 과학도라면 꼭 알아두어야 할 연구의 모든 것을 담은 책이다. 저자는 자신이 연구를 해온 20년의 절반이 시행착오였다고 말한다. 그 동안 자신이 연구를 하면서 직접 보고 느끼고 배운 이야기들을 시행착오들과 함께 솔직담백하게 들려준다.",https://image.aladin.co.kr/product/450/51/cover500/8962620138_1.jpg, 유영제 지음, 동아시아,2010
자연과학,란트슈타이너가 들려주는 혈액형 이야기,"어린이들이 처음 피검사를 하고 자신의 혈액형에 대해 궁금해 할 때 많은 것들을 가르쳐 줄 수 있는 책. 왜 혈액형이 맞지 않는 사람의 혈액을 수혈 받을 수 없으며, 사람의 혈액이 어떻게 생명을 유지하게 해 줄 수 있는지, 혈액이 몸 밖으로 나오면 왜 딱딱하게 굳게 되는지 등 혈액세포가 우리 몸에서 하는 일에 대해 란트슈타이너와 함께 알아본다.",https://image.aladin.co.kr/product/781/58/cover500/895442032x_1.jpg, 권석운 지음, 자음과모음,2010
자연과학,(박성래 교수님이 들려주는)친절한 과학사,"청소년에게 과학과 기술의 발전 과정을 쉽게 정리해 소개하고 과학 발전을 주도해온 과학자와 기술자들에 주목하면서 쓴 과학사이자 기술사이다. 과학사라는 학문분야의 개척을 시도한 박성래 교수가 에피소드 중심의 과학 이야기, 과학과 발명 이면에 감춰진 과학자들의 숨은 이야기들을 모았다.",https://image.aladin.co.kr/product/68/74/cover500/8976040252_1.jpg, 박성래 지음, 문예춘추사,2008
자연과학,0의 발견,은 1939년 처음 일본에서 출간된 이래 현재까지 널리 읽히고 있는 수학대중서의 원조 같은 책이다. 아주 오래 전에 씌어진 책이지만 수학의 가장 기본적인 2가지 주제를 집중적으로 다루고 있기 때문에 현재에 읽기에도 손색이 없다.,https://image.aladin.co.kr/product/36/46/cover500/8983711019_2.jpg, 요시다요이치 지음;정구영 옮김, 사이언스북스,2010
자연과학,알베르트 아인슈타인,"1914년 3월부터 1932년 12월까지,아인슈타인의 인생에서 가장 화려한 시절이자 후반생을 후회로 물들게 한 베를린에서 보낸 18년을 그린 책이다. 1차 세계대전의 전운이 감도는 유럽의 정세를 배경으로 아인슈타인의 고민과 갈등을 다큐멘터리 형식으로 그려낸다. 평화주의자, 국제주의자, 세계주의자, 그러면서도 시오니스트로 변화하는 '인간 아인슈타인'을 만날 수 있다.",https://image.aladin.co.kr/product/55/48/cover500/8973376535_1.jpg, 토머스 레벤슨 지음;김혜원 옮김, 해냄,2005
자연과학,동물의 숨겨진 과학,"동물들도 정말 감정이 있을까? 원숭이는 새끼가 죽으면 몇 날 며칠을 슬퍼하고, 코끼리는 아픈 동료를 돌봐주기도 하고 동료의 사체 주위를 몇 시간 동안 천천히 걷는다. 앵무새는 유머 감각을 지니고 있다.",https://image.aladin.co.kr/product/2715/2/cover500/8994025251_1.jpg, 캐런 섀너;재그밋 컨월 [공] 지음;진선미 옮김, 양문,2013
자연과학,인간에 대하여 과학이 말해준 것들,진화학자 장대익의 신작. 분과 학문의 경계를 넘어 인문학과 자연과학의 크로스오버를 시도하는 저자는 이번 책에서 과학의 시각에서 본 인간 본성을 주제로 다룬다. 장대익 교수가 바라본 인간은 다섯 가지 본성을 가진 존재로 나뉜다.,https://image.aladin.co.kr/product/2884/73/cover500/8955616732_1.jpg, 장대익 지음, 바다출판사,2013
자연과학,열두 발자국,"<과학콘서트> <알쓸신잡>의 정재승 교수가 지난 10년 간 저자의 강연 중 가장 많은 호응을 받았던 12개의 강연을 선별하여 다시 집필하고 묶은 것이다. 더 나은 선택, 더 나은 미래를 위해 고군분투하고 있는 청춘들과 이 땅의 리더들에게 주는 뇌과학의 지혜와 통찰이 가득하다.",https://image.aladin.co.kr/product/15072/28/cover500/k072533160_2.jpg, 정재승 지음, 어크로스,2018
자연과학,보이는 세상은 실재가 아니다,"세계적인 밀리언셀러 <모든 순간의 물리학>에 이은 카를로 로벨리의 또 하나의 수작. 20세기 물리학의 혁명을 일으킨 핵심 이론부터 가장 최근 도입된 참신한 아이디어까지, 일반상대성이론과 양자이론을 통합한 새로운 시각에서 시공간의 실재를 탐색하는 책이다.",https://image.aladin.co.kr/product/13936/2/cover500/8965706203_1.jpg, 카를로 로벨리 지음;김정훈 옮김, 쌤앤파커스,2018
자연과학,수학이 필요한 순간,"우리가 익숙하게 사용하는 연산, 매일 이야기하는 확률, 쉽게 그리는 좌표 등도 한때는 전문가들조차 이해할 수 없는 복잡한 이론이었다. 페르마, 뉴턴, 아인슈타인은 물론, 지금 잘 알지 못하는 현대 수학 이론들도 언젠가는 자연스럽게 떠올리는 상식이 될 것이다.",https://image.aladin.co.kr/product/15892/11/cover500/s802533642_1.jpg, 김민형 지음, 인플루엔셜,2018
자연과학,유전자의 내밀한 역사,"멘델의 완두콩에서부터 유전자 편집 치료까지, 유전자를 쫓는 연구자들의 흥미진진하고 파란만장한 이야기. 집안의 유전자의 공포 속에서 살았던 저자가 유전자의 내밀하고 장엄한 역사를 기록한다.",https://image.aladin.co.kr/product/10044/18/cover500/8972916315_3.jpg, 싯다르타 무케르지 저;이한음 옮김, 까치,2017
자연과학,천문학 콘서트,이 책은 우주를 향한 인류의 의식과 지식이 어떤 확장의 길을 밟아왔는지 그 흐름을 따라가면서 쉽고 재미있게 이야기하고 있다. 처음 접하는 사람들도 쉽게 이해할 수 있도록 천체물리학의 까다로운 개념들을 최대한 풀어서 썼다.,https://image.aladin.co.kr/product/16234/14/cover500/k332534174_1.jpg, 이광식 지음, 더숲,2018
자연과학,사이언스 라디오,"출근길 버스 안에서 흘러나오는 라디오처럼, 커피 한 잔과 함께 여유 있게 즐기는 에세이처럼 일상의 언어로 친근하고 다정하게 과학 이야기를 들려준다. 글과 어우러진 다양한 그림과 사진을 새로운 시선으로 바라보는 것은 또 다른 즐거움이다.",https://image.aladin.co.kr/product/9779/53/cover500/8958625082_1.jpg, 이은영 지음, 휴머니스트,2016
자연과학,과학이 좋다 퀴즈가 좋다,는 서울대 자연대 교수 12명이 자연대학 홈페이지에서 출제했던 퀴즈를 엮은 책이다. '퀴즈'의 형식을 빌어 사고력 위주의 과학적 호기심을 자극한다.,https://image.aladin.co.kr/product/33/46/cover500/8988804570_1.gif, 김희준 지음, 궁리,2005
자연과학,기탄수학. J-4,,https://image.aladin.co.kr/product/21/99/cover500/8989425980_1.jpg, 기탄교육편집부 지음, 기탄교육,2009
자연과학,(못말리는)과학 방송국. 6: 정수론의 역사,"과학의 역사를 풀어주는 어린이를 위한 과학책. 방송국에서 앵커와 기자가 직접 과학자를 만나 인터뷰하는 상황 설정으로 과학 발견의 현장을 텔레비젼 뉴스를 보듯 접근할 수 있다. 각 권마다 주제를 정해서 과학사에 큰 영향을 미친 과학자들을 만나보고, 뒷 이야기와 재미있는 사건사고 소식을 전한다.",https://image.aladin.co.kr/product/103/53/cover500/8952207483_1.jpg, 정완상 지음;임정호 그림, 살림출판사,2008
자연과학,(하리하라의)바이오 사이언스 : 유전과 생명공학,"하리하라가 들려주는 살아 있는 모든 것들의 코드, 45억 년 전부터 각인된 ‘생명의 역사’를 통해 인류의 미래를 움직일 ‘생명과학의 비밀’을 풀어내는 책이다.",https://image.aladin.co.kr/product/307/86/cover500/8952210557_1.jpg, 이은희 지음, 살림,2011
자연과학,(그림으로 보는)시간의 역사,호킹의 빛나는 업적중 하나는 `블랙홀의 증발이론`이다．모든 것을 빨아들이는 블랙홀이 복사의 형태로 에너지를 내보내 결국 소멸해 버린다는 것이다．불확정성원리에 의해 일부 소립자가빛보다 빠르게 검은 구멍을 빠져 나오는데 `블랙홀이 검지 않다`고 한 것은 이를 가리킨 말이다. - 한국일보,https://image.aladin.co.kr/product/8/71/cover500/8972911976_2.jpg, 스티븐 호킹 지음;김동광 옮김, 까치,2011
자연과학,신의 방정식 오일러 공식,수학 공식의 중요성을 알리는 데 앞장서고 있는 전 세계 수학자들이 모여 오일러 공식을 선정하고 직접 집필한 기획 도서이다. 그러면서 수학 기초 공식에 대해 학생 및 일반인에게 오일러의 공식이 가장 쉽고 아름다운 이유들에 대해 소개하고 있다.,https://image.aladin.co.kr/product/23630/93/cover500/k192638620_1.jpg, 데이비드 스팁 지음;김수환 옮김, 동아엠앤비,2022
자연과학,문과 남자의 과학 공부,"역사ㆍ정치ㆍ경제ㆍ글쓰기ㆍ여행 등 인문학 분야의 글을 써온 작가 유시민이 과학을 소재로 쓴 첫 책이다. 유시민에게 “지적 자극과 정서적 감동을 준 과학이론, 인간과 사회와 역사에 대한 생각을 교정해준 정보를 골라 새롭게 해석”했다.",https://image.aladin.co.kr/product/31877/37/cover500/k982833431_2.jpg, 유시민 지음, 돌베개,2023
자연과학,(세밀화로 그린 보리 어린이)나무 도감,<나무도감>에 실린 세밀화는 모두 살아 있는 나무를 자세히 취재하여 꼼꼼하게 그린 것이다. 강원도에서부터 제주도까지 두루 취재하였다. 나무 온 모습이 다 드러나면서도 잎맥이나 꽃잎의 생김새 같이 섬세한 정보도 또렷이 드러난다.,https://image.aladin.co.kr/product/7554/98/cover500/8984289051_1.jpg, 임경빈;김준호;김용심 [공]글;이제호 외 그림, 보리,2023
자연과학,나뭇잎 도감,우리 주변에서 볼 수 있는 266종의 나뭇잎을 4단계로 분류하여 모르는 나뭇잎일지라도 이 단계에 따라 분류해보면 나무의 이름을 쉽게 알 수 있다. 나뭇잎을 특허 제10-1395210(스캐너를 이용하여 나뭇잎 등의 자연물을 스캔하는 방법)에 의해 고해상도의 이미지를 얻었다.,https://image.aladin.co.kr/product/2927/41/cover500/8996566624_2.jpg, 이광만;소경자 [공]지음, 나무와문화연구소,2021
자연과학,(주머니 속)풀꽃 도감,"우리 주변에서 쉽게 찾아볼 수 있는 풀꽃을 초판의 829종보다 60종 늘어난 890종을 실었습다. 크고 두꺼운 도감과 견주어도 손색이 없을 만큼 많은 양이다. 봄, 여름, 가을, 수생식물 등 계절과 장소에 따라 나누고, 비슷한 풀꽃들은 한눈에 구분할 수 있도록 모아 실었다.",https://image.aladin.co.kr/product/5781/14/cover500/8989370957_1.jpg, 이영득;정현도 [공]글·사진, 황소걸음,2020
자연과학,(주머니 속)나물도감,"산과 들, 갯가에서 쉽게 찾아볼 수 있는 나물과 나무 나물, 독이 있는 식물 등 312종을 담은 책이다. 나물 하기 좋은 때와 다 자란 모습, 꽃 핀 모습, 뜯은 나물 등 다양한 모습을 찍은 사진 1,400여 컷을 실어 나물을 쉽고 정확하게 알아볼 수 있도록 했다.",https://image.aladin.co.kr/product/352/80/cover500/8989370620_1.jpg, 이영득 글·사진, 황소걸음,2022
자연과학,아파트에서 기린을 만난다면?,"20여 년 경력의 베테랑이자, 국내에서 손꼽히는 야생 동물 수의사로 널리 알려진 최종욱 수의사가 청소년들을 향해 다채로운 동물 이야기를 전한다. 수의사만 알 수 있는, 비밀스럽고도 흥미진진한 동물 이야기가 한바탕 펼쳐지며 동물에 대한 호기심을 한껏 채워 준다.",https://image.aladin.co.kr/product/9063/82/cover500/8936452215_1.jpg, 최종욱 지음, 창비,2016
자연과학,사라져 가는 것들의 안부를 묻다,"문학과 철학, 주역을 넘나드는 과학 에세이. 생물학 이야기를 하는가 싶더니 문학과 철학 이야기가 나오고, 생태학 주제를 다루는가 싶더니 주역으로 넘어간다. 과학 지식을 전한다고 인접한 다양한 세계를 보여주지 못한다면 그런 시선은 반쪽짜리 시선에 불과할 것이다.",https://image.aladin.co.kr/product/4781/16/cover500/1185104127_1.jpg, 윤신영 지음, MID(엠아이디),2014
자연과학,생명과학을 쉽게 쓰려고 노력했습니다,"생명체의 탄생에서부터 시작하여 놀라운 생명공학에 이르기까지 생명과학에 관한 32가지의 이야기들을 펼쳐 나가는 책이다. 일반 대중들이 최대한 쉽고 흥미롭게 이해할 수 있도록 스토리텔링식의 설명과 재미있는 일러스트, 사진이 첨부되어 있다.",https://image.aladin.co.kr/product/18024/96/cover500/k432534840_1.jpg, 박종현 글;마그 그림, 책미래,2019
자연과학,식물의 책,"국립수목원·농촌진흥청 등 국내외 연구기관과 협업해 식물학 그림을 그리며 식물을 가까이에서 관찰해온 이소영 식물세밀화가가 소나무, 은행나무, 개나리, 몬스테라, 딸기 등 늘 가까이에 있지만 제대로 알지 못했던 도시식물들에 관한 여러 흥미로운 이야기를 세밀화와 함께 담았다.",https://image.aladin.co.kr/product/21352/75/cover500/8986022109_1.jpg, 이소영 지음, 책읽는수요일(한올엠앤씨),2019
자연과학,(천종식 교수의 미생물 특강)고마운 미생물 얄미운 미생물,"작은 미생물들이 우리의 생활과 얼마나 밀접하게 연관되어 있는지, 환경과 생태 속에서 어떤 일들을 하고 있는지 이야기하는 책이다. 흔히 미생물을 더러운 행주에 붙어 있는 세균이나, 습기 찬 벽 위에 자란 검은 곰팡이로만 알고 있는 우리들에게 미생물이 얼마나 많은 역할을 하는지 꼼꼼하게 일러준다.",https://image.aladin.co.kr/product/57/42/cover500/8981337616_1.jpg, 천종식 지음, 솔,2005
자연과학,수냐의 수학 영화관,"<수냐의 수학카페> 1, 2권을 출간한 김용관 저자가 이번에는 수학과 영화를 접목한 <수냐의 수학영화관>을 들고 나왔다. 드라마 [넘버스]를 보며 통계를 설명하며, 영화 [소셜 네트워크]에서 멱함수분포를 인용하며 질문을 던진다.",https://image.aladin.co.kr/product/2447/9/cover500/8958202491_2.jpg, 김용관 지음, 궁리,2013
자연과학,스티븐 호킹,"오랜 세월 호킹과 특별한 인연을 맺어온 과학 저술가 키티 퍼거슨의 최신작이다. 퍼거슨은 호킹뿐만 아니라 그의 가족들, 그와 어깨를 겨룬 물리학자들, 주변 사람들의 생생한 육성을 담아 호킹의 일대기와 연구 업적을 입체적으로 그려냈다.",https://image.aladin.co.kr/product/3087/2/cover500/8956056870_1.jpg, 키티 퍼거슨 지음;이충호 옮김, 해나무(북하우스 퍼블리셔스),2013
자연과학,식물의 왕국,"5억 년간 이어져온 경이로운 식물의 진화 여행. 인류는 식물을 먹고 식물이 제공하는 산소를 호흡하며, 식물이 주는 약물로 병을 치료한다. 한마디로 인류는 식물 없이는 살 수 없다. 아마 식물이 없었다면 지구상의 그 무엇도 태어날 수 없었을 것이다.",https://image.aladin.co.kr/product/3222/12/cover500/8972915556_1.jpg, 윌 벤슨 지음;이한음 옮김, 까치글방,2013
자연과학,우리들은 갈릴레오,"리카, 고수, 히로, 미에 네 명의 중학생들의 재기 발랄한 상상과 생동감 넘치는 토론을 통해 ‘과학하는 즐거움’이 무엇인지를 ‘찬찬히’ 알려주는 친절한 과학책이다. 왜 그런 생각을 하게 되었는지, 내 생각과 왜 달랐는지 등을 같이 이야기하며 진행된다.",https://image.aladin.co.kr/product/2166/23/cover500/8974835479_1.jpg, 이타쿠라키요노부 지음;한상미 옮김, 서해문집,2012
자연과학,"생물학적 인간, 철학적 인간",현재 프랑스에서 가장 저명한 철학자인 뤼크 페리와 역시 가장 저명한 과학자인 장-디디에 뱅상이 '인간이란 무엇인가?'라는 하나의 질문에 대해 서로의 학문적 관점에서 답한 글을 하나의 책으로 꾸렸다.,https://image.aladin.co.kr/product/36/27/cover500/8971843497_1.gif, 장 디디에 뱅상;뤼크 페리 지음;이자경 옮김, 푸른숲출판사,2002
자연과학,하늘에선 무슨 일이 일어나고 있을까요？,,https://image.aladin.co.kr/product/34/11/cover500/8989192110_2.jpg, 기상청 엮음;노혜연 그림, 파란자전거,2002
자연과학,"가이아의 향기: 신화, 역사, 그리고 지구",저자는 '지구'를 '가이아(Gaia : 그리스 신화에 나오는 대지의 여신으로 모든 그리스 신들의 모태이다)'라 부르며 어떻게 하면 '할아버지가 무릎에 앉힌 손주에게 옛 이야기를 해주듯 지구 이야기를 할 수는 없을까'를 고민한다. 다행히도 저자의 고민이 결실을 본 듯.,https://image.aladin.co.kr/product/29/70/cover500/6000035936_1.gif, 좌용주 지음, 황금북,2002
자연과학,시크릿 하우스,"<E=mc²>, 의 지은이 데이비드 보더니스가 쓴 또 하나의 교양과학서. 일상 속 한 평범한 집의 24시간을 들여다보는 독특한 컨셉으로 일상 속 구석구석에 숨겨진 과학의 세계를 소개했다. 집안의 익숙한 사물들을 무대로 한 미세한 생물들의 활동을 비롯한 온갖 과학적 현상들을 풍부한 배경 지식을 곁들여 분석했다.",https://image.aladin.co.kr/product/67/74/cover500/8984986046_2.jpg, 데이비드 보더니스 지음, 생각의나무,2006
자연과학,웃기는 수학이지 뭐야!,골치 아프기만 하고 실생활에 도움을 주지 못하는 것으로 보이는 수학. 그 수학에 재미를 붙일 수 있게 해주는 책이다. 중고등학생 이상이면 별 어려움 없이 읽을 수 있다. 읽다보면 ‘아 수학이 이렇게 재미있을 수도 있구나’하는 생각을 갖게 된다. 수학선생님들이 읽어도 좋을 책. 저자는 한서대 수학과 교수. 수학은 재미있게 가르켜야 한다는 것이 저자의 생각이다. --동아일보 이광표 기자,https://image.aladin.co.kr/product/22/15/cover500/8972823449_2.jpg, 이광연 지음, 경문사,2006
자연과학,(신기하고 재미잇는 날씨 이야기 속으로)기상청,"기상청에서 체험할 수 있는 다양한 도구들을 설명하고, 날씨와 관련된 과학 원리나 여러 가지 자연 현상을 알 수 있도록 했다. 오래전부터 날씨에 관심이 많았던 우리 조상들의 지혜를 엿보고, 앞으로 다가올 디지털 예보까지 한눈에 살펴볼 수 있는 날씨 현상에 관한 체험학습 책이다.",https://image.aladin.co.kr/product/65/78/cover500/8958461268_1.jpg, 박일환 글;이유나 그림, 해피북스,2006
자연과학,수학으로 세상을 널리 이롭게 하라,우리가 잘 몰랐던 조선의 수학 이야기가 담겨 있다. 옛 조상들의 수학책을 번역하는 한문학자인 저자가 청소년들을 위해 조선 수학의 역사를 재미있게 소개한다. 이 책을 통해 절대 서양에 뒤처지지 않았던 우리 조상들의 수학적 지혜와 그 근간에 담긴 인문학적 가치를 함께 찾아본다.,https://shopping-phinf.pstatic.net/main_5259402/52594023237.20250123071241.jpg, 안나미 지음, 자음과모음,2025
자연과학,일상의 모든 순간이 화학으로 빛난다면,"화학자 데보라 가르시아 베요는 스물다섯 편의 이야기로 담아냈다. 그녀의 시선을 따라가다 보면, 우리가 무심코 지나쳐온 일상의 풍경들이 얼마나 섬세하고 경이로운지 자연스레 깨닫게 될 것이다.",https://shopping-phinf.pstatic.net/main_5584641/55846412140.20250722071022.jpg, 데보라 가르시아 베요 지음;강민지 옮김, 미래의창,2025
자연과학,드디어 만나는 천문학 수업,우리는 매일 하늘을 올려다본다. 그러나 ‘진짜 우주’를 아는 이는 많지 않다. 『드디어 만나는 천문학 수업』은 그런 당신에게 처음으로 우주의 문을 열어주는 책이다.,https://shopping-phinf.pstatic.net/main_5548208/55482085203.20250626103502.jpg, 캐럴린 콜린스 피터슨 지음;이강환 옮김, 현대지성,2025
자연과학,시간이 흐른다는 착각,"물리학에 관심 있는 독자라면, 시간에 대한 뉴턴과 아인슈타인의 생각이 다르다는 사실을 잘 알 것이다. 그리고 지금 우리는 아인슈타인이 옳다는 것을 안다. 그렇다면 시간이란 과연 무엇일까? 왜 시간이 흐르는 것처럼 느껴질까? 이 책은 이러한 의문에 답하기 위해, 시간이 언제 어떻게 시작됐는지부터 이야기한다.",https://shopping-phinf.pstatic.net/main_5624560/56245608106.20250814102337.jpg, 요시다 노부오 지음;김정환 옮김, 문학수첩,2025
자연과학,물질의 물리학,"“모든 물질은 양자 물질이다. 우리 몸과 빛조차도!” 현대물리학의 가장 큰 분야, 응집물질물리학을 소개하는 최초의 교양서다. 탁월한 스토리텔링과 비유로 이해하는 양자 물질의 역사를 담았다.",https://shopping-phinf.pstatic.net/main_3248333/32483330508.20250520082902.jpg, 한정훈 지음, 김영사,2020
자연과학,하늘에선 무슨 일이 일어나고 있을까요？,,https://image.aladin.co.kr/product/34/11/cover500/8989192110_2.jpg, 기상청 엮음;노혜연 그림, 파란자전거,2002
자연과학,(한 권으로 이해하는)하늘의 과학,"소형 비행기 조종사인 저자가 피부로 느낀 ‘하늘의 입체적인 모습’을 제시하며 공기역학을 비롯한 다양한 기상현상에 대해 설명한 책이다. 공기의 기본 역학에서 시작해 바람과 기압, 구름과 비 등의 원리 등을 알기 쉽게 해설한 하늘의 과학 이야기에 빠져보자!",https://shopping-phinf.pstatic.net/main_4018138/40181380619.20230718123043.jpg, 시라토리 케이 지음;곽범신 옮김, 시그마북스,2023
자연과학,(세상을 뒤집은)과학기술의 역사,"불과 도구의 발견부터 시작해 컴퓨터와 우주의 시대에 이르기까지, 인류가 거쳐온 방대한 과학기술의 역사를 다이내믹하게 읽을 수 있는 한 권이다. 각 장에는 해당 시대의 흐름을 한눈에 볼 수 있는 과학기술사 연표와 세계사 연표를 함께 수록했다.",https://shopping-phinf.pstatic.net/main_5666227/56662277284.20250911093612.jpg, 시라토리 케이 지음;정한뉘 옮김, 시그마북스,2025
자연과학,확률의 춤,"수학 교과서 속 개념이었던 '확률'을 일상의 언어로 다시 불러낸다. 다양한 영역에서 작동하는 확률의 원리를 풀어내며, 숫자를 통해 세상을 더 깊이 이해하려는 시도를 담고 있다.",https://shopping-phinf.pstatic.net/main_5635830/56358304583.20250821091838.jpg, 김상현 지음, 루미너리북스,2025
자연과학,나를 위한 최소한의 통계 읽기,"광고, 정치, 언론 등 다양한 분야에서 어떤 주장을 뒷받침할 때 구체적인 수치는 설득력과 객관성을 가진 근거로서 사용된다. 하지만 정말로 그 숫자들을 있는 그대로 믿어도 될까? 통계는 조작될 수 있고, 모든 통계가 타당한 것도 아니다.",https://shopping-phinf.pstatic.net/main_5148445/51484450618.20241120071707.jpg, 앨버트 러더퍼드 지음;장영재 옮김, 북스힐,2024
자연과학,비문학이 쉬워지는 과학 신문,"현직 경기도교육청 미래과학교육원의 교육연구원인 저자 시미쌤은 과학 공부에 어려움을 겪는 청소년들을 위해 신개념 과학×국어 융합 교양서. 체계적 학습 설계를 바탕으로 이공계 지식과 문해력을 동시에 끌어올리는 이 책과 함께라면, 새롭고 복잡한 과학 이론도, 긴 과학 지문도 쉽고 친숙하게 읽어 낼 수 있을 것이다.",https://shopping-phinf.pstatic.net/main_5674263/56742632068.20250916092228.jpg, 정혜심(시미쌤) 지음, 블랙피쉬,2025
자연과학,수학은 아름다워. 1,교과서에는 나오지 않는 수학사를 재미있게 다룬 책. 수학사의 위대한 발견과 그에 관련된 흥미있는 이야기를 시대 순으로 모았다. 중학교 2학년부터 고등학교 1학년까지 읽을 수 있는 수준으로 교과서 진도를 기준으로 책을 꾸몄다. 수학에 관심있는 일반인이 읽어도 좋을 듯 하다.,https://image.aladin.co.kr/product/37/50/cover500/897297529x_1.jpg," 육인선, 외 지음;박향미 그림", 동녘,2010
자연과학,수학은 아름다워. 1,교과서에는 나오지 않는 수학사를 재미있게 다룬 책. 수학사의 위대한 발견과 그에 관련된 흥미있는 이야기를 시대 순으로 모았다. 중학교 2학년부터 고등학교 1학년까지 읽을 수 있는 수준으로 교과서 진도를 기준으로 책을 꾸몄다. 수학에 관심있는 일반인이 읽어도 좋을 듯 하다.,https://image.aladin.co.kr/product/37/50/cover500/897297529x_1.jpg," 육인선, 외 지음;박향미 그림", 동녘,2010
자연과학,(쉽고 재미있는)과학의 역사,"세계가 물로 이루어졌다고 주장한 탈레스에서부터 최신의 화성 탐사 프로젝트까지, 진리 탐구의 여정으로서의 과학사를 알기 쉽게 설명했다. 연대별로 중요한 과학적 원리 뿐만 아니라, 발명과 발견에 얽힌 과학자들의 흥미로운 에피소드, 과학과 사회의 관계, 과학을 발전시키는 지적 호기심의 원동력 등을 재미 있게 읽을 수 있도록 구성했다.",https://image.aladin.co.kr/product/64/72/cover500/8958770279_1.jpg, 에릭 뉴트 지음;이민용 옮김, 이끌리오,2006
자연과학,이야기 파라독스,,https://image.aladin.co.kr/product/42/76/cover500/8971969725_2.jpg, 마틴 가드너 지음, 사계절,2009
자연과학,(윤소영 선생님의) 생물 에세이,실생활과 직결된 생명과학의 본질을 알기 쉽게 설명하는 중고생을 위한 생물학 입문서. 모든 살아 있는 것은 태양이 지구에 보내는 우주 에너지를 근원으로 하는 영양분을 섭취하며 살아간다. 책은 이런 생명 현상의 공통점에서 출발해서 생물과 생명 현상에 대해 폭넓게 다룬다. 1991년에 나온 책을 15년 만에 손보고 다듬어 내놓은 개정판이다.,https://image.aladin.co.kr/product/7/46/cover500/8972974811_1.jpg, 윤소영 지음;박소정 그림, 동녘,2008
자연과학,파브르 곤충기,,https://image.aladin.co.kr/product/38/33/cover500/8931902980_1.jpg, 파브르 지음;박연정 그림;박종규 엮음, 지경사,2010
자연과학,제인 구달 이야기,"청소년 롤모델 시리즈 11권. 제인 구달 협회 설립자이자 유엔이 선정한 ‘평화의 메신저’ 제인 구달. 청소년에게 제인 구달의 삶과 메시지가 무엇이고, 꿈은 어떻게 이룰 수 있는지를 감동적이고 섬세하게 전달해주는 책이다. 그녀의 생명 사랑의 뜨거운 삶을 통해 생명 사랑과 따뜻한 세상을 꿈꾸는 청소년과 젊은이들에게 롤모델을 제시해준다.",https://image.aladin.co.kr/product/826/11/cover500/8976776348_1.jpg, 메그 그린 지음;권오열 옮김, 명진,2010
자연과학,(자연과 물리학의)숨바꼭질,"복잡해 보이는 물리학과 자연에 대한 궁금증들을 에세이처럼 가볍게 읽을 수 있도록 풀어쓴 책. 수식과 과학 용어 같은 낯설고 어려운 언어들을 일상적인 말들로 바꾸어, 어느 정도 과학적 소양을 갖춘 독자라면 충분히 이해할 만큼 쉽게 서술했다. 우리가 경험할 수 있는 세계의 현상들과 상대성원리·양자역학 같은 현대물리학, 그리고 미신·종교·외계인 등 초자연적 세계까지 자연의 신비를 폭넓게 보여주고자 했다.",https://image.aladin.co.kr/product/64/59/cover500/893641206x_1.jpg, 이기영 지음, 창비,2006
자연과학,"과학, 일시정지","재미난 이야기, 풍부한 자료와 지식으로 똘똘 뭉친 과학 선생님들과 떠나는 유쾌한 과학 여행.현대 과학을 둘러싼 궁금증들을 함께 고민하고 풀어보자고 말하는 책이다.",https://image.aladin.co.kr/product/442/41/cover500/8963720047_1.jpg, 가치를꿈꾸는과학교사모임 지음, 양철북,2009
자연과학,물리와 함께하는 50일,"지 물리학 편집자로서 활약하고 있는 조앤 베이커가 50개의 에세이 안에 현대 물리학의 모든 것을 쉽고 간결하게 풀어내고 있다. 전 역학에서 현대 우주론까지를 시대별로 소개하고 있는데 중력, 빛, 에너지 같은 기초 개념부터 양자 이론, 카오스, 암흑 에너지 같은 최신 개념을 담았다. 다른 물리 입문서에서는 흔히 찾아볼 수 없었던 프라운호퍼 회절, EPR 역설, 파인만 도표, 올베르스의 역설 등도 눈에 띈다.",https://image.aladin.co.kr/product/712/53/cover500/8991239501_1.jpg, 조앤 베이커 지음;김명남 옮김, 북로드,2010
자연과학,과학 읽어주는 여자,"과학은 딱딱하고 차가운 학문이라고 생각했다면, 카페모카처럼 부드러운 이 책을 읽어보자. 저자는 감성과 지성을 적절히 자극하기 위해 영화, 신화, 뉴스를 섞어 과학의 속살을 보여준다.",https://image.aladin.co.kr/product/44/78/cover500/8976771613_1.gif, 이은희 지음, 명진,2003
자연과학,퀴리부인이 딸에게 들려주는 과학이야기,"책에 얽힌 비하인드 스토리가 귀를 솔깃하게 하는 어린이용 과학입문서. 1907년, 퀴리 부인이 올망졸망한 어린이들을 앞에 놓고 기초과학강의를 하고 있다. 최고의 지식집단 자제로 구성된 학생들 중에서도 유난히 눈을 반짝이는 아이가 있었으니, 그가 바로 이 책이 탄생하는 데 일등공신 역할을 한 이자벨 슈반느.",https://image.aladin.co.kr/product/45/34/cover500/8954400477_1.gif, 마리 퀴리;이자벨 샤반느 [공]지음;최연순 옮김, 자음과모음,2010
자연과학,(만화로 쉽게 배우는) 양자역학,초보들을 위한 양자역학 정복 길라잡이. 이 책은 양자역학에 대한 초보자들의 심리적 장벽을 극복을 돕고자 하는 목적에서 출간되었다. 따라서 양자역학의 구축에 얽힌 역사적 배경과 에피소드를 풍성하게 담아 초보자들이 보다 쉽게 양자역학을 이해할 수 있도록 하였다. 게다가 만화라는 강력한 그림풀이 수단으로 설명하고자 하는 대상과 물리과정을 보다 쉽게 파악할 수 있게 하였다.,https://image.aladin.co.kr/product/1559/60/cover500/8931575505_1.jpg, Ishikawa Kenji 지음;Hiiragi Yutaka 그림;이희천 옮김, BM성안당,2012
자연과학,"수, 과학의 언어","수에 관한 고전적인 탐구서로 평가받는 책. 첫 번째 개정판으로, 1954년에 출간된 4판에 근거를 두고 원저에 나오는 조금 부정확한 사실이나 최근의 수학적 성과를 반영하였다. 이를 위해 하버드 대학 배리 마주르 교수가 서문을 쓰고, 말보로 대학의 수학과 교수 조지프 마주르가 후기와 주석, 참고문헌을 첨가하였다.",https://image.aladin.co.kr/product/103/35/cover500/8985597167_1.jpg, 토비아스 단치히 지음;권혜승 옮김, 한승,2008
자연과학,과학사의 빛나는 순간,"활자를 발명하여 지식 보급에 큰 공헌을 한 구텐베르크, 만유인력의 법칙을 세운 아이작 뉴턴, 전구를 비롯한 수천 개의 물건을 발명한 에디슨, 방사능을 발견한 마리 퀴리, 전자기 유도 현상을 발견한 마이클 패러데이 등 과학사에서 큰 획을 그은 발견과 발명을 한 25 명의 과학자들과 그들의 생애, 이론을 담고 있는 책이다.",https://image.aladin.co.kr/product/93/70/cover500/8901067994_2.jpg, 마농 바우크하게 지음;이수영 옮김, 웅진주니어,2007
자연과학,파인만 이야기,"청소년 롤모델 시리즈 15권. 20세기 최고의 과학자라는 평가를 받으며 21세기에도 여전히 엄청난 영향력을 미치고 있는 리처드 파인만을 다룬다. 어린 시절부터 성장 과정, 그가 세운 과학적 업적 등을 비롯하여 ‘과학자’로서만이 아닌 한 ‘인간’으로서 다양한 모습을 담았다.",https://image.aladin.co.kr/product/2683/68/cover500/8976776917_1.jpg, 해리 러바인 3세;채윤, 명진출판,2013
자연과학,(The)Princeton companion to mathematics. 2,"세계적인 수학자 135명이 저술에 참여했고, 금종해 고등과학원 원장 외 29명의 번역가가 번역을 맡은, 본 책은 현대 수학의 에센스를 다루고 있으며 제목에서도 알 수 있듯이 수학에 깊은 흥미를 가진 독자들을 위한 안내서 역할을 해줄 것이다.",https://image.aladin.co.kr/product/5317/56/cover500/8961390597_1.jpg, 티모시 가워스;준 배로우-그린;임레 리더 외 지음;금종해;정경훈 옮김, 승산,2015
자연과학,꽃말의 탄생,"우리에게 익숙한 약 50여 종의 꽃들이 오랜 세월 동안 어떻게 그런 꽃말을 지니게 되었는지 그 유래를 찾아서 신화, 문학, 역사, 미신 등 서양 문화를 통해 소개한 책. 오래된 문헌 자료나 소수 부족의 이야기, 색다른 동서양 문화를 즐길 수 있다. 역사 속에서 인간이 꽃을 어떻게 대하며 살았는지도 엿볼 수 있다.",https://image.aladin.co.kr/product/29651/9/cover500/k852838889_1.jpg, 샐리 쿨타드 지음;박민정 옮김, 동양북스,2022
자연과학,물고기는 존재하지 않는다,집착에 가까울 만큼 자연계에 질서를 부여하려 했던 19세기 어느 과학자의 삶을 흥미롭게 좇아가는 이 책은 어느 순간 독자들을 혼돈의 한복판으로 데려가서 우리가 믿고 있던 삶의 질서에 관해 한 가지 의문을 제기한다. “물고기가 존재하지 않는다는 것은 엄연한 하나의 사실이다.,https://image.aladin.co.kr/product/28465/73/cover500/k092835920_2.jpg, 룰루 밀러 지음;정지인 옮김, 곰,2021
자연과학,프린스턴 응용수학 안내서. 1,"수학은 관습의 경계를 허무는 도구이며 진실을 찾아내는 데 제한이 없는 상상력의 엔진이다. 우리는 수학을 통해 다양한 대상들의 실체를 엄밀하게 분석하고, 사실을 연구하고, 독단과 편견에서 자유로운 상태로 혁신을 위한 능력을 배양할 수 있다.",https://image.aladin.co.kr/product/14971/92/cover500/8961390694_1.jpg, 니콜라스 하이엄 외 지음;정경훈 외 옮김, 승산,2018
자연과학,호모 아딕투스,"빅테크 기업이 중독을 어떻게 디자인하는지 그 비밀을 파헤치고, 나아가 빅테크 기업의 독점시장 속에서도 유의미한 성과를 내며 성장하는 기업 사례를 분석한다. 여기서 이끌어낸 인사이트는 디지털 전환을 도모하거나 이를 바탕으로 비즈니스 계획을 세우려는 기업가, 자신만의 중독 모델을 만들고 싶은 창업가 등이 중독의 법칙을 자신의 비즈니스에 적용하는 데 도움을 준다.",https://image.aladin.co.kr/product/29752/72/cover500/k302838804_1.jpg, 김병규 지음, 다산북스,2022
자연과학,건강과 과학기술,"과학동아 스페셜 시리즈. 여러 가지 다양한 식량 자원을 예로 들어 설명한 육종 기술부터, 암의 실체뿐 아니라 암을 예방하기 위해 조심해야 할 발암 물질들, 신종 플루, 배아줄기세포에 이르기까지 어느 것 하나 놓칠 수 없는 흥미로운 소재를 가지고 교육과정에 담겨 있는 내용들을 보기 좋고 재미있게 구성하였다.",https://image.aladin.co.kr/product/1424/27/cover500/8962860651_2.jpg, 과학동아편집부, 과학동아북스(동아사이언스),2011
자연과학,4퍼센트 우주,"우주에는 ‘암흑물질’이라 불리는 신비한 물질이 23퍼센트, ‘암흑에너지’라 불리는 훨씬 더 신비한 물질이 73퍼센트 존재한다. 다시 말해 당신과 나, 인간, 행성, 은하 등 우리가 익히 알고 있는 물질은 오로지 우주의 4퍼센트에 불과한 셈이다.",https://image.aladin.co.kr/product/3091/31/cover500/8952769864_1.jpg, 리처드 파넥 지음;김혜원 옮김, 시공사,2013
자연과학,물리와 친해지는 1분 실험,쉽고 간단한 실험들을 통해 우리가 일상에서 마주하는 물리의 법칙들을 들여다본다. 왜 그런 물리 현상이 일어나는지에 대한 자세하지만 난해하지 않은 설명들은 실험의 과정과 결과를 더 잘 이해할 수 있도록 도와 물리에 흥미를 느낄 수 있도록 한다.,https://image.aladin.co.kr/product/3949/67/cover500/8955882580_1.jpg, 사마키다케오지음;조민정 옮김;최원석 감수, 그린북,2014
자연과학,왓슨의 이중나선,제임스 D. 왓슨은 DNA를 언급할 때 가장 첫머리에 놓이는 이름이다. 유전정보를 후손에게 전달하는 물질인 유전자에 대한 연구가 막 시작되던 무렵 그 분야는 무주공산에 가까웠다. 누가 먼저 깃발을 꽂을 것인가! 실로 그렇게 하는 자가 경쟁의 승자가 될 수 있었다.,https://image.aladin.co.kr/product/4409/79/cover500/8998066157_1.jpg, 박승호 지음;최재정 그림, 작은길,2014
자연과학,인공지능을 위한 수학,"처음부터 끝까지 인공지능에 사용하는 수학적 개념을 재조명하는 데 집중하고 있다. 기본편에서는 인공지능을 이해하는 데 필요한 최소한의 수학 개념을 고교, 대학 수학 과정의 수준으로 설명하고, 응용편에서는 앞서 배운 개념들이 실제로 인공지능을 개발할 때 어떻게 쓰이는지, 잘 알려진 알고리즘을 이용하여 쉽게 다가갈 수 있게 설명한다.",https://image.aladin.co.kr/product/17400/4/cover500/896540228x_1.jpg, 이시카와 아키히코 지음;신상재;이진희 옮김, 프리렉,2018
자연과학,인공지능을 위한 수학,"처음부터 끝까지 인공지능에 사용하는 수학적 개념을 재조명하는 데 집중하고 있다. 기본편에서는 인공지능을 이해하는 데 필요한 최소한의 수학 개념을 고교, 대학 수학 과정의 수준으로 설명하고, 응용편에서는 앞서 배운 개념들이 실제로 인공지능을 개발할 때 어떻게 쓰이는지, 잘 알려진 알고리즘을 이용하여 쉽게 다가갈 수 있게 설명한다.",https://image.aladin.co.kr/product/17400/4/cover500/896540228x_1.jpg, 이시카와 아키히코 지음;신상재;이진희 옮김, 프리렉,2018
자연과학,기술의 대융합 ; 21세기 창조의 우원동력은 어디에서 오는가,미래 기술의 새로운 패러다임이 될 ‘융합 기술’을 정리한 최초의 개론서. 기술융합을 선도해 온 각 분야 최고 전문가 39인이 모여 융합기술의 실제와 가능성을 집대성하였다. ‘기술의 대융합’을 이루는 학문 간 연구 성과와 새로운 융합기술의 탄생 과정을 알기 쉽게 설명한 40편의 글이 수록되어 있다.,https://image.aladin.co.kr/product/647/29/cover500/8992975333_1.jpg, 이인식, 고즈윈,2010
자연과학,"야! 가자, 남극으로","남극 세종기지에서 세 차례나 월동대장을 역임하며 3년 넘게 살아 본 경험이 있는 장순근 박사가 구수한 입말로 풀어낸 남극 이야기. 지은이의 다정다감한 설명과 풍부한 사진, 지도 등이 곁들여져 남극을 폭넓고 체계적으로 설명함으로써 어린이들이 아주 흥미롭고 쉽게 읽을 수 있다.",https://image.aladin.co.kr/product/20/25/cover500/8936445189_1.jpg, 장순근 지음;김영곤, 창작과비평사,1999
자연과학,(팩션)20세기 수학자들의 초상,"집합론에서 세포자동자 이론까지, 과학 저널리스트이자 소설가가 쓴 책으로, 20세기 수학의 얼개를 다소 문학적인 필치로 그려냈다. 이 책은 20세기를 대표하는 수학자들의 삶으로부터 일부는 그들에 관한 에세이를 통해 알려진 이야기들, 또 일부는 새롭게 드러난 이야기들, 그리고 일부는 상상해 보면 그랬을 법한 이야기들을 담고 있다.",https://image.aladin.co.kr/product/613/25/cover500/8958201789_1.jpg, 디트마 다스 지음;박승억 옮김, 궁리,2009
자연과학,생명과 장소,"생명을 세포나 시스템과 같은 고정된 틀을 통해 파악하는 기존의 과학적 서술 방식에서 탈피하여, 움직이고 변화하는 생명 자체를 서술하는 생명관계학을 처음으로 주장한 책이다. 여기서 ‘생명관계학’이란 개체가 아니라 관계를, 코스모스가 아니라 카오스를 생명 현상의 기본 모델로 채택하여, 생명 요소들이 관계 맺는 장소 속에서 생명을 파악하는 새로운 학문이다.",https://image.aladin.co.kr/product/642/42/cover500/8976823427_1.jpg, 시미즈히로시 지음;박철은;김강태 옮김, 그린비,2010
자연과학,당신과 지구와 우주,"쿼크에서부터 초은하단까지, 진흙에서부터 호모사피엔스까지 우주의 삶 전체를 한 권으로 망라한 최초의 책이다. 이 책에서 그는 우리가 어린 시절부터 가졌던 우주의 모든 것에 대한 막연한 질문에 답하기 위해서 우리를 우주의 끝자락까지 안내한다.",https://image.aladin.co.kr/product/641/51/cover500/8972914703_1.jpg, 크리스토퍼 포터 지음;전대호 옮김, 까치,2010
자연과학,나무가 좋아지는 나무책,"나무의 이름, 꽃이 피는 시기, 다른 나무와 구별하는 법 등 우리 주변에서 흔히 만나는 나무에 대한 궁금증을 덜어주는 책이다.직접 들고 나가 배울 수 있도록 가볍게 만들었으며 쉽고 친근한 설명으로 책 제목처럼 나무가 좋아지도록 돕는다.",https://image.aladin.co.kr/product/443/97/cover500/8977660920_1.jpg, 박효섭 지음, 다른세상,2010
자연과학,공기의 발명,"조지프 프리스틀리에 관해 절대 잊어선 안 되는 과학적 발견과 신앙, 혁명 그리고 미국 건국에 대한 비밀스러운 이야기를 화학, 사회사, 미디어 이론, 생태학, 지질학의 도구들을 빌려 종합적인 감수성을 통해 풀어낸 책. 프리스틀리는 매우 독특한 인물이었다. 1780년대, 그는 세계에서 가장 저명한 과학자이며, 가장 중요한 종교계 인사이며, 또한 거침없이 자신의 의견을 밝혔던 정치 사상가였다. 그는 정치, 화학, 물리학, 교육, 종교 등 다수의 학문 분야를 종횡 무진 누비며 그 혁명의 소용돌이에 한가운데 있었다. 이 책은 프리스틀리의 삶",https://image.aladin.co.kr/product/631/1/cover500/8992607466_1.jpg, 스티븐 존슨 지음;박산호 옮김, 비즈앤비즈,2010
자연과학,영화 속에 과학이 쏙쏙!!,중학교 교사로 재직중인 최원식씨가 영화로 가르치는 과학교과서. 이를테면 책의 처음에서 '대기권'을 가르치며 이렇게 시작한다. 영화 '아마겟돈'에서 운석이 떨어지기 전의 파리 하늘은 너무나 푸르다. 그런데 '아폴로 13'에서 우주인들이 감상하고 있는 달의 하늘은 검은 색이다. - 문화일보,https://image.aladin.co.kr/product/43/51/cover500/8991215122_1.jpg, 최원석 지음, 이치,2010
자연과학,이상한 수학책,"수학을 다루고 있지만 수학 문제나 해설은 단 하나도 나오지 않는 ‘이상한’ 수학책이다. 작가는 수학 문제와 풀이를 나열하는 대신 수학의 진정한 핵심, 수학 ‘개념’에 초점을 맞춰 이야기를 풀어 나간다. 우리가 당연하게 받아들이는 현실 속에 당연하지 않게 숨어 있는 수학 개념을 하나하나 보여 준다.",https://image.aladin.co.kr/product/23527/98/cover500/k192638604_1.jpg, 벤 올린 지음;김성훈 옮김, 북라이프,2020
자연과학,(수학의 노벨상)필즈상 이야기,"‘수학의 노벨상’이라 불리는 필즈상 이야기를 천재 수학자들의 삶과 업적과 함께 국내 최초로 소개한다. 20세기 위대한 수학자들이 수학에 대해서, 그리고 수학 연구에 대해서 남긴 이야기들과 그들의 일화를 다채롭게 보여주고 있다. <필즈상 이야기>를 읽는 독자들은 필즈상을 수상한 업적을 중심으로 현대 수학의 중요한 문제들과 동향에 대한 지식을 얻을 수 있을 것이다.",https://image.aladin.co.kr/product/759/11/cover500/8952214684_1.jpg, 김원기 지음, 살림Math,2010
자연과학,유레카의 순간들,"이 책은 인류사와 과학사를 뒤흔든 29가지 과학적 발견과 발명의 순간들을 소개하는 과학 교양서이다. 그리고 수많은 과학자들이 ‘유레카!’를 외치기 위해 어떤 노력을 펼쳤으며, 그 이면에 어떤 흥미진진한 뒷이야기가 숨어 있는지 살펴본다.",https://image.aladin.co.kr/product/10883/28/cover500/8952236173_1.jpg, 김형근 지음, 살림Friends,2017
자연과학,시간의 역사,,https://image.aladin.co.kr/product/8475/62/cover500/d232634837_1.jpg, 에롤 모리스 감독, 키노필름,2016
자연과학,2030 화성 오디세이,"국내 전문가 22인의 손과 머리로 상상한 화성 탐사의 미래. 화성에 가는 길과 화성에서의 생명 탐사, 그리고 화성의 테라포밍 및 우주 탐사로 파생되는 기술 등의 장단점에 대해 상세히 이야기한다. 화성 탐사의 가능성을 꿈꾸는 사람들이 궁금해할 법한 내용이 모두 담겨있다.",https://image.aladin.co.kr/product/6880/17/cover500/k372434274_1.jpg, 최기혁 외 지음, MID,2015
자연과학,수학으로 생각하는 힘,"세상 모든 것은 이렇듯 수학으로 설명할 수 있다고 말하는 이 책은, 심지어 그 설명을 아주 재미나게 해낸다. 수학계 스타 작가들이 앞다퉈 '차세대 수학 스토리텔러'로 주목하는 수리생물학자, 키트 예이츠의 야침찬 첫 책이다.",https://image.aladin.co.kr/product/24789/87/cover500/8901243938_1.jpg, 키트 예이츠 지음;이충호 옮김, 웅진지식하우스,2020
자연과학,수학으로 생각하는 힘,"세상 모든 것은 이렇듯 수학으로 설명할 수 있다고 말하는 이 책은, 심지어 그 설명을 아주 재미나게 해낸다. 수학계 스타 작가들이 앞다퉈 '차세대 수학 스토리텔러'로 주목하는 수리생물학자, 키트 예이츠의 야침찬 첫 책이다.",https://image.aladin.co.kr/product/24789/87/cover500/8901243938_1.jpg, 키트 예이츠 지음;이충호 옮김, 웅진지식하우스,2020
자연과학,(하버드 수학 박사의)슬기로운 수학 생활,"막대기 몇 개로 복잡한 곱셈을 단숨에 처리하는 데서부터 명쾌하게 나누어떨어지는 수를 찾고 가장 우아한 방식으로 제곱근을 구하기에 이르기까지, 《하버드 수학 박사의 슬기로운 수학 생활》은 학교에서는 들어본 적 없는 기상천외한 계산 방법을 알려주며 수포자들이 일상에서도 수학을 쉽게 활용할 수 있도록 안내한다.",https://image.aladin.co.kr/product/24036/17/cover500/k312639513_1.jpg, 크리스티안 헤세 지음;장윤경 옮김, 추수밭,2020
자연과학,일하는 수학,25가지 직업 속에 숨은 수학 개념들에 대한 이야기를 저자의 경험담에 빗대어 들려주는 책이다. 저자는 우리 주변에서 쉽게 볼 수 있는 25가지 일에서 필요한 수학 지식을 통해 수학이 우리 삶 속에서 어떻게 적용되고 실생활과 얼마나 밀접한지 알려주고 있다.,https://image.aladin.co.kr/product/9089/97/cover500/8928636787_1.jpg, 시노자키 나오코 지음;사카키 히로코 일러스트;김정환 옮김, 타임북스,2018
자연과학,과학의 쓸모,지금껏 딱딱하게만 느껴졌던 4차산업혁명에 관해 과학의 최전선에서 수년간 과학 전문 기사를 써온 작가가 쉽게 풀어쓴 과학 교양서이다. 4차산업혁명뿐만 아니다. <과학의 쓸모>는 인류를 위협하는 잠재적 위험들로부터 사람들을 지켜주는 과학 교양 지식을 모아 설명한다.,https://image.aladin.co.kr/product/26543/55/cover500/k502738838_1.jpg, 전승민 지음, 체인지업,2021
자연과학,과학의 쓸모,지금껏 딱딱하게만 느껴졌던 4차산업혁명에 관해 과학의 최전선에서 수년간 과학 전문 기사를 써온 작가가 쉽게 풀어쓴 과학 교양서이다. 4차산업혁명뿐만 아니다. <과학의 쓸모>는 인류를 위협하는 잠재적 위험들로부터 사람들을 지켜주는 과학 교양 지식을 모아 설명한다.,https://image.aladin.co.kr/product/26543/55/cover500/k502738838_1.jpg, 전승민 지음, 체인지업,2021
자연과학,"헬로, 사이언스","‘10월의 하늘’ 시리즈의 세 번째 책. 이 책은 과학자는 물론 의사, 저널리스트, 예술가, 기업인 등 각계각층의 전문가들이 참여했기 때문에 다양한 분야에 살아 숨 쉬는 과학 이야기를 들을 수 있다.",https://image.aladin.co.kr/product/4827/4/cover500/8997162772_1.jpg, 정재승 외 지음, 청어람미디어,2020
자연과학,아주 위험한 과학책,"전 세계 과학 덕후들을 사로잡으며, 300만 부 넘게 팔린 랜들 먼로 시리즈가 더 강력해진 모습으로 돌아왔다. 랜들 먼로에게 날아드는 질문들은 점점 위험하고 엉뚱해지고 있지만, 어떠한 질문에도 가장 과학적인 답변을 찾아내는 그의 집요함 역시 날로 진화 중이다.",https://image.aladin.co.kr/product/31515/75/cover500/k672832531_1.jpg, 랜들 먼로 지음;이강환 옮김, 시공사,2023
자연과학,아주 위험한 과학책,"전 세계 과학 덕후들을 사로잡으며, 300만 부 넘게 팔린 랜들 먼로 시리즈가 더 강력해진 모습으로 돌아왔다. 랜들 먼로에게 날아드는 질문들은 점점 위험하고 엉뚱해지고 있지만, 어떠한 질문에도 가장 과학적인 답변을 찾아내는 그의 집요함 역시 날로 진화 중이다.",https://image.aladin.co.kr/product/31515/75/cover500/k672832531_1.jpg, 랜들 먼로 지음;이강환 옮김, 시공사,2023
자연과학,(수학 선생님도 궁금한)101가지 수학질문사전,"101가지 질문사전 시리즈. 어떤 질문들은 수학사와 연결되고 어떤 질문은 사회 속의 문제와 연결되며, 어떤 질문은 우리의 과학 문명과 연결되어 있다. 이런 질문들에 대한 선생님들의 대답을 따라가다 보면 독자들은 자연스럽게 수학사, 생활 속 수학이야기, 또는 자연과학 및 사회과학 분야의 여러 다른 지식들과 만나게 되어 수학을 통한 통합적 시각을 이룰 수 있다.",https://image.aladin.co.kr/product/1739/80/cover500/8963190404_2.jpg, 이동흔 외 지음;심차섭 그림, 북멘토,2012
자연과학,다윈 지능,"『다윈 지능』 2판은 「드디어 다윈」 시리즈 6권으로 출간되는데, 1판의 기존 원고의 지식과 정보를 업데이트하고, 1판에서 다루지 못한 주제인 팬데믹과 공진화, 마음의 진화, 음악의 진화, 그리고 호모 심비우스에 관한 글을 추가한 개정 증보판이다.",https://image.aladin.co.kr/product/30632/70/cover500/k242830929_1.jpg, 최재천 지음, 사이언스북스,2022
자연과학,(청소년을 위한) 케임브리지 과학사. 3: 화학이야기,"40여 년 간의 조사와 연구 끝에 만들어 낸 인류 과학의 발달사. 저자는 젊은 날 케임브리지에서 과학 교사로 일할 때, 수업 내용을 풍부하게 하고 앞으로 펼쳐질 무한한 과학의 세계를 학생들에게 심어주고 싶었다. 이 책은 과학의 발달사를 재미있는 이야기로 풀어 낸 당시 작업을 옮긴 것이다.",https://image.aladin.co.kr/product/63/78/cover500/897483278x_1.jpg, 아서 셧클리프 [외]지음;조경철 옮김, 서해문집,2006
자연과학,(세상에서 가장 재미있는) 과학지도,"'강력추천 세계 교양 지도 시리즈' 6권. 과학 교과에서 다루는 물리, 화학, 생물, 지구과학의 내용을 담고 있다. 또한 교과서에서 미처 다루지 못하는 과학상식과 생활 속의 궁금증들 그리고 신비롭고 흥미로운 과학 이야기도 함께 다루고 있다.",https://image.aladin.co.kr/product/2603/91/cover500/8993480966_1.jpg, 배정진 지음;박유진 일러스트, 북스토리,2013
자연과학,나는 습지에서 살아요,"아이들에게 환경 문제를 흥미롭게 전달하며 환경의 소중함을 일깨우는 '어린이 환경 다큐멘터리' 시리즈. KBS 환경 스페셜 [인간과 습지] 3부작 ‘갯벌’, ‘논’, ‘물영아리’의 방송 내용을 아이들의 눈높이에 맞춘 감동적인 글과 사진으로 꾸민 작품이다.",https://image.aladin.co.kr/product/2644/64/cover500/8952768744_2.jpg, 김용안 글;김서호;이광록;양자영 [공] 기획, 시공주니어,2013
자연과학,전쟁 이야기 속에 숨은 과학을 찾아라,"삼국지부터 제2차 세계 대전에 이르기까지 여러 전쟁터에서 벌어진 흥미로운 사건을 과학적인 시각에서 풀어낸 책이다. 저자는 여러 전쟁터에서 벌어진 흥미로운 사건을 들려주고, 왜 그런 일이 벌어졌을까 하고 질문을 던지며 호기심을 불러일으킨다.",https://image.aladin.co.kr/product/2683/35/cover500/8994368213_1.jpg, 위빙정 지음;정주은 옮김, 갈대상자(찰리북),2013
자연과학,(재밌어서 밤새읽는) 화학 이야기,"“화학은 재미있다! 이것이 이 책을 쓴 단 하나의 이유다.”라고 머리말에서 밝힌 저자는, 30여 년간 교단과 강단에서 화학에 흥미를 느끼지 못하는 학생들을 지켜보며 화학이 얼마나 신기하고 흥미진진한 학문인지 알려주고 싶었다.",https://image.aladin.co.kr/product/2368/98/cover500/8994418512_1.jpg, 사마키 다케오 지음;김정환 옮김, 더숲,2013
자연과학,우리집은 수학 창의력 놀이터,"수학 분야에서 유명한 나온교육연구소의 연구원이 아이의 발달 과정과 수학 개념에 따라 만든 7세 전 어린이용 수학 놀이 책으로, 우리나라에서 전문가가 설계한 수학 놀이 책이 나온 것은 처음이다.",https://image.aladin.co.kr/product/2566/37/cover500/899739018x_1.jpg, 이미경 지음, 이지스퍼블리싱,2013
자연과학,수학이 필요한 순간,"우리가 익숙하게 사용하는 연산, 매일 이야기하는 확률, 쉽게 그리는 좌표 등도 한때는 전문가들조차 이해할 수 없는 복잡한 이론이었다. 페르마, 뉴턴, 아인슈타인은 물론, 지금 잘 알지 못하는 현대 수학 이론들도 언젠가는 자연스럽게 떠올리는 상식이 될 것이다.",https://image.aladin.co.kr/product/15892/11/cover500/s802533642_1.jpg, 김민형 지음, 인플루엔셜,2018
자연과학,"과학선생님, 독일 가다","현직 과학 교사들이 배낭을 메고 찾아간 독일 과학 문화의 현장을 담은 책. 독일 과학 기술의 어제와 오늘을 한눈에 볼 수 있는 국립 독일 박물관을 비롯한 다양한 종류의 박물관과 과학관을 둘러보고, 남부의 작은 도시 울름을 찾아 세계적인 물리학자 아인슈타인의 발자취도 따라가 본다.",https://image.aladin.co.kr/product/364/82/cover500/8971848081_1.jpg, 한문정;홍준의;김현빈 외 지음;정훈이 그림, 푸른숲,2009
자연과학,낙동강 하구,"낙동강 하구와 그곳에 사는 모든 생물종의 모습을 담은 생태보고서이다. 하구의 생성과 흐름, 수수만년 세월이 밎은 모래섬과 갯가 식물, 곤충, 어패류와 파충류까지 낙동강 하구의 모든 것을 담았다. 환경부에서 지정한 멸종위기야생동식물을 비롯한 많은 멸종위기 동식물들을 사진과 함께 실었다.",https://image.aladin.co.kr/product/269/41/cover500/8978891837_1.jpg, 강병국 지음;최종수 사진, 지성사,2008
자연과학,(못 말리는)과학 방송국. 1: 전기발견의 역사,"과학의 역사를 풀어주는 어린이를 위한 과학책. 방송국에서 앵커와 기자가 직접 과학자를 만나 인터뷰하는 상황 설정으로 과학 발견의 현장을 텔레비젼 뉴스를 보듯 접근할 수 있다. 각 권마다 주제를 정해서 과학사에 큰 영향을 미친 과학자들을 만나보고, 뒷 이야기와 재미있는 사건사고 소식을 전한다.",https://image.aladin.co.kr/product/101/93/cover500/8952207432_1.jpg, 정완상 지음;임정호 그림, 살림어린이,2008
자연과학,(못 말리는)과학 방송국. 2: 기체 발견의 역사,"과학의 역사를 풀어주는 어린이를 위한 과학책. 방송국에서 앵커와 기자가 직접 과학자를 만나 인터뷰하는 상황 설정으로 과학 발견의 현장을 텔레비젼 뉴스를 보듯 접근할 수 있다. 각 권마다 주제를 정해서 과학사에 큰 영향을 미친 과학자들을 만나보고, 뒷 이야기와 재미있는 사건사고 소식을 전한다.",https://image.aladin.co.kr/product/101/93/cover500/8952207440_1.jpg, 정완상 지음;임정호 그림, 살림어린이,2008
자연과학,(못 말리는)과학 방송국. 7: 운동법칙 발견의 역사,"우리의 실생활에서 쉽게 응용할 수 있는 가속도, 작용 반작용, 마찰력, 원심력과 구심력 등에 관련된 다양한 법칙들을 다루고 있다. 와핑 기자와 위대한 과학자들의 인터뷰를 함께 지켜보다 보면 무거운 바위를 옮기기 위해서 어느 정도의 힘이 필요한지, 일반 도로보다 빙판길에서 넘어지기 쉬운 이유는 무엇인지, 추락하는 사람을 구하기 위해선 어떤 방법을 쓰면 되는지 등을 쉽게 알 수 있다.",https://image.aladin.co.kr/product/170/15/cover500/8952207491_1.jpg, 정완상 지음;임정호 그림, 살림출판사,2008
자연과학,(못 말리는)과학 방송국. 9: 날씨의 역사,,https://image.aladin.co.kr/product/218/82/cover500/8952207513_1.jpg, 정완상 지음;임정호 그림, 살림어린이,2008
자연과학,(못 말리는)과학 방송국. 10: 생물 발견의 역사,,https://image.aladin.co.kr/product/218/82/cover500/8952207521_1.jpg, 정완상 지음;임정호 그림, 살립어린이,2008
자연과학,(못 말리는)과학 방송국. 10: 생물 발견의 역사,,https://image.aladin.co.kr/product/218/82/cover500/8952207521_1.jpg, 정완상 지음;임정호 그림, 살립어린이,2008
자연과학,"붉은여우, 앰버","철저한 조사를 거쳐서 사실에 바탕한 야생 동물의 생태를 아주 정밀하게 묘사해 낸 야생 동물 시리즈. 각각의 동물들이 태어나 어른으로 성장해 가기까지의 험난한 과정이 동화로 쓰여졌다. 그 첫 번째는 에 관한 이야기다. 생태 관련 정보를 수록함은 물론, 동물의 시각에서 바라본 세상이 펼쳐진다.",https://image.aladin.co.kr/product/59/60/cover500/8971844450_1.jpg, 셜리 우즈 지음;실리아 가드킨 그림;이한음 옮김, 푸른숲,2005
자연과학,생태학을 잡아라,최근의 학문인 생태학의 이모저모를 살피는 는 시리즈의 두번째권. 진화나 유전학 등 입문서가 많이 소개되어 있는 분야와 달리 딱히 쉬운 교양서가 없는 분야라 훨씬 흥미롭게 읽힌다.,https://image.aladin.co.kr/product/37/25/cover500/8988804724_1.gif, 데이비드 버니 지음;이한음 옮김, 궁리출판,2007
자연과학,생태학을 잡아라,최근의 학문인 생태학의 이모저모를 살피는 는 시리즈의 두번째권. 진화나 유전학 등 입문서가 많이 소개되어 있는 분야와 달리 딱히 쉬운 교양서가 없는 분야라 훨씬 흥미롭게 읽힌다.,https://image.aladin.co.kr/product/37/25/cover500/8988804724_1.gif, 데이비드 버니 지음;이한음 옮김, 궁리출판,2007
자연과학,생태학을 잡아라,최근의 학문인 생태학의 이모저모를 살피는 는 시리즈의 두번째권. 진화나 유전학 등 입문서가 많이 소개되어 있는 분야와 달리 딱히 쉬운 교양서가 없는 분야라 훨씬 흥미롭게 읽힌다.,https://image.aladin.co.kr/product/37/25/cover500/8988804724_1.gif, 데이비드 버니 지음;이한음 옮김, 궁리출판,2007
자연과학,(세상에서 가장 재미있는)통계학,시리즈로 많은 이들에게 알려져 있는 래리 고닉의 이공계 시리즈 중 통계학편. 2002년 로 국제출판사에서 출간되었던 것을 번역과 용어를 수정해 재출간 한 것이다.템플대학에서 통계학을 가르치고 있는 울코트 스미스와 공동작업으로 어렵게만 느껴지는 통계학을 쉽고 흥미롭게 풀어냈다.,https://image.aladin.co.kr/product/90/37/cover500/8958200898_1.jpg, 울코트 스미스 지음;래리 고닉 그림, 궁리출판,2008
자연과학,알케미 동굴의 비밀 지도와 영원의 불꽃,"과학에 흥미를 잃은 중학생들에게 읽히고자 과학 선생님들이 14살 청소년들을 주인공으로 등장시켜 쓴 모험이야기. 집에서 직접 해 볼 수 있는 '좌충우돌실험실'을 수록했으며, '요건 몰랐지?', '여기서 잠깐', '좀더 알아볼까요?' 등을 통해서 역사 속 과학자들의 모습과 주변에서 과학이 활용되는 방법들을 소개했다.",https://image.aladin.co.kr/product/52/95/cover500/8952203135_1.jpg, 전화영 지음, 살림,2007
자연과학,영화는 좋은데 과학은 싫다고?,과학적 사고방식이야말로 근대과학이 인류에게 기여한 중요한 업적이라는 것을 또한 과학적으로 생각하는 것이 얼마나 쉽고 재미있는 일인지를 보여주고 있는 책이다. 저자는 이 책에서 영화가 상기시키는 과학의 원리를 에세이 형식으로 풀어가고 있다.,https://image.aladin.co.kr/product/317/60/cover500/8985597221_1.jpg, 김상욱 지음, 한승,2009
자연과학,(중·고생을 위한)정말 쉬운 수학책. 2,"학생들이 수학을 어려워하고 싫어하는 이유를 다양한 방면으로 풀어가며 수학을 친근하게 느끼도록 유도하는 책. 우선 수학을 알기 위해서 수학이 어떻게 생겼고, 지금 어떻게 활용되고 있는 지 등을 설명한다.",https://image.aladin.co.kr/product/99/48/cover500/8952206959_1.jpg, 이진우 지음;오영 그림, 살림Math,2007
자연과학,(수학의 열정을 닮아라)가우스,수학의 왕이라 불릴만큼 열정적으로 수학을 사랑하고 연구에 전념했던 가우스의 삶을 재미있게 풀어쓴 책. 가우스가 수학사에서 차지하는 위치와 업적 그리고 그의 대표적인 수학 이론을 알기 쉽게 설명한다. 수학에 흥미를 가진 어린이나 수학을 어렵게 생각하는 어린이 모두에게 가우스를 존재하게 한 열정과 노력은 큰 귀감이 될 것이다.,https://image.aladin.co.kr/product/196/65/cover500/8952208293_1.jpg, 신현배 지음;조경란 그림, 살림어린이,2008
자연과학,(수학을 놀이처럼 즐겨라)페르마,페르마는 17세기의 수학자이다. 수학의 왕자라고도 불리는 페르마는 법률 일을 도맡아 하며 취미로 수학을 했다. 책의 뒤에는 페르마가 수학사에서 차지하는 위치와 업적과 그를 대표하는 ‘페르마의 마지막 정리’가 알기 쉽게 설명되어 있다. 수학에 재능이 있거나 특목고 진학을 꿈꾸는 초등학생에게 권한다.,https://image.aladin.co.kr/product/201/34/cover500/8952208420_1.jpg, 박윤경 지음;송향란 그림, 살림어린이,2008
자연과학,(수학으로 불가능을 뛰어넘어라)칸토어,"'Math Challenger 수학 영재들이 꼭 읽어야 할 천재 수학자' 시리즈의 10권. 현대 수학 주춧돌을 마련한 칸토어의 삶을 풀어 썼다. 칸토어는 집합론의 창시자이다. 칸토어 전에도 집합 개념은 있었지만, 칸토어가 창시자로 불리는 것은 무한 집합을 밝혀냈기 때문.",https://image.aladin.co.kr/product/268/94/cover500/8952208471_1.jpg, 김경희 지음;최지경 그림, 살림어린이,2008
자연과학,"흰발생쥐, 핍",철저한 조사를 거쳐 사실에 바탕한 흰발생쥐의 생태가 한 편의 동화처럼 펼쳐진다. 낡은 군화 속에서 태어난 흰발생쥐의 눈물겨운 홀로서기 이야기다.,https://image.aladin.co.kr/product/61/21/cover500/8971844485_1.jpg, 셜리 우즈 지음;실리아 가드킨 그림;이한음 옮김, 푸른숲,2005
자연과학,거인들의 어깨 위에 서서,지구가 태양 궤도를 돈다는 니콜라우스 코페르니쿠스의 혁명적인 주장에서부터 시공이 질량과 에너지에 의해서 휘어져 있다는 아인슈타인의 혁명적 주장에 이르기까지 하늘에 대한 우리들의 상(像)이 어떻게 진화해왔는지를 기록했다.,https://image.aladin.co.kr/product/85/22/cover500/8972914142_1.jpg, 스티븐 호킹 편저;김동광 옮김, 까치,2010
자연과학,거인들의 어깨 위에 서서,지구가 태양 궤도를 돈다는 니콜라우스 코페르니쿠스의 혁명적인 주장에서부터 시공이 질량과 에너지에 의해서 휘어져 있다는 아인슈타인의 혁명적 주장에 이르기까지 하늘에 대한 우리들의 상(像)이 어떻게 진화해왔는지를 기록했다.,https://image.aladin.co.kr/product/85/22/cover500/8972914142_1.jpg, 스티븐 호킹 편저;김동광 옮김, 까치,2010
자연과학,시간 여행자,"2000년 타임머신 이론을 제시해 주목받았던 로널드 몰렛 박사가 시간여행의 원리를 이론적으로 증명해내고 타임머신을 고안하기 위해 달려온 30년간의 여정을 담아낸 책. 아인슈타인의 상대성 이론, 스티븐 호킹의 웜홀 등에 기반한 그의 모든 연구 과정을 흥미진진하게 쫓는다.",https://image.aladin.co.kr/product/94/28/cover500/8992647034_1.jpg, 로널드 몰렛;브루스 핸더슨 지음;이창미 옮김, 쌤앤파커스,2008
자연과학,생명의 기원은 무엇인가?,"자연 발생설에서 진흙 기원설까지 생명의 기원을 찾아간다. 청소년 교양 시리즈 '민음 바칼로레아'의 열두 번째 책. 세포의 발아, 우주에서 온 생명체의 가능성 등을 알아보고 최초의 생명체의 잔존 여부에 대해서도 탐구한다. DNA와 RNA를 통해 최초의 생명체가 증식한 방법도 추론해 본다.",https://image.aladin.co.kr/product/61/91/cover500/8982731237_1.jpg, 마리크리스틴 모렐 지음;김희경 옮김, 민음in,2006
자연과학,암을 정복할 수 있을가?,,https://image.aladin.co.kr/product/65/7/cover500/8982731393_1.jpg, 로렝 드고 지음;김성희 옮김, 민음in,2009
자연과학,안락사를 합법화해야 할까?,"이 책은 안락사에 대한 관심이 왜 커지는지 그 의학적, 사회적 배경을 먼저 짚어 보고, 안락사를 둘러싸고 벌어지는 여러 논쟁들이 주장하는 의학적, 법적, 윤리적 근거들을 살펴봄으로써 진정으로 인간이 스스로의 존엄성을 지킬 수 있는 길이 무엇인지 고민해 볼 수 있도록 구성했다.",https://image.aladin.co.kr/product/67/47/cover500/8982731490_1.jpg, 미셸 오트쿠베르튀르 지음;김성희 옮김, 민음in,2011
자연과학,안락사를 합법화해야 할까?,"이 책은 안락사에 대한 관심이 왜 커지는지 그 의학적, 사회적 배경을 먼저 짚어 보고, 안락사를 둘러싸고 벌어지는 여러 논쟁들이 주장하는 의학적, 법적, 윤리적 근거들을 살펴봄으로써 진정으로 인간이 스스로의 존엄성을 지킬 수 있는 길이 무엇인지 고민해 볼 수 있도록 구성했다.",https://image.aladin.co.kr/product/67/47/cover500/8982731490_1.jpg, 미셸 오트쿠베르튀르 지음;김성희 옮김, 민음in,2011
자연과학,블랙홀이란 무엇인가?,"블랙홀을 이해하는 데 필수적인 중력의 개념, 블랙홀의 생성 원리, 그리고 블랙홀이 중성자별이나 초신성과는 어떻게 다른지, 우주 곳곳에 흩어져 있는 블랙홀은 과연 어떤 종류가 있고 그 중심에는 무엇이 있는지, 블랙홀을 통해 시간 여행이 가능한지 등 블랙홀에 관해 밝혀진 최신 연구 성과들을 정리했다.",https://image.aladin.co.kr/product/67/68/cover500/8982731512_1.jpg, 파스칼 보르데 지음;김성희 옮김, 민음in,2006
자연과학,블랙홀이란 무엇인가?,"블랙홀을 이해하는 데 필수적인 중력의 개념, 블랙홀의 생성 원리, 그리고 블랙홀이 중성자별이나 초신성과는 어떻게 다른지, 우주 곳곳에 흩어져 있는 블랙홀은 과연 어떤 종류가 있고 그 중심에는 무엇이 있는지, 블랙홀을 통해 시간 여행이 가능한지 등 블랙홀에 관해 밝혀진 최신 연구 성과들을 정리했다.",https://image.aladin.co.kr/product/67/68/cover500/8982731512_1.jpg, 파스칼 보르데 지음;김성희 옮김, 민음in,2006
자연과학,시간은 존재하는가?,"이 책은 파르메니데스부터 플라톤, 하이데거, 에드문트 후설, 아인슈타인까지 시간을 어떻게 정의했는지 일목요연하게 정리함으로써 동.서양의 시간 관념이 어떻게 다르고, 현대 물리학자들은 수많은 철학자들이 풀지 못한 이 형이상학적 문제를 어떻게 해결했는지 등을 흥미롭게 보여 준다.",https://image.aladin.co.kr/product/67/68/cover500/8982731539_1.jpg, 에티엔 클렝 지음;이수지 옮김, 민음in,2006
자연과학,기적의 암산법,"순식간에 정답이 떠오르는 암산 비결을 6시간 만에 끝내는 책이다. 두 자릿수 곱셈은 물론 다양한 형태의 곱셈과 나눗셈, 분수식, 소수점 계산을 가장 빠르고 효율적인 방법으로 풀 수 있도록 도와준다. 몇 가지 요령만 알면 주산보다 빨리 계산할 수 있다.",https://image.aladin.co.kr/product/3208/78/cover500/8998625032_1.jpg, 미즈노준 지음;김현우 옮김, 좋은날들,2013
자연과학,파충류와 양서류. 5,,https://image.aladin.co.kr/product/57/65/cover500/8900199048_1.jpg, 마크 오시 [외]지음, 두산동아,2006
자연과학,포유류. 3,,https://image.aladin.co.kr/product/57/65/cover500/8900199072_1.jpg, 줄리엣 클러턴 브록 지음, 두산동아,2006
자연과학,"생물학 명강. 2: 생명의 탁월성, 그 원리를 찾아서",경암바이오 시리즈. 국내 최고의 생물학자 14인이 저자로 참여하여 생물학계의 핵심 주제를 소개하는 교양과학책이다. 자칫 어려울 수도 있는 생물학적 연구 성과를 청소년들의 눈높이에 맞게 최대한 쉽고 생생한 언어로 소개한다.,https://image.aladin.co.kr/product/3572/59/cover500/8956057109_1.jpg, 강봉균 외 지음, 해나무,2014
자연과학,생물학 명강. 3: 세포는 우리에게 무엇을 말해주는가,"경암바이오 시리즈. 우리나라 최고의 생물학자 16명이 생물학계의 핵심 주제를 소개하는 교양과학책이다. 우리는 어떻게 기억을 저장하는지, 신경세포들은 어떻게 신호를 주고받는지, 암줄기세포의 특성과 기능은 무엇인지 등을 다루면서 세포 구석구석을 탐험한다.",https://image.aladin.co.kr/product/5671/80/cover500/8956055165_1.jpg, 고기남 [외]지음, 해나무,2015
자연과학,사라진 뒤영벌을 찾아서,"1988년 영국 들판에서 흔히 볼 수 있던 짧은털뒤영벌이 멸종했다. 이에 저자가 뒤영벌을 복원하면서 겪은 우여곡절이 마치 한 편의 추리소설처럼 흥미진진하게 펼쳐진다. 뒤영벌 관련 지식과 정보, 뒤영벌을 위해 활동하다 겪은 다양한 에피소드가 담겨 있다.",https://image.aladin.co.kr/product/8081/10/cover500/8997429612_1.jpg, 데이브 굴슨 지음;이준균 옮김, 자연과생태,2016
자연과학,불멸의 원자,"아시아태평양 이론물리센터(APCTP)에서 운영하는 웹진 <크로스로드>에 '페르미 솔루션'이라는 제목으로 연재된 글들을 엮은 책이다. 저자는 과거의 물리학자들과 현재의 물리학자들을 불러 모아 물리학의 과거, 현재, 미래를 탐색한다.",https://image.aladin.co.kr/product/8650/73/cover500/8983717157_1.jpg, 이강영 지음, 사이언스북스,2016
자연과학,김범준의 이것저것의 물리학,과학의 눈으로 보면 더 멋지고 아름다운 세계가 열린다! 조금 더 과학적인 눈으로 세상을 보고 싶은 이들을 위한 온갖 것들의 과학.,https://image.aladin.co.kr/product/32516/52/cover500/8934954973_1.jpg, 김범준 지음, 김영사,2023
자연과학,과학드림의 무섭게 빠져드는 과학책,"‘역사상 가장 강력했던 온난화 현상은 지구를 어떻게 바꿨을까?’, ‘200만 년 전의 장마는 대륙에 어떤 영향을 끼쳤을까?’, ‘대왕고래가 지구상에서 가장 큰 동물이 된 이유는 무엇일까?’ 등 흥미진진하고 압도적인 스케일의 이야기를 담았다.",https://image.aladin.co.kr/product/32611/41/cover500/k812935543_1.jpg, 김정훈(과학드림) 지음, 더퀘스트(길벗),2023
자연과학,나 없이는 존재하지 않는 세상,"≪시간은 흐르지 않는다≫, ≪모든 순간의 물리학≫ 의 저자 카를로 로벨리 최신작. 이 책은 북해의 섬 헬골란트에서 스물세 살의 독일 청년이 발견한 ‘양자론’에 대한 아이디어로 시작한다.",https://image.aladin.co.kr/product/32936/43/cover500/k692936048_2.jpg, 카를로 로벨리 지음;김정훈 옮김, 쌤앤파커스,2023
자연과학,열두 달 숲 놀이,"아이가 숲에서 자연을 만끽하기를, 그래서 행복한 어른으로 자라기를 바라는 부모님과 선생님들에게 도움이 되는 130가지 숲 놀이를 소개했다. 숲을 잘 몰라도 일 년 열두 달, 어디서든 아이들의 눈높이로 자연을 함께 즐길 수 있도록 구성했다.",https://image.aladin.co.kr/product/31459/52/cover500/k942832327_1.jpg, 윤소영 글·사진, 황소걸음,2023
자연과학,사계절 기억책,"생태·환경·에너지 전문가이자 ‘자연의 다정한 목격자’ 최원형이 희미해지는 계절을, 사라져가는 존재를 기억하기 위해 날마다 쓰고 그린 기록이다. 곳곳을 누비며 수많은 목숨붙이를 만난 저자는 그들의 생명력 넘치는 이야기를 직접 그린 100여 점의 세밀화와 함께 선보인다.",https://image.aladin.co.kr/product/31738/58/cover500/8968334323_1.jpg, 최원형 글·그림, 블랙피쉬(백도씨),2023
자연과학,숲 읽어주는 남자,"숲 해설을 하는 저자가 자연을 읽는 방법을 알려주고, 자연을 어떻게 바라봐야 좋은지 제안하는 책이다. 도시에 사는 저자가 집을 나서서 골목, 큰길, 동네 공원, 가까운 남산, 조금 떨어진 북한산까지 산책하며 만나는 풀과 나무, 동물, 자연물을 그림과 함께 설명한다.",https://image.aladin.co.kr/product/14002/58/cover500/k802532839_1.jpg, 황경택 글·그림, 황소걸음,2018
자연과학,숲 해설 시나리오 115,"숲 해설을 할 때 특정 식물 앞에서 어떤 말을 해야 할지, 특정 장소에서는 어떤 말을 해야 할지, 어떻게 흐름을 유지하면서 자연스럽게 이어갈지 등 지은이가 현장에서 사용하는 숲 해설 시나리오를 63가지로 정리했다.",https://image.aladin.co.kr/product/30309/45/cover500/k382839033_1.jpg, 황경택 지음, 황소걸음,2022
자연과학,(기본)수학의 정석. 상,,https://image.aladin.co.kr/product/10598/0/cover500/s172636502_1.jpg, 홍성대 지음, 성지,2017
자연과학,사이언스툰 과학 일력 365,"오늘날의 과학 세계를 이루는 무궁무진하고 다채로운 주제어를 하루 하나씩 소개하는 과학 만년 일력이다. 과학사의 한 귀퉁이에 자신의 이름을 아로새긴 과학자들, 인류의 사고를 확장시키고 새로운 지평을 열어준 사건들, 문명의 도약을 이루고 혁신을 일으킨 발견과 발명 등을 담았다.",https://image.aladin.co.kr/product/32804/21/cover500/k602936709_2.jpg, 김재훈 지음, 휴머니스트,2023
자연과학,수학의 힘,내가 보유한 주식이 오를지 내릴지 예측할 수 있을까? 오늘 프리미어리그에서 토트넘이 득점할 확률은 얼마일까? 중요한 결정 상황에서 ‘틀리지 않는’ 전략은 무엇일까? 이 모든 질문을 단숨에 해결해줄 강력한 무기가 있다. 바로 수학이다.,https://image.aladin.co.kr/product/33374/17/cover500/k922938313_1.jpg, 올리버 존슨 지음;노태복 옮김, 더퀘스트,2024
자연과학,경제가 쉬워지는 최소한의 수학,"총 4장으로 구성된 이 책은 각 장마다 경제를 이해하는 데 길잡이가 될 최소한의 수학적 사고법을 제시한다. ‘변화와 규칙성(수열)’, ‘상대적인 크기(비와 비율)’, ‘모델링(수학적 모형)’, ‘합리적 선택(최적화)’의 관점에서 변화하는 돈의 가치를 계산하는 문제부터 시장 참여자들의 이익을 극대화하는 방법까지 두루 살펴본다.",https://image.aladin.co.kr/product/33842/22/cover500/k702930099_1.jpg, 오국환 지음, 지상의책,2024
자연과학,무한한 가능성의 우주들,"물리학계를 뒤흔든 '양자 다중우주론'을 통해 무한한 가능성의 우주로 떠나는 모험. 인플레이션 우주론부터 양자역학, 끈이론까지 아우르며 지금껏 발전해온 다양한 천체물리학·양자역학·양자우주론 등의 개념들을 풀어내 다중우주라는 결론으로 독자를 안내한다.",https://image.aladin.co.kr/product/33875/87/cover500/899024787x_1.jpg, 로라 머시니-호턴 지음 ;박초월 옮김, 동녘사이언스,2024
자연과학,아직도 악어와 악어새 이야기를 믿어?,야생동물의 생태는 직접 확인하기 어렵다는 이유로 제대로 알기가 쉽지 않다. 《아직도 악어와 악어새 이야기를 믿어?》는 수의사인 저자가 그동안 다양한 야생동물들을 보호하며 관찰한 생생하고 흥미진진한 내용을 담은 책이다.,https://image.aladin.co.kr/product/33884/5/cover500/k802930417_1.jpg, 이하늬 지음, 스테이블,2024
자연과학,유전자 지배 사회,"KAIST 바이오및뇌공학과 교수이자 인간유전체학자인 저자는《네이처》, 《사이언스》, 《셀》 등 유수 학술지들에 실린 최신 연구들을 바탕으로 오늘날의 불평등한 경제, 혐오 정치, 착취 사회, 능력주의 문화를 해부한다.",https://image.aladin.co.kr/product/33861/74/cover500/896262270x_1.jpg, 최정균 지음, 동아시아,2024
자연과학,수학자의 생각법,"인류가 지난 2,000년 동안 개발해놓은 더 나은 사고방식으로 가는 지름길을 종횡무진 탐방하는 여행서다. 저자는 인류 문명의 발상지로 우리를 안내해 기호와 언어의 탄생 순간을 목도시키는가 하면, 가우스와 라이프니츠 같은 위대한 수학자들이 살던 시대로 우리를 데려가 그들과 함께 질문하고 고민하게 만들기도 한다.",https://image.aladin.co.kr/product/33928/39/cover500/k782930138_3.jpg, 마커스 드 사토이 지음 ;김종명 옮김, 북라이프,2024
자연과학,이기적 유전자,"과학을 넘어선 우리 시대의 고전, 『이기적 유전자』 40주년 기념판. 진화론의 새로운 패러다임을 제시한 이 책은 다윈의 ‘적자생존과 자연선택’이라는 개념을 유전자 단위로 끌어내려 진화를 설명한다.",https://image.aladin.co.kr/product/17048/25/cover500/8932473900_1.jpg," 리처드 도킨스 지음;홍영남,이상임 옮김", 을유문화사,2020
자연과학,이기적 유전자,"과학을 넘어선 우리 시대의 고전, 『이기적 유전자』 40주년 기념판. 진화론의 새로운 패러다임을 제시한 이 책은 다윈의 ‘적자생존과 자연선택’이라는 개념을 유전자 단위로 끌어내려 진화를 설명한다.",https://image.aladin.co.kr/product/17048/25/cover500/8932473900_1.jpg," 리처드 도킨스 지음;홍영남,이상임 옮김", 을유문화사,2020
자연과학,플래닛 아쿠아,지구가 완전히 새로운 방식으로 진화하고 있다. 기후가 점점 뜨거워지면서 전 세계의 생태계가 무너지고 인프라가 파괴되며 인류와 동료 생물들의 거주와 생존이 위협받고 있다. 전례 없는 기후 재난과 대량 멸종 위기에 직면해 우리는 어디로 가야 하는가?,https://shopping-phinf.pstatic.net/main_5005740/50057400629.20240831071033.jpg, 제러미 리프킨 지음;안진환 옮김, 민음사,2024
자연과학,지구를 살리는 20가지 질문,"기후변화의 위험성을 부정하는 주장들이 소셜네트워크와 인터넷 커뮤니티를 통해 퍼지는 사례들을 보며, 프랑스 국립과학연구소 과학자와 환경 전문가, 기후학자, 환경 저널리스트, 과학 그래픽/이미지 전문가가 힘을 모았다.",https://shopping-phinf.pstatic.net/main_4931247/49312475775.20240725071128.jpg, 봉포트;안 브레스 [공]지음;클레르 마르크 그림;권지현 옮김, 롤러코스터,2024
자연과학,질문으로 시작하는 생태 감수성 수업,"상상력을 자극하는 질문에서 시작해 생태계 원리를 둘러싼 과학 지식을 쌓고, 묻고 답하기를 통해 논리적 사고력도 높일 수 있다는 것. 이에 더해 꼬리에 꼬리를 무는 능동적이고 주체적인 질문 연습은 그간 해 왔던 수동적인 독서 활동과는 차원이 다른 '앎'의 쾌감을 선사할 것이다.",https://shopping-phinf.pstatic.net/main_4936271/49362714624.20240725092056.jpg, 최원형 글·그림, 블랙피쉬(백도씨),2024
자연과학,멸종했지만 진화합니다,생물은 어떻게 해서 지금처럼 다양해졌을까? 꽃은 어쩌다 다채로운 색을 갖고 사시사철 피게 되었을까? 눈과 귀는 왜 두 개일까? 고양이와 개는 왜 성격이 다를까? 펭귄은 왜 날지 못할까? 인간은 어떻게 탄생했을까? 생물의 멸종과 탄생의 신비로움에 대해 진화가 답변한다.,https://shopping-phinf.pstatic.net/main_4532653/45326531622.20240120070849.jpg, 박재용 지음;방상호 그림, 영수책방,2024
자연과학,"수학 인터뷰, 그분이 알고 싶다","보고 또 봐도 어렵기만 한 수학, 도대체 누가 만들었을까? 수학책만 보면 잠이 오는 10대를 위해 교과서 속 수학자들이 두 팔 걷고 나섰다. 《수학 인터뷰, 그분이 알고 싶다》는 가상의 유튜버 ‘수르(수학 열정 만수르)’와 ‘수날두(수학아 날 두고 가라)’가 대표 수학자 7명을 심층 인터뷰하는 청소년 수학 교양서다.",https://shopping-phinf.pstatic.net/main_4546043/45460432628.20240126092042.jpg, 문태선 지음, 다른,2024
자연과학,진정일의 화학 카페,"우리는 화학으로 가득 찬 세상에 살고 있다. 이 책은 일상 속 화학 현상을 시작으로 신비하고 놀라운 화학 이야기, 인류 문명 속 화학 그리고 화학이 만들어 낼 놀라운 미래까지 화학의 거의 모든 것을 쉽고 간결하게 풀어냈다.",https://shopping-phinf.pstatic.net/main_5013730/50137303629.20240905074244.jpg, 진정일 지음, 페이퍼앤북,2024
자연과학,(무섭지만 재밌어서 밤새 읽는)원소 이야기,"인류가 이룩한 물질적, 기술적, 사회 구조적인 발전이 우리를 위협하는 시대다. 《무섭지만 재밌어서 밤새 읽는 원소 이야기》는 세계 곳곳에서 벌어졌던 원소에 관한 놀랍고 공포스럽고 흥미로운 이야기들을 통해 그 사실을 여지없이 보여주고 탐구한다.",https://shopping-phinf.pstatic.net/main_4872951/48729511618.20240629092223.jpg, 사마키 다케오 지음;오승민 옮김, 더숲,2024
자연과학,별이 빛나는 우주의 과학자들,"인류는 오랫동안 우주를 꿈꿔 왔다. 별이 얼마나 멀리 떨어져 있는지, 우주의 끝은 어디인지를 궁금해하며 우주를 직접 확인할 날을 기다려 왔다. 우주 탐사 시대에 이르러 이 책은 광활한 우주의 신비를 파헤친 과학자들의 이야기를 다룬다.",https://shopping-phinf.pstatic.net/main_4980030/49800307656.20240816071134.jpg, 지웅배 지음, 다른,2024
자연과학,청소년을 위한 Cosmos,"코스모스를 뒤흔든 천문학에 관한 30가지 이야기를 들려준다. 긴 시간을 거슬러 오르며 코스모스를 뒤흔든 천문학에 관한 30가지 이야기를 추렸다. 이 재미난 이야기를 통해 우주를 탐험하고, 놀라움을 맛보고, 몰랐던 새로운 사실들을 알게 될 것이다.",https://shopping-phinf.pstatic.net/main_3246150/32461505034.20230516164203.jpg, 에마뉘엘 보두엥;카트린 에벙 보두엥 [공]지음;홍은주 옮김, 생각의길(아름다운사람들),2016
자연과학,(청소년을 위한)물리이야기,청소년이 물리의 기초 배경 지식으로 학교나 사회에서 중요한 과학 교양을 충분히 이해하도록 하는 입문서이다. 그래서 이 책은 문과 계통의 학생도 쉽게 이해할 수 있도록 최대한 그림과 그래프를 이용해 수식의 의미를 이해할 수 있도록 했다.,https://shopping-phinf.pstatic.net/main_3912814/39128148621.20230523085217.jpg, 사마키 다케오 지음;오시연 옮김, 리듬문고,2023
자연과학,찬란한 멸종,"JTBC <차이나는 클라스>, tvN <어쩌다 어른> 등의 방송과 유튜브 채널에서 ‘지구의 역사’와 ‘인류 대멸종’을 주제로 강의해 누적 조회 수 1100만 회 이상을 기록하며 화제를 모았던 이정모 저자가 『찬란한 멸종』을 통해 멸종으로 보는 46억 년 지구의 역사를 본격적으로 스토리텔링한다.",https://shopping-phinf.pstatic.net/main_4954949/49549492622.20240815214702.jpg, 이정모 지음, 다산북스,2024
자연과학,(처음 읽는)수학의 세계사,"이집트, 메소포타미아 지역에서 축적된 오리엔트의 수학부터 시작하여 기호 대수학의 성립부터 미적분법의 발견에 이르는 수학의 모든 발전 과정이 파노라마처럼 펼쳐진다.",https://shopping-phinf.pstatic.net/main_3820371/38203710618.20230919125820.jpg, 우에가키 와타루 지음;오정화 옮김, 탐나는책,2023
자연과학,과학에 도전하는 과학,"흔히 과학은 객관적이고 단일하며 보편적이라 여겨진다. 과학기술학(STS)은 이에 도전한다. 과학기술학자들은 ‘진리’는 왜 진리라 여겨지는지, ‘법칙’은 어떻게 법칙이 되었는지에 의문을 가지고 그 맥락을 들여다본다.",https://shopping-phinf.pstatic.net/main_5066845/50668454625.20241006071247.jpg, 브뤼노 라투르 외 지음;홍성욱;구재령 [공]엮고 옮김, 이음,2024
자연과학,돌파하는 과학,"오늘날 우리는 정보가 넘쳐나는 시대에 살고 있지만 진정한 해답을 얻기란 여전히 어렵다. 경제 불안, 기술 혁신, 기후 변화 등 불확실성이 지배하는 이 시대에 어떻게 돌파구를 찾을 것인가? 《돌파하는 과학》은 그 해답으로 질문, 도전, 정복, 한계, 최전선이라는 키워드를 제시하며 5번의 변곡점마다 실패와 전진을 반복하며 발전해온 과학의 역사에 주목한다.",https://shopping-phinf.pstatic.net/main_5083714/50837147619.20241015080856.jpg, 용문중 지음, 더퀘스트(길벗),2024
자연과학,코스모스 씽킹,"SNS 팔로워가 70만 명이 넘는 천문물리학자 BossB의 첫 책이 마침내 출간됐다. 이 책에서 그녀는 우주의 원리를 통해 세상의 모든 것을 인식하는 코스모스 씽킹, 즉 우주 생각법을 설명하고 알려준다.",https://shopping-phinf.pstatic.net/main_5051375/50513755620.20240929052151.jpg, BossB 지음;이정미 옮김, 알토북스,2024
자연과학,다정한 거인,"고래에 대한 설명으로 ‘경이로움’보다 더 적절한 말은 없을 것이다. 고래는 경이로움, 그 자체다. 다른 바다 동물들과 달리, 육지에서 바다로 되돌아간 고래는 엄청난 몸집부터 뛰어난 지능, 운동 능력, 생태와 문화까지 놀라운 이야기로 가득하다.",https://shopping-phinf.pstatic.net/main_5073787/50737873618.20241010071025.jpg, 남종영 지음, 곰,2024
자연과학,톡 쏘는 방정식,"지노 사이다 수학 시리즈. 스테디셀러 작가이자 수학짜인 수냐가 일반 성인독자와 청소년을 위해 펴낸 교양 수학책이다. 방정식을 둘러싼 지식과 생각, 아이디어들이 어떻게 다른 영역들과 영향을 주고받았는지를 잘 보여주고, 방정식이 무엇인지, 방정식을 왜 만들었는지 등을 알려준다.",https://shopping-phinf.pstatic.net/main_3248645/32486456775.20230711114333.jpg, 수냐 지음, 지노,2020
자연과학,보글보글 기하,"지노 사이다 수학 시리즈 제2권. 기하를 둘러싼 지식과 생각, 아이디어들이 어떻게 다른 영역들과 영향을 주고받았는지를 잘 보여주고, 기하가 무엇인지, 도형, 기하, 기하학은 어떻게 다른지, 기하를 왜 만들었는지, 기하를 어디에 어떻게 써먹는지를 속 시원하게 들려준다.",https://shopping-phinf.pstatic.net/main_3248199/32481991373.20230927071118.jpg, 수냐 지음, 지노,2021
자연과학,경이로운 수,"푸는 수학책이 아니라 ‘읽고 이해하는’ 수학책이다. 수를 둘러싼 지식과 생각, 아이디어들이 어떻게 다른 영역들과 영향을 주고받았는지를 보여주면서 수에 대한 느낌, 수에 대한 생각, 수에 대한 감각을 기를 수 있도록 해준다.",https://shopping-phinf.pstatic.net/main_3249026/32490263190.20230808090236.jpg, 수냐 지음, 지노,2021
자연과학,시원폭발 함수,"지노 사이다 수학 시리즈 5권. 함수란 무엇일까? 함수, 왜 배울까? 함수, 어떻게 공부할까? 함수, 어디에 써먹을까? 수학자 수냐의 신간 『시원폭발 함수』는 푸는 함수 책이 아니라 읽고 이해하는 함수 책이다. 저자는 무엇보다 독자들이 함수의 개념과 원리를 제대로 이해하고 그 활용적 면모까지 두루 생각할 수 있도록 하는 데 주안점을 두어 집필하였다.",https://shopping-phinf.pstatic.net/main_3643093/36430938633.20230919124616.jpg, 수냐 지음, 지노,2022
자연과학,적도에 펭귄이 산다,"기후 변화와 지구 온난화를 떠올릴 때 우리가 쉽게 착각하는 단어와 정보들을 명확하게 뜻매김해 주고, 미디어에 등장하거나 SNS에 게시된 정보-트럼프 전 미국 대통령의 트윗과 같은-를 통해 흔히 갖게 되는 편견들에 대해서 환기시켜 준다.",https://shopping-phinf.pstatic.net/main_3243943/32439435794.20221230071553.jpg, 세레나 쟈코민;루카 페리 [공]지음;카테리나 프라탈로키 그림;음경훈 옮김, 푸른숲주니어,2021
자연과학,은하의 모든 순간,"우리나라에서 최초로 은하를 관측했고, 1993J 초신성 동정으로 전 세계에 이름을 알린 안홍배 교수의 은하 이야기. 그는 1970년대부터 현재까지 한순간도 연구를 쉬지 않고 논문을 쓰며 전 세계 학회지를 장식했다. 그의 은하 연구는 우주론 역사와 고스란히 맞닿아 있고, 이 책은 우리나라 학자가 경험을 살려 직접 쓴 우주론이다.",https://shopping-phinf.pstatic.net/main_4681236/46812366619.20240404071105.jpg, 안홍배 지음, 위즈덤하우스,2024
자연과학,"(개념, 용어, 이론을 쉽게 정리한)기초 화학 사전","그린북 ‘과학 사전’ 시리즈의 다섯 번째. 앞서 나온 《물리.화학 사전》이 법칙과 공식을 중심으로 정리하여 학습 활용도를 높였다면, 이번 신간은 기본 개념을 풀이하는 데 초점을 맞추었다.",https://shopping-phinf.pstatic.net/main_3243626/32436263701.20221229071849.jpg, 다케다 준이치로 지음;조민정 옮김, 그린북,2020
자연과학,썸 타는 수학,전작 《요즘 애들 수학》은 중고등 수학 교과 과정에 따른 구성으로 수학의 기본기가 부족한 아이들을 도와주기 위한 책이라면 《썸 타는 수학》은 기본기는 갖추어져 있으나 심화 과정에 접근하는 데 주저하는 아이가 좀 더 흥미 있게 다가갈 수 있도록 스토리텔링 형식으로 구성했다.,https://shopping-phinf.pstatic.net/main_5002202/50022025618.20240904071016.jpg, 임청 지음, 초록비책공방,2024
자연과학,뜻밖의 과학사,《원소 이야기》 《양자역학 이야기》 《천문학 이야기》로 한국의 독자들을 쉽고 재미있는 과학의 세계로 끌어들인 저자 팀 제임스가 이번엔 반전 넘치는 이야기로 가득한 ‘과학사'로 돌아왔다. 이 책은 과학자의 끝없는 탐구와 집요함이 어떻게 ’우연히‘ 과학 발전의 밑거름이 되었는지를 다양한 사례로 보여주고 있다.,https://shopping-phinf.pstatic.net/main_4980029/49800297620.20240816071123.jpg, 팀 제임스 지음;김주희 옮김, 한빛비즈,2024
자연과학,발명과 발견의 과학사,"흥미로운 질문이 가득한 이 책 『발명과 발견의 과학사』는 고대 그리스 시대부터 21세기 첨단과학기술의 시대까지 우연과 행운, 위기와 집념이 빚어낸 과학사의 순간들에 존재하는 발명과 발견의 이야기들을 흥미롭게 들려주며 생각의 화두를 던지는 책이다.",https://shopping-phinf.pstatic.net/main_5044623/50446237618.20240925071547.jpg, 최성우 지음, 지노,2024
자연과학,과학잡학사전 통조림 : 우주편,"학창 시절 과학을 잘하지는 못했지만 밤하늘에 하늘을 올려다보며 ‘태양과 달, 그리고 별들은, 또 지구는 어떻게 탄생하게 되었을까?’, ‘우주에는 과연 끝이 있을까?’, ‘우주에는 얼마나 많은 별이 존재할까?’ 등의 의문을 한 번쯤 품어본 사람이라면 누구나 재미있게 읽을 수 있다.",https://shopping-phinf.pstatic.net/main_4561975/45619757623.20240206080441.jpg, 사마키 다케오 지음;서수지 옮김, 사람과나무사이,2024
자연과학,과학잡학사전 통조림 : 동물편,"‘1일 1페이지 365일, 365가지 항목’을 일목요연하게 정리하는 형식을 갖추고 있어 누구나 편하게 읽으며 지식을 쌓을 수 있을 뿐 아니라 모든 항목을 세 가지로 명쾌하게 정리하기 때문에 과학 지식이 많지 않은 독자라도 한 번만 읽으면 내용이 쉽게 기억되고 머릿속에 정리된다.",https://shopping-phinf.pstatic.net/main_4980036/49800368639.20240816033742.jpg, 사마키 다케오 지음;서수지 옮김, 사람과나무사이,2024
자연과학,과학을 보다. 2,독자들의 사랑을 받는 스테디셀러 『과학을 보다』 시리즈 2권이 드디어 출간됐다. 『과학을 보다』 시리즈는 유튜브 채널 〈보다 BODA〉의 인기 콘텐츠 〈과학을 보다〉 내용을 소재로 영상에서는 미처 다 소개하지 못한 흥미로운 사실과 자세한 설명을 추가하여 펴내는 책이다.,https://shopping-phinf.pstatic.net/main_4808036/48080360618.20240531095758.jpg, 김범준 외 지음, 알파미디어,2024
자연과학,엉뚱한 과학책,"42만 명의 과학 덕후를 양성한 ‘은근한 잡다한 지식’의 첫 책이 드디어 출간되었다. ‘은근한 잡다한 지식’은 일상 속 숨겨진 과학 원리를 쉽고 재밌게 스토리텔링 하는 것으로 정평이 나 있다. 또한 학교 수업 시간에, 교사가 학생들에게 은잡지 영상을 보여줄 정도로 과학적인 사실관계에 오류 없이 정확하게 전달하는 것으로 유명하다.",https://shopping-phinf.pstatic.net/main_5113579/51135794618.20241101072400.jpg, 김진우(은잡지) 지음, 빅피시,2024
자연과학,양자역학의 역사,"매사추세츠공과대학교(MIT) 물리학과 교수이자 과학사 교수인 데이비드 카이저는 양자역학 탄생 100주년을 맞이해 이 책 『양자역학의 역사』에서 양자역학을 둘러싼 지난 100년을 역사를 돌아보며 양자역학이 어디서 왔는지, 무엇인지, 어디를 향해 나아가고 있는지를 소개한다.",https://shopping-phinf.pstatic.net/main_5250787/52507872171.20250117071219.jpg, 데이비드 카이저 지음;조은영 옮김, 동아시아,2025
자연과학,청소년을 위한 과학 인문학,"흥미로운 과학의 모습과 그 과학이 세상과 어떻게 만나야 하는지를 쉽고 알차게 그려주는 책이다. 저자들은 과학-인문학의 경계 지점에서 인간과 세계를 폭넓게 살피며 시야를 넓히고 이해의 깊이를 더할 수 있도록 과학이란 무엇인지, 과학사의 흐름에서 주목하고 생각해볼 것은 무엇인지, 과학과 일상을 어떻게 연결할 수 있는지, 나아가 과학은 어디로 나아가야 하는지 등을 저마다의 주제와 시선으로 다채롭게 풀어내고 있다.",https://shopping-phinf.pstatic.net/main_5157265/51572654666.20241126093143.jpg, 김호연 외 지음, 지노,2024
자연과학,물리의 정석: 일반 상대성 이론 편,"인류 지성사에서 기념비적 업적으로 손꼽히지만 직접 도전해 볼 엄두는 나지 않았던 이 이론을, 끈 이론의 창시자이자 스티븐 호킹과 어깨를 나란히 하는 물리학계의 거장인 레너드 서스킨드가 대가의 시점에서 통합하고 관통해서 설명한 책이다.",https://shopping-phinf.pstatic.net/main_4907037/49070379622.20240712093714.jpg," 레너드 서스킨드,앙드레 카반 지음;이종필 옮김", 사이언스북스,2024
자연과학,은하의 모든 순간,"우리나라에서 최초로 은하를 관측했고, 1993J 초신성 동정으로 전 세계에 이름을 알린 안홍배 교수의 은하 이야기. 그는 1970년대부터 현재까지 한순간도 연구를 쉬지 않고 논문을 쓰며 전 세계 학회지를 장식했다. 그의 은하 연구는 우주론 역사와 고스란히 맞닿아 있고, 이 책은 우리나라 학자가 경험을 살려 직접 쓴 우주론이다.",https://shopping-phinf.pstatic.net/main_4681236/46812366619.20240404071105.jpg, 안홍배 지음, 위즈덤하우스,2024
자연과학,야생화 쉽게 찾기,"산과 들에서 만나는 풀꽃 1,500여 종과 나무꽃 670여 종을 합해 총 2,100여 종의 야생화를 한 권에 총망라했다. 최신 분류 체계인 APG IV 분류 체계로 정리하고, 야생화를 쉽게 찾아 비교할 수 있도록 계절에 따라 ‘꽃 색깔’로 구분하고 ‘꽃잎 수’대로 배열하였다.",https://dls2.edunet.net/DLS/api/homepage/holding/getCoverImage.do?prov_code=E10&neis_code=E100000276&bib_key=34206517043, 윤주복 지음, 진선북스,2025
자연과학,읽으면 수학천재가 되는 만화책 : 초급 중학교 1학년,"수학이 처음 태어난 곳으로 우리를 데려다주는 책이다. 수가 생겨나고, 덧셈과 뺄셈이 생겨나고, 분수와 소수가 탄생하던 곳. 그곳에서 우리는 수학과 못다 나눈 대화를 나눌 수 있을까? 외계어에 불과했던 숫자를 진정으로 이해하게 될까? 이제는 마음의 문을 열고, 수학의 이야기를 들어볼 차례이다.",https://dls2.edunet.net/DLS/api/homepage/holding/getCoverImage.do?prov_code=E10&neis_code=E100000276&bib_key=34206814490, 김지영 지음, Old Stairs(올드스테어즈),2025
자연과학,문과생의 수학 공부,"슬램덩크, 바이러스, 파마머리 등 일상 소재로 수학 개념을 쉽게 설명하는 교양서. 공식과 문제 풀이 대신 생활 속 흥미로운 사례로 이차함수, 로그, 확률 등 핵심 개념을 자연스럽게 전달한다.",https://shopping-phinf.pstatic.net/main_5612022/56120228698.20250808091333.jpg, 김승태;김영인 [공]지음, 위북,2025
자연과학,(지구 관찰자의)기후 노트,"기후 위기를 이해하고 싶지만 막연하기만 한 사람들을 위한 ‘기후 위기 입문서’이자, ‘미래를 위한 기록’이다. 오랜 시간 지구를 관찰하며 기후 변화의 흔적을 추적해온 저자는 기후 위기의 판을 뒤집을 게임 체인저를 꿈꾼다.",https://shopping-phinf.pstatic.net/main_5706897/57068971688.20260331102840.jpg, 이은지 지음, 한길사,2025
자연과학,(생각하는 청소년을 위한)화학의 역사,"과학 지식을 나열하는 데서 그치지 않고, 인류가 물질을 이해하고 다뤄 온 역사 속 질문들을 통해 미래를 사고하는 힘을 기르는 교양서다. ‘원소·결합·반응·에너지·구조’ 다섯 축으로 화학을 다시 읽는다.",https://shopping-phinf.pstatic.net/main_5883082/58830827874.20260331105638.jpg, 정완상 지음, 성림원북스,2026
자연과학,저속노화를 위한 생물학,"생명체의 공통조상인 루카에서 시작하여 ATP, 미토콘드리아, 자가포식 같은 생명활동과 관련된 과학적 주제를 흥미롭게 풀어내며, 생명체가 어떻게 에너지를 얻고 사용하는지 그리고 이 과정이 어떻게 우리의 탄생과 성장, 노화와 죽음에 영향을 주는지 자세하게 설명한다.",https://shopping-phinf.pstatic.net/main_5562818/55628183349.20260331104222.jpg, 한치환 지음, 플루토,2025
자연과학,미래를 여행하는 회의주의자를 위한 안내서,우리는 수많은 미래 예측에 둘러싸여 살고 있다. 하지만 돌이켜보면 그 예측이 맞지 않는 경우가 많았다. 왜 그럴까? ⟪미래를 여행하는 회의주의자를 위한 안내서⟫는 이처럼 넘쳐나는 미래 예측을 올바르게 바라보도록 우리의 관점을 넓혀주는 통쾌한 책이다.,https://shopping-phinf.pstatic.net/main_5601571/56015718863.20260331105205.jpg, 스티븐 노벨라;밥 노벨라;제이 노벨라 지음 ; 서미나 옮김, 상상스퀘어,2025
자연과학,꽃을 공부합니다,"국립 세종 수목원 가드너가 들려주는 꽃의 문화사와 과학사. 독자들이 자신의 정원을 야외든 실내든 만들 때 심을 만한 꽃들을 자생종이든, 외래종이든 상관없이 29종 엄선해서 소개하고 있다. 동시에 이 꽃들은 인류 문명사에서 가장 빛났던 꽃들이기도 하다.",https://shopping-phinf.pstatic.net/main_5477067/54770679775.20260331110819.jpg, 박원순 지음, 사이언스북스,2025
자연과학,(10대를 위한)기하 수학의 세계,시간 여행 형태로 이뤄지는 기하와의 만남이다. 기하의 이해를 돕기 위해 러시아 모스크바 국립대학교에서 수학 박사를 받은 저자가 시간과 공간을 넘나들며 이야기 형식으로 기하를 풀어냈다.,https://shopping-phinf.pstatic.net/main_5734514/57345146311.20260331111903.jpg, 박병하 지음, 행성B(행성비),2025
자연과학,만약 세상에서 까마귀가 사라진다면,"‘까마귀 덕후’ 도쿄대 교수가 3년에 걸쳐 완성한 탐조와 연구의 결정판. 과감하게 까마귀를 삭제해나가며 조류학자로서의 방대한 지식과 현장 경험, 다양한 관심사들을 엮어 ‘까마귀가 사라진 세상’을 그려낸다.",https://shopping-phinf.pstatic.net/main_5906698/59066988450.20260331103333.jpg, 마쓰바라 하지메 지음 ; 정한뉘 옮김, 나무의마음,2026
자연과학,(생각하는 청소년을 위한)물리학의 역사,‘정답’이 아니라 ‘질문’의 계보를 따라 물리학을 읽게 한다. 『생각하는 청소년을 위한 물리학의 역사』는 힘·에너지·빛·전기·통신 5축으로 물리학을 서사로 풀어 AI 시대의 사고력을 세운다.,https://shopping-phinf.pstatic.net/main_5842829/58428296688.20260331101012.jpg, 정완상 지음, 성림원북스,2026
자연과학,기상청 운동회 날 왜 비가 왔을까?,날씨와 기후의 변화는 생활 속에서 늘 체험할 수 있어서 과학적 탐구심과 호기심을 불러일으키는 주제이다. <기상청 운동회 날 왜 비가 왔을까?>는 일상에서 흔히 겪을 수 있는 기상 현상에 숨어 있는 과학의 원리를 누구나 이해할 수 있도록 쉽게 풀어 쓴 책이다.,https://shopping-phinf.pstatic.net/main_5476844/54768447525.20260331112931.jpg, 이우진 글;김소희 그림, 나무를 심는 사람들,2025
자연과학,(구석구석 미치는)힘. 03,,https://image.aladin.co.kr/product/102/29/cover500/8991215734_1.jpg, 정완상 지음, 이치,2007
자연과학,(하리하라의)과학고전 카페. 1,"근대 이후 출간된 과학 분야 명저들 중에서 가장 논쟁적이고 심대한 영향을 미친 책들을 다룬다. 에서 그 고전의 핵심 개념이 출현하기 전까지 과학계의 지형이 어떤 것이었는지를 보여주는 ‘지도 그리기’를 하고, 으로 해당 고전에 대한 리뷰를 본격적으로 서술한다.",https://image.aladin.co.kr/product/227/53/cover500/8954605982_1.jpg, 이은희 지음, 문학동네,2008
자연과학,(무한실험)생물,과학의 네 분야 별로 다양하고 흥미로운 실험을 통해 이론을 밝히는 학습 만화이다. 과학은 이론도 중요하지만 그러한 이론 혹은 법칙이 정립되기까지 그것을 도출해낸 실험도 과학을 떠받치는 중요한 영역이다. 여기서는 제시된 실험을 만화로 재연하여 교과 과정의 이해를 돕는다.,https://image.aladin.co.kr/product/101/32/cover500/8990431816_1.jpg, 임혁 지음;정철 그림, 숨비소리,2007
자연과학,상위권을 위한 고뿔 수학,중국의 고등 학습시장에서 잘 팔리는 교재 중의 하나다. 굳이 이 책을 한국 독자들에게 소개하는 목적은 수학의 영역이나 문제를 단편적인 시각에서 벗어나 좀 더 폭넓은 시야를 가질 때 우리나라도 세계화 대열에서 뒤처지지 않고 학문적으로도 선진국으로 도약할 수 있다는 바람에서 비롯되었다.,https://image.aladin.co.kr/product/5210/1/cover500/1185160205_1.jpg, 황역군 지음, 베이직북스,2015
자연과학,(내 생애 처음 공부하는)두근두근 천문학,"마음속에 간직하고 있던 우주에 대한 로망을 일깨워주며, 과학적 지식과 인문학적 사유의 지평을 넓혀줄 교양 천문학 입문서. 현대 천체물리학에 빼놓을 수 없는 주요 이론들을 우주라는 거대한 수수께끼를 풀어나가는 과정의 하나로 녹여서 청소년들의 눈높이에 맞춰 들려준다.",https://image.aladin.co.kr/product/11380/15/cover500/k122531305_1.jpg, 이광식 지음, 더숲,2017
자연과학,북극곰을 구해줘!,"에너지 위기의 시대에 어린이들이 미래의 주역으로 살아가기 위해 꼭 필요한 정보를 담은 책이다. 지구 온난화로 인한 파국을 가장 먼저 맞게 될 동물 북극곰을 생각하며, 북극곰을 구하기 위한 중요한 첫걸음으로 에너지 여행을 제안한다.",https://image.aladin.co.kr/product/273/48/cover500/8936445847_1.jpg, 김바다 지음;이화성 그림, 창비,2008
자연과학,"(교실 밖에서 발견하는 수학의 원리)디스커버리 수학. 1: 동물원을 구하라, 나는야 과학수사대","'디스커버리 수학' 시리즈. 어린이들에게 수학의 재미를 찾아주고, 수학적 사고력과 실생활 활용 능력을 키워 주는 외국 수학책이다. 영국 Ticktock사에서 12권으로 발간한 'Using Maths' 시리즈를 2권씩 묶어 총 6권으로 펴냈다. 흥미진진한 실제 상황 이야기를 통해 사고력을 키우도록 하였다.",https://image.aladin.co.kr/product/280/46/cover500/8950915898_1.jpg, 웬디 클렘슨;데이비드 클렘슨 외 지음, 아울북,2008
자연과학,"(교실 밖에서 발견하는 수학의 원리)디스커버리 수학. 3: 스턴트맨이 되어 보자, 도전! 익스트림 스포츠","'디스커버리 수학' 시리즈. 어린이들에게 수학의 재미를 찾아주고, 수학적 사고력과 실생활 활용 능력을 키워 주는 외국 수학책이다. 영국 Ticktock사에서 12권으로 발간한 'Using Maths' 시리즈를 2권씩 묶어 총 6권으로 펴냈다. 흥미진진한 실제 상황 이야기를 통해 사고력을 키우도록 하였다.",https://image.aladin.co.kr/product/280/46/cover500/895091591x_1.jpg, 웬디 클렘슨;데이비드 클렘슨 외 지음, 아울북,2008
자연과학,호기심 소녀 별이와 괴짜 삼촌의 지구 탐험기,중학생을 위한 맞춤 에듀테인먼트 교과서. 초등학교 고학년부터 중학생들이 흥미를 느낄 수 있도록 모험을 기본 골격으로 삼아 재미있게 들려주는 지구과학 학습서다. 우리가 살고 있는 지구의 매력을 어드벤처 형식으로 풀었다.,https://image.aladin.co.kr/product/61/82/cover500/8952204751_2.jpg, 김현빈 지음;아메바피쉬 그림, 살림,2007
자연과학,벌레도 재채기 할까?,"벌레도 방귀를 뀌나요? 벌레도 꿈을 꿀까요? 아이들이 엉뚱한 걸 물으면 어떻게 할까? 이야기를 지어낼 수도 없고, 진지한 생물학적 답변으로 아이들을 지루하게 할 수도 없고, 난감하다. 곤충학자인 지은이는는 직접 수많은 학교 교실을 방문하고 초등학생들과 편지를 주고받으며 이러한 질문들을 모아 책으로 펴냈다.",https://image.aladin.co.kr/product/37/8/cover500/8986270706_1.gif, 제임스 웽버그 지음;정주연 옮김, 지호,2003
자연과학,과학이 필요한 시간,"유튜브 채널 〈안될과학〉의 진행자이자 과학 커뮤니케이터인 저자가 과학의 26가지 핵심 주제들을 4년간 엄선해 엮었다. 수년간 시행착오를 거듭한 만큼, 저자는 가장 쉽고 정확하고 빠른 ‘최적의 설명’을 찾아 과학의 핵심 이론들을 친절하게 풀어 설명한다.",https://image.aladin.co.kr/product/30307/77/cover500/8962624672_1.jpg, 궤도 지음, 동아시아,2022
자연과학,위대한 과학 고전 30권을 1권으로 읽는 책,지성인이라면 꼭 알아야 할 과학 고전 30권을 한 권당 7~8페이지 정도로 압축하여 소개한다. 고대 과학의 탄생에서부터 16~17세기 과학의 혁명기를 거쳐 근현대 과학에 이르기까지 인류의 역사를 뒤바꿔놓은 과학자와 그들의 명저를 알기 쉽게 정리했다.,https://image.aladin.co.kr/product/30169/96/cover500/k532839680_1.jpg, 김성근 지음, 빅피시,2022
자연과학,나를 나답게 만드는 것들,"영리하고, 유쾌하며, 괄목할 만한 성과를 이룬 인디애나의과대학 빌 설리번 교수는 이 책을 통해 유전학, 미생물학, 심리학, 신경학의 렌즈로 바라보며 실제 현실에서 우리 자신이 우리답게 행동하게 되는 이유를 탐구한다.",https://image.aladin.co.kr/product/25891/65/cover500/k312737663_1.jpg, 빌 설리번 지음;김성훈 옮김, 브론스테인,2020
자연과학,이과형의 만만한 과학책,과학채널 <이과형>의 과학 이야기 중에서 가장 많은 사랑을 받았던 이야기들을 재구성하여 담으면서 영상으로는 미처 전하지 못했던 이론적 설명을 더하는 동시에 이과형 특유의 유머와 재미 또한 놓치지 않고 온전히 담았다.,https://image.aladin.co.kr/product/30863/73/cover500/k682831574_1.jpg, 유우종(이과형) 지음, 토네이도,2023
자연과학,나는 새들이 왜 노래하는지 아네,"“새가 어쨌다고?” 이 책의 저자 트리시 오케인은 45살이 될 때까지 새를 보러 다닌다는 말에 코웃음을 칠 뿐인 사람이었다. 그러나 지금 그는 대학교에서 조류학 수업을 가르치며, 우리 인간이 새에게서 많은 것을 배울 수 있다고, 새가 세상을 변화시키는 데 도움을 줄 수 있다고 말한다.",https://shopping-phinf.pstatic.net/main_5368811/53688116599.20260331120459.jpg, 트리시 오케인 글;성원 옮김, 원더박스,2025
자연과학,우리는 모두 천문학자로 태어난다,"셔츠부터 안경 줄, 자주 쓰는 노트까지 별과 행성으로 빼곡할 정도로 ‘우주와 사랑에 빠진’ 지웅배 작가는 천문학은커녕 밤하늘을 바라보는 일도 쓸모없는 일로 여겨지는 시대에 담대하게도 ‘우리는 모두 천문학자로 태어난다’라고 말한다. 그리고 인공지능이 또 다른 천문학자가 된 최신 천문학적 이슈부터, 천문학 하면 빼놓을 수 없는 패러다임 전환의 역사, 빛과 중력파의 발견, 암흑 물질과 암흑 에너지에 관한 논쟁, 화성 테라포밍과 외계 생명체에 관한 논쟁까지 천문학의 모든 역사적 이슈를 한 권으로 훑으며 당신과 우주 사이의 거리를 한 발 좁",https://shopping-phinf.pstatic.net/main_5739869/57398692388.20260331111042.jpg, 지웅배 지음, 오아시스,2025
자연과학,프린스턴 응용수학 안내서. 2,"응용수학을 가장 권위 있고 친절하게 해설한 이 분야의 완결판이다. 선도적인 전문가들이 풍부한 목록을 나누어 집필하고, 주제별로 엮어 응용수학과 그 용례를 독자들에게 소개한다. 핵심 개념을 이루는 중요한 방정식, 법칙, 함수를 설명하고 모형화와 모의실험을 살펴본다.",https://image.aladin.co.kr/product/14972/5/cover500/8961390708_1.jpg, 니콜라스 하이엄 외 엮음;정경훈 외 옮김, 승산,2018
자연과학,"온통, 미생물 세상입니다","미생물과 함께해온 30여 년을 바탕으로 가깝고도 먼 미생물의 세계를 우리에게 안내한다. 그중에는 조류 독감이나 코로나처럼 감염병을 일으키는 미생물도 있지만, 인간에게 유익한 미생물들이 훨씬 많다.",https://image.aladin.co.kr/product/28056/71/cover500/8968506140_1.jpg, 김응빈 지음, 연세대학교 대학출판문화원,2021
자연과학,2도가 오르기 전에,"기후의 개념부터 지구와 기후에 대해 사람들이 궁금해하는 질문들을 하늘, 땅, 바다 그리고 얼음으로 나누어 과학적 자료들과 함께 대답하고 있다. 각 부분별로 지구생태계가 어떻게 움직이는지를 배우다보면 결국 이 모든 것들이 모여서 톱니바퀴 굴러가듯 맞물려 지구를 구성하고 있음을 알 수 있다.",https://image.aladin.co.kr/product/28059/79/cover500/k802734630_1.jpg, 남성현 지음, 애플북스,2021
자연과학,생명과 진화,"26년 역사의 국내 최고 과학잡지 《과학동아》가 만든 '과학동아 스페셜' 시리즈. <생명과 진화>는 생명의 탄생에 대한 여러 가설과 DNA와 RNA에 대한 기초 이론까지 구체적으로 읽어볼 수 있다. 또한 진화의 과거만을 살펴보는 데서 끝나는 것이 아니라 현재 논쟁거리인 현생 인류는 아프리카에서 발생하였는지, 혹은 현생 인류에게 네안데르탈인의 유전자가 섞여 있을지 등을 다루고 있다.",https://image.aladin.co.kr/product/1383/59/cover500/8962860643_1.jpg, 과학동아편집부 지음, 과학동아북스,2011
자연과학,"파이썬 기반의 AI를 위한 기초수학, 확률 및 통계","저자가 통계분석, 머신러닝 그리고 딥러닝을 강의하면서 느꼈던 기초수학, 확률과 통계에 관한 책이다. 학생들이 이해할 수 있는 내용을 정리하고, 기초수학과 통계에 대한 알고리즘과 구현 언어를 한 권에 모아 이 책을 출간하게 되었다.",https://image.aladin.co.kr/product/23569/14/cover500/k762638123_1.jpg, 강봉주 지음, 자유아카데미,2020
자연과학,융합시대의 기술윤리,"기술을 추구하는 것을 넘어 기술을 숭배하기까지 하는 시대에 우리는 인간과 기술의 관계, 인간과 자연의 관계, 인간의 본성, 행복, 나아가 인류를 위한 올바른 방향 정립이 무엇인지 다시 묻고 싶다. 이 책이 이런 물음들에 대한 관심을 촉구하고자 한다.",https://image.aladin.co.kr/product/2084/30/cover500/8997289136_1.jpg, 이상헌, 생각의나무,2012
자연과학,"인문학자, 과학기술을 탐하다: 인문학과 과학기술의 융합은 어떻게 이루어지는가","문학, 어학, 철학, 종교학, 사회학, 경제학, 행정학 등을 전공한 24인의 인문학자들의 과학기술 체험기를 담은 책이다. 이들은 자신의 전공 분야를 바탕으로 공학 및 과학기술을 응용하기도 하고, 새로운 시각으로 접근하기도 하며, 과학기술 발전 정책 수립 등 과학기술과의 생생한 만남을 풀어 놓는다.",https://image.aladin.co.kr/product/1617/25/cover500/8992975635_1.jpg, 이인식, 고즈윈,2012
자연과학,지식의 대융합,"자연과학, 인문학, 경제학, 예술, 종교, 환경 등을 통합하는 지식의 융합 과정과 역사, 새로운 지식의 탄생 과정을 흥미롭고 알기 쉽게 설명한다. 경계를 뛰어넘어 지식의 영역을 넓혀 온 연구자들의 성과는 독자들로 하여금 상상력과 사고력을 확장하는 계기가 되어 줄 것이다.",https://image.aladin.co.kr/product/270/79/cover500/8992975163_1.jpg, 이인식, 고즈윈,2008
자연과학,(역사와 문화로 읽는)나무사전,역사와 문화가 어우러진 나무인문학 백과사전. <나무열전> <중국을 낳은 뽕나무> 등 역사학자로서는 드물게 꾸준히 나무에 관련된 책을 펴내온 강판권 교수가 자신의 나무 연구를 중간 결산한 큰 작업을 선보인다. 우리가 꼭 알아야 할 217종의 나무에 얽힌 역사적·인문적 정보를 조선시대 백과전서의 전통을 잇는 형식 속에 담아낸 것이다.,https://image.aladin.co.kr/product/631/37/cover500/8993905150_1.jpg, 강판권 지음, 글항아리,2010
자연과학,우주 생명 오디세이,"우주 속 생명을 연구하는 우주생물학은 생물과학과 물리과학의 온갖 분야에 종사하는 연구자들이 모여드는 신생 과학 분야이다. 연구자들은 다양한 방법으로 우주 속 생명의 존재 가능성을 찾아내고, 우주 생명이 존재할지도 모를 후보지들을 탐사한다.",https://image.aladin.co.kr/product/412/92/cover500/8972914479_1.jpg, 크리스 임피 지음;전대호 옮김, 까치,2009
자연과학,지구온난화에 속지 마라,"대기물리학자 프레드 싱거와 데니스 에이버리가 쓴 이 책은 뉴욕타임스와 아마존에서 베스트셀러에 오르면서 지구온난화 논쟁에 불을 지폈다. 우리가 알고 있는 지구온난화에 대한 모든 통념을 과감하게 깨고, 서서히 증폭되고 있는 지구온난화에 대한 회의적 시각을 체계적이고 과학적으로 다루고 있다.",https://image.aladin.co.kr/product/434/10/cover500/896262012x_1.jpg, 프레드 싱거;데니스 에이버리 지음;김민정 옮김, 동아시아,2010
자연과학,수학의 재미,"카이스트 출신 부부 수학자인 저자들의 '재미'코드로 수학 읽기. 이 책에서는 딱딱한 공식과 법칙이 말랑말랑한 그림으로 둔갑해서 표현되고, 지극히 단순하고 당연한 사실을 통해 수학적 증명이 이루어진다. 뿐만 아니라 숫자의 성질을 활용한 마술과 숫자 디자인이 등장한다. 아리송한 명제와 논리도 명쾌하게 다가온다.",https://image.aladin.co.kr/product/415/88/cover500/8925533065_1.jpg, 박종하;송명진 지음, 랜덤하우스코리아,2010
자연과학,시크릿 하우스,"<E=mc²>, 의 지은이 데이비드 보더니스가 쓴 또 하나의 교양과학서. 일상 속 한 평범한 집의 24시간을 들여다보는 독특한 컨셉으로 일상 속 구석구석에 숨겨진 과학의 세계를 소개했다. 집안의 익숙한 사물들을 무대로 한 미세한 생물들의 활동을 비롯한 온갖 과학적 현상들을 풍부한 배경 지식을 곁들여 분석했다.",https://image.aladin.co.kr/product/67/74/cover500/8984986046_2.jpg, 데이비드 보더니스 지음;김명남 옮김, 생각의나무,2009
자연과학,지구환경 변화사와 해저자원. 5,,https://image.aladin.co.kr/product/52/70/cover500/8944410151_1.jpg, 석봉출;이희일 엮음, 한국해양연구소,1999
자연과학,남극과 지구환경. 7,,https://image.aladin.co.kr/product/52/70/cover500/8944410178_1.jpg, 김예동;안인영 엮음, 한국해양연구원,2001
자연과학,빛,,https://image.aladin.co.kr/product/213/15/cover500/8958850841_1.jpg, 정민경 지음;이국현 그림, 성우주니어,2009
자연과학,열,,https://image.aladin.co.kr/product/213/19/cover500/8958850906_1.jpg, 홍옥수 지음;김분묘 그림, 성우주니어,2009
자연과학,동물의 행동,,https://image.aladin.co.kr/product/249/14/cover500/8958850973_1.jpg, 권은비;황주선 지음;강준구 그림, 성우주니어,2009
자연과학,공기,,https://image.aladin.co.kr/product/249/14/cover500/895885099x_1.jpg, 지재화 지음;이국현 그림, 성우주니어,2009
자연과학,호흡,"'선생님도 놀란 과학뒤집기' 시리즈의 17권. 초등학교와 중학교의 과학 교과서 내용을 주제별로 엮은 어린이용 과학 안내서 시리즈이다. 이 책은 '호흡'에 대해 안내한다. 호흡이 어떤 원리로 이루어지는 작용인지, 횡경막과 허파, 심장 등 호흡을 수행해내는 신체 기관의 명칭과 역할을 설명한다.",https://image.aladin.co.kr/product/271/86/cover500/8958850922_1.jpg, 김성은 지음;장동현 그림, 성우주니어,2009
자연과학,소화,'선생님도 놀란 과학뒤집기' 시리즈의 20권. 초등학교와 중학교의 과학 교과서 내용을 주제별로 엮은 어린이용 과학 안내서 시리즈이다. 이 책은 '소화'에 대해 안내한다. 사람의 내장기관과 소화 원리 뿐만 아니라 여러 동물들의 예도 함께 들어 풍부하게 설명한다.,https://image.aladin.co.kr/product/271/87/cover500/8958851007_1.jpg, 김한나 지음;강준구 그림, 성우주니어,2009
자연과학,땅의 변화,,https://image.aladin.co.kr/product/361/38/cover500/8958851090_1.jpg, 박영희 지음;이민영 그림, 성우주니어,2009
자연과학,지리 이야기,특정국가의 수도 이름이나 철의 산지 등을 달달 외우는 학창시절의 교과목 정도로 여겨져온 지리를 재미있는 읽을 거리로 재구성해냈다. 사람이 살고있는 거주 공간으로서 지구상에서 일어난 현상을 이야기처럼 설명하며 독자들을 지리의 세계로 이끌고 있다....,https://image.aladin.co.kr/product/91/19/cover500/8946037377_1.jpg, 권동희 지음, 한울,2008
자연과학,과학은 흐른다. 1: 석기 시대~고대 그리스,"초등학생부터 성인까지 모두 읽을 수 있는 교양만화. 인류의 탄생부터 지금까지의 과학사를 당시의 사회와 문화와 함께 다루고 있다. 전체 과학의 역사를 한눈에 살펴볼 수 있는 깔끔한 연표와 문명별.시대별로 천문학, 지리학, 수학, 물리학 등의 과학 분야를 꼼꼼하게 정리했다.",https://image.aladin.co.kr/product/53/39/cover500/8972785121_1.jpg, 정혜용 지음;신영희 만화, 청년사,2008
자연과학,과학은 흐른다. 2: 헬레니즘~이슬람,,https://image.aladin.co.kr/product/53/39/cover500/897278513x_1.jpg, 정혜용 지음;신영희 만화, 청년사,2008
자연과학,과학은 흐른다. 4: 17~18세기 과학혁명Ⅰ,초등학생부터 성인까지 모두 읽을 수 있는 교양만화. 인류의 탄생부터 지금까지의 과학사를 당시의 사회와 문화와 함께 다루고 있다.,https://image.aladin.co.kr/product/61/17/cover500/8972785342_1.jpg, 정혜용 지음;신영희 만화, 청년사,2008
자연과학,야누스의 과학,"'2008년 우수출판기획안 공모전' 과학 부분에 당선된 책. 20세기 인류의 삶을 근본적으로 변화시킨 중요한 과학기술―핵과학, 컴퓨터, 인터넷, 우주개발, 생명공학 등―의 발전 과정을 정리하고, 그것이 사회나 시대와의 상호작용을 통해 형성된 것임을 강조한다.",https://image.aladin.co.kr/product/286/24/cover500/8958283254_1.jpg, 김명진 지음, 사계절,2009
자연과학,아시아를 빛낸 노벨상 수상자,"책은 노벨상을 수상한 아시아 과학자들의 생애와 업적을 소개함으로써, 노벨상 수상자를 배출하기 위해서는 어떤 문화와 과학적 환경이 조성되어야 하는지에 대해 말한다. 이를 통해 과학은 국가 발전을 뒷받침하는 든든한 버팀목이며, 현대 사회는 과학기술의 발전 없이는 국가도 발전하기 어려움을 역설한다.",https://image.aladin.co.kr/product/57/58/cover500/8986865963_1.jpg, 김영태 지음, 한승,2005
자연과학,(창의성을 길러주는)과학놀이 학습지도,,https://image.aladin.co.kr/product/867/78/cover500/8955267126_1.jpg, 이봉우;손정우;이인호 지음, 북스힐,2011
자연과학,"과학 선생님, 영국 가다","서양 과학사의 주축이 된 영국의 대표적인 과학관과 박물관, 산업 혁명의 발상지, 그리고 유명 과학자들의 발자취를 찾아가, 교과서 속 발명, 발견의 현장을 생생하게 만나 본다. 여행길에서 마주친 에피소드와 감상이 녹아 있어, 여행기로서의 즐거움도 놓치지 않았다.",https://image.aladin.co.kr/product/99/40/cover500/8971847514_1.jpg, 한문정외 지음;정훈이 그림, 푸른숲,2011
자연과학,내가 유전자 쇼핑으로 태어난 아이라면?,미래 사회를 주도하게 될 생명공학에 대해 독자 개개인이 하나의 '관觀'을 가질 수 있도록 풍부한 지지대를 마련하고자 엮은 책. 기록하고 반성하는 동물로서 나치의 인종학살과 핵투하 등과 같은 실수를 되풀이하지 않기 위함이다. 책에서 던지는 질문들에 대해 스스로 판단할 수 있는 기회를 제공한다.,https://image.aladin.co.kr/product/269/58/cover500/8958072377_2.jpg, 정혜경 지음, 뜨인돌,2011
자연과학,내가 유전자 쇼핑으로 태어난 아이라면?,미래 사회를 주도하게 될 생명공학에 대해 독자 개개인이 하나의 '관觀'을 가질 수 있도록 풍부한 지지대를 마련하고자 엮은 책. 기록하고 반성하는 동물로서 나치의 인종학살과 핵투하 등과 같은 실수를 되풀이하지 않기 위함이다. 책에서 던지는 질문들에 대해 스스로 판단할 수 있는 기회를 제공한다.,https://image.aladin.co.kr/product/269/58/cover500/8958072377_2.jpg, 정혜경 지음, 뜨인돌,2011
자연과학,(스티븐 호킹의 청소년을 위한)시간의 역사,현대우주물리학의 새 지평을 연 스티븐 호킹의 ‘만만한 우주론 수업’. 전 세계 1000만 셀러를 기록한 과학교양서 <시간의 역사>를 스티븐 호킹의 ‘강의’로 듣는다.,https://image.aladin.co.kr/product/467/92/cover500/8901101165_1.jpg, 스티븐 호킹 지음;전대호 옮김, 웅진지식하우스,2011
자연과학,(하리하라의)생물학 카페,"생물학 분야에서 관심 높은 36가지 주제를 뽑아 청소년의 눈높이에 맞도록 쉽고 재미있게 엮은 책이다. 중, 고생은 물론, 과학에 대한 상식을 알고자 하는 일반인에게도 적합하다. 지은이가 인터넷에 연재했던 칼럼을 다듬어 경쾌한 일러스트와 시원한 입담, 신화 이야기를 섞어 재구성했다.",https://image.aladin.co.kr/product/36/76/cover500/8988804678_2.jpg, 이은희 지음, 궁리,2012
자연과학,(만화로 쉽게 배우는)미분적분,"신문사에 새로 입사한 주인공이 기자로 활동하면서 겪게 되는 여러 가지 문제들을 미분과 적분을 이용해 해결해 가는 과정을 그리고 있다. 주인공이 겪게 되는 다양한 상황들을 접해보면서 미분과 적분이 물리학, 통계학, 경제학 등의 분야에서 어떻게 활용되고 있는지 이해할 수 있다. 근사라는 개념을 통해 미분과 적분에 관련된 여러 가지 공식을 쉽게 이해할 수 있도록 설명하였다.",https://image.aladin.co.kr/product/1381/53/cover500/8931575548_1.jpg, Hiroyukio Kojima 지음;Shin Togami 그림;윤성철 옮김, 성안당,2011
자연과학,(만화로 쉽게 배우는)통계학,,https://image.aladin.co.kr/product/483/79/cover500/8931574371_1.jpg, Shin Takahashi 지음;Iroha Inoue 그림;김선민 옮김, 성안당.com,2011
자연과학,수학없는 물리,,https://image.aladin.co.kr/product/855/45/cover500/8945040374_1.jpg, 폴 휴이트 지음(Paul G. Hewitt 원저);김인묵;박홍이;엄정인;정광호 [같이]옮김, 피어슨에듀케이션코리아,2010
자연과학,수학없는 물리,,https://image.aladin.co.kr/product/855/45/cover500/8945040374_1.jpg, 폴 휴이트 지음(Paul G. Hewitt 원저);김인묵;박홍이;엄정인;정광호 [같이]옮김, 피어슨에듀케이션코리아,2010
자연과학,수학없는 물리,,https://image.aladin.co.kr/product/855/45/cover500/8945040374_1.jpg, 폴 휴이트 지음(Paul G. Hewitt 원저);김인묵;박홍이;엄정인;정광호 [같이]옮김, 피어슨에듀케이션코리아,2010
자연과학,수학없는 물리,,https://image.aladin.co.kr/product/855/45/cover500/8945040374_1.jpg, 폴 휴이트 지음(Paul G. Hewitt 원저);김인묵;박홍이;엄정인;정광호 [같이]옮김, 피어슨에듀케이션코리아,2010
자연과학,수학없는 물리,,https://image.aladin.co.kr/product/855/45/cover500/8945040374_1.jpg, 폴 휴이트 지음(Paul G. Hewitt 원저);김인묵;박홍이;엄정인;정광호 [같이]옮김, 피어슨에듀케이션코리아,2010
자연과학,수학없는 물리,,https://image.aladin.co.kr/product/855/45/cover500/8945040374_1.jpg, 폴 휴이트 지음(Paul G. Hewitt 원저);김인묵;박홍이;엄정인;정광호 [같이]옮김, 피어슨에듀케이션코리아,2010
자연과학,아인슈타인처럼 양자역학하기,현실주의적 양자역학의 대표 주자 리 스몰린이 들려주는 과감하고 새로운 양자역학 이야기. 양자역학의 기본개념 · 이론 · 역사에서부터 지금 양자물리학 연구가 처한 한계와 그것을 극복하려는 학계 최전선의 연구들까지 샅샅이 살피며 자연의 근본 원리를 찾아가는 모험으로 초대한다.,https://image.aladin.co.kr/product/28173/52/cover500/8934980087_1.jpg, 리 스몰린 지음;박병철 옮김, 김영사,2021
자연과학,놀라운 수의 세계,"이 책은 열 살짜리 주인공 필로가 고등학교 수학선생님이셨던 할아버지와 나누는 18편의 수학 이야기. 로또 복권에 당첨되는 방법, 외계인과 소통할 암호 만들기, 삼단논법을 써서 엄마에게 게임기 사달리기 등 수학의 원리를 실생활에 접목해 이해하고 활용하면서 보다 수학을 가깝게 접하도록 구성했다.",https://image.aladin.co.kr/product/67/51/cover500/8990048737_1.jpg, 안나 체라솔리 지음;박진아 옮김, 에코리브르,2007
자연과학,교과서를 만든 수학자들,수학 원리의 발견 뒤에는 재미있는 일화들이 숨겨져 있다. 수학자들이 들려주는 공식의 탄생 배경을 읽으면서 수학이 '가까이 하기엔 너무 먼' 존재만은 아니란 것을 일깨우는 책. 천재에 근엄하기만 할 것 같은 수학자들의 엉뚱한 에피소드를 곁들여 재미를 더했다.,https://image.aladin.co.kr/product/59/44/cover500/8986019841_2.jpg, 김화영 지음;최남진 그림, 글담,2006
자연과학,코스모스,"칼 세이건의 특별판이 세이건의 서거 10주기를 기념하여 출간되었다. 이 특별판은 지난 2004년 12월에 출간된 (양장본)의 텍스트 전문과 도판 일부를 사용하고 판형을 휴대하기 쉬운 신국판으로 바꿔 출간한 책으로, 독자들이 좀 더 쉽게 칼 세이건의 메시지를 만날 수 있도록 배려한 책이다.",https://image.aladin.co.kr/product/87/9/cover500/s922637499_3.jpg, 칼 세이건 지음;홍승수 옮김, 사이언스북스,2014
자연과학,카오스,"미국에서만 100만 부 이상 팔린 전설적 베스트셀러 <카오스> 20주년 기념판 완역본. 카오스를 한마디로 하면, 바로 ‘무질서 속의 질서’이다. 다시 말하면, 우리가 발견하는 질서 속에서 혼돈이 있으며, 혼돈 속에도 질서가 있다는 것이다.",https://image.aladin.co.kr/product/2703/25/cover500/8962620693_1.jpg, 제임스 글릭 지음;박래선 옮김, 동아시아,2013
자연과학,과학용어사전,"기초 과학 용어에서부터 오늘날 최첨단 과학 연구 현장에서 사용되기 시작한 최신 용어들에 이르기까지, 분야를 막론하고 자연 과학의 전 분야에 걸친 용어들을 엄선하여 수록하였다. 과학 용어의 핵심적인 내용을 쉽고 간단하게 이해할 수 있도록 소개한다. 5000항목에 달하는 항목이 수록되어 있다.",https://image.aladin.co.kr/product/679/53/cover500/8955378181_1.jpg, 뉴턴코리아편집부, 뉴턴코리아,2010
자연과학,판타스틱 과학클럽,"과학의 5개 분야인 과학철학, 수학, 물리학, 컴퓨터와 인공지능, 생명과학을 성실하고 꼼꼼하게 다룬 과학책이다. 그러나 동시에 판타스틱한 과학소설 시리즈기도 하고, 과학적인 데다 시사적이기까지 한 유머집이기도 하다.",https://image.aladin.co.kr/product/21355/13/cover500/k992636799_1.jpg, 최지범 지음, 스윙밴드,2019
자연과학,나의 하버드 수학 시간,"한국의 삼수생이 미국에서 새롭게 수학을 배워 하버드에 들어가고 보스턴 최고의 수학 강사가 되는 과정을 통해 보다 쉽고 재미있게 수학을 공부하는 방법을 보여준다. 저자는 이차함수의 최댓값과 최솟값이 NASA 우주 탐사 프로젝트로, 소인수분해가 미래 암호 기술로, 행렬과 통계가 빅데이터와 인공지능 알고리즘으로 어떻게 연결되는지 설명하며 '진짜' 수학의 세계를 펼쳐 보인다.",https://image.aladin.co.kr/product/20836/19/cover500/8901235625_1.jpg, 정광근 지음, 웅진지식하우스,2019
자연과학,수학은 아름다워. 2,"에 이은 고등학생을 위한 수학 교양서. 고교 교과과정에 나오는 집합, 항등원, 역원, 행렬, 함수, 변환(도형), 확률과 통계를 쉽고 재미있게 가르쳐 준다. 교과서와 수업이 미처 다루지 못하는 원리까지 상세히 알려 준다.",https://image.aladin.co.kr/product/8/47/cover500/8972975303_1.jpg," 육인선, 외 지음;박향미 그림", 동녘,2010
자연과학,(쉽고 재미있는)과학의 역사,"세계가 물로 이루어졌다고 주장한 탈레스에서부터 최신의 화성 탐사 프로젝트까지, 진리 탐구의 여정으로서의 과학사를 알기 쉽게 설명했다. 연대별로 중요한 과학적 원리 뿐만 아니라, 발명과 발견에 얽힌 과학자들의 흥미로운 에피소드, 과학과 사회의 관계, 과학을 발전시키는 지적 호기심의 원동력 등을 재미 있게 읽을 수 있도록 구성했다.",https://image.aladin.co.kr/product/64/72/cover500/8958770279_1.jpg, 에릭 뉴트 지음;이민용 옮김, 이끌리오,2006
자연과학,생물의 다살이,자연계에 존재하는 갖가지 동식물들의 재미있는 생태를 소개하고 있다．저자가 자연과 생물에 보내고 있는 따뜻한 시선은 결국 우리들 삶으로 향하고 있다．한갓 미물의 생태에도 더불어 사는 지혜가 있듯이 우리 사람들도 도란도란 더불어 살았으면 하는 희망을 호소력 짙게 피력했다．...,https://image.aladin.co.kr/product/43/86/cover500/8978890903_2.jpg, 권오길 지음, 지성사,2009
자연과학,생물의 다살이,자연계에 존재하는 갖가지 동식물들의 재미있는 생태를 소개하고 있다．저자가 자연과 생물에 보내고 있는 따뜻한 시선은 결국 우리들 삶으로 향하고 있다．한갓 미물의 생태에도 더불어 사는 지혜가 있듯이 우리 사람들도 도란도란 더불어 살았으면 하는 희망을 호소력 짙게 피력했다．...,https://image.aladin.co.kr/product/43/86/cover500/8978890903_2.jpg, 권오길 지음, 지성사,2009
자연과학,생물의 다살이,자연계에 존재하는 갖가지 동식물들의 재미있는 생태를 소개하고 있다．저자가 자연과 생물에 보내고 있는 따뜻한 시선은 결국 우리들 삶으로 향하고 있다．한갓 미물의 생태에도 더불어 사는 지혜가 있듯이 우리 사람들도 도란도란 더불어 살았으면 하는 희망을 호소력 짙게 피력했다．...,https://image.aladin.co.kr/product/43/86/cover500/8978890903_2.jpg, 권오길 지음, 지성사,2009
자연과학,수학 귀신,계산은 전자계산기가 다 해주는데 산수를 익힐 필요가 있느냐고？ 하지만 건전지가 다 떨어지면 어떻게 해야 할까．은 수학을 싫어하는 한 아이가 열두날 밤마다 꿈에서 수학귀신을 만나 수학의 원리를 깨우쳐 가는 과정을 그리고 있다.,https://image.aladin.co.kr/product/8/46/cover500/894919001x_1.jpg, 한스 마그누스 엔첸스베르거 지음;로트라우트 수잔네 베르너 그림;고영아 옮김, 비룡소,2010
자연과학,수학 귀신,계산은 전자계산기가 다 해주는데 산수를 익힐 필요가 있느냐고？ 하지만 건전지가 다 떨어지면 어떻게 해야 할까．은 수학을 싫어하는 한 아이가 열두날 밤마다 꿈에서 수학귀신을 만나 수학의 원리를 깨우쳐 가는 과정을 그리고 있다.,https://image.aladin.co.kr/product/8/46/cover500/894919001x_1.jpg, 한스 마그누스 엔첸스베르거 지음;로트라우트 수잔네 베르너 그림;고영아 옮김, 비룡소,2010
자연과학,신이 되고 싶은 컴퓨터,훌륭한 공상과학소설을 쓸 수 있고 또 그것이 읽힐 수 있다는 사실은 과학의 대중화가 일어났음을 보여주는 증거이다. 우리나라에도 드디어 그런 시대가 열리고 있다. 이한음의 SF추리 콩트들을 모아 엮은 <신이 되고 싶은 컴퓨터>가 바로 그것이다.,https://image.aladin.co.kr/product/18/97/cover500/8976162587_1.gif, 이한음 지음, 아카데미서적,1999
자연과학,(교사를 위한)수학사,,https://image.aladin.co.kr/product/53/72/cover500/8981725071_1.jpg, 현종익 지음, 교우사,2008
자연과학,수학 걸,"남자 고등학생 한 명과 여자 고등학생 두 명이 수학 배틀을 펼치는 소설 형식을 빌어 토론하며 느끼는 문제풀기의 즐거움을 경험하게 한다. 수학에 재미를 붙이고 싶은 고등학생부터 수학 퀴즈를 좋아하는 일반인, 이공계 대학생에게 권한다. 일본 아마존 교양수학 부문 베스트셀러 1위에 오르기도 했다.",https://image.aladin.co.kr/product/185/4/cover500/8970905529_1.jpg," 유키, 히로시 지음;김정환 옮김", 동아일보사,2010
자연과학,(알기 쉬운)해석학 문제풀이,,https://image.aladin.co.kr/product/98/96/cover500/8988944542_2.jpg," 장건수, 외 지음", 대선,2007
자연과학,거의 모든 것의 역사,"출간 당시 아마존닷컴 1위 도서. 모든 과학의 역사와 현재를 담고 있는 책이다. 과학지식 전반을 파악할 수 있다는 점, 어려운 도표나 수식이 없다는 점이 특색있다.",https://image.aladin.co.kr/product/10723/91/cover500/k972913642_1.jpg, 빌 브라이슨 저;이덕환 옮김, 까치,2003
자연과학,범죄 수학,"수학에 대한 열정을 불러일으키는 리스 하스아우트의 책. 여기에는 모두 14가지의 범죄 사건이 등장한다. 하나의 사건에는 수학 문제가 하나씩 포함되어 있다. 추리소설 구성에 수학 내용을 담고 있지만 절대 딱딱하지 않다. 수학탐정 라비와 함께 14가지 미스터리를 해결하다 보면 삼각법, 확률, 순열조합, 연역적 추론까지 명석하게 분석할 수 있고 어느새 수학을 즐길 수 있다.",https://image.aladin.co.kr/product/740/68/cover500/895979192x_1.jpg, 리스 하스아우트 글;오혜정 옮김, Gbrain,2010
자연과학,다윈 지능,"세계적인 진화 생물학자인 최재천 교수가 21세기 지적 세계의 꽃이라 부를 수 있을 만큼 경계를 넘어 전방위적으로 활약하고 있는 진화론의 핵심과 현주소를 짚어 보고, 앞으로 다가올 변화된 지식 생태계에 동참하는 데 반드시 필요한 다윈의 지혜들을 전수하는 과학서이자 인문 교양서이다",https://image.aladin.co.kr/product/1451/27/cover500/8983715006_2.jpg, 최재천 지음, 사이언스북스,2012
자연과학,대통령을 위한 물리학,수많은 노벨상 수상자를 배출한 과학 명문인 UC버클리의 2009년 재학생들이 선정한 최우수 강의 ‘미래 대통령을 위한 물리학’을 책으로 펴낸 것이다. 강의를 진행하는 리처드 뮬러는 UC버클리의 물리학 교수이자 오바마 정부의 고위 과학고문을 지내고 각종 국가단위 과학 프로젝트에 직접 참여한 과학 · 안보 분야의 정책전문가다.,https://image.aladin.co.kr/product/1368/64/cover500/895221644x_1.jpg, 리처드 뮬러 지음;정종훈 옮김, 살림,2011
자연과학,(개념이 술술 이해되는)풀지 않고 읽는 수학,,https://image.aladin.co.kr/product/335/53/cover500/8952210905_1.jpg, 세야마 시로 지음;신은주 옮김, 살림Math,2009
자연과학,수학자들의 전쟁,미적분을 누가 먼저 발명했는가를 두고 뉴턴과 라이프니츠라는 두 천재를 둘러싼 수학자들의 논쟁을 다룬 책. 당시 영국을 대표하는 뉴턴과 유럽 대륙을 대표하는 라이프니츠의 역사상 유례없는 저작권 논쟁은 두 천재의 삶에 큰 영향을 미쳤을 뿐만 아니라 영국 수학계와 유럽 대륙의 수학계의 결정적인 단절을 낳았다.,https://image.aladin.co.kr/product/100/27/cover500/8901072866_1.jpg, 이광연 지음, 프로네시스,2008
자연과학,어느 수학자의 변명,"20세기 초 영국의 수학자로 수학 개념의 현대적인 엄밀성을 도입하는며 뛰어난 업적을 남긴 고드프레이 헤롤드 하디가 만년에 저술한 회고록 형식의 .1부터 29까지 번호가 붙여진 수필 형식을 갖춘 짧은 글들의 묶음으로 구성되어 있르녀, 수학에 대한 자신의 주장을 수학의 증명과 유사한 방식으로 전개하고 있다.",https://image.aladin.co.kr/product/170/43/cover500/8985982370_1.jpg, G. H. 하디 지음;정회성 옮김, 세시,2008
자연과학,(꼬물꼬물)수학 이야기,라면은 왜 꼬불꼬불한지? 과거의 전자계산기는 어떤 것이 있는지? 수학 기호는 언제부터 썼는지? 월드컵 축구경기는 총 몇 경기가 있는지 등과 같은 다양한 수학 정보와 숨은 이야기들을 짧은 팁을 통해 재미있게 이해할 수 있다.,https://image.aladin.co.kr/product/98/17/cover500/8992130430_1.jpg, 안소정 지음;백수환 그림, 뜨인돌어린이,2008
자연과학,무한도전 신비한 수학탐험,"독일의 주간지 의 편집자이자, 매주 란 제목의 궁금증 해결 칼럼을 연재중인 칼럼니스트 크리스토프 드뢰서가 쓴 수학 동화이다. 주인공 라우라와 톰은 호기심 많은 13살, 11살 남매이다. 둘은 어느 날, 도대체 이 세상에 무한히 큰 것이 있는지, 해변의 모래알이나 밤하늘의 별은 정말 셀 수 없이 많은지, 수학자들은 이런 문제들을 어떻게 보는지 궁금해졌다.",https://image.aladin.co.kr/product/96/99/cover500/8991239412_1.jpg, 크리스토프 드뢰서 지음;전은경 옮김, 북로드,2007
자연과학,건축 속 재미있는 과학 이야기,"도심을 가로지르는 빌딩 바람과 바람탑의 원리를 시작으로 유리집과 빛의 굴절과 반사, 피라미드를 통한 콘크리트와 모래 이야기, 엘리베이터와 장력, 화장실과 사이펀 원리, 건물의 흔들림과 진동, 아트리움을 통한 단열과 열의 이동 등 총 18가지의 주제로 건축과 과학의 만남을 시도한다.",https://image.aladin.co.kr/product/89/17/cover500/8952749642_1.jpg, 이재인 지음, 시공사,2007
자연과학,(The)Princeton companion to mathematics. 1,"세계적인 수학자 135명이 저술에 참여했고, 금종해 고등과학원 원장 외 29명의 번역가가 번역을 맡은, 본 책은 현대 수학의 에센스를 다루고 있으며 제목에서도 알 수 있듯이 수학에 깊은 흥미를 가진 독자들을 위한 안내서 역할을 해줄 것이다.",https://image.aladin.co.kr/product/4457/29/cover500/8961390562_1.jpg, 티모시 가워스 외 지음;금종해 외 옮김, 승산,2014
자연과학,"(법칙, 원리, 공식을 쉽게 정리한)물리·화학 사전",오늘날 과학사적으로 유명한 법칙·원리·공식을 이해하는 것은 이공계와 인문계를 불문하고 매우 중요하다. 현대 과학을 이해하기 위해서도 20세기 초까지 발견된 과학의 뛰어난 지혜가 반드시 필요하다. 그 기반이 되는 내용들은 대부분 고등학교 과학 시간에 배우는 내용이다.,https://image.aladin.co.kr/product/11700/84/cover500/8955883390_1.jpg, 와쿠이 사다미 지음;조민정 옮김, 그린북,2018
자연과학,더 위험한 과학책,"아마존, 뉴욕타임스 30주 연속 베스트셀러 《위험한 과학책》의 후속작. 어디서부터 어떻게 손을 대야 할지 알 수 없을 정도로 황당무계하고 곤란한 질문들에 대해 랜들 먼로가 답변을 찾아나가는 과정은 그 자체로 무척 흥미롭다.",https://image.aladin.co.kr/product/22867/22/cover500/895275154x_1.jpg, 랜들 먼로 지음;이강환 옮김, 시공사,2020
자연과학,일하는 수학,25가지 직업 속에 숨은 수학 개념들에 대한 이야기를 저자의 경험담에 빗대어 들려주는 책이다. 저자는 우리 주변에서 쉽게 볼 수 있는 25가지 일에서 필요한 수학 지식을 통해 수학이 우리 삶 속에서 어떻게 적용되고 실생활과 얼마나 밀접한지 알려주고 있다.,https://image.aladin.co.kr/product/9089/97/cover500/8928636787_1.jpg, 시노자키 나오코 지음;사카키 히로코 일러스트;김정환 옮김, 타임북스,2018
자연과학,한국의 과학 천재들,"한국 과학자들의 면모를 알려주는 ‘과학기술인 명예의 전당’에 헌정된 사람 중에서 20세기를 살았던 사람 중 과학 각 분야로 구분하여 선정했다. 이들은 상당한 과학적 업적을 쌓았으며, 현대적인 기준으로 보면 천재의 반열에 들어간다고 해도 과언이 아니다.",https://image.aladin.co.kr/product/9612/98/cover500/8997383906_1.jpg, 이종호 지음, Bookstar,2016
자연과학,한국의 과학 천재들,"한국 과학자들의 면모를 알려주는 ‘과학기술인 명예의 전당’에 헌정된 사람 중에서 20세기를 살았던 사람 중 과학 각 분야로 구분하여 선정했다. 이들은 상당한 과학적 업적을 쌓았으며, 현대적인 기준으로 보면 천재의 반열에 들어간다고 해도 과언이 아니다.",https://image.aladin.co.kr/product/9612/98/cover500/8997383906_1.jpg, 이종호 지음, Bookstar,2016
자연과학,"헬로, 사이언스","‘10월의 하늘’ 시리즈의 세 번째 책. 이 책은 과학자는 물론 의사, 저널리스트, 예술가, 기업인 등 각계각층의 전문가들이 참여했기 때문에 다양한 분야에 살아 숨 쉬는 과학 이야기를 들을 수 있다.",https://image.aladin.co.kr/product/4827/4/cover500/8997162772_1.jpg, 정재승 외 지음, 청어람미디어,2020
자연과학,물리 오디세이,"대치동 학원가에서 잔뼈가 굵은 저자 이진오가 남녀노소, 전공 불문하고 누구나 이해할 수 있게 쓴 물리학 입문서다. 특히 쿼크, 상대성이론, 양자역학 등 오늘날 가장 화제가 되는 과학 분야를 중심으로 독자가 쉽게 빠져들도록 설명했다.",https://image.aladin.co.kr/product/8652/38/cover500/893566975x_1.jpg, 이진오 지음, 한길사,2016
자연과학,과학드림의 이상하게 빠져드는 과학책,"다양한 분야를 넘나들며 지적 호기심을 채우는 유쾌한 과학 교양서. ‘인간의 털은 왜 사라진 걸까?’, ‘사람을 먹으면 안 되는 과학적인 이유는?’, ‘공룡 복원도는 처음에는 진짜 엉망진창이었다’ 등 호기심이 물씬 솟아나는 이야기들이 250컷이 넘는 일러스트와 함께 정리되어 있다.",https://image.aladin.co.kr/product/29442/87/cover500/k222837523_1.jpg, 김정훈(과학드림) 지음, 더퀘스트(길벗),2022
자연과학,와일드후드,‘와일드후드’는 지구상 모든 동물이 새끼에서 성체가 되는 특정 시기이자 그때 공통적으로 겪는 경험을 가리키는 말이다. 이 책은 하버드대 교수이자 의학박사인 바버라 내터슨 호로위츠와 과학 저널리스트 캐스린 바워스가 2010년부터 시작한 ‘청소년기의 본질’ 연구를 집대성한 결과다.,https://image.aladin.co.kr/product/31635/40/cover500/k362833971_1.jpg, 바버라 내터슨-호러위츠;캐스린 바워스 [공]지음;김은지 옮김, 쌤앤파커스,2023
자연과학,하늘과 바람과 별과 인간,"기본 입자와 원자에서 시작해 존재의 층위들을 하나하나씩 밟아가며 물질과 생명, 그리고 더 나아가 우주와 인간이 어떻게 서로 연결되어 있는지 조망하며 차갑게만 느껴지던 우주가 물리학자의 시선 속에서 얼마나 따뜻할 수 있는지 보여준다.",https://image.aladin.co.kr/product/31600/84/cover500/k612833060_1.jpg, 김상욱 지음, 바다,2023
자연과학,"(청소년을 위한) 케임브리지 과학사. 1: 생물,의학 이야기","40여 년 간의 조사와 연구 끝에 만들어 낸 인류 과학의 발달사. 저자는 젊은 날 케임브리지에서 과학 교사로 일할 때, 수업 내용을 풍부하게 하고 앞으로 펼쳐질 무한한 과학의 세계를 학생들에게 심어주고 싶었다. 이 책은 과학의 발달사를 재미있는 이야기로 풀어 낸 당시 작업을 옮긴 것이다.",https://image.aladin.co.kr/product/60/51/cover500/8974832674_1.jpg, 아서 셧클리프 [외] 지음;조경철 옮김, 서해문집,2005
자연과학,(청소년을 위한) 케임브리지 과학사. 4: 기술이야기,"40여 년 간의 조사와 연구 끝에 만들어 낸 인류 과학의 발달사. 저자는 젊은 날 케임브리지에서 과학 교사로 일할 때, 수업 내용을 풍부하게 하고 앞으로 펼쳐질 무한한 과학의 세계를 학생들에게 심어주고 싶었다. 이 책은 과학의 발달사를 재미있는 이야기로 풀어 낸 당시 작업을 옮긴 것이다.",https://image.aladin.co.kr/product/64/83/cover500/897483281x_1.jpg, 아서 셧클리프 [외]지음;조경철 옮김, 서해문집,2006
자연과학,(한 권으로 끝내는) 수학,,https://image.aladin.co.kr/product/2423/70/cover500/8959792292_1.jpg, 패트리샤 반스 스바니;토머스 E. 스바니 [공] 지음;오혜정 옮김, Gbrain(작은책방),2013
자연과학,(청소년을 위한) 케임브리지 과학사. 2: 물리 이야기,"40여 년 간의 조사와 연구 끝에 만들어 낸 인류 과학의 발달사. 저자는 젊은 날 케임브리지에서 과학 교사로 일할 때, 수업 내용을 풍부하게 하고 앞으로 펼쳐질 무한한 과학의 세계를 학생들에게 심어주고 싶었다. 이 책은 과학의 발달사를 재미있는 이야기로 풀어 낸 당시 작업을 옮긴 것이다.",https://image.aladin.co.kr/product/61/21/cover500/8974832704_1.jpg, 아서 셧클리프 지음;조경철 옮김, 서해문집,2005
자연과학,열두 발자국,"<과학콘서트> <알쓸신잡>의 정재승 교수가 지난 10년 간 저자의 강연 중 가장 많은 호응을 받았던 12개의 강연을 선별하여 다시 집필하고 묶은 것이다. 더 나은 선택, 더 나은 미래를 위해 고군분투하고 있는 청춘들과 이 땅의 리더들에게 주는 뇌과학의 지혜와 통찰이 가득하다.",https://image.aladin.co.kr/product/15072/28/cover500/k072533160_2.jpg, 정재승 지음, 어크로스,2018
자연과학,기탄수학. H-1,"G단계에서 기른 곱셈, 나눗셈의 기초 계산력을 발전시켜 분수의 성질을 익히고, 계산할 수 있는 기초능력을 기르는 것을 목표로 학습한다.",https://image.aladin.co.kr/product/19/95/cover500/8989425859_2.jpg, 기탄교육편집부 지음, 기탄교육,2009
자연과학,(못 말리는)과학 방송국. 2: 기체 발견의 역사,"과학의 역사를 풀어주는 어린이를 위한 과학책. 방송국에서 앵커와 기자가 직접 과학자를 만나 인터뷰하는 상황 설정으로 과학 발견의 현장을 텔레비젼 뉴스를 보듯 접근할 수 있다. 각 권마다 주제를 정해서 과학사에 큰 영향을 미친 과학자들을 만나보고, 뒷 이야기와 재미있는 사건사고 소식을 전한다.",https://image.aladin.co.kr/product/101/93/cover500/8952207440_1.jpg, 정완상 지음;임정호 그림, 살림어린이,2008
자연과학,진화를 잡아라,"'잡아라 시리즈' 1권인 <진화를 잡아라!>는 6개 장으로 나누어 진화론의 역사, 현재의 진화, 생물의 분류, 사회진화론 등을 다룬다.",https://image.aladin.co.kr/product/37/25/cover500/8988804716_2.jpg, 데이비드 버니 지음;김성한 옮김, 궁리,2002
자연과학,(수학으로 끊임없이 도전하라)소피제르맹,"소피 제르맹은 어린 시절 유난히 책을 좋아했다. 그리고 우연히 아르키메데스에 관한 이야기를 읽고 크게 감동을 받았다. 도형을 그리는 데 정신이 팔려 로마군에게 목숨을 잃었다는 최후의 이야기를 읽고 수학을 공부하기 시작한다. 19세기에는 여자가 학문을 전문적으로 하는 것은 금기시 됐다. 소피 제르맹도 부모님 반대에 부딪쳐 크게 좌절하지만, 몸을 사리지 않고 공부에 빠져 드는 딸을 부모님도 더는 말리지 못한다.",https://image.aladin.co.kr/product/241/93/cover500/8952208498_1.jpg, 박안나 지음;이미정 그림, 살림어린이,2008
자연과학,수학 먹는 달팽이,달팽이의 껍질 속에는 어떤 수학적 비밀이 숨어 있을까? 눈(雪) 결정체에는? 이 책은 자연과 생활 속에 숨겨진 여러 수학 법칙들을 재미있는 콩트의 형태를 빌어 엮은 책이다.,https://image.aladin.co.kr/product/25/0/cover500/8972912751_2.jpg, 아르망 에르스코비치 지음;문선영 옮김, 까치,2010
자연과학,복제는 정말로 비윤리적인가?,"복제의 개념과 과정, 복제를 이용해 할 수 있는 일들, 치료 복제와 개체 복제의 다른 점, 복제로 인하여 일어날 수 있는 사회 문제, 우리가 복제에 대해 잘못 알고 있는 것 등 생명 복제를 둘러싼 기본 지식과 사회 문제를 한 권으로 정리했다.",https://image.aladin.co.kr/product/61/8/cover500/8982731121_2.jpg, 로렝 드고 지음;김성희 옮김, 민음in,2009
자연과학,기후가 미친 걸까?,"엘니뇨 현상, 오존 구멍, 지구 온난화, 온실 효과, 대기 오염, 교토 의정서에서부터 최근의 서해안 폭설까지 기후 문제는 이제 우리가 반드시 알아야 할 문제가 되었다. 기후를 둘러싼 최신 쟁점들과 그 아래 깔려 있는 과학적 지식들을 한 권으로 정리했다.",https://image.aladin.co.kr/product/61/8/cover500/898273113x_1.jpg, 로베르 사두르니 지음;이수지 옮김, 민음in,2007
자연과학,암을 정복할 수 있을가?,,https://image.aladin.co.kr/product/65/7/cover500/8982731393_1.jpg, 로렝 드고 지음;김성희 옮김, 민음in,2009
자연과학,"나, 스티븐 호킹의 역사",스티븐 호킹의 자서전. 다른 어떤 자서전과도 다른 것은 손 마비와 기관절개 수술로 인하여 현재 컴퓨터와 음성 합성기를 통해서 1분에 최대 3단어를 말하고 쓸 수 있을 뿐인 전신마비의 저자가 타인의 손과 머리를 빌리지 않고 직접 “집필”했다는 것이다.,https://image.aladin.co.kr/product/3116/22/cover500/897291553x_1.jpg, 스티븐 호킹 저;전대호 옮김, 까치글방,2013
자연과학,(암산이 빨라지는)인도수학 : 기초편,"인도수학의 ‘초스피드 계산법’을 바탕으로, 수학을 처음 접하는 초등학교 어린이들이 기본 사칙연산을 암산으로 보다 빠르고 정확하게 해결할 수 있도록 도움을 주는 책이다. 기본 사칙연산부터 서술형 문장제까지, 수학을 두려워하는 어린이들에게 자신감과 흥미를 불어넣는 좋은 길잡이가 될 것이다.",https://image.aladin.co.kr/product/1251/12/cover500/8964940563_1.jpg, 인도수학연구회 지음;장은정 옮김, 바이킹,2013
자연과학,전통 속에 살아 숨 쉬는 첨단 과학 이야기,"우리 역사에서 다루어졌던 많은 과학 기술과 과학 기술이 접목된 문화유산들을 알아보고 우리나라 고유의 과학 기술과 선조들의 과학 슬기를 배우는 계기를 마련하고자 했다. 우리의 전통 과학 속에 숨어 있는 첨단 과학의 원리를 오늘에 되살린다면, 현대 첨단 과학 기술과의 접목을 통해 우리나라를 대표할 수 있는 전통 과학 기술을 발굴할 수 있을 것이다.",https://image.aladin.co.kr/product/1647/74/cover500/8909172703_1.jpg, 윤용현 지음, 교학사,2012
자연과학,생물에 둘러싸인 하루,"교과서에 나온 생물학을 ‘일상의 호기심에서 비롯된 이야기’로 재구성했다. 일상의 이야기를 다루면서도 동식물, 인체, 생명 활동의 원리, 미생물과 바이러스, 극한 환경에서 생존하는 생물들까지 폭넓게 다루면서 교과서에서 자주 다루는 생물 지식부터 최신 생태이론까지 두루두루 소개하고 있다. 그뿐 아니라 우리가 잘못 알고 있기 쉬운 생물 상식을 콕 집어내 바로잡아 준다.",https://image.aladin.co.kr/product/1445/38/cover500/8952216679_1.jpg, 고선아 지음, 살림,2012
자연과학,배낭에서 꺼낸 수학,"그동안 쉽고 재미있는 수학 이야기로 독자와 친근하게 소통했던 안소영 저자는 이번 책에서 수학으로 빚은 문명의 현장을 생생하게 담아 지식과 여정, 감상을 넘나들며 그야말로 수학을 만나는 특별한 여행을 완성하였다. 수학을 더 가깝게 만나기 위해 세계 문명의 발상지이자 수학의 위대한 장소들을 직접 찾았다.",https://image.aladin.co.kr/product/1446/79/cover500/8958624515_1.jpg, 안소정 지음, 휴머니스트,2012
자연과학,(네이피어가 들려주는)로그 이야기,"수학자가 들려주는 수학 이야기 시리즈의 39권. 다양한 캐릭터들이 등장하여 로그의 성질에 대한 이야기를 나눈다. 특히, 지은이 특유의 상상력으로 만들어 낸 캐릭터인 로갈영은 이름이 특이해 잘 잊히지 않을 뿐더러, log1=0(보이는 대로 읽으면 '로갈영')이라는 수학적 사실을 쉽게 외울 수 있도록 해 준다.",https://image.aladin.co.kr/product/254/60/cover500/8954415857_1.jpg, 김승태 지음, 자음과모음,2012
자연과학,(묻고 답하는)과학 톡톡 카페. 1: 지구과학·생물,새로 추가된 개정 교과서의 핵심 주제를 새로 뽑아서 이야기로 풀은 과학학습서. 중학 과학 과정의 기본 개념을 한번에 정리할 수 있는 책이다. 1권에서는 지구과학과 생물을 다룬다. 또한 각 영역을 하나의 단원으로 다루고 있어 각 영역의 핵심 주제가 무엇인지 한눈에 알 수 있도록 했다.,https://image.aladin.co.kr/product/408/42/cover500/8963190080_1.jpg, 서울과학교사모임 지음;곽윤환 그림, 북멘토,2011
자연과학,(말랑하고 쫀득한)과학 이야기,"과학적인 사고를 하기 시작한 고대부터 아인슈타인이 원자의 실체를 밝혀낸 근대까지를 조명하면서, 과학 이론이 어떤 배경에서 탄생했는지, 하나의 과학적 발견이 어떻게 다른 발견으로 이어졌는지를 일목요연하게 펼쳐 보인다.",https://image.aladin.co.kr/product/93/55/cover500/8971847239_1.jpg, 존 그리빈;메리 그리빈 지음, 푸른숲,2011
자연과학,학문의 즐거움,"즐겁게 공부하다 인생에도 도통해 버린 어느 늦깎이 수학자의 인생이야기. 평범한 두뇌를 가진 그가 수학의 노벨상이라는 필드상을 받고, 학문에서 최고의 즐거움을 찾아낸 비결은 무엇일까?",https://image.aladin.co.kr/product/30/89/cover500/s142838404_1.jpg, 히로나카헤이스케 지음;방승양 옮김, 김영사,2010
자연과학,이해하는 미적분 수업,"영국의 응용 수학자이자 옥스퍼드대학교 지저스칼리지 수학과 명예교수 데이비드 애치슨의 미적분 해설서. 미적분을 왜 배워야 하는지 이해하지 못하는 사람들을 위해 미적분이 어떻게 만들어졌고, 또 왜 현대 과학의 핵심인지를 설명한다.",https://image.aladin.co.kr/product/22963/5/cover500/k172637497_2.jpg, 데이비드 애치슨 지음;김의석 옮김, 바다,2020
자연과학,수학의 쓸모,누구나 살면서 한번쯤 맞닥뜨리는 일상 속 문제들을 다룬다. 수학이란 똑똑한 사람들이 대단한 문제를 해결하는 것만이 아니라 보통 사람들도 평범한 문제를 해결하는 데 매우 유용하기 때문이다. 세상을 이해하고 앞장서서 미래를 만들어가고자 한다면 수학은 필수적으로 알아야 하는 사고방식이다.,https://image.aladin.co.kr/product/23596/50/cover500/k102638422_1.jpg," 닉 폴슨, 제임스 스콧 지음;노태복 옮김", 더퀘스트,2020
자연과학,"팬데믹 시대를 살아갈 10대, 어떻게 할까?","코로나19가 나타나기 바로 전에 미국에서 출간된 청소년 교양서를 번역한 것이다. 대상 독자가 청소년인 만큼 팬데믹의 역사, 인류를 팬데믹으로 몰아넣는 위험 요인과 예방에 대하여 절제된 정보와 일목요연한 설명, 현장의 생동감 넘치는 사례와 인용으로 흥미롭게 다룬다.",https://image.aladin.co.kr/product/24579/87/cover500/k592631074_1.jpg, 코니 골드스미스 글;김아림 옮김, 오유아이,2020
자연과학,세포와 항상성 지키기,국내 최고의 전문가들이 머리를 맞대 편찬하는 ‘속 보이는 과학 시리즈’ 라인업에 물리에 이은 생물 파트가 새롭게 추가되었다. 전3권 구성으로 이루어질 ‘속 보이는 생물’의 제1권에서는 ‘세포와 항성성’에 대해 중점적으로 다루고 있다.,https://image.aladin.co.kr/product/24990/12/cover500/k552632706_1.jpg," 김대준,전성제,권오민 지음", 동아엠앤비,2020
자연과학,우주를 만지다,"지구의 모든 모래알을 합친 것보다 훨씬 더 세밀하고 작은 원자 단계의 미시세계부터 감히 그 끝을 가늠할 수 없는 우주 너머의 거시세계까지, 우리가 발을 딛고 살고 있는 세상을 물리학자의 시선으로 바라본 과학 에세이다.",https://image.aladin.co.kr/product/25173/5/cover500/k172633592_3.jpg, 권재술 지음, 특별한서재,2020
자연과학,다시 수학이 필요한 순간,"2018년 《수학이 필요한 순간》을 통해 단숨에 베스트셀러에 올라 바야흐로 ‘수학 교양서 시대’를 연 한국인 최초의 옥스퍼드대 수학과 교수, 김민형 교수가 《다시, 수학이 필요한 순간》로 독자들을 다시 찾아왔다.",https://image.aladin.co.kr/product/24801/33/cover500/k142631932_1.jpg, 김민형 지음;최민정 그림, 인플루엔셜,2020
자연과학,다시 수학이 필요한 순간,"2018년 《수학이 필요한 순간》을 통해 단숨에 베스트셀러에 올라 바야흐로 ‘수학 교양서 시대’를 연 한국인 최초의 옥스퍼드대 수학과 교수, 김민형 교수가 《다시, 수학이 필요한 순간》로 독자들을 다시 찾아왔다.",https://image.aladin.co.kr/product/24801/33/cover500/k142631932_1.jpg, 김민형 지음;최민정 그림, 인플루엔셜,2020
자연과학,우리 역사 속 수학 이야기,"우리 수학의 발전 모습과 뛰어난 학자들, 그 주변 이야기를 풍부하게 서술하였다. 흥미를 유발할 수 있도록 사료를 바탕으로 조금씩 덧붙이거나 꾸미기도 했다. 우리 조상들의 위대한 수학 정신을 만남과 더불어 풍부한 수학적 교양도 습득할 수 있을 것이다.",https://image.aladin.co.kr/product/1904/27/cover500/8979869355_1.jpg, 이장주 지음, 사람의무늬,2020
자연과학,세계를 바꾼 17가지 방정식,이언 스튜어트 3부작 3권. 기술의 발전과 패러다임의 도약을 이끌며 인류 역사의 경로를 바꾼 17개의 수학 방정식을 엄선하여 소개하는 흥미진진한 수학책이다. 저자인 이언 스튜어트가 간결한 개념 정리와 풍성한 이야기로 각 수학 방정식의 정수를 모아 한 권의 책에 담아냈다.,https://image.aladin.co.kr/product/7670/65/cover500/8983717432_1.jpg, 이언 스튜어트 지음;김지선 옮김, 사이언스북스,2016
자연과학,생물의 죽살이,,https://image.aladin.co.kr/product/48/13/cover500/8978890946_1.gif, 권오길 지음, 지성사,2010
자연과학,수학 아이디어 퍼즐,독자로 하여금 수학에 흥미를 불러일으키는 퍼즐을 통해 새로운 수학적 아이디어와 추론을 학습할 수 있다. 다양한 수학 퍼즐문제와 더불어 각 퍼즐 문제의 해답이 제공되어 자신의 생각을 맞춰볼 수 있다.,https://image.aladin.co.kr/product/8/46/cover500/8970445633_1.jpg, 후지무라고자부로;마쓰다 미치오 지음;임승원 옮김, 전파과학사,2004
자연과학,이렇게 공부하면 수학이 쉽다,"중,고등학생에게 들려주는 수학 학습법 이야기. 사고력 측정을 주목적으로 하는 수능에 대비하는 능률적인 수학 공부 방법을 소개하고 있다. 수학은 암기나 비법을 통하는 과목이 아니라는 것을 강조하며 더디고 능률이 오르지 않더라도 차근차근 기초 개념과 근본 원리를 터득할 것을 요구한다. -출판저널",https://image.aladin.co.kr/product/19/29/cover500/8970012524_1.gif, 김경호 지음, 예문당,2008
자연과학,이렇게 공부하면 수학이 쉽다,"중,고등학생에게 들려주는 수학 학습법 이야기. 사고력 측정을 주목적으로 하는 수능에 대비하는 능률적인 수학 공부 방법을 소개하고 있다. 수학은 암기나 비법을 통하는 과목이 아니라는 것을 강조하며 더디고 능률이 오르지 않더라도 차근차근 기초 개념과 근본 원리를 터득할 것을 요구한다. -출판저널",https://image.aladin.co.kr/product/19/29/cover500/8970012524_1.gif, 김경호 지음, 예문당,2008
자연과학,흙,"흔히 흙을 빗대어 ‘밑바탕’이나 ‘토대’라고 하지만, 데이비드 몽고메리는 흙을 ‘지구의 살갗’이라고 정의한다. 이 책은 그리스의 철학자 플라톤와 아리스토텔레스, 로마의 정치가 키케로와 솔론에서, 다윈과 멜서스, 웬델 베리와 왕가리 마타이에 이르기까지 흙을 걱정하고 이해하려고 애쓴 선각자들의 고민을 총체적으로 보여 주고 있다.",https://image.aladin.co.kr/product/820/54/cover500/8996125008_1.jpg, 데이비드 몽고메리 지음;이수영 옮김, 삼천리,2011
자연과학,인간게놈,,https://image.aladin.co.kr/product/51/99/cover500/8989314461_1.gif, 사카키요시유키 지음;박은미 외 옮김, 라이프사이언스,2004
자연과학,모든 순간의 물리학,"우주 미스터리에 관한 거의 모든 것이 담긴 물리학 소책자. 저자 카를로 로벨리는 20세기 이래로 물리학에 불어닥친 거대한 혁명의 가장 두드러진 특징과, 이 혁명으로 포문을 열게 된 새로운 문제 그리고 그 신비를 간략히 살펴보고 있다.",https://image.aladin.co.kr/product/7825/64/cover500/8965703115_3.jpg, 카를로 로벨리 지음;김현주 옮김, 쌤앤파커스,2016
자연과학,(못 말리는)과학 방송국. 4: 액체·기체 발견의 역사,"과학의 역사를 풀어주는 어린이를 위한 과학책. 방송국에서 앵커와 기자가 직접 과학자를 만나 인터뷰하는 상황 설정으로 과학 발견의 현장을 텔레비젼 뉴스를 보듯 접근할 수 있다. 각 권마다 주제를 정해서 과학사에 큰 영향을 미친 과학자들을 만나보고, 뒷 이야기와 재미있는 사건사고 소식을 전한다.",https://image.aladin.co.kr/product/101/93/cover500/8952207467_1.jpg, 정완상 지음;임정호 그림, 살림어린이,2007
자연과학,(못 말리는)과학 방송국. 4: 액체·기체 발견의 역사,"과학의 역사를 풀어주는 어린이를 위한 과학책. 방송국에서 앵커와 기자가 직접 과학자를 만나 인터뷰하는 상황 설정으로 과학 발견의 현장을 텔레비젼 뉴스를 보듯 접근할 수 있다. 각 권마다 주제를 정해서 과학사에 큰 영향을 미친 과학자들을 만나보고, 뒷 이야기와 재미있는 사건사고 소식을 전한다.",https://image.aladin.co.kr/product/101/93/cover500/8952207467_1.jpg, 정완상 지음;임정호 그림, 살림어린이,2007
자연과학,(못말리는)과학 방송국. 6: 정수론의 역사,"과학의 역사를 풀어주는 어린이를 위한 과학책. 방송국에서 앵커와 기자가 직접 과학자를 만나 인터뷰하는 상황 설정으로 과학 발견의 현장을 텔레비젼 뉴스를 보듯 접근할 수 있다. 각 권마다 주제를 정해서 과학사에 큰 영향을 미친 과학자들을 만나보고, 뒷 이야기와 재미있는 사건사고 소식을 전한다.",https://image.aladin.co.kr/product/103/53/cover500/8952207483_1.jpg, 정완상 지음;임정호 그림, 살림출판사,2008
자연과학,비글호에서 탄생한 종의 기원,"찰스 다윈의 을 사진과 그림 자료, 별면을 통해 입체적으로 구성한 학습만화이다. 다윈의 생애와 비글호를 타고 떠난 항해 과정에서 찾아낸 온갖 과학적 지식, 을 비롯한 진화론과 관련된 과학적 성과가 담겨 있다.",https://image.aladin.co.kr/product/68/8/cover500/8974832917_1.jpg, 찰스 다윈 원작;신웅 작화, 서해문집,2008
자연과학,(세상에서 가장 아름다운)수학공식,"이 책은 수학 공식의 아름다움을 알리고자 쓰여졌다. 수학 공식의 아름다움은 수학 기호의 유연성, 수학적 명제들의 단순성, 그리고 그것이 함축하는 미학적 매력에서 나온다. 다른 모든 과학들과 마찬가지로 수학에도 역시 그 자신만의 특별한 조화가 있다. 그리고 그러한 조화를 탐험하는 것이 우리가 이 책을 쓴 의도이다. -작가의 말",https://image.aladin.co.kr/product/22/83/cover500/8988804082_1.jpg, 리오넬 살렘 외 지음;코랄리 살렘 그림;장석봉 옮김, 궁리,2008
자연과학,영화는 좋은데 과학은 싫다고?,과학적 사고방식이야말로 근대과학이 인류에게 기여한 중요한 업적이라는 것을 또한 과학적으로 생각하는 것이 얼마나 쉽고 재미있는 일인지를 보여주고 있는 책이다. 저자는 이 책에서 영화가 상기시키는 과학의 원리를 에세이 형식으로 풀어가고 있다.,https://image.aladin.co.kr/product/317/60/cover500/8985597221_1.jpg, 김상욱 지음, 한승,2009
자연과학,(수학의 힘으로 세상을 만나라)오일러,"어린 시절, 오일러는 사백 쪽이 넘는 긴 시를 외울 정도로 기억력이 뛰어났다. 누구나 한눈에 알아보기 쉬운 천재 오일러는 열세 살 이른 나이에 바젤 대학교에 들어간다. 스무 살이 되기 전에 박사학위까지 취득해 천재성에 더해 성실함이 돋보인다. 오일러는 수학자가 되고 싶지만, 집에서는 목사가 되기를 바랐다. 다행히 오일러의 수학 공부를 도와준 베르누이 교수가 아버지를 설득해서 오일러는 수학자가 된다.",https://image.aladin.co.kr/product/232/85/cover500/8952208447_1.jpg, 전다연 지음;박문희 그림, 살림어린이,2008
자연과학,김상욱의 양자 공부,"양자 역학의 탄생부터 최전선까지 모든 역사와 20세기 물리학의 ‘제자백가’들이 펼치는 이론과 법칙을 마음껏 만끽할 수 있도록 단 한 권에 담았다. 복잡한 수학을 일상 언어로 풀어 쓰고 중첩, 도약, 얽힘 등 낯선 개념을 비유와 시각 자료를 곁들여 쉽고 정확하게 이해시켜 준다.",https://image.aladin.co.kr/product/11380/16/cover500/s162534273_1.jpg, 김상욱 지음, 사이언스북스,2023
자연과학,아메리칸 프로메테우스,『아메리칸 프로메테우스』(특별판)는 오펜하이머 일대기의 결정판 『아메리칸 프로메테우스』를 영화 개봉에 앞서 우리 독자들에게 더욱 널리 소개하고자 페이지를 압축하고 무게를 가볍게 했으며 정가를 낮춘 특별판이다.,https://image.aladin.co.kr/product/31892/3/cover500/k342833636_1.jpg, 카이 버드;마틴 셔윈 [공]지음;최형섭 옮김, 사이언스북스,2023
자연과학,풀꽃 이야기 도감,"우리가 조금만 눈여겨보면 둘레에서 흔히 볼 수 있는 풀꽃 344종을 101가지 재미난 이야기와 사진 958컷으로 소개했다. 풀꽃 이름의 유래, 풀꽃에 얽힌 전설, 풀로 할 수 있는 놀이, 풀의 쓰임새와 특징 등을 감칠맛 나는 우리말을 잘 살려 표현했다.",https://image.aladin.co.kr/product/27471/98/cover500/k492733793_1.jpg, 이영득 글·사진, 황소걸음,2021
자연과학,천국의 발명,"종교가 있든 없든 사람들은 여전히 사후 세계의 존재를, 그리고 가급적 현실보다 나은 사후 세계를 바란다. 베스트셀러 작가이자 과학적 회의주의자, 마이클 셔머 박사는 이런 인간의 사후 세계에 대한 강박관념을 과학적으로 탐구한다.",https://image.aladin.co.kr/product/18229/75/cover500/8950979675_1.jpg, 마이클 셔머 지음;김성훈 옮김, arte,2019
자연과학,호킹의 빅 퀘스천에 대한 간결한 대답,호킹이 빅 퀘스천에 대답하는 과정에서 ‘호킹 복사’ 이론을 비롯하여 상대성이론 등의 물리학 이론들을 압축적으로 살펴볼 수 있을 뿐만 아니라 지식의 한계를 넘어선 그의 지혜를 살펴볼 수 있다,https://image.aladin.co.kr/product/17813/2/cover500/8972916803_1.jpg, 스티븐 호킹 지음;배지은 옮김, 까치,2019
자연과학,(랜들 먼로의)친절한 과학 그림책,"빌 게이츠가 극찬한 랜들 먼로 과학책. 전작 <위험한 과학책>을 비롯해 이번 랜들 먼로의 책을 출간한 휴튼 미플린 하트코트(HMH)는 미국의 주요 교과서 출간 출판사로, 2016년 가을부터 이 책의 내용 중 일부를 미국 고등학교 과학 교과서에 실어 학생들에게 좋은 반응을 얻고 있다.",https://image.aladin.co.kr/product/10501/61/cover500/8952785223_1.jpg, 랜들 먼로 지음;조은영 옮김, 시공사,2017
자연과학,사소해서 물어보지 못했지만 궁금했던 이야기,"일상 속 사소하고 엉뚱한 궁금증을 해결하며 115만 유튜브 구독자를 사로잡은 과학 채널 ‘사물궁이 잡학지식’이 책으로 출간되었다. ‘하늘로 총을 쏘면 어떻게 될까?’, ‘엘리베이터가 추락할 때 점프하면 살 수 있을까?’ 등 살면서 누구나 한번쯤 궁금했을 법한 질문들이 가득하다.",https://image.aladin.co.kr/product/25168/98/cover500/8950991918_1.jpg, 사물궁이 잡학지식 지음, arte(북이십일),2020
자연과학,다정한 것이 살아남는다,"늑대는 멸종 위기에 처했는데, 같은 조상에서 갈라져 나온 개는 어떻게 개체 수를 늘려나갈 수 있었을까? 사나운 침팬지보다 다정한 보노보가 더 성공적으로 번식할 수 있던 이유는? 브라이언 헤어와 버네사 우즈는 이에 대해 ‘다정한 것이 살아남는다’라는 답을 내놓는다.",https://image.aladin.co.kr/product/27608/83/cover500/k722733028_3.jpg, 브라이언 헤어;버네사 우즈 [공]지음;이민아 옮김, 디플롯,2021
자연과학,지구의 정복자,"퓰리처상 2회 수상에 빛나는 저술가, 개미 연구의 세계적인 권위자 에드워드 오스본 윌슨의 책. 진화 생물학을 바탕으로 인류학, 심리학, 언어학, 뇌과학 등을 종횡무진 오가며 인류 문명의 근간이 되는 도덕, 종교, 철학, 예술, 과학의 기원을 밝혀낸다.",https://image.aladin.co.kr/product/3358/36/cover500/8983716207_2.jpg, 에드워드 윌슨 지음;이한음 옮김, 사이언스북스(반비),2013
자연과학,얼음의 나이,"기후변화의 ‘과학’을 말한다. 정치적 아젠다나, 산업체의 잇속, ‘어머니 자연’을 내세운 기도문이 놓치고 있는 기후변화의 원리와 본질을 다룬다. 한걸음 더 나아가 현재의 기후변화에 대해 ‘우리가 모르고 있는 것은 무엇인지’까지 구체적으로 설명한다.",https://image.aladin.co.kr/product/3059/68/cover500/8998243008_1.jpg, 오코우치 나오히코 지음;윤혜원 옮김, 계단,2013
자연과학,에필로그,"우리 시대 가장 유명한 과학자 가운데 한 사람이었을 세계적인 천문학자 칼 세이건의 유고작. 그가 남긴 20여 편의 에세이에는 과학에 대한 끊임없는 열정과 호기심, 그리고 인류에 대한 따뜻한 애정이 배어 있다.",https://image.aladin.co.kr/product/30/90/cover500/898371090x_2.jpg, 칼 세이건 지음;김한영 옮김, 사이언스 북스,2001
자연과학,엘니뇨와 라니냐: 기후와 사회에 미치는 영향,이 책은 20여 년간 엘니뇨와 기후 정보 활용분야에 관심을 두고 활동한 마이클 그랜츠가 엘니뇨와 라니냐의 실체와 사회에 미치는 영향에 대해 정리한 책이다. 그랜츠 박사는 1997 ~ 98년의 엘니뇨 현상에 대한 분석을 포함하여 현재까지의 엘니뇨 현상을 과장없이 설득력 있게 설명하고 있다.,https://image.aladin.co.kr/product/35/8/cover500/8988791835_1.gif, 마이클 그랜츠 지음;오재호;권원태 옮김, 아르케,2002
자연과학,수의 모험,"수학교사로 일했던 할아버지가 호기심 많은 여덟살짜리 손자 필로에게 전해주는 수학 이야기를 담았다. 십진법, 황금률, 방정식, 피타고라스 정리, 피보나치 수열, 0의 개념, 자연수, 무리수, 프랙탈 등 중학교에서 배우는 수학의 주요 개념들을 놀이와 다양한 사례를 통해 배운다.",https://image.aladin.co.kr/product/55/70/cover500/8991239242_1.jpg, 안나 체라솔리 지음;구현숙 옮김, 북로드,2005
자연과학,(정재승의)과학 콘서트: 복잡한 세상 명쾌한 과학,"이 책은 때론 '매우 빠르고 경쾌하게', 때론 '느리게' 펼쳐내는 과학의 교향곡이다. 4년 전 를 통해 이미 과학과 인문학, 대중문화를 넘나드는 폭넓은 조예를 보여주었던 그가 이 책을 통해 다시 한번 글쟁이로서의 자질을 유감없이 발휘하고 있다.",https://image.aladin.co.kr/product/44/9/cover500/8988165349_1.gif, 정재승, 동아시아,2003
자연과학,식물은 우리에게 무엇인가,"존재감이 없다는 이유로 평가절하되곤 하는 '식물'에 대해 남는 궁금증이 있다면 이 책이 도와줄 수 있을 것이다. 저자가 제시하는 20여개의 테마로 식물의 세계를 탐험하고 나면 누구라도 그 화려함과 역동성, 상상도 못했던 중요성에 혀를 내두를밖에.",https://image.aladin.co.kr/product/34/90/cover500/8974748770_1.gif, 수잔네 파울젠 지음;김숙희 옮김, 풀빛,2002
자연과학,(과학으로 펼치는 마법의 세계)해리포터사이언스,"해리포터 시리즈에 등장하는 마법이 현대과학에서도 가능함을 입증한 책. 현대 과학은 해리포터가 감히 상상도 하지 못하는 일까지 이뤄내고 있다면서, 과학이 보여주는 기가 막힌 신비의 세계로 독자를 안내한다.",https://image.aladin.co.kr/product/39/23/cover500/8990457009_1.jpg, 정창훈 이정모 [공저], 휘슬러,2002
자연과학,(십대들의 위한 과학 이야기)어떻게 원자를 쪼갤까？,"이 책은 원자의 형태와 구성에 대해 알기 쉽게 설명하고, 그것을 쪼갬으로써 얻을 수 있는 에너지를 이용하는 원리에 대해서도 이야기한다.",https://image.aladin.co.kr/product/21/56/cover500/8983713054_1.gif, 헤이즐 리처드슨 지음;스콜라 앤더슨 그림;김희준 옮김, 사이언스북스,1999
자연과학,"(더 쉽게 더 재미있게)수학, 새로 시작하기",,https://image.aladin.co.kr/product/41/35/cover500/8972826146_1.gif, 코오리야마 아키라 지음;김부윤;엄장일 옮김, 경문사,2006
자연과학,화석. 7,,https://image.aladin.co.kr/product/57/65/cover500/890019903x_1.jpg, 키릴 워커 [외]지음, 두산동아,2006
자연과학,(빙글빙글)수학 놀이 공원,"경문사 수학 오디세이의 8권. 프랙탈 이론, 4차원의 공간, 4색 지도, 확률 등 현대 과학에서 화두에 오르는 수학 이론을 재미있게 풀었다. 동화 형식을 빌어 흥미를 유발한다. 직접 실험하고 연구하면서 원리를 습득하도록 꾸몄다.",https://image.aladin.co.kr/product/47/57/cover500/8972827002_1.jpg, 이바스 피터슨;낸시 헨더슨 지음;송명진 옮김, 경문사,2006
자연과학,엄청나게 복잡하고 끔찍하게 재밌는 문제들,"옥스퍼드대학 교수로서 수많은 입학시험 문제를 출제하고 면접관으로 참여했던 저자가 자신의 전공인 물리학, 수학 분야에서 가장 좋아하는 문제들 중 예비 대학생 수준에 맞는 것들을 모았다. 엉뚱해 보이지만 수학과 물리학의 기초를 다질 수 있는 문제들이다.",https://image.aladin.co.kr/product/7492/10/cover500/k712535796_1.jpg, 토머스 포비 지음;권혜승 옮김, 반니,2016
자연과학,(리처드 도킨스의)진화론 강의,"논쟁을 몰고 다니는 도킨스 식 진화론 서술의 정수를 만나볼 수 있는 책이다. 영국왕립연구소의 대중 과학 프로그램인 '크리스마스 강연' 내용을 토대로 쓰여졌다. 진화론의 지식만을 전달하는 것이 아니라, 생명체의 존재와 그 탄생의 역사에 놀라움을 던져주고 그 과정을 함께 생각해보게 한다.",https://image.aladin.co.kr/product/8426/11/cover500/k742434359_1.jpg, 리처드 도킨스 지음;김정은 옮김, 옥당,2016
자연과학,화학 원소 아파트,"아이세움 열린꿈터 13권. 화학 원소들 가운데 가장 널리 알려지고, 기본적으로 배워 두어야 하는 24개의 원소를 소개하고 있다. 이 원소들이 어떤 특징을 가지고 있고 우리 일상생활에서 어떻게 쓰이고 있는지 화학 원소들이 사는 마을로 함께 떠나 본다.",https://image.aladin.co.kr/product/2195/26/cover500/8937885646_1.jpg, 이영란 글 ;우지현 그림, 아이세움,2012
자연과학,과학을 보다,"157만 구독자의 유튜브 채널 〈보다 BODA〉의 인기 시리즈 〈과학을 보다〉가 드디어 책으로 출간됐다. 인기를 많이 끌었던 주제들을 선별하여 영상에서는 미처 담지 못한 흥미로운 내용을 추가하고, 더욱 쉽게 독자들이 그 근본 원리를 이해할 수 있도록 친절한 설명을 덧붙였다.",https://image.aladin.co.kr/product/32787/2/cover500/k622936493_1.jpg, 김범준 외 지음;김지원 그림, 알파미디어,2023
자연과학,극한 식물의 세계,"식물은 지구에서 나타난 이후로 끊임없이 진화했다. 이 책은 그 진화의 여정 가운데에서도 가장 신선한, 가장 충격적인, 가장 감동적인 장면들을 한 컷 한 컷 보여주고 들려주는 자연사 도슨트다. ‘크기, 속도, 힘, 환경, 시간’을 주제로 하여 총 31종의 극한 식물들이 소개된다.",https://image.aladin.co.kr/product/30035/39/cover500/s522839983_1.jpg, 김진옥;소지현 [공]지음, 다른,2022
자연과학,자연에 이름 붙이기,"오늘날 우리가 알고 있는 생물의 체계가 어떻게 정립되고 변화해왔는지를 이야기한다. 생물을 공통적인 형질에 따라 구분하고 이름을 붙여 그 질서를 파악하는 학문을 ‘분류학’이라고 하는데, 그 시작점과 발전의 역사를 꼼꼼히 풀어주는 책이다.",https://image.aladin.co.kr/product/32531/48/cover500/k862935024_1.jpg, 캐럴 계숙 윤 지음;정지인 옮김, 윌북,2023
자연과학,(숲의 인문학을 위한)나무문답,숲의 인문학이란 무엇인가? ‘숲의 인문학’이란 이름으로 이루어지는 숲 해설에 대한 비판이자 우리가 왜 숲을 공부해야 하는지 보여주는 책이다. 나무에 관련한 잘못된 정보나 미처 몰랐던 이야기를 100가지 질문을 통해 밝혀내고자 했다.,https://image.aladin.co.kr/product/32233/35/cover500/k252834533_1.jpg, 황경택 글과 사진, 황소걸음,2023
자연과학,최재천의 곤충사회,"생태학자이자 동물행동학자, 사회생물학자로서 통섭적 연구의 토대를 마련했을 뿐 아니라 폭넓은 사회적 화두에 치열하고도 따뜻한 목소리를 내어온 최재천 교수의 에세이가 출간되었다. 전 생명의 진화사를 인문학과 아우르는 최재천 교수는 이 시대를 살아가는 모든 이들에게 물음을 던진다. “과연 우리 인간이 이 지구에서 얼마나 더 오래 살 수 있을까요?”",https://image.aladin.co.kr/product/33377/32/cover500/k802938419_1.jpg, 최재천 지음, 열림원,2024
자연과학,역사가 묻고 화학이 답하다,세상 구석구석에서 화학의 흔적을 발견하는 화학자가 역사와 화학이 교차하는 순간에 대해 이야기하는 책이다. 광운대학교 화학과 교수로 연구 활동과 저술을 활발히 병행해오고 있는 저자는 인문학적 시선으로 독특한 ‘하이브리드 과학서’를 완성했다.,https://image.aladin.co.kr/product/29521/75/cover500/k752837342_1.jpg, 장홍제 지음, 지상의책,2022
자연과학,세포의 노래,"『암 : 만병의 황제의 역사』로 퓰리처 상을 수상하고, 『유전자의 내밀한 역사』를 출간하자마자 「뉴욕 타임스」 베스트셀러에 오른, 의사이자 저자인 싯다르타 무케르지가 이번에 주목한 것은 바로 생명의 가장 기본 단위이자 그 모든 것인 “세포”이다.",https://image.aladin.co.kr/product/33493/66/cover500/8972918180_1.jpg, 싯다르타 무케르지 지음;이한음 옮김, 까치,2024
자연과학,엘러건트 유니버스,"만약 당신이 초끈이론이 무엇인지 알고 싶어졌다면, 혹은 현대물리학의 가장 멀리 나아간 변경을 탐험하고 싶다면, 호킹의 의 난해함에 치를 떨면서도 지적 자극에서 읽어냈다면, 그 어떤 책보다도 를 권한다.",https://image.aladin.co.kr/product/33/96/cover500/8988907280_2.jpg, 브라이언 그린 지음;박병철 옮김, 승산,2022
자연과학,당신 지식의 한계 세계관,"미국 대학이 가장 많이 선택한 과학철학서이자, 개념 및 용어의 설명보다 상세한 사례가 돋보이는 교양과학서다. 복잡한 과학적 개념을 설명하는 데 그치지 않고, ‘인간이 세상을 바라보는 관점’을 통해 과학을 비춘다.",https://image.aladin.co.kr/product/24430/21/cover500/8984077968_1.jpg, 리처드 드위트 지음;김희주 옮김, 세종서적,2020
자연과학,아주 이상한 수학책,"우주는 수학적 원리로 가득하고, 삶의 모든 영역이 수학으로 이뤄져 있다 해도 과언이 아니다. 특히 게임, 퍼즐, 추리 등 각종 놀이 대부분은 수학적 원리와 사고를 바탕으로 한다. 그러니 수학자에게 게임만큼 흥미로운 대상은 없을 터다. 벤 올린은 논리, 전략, 공간, 추론에 대한 게임들을 엮으려고 노력했다.",https://image.aladin.co.kr/product/33397/88/cover500/k032938512_1.jpg, 벤 올린 지음;강세중 옮김, 북라이프,2024
자연과학,물리학자는 두뇌를 믿지 않는다,물리학자들이 분투하고 전념할 수 있게 해준 동력은 무엇이었으며 그 끝에 무엇을 알게 되었을까? 저자 브라이언 키팅은 노벨물리학상 수상자 9인과의 대화를 통해 그들의 삶에 대한 통찰을 걸러내어 어느 삶에나 결정적일 깨달음과 용기를 전하고자 했다.,https://image.aladin.co.kr/product/33812/58/cover500/k092930689_1.jpg, 브라이언 키팅 지음 ;마크 에드워즈 그림 ;;이한음 옮김, 다산초당,2024
자연과학,세상의 모든 과학,"우주의 시작부터 인류의 미래까지 시간 순으로 역사를 해설할 뿐 아니라, 천문학·물리학·생물학·인류학 등 분과 학문들까지 통합하여 소개하는 이 책은 말 그대로 ‘한 권으로 과학을 끝내는’ 가장 쉬운 방법이다.",https://image.aladin.co.kr/product/33558/98/cover500/k692939782_1.jpg, 이준호 지음, 추수밭,2024
자연과학,슬기롭게 써먹는 화학 치트키,오랫동안 과학 교육에 관심을 기울여 온 과학 교사이자 인기 유튜버인 저자는 과학에 대한 아이들의 흥미를 유발하고 개념을 더 깊이 탐구하고 이해하는 길로 제자들을 안내할 방법을 찾아왔다. 그러던 중 단순히 책으로만 배우는 화학이 아니라 재미있게 교과서 속 화학 개념을 쏙쏙 익힐 수 있게 생활밀착형 실험을 고안해 냈다.,https://image.aladin.co.kr/product/33858/87/cover500/k342930306_2.jpg, 천페이딩 지음 ;양장쥔 그림 ;;유연지 옮김, 미디어숲,2024
자연과학,(SBS 창사특집) 고래와 나,바닷속에 사는 경이로운 고래를 있는 그대로 담겠다는 마음으로 시작한 발자취인 <SBS 창사특집 고래와 나> 4부작을 성,https://image.aladin.co.kr/product/33858/92/cover500/k412930306_1.jpg, SBS 창사특집 제작진 [외] 지음, 아트레이크,2024
자연과학,고래는 물에서 숨 쉬지 않는다,생태학 및 고생물학에서 성선택 및 유전학을 넘나들며 자연에서 일어난 기이한 진화적 결점을 유쾌하고도 흥미로운 전개로 펼쳐내는 책이다. 생물의 완벽한 진화를 가로막는 갈등과 그로 인해 벌어진 놀라운 사건들은 차례차례 우리를 거대한 지적 충격 속에 빠트린다.,https://image.aladin.co.kr/product/33948/71/cover500/k162930236_1.jpg, 앤디 돕슨 지음 ;정미진 옮김, 포레스트북스,2024
자연과학,이기적 유전자,"과학을 넘어선 우리 시대의 고전, 『이기적 유전자』 40주년 기념판. 진화론의 새로운 패러다임을 제시한 이 책은 다윈의 ‘적자생존과 자연선택’이라는 개념을 유전자 단위로 끌어내려 진화를 설명한다.",https://image.aladin.co.kr/product/17048/25/cover500/8932473900_1.jpg," 리처드 도킨스 지음;홍영남,이상임 옮김", 을유문화사,2020
자연과학,우리에게 남은 시간,"인간의 활동으로 인해 전 지구적인 변화가 일어나고 있음을 뜻하는 새로운 시대, ‘인류세’를 살고 있는 다양한 분야 전문가들의 인터뷰를 담았다. 이들과 대화하며 혼자가 아니라는 사실을 깨닫고, 우리가 어떻게 해야 지구의 위기를 외면하지 않을 수 있을지를 머리를 맞대 고민한다.",https://shopping-phinf.pstatic.net/main_4421355/44213559618.20231124092447.jpg, 최평순 지음, 해나무(북하우스 퍼블리셔스),2023
자연과학,DNA의 거의 모든 과학,"지속가능한 세상을 위한 청소년 시리즈의 여섯 번째 책으로, 분자생물학의 새로운 시대를 연 DNA의 발견 과정부터 DNA와 관련된 과학 지식 전반을 쉽고 체계적으로 설명한다. 나아가 위력적인 동시에 사용하는 데 상당한 책임감을 요구하는 DNA 기술에 대해서도 살핀다.",https://shopping-phinf.pstatic.net/main_4287913/42879137634.20231004072407.jpg, 전방욱 지음, 이상북스,2023
자연과학,가위는 왜 가위처럼 생겼을까,,https://shopping-phinf.pstatic.net/main_4941122/49411223620.20240728074924.jpg, 다나카 미유키;유키 치요코 [공]지음;오쓰카 아야카 그림;이효진 옮김, 오아시스,2024
자연과학,지구를 살리는 생태 감수성 수업,"생태맹(生態盲)을 극복하고, 자연과 공존하길 원한다면 어떻게 해야 할까? 환경생태학을 전공하고 '자연과 사람이 조화로운 세상 만들기'를 위해 오랫동안 활동해온 저자는 우리에게 이미 생명을 사랑하는 유전자가 있다고 말한다. 이 책은 오랜 세월 이래로 우리가 간직해온 생태 감수성을 깨우는 내용들로 가득하다.",https://shopping-phinf.pstatic.net/main_4980033/49800335639.20240816071157.jpg, 민성환 지음, 한언,2024
자연과학,수학하길 참 잘했다,"수포자였던 저자는 어떻게 수학 선생님이 되었을까. 우리의 인생은 한순간의 선택과 기회로 많은 것들이 달라지고, 그 시간 속에서 예상하지 못했던 특별한 인연을 맺기도 한다. 우연한 계기로 인해 자신의 인생이 크게 달라지고 그 과정에서의 힘듦을 버티고 무언가를 스스로 이뤄낸 성취감들은 결국 수학 교사가 될 수 있었다. 이러한 과정을 거쳐 우리나라 수학 교육에 대해 직접 경험하고 고민하면서 나누고 싶은 것들을 모아 하나의 이야기로 이 책에 담았다.",https://shopping-phinf.pstatic.net/main_4987771/49877715619.20240822070949.jpg, 김성우 지음, 슬로디미디어,2024
자연과학,화이트홀,"세계적인 물리학자이자 ‘제2의 스티븐 호킹’이라 평가받는 카를로 로벨리 최신작. 카를로 로벨리는 최신 연구를 바탕으로 ‘화이트홀’이라는 미지의 세계, 지속적인 불확실성에 대한 실체를 추적한다.",https://shopping-phinf.pstatic.net/main_4986115/49861154646.20240820091416.jpg, 카를로 로벨리 지음;김정훈 옮김, 쌤앤파커스,2024
자연과학,수학은 알고 있다,수학적 질서가 지배하는 세상에서 더 많은 사람이 수학의 힘을 깨닫고 활용했으면 하는 바람을 담아 수학·과학 콘텐츠 크리에이터 위니버스가 집필했다. 다양한 이미지를 제시하며 현대 사회에서 쓸모 있는 수학만 골라 차근차근 설명해간다.,https://shopping-phinf.pstatic.net/main_4925092/49250920619.20240720092106.jpg, 김종성;이택호 [공]지음, 더퀘스트(길벗),2024
자연과학,미래는 생성되지 않는다,"근대과학의 도그마를 깨뜨린 현대과학의 탄생부터 변화를 받아들이고 편견을 넘어섰던 위대한 예술가들의 창작 노트까지 넘나들며 창의성의 본질을 파헤친다. 그 과정에서 베토벤 교향곡을 디지털 음원으로 기록하는 방법, 르네상스기의 원근법에서 〈어벤져스〉 시리즈의 컴퓨터그래픽으로 이어지는 재현 기술의 역사 등 다양한 과학·문화·예술 지식도 흥미진진하게 전달한다.",https://shopping-phinf.pstatic.net/main_4827911/48279117625.20240609071049.jpg, 박주용 지음, 동아시아,2024
자연과학,양자역학 이야기,매우 기이하면서도 매혹적인 양자역학과 입자물리학을 특유의 입담과 유쾌한 농담을 통해 누구나 이해할 수 있도록 안내한다. 익숙하면서도 어딘가 낯선 과학자들의 흥미로운 이야기부터 결코 불가능해 보이는 이론을 검증하기 위해 고안된 다양한 실험의 역사까지 빠짐없이 소개했다.,https://shopping-phinf.pstatic.net/main_3601949/36019493624.20230919125559.jpg, 팀 제임스 지음;김주희 옮김, 한빛비즈,2022
자연과학,(세상에서 가장 쉬운)양자역학 수업,마윈의 과학 스승이자 중국 최고의 천체물리학자 리먀오 교수가 청소년에게 이야기로 들려주는 양자역학 입문서다. 출간 당시 어려운 양자역학을 가장 쉽게 설명해냈다는 평가를 받으며 중국 아마존 과학 분야 베스트셀러 1위에 올랐다.,https://shopping-phinf.pstatic.net/main_3246349/32463498643.20221229071816.jpg, 리먀오 지음;고보혜 옮김, 더숲,2018
자연과학,틀리지 않는 법,"신동 출신의 수학자로 유명한 위스콘신 주립대 수학과 교수 조던 엘렌버그의 첫 수학 대중서. 저자는 우리가 살아가는 데 왜 수학이 필요한지, 실제로 어디에 어떻게 써먹을 수 있을지를 치밀하게, 명료하게 그리고 유쾌하게 보여준다.",https://shopping-phinf.pstatic.net/main_3248653/32486531559.20230411161952.jpg, 조던 엘렌버그 지음;김명남 옮김, 열린책들,2016
자연과학,(십 대를 위한)신화 속 과학인문학 여행,"청소년들에게 가장 강력한 스토리텔링인 ‘신화’의 매력을 보여 주고, 그 속에 담긴 흥미진진한 과학을 탐험해 보는 책이다.",https://shopping-phinf.pstatic.net/main_4886777/48867777618.20240704072056.jpg, 최원석 지음, 팜파스,2024
자연과학,그런 건 과학이 아닙니다,유사과학이란 얼핏 과학적인 것 같지만 실체를 들여다보면 결코 과학적이지 않은 주장·설명·정보를 가리킨다. 이 책은 우리 주변에 넘쳐나는 다양한 유사과학을 유쾌한 일러스트와 함께 해설한 교양서이다.,https://shopping-phinf.pstatic.net/main_5083533/50835335621.20241015080957.jpg, 야마모토 기타로;이시카와 마사토 [공]지음;정한뉘 옮김, 시그마북스,2024
자연과학,아는 만큼 보이는 세상,"우주라는 말의 어원부터 시작하여 고대의 우주관, 현대의 과학으로 증명할 수 있는 우주의 여러 현상, 그리고 검증되지는 않았지만 이론적으로는 가능한 우주에 대한 최신 이론까지, 이 책 한 권에 ‘우주의 정체’를 최대한 담기 위해 노력했다.",https://shopping-phinf.pstatic.net/main_5073788/50737883621.20241010071020.jpg, 마쓰바라 다카히코 지음;송경원 옮김, 유노책주(유노콘텐츠그룹),2023
자연과학,시간의 물리학,"허버트 조지 웰스, 아서 C. 클라크, 아이작 아시모프 등 자신이 사랑해온 SF 작가들의 소설 속 시간여행의 가능성을 차근차근 살펴본다. 그는 시간여행이라는 아이디어에 담긴 과학적 실체를 낱낱이 탐색하고 이를 알베르트 아인슈타인, 칼 세이건, 미치오 카쿠 등이 탐구해온 상대성이론, 블랙홀, 멀티버스 등에 대한 연구와 비교한다.",https://shopping-phinf.pstatic.net/main_4675030/46750306676.20240331070945.jpg, 존 그리빈 지음;김상훈 옮김, 휴머니스트,2024
자연과학,나무의 자리,"추운 날씨에도 아름다운 꽃을 피우는 동백나무, 가을을 노랗게 물들이는 은행나무…… 『나무의 자리』는 지노에서 새롭게 선보이는 ‘가까이 자연도감’ 시리즈의 런칭작으로, 자신의 자리에서 묵묵히 자라나는 나무 37종을 소개한 책이다.",https://shopping-phinf.pstatic.net/main_3877500/38775004620.20230920071328.jpg, 에마뉘엘 케시르-르프티 글;레아 모프티 그림;권지현 옮김, 지노,2023
자연과학,꽃의 계절,"새롭게 선보이는 ‘가까이 자연도감’ 시리즈의 런칭작으로, 우리에게 친숙한 꽃 37종을 소개한 책이다. 계절마다 피어나는 아름다운 꽃들을 시적인 글과 유용한 정보, 그리고 마티스를 연상시키는 독특한 삽화로 더함도 덜함도 없이 엮었다.",https://shopping-phinf.pstatic.net/main_3877361/38773619619.20230502164439.jpg, 에마뉘엘 케시르-르프티 글;레아 모프티 그림;권지현 옮김, 지노,2023
자연과학,역사가 묻고 미생물이 답하다,"역사를 좋아하는 독자라면 익숙한 사건을 새로운 관점으로 해석하는 신선함을 맛볼 수 있을 테고, 과학을 좋아하는 독자라면 미생물의 구조나 생활사, 나아가 진화와 면역과 의료 등 생명 현상에 관한 최신 정보를 얻을 수 있을 것이다.",https://shopping-phinf.pstatic.net/main_5006985/50069856618.20240831091033.jpg, 고관수 지음, 지상의책(갈매나무),2024
자연과학,1분 과학. 2,"2020년 출간 직후 베스트셀러에 오르며, 시리즈 요청이 쇄도한 교양 과학 채널 ‘1분 과학’의 두 번째 책이 위즈덤하우스에서 출간되었다. 전작인 《1분 과학》에서는 생활 속 주제에서 우주에 이르기까지 폭넓은 주제를 총망라해 누구나 쉽게 즐길 수 있는 과학 상식을 선보였다면, 2권은 과학에서 출발해 철학으로 나아가는 짜릿한 1분 드라마 14편을 담고 있다.",https://shopping-phinf.pstatic.net/main_5006081/50060815619.20240831091046.jpg, 이재범 지음;최준석 그림, 위즈덤하우스,2024
자연과학,세 개의 쿼크,"원자는 ‘더 이상 쪼갤 수 없는’ 입자가 아니다. 양성자도 아니고, 중성자도 아니다. 진정한 아토모스는 바로 쿼크다. 우주는 바로 이 ‘쿼크’라는 문자로 쓰였고, 그 문법이 바로 양자색역학이다.",https://shopping-phinf.pstatic.net/main_5068306/50683065630.20241008091302.jpg, 김현철 지음, 계단,2024
자연과학,읽자마자 원리와 공식이 보이는 수학 기호 사전,"초등학교에서 배우는 사칙연산부터 대학교 수준의 수학 기호까지, 수학에서 쓰이는 모든 기호를 이해하고 수학의 본질에 더 가까이 다가가보자. 지금까지와는 다른 방법으로 수학을 접하며 수학에 대한 흥미도 커질 것이다.",https://shopping-phinf.pstatic.net/main_4207272/42072729782.20230829090714.jpg, 구로기 데쓰노리 지음;김소영 옮김, 보누스,2023
자연과학,평생 써먹는 수학 용어집,"데이터사이언스와 AI 분야가 발전하면서 수학을 배우고 싶어 하는 사람들은 늘어나고 있지만, 그 방대한 범위를 처음부터 다시 공부하기란 사실상 어렵다. 이 책은 그러한 이들이 짧은 시간을 투자해 궁금한 것들을 알아갈 수 있도록, 중요한 수학 용어를 대략적으로 설명하고 이해를 돕기 위해 다양한 그림을 실었다.",https://shopping-phinf.pstatic.net/main_4998925/49989251618.20240829071755.jpg, 사사키 준 지음;이정현 옮김, 시그마북스,2024
자연과학,과학잡학사전 통조림 : 인체편,"365일, 하루 한 페이지씩 시간 가는 줄 모르고 재미있게 읽다 보면 당신도 ‘인체 박사’, ‘아마추어 과학자’가 된다! 이 책에 나오는 1일 1페이지 365가지 항목을 이해하고 연결하며 사고하면 놀랍게도 새로운 ‘과학 지식’이 탄생한다.",https://shopping-phinf.pstatic.net/main_4187307/41873070618.20230815071415.jpg, 키즈나출판 편집부 지음;서수지 옮김, 사람과나무사이,2023
자연과학,과학잡학사전 통조림 : 인체편,"효과적으로 과학 지식을 익히려면 ‘통・조・림’으로 익히라고 권해주고 싶다. ‘통째로―조목조목 과학 지식 습득법’을 말한다. 즉, 세부 내용에 집착하기보다는 ‘통째로’, 큰 틀을 먼저 파악하고 중심 내용을 이해하는 방향으로 습득하는 방식이다.",https://shopping-phinf.pstatic.net/main_3910281/39102817618.20230920072444.jpg, 키즈나출판 편집부 지음;서수지 옮김, 사람과나무사이,2023
자연과학,수학이 생명의 언어라면,"수리생물학의 최전선에서 수리 모델을 이용해 생명 현상을 탐구하는 KAIST 수리과학과 교수이자 수학자인 저자는 이 책에서 생체 리듬, 신약 개발, 수면 패턴, 팬데믹 등에 관한 다양한 문제에 수학이 실제로 어떻게 활용되고 있는지를 친절하게 설명한다.",https://shopping-phinf.pstatic.net/main_4991206/49912060618.20240824075124.jpg, 김재경 지음, 동아시아,2024
자연과학,정승제 선생님이야!,"이투스, EBS 등을 통해 대한민국 수학 1타 강사로 알려져 있는 정승제 선생님. 그는 선행학습과 암기에 치중한 수학 공부법이 아닌, 완벽한 개념 이해로 혼자서 고난도 문제를 거뜬히 소화할 수 있는 공부비법을 망라한다.",https://shopping-phinf.pstatic.net/main_3244093/32440934369.20230822102854.jpg, 정승제 지음, 이지퍼블리싱,2019
자연과학,용감한 과학자들의 지구 언박싱,"그간 지구인들이 알아낸 지구에 관한 지식을 한데 모아 소개하는 책이다. 지구의 위치, 나이, 내부라는 흐름으로 학문의 경계를 넘나들며 시간에 따라 발전해 온 지구 연구를 새롭게 재구성했다.",https://shopping-phinf.pstatic.net/main_4596029/45960295637.20240224070858.jpg, 이지유 지음, 휴머니스트,2024
자연과학,(기술이 인간을 초월하는 순간)특이점이 온다,"출간 즉시 세계적인 반향을 불러일으킨 미래학의 고전, 레이 커즈와일의 《특이점이 온다》가 원서 출간 20주년을 맞아 새로운 표지와 특별 해제를 더해 돌아왔다. 이번 기념판에는 과학기술과 인간의 미래를 고민해온 정재승 KAIST 교수의 해제를 수록해 지난 20년간의 변화와 앞으로의 전망을 깊이 있게 살핀다.",https://shopping-phinf.pstatic.net/main_5359973/53599736881.20250320071607.jpg," 레이 커즈와일 지음;김명남,장시형 옮김", 김영사,2025
자연과학,세상을 읽는 과학적 시선,우리는 어떻게 과학과 친해질 수 있을까? 저자 모토무라 유키코는 ‘문과 출신 과학 기자’라는 독특한 이력으로 과학이 삶에 어떤 의미가 있는지를 과학적 시선과 인문학적 성찰을 버무려 따뜻하고 유쾌하게 이야기한다.,https://shopping-phinf.pstatic.net/main_5326665/53266658634.20250301092243.jpg, 모토무라 유키코 지음;김소영 옮김, 미디어숲,2025
자연과학,날마다 우주 한 조각,"무한한 우주를 매일 한 조각씩 들여다보는 특별한 한 해를 보내고 싶다면 바로 이 책이다. 태양계부터 별과 성운, 소천체와 은하까지 365장의 경이로운 우주 사진에, 과학 커뮤니케이터 ‘우주먼지’ 지웅배 박사가 들려주는 흥미진진한 우주 이야기가 한 편씩 실려 있다.",https://shopping-phinf.pstatic.net/main_4634082/46340826621.20240314070952.jpg, 지웅배(우주먼지) 지음, 김영사,2024
자연과학,(한 번 읽으면 절대 잊을 수 없는)수학 교과서,"수학을 잘 하는 방법을 소개하고 있다. 30여 년 동안 수학을 가르쳐온 저자는 수학을 공부할 때는 공식이 만들어지기까지의 과정, 즉 ‘스토리’를 이해하는 것이 중요하다고 말한다. 스토리를 한 번 이해해 버리면 공식을 통째로 암기하지 않아도 직접 식을 세워서 답을 도출해 낼 수 있다.",https://shopping-phinf.pstatic.net/main_5247726/52477261101.20250116071204.jpg, 나가노 히로유키 지음;김소영 옮김, 시그마북스,2025
자연과학,눈부신 수학,저자인 세 명의 수학자는 각기 다른 수학 전문 분야와 개성을 살려 생활 속에서 쉽게 만날 수 있는 흥미로운 주제들을 선보인다. 굳이 복잡한 수식을 사용하지 않고도 누구나 이해할 수 있도록 생활 속 수학들을 일러스트로 쉽고 친근하게 풀어낸다.,https://shopping-phinf.pstatic.net/main_5264872/52648721664.20250128071117.jpg," 다케무라 도모코,오야마구치 나쓰미,사카이 유키코 지음;김소영 옮김", 미디어숲,2025
자연과학,모든 것은 예측 가능하다,"일상의 친숙한 예시와 함께 베이즈 정리의 개념과 논쟁점, 철학적 의미 등을 경쾌하게 풀어내어, 독자들이 세상을 보다 합리적으로 바라볼 수 있도록 안내한다.",https://shopping-phinf.pstatic.net/main_5225496/52254966624.20250105072448.jpg, 톰 치버스 지음;홍한결 옮김, 김영사,2025
자연과학,(게으른 자를 위한)수상한 화학책,"주기율표를 외우는 것이 화학의 전부라고 오해하는 과알못(과학을 잘 알지 못하는)을 위해, 일상에서 화학의 즐거움을 발견하는 경험을 선물하기 위해 이광렬 교수가 나섰다. 누구나 해야 하지만 시간 도둑의 주범인, 게다가 화학과 밀접한 연관이 있는 일상의 집안일에 주목했다.",https://shopping-phinf.pstatic.net/main_4655614/46556140625.20240323071009.jpg, 이광렬 지음, 블랙피쉬(백도씨),2024
자연과학,존재의 역사,"누구나 자신의 존재에 의문을 표한 적이 있을 것이다. 스스로 살아 있으며, 의식이 있다는 사실을 가능케 한 일이 무엇이었냐는 생각에 답을 내놓기 위해 과학자들은 수많은 연구를 진행해 왔다. 이에 《존재의 역사》에서는 그간 과학계에서 발견한 사실을 모두 설명한다.",https://shopping-phinf.pstatic.net/main_5165863/51658632625.20241129092253.jpg, 팀 콜슨 지음;이진구 옮김, 오픈도어북스(하움출판사),2024
자연과학,엉뚱한 과학책,"42만 명의 과학 덕후를 양성한 ‘은근한 잡다한 지식’의 첫 책이 드디어 출간되었다. ‘은근한 잡다한 지식’은 일상 속 숨겨진 과학 원리를 쉽고 재밌게 스토리텔링 하는 것으로 정평이 나 있다. 또한 학교 수업 시간에, 교사가 학생들에게 은잡지 영상을 보여줄 정도로 과학적인 사실관계에 오류 없이 정확하게 전달하는 것으로 유명하다.",https://shopping-phinf.pstatic.net/main_5113579/51135794618.20241101072400.jpg, 김진우(은잡지) 지음, 빅피시,2024
자연과학,수학 공부의 정석,"초등 전부터 고등까지의 수학 교육 로드맵을 소개하며, 수학 1등급으로 직행하는 공부 태도를 가르쳐 준다. 저자는 15년간 수학 학원을 운영하며 쌓은 경험을 바탕으로 학부모들이 가장 궁금할 질문들을 추려냈다.",https://shopping-phinf.pstatic.net/main_4055277/40552774622.20230808085827.jpg, 정근창 지음, 포르체,2023
자연과학,암기 없이 그림으로 이해되는 수학 개념 사전,철저히 개념에 집중한 책이다. 딱딱한 정의 대신 쉽고 친절한 설명으로 개념을 차근차근 짚어 준다. 기존의 수학 사전류에서 보기 힘든 다채로운 그림들은 이 책의 가장 큰 차별점이다.,https://shopping-phinf.pstatic.net/main_5312275/53122759525.20250222071106.jpg, 사와 고지 지음;히로사키 료타로 그림;송경원 옮김, 동양북스,2025
자연과학,(읽자마자 개념과 원리가 보이는)수학 공식 사전,우리가 수학 공식을 공부하는 이유는 수학을 더욱 쉽고 재미있게 배우기 위해서다. 공식 몇 가지만 제대로 이해하고 있으면 시험 문제는 물론 일상에서도 수학을 훨씬 잘 써먹을 수 있다. 하지만 학교에서 접했던 수식들은 풀이와 기술에 초점을 맞춘 탓에 오히려 수학을 두렵게 하는 주범이 되고 말았다.,https://shopping-phinf.pstatic.net/main_5366690/53666908267.20250321092819.jpg, 요코야마 아스키 지음;강태욱 옮김, 보누스,2025
자연과학,날마다 우주 한 조각,"무한한 우주를 매일 한 조각씩 들여다보는 특별한 한 해를 보내고 싶다면 바로 이 책이다. 태양계부터 별과 성운, 소천체와 은하까지 365장의 경이로운 우주 사진에, 과학 커뮤니케이터 ‘우주먼지’ 지웅배 박사가 들려주는 흥미진진한 우주 이야기가 한 편씩 실려 있다.",https://shopping-phinf.pstatic.net/main_4634082/46340826621.20240314070952.jpg, 지웅배(우주먼지) 지음, 김영사,2024
자연과학,유전상담의 역사,우리나라에서는 비교적 생소한 유전상담(genetic counseling) 분야의 역사를 소개하는 책이다. 이 분야가 발달한 미국의 사례를 최초의 개척자들과 실무자들을 대상으로 심층 인터뷰를 진행하고 아카이브 연구를 병행해서 연구한 결과를 담았다.,https://dls2.edunet.net/DLS/api/homepage/holding/getCoverImage.do?prov_code=E10&neis_code=E100000276&bib_key=34206517302, 알렉산드라 미나 스턴 지음;현재환 외 옮김, 이음,2025
자연과학,100가지 식물로 읽는 세계사,『100가지 동물로 읽는 세계사』로 흥미로운 동물 세계사 이야기를 들려주었던 사이먼 반즈가 이번에는 식물 이야기를 가지고 돌아왔다. 『100가지 식물로 읽는 세계사』는 인류 역사에서 온갖 다채로운 방식으로 활약해온 식물을 주인공으로 삼아 세계사를 되돌아본다.,https://dls2.edunet.net/DLS/api/homepage/holding/getCoverImage.do?prov_code=E10&neis_code=E100000276&bib_key=34206545987, 사이먼 반즈 지음;이선주 옮김, 현대지성,2025
자연과학,(Big Questions)118 원소,"물질의 기본 단위인 원소를 공부하는 것은 자연계의 기본 구조를 이해하는 데 필수적이다. 또한 원소에 대한 이해는 생명 현상과 에너지 변환 과정 등 생명과학, 물리학, 환경과학을 비롯한 다양한 분야에 대한 기초 지식 다지기에 꼭 필요하다. 이제 118원소란 무엇이며 인간의 삶과는 어떤 관계가 있는지 그리고 우리가 왜 118가지 원소를 알아야 하는지 <빅퀘스천 118 원소>로 구체적으로 쉽게 이해해보자.",https://dls2.edunet.net/DLS/api/homepage/holding/getCoverImage.do?prov_code=E10&neis_code=E100000276&bib_key=34206615907, 잭 챌리너 지음;곽영직 옮김, 지브레인,2025
자연과학,과학을 보다. 3,"230만 구독자를 보유한 유튜브 채널 〈보다BODA〉의 인기 시리즈 〈과학을 보다〉가 세 번째 책으로 돌아왔다. 유튜브 영상으로 과학의 매력을 전하던 이들이 첫 번째 책을 통해 일반 독자들에게 과학의 문턱을 낮추고, 두 번째 책으로 깊이 있는 생물학적 통찰을 선보였다면, 이번 『과학을 보다 3』에서는 한층 더 폭넓은 주제와 다채로운 이야기를 담아냈다.",https://shopping-phinf.pstatic.net/main_5264830/52648306235.20250127073401.jpg, 김범준 외 지음, 알파미디어,2025
자연과학,비커 군과 과학실 용어 사전,"청소년부터 부모, 교사에 이르기까지 꾸준한 사랑을 받아온 ‘비커 군 시리즈’의 저자 우에타니 부부가 새로운 책으로 돌아왔다. 이번 책에서는 과학 공부의 최적지라 할 수 있는 ‘과학실’에 주목해 과학실에서 찾아볼 수 있는 400여 가지의 과학 용어들을 흥미롭게 탐구한다.",https://shopping-phinf.pstatic.net/main_5606147/56061478854.20250805075629.jpg, 우에타니 부부;야마무라 신이치로 [공]지음;오승민 옮김, 더숲,2025
자연과학,과학의 최전선,"세계에서 가장 많은 노벨상 수상자를 배출한 막스플랑크협회의 회장 패트릭 크래머가 취임 전 1년 동안 84개 연구소를 직접 방문하며 기록한 특별한 과학 여행기의 형태를 띤다. 우주의 블랙홀 관측, 세포의 비밀, 양자컴퓨터, 핵융합 에너지 등 현재 진행 중인 첨단 연구 현장을 생생하게 담아내고 있다.",https://shopping-phinf.pstatic.net/main_5550123/55501237261.20250628073649.jpg, 패트릭 크래머 지음;강영옥 옮김, 21세기북스,2025
자연과학,수학을 읽는 힘,"수학을 여전히 복잡한 공식의 암기와 수식의 풀이로만 오해하는 사람들을 구해줄 발칙한 스토리텔러가 돌아왔다. 이번에는 지식의 흐름을 관통하는 수학의 역사다. 이 책은 고대 첫 수학자 탈레스로 출발해 중세의 뉴턴과 오일러를 거치며 근대의 가우스, 현대의 러셀과 튜링에 이르기까지 오늘날 우리가 알고 있는 수학을 완성시킨 수많은 수학자의 삶과 발견을 되짚는다.",https://shopping-phinf.pstatic.net/main_5320943/53209438470.20250226071556.jpg, 최정담(디멘) 지음, 웅진지식하우스(웅진씽크빅),2025
자연과학,멸치생각,생명력을 잃은 채 바싹 말라비틀어진 멸치. 아내와 함께 멸치를 다듬다가 그는 문득 자신의 모습을 본다. 자유로운 예술가의 길을 걷다가 직장인으로 살아가고 있는 사람. 그가 지향했던 자유와 싱싱한 자존감은 어디로 빠져나간 것일까?,https://shopping-phinf.pstatic.net/main_5148663/51486630626.20241121071119.jpg, 김지훈 지음, 느림보,2024
자연과학,공감의 시대,"2024년 3월, 세계적인 베스트셀러 《침팬지 폴리틱스》의 저자이자 탁월한 이야기꾼으로 널리 사랑받았던 영장류학자 프란스 드 발이 우리 곁을 떠난 가운데, 그의 또 다른 대표작 《공감의 시대》가 새로운 표지로 독자를 만난다.",https://shopping-phinf.pstatic.net/main_5148894/51488943629.20241121071126.jpg, 프란스 드 발 지음;최재천;안재하 [공]옮김, 김영사,2024
자연과학,우리는 무엇을 타고나는가,"복잡한 우리 내면 세계의 지형을 두 부분으로 나누어 설명한다. 전반부에서는 인간의 본성과 유전 연구의 기본 방법론, 뇌의 구조 및 기능 발달에 관한 신경과학적 기초와 환경 및 경험, 그리고 뇌 가소성을 다룬다.",https://shopping-phinf.pstatic.net/main_5666223/56662238895.20250926083046.jpg, 케빈 J. 미첼 지음;이현숙 옮김, 오픈도어북스,2025
자연과학,착 붙는 일본어 독해,"일본어 초급 과정을 마친 후, 다음 단계로 레벨 업((level up)할 수 있는 독해 교재다. 일본어능력시험(JLPT) N4 ~ N3 수준의 술술 읽히는 독해 지문으로 구성되어 있다. 짧고 쉬운 지문을 통해 독해에 대한 자신감을 키울 수 있고, 실생활에서 자주 쓰는 표현과 문장을 자연스럽게 익힐 수 있다.",https://shopping-phinf.pstatic.net/main_5689139/56891398618.20250925075001.jpg, 최민경 지음, 시사일본어사,2025
자연과학,과학산문,"물리학자 김상욱과 천문학자 심채경이 『과학산문』을 출간했다. 이 책은 ‘과학’산문일까, 과학’산문’일까? 과학과 산문 사이 그 어디쯤에서, 우리 곁의 과학자들은 때로 다정하고 주로 단단한 글을 주고받으며 심상한 일상과 심상찮은 통찰을 나눈다.",https://shopping-phinf.pstatic.net/main_5638948/56389485327.20250828092210.jpg, 김상욱;심채경 [공]지음, 복복서가,2025
자연과학,(기본)수학의 정석. 1,,https://shopping-phinf.pstatic.net/main_4561139/45611394624.20240203091026.jpg, 홍성대 지음, 성지,2024
자연과학,세상의 모든 법칙,"세상에 변하지 않는 것은 없다. 시간의 흐름에 따라 우주에 있는 행성의 위치가 변하고, 지각 변동으로 인해 땅도 움직이며, 어떤 생물에게도 영원한 젊음은 주어지지 않는다. 이때 법칙과 공식, 정리는 세상의 모든 현상과 변화의 흐름을 가장 잘 설명해주는 언어라 할 수 있다.",https://shopping-phinf.pstatic.net/main_3268297/32682978635.20230110170031.jpg, 시라토리 케이 지음;김정환 옮김, 포레스트북스,2022
자연과학,수학은 어떻게 문명을 만들었는가,복잡한 과학적 개념을 대중에게 쉽게 풀어 설명하기로 유명한 과학 전문 작가 마이클 브룩스는 문명의 역사를 아우르는 매력적인 여정을 통해 우리가 세상을 이해하는데 수학이 우리에게 필요한 이유를 역사를 통해 설명한다.,https://shopping-phinf.pstatic.net/main_3477483/34774836619.20240518075733.jpg, 마이클 브룩스 지음;고유경 옮김, 브론스테인,2022
자연과학,나쁜 유전자를 자르는 유전자 가위가 있다고?,한양대학교 생명과학과 신인철 교수가 생명 과학을 지루해하는 청소년들을 위해 재미있게 쓰고 직접 그림까지 그린 생명 과학 책이다. 생명 과학은 달달 외워야만 하는 암기 과목이라 지루하고 재미없다는 고정 관념을 시원하게 날려 버린다.,https://shopping-phinf.pstatic.net/main_5621418/56214188134.20260331094321.jpg, 신인철 글·그림, 나무를 심는 사람들,2025
자연과학,"살리는 균, 죽이는 균, 서로 돕는 균","지구 역사에서 미생물은 인간이 나타나기 훨씬 전부터 존재하고 있었다. 그래서일까, 미생물이 없으면 식물과 동물, 인간은 도저히 살아갈 수 없다. 미생물은 식물의 생장뿐 아니라 심지어 인간의 기분에도 영향을 미친다. 얼마 전부터 인간의 감정에 영향을 미치는 호르몬을 생산하는 데 장내 미생물이 영향을 미친다는 사실이 하나둘 밝혀지고 있다.",https://shopping-phinf.pstatic.net/main_5408580/54085809892.20260331122042.jpg, 류충민 지음, 플루토,2025
자연과학,미래를 바꾸는 노벨상 2024,"노벨상의 유래와 의의, 노벨상을 받은 연구 내용과 한국 최초의 노벨 문학상 수상자 한강을 비롯한 수상자들의 업적 및 생애 등을 자세하게 다루고 있으며, 기발한 발상을 한 과학자에게 수여되는 ’괴짜들의 노벨상‘ 이그노벨상에 대해서도 설명하고 있다.",https://shopping-phinf.pstatic.net/main_5225276/52252769618.20260331114135.jpg," 이충환,이종림,오혜진 [공]지음", 동아엠앤비,2024
자연과학,부분과 전체,"우리 시대 대표적인 과학의 고전 <부분과 전체>의 증보개정판이다. 이번 판에는 기존 판의 크고 작은 몇 개의 오류를 바로잡았고, 특히 스웨덴 노벨 재단The Nobel Foundation의 호의적인 허락으로 1932년 노벨 물리학상을 수상한 하이젠베르크의 노벨 강연을 실었다.",https://shopping-phinf.pstatic.net/main_4042529/40425297624.20260331120139.jpg, 베르너 하이젠베르크 지음;유영미 옮김, 서커스(서커스출판상회),2023
자연과학,100가지 물건으로 보는 우주의 역사,NASA 과학자인 스텐 오덴발드가 선정한 ‘우주를 이해하기 위한 인류의 위대한 도구 100가지’를 담은 책이다. 저자는 단지 물건들을 설명하는 데서 그치지 않고 그 물건을 중심으로 성장한 지식 체계와 인류의 역사를 함께 엮는다.,https://shopping-phinf.pstatic.net/main_5198112/51981121663.20260331123026.jpg, 스텐 오덴발드 지음;홍주연 옮김, 스테이블,2025
자연과학,계영희 교수의 명화와 함께 떠나는 수학사 여행,"수학자인 저자가 기하학과 미술의 관련성을 발견하고, 고대 오리엔트 시대부터 현대에 이르기까지 수학과 미술의 역사를 다룬다. 구석기와 신석기의 미술을 시점으로 시작해 피타고라스와 플라톤이 살던 그리스 시대, 기독교와 로마의 중세 문화, 르네상스 시대의 미술, 17세기의 위대한 수학자와 과학자, 현대의 추상화 등 일반 세계사를 중심에 놓은 후, 수학과 미술의 역사를 엮어 놓았다.",https://image.aladin.co.kr/product/86/16/cover500/8952205782_1.jpg, 계영희 지음, 살림출판사,2007
자연과학,희망의 이유,2000년 11월에 출간된 의 개정1판이다. 이 책은 침팬지과 더불어 아프리카에서 생활하며 수많은 연구업적을 남겼던 동물학자이자 인류학자 제인 구달의 자전적 에세이다. 자연과 생명에 대한 열정과 사랑으로 일생을 살았던 저자의 아름다운 삶에 관한 회고라 할 수 있다.,https://image.aladin.co.kr/product/44/11/cover500/898880449x_1.gif, 제인 구달 지음, 궁리,2007
자연과학,희망의 이유,2000년 11월에 출간된 의 개정1판이다. 이 책은 침팬지과 더불어 아프리카에서 생활하며 수많은 연구업적을 남겼던 동물학자이자 인류학자 제인 구달의 자전적 에세이다. 자연과 생명에 대한 열정과 사랑으로 일생을 살았던 저자의 아름다운 삶에 관한 회고라 할 수 있다.,https://image.aladin.co.kr/product/44/11/cover500/898880449x_1.gif, 제인 구달 지음, 궁리,2007
자연과학,희망의 이유,2000년 11월에 출간된 의 개정1판이다. 이 책은 침팬지과 더불어 아프리카에서 생활하며 수많은 연구업적을 남겼던 동물학자이자 인류학자 제인 구달의 자전적 에세이다. 자연과 생명에 대한 열정과 사랑으로 일생을 살았던 저자의 아름다운 삶에 관한 회고라 할 수 있다.,https://image.aladin.co.kr/product/44/11/cover500/898880449x_1.gif, 제인 구달 지음, 궁리,2007
자연과학,희망의 이유,2000년 11월에 출간된 의 개정1판이다. 이 책은 침팬지과 더불어 아프리카에서 생활하며 수많은 연구업적을 남겼던 동물학자이자 인류학자 제인 구달의 자전적 에세이다. 자연과 생명에 대한 열정과 사랑으로 일생을 살았던 저자의 아름다운 삶에 관한 회고라 할 수 있다.,https://image.aladin.co.kr/product/44/11/cover500/898880449x_1.gif, 제인 구달 지음, 궁리,2007
자연과학,수학이 나를 불렀다,라마누잔은 오일러와 야코비 이래 필적할 만한 상대가 없는 천재로 일컬어지는 인도의 수학자이다. 과학저술가인 로버트 카니겔은 이 전설적인 수학자 라마누잔의 일생을 시간의 흐름에 따라 이야기한다. 카니겔은 짧지만 낭만과 비극이 잘 어우러진 라마누잔의 극적인 인생을 그의 학문적인 성공과 함께 엮어냈다.,https://image.aladin.co.kr/product/22/30/cover500/898371039x_2.jpg, 로버트 카니겔 지음;김인수옮김, 사이언스북스,2009
자연과학,지구 46억년의 역사,,/img/no_book.805feab5.png, 장순근 지음, 가람기획,2004
자연과학,바보＋철학자의÷(천재)²수학＝이야기,,https://image.aladin.co.kr/product/45/95/cover500/8990522161_1.gif, 김안나 지음, 리즈앤북,2004
자연과학,수학비타민 플러스,"박경미 홍익대 교수의 쉽게 이해하는 수학 이야기. <수학비타민> 후속작으로, 역사와 과학, 일상생활에 숨겨진 수에 얽힌 재미있는 이야기를 통해 많은 사람이 어려워하는 수학에 대한 흥미를 일깨운다. 이상한 나라의 앨리스가 달려도 늘 제자리에 있는 이유, 주역과 60갑자, 그리스 철학자들이 수학을 공부한 이유 등 흥미로운 이야기를 통해 수와 기하학, 통계의 원리를 알기 쉽게 배울 수 있다.",https://image.aladin.co.kr/product/604/28/cover500/8934936355_1.jpg, 박경미 지음, 김영사,2009
자연과학,(못 말리는)과학 방송국. 3: 원자·분자 발견의 역사,,/img/no_book.805feab5.png, 정완상 지음;임정호 그림, 살림어린이,2008
자연과학,"왕호기심 군, 더부룩 아저씨 뱃속으로 들어가다","과학에 흥미를 잃은 중학생들에게 읽히고자 과학 선생님들이 14살 청소년들을 주인공으로 등장시켜 쓴 모험이야기. 집에서 직접 해 볼 수 있는 '좌충우돌실험실'을 수록했으며, '요건 몰랐지?', '여기서 잠깐', '좀더 알아볼까요?' 등을 통해서 역사 속 과학자들의 모습과 주변에서 과학이 활용되는 방법들을 소개했다.",https://image.aladin.co.kr/product/52/95/cover500/8952203127_1.jpg, 배미정 지음, 살림,2008
자연과학,(수학을 가슴으로 느껴라)라마누잔,"'수학 영재들이 꼭 읽어야 할 천재 수학자' 시리즈의 9권. 인도의 수학자 라마누잔의 삶을 그린다. 라마누자는 수학에서는 뛰어난 재능을 보였지만, 늘 내키는 대로 행동하는 고집불통인 아이였다. 장학금을 받고 대학에 들어가지만 학위를 받지 못한다. 수학이 아닌 다른 과목은 거들떠보지도 않았기 때문이었다.",https://image.aladin.co.kr/product/257/70/cover500/8952208463_1.jpg, 구민애 지음;유현아 그림, 살림어린이,2008
자연과학,(봄) 쉽게찾은 우리꽃. 2,,/img/no_book.805feab5.png, 김태정, 현암사,1999
자연과학,식물의 사생활,,/img/no_book.805feab5.png, 데이비드 애튼보로;과학세대 옮김, 까치,1995
자연과학,39가지 과학충격,,/img/no_book.805feab5.png, 김준민, 지성사,1999
자연과학,쉽게 찾는 우리 나무 2. 2,,/img/no_book.805feab5.png, 서민환;이유미, 현암사,
자연과학,(쉽고 재미있는)과학의 역사 1. 1,,/img/no_book.805feab5.png, 에릭 뉴트;이민용, 이끌리오,
자연과학,수학 10. 10-1: 가(기본정석),,/img/no_book.805feab5.png, 홍성대, 성지출판주식회사,
자연과학,(학생을 위한)화학과 화학자 이야기,,/img/no_book.805feab5.png, 강건일, 참과학,
자연과학,우주여행 하실래요,,/img/no_book.805feab5.png, 이대택, 지성사,
자연과학,멸종 사라진 것들,"책은 오랜 세월 동안 종들이 사멸되고 생물의 다양함이 훼손되어가는 과정, 그리고 근대 이후부터 최근에 이르기까지 민족과 언어의 사멸에 대해 다루었다. 이해하기 쉽게 전체적으로 고찰했을 뿐만 아니라 여러 사례를 풍부하게 담아냈다.",https://image.aladin.co.kr/product/58/6/cover500/8975274934_1.jpg, 프란츠 M 부케티츠 지음;두행숙 옮김, 들녘,2005
자연과학,아시모프박사의 과학이야기,,https://image.aladin.co.kr/img/noimg_b.gif, 아이작 아시모프 지음;과학세대 옮김, 풀빛,1991
자연과학,천재들의 주사위,,/img/no_book.805feab5.png, 최정규 역, 뿌리와 이파리,
자연과학,수상한 과학,,/img/no_book.805feab5.png, 전방욱, 풀빛,
자연과학,숲의 생활사,,/img/no_book.805feab5.png, 차윤정, 웅진닷컴,
자연과학,광합성 인간,,https://shopping-phinf.pstatic.net/main_5642510/56425107591.20250826071932.jpg, 린 피플스 지음;김초원 옮김, 흐름,2025
자연과학,인류의 기원,"고대인의 뼈에 남겨진 DNA를 해독해 게놈을 단서로 인류의 발자취를 따라가는 고대 DNA 연구는, 최신 분석 기술의 향상으로 비약적인 진전을 이루고 있다. 이 책에서는 이러한 고대 DNA 연구의 최신 성과를 토대로 인류의 기원을 추적해보고자 한다.",https://shopping-phinf.pstatic.net/main_5571469/55714693878.20250712072448.jpg, 시노다 겐이치 지음;김소연 옮김, AK(에이케이커뮤니케이션즈),2025
자연과학,시튼 동물기,,https://image.aladin.co.kr/product/26/25/cover500/8930705790_1.jpg, E.T. 시튼 지음;김종석 옮김, 청목,2006
자연과학,공룡과 선사시대 동물. 6,,https://image.aladin.co.kr/product/57/65/cover500/8900199005_1.jpg, 헤이즐 리처드슨 지음, 두산동아,2006
자연과학,우주를 만드는 16가지 방법,,https://dls2.edunet.net/DLS/api/homepage/holding/getCoverImage.do?prov_code=E10&neis_code=E100000276&bib_key=34206614939, 제프 엥겔스타인 지음;항성 옮김, 동아시아,2025
자연과학,궁정인 갈릴레오,"과학사의 고전으로 꼽히는 마리오 비아졸리의 《궁정인 갈릴레오》(1993)가 32년 만에 국내에 처음 번역 출간되었다. 갈릴레오가 절대주의 궁정문화 속에서 어떻게 코페르니쿠스주의와 수학적 자연철학을 정당화했는지, 풍부한 1차 사료를 통해 분석한다.",https://shopping-phinf.pstatic.net/main_5724886/57248863037.20260331101356.jpg, 마리오 비아졸리 지음;박초월 옮김, 소요서가,2025
자연과학,일렉트릭 유니버스,"베스트셀러 <E=mc2>의 지은이 데이비드 보더니스가 쓴 전기 이야기, 는 전기가 이 세상을 어떻게 바꾸어왔는지 말해주는 책이다. 전화, 라디오, 레이더, 컴퓨터, 심지어 비아그라까지, 전기력의 힘을 빌어 탄생한 물건과 그들의 역사를 담았다.",https://image.aladin.co.kr/product/54/99/cover500/8984984086_2.jpg, 데이비드 보더니스 지음;김명남 옮김, 생각의 나무,2008
자연과학,중력,"'선생님도 놀란 과학뒤집기' 시리즈의 19권. 초등학교와 중학교의 과학 교과서 내용을 주제별로 엮은 어린이용 과학 안내서 시리즈이다. 이 책은 '중력'에 대해 안내한다. 중력의 발견, 중력과 무중력, 중력과 신체의 관계, 중력을 이용한 놀이기구와 건축물 등 다양한 현상과 사례를 통해 중력에 대한 이해를 돕고 있다.",https://image.aladin.co.kr/product/271/87/cover500/8958850965_1.jpg, 임진영 지음;이국현 그림, 성우주니어,2009
자연과학,강과 바다,,https://image.aladin.co.kr/product/361/38/cover500/8958851082_1.jpg, 정재은 지음;이국현 그림, 성우주니어,2009
자연과학,지구 46억년의 역사,,/img/no_book.805feab5.png, 장순근 지음, 가람기획,2001
자연과학,희망의 이유,2000년 11월에 출간된 의 개정1판이다. 이 책은 침팬지과 더불어 아프리카에서 생활하며 수많은 연구업적을 남겼던 동물학자이자 인류학자 제인 구달의 자전적 에세이다. 자연과 생명에 대한 열정과 사랑으로 일생을 살았던 저자의 아름다운 삶에 관한 회고라 할 수 있다.,https://image.aladin.co.kr/product/44/11/cover500/898880449x_1.gif, 제인 구달 지음, 궁리,2007
자연과학,"(교실 밖에서 발견하는 수학의 원리)디스커버리 수학. 6: 초고층 건물 세우기, 롤러코스터 설계","'디스커버리 수학' 시리즈. 어린이들에게 수학의 재미를 찾아주고, 수학적 사고력과 실생활 활용 능력을 키워 주는 외국 수학책이다. 영국 Ticktock사에서 12권으로 발간한 'Using Maths' 시리즈를 2권씩 묶어 총 6권으로 펴냈다. 흥미진진한 실제 상황 이야기를 통해 사고력을 키우도록 하였다.",https://image.aladin.co.kr/product/280/45/cover500/8950915944_1.jpg, 힐러리 콜;스티브 밀스 외 지음, 아울북,2008
자연과학,(태의경의)우주콘서트,,/img/no_book.805feab5.png, 태의경 지음, 동아시아,2008
자연과학,시튼 동물기,,https://image.aladin.co.kr/product/26/25/cover500/8930705790_1.jpg, E.T. 시튼 지음;김종석 옮김, 청목,2006
자연과학,(상식으로 꼭 알아야 할)과학자 50,,https://image.aladin.co.kr/product/235/84/cover500/8958971320_1.jpg, 꿈프로젝트 지음;박시진 옮김, 삼양미디어,2008
자연과학,(못 말리는)과학 방송국. 3: 원자·분자 발견의 역사,,/img/no_book.805feab5.png, 정완상 지음;임정호 그림, 살림어린이,2008
자연과학,우리가 정말 알아야 할 우리나무 백 가지,,/img/no_book.805feab5.png, 이유미, 현암사,1999
자연과학,우리가 정말 알아야 할 우리 꽃 백가지,,/img/no_book.805feab5.png, 김태정, 현암사,1999
자연과학,손의 신비,,/img/no_book.805feab5.png, 존 네이피어, 지호,2000
자연과학,날씨 토픽,,/img/no_book.805feab5.png, 반기성, 명진,
자연과학,쉽게 찾는 우리 나무 1. 1,,/img/no_book.805feab5.png, 서민환;이유미, 현암사,
자연과학,쉽게 찾는 우리 나무 3. 3,,/img/no_book.805feab5.png, 서민환;이유미, 현암사,
자연과학,아름다운 바다,,/img/no_book.805feab5.png, 앤드루 바이어트 외;김웅서 외, 사이언스북스,
자연과학,무한론 교실,,/img/no_book.805feab5.png, 노야시게키, 뿌리와 이파리,
자연과학,과학의 천일야화,,/img/no_book.805feab5.png, 필립 블랑제;문신원, 이끌리오,
자연과학,생물의 애옥살이,,/img/no_book.805feab5.png, 권오길, 지성사,
자연과학,물은 답을 알고 있다,,/img/no_book.805feab5.png, 에모토마사루, 나무를 심는 사람,
자연과학,그래도 그들은 살아있다,,/img/no_book.805feab5.png, 로타르 프렌츠, 생각의 나무,
자연과학,(삐에로 교수 배종수의)생명을 살리는 수학,초등수학 7차 교육과정 교과서 편찬위원장인 배종수 교수가 쓴 '수학 처음부터 제대로 가르치는 법'. 주입식 교육의 문제점을 극복하고 수학의 벽을 넘을 수 있도록 하는 방법을 제시한다. 대상은 학부모와 교사.,https://image.aladin.co.kr/product/34/84/cover500/8934908890_1.gif, 배종수 지음, 김영사,2002
자연과학,로빈슨 크루소 따라잡기,,/img/no_book.805feab5.png, 박상준 외, 뜨인돌출판사,
자연과학,"(초등,중등,고등)수학기호 다시보기. 1",,/img/no_book.805feab5.png, 박교식 지음, 수학사랑,1999
자연과학,자연지리학,,/img/no_book.805feab5.png, 권혁재, 법문사,
자연과학,역사가 새겨진 나무이야기,,/img/no_book.805feab5.png, 박상진, 김영사,
자연과학,포켓속의 수학,,/img/no_book.805feab5.png, 알브레이트 보이텔슈파허, 이끌리오,
자연과학,"(초등,중등,고등)수학기호 다시보기. 1",,/img/no_book.805feab5.png, 박교식 지음, 수학사랑,2006
자연과학,자연은 계산하지 않는다,,https://shopping-phinf.pstatic.net/main_5481452/54814523615.20250527094541.jpg, 로빈 월 키머러 지음;존 버고인 삽화;노승영 옮김, 다산초당(다산북스),2025
자연과학,(알기 쉬운)해석학,,https://image.aladin.co.kr/product/98/96/cover500/8988944534_2.jpg," 장건수, 외 지음", 대선,2009
자연과학,지구 46억년의 역사,,/img/no_book.805feab5.png, 장순근 지음, 가람기획,2004
자연과학,(못 말리는)과학 방송국. 5: 수의 역사,"과학의 역사를 풀어주는 어린이를 위한 과학책. 방송국에서 앵커와 기자가 직접 과학자를 만나 인터뷰하는 상황 설정으로 과학 발견의 현장을 텔레비젼 뉴스를 보듯 접근할 수 있다. 각 권마다 주제를 정해서 과학사에 큰 영향을 미친 과학자들을 만나보고, 뒷 이야기와 재미있는 사건사고 소식을 전한다.",https://image.aladin.co.kr/product/101/93/cover500/8952207475_1.jpg, 정완상 지음;임정호 그림, 살림어린이,2007
자연과학,(못 말리는)과학 방송국. 8: 태양계 발견의 역사,"과학의 역사를 풀어주는 어린이를 위한 과학책. 방송국에서 앵커와 기자가 직접 과학자를 만나 인터뷰하는 상황 설정으로 과학 발견의 현장을 텔레비젼 뉴스를 보듯 접근할 수 있다. 각 권마다 주제를 정해서 과학사에 큰 영향을 미친 과학자들을 만나보고, 뒷 이야기와 재미있는 사건사고 소식을 전한다.",https://image.aladin.co.kr/product/217/6/cover500/8952207505_1.jpg, 정완상 지음;임정호 그림, 살림어린이,2008
자연과학,"왕호기심 군, 더부룩 아저씨 뱃속으로 들어가다","과학에 흥미를 잃은 중학생들에게 읽히고자 과학 선생님들이 14살 청소년들을 주인공으로 등장시켜 쓴 모험이야기. 집에서 직접 해 볼 수 있는 '좌충우돌실험실'을 수록했으며, '요건 몰랐지?', '여기서 잠깐', '좀더 알아볼까요?' 등을 통해서 역사 속 과학자들의 모습과 주변에서 과학이 활용되는 방법들을 소개했다.",https://image.aladin.co.kr/product/52/95/cover500/8952203127_1.jpg, 배미정 지음, 살림,2008
자연과학,별과 행성. 4,,https://image.aladin.co.kr/product/57/65/cover500/890019898x_1.jpg, 이언 리드패스 지음, 두산동아,2006
자연과학,(찌릿찌릿 통하는)전기. 04,,https://image.aladin.co.kr/product/102/29/cover500/8991215742_1.jpg, 정완상 지음, 이치,2007
자연과학,(무한실험)지구과학,과학의 네 분야 별로 다양하고 흥미로운 실험을 통해 이론을 밝히는 학습 만화이다. 과학은 이론도 중요하지만 그러한 이론 혹은 법칙이 정립되기까지 그것을 도출해낸 실험도 과학을 떠받치는 중요한 영역이다. 여기서는 제시된 실험을 만화로 재연하여 교과 과정의 이해를 돕는다.,https://image.aladin.co.kr/product/101/32/cover500/8990431824_1.jpg, 박영희 지음;이태훈 그림, 숨비소리,2007
자연과학,일렉트릭 유니버스,"베스트셀러 <E=mc2>의 지은이 데이비드 보더니스가 쓴 전기 이야기, 는 전기가 이 세상을 어떻게 바꾸어왔는지 말해주는 책이다. 전화, 라디오, 레이더, 컴퓨터, 심지어 비아그라까지, 전기력의 힘을 빌어 탄생한 물건과 그들의 역사를 담았다.",https://image.aladin.co.kr/product/54/99/cover500/8984984086_2.jpg, 데이비드 보더니스 지음;김명남 옮김, 생각의 나무,2008
자연과학,생물 분류,"교사와 해당 분야의 연구자들과 과학동아, 어린이과학동아의 과학기자들이 함께 만든 '초등 과학뒤집기' 시리즈. 산과 바다는 물론 생물체가 살기 힘든 남극과 북극에서도 생명은 숨을 쉰다. 살아가는 환경, 살아가는 방식, 그리고 모습과 특성에 따라 나뉘는 주변의 생물들을 통해서 자연을 이해하고 그와 더불어 살아가는 아름다운 삶의 방식을 엿보게 한다.",https://image.aladin.co.kr/product/170/40/cover500/8958850833_1.jpg, 최은지 지음;강준구 그림, 성우주니어,2009
자연과학,희망의 이유,2000년 11월에 출간된 의 개정1판이다. 이 책은 침팬지과 더불어 아프리카에서 생활하며 수많은 연구업적을 남겼던 동물학자이자 인류학자 제인 구달의 자전적 에세이다. 자연과 생명에 대한 열정과 사랑으로 일생을 살았던 저자의 아름다운 삶에 관한 회고라 할 수 있다.,https://image.aladin.co.kr/product/44/11/cover500/898880449x_1.gif, 제인 구달 지음, 궁리,2007
자연과학,희망의 이유,2000년 11월에 출간된 의 개정1판이다. 이 책은 침팬지과 더불어 아프리카에서 생활하며 수많은 연구업적을 남겼던 동물학자이자 인류학자 제인 구달의 자전적 에세이다. 자연과 생명에 대한 열정과 사랑으로 일생을 살았던 저자의 아름다운 삶에 관한 회고라 할 수 있다.,https://image.aladin.co.kr/product/44/11/cover500/898880449x_1.gif, 제인 구달 지음, 궁리,2007
자연과학,전기자기,,/img/no_book.805feab5.png, 한국산업인력공단, 한국산업인력관리공단,2007
자연과학,수학이 나를 불렀다,라마누잔은 오일러와 야코비 이래 필적할 만한 상대가 없는 천재로 일컬어지는 인도의 수학자이다. 과학저술가인 로버트 카니겔은 이 전설적인 수학자 라마누잔의 일생을 시간의 흐름에 따라 이야기한다. 카니겔은 짧지만 낭만과 비극이 잘 어우러진 라마누잔의 극적인 인생을 그의 학문적인 성공과 함께 엮어냈다.,https://image.aladin.co.kr/product/22/30/cover500/898371039x_2.jpg, 로버트 카니겔 지음;김인수옮김, 사이언스북스,2009
자연과학,(수업시간에 못다 한) 신나는 과학이야기,자연현상과 일상에서 일어날 수 있는 이야기를 통해 설명한 재미있는 과학이야기. 설명할 수 없는 불가사의한 현상들에 대한 탐구도 재미있다. ...,https://image.aladin.co.kr/product/18/97/cover500/898577736x_1.gif, 오호츠키 요시히코 지음;김수연 옮김, 한울림,2010
자연과학,(수업시간에 못다 한) 신나는 과학이야기,자연현상과 일상에서 일어날 수 있는 이야기를 통해 설명한 재미있는 과학이야기. 설명할 수 없는 불가사의한 현상들에 대한 탐구도 재미있다. ...,https://image.aladin.co.kr/product/18/97/cover500/898577736x_1.gif, 오호츠키 요시히코 지음;김수연 옮김, 한울림,2010
자연과학,"수학 교과서, 영화에 딴지 걸다","의 후속작. 청소년 눈높이에 맞춰 쓴 영화 속 수학 이야기이다. 전작에서 보여줬던 저자 특유의 구어체 문장과 다양한 참고 자료를 통해 영화 속에 숨어 있는 수학적 현상과 용어, 지식 등을 밀도 있게 파헤친다.",https://image.aladin.co.kr/product/92/40/cover500/8971847220_1.jpg, 이재진 지음, 푸른숲,2007
자연과학,(못 말리는)과학 방송국. 5: 수의 역사,"과학의 역사를 풀어주는 어린이를 위한 과학책. 방송국에서 앵커와 기자가 직접 과학자를 만나 인터뷰하는 상황 설정으로 과학 발견의 현장을 텔레비젼 뉴스를 보듯 접근할 수 있다. 각 권마다 주제를 정해서 과학사에 큰 영향을 미친 과학자들을 만나보고, 뒷 이야기와 재미있는 사건사고 소식을 전한다.",https://image.aladin.co.kr/product/101/93/cover500/8952207475_1.jpg, 정완상 지음;임정호 그림, 살림어린이,2007
자연과학,(못 말리는)과학 방송국. 8: 태양계 발견의 역사,"과학의 역사를 풀어주는 어린이를 위한 과학책. 방송국에서 앵커와 기자가 직접 과학자를 만나 인터뷰하는 상황 설정으로 과학 발견의 현장을 텔레비젼 뉴스를 보듯 접근할 수 있다. 각 권마다 주제를 정해서 과학사에 큰 영향을 미친 과학자들을 만나보고, 뒷 이야기와 재미있는 사건사고 소식을 전한다.",https://image.aladin.co.kr/product/217/6/cover500/8952207505_1.jpg, 정완상 지음;임정호 그림, 살림어린이,2008
자연과학,"과학 교과서, 영화에 딴지 걸다","'진주만', '타이타닉', '스파이더맨', '소림 축구', '매트릭스' 등의 영화들을 교과서 삼아 영화에서 찾아볼 수 있는 잘못된 과학 사실들, 올바른 과학 사실들을 소개했다. 이 글은 '딴지일보'에 연재된 것들인데, 과연 재기발랄한 문체가 압권으로 지루함을 주지 않는다.",https://image.aladin.co.kr/product/50/33/cover500/8971844094_2.jpg, 이재진 지음, 푸른숲,2009
자연과학,"(가을,겨울) 쉽게찾은 우리꽃. 1",,/img/no_book.805feab5.png, 김태정, 현암사,1999
자연과학,(여름) 쉽게찾은 우리꽃. 3,,/img/no_book.805feab5.png, 김태정, 현암사,1999
자연과학,쉽게 찾는 우리 나무 4. 4,,/img/no_book.805feab5.png, 서민환;이유미, 현암사,
자연과학,(쉽고 재미있는)과학의 역사 2. 2,,/img/no_book.805feab5.png, 에릭 뉴트;이민용, 이끌리오,
자연과학,아담과 이브에게는 배꼽이 있었을까,,/img/no_book.805feab5.png, 마틴 가드너;강윤재, 바다출판사,
자연과학,수학 10. 10-2: 나(기본정석),,/img/no_book.805feab5.png, 홍성대, 성지출판주식회사,
자연과학,혜성 유성 소행성,,/img/no_book.805feab5.png, 폴 파슨즈, 다림,
자연과학,포켓속의 수학,,/img/no_book.805feab5.png, 알브레히트 이텔슈파허, 이끌리오,
자연과학,이 땅의 큰나무,,/img/no_book.805feab5.png, 고규홍, 눌와,
자연과학,앞으로 50년,,/img/no_book.805feab5.png, 존 브록만, 생각의 나무,
자연과학,수학용어사전(SSATSAT),,/img/no_book.805feab5.png, 김선주, 이지북,
자연과학,기후의 반란,,/img/no_book.805feab5.png, 실베스트르 위에, 궁리,
자연과학,다윈의 블랙박스,,/img/no_book.805feab5.png, 마이클 베히, 풀빛,
자연과학,수학의 유혹,,/img/no_book.805feab5.png, 강석진, 문학동네,
자연과학,숲의 생활사,,/img/no_book.805feab5.png, 차윤정, 웅진닷컴,
자연과학,(하리하라의)생물학 카페,,/img/no_book.805feab5.png, 이은희, 궁리출판사,
자연과학,(만화로 보는)수학 역사 기행,"시민강좌의 강사로 초대된 명기행 선생은 수강생인 오대양, 백진주, 천수자와 시민강좌 담당자 왕신중 씨와 함께 '언제든 어디로든 통하는 문'으로 시간과 공간을 초월해 수학 역사 여행을 떠난다. 수학사의 중요한 내용들이 재미있는 만화로 구성되어 부담없이 읽을 수 있다.",https://image.aladin.co.kr/product/42/80/cover500/8972826332_1.gif, 나카다노리오 지음;오희옥 옮김, 경문사,2006
