book_type,book_name,book_desc,book_img_link,author,publisher,published_y
사회과학,이공계에 빠져 봅시다,"기초과학, 산업기술, 융합과학, 지식경제 분야에서 왕성하게 활동 중인 이공계 선배 21명이 자신의 진로 설계 경험을 토대로 성공담을 들려준다. 사촌형(오빠)이나 옆집 누나(언니) 같이 내 주변 인물처럼 친근함을 느낄 수 있는 30대를 중심으로 선정했기 때문에 청소년에게 인생의 선배로서 진로에 관한 구체적인 정보를 제공한다.",https://image.aladin.co.kr/product/224/73/cover500/8991844952_1.jpg, 한국과학문화재단 지음, 동아사이언스,2008
사회과학,호모디지쿠스로 진화하라,대한민국의 IT 선구자이자 벨연구소 특임연구원인 호모디지쿠스 윤종록이 IT가 불러올 새로운 미래사회에 대해 이야기한다. 이 책에는 IT 전문가 윤종록이 내놓은 2030 신경제 속에 살아남는 전략이 담겨 있다. 오랜 기간 IT 분야에 종사한 저자의 노하우와 창조성을 바탕으로 불안한 미래에 대한 밑그림을 제시한다.,https://image.aladin.co.kr/product/422/46/cover500/8984989681_1.jpg, 윤종록 지음, 생각의 나무,2009
사회과학,놀이 치료 사례 연구,"아동, 청소년기에 경험하기 쉬운 심리, 행동적인 문제들과 그 치료과정을 다루고 있는 책. 특히 아동, 청소년의 심리, 행동적 문제에 대한 이론적인 배경, 연구 성과와 함께 그러한 문제를 가진 아동들이 보이는 심리평가에서의 특성, 그리고 놀이치료 및 상담과정을 종합적으로 제시하고 있다.",https://image.aladin.co.kr/product/92/67/cover500/8958323515_1.jpg, 강문희;이명희;심호규 지음, 시그마프레스,2007
사회과학,(평화 교육을 여는)또래 중재,,https://image.aladin.co.kr/product/92/26/cover500/8991403042_1.jpg, 강순원 지음, 커뮤니티,2007
사회과학,GOOD JOB,"꿈을 이루기 위해 필요한 다양한 활동들을 계획하고, 그 계획을 실천할 수 있도록 도와주는 진로 플래너. 흥미와 적성, 그에 대한 탐색과 이해, 직업에 대한 탐색 활동 과정 등을 설계, 계획, 실행할 수 있도록 다양한 형태의 활동지(워크시트)로 구성했다.",https://image.aladin.co.kr/product/89/69/cover500/8995846194_1.jpg, 신아리 지음, 젠북,2007
사회과학,(우리가 정말 알아야 할)우리놀이 백가지,"판도라의 상자처럼 두고두고 온 가족의 얘깃거리를 만들어 주는 책. 부모에게는 잊혀진 동심을 찾아주고, 아이에게는 마르지 않는 창의력을 주는 유년 시절의 추억같은 우리 놀이 이야기. 사라져가는 우리 놀이, 우리 놀잇감 330여 가지를 정감어린 글과 함께 실었다.",https://image.aladin.co.kr/product/21/82/cover500/8932312648_1.jpg, 이철수 지음, 현암사,2009
사회과학,(우리가 정말 알아야 할)우리놀이 백가지,"판도라의 상자처럼 두고두고 온 가족의 얘깃거리를 만들어 주는 책. 부모에게는 잊혀진 동심을 찾아주고, 아이에게는 마르지 않는 창의력을 주는 유년 시절의 추억같은 우리 놀이 이야기. 사라져가는 우리 놀이, 우리 놀잇감 330여 가지를 정감어린 글과 함께 실었다.",https://image.aladin.co.kr/product/21/82/cover500/8932312648_1.jpg, 이철수 지음, 현암사,2009
사회과학,한국인에게 문화는 있는가,,https://image.aladin.co.kr/product/16/29/cover500/8971969601_2.jpg, 최준식 지음, 사계절,2009
사회과학,한국인에게 문화가 없다고?,"'한국 사회와 문화의 천박성'에 문제의식을 느낀 저자가 한국문화의 독특한 성격과 문제점, 그리고 그 대안을 쉬운 문체로 풀어낸 책. 이미 <한국인에게 문화는 있는가>에서 한국 문화에 대해 나름의 관점을 보여준 저자는 이 책에서도 유교문화, 샤머니즘, 물질적/정신적 문화유산 등의 주제를 통해 한국문화에 대한 기존의 논의를 확대, 발전시켜 나간다.",https://image.aladin.co.kr/product/46/26/cover500/897196961x_1.jpg, 최준식 지음, 사계절,2008
사회과학,21세기와의 대화,"21세기, 발상의 전환을 위한 20가지 테마가 눈길을 끈다. 우리 시대의 진보는 무엇이고, 우리는 어떤 현대를 살고 있는가 하는 진지한 성찰이 돋보인다. 오랜 망명생활을 거듭하면서 뮌스터대학에서 학생들을 가르치고 있는 외국의 `내국인` 발언은 우리들에게 시사하는 바가 많다.",https://image.aladin.co.kr/product/0/12/cover500/8985505874_1.jpg, 송두율 지음, 한겨레신문사,2003
사회과학,이공계에 빠져 봅시다,"기초과학, 산업기술, 융합과학, 지식경제 분야에서 왕성하게 활동 중인 이공계 선배 21명이 자신의 진로 설계 경험을 토대로 성공담을 들려준다. 사촌형(오빠)이나 옆집 누나(언니) 같이 내 주변 인물처럼 친근함을 느낄 수 있는 30대를 중심으로 선정했기 때문에 청소년에게 인생의 선배로서 진로에 관한 구체적인 정보를 제공한다.",https://image.aladin.co.kr/product/224/73/cover500/8991844952_1.jpg, 한국과학문화재단 지음, 동아사이언스,2008
사회과학,(지금도)일본은 있다,,https://image.aladin.co.kr/product/52/29/cover500/8991264247_1.gif, 서현섭 지음, 고려원북스,2004
사회과학,셜록 홈스의 과학,"바스커빌에서 공포의 계곡에 이르기까지, 명탐정의 가장 뛰어난 사건 해결 사례를 통해 본 과학교양서적. 추리물과 범죄의 역사, 그리고 과학적 지식을 결합시킨 독특한 책이다. 지은이는 법과학의 역사와 당대에 일어났던 각종 사건을 홈스 소설과 관련지어 살펴봄으로써, 과학적인 수사 기법의 가치를 설득력있게 드러낸다.",https://image.aladin.co.kr/product/96/41/cover500/8985597132_1.jpg, E. J. 와그너 지음;이한음 옮김, 한승,2008
사회과학,구글은 SKY를 모른다,구글 한국인 엔지니어 1호 이준영의 책. 그는 구글에서 입사 인터뷰를 가장 많이 진행한 사람 중 한 명이기도 하다. 당연히 전세계 젊은 인재들의 꿈과 열정에 대해 누구보다 잘 알고 있다. 그런 그가 우리나라의 젊은이들에게 꼭 해주고 싶은 이야기가 생겼다고 한다.,https://image.aladin.co.kr/product/4119/89/cover500/899680889x_1.jpg, 이준영, 알투스,2014
사회과학,구글은 SKY를 모른다,구글 한국인 엔지니어 1호 이준영의 책. 그는 구글에서 입사 인터뷰를 가장 많이 진행한 사람 중 한 명이기도 하다. 당연히 전세계 젊은 인재들의 꿈과 열정에 대해 누구보다 잘 알고 있다. 그런 그가 우리나라의 젊은이들에게 꼭 해주고 싶은 이야기가 생겼다고 한다.,https://image.aladin.co.kr/product/4119/89/cover500/899680889x_1.jpg, 이준영, 알투스,2014
사회과학,88만원세대,"등의 책으로 주목받는 소장 경제학자 중 한 명인 우석훈 박사와 전직 지 기자 박권일의 공저, IMF 경제위기 이후의 10년 동안의 급격하게 격화되고 있는 '세대간 불균형' 문제를 외국의 변화들과 비교하며, 세대간 불균형이 지금 우리나라에서 가장 심각한 문제임을 환기시킨다.",https://image.aladin.co.kr/product/96/57/cover500/8995995203_1.jpg, 우석훈;박권일 지음, 레디앙,2012
사회과학,공부는 내 인생에 대한 예의다,"SAT·ACT 만점, 아이비리그 9개 대학 동시 합격, 전미 최고 고교생을 뽑는 ‘웬디스 하이스쿨 하이즈먼 어워드’ 아시아인 최초 수상 등 화려한 프로필을 자랑하는 저자가 자신의 공부철학과 공부법을 풀어낸 에세이다. ‘이렇게 하면 1등 한다’, ‘공부해야 성공한다’라는 식으로 공부를 강요하는 책과 달리, 이 책은 저자의 공부에 대한 진지한 고민을 바탕으로 설득력 있는 공부철학을 담고 있다.",https://image.aladin.co.kr/product/863/37/cover500/896570006x_1.jpg, 이형진 지음, 쌤앤파커스,2012
사회과학,공부는 내 인생에 대한 예의다,"SAT·ACT 만점, 아이비리그 9개 대학 동시 합격, 전미 최고 고교생을 뽑는 ‘웬디스 하이스쿨 하이즈먼 어워드’ 아시아인 최초 수상 등 화려한 프로필을 자랑하는 저자가 자신의 공부철학과 공부법을 풀어낸 에세이다. ‘이렇게 하면 1등 한다’, ‘공부해야 성공한다’라는 식으로 공부를 강요하는 책과 달리, 이 책은 저자의 공부에 대한 진지한 고민을 바탕으로 설득력 있는 공부철학을 담고 있다.",https://image.aladin.co.kr/product/863/37/cover500/896570006x_1.jpg, 이형진 지음, 쌤앤파커스,2012
사회과학,뜨거운 노래는 땅에 묻는다,"스물일곱 살에 창업해 33년간 기계공업 분야라는 한 길을 걸어온 S&T그룹 최평규 회장의 경영 스토리다. 아직도 경영자이기보다는 엔지니어라고 말하는 그는 오늘도 작업복을 입은 채 현장에서 땀을 흘리고, 직원들과 소주잔을 기울이며 소통한다. 현장경영과 소통경영을 통해 해묵은 분규사업장과 만성 적자기업을 변화시켰고, 한계에 다다른 국내 제조업을 유지하고 고용을 창출하기 위한 방법을 찾아내어 실행하였다. 그러한 경험을 바탕으로 기업과 사회, 기업과 역사에 관해 젊은이들과 이야기를 시작했고, 그 대화의 기록을 엮어펴냈다.",https://image.aladin.co.kr/product/1611/1/cover500/8901144026_1.jpg, 최평규 지음, 리더스북,2012
사회과학,뜨거운 노래는 땅에 묻는다,"스물일곱 살에 창업해 33년간 기계공업 분야라는 한 길을 걸어온 S&T그룹 최평규 회장의 경영 스토리다. 아직도 경영자이기보다는 엔지니어라고 말하는 그는 오늘도 작업복을 입은 채 현장에서 땀을 흘리고, 직원들과 소주잔을 기울이며 소통한다. 현장경영과 소통경영을 통해 해묵은 분규사업장과 만성 적자기업을 변화시켰고, 한계에 다다른 국내 제조업을 유지하고 고용을 창출하기 위한 방법을 찾아내어 실행하였다. 그러한 경험을 바탕으로 기업과 사회, 기업과 역사에 관해 젊은이들과 이야기를 시작했고, 그 대화의 기록을 엮어펴냈다.",https://image.aladin.co.kr/product/1611/1/cover500/8901144026_1.jpg, 최평규 지음, 리더스북,2012
사회과학,21세기와의 대화,"21세기, 발상의 전환을 위한 20가지 테마가 눈길을 끈다. 우리 시대의 진보는 무엇이고, 우리는 어떤 현대를 살고 있는가 하는 진지한 성찰이 돋보인다. 오랜 망명생활을 거듭하면서 뮌스터대학에서 학생들을 가르치고 있는 외국의 `내국인` 발언은 우리들에게 시사하는 바가 많다.",https://image.aladin.co.kr/product/0/12/cover500/8985505874_1.jpg, 송두율 지음, 한겨레신문사,2003
사회과학,어떻게 원하는 것을 얻는가,"MBA 와튼스쿨에서 13년 연속 최고 인기 강의로 선정된 스튜어트 다이아몬드 교수의 강의를 담아낸 책. 원하는 것을 ‘어떻게’ 얻을 수 있는가에 대한 철저한 방법론들이 기존의 설득이나 말하기, 협상 관련 전문서 등과는 차원을 달리해 소개되고 있다.",https://image.aladin.co.kr/product/1402/65/cover500/8933870180_1.jpg, 스튜어트 다이아몬드 지음;김태훈 옮김, 8.0,2012
사회과학,어떻게 원하는 것을 얻는가,"MBA 와튼스쿨에서 13년 연속 최고 인기 강의로 선정된 스튜어트 다이아몬드 교수의 강의를 담아낸 책. 원하는 것을 ‘어떻게’ 얻을 수 있는가에 대한 철저한 방법론들이 기존의 설득이나 말하기, 협상 관련 전문서 등과는 차원을 달리해 소개되고 있다.",https://image.aladin.co.kr/product/1402/65/cover500/8933870180_1.jpg, 스튜어트 다이아몬드 지음;김태훈 옮김, 8.0,2012
사회과학,메타인지 학습법,"자기주도학습 능력이 뛰어난 아이들은 메타 인지 능력이 높다. 메타 인지는 공부에 영향을 주는 학습 동기, 자기주도학습 실천, 그릿(GRIT) 등 모든 영역과 관계가 있다. 때문에, 자기주도학습을 보다 효과적으로 하기 위해서는 우선적으로 메타 인지를 이해하고, 훈련하는 것이 필요하다.",https://image.aladin.co.kr/product/19523/77/cover500/8950981890_3.jpg, 리사 손 지음, 21세기북스,2019
사회과학,50대 사건으로 보는 돈의 역사,"역사를 통해 돈을 배우고, 돈을 통해 역사를 배울 수 있도록 경제와 역사가 결합된 책으로 세계에 큰 변화를 가져온 중요 사건들을 금융의 관점에서 역사의 흐름과 맥락을 따라 살펴볼 수 있도록 구성했다.",https://image.aladin.co.kr/product/18961/78/cover500/k502635582_1.jpg, 홍춘옥 지음, 로크미디어,2018
사회과학,실리콘밸리의 팀장들,"8년 동안 구글에서 직원 700명을 관리하고, 애플대학교로 건너가 관리자 교육과정을 개발한 킴 스콧은 실리콘밸리의 새로운 리더들 사이에서 널리 퍼지고 있는 새로운 소통 방식을 전부 담았다. 이 책은 저자의 개인적인 경험을 이야기하면서 시작한다.",https://image.aladin.co.kr/product/19389/8/cover500/8935212822_1.jpg, 킴 스콧 지음;박세연 옮김, 청림,2019
사회과학,민주주의가 왜 좋을까?,질문하는 사회 7권. 정치학에서 논의되는 가장 기본적인 주제들을 40가지 재밌는 질문으로 구성한 청소년용 정치학 책이다. 정치 체제에서 국제 정치를 거쳐 좋은 통치자의 조건에 이르기까지 흥미로운 질문을 통해 정치학의 전 분야를 망라했다.,https://image.aladin.co.kr/product/18925/21/cover500/k942635281_1.jpg, 최연혁 글;박우희 그림, 나무를심는사람들,2019
사회과학,최고는 무엇이 다른가,"하버드대 교수이자 세계 최고의 리더십 권위자인 빌 조지가 세계적 리더 101명을 직접 인터뷰하여 그들의 공통된 특징은 무엇이며, 최고가 되기 위해서는 무엇을 준비하고 개발해야 하는지 알려준다.",https://image.aladin.co.kr/product/19560/57/cover500/k172635220_1.jpg, 빌 조지 지음;장원철 옮김, 스몰빅라이프,2019
사회과학,"10대, 인생을 바꾸는 진로 수업","꿈을 찾지만 몰라서 헤매는 10대들을 위한 단비 같은 진로 수업. 저자는 '꿈이 없어도 괜찮다'고 단언한다. 방황하는 과정이 꿈을 찾는 원동력이 될 것이라고 위로한다. 그는 많은 청소년들을 만나면서 꿈이 있는 사람과 없는 사람의 차이점을 알았다. 꿈에 대해 이야기할 때의 태도, 바로 자신감이었다.",https://image.aladin.co.kr/product/18909/64/cover500/8966376657_1.jpg, 김은희 지음, 미다스북스,2019
사회과학,우리는 취향을 팝니다,"20년 경력의 베테랑 공간 기획자인 저자들은 트렌드 변화를 주시하는 기획자, 마케터, 브랜딩 전문가에게는 ‘그립감 좋은 전 세계 취향 맛집들의 영업기밀’을 알려주고, 현재 작은 공간을 운영하고 있거나 새롭게 도전하고자 하는 사람들에게는 ‘모르면 큰일 나는’ 공간 브랜딩의 키포인트를 A부터 Z까지 소개한다.",https://image.aladin.co.kr/product/19533/7/cover500/8965708230_1.jpg," 이경미,정은아 공저", 쌤앤파커스,2019
사회과학,나는 왜 교사인가,"지난 2002년과 2005년 두 해 동안 월간 《우리교육》에 〈윤지형의 교사탐구〉라는 꼭지로 연재한 내용과 2009년과 2010년 새롭게 인터뷰한 교사들의 이야기를 담았다. 더불어 길게는 10여 년이 흐른 지금, 당시 교사들의 열정적인 삶의 모습이 어떻게 전개되어 변화 · 발전했는지 당사자들이 직접 쓴 편지를 통해 생생하게 들려준다.",https://image.aladin.co.kr/product/1497/91/cover500/8996603449_1.jpg, 윤지형 지음, 교육공동체 벗,2012
사회과학,"아뿔싸, 난 성공하고 말았다","자기 길을 스스로 만드는 사람들의 이야기를 담은 책. 딴지일보 총수 김어준, 언니네 이발관 이석원, MBC 선임기자 신경민 등 각기 다른 직업을 가지고 각자 다른 삶을 살아온 전문인들이 남들이 생각하는 성공, 획일화된 성공의 의미가 아닌, 자신이 터득한 삶을 대하는 태도, 삶의 방식, 새로운 성공의 의미를 생생하게 들려준다.",https://image.aladin.co.kr/product/579/78/cover500/8964069021_1.jpg, 김어준 외 지음, 학이시습,2009
사회과학,(에듀윌 공기업)NCS 자소서&면접 22대 공기업 기출분석 합격서,"NCS 능력 중심의 채용을 진행하는 공기업에 완벽히 대비할 수 있도록 최신 기출항목을 면밀히 분석하고, 그에 따른 전략을 제시하는 교재다. 직업기초능력 10개 항목을 완벽히 분석하고, 직업기초능력별로 대표 기출항목 자소서와 작성 노하우를 제시한다.",https://image.aladin.co.kr/product/27306/89/cover500/k992732129_1.jpg, 방영황 지음, 에듀윌,2021
사회과학,(에듀윌 공기업)NCS 자소서&면접 22대 공기업 기출분석 합격서,"NCS 능력 중심의 채용을 진행하는 공기업에 완벽히 대비할 수 있도록 최신 기출항목을 면밀히 분석하고, 그에 따른 전략을 제시하는 교재다. 직업기초능력 10개 항목을 완벽히 분석하고, 직업기초능력별로 대표 기출항목 자소서와 작성 노하우를 제시한다.",https://image.aladin.co.kr/product/27306/89/cover500/k992732129_1.jpg, 방영황 지음, 에듀윌,2021
사회과학,뜨겁게 나를 사랑한다,국내 1호 마인드파워 스페셜리스트로 수많은 이들의 인생을 변화시킨 조성희 대표가 이번에는 <뜨겁게 나를 사랑한다>를 새로 선보인다. 이번 <뜨겁게 나를 사랑한다>는 ‘마인드파워 스페셜리스트 조성희의 응원 시리즈’ 두 번째 책이다.,https://image.aladin.co.kr/product/27054/56/cover500/k732731488_1.jpg, 조성희 지음;하니박 그림, 생각지도,2021
사회과학,면접 바이블,,https://image.aladin.co.kr/product/29327/52/cover500/k992837815_1.jpg, 면접왕 이형 지음, Alivebooks,2022
사회과학,면접 바이블,,https://image.aladin.co.kr/product/29327/52/cover500/k992837815_1.jpg, 면접왕 이형 지음, Alivebooks,2022
사회과학,(에듀윌 취업)끝까지 살아남는 대기업 자소서,"이력서, 자소서 작성에 있어서 지원자가 놓친 부분을 알려주고 바로 잡아주는 책이다. 대기업 채용 각 전형에서 끝까지 살아남을 수 있도록, 단순히 서류전형만을 통과할 수 있는 자기소개서 작성법을 언급하는 것이 아닌 면접에서도 좋은 평가를 받을 수 있는 자기소개서 작성법을 수록하였다.",https://image.aladin.co.kr/product/28675/65/cover500/k392836066_1.jpg, 변정호 지음, 에듀윌,2022
사회과학,(에듀윌 취업)끝까지 살아남는 대기업 자소서,"이력서, 자소서 작성에 있어서 지원자가 놓친 부분을 알려주고 바로 잡아주는 책이다. 대기업 채용 각 전형에서 끝까지 살아남을 수 있도록, 단순히 서류전형만을 통과할 수 있는 자기소개서 작성법을 언급하는 것이 아닌 면접에서도 좋은 평가를 받을 수 있는 자기소개서 작성법을 수록하였다.",https://image.aladin.co.kr/product/28675/65/cover500/k392836066_1.jpg, 변정호 지음, 에듀윌,2022
사회과학,(에듀윌 취업)끝까지 살아남는 대기업 자소서,"이력서, 자소서 작성에 있어서 지원자가 놓친 부분을 알려주고 바로 잡아주는 책이다. 대기업 채용 각 전형에서 끝까지 살아남을 수 있도록, 단순히 서류전형만을 통과할 수 있는 자기소개서 작성법을 언급하는 것이 아닌 면접에서도 좋은 평가를 받을 수 있는 자기소개서 작성법을 수록하였다.",https://image.aladin.co.kr/product/28675/65/cover500/k392836066_1.jpg, 변정호 지음, 에듀윌,2022
사회과학,(에듀윌 취업)끝까지 살아남는 대기업 자소서,"이력서, 자소서 작성에 있어서 지원자가 놓친 부분을 알려주고 바로 잡아주는 책이다. 대기업 채용 각 전형에서 끝까지 살아남을 수 있도록, 단순히 서류전형만을 통과할 수 있는 자기소개서 작성법을 언급하는 것이 아닌 면접에서도 좋은 평가를 받을 수 있는 자기소개서 작성법을 수록하였다.",https://image.aladin.co.kr/product/28675/65/cover500/k392836066_1.jpg, 변정호 지음, 에듀윌,2022
사회과학,오늘부터 개발자,개발자를 꿈꾸며 공부를 시작한 저자가 들려주는 개발자 취업의 생생한 경험담이다. 개발자로 취직을 하고 보니 비로소 보이는 ‘어떤 언어를 먼저 배우는 게 좋다’ ‘개발을 배울 수 있는 곳은 이런 곳들이 있더라’ 등 과거의 자신에게 들려주고 싶은 이야기들을 담았다.,https://image.aladin.co.kr/product/28307/33/cover500/k632835709_1.jpg, 김병욱 지음, 천그루숲,2021
사회과학,자기소개서 따라하기,"어느 정도로 자기소개서를 작성하면 합격이 가능한지 수험생에게 눈높이를 제공하려는 목적으로 만들어진 책이다. 자기소개서 1번부터 4번까지, 선배들이 직접 작성한 뒤 합격, 불합격으로 당락이 결정된 실제 자소서 사례를 제공한다.",https://image.aladin.co.kr/product/19473/8/cover500/8928645549_1.jpg, 이해웅 외 지음, 타임북스,2019
사회과학,취업의신 자기소개서 혁명,"저스펙으로 취업에 성공한 취업의신만의 노하우, 채용대행 서비스를 통하여 기업 인사담당자들의 예리한 시선에 대한 통찰, 그리고 직접 회사를 설립하여 운영하면서 직원을 실제로 채용한 다양한 현장 실무 경험이 축적된 합격에 성공하는 비결을 모두 담아낸 책이다.",https://image.aladin.co.kr/product/26859/0/cover500/8970674004_1.jpg, 박장호 지음, 성안북스,2020
사회과학,취업의신 자기소개서 혁명,"저스펙으로 취업에 성공한 취업의신만의 노하우, 채용대행 서비스를 통하여 기업 인사담당자들의 예리한 시선에 대한 통찰, 그리고 직접 회사를 설립하여 운영하면서 직원을 실제로 채용한 다양한 현장 실무 경험이 축적된 합격에 성공하는 비결을 모두 담아낸 책이다.",https://image.aladin.co.kr/product/26859/0/cover500/8970674004_1.jpg, 박장호 지음, 성안북스,2020
사회과학,해커스공기업 쉽게 합격하는 NCS 면접,"공공기관 NCS 면접 유형별로 전략적 대비! 공공기관 인재상 기반 ""23가지 캐릭터 유형별 키워드""로 나만의 특별한 면접 포트폴리오 완성! [20대 공공기관 면접 기출 질문 및 답변 가이드]로 맞춤형 실전 대비!",https://image.aladin.co.kr/product/27539/66/cover500/8969652418_2.jpg," 윤종혁,조은희,김태형 지음", 해커스공기업,2021
사회과학,흥하는 자소서 망하는 자소서,자소서에 대한 잘못된 생각과 자소서를 쓸 때 실수하기 쉬운 부분에 대해 설명한다. 실패하는 요소와 성공하는 요소를 비교하면서 독자의 자소서에 대해 생각해 보는 시간이 될 것이다.,https://image.aladin.co.kr/product/28121/14/cover500/k832734547_1.jpg, 오미현 지음, 골든타임,2021
사회과학,흥하는 자소서 망하는 자소서,자소서에 대한 잘못된 생각과 자소서를 쓸 때 실수하기 쉬운 부분에 대해 설명한다. 실패하는 요소와 성공하는 요소를 비교하면서 독자의 자소서에 대해 생각해 보는 시간이 될 것이다.,https://image.aladin.co.kr/product/28121/14/cover500/k832734547_1.jpg, 오미현 지음, 골든타임,2021
사회과학,위대한 도약,250여 년의 기업사를 추적하며 서로가 서로를 베끼는 경쟁에도 불구하고 수세기 동안 번성하고 번영하는 기업들로부터 교훈을 찾는다. 특히 이 책에서는 과거의 성공적인 도약과 비극적인 추락에 대한 다양한 사례를 설득력 있게 제시한다.,https://image.aladin.co.kr/product/27795/36/cover500/8957362428_1.jpg, 하워드 유 지음;윤태경 옮김, 가나문화콘텐츠,2021
사회과학,"4차 산업혁명, 비즈니스 트렌드: 가상현실｜증강현실｜융합현실편","4차 산업혁명과 관련된 VR, AR, MR, IoT및 AI에 대해 소개한다. 실생활에서 접해 볼 수 있는 VR, AR, MR 등이 어떻게 쓰여지고 있으며, 향후 이 기술들이 어떻게 활용될 것인지 실제 사례를 중심으로 설명하고 있다.",https://image.aladin.co.kr/product/10349/19/cover500/8956747369_1.jpg, 김민구 지음, 정보문화사,2017
사회과학,(클라우스 슈밥의) 제4차 산업혁명,"'클라우스 슈밥의 제4차 산업혁명'에 담긴 이야기는 명확하다. ‘제4차 산업혁명은 무엇인가?’, ‘무엇을 어떻게 변화시킬 것인가’, ‘우리에게 어떤 영향을 끼칠 것인가?’, ‘공익을 위해 이를 활용할 수 있는 방법은 무엇인가?’ 이 네 가지 질문에 대한 답을 제시한다.",https://image.aladin.co.kr/product/8099/96/cover500/8962805901_3.jpg, 클라우스 슈밥 지음;송경진 옮김, 새로운현재,2016
사회과학,국가란 무엇인가,"2011년 정의롭고 바람직한 국가가 무엇인지 모색하는 과정에서 <국가란 무엇인가>를 출간한 바 있다. 저자는 국가를 보는 여러 가지 입장이 있음을 좀 더 설득력 있게 전달하고, 국가에 대한 이해와 관심이 얼마나 중요한지 다시 한 번 이야기해보고 싶었다.",https://image.aladin.co.kr/product/10115/84/cover500/8971998016_1.jpg, 유시민 지음, 돌베개,2017
사회과학,국가란 무엇인가,"2011년 정의롭고 바람직한 국가가 무엇인지 모색하는 과정에서 <국가란 무엇인가>를 출간한 바 있다. 저자는 국가를 보는 여러 가지 입장이 있음을 좀 더 설득력 있게 전달하고, 국가에 대한 이해와 관심이 얼마나 중요한지 다시 한 번 이야기해보고 싶었다.",https://image.aladin.co.kr/product/10115/84/cover500/8971998016_1.jpg, 유시민 지음, 돌베개,2017
사회과학,카네기 인간관계론,,https://image.aladin.co.kr/product/97/90/cover500/8956371784_3.jpg, 데일 카네기 지음;최염순 옮김, 씨앗을뿌리는사람,2007
사회과학,세종,,https://image.aladin.co.kr/product/169/73/cover500/8956242984_1.jpg, 최기억 지음, 이지북,2008
사회과학,(중소사업장의 근로자와 사용자를 위한) 단 한 권의 노동법,"누구나 알아야 할 노동법을 실무와 공부에 도움이 될 수 있게 풀어쓴 책이다. 저자는 노동법의 핵심이라 할 수 있는 근로기준을 근로시간, 임금, (기타) 근로조건으로 나눠 설명한다. 더불어 사업장의 현실을 고려해 80여 개의 표를 수록해 직관적으로 파악할 수 있도록 돕는다.",https://image.aladin.co.kr/product/7872/54/cover500/8959406031_1.jpg, 정종희 지음, 시대의창,2016
사회과학,인구와 투자의 미래,"투자 성향에 따라 자산을 배분하는 방법, 시장의 상관관계에 따라 안정성을 부여하는 방법, 고수익을 노릴 때 유용한 상품 등 현재의 시장 상황에 알고 싶은 투자의 정보를 알차게 담았다.",https://image.aladin.co.kr/product/10422/32/cover500/k142536398_2.jpg, 홍춘욱 지음, 에프엔미디어,2017
사회과학,나쁜 사마리아인들,"<사다리 걷어차기>, <쾌도난마 한국경제>의 장하준 교수가 처음으로 보통 사람들을 염두에 두고 집필한 본격 교양 경제서. 자유 무역이 진정 개발도상국에게도 도움이 되는지, 경제를 개방하면 외국인 투자가 정말 늘어나는지 등 우리 시대의 현안들에 대해 우리에게 널리 알려진 책이나 영화 등을 소재로 유쾌하면서도 신랄하게 답해 준다.",https://image.aladin.co.kr/product/98/86/cover500/896051019x_2.jpg, 장하준 지음;이순희 옮김, 부키,2007
사회과학,인생이 맛있어지는 17가지 레시피,"십대로서의 삶을 살아낸, 그래서 그 길을 너무나도 잘 알고 있는 열일곱 명의 '은퇴한 십대'들이 청소년들에게 보내는 인생에 관한 충고와 희망 이야기. 저자들의 다양한 시각과 경험이 고스란히 녹아 있는 책으로, 후배들이 진정 행복해지길 바라는 진솔한 이야기들을 담았다.",https://image.aladin.co.kr/product/100/29/cover500/8958072067_1.jpg, 에릭 체스터 외 지음;김경숙 옮김, 뜨인돌,2007
사회과학,인생이 맛있어지는 17가지 레시피,"십대로서의 삶을 살아낸, 그래서 그 길을 너무나도 잘 알고 있는 열일곱 명의 '은퇴한 십대'들이 청소년들에게 보내는 인생에 관한 충고와 희망 이야기. 저자들의 다양한 시각과 경험이 고스란히 녹아 있는 책으로, 후배들이 진정 행복해지길 바라는 진솔한 이야기들을 담았다.",https://image.aladin.co.kr/product/100/29/cover500/8958072067_1.jpg, 에릭 체스터 외 지음;김경숙 옮김, 뜨인돌,2007
사회과학,공부상처,"이 책을 펴낸 첫 번째 이유는 저자가 임상의학 진료실에서 만나는, 매일 공부 못한다고 혼나는 아이들을 대변하기 위해서이다. 그들이 원래 못하거나 일부러 못하고 싶어서 그러는 것이 아니라는 점을 알리기 위해서다.",https://image.aladin.co.kr/product/4130/43/cover500/1195176163_1.jpg, 김현수 지음, 에듀니티,2014
사회과학,노트 3권의 비밀,"노트 3권에 예상·실행·결과를 기록하는 성공하는 직장인의 ‘전략적 노트 사용법’이 담긴 책. 평범한 직장인 시절부터 노트를 바탕으로 일을 하며 다양한 사용법을 시도한 끝에 지금에 이른 저자 미사키 에이치로는 자신이 실제로 사용한 노트, 필기도구, 디지털 기기 등을 하나하나 구체적으로 보여주며 더욱 빨리, 더욱 즐겁게 메모할 수 있는 방법에 대해 얘기한다.",https://image.aladin.co.kr/product/822/27/cover500/8984454184_1.jpg, 미사키 에이치로 지음;김현영 옮김, 시그마북스,2010
사회과학,보고의 정석,공모전 23관왕으로 이름을 알리기 시작하여 기획의 멘토로 자리잡은 저자는 매일 “아이디어는 참 좋은데…” 성과를 내지 못해 옆자리 동료에게 밀리는 독자들을 위하여 마침내 ‘한눈에 들어오는 기획력’을 만드는 ‘보고의 기술’을 공개하기로 했다.,https://image.aladin.co.kr/product/4095/90/cover500/8964656253_3.jpg, 박신영 글;박혜영 그림, 엔트리(메가북스),2014
사회과학,승자독식사회,"승리한 1등이 모든 것을 독차지하는 사회, 갈수록 치열해지는 현대사회 무한경쟁의 본질을 분석한 책. 20 : 80의 사회를 넘어 1 : 99의 사회로 달려가는 지금, 저자들은 누구도 원하지 않는 이런 승자독식현상이 계속되는 이유를 정교한 논리로 밝혀낸다. 또한 개인의 합리적인 판단이 사회적으로는 수많은 부작용을 낳는 이 모순적인 상황을 타개할 구체적인 해법들도 제시한다.",https://image.aladin.co.kr/product/185/32/cover500/890107902x_1.jpg, 로버트 프랭크;필립 쿡 [공]지음;권영경;김양미 [공]옮김, 웅진지식하우스,2008
사회과학,한 번은 독해져라,다양한 분야와 영역을 넘나들며 전방위 활동을 펼쳐온 김진애 박사가 일과 인생 사이에서 자신감을 잃고 흔들리는 이들을 위해 쓴 책이다.,https://image.aladin.co.kr/product/4326/67/cover500/1130603342_2.jpg, 김진애 지음, 다산북스,2014
사회과학,(명문학벌 안 부럽다)특성화고 전성시대,"수년간 경기도 내 취업률 1위 고등학교로 선정된 수원 삼일상업고등학교 교사, 학생, 학부모가 직접 말하는 ‘특성화고 성공 스토리’이다. 수원 삼일상업고등학교에서 진로취업지도를 담당하는 교사들이 특성화고 현장에서 직접 경험한 노하우를 소개한다.",https://image.aladin.co.kr/product/3578/48/cover500/8926396592_1.jpg, 김순효 외 지음, 서울문화사,2014
사회과학,16배속 공부법,"반에서 중간도 안 되는 성적으로 1년 만에 16년 학과 공부를 해치워 당당히 도쿄대에 합격, 영어 한 마디 못하는 수준에서 1년 만에 하버드대에 합격, 1년 만에 한국어 능력 최상급을 취득한 모토야마 가쓰히로의 공부법을 소개한다. 그의 공부 비밀은 바로 공부를 16배의 속도로 해낼 수 있는 '16배속 공부법'이다.",https://image.aladin.co.kr/product/434/23/cover500/8901098628_3.jpg, 모토야마 가쓰히로 지음;황선종 옮김, 웅진지식하우스,2011
사회과학,어떤 사람이 최고의 자리에 오르는가,"하버드 경영대학원 커뮤니케이션 코치이자 빌 클린턴, 오프라 윈프리 등 유명 정치가와 방송인 등을 상담 지도해 온 미국 소통 전문가의 책. 저자들은 10여 년간 정치, 경제, 문화 등 다양한 분야에서 최고의 자리를 놓치지 않은 위대한 사람들의 설득력을 집중 분석하였다.",https://image.aladin.co.kr/product/4069/15/cover500/8994013822_1.jpg, 존 네핑저;매튜 코헛 [공]지음;박수성 옮김, 토네이도,2014
사회과학,"열아홉, 당당한 직장인이 되어라","고졸취업을 준비하는 청소년들을 위해 제작된 책. 현실적이고 냉철한 현상분석과 직업분석, 다양한 추천직업과 직업소개 등 알찬 내용으로 구성하였다. 진로선택에 실질적인 도움을 줄 수 있는 로드맵을 제시하기 위해 집필에 심혈을 기울였다.",https://image.aladin.co.kr/product/3270/69/cover500/1155420519_1.jpg, 김상호 지음, 매일경제신문사,2013
사회과학,이것이 진짜 공부다,"학습법 전문가 박철범, 강성태, 이병훈이 최초로 한 자리에 모여 공부에 대한 강력한 동기와 핵심적 공부 비법을 밝힌다. 2012~2013년, 서울과 부산에서 단 3회 만에 학생과 학부모 총 1만 여명이 참석한 뜨거운 강연회의 현장을 생생히 담고 있다.",https://image.aladin.co.kr/product/3381/74/cover500/1130600831_2.jpg, 이병훈 외 지음, 다산에듀,2013
사회과학,제로의 기적,"2,555일의 눈물과 기쁨을 기록한 리얼 감동 휴먼 스토리. 유니세프 미국기금 회장 겸 CEO이자 세 아이의 엄마인 캐릴 스턴이 세계 곳곳의 구호 활동 현장에서 굶주림, 가난, 질병으로 죽어가는 아이들을 살리기 위해 걸어온 7년간의 여정을 담았다.",https://image.aladin.co.kr/product/3358/44/cover500/8947529389_3.jpg, 캐릴 스턴 지음;정윤희 옮김, 프런티어,2013
사회과학,탐스 스토리,"사업과 기부를 동시에 실천한 탐스 슈즈의 ‘착한 성공기’ 가 담긴 책. 탐스의 CEO 블레이크와 탐스에 대한 이야기뿐만 아니라, 단순하고 착한 아이디어를 실천하여 세상에 기여하고 사업적 성공도 이룬 사람들의 다양한 경험담과 그것을 실천하는 실용적인 방법들이 담겨 있다.",https://image.aladin.co.kr/product/1738/34/cover500/8984073792_1.jpg, 블레이크 마이코스키 지음;노진선 옮김, 세종서적,2014
사회과학,TED처럼 말하라,"프레젠테이션과 스피치를 가장 효과적으로 수행하기 위한 완벽한 강연 시스템을 담고 있다. 강연 장소가 TED 무대, 기업, 학교 어디냐에 상관없이 세계 최고의 연사들이 쓰는 기술을 익혀 사용할 수 있도록 해줄 것이다.",https://image.aladin.co.kr/product/4482/40/cover500/8956746206_1.jpg, 아카시 카리아 지음;김준수 옮김, 정보문화사,2014
사회과학,눈은 세계로 가슴은 조국으로,"한창우, 일본 레저산업 매출 1위인 마루한주식회사 회장이다. 세계적인 경제지 일본판은 그를 3년 연속 일본의 억만장자로 소개했다. 쌀 두 되와 영어사전 하나만 달랑 들고 일본행 밀항선을 탔던 삼천포 소년이 세계적 거상이 되기까지의 이야기를 담았다.",https://image.aladin.co.kr/product/93/33/cover500/8995919817_1.jpg, 허만섭, 생각의지도,2007
사회과학,카이스트 미래전략 2020,"2020년은 기술과 인간이 ‘연결’을 넘어 ‘융합’의 단계로 진입하는 원년이 될 전망이다. ABCD(인공지능, 블록체인, 클라우드, 데이터) 기술은 도입기를 지나 ‘혁신 폭발기’에 진입했다. 기술 변화는 어떤 서비스를 탄생시키며, 새로운 서비스는 산업의 지형과 삶의 방식을 어떻게 변화시키는가? 세계는 변화에 어떻게 대응하고 있으며 우리는 무엇에 집중해야 하는가? 이 책은 이러한 질문에 해법을 제시한다.",https://image.aladin.co.kr/product/21320/49/cover500/8934999365_1.jpg, KAIST 문술미래전략대학원;미래전략연구센터 지음, 김영사,2019
사회과학,가장 쉬운 이모티콘 만들기,"이모티콘에 대한 기본적인 이해부터 시작하여 기획, 제작에 필요한 모든 스킬들을 담고 있다. 또한 여러 이모티콘 플랫폼들을 보기 쉽게 정리하여 카카오톡 외에도 작업한 이모티콘들을 판매할 수 있는 방법들에 대해 보여준다.",https://image.aladin.co.kr/product/21503/21/cover500/8956748446_1.jpg, 정수진(연서) 지음, 정보문화사,2019
사회과학,인공지능과 어떻게 공존할 것인가,"우리와 함께 어울려 살아가게 될 로봇과 인공지능의 사례들을 소개하고 그들과 공존하기 위해 무엇을 준비해야 하는지, AI 리터러시를 갖추기 위해 어떻게 해야 하는지 그 답을 찾아가는 책이다.",https://image.aladin.co.kr/product/21439/64/cover500/8998658607_1.jpg, 고선규 지음, 타커스,2019
사회과학,(10대를 위한)정의란 무엇인가,"세상엔 하나의 답으로 풀 수 없는 문제가 많다. 그래서 서로 대화하고 다른 사람의 입장을 들으며 합의를 이루어 나가는 것이 중요하다. 또, 다양한 상황에 마주쳤을 때, 여러 사람의 입장에서 문제를 보고 생각하여 바른 결정을 내리는 것이 중요하다.",https://image.aladin.co.kr/product/4947/78/cover500/8937886960_1.jpg, 마이클 샌델 원저;신현주 글;조혜진 그림, 미래엔,2014
사회과학,리더를 꿈꾸는 청소년에게,"세계적인 리더십 전문가이자 동기부여 멘토인 존 맥스웰이 점진적으로 확장되는 실천 방법, 구체적 사례, 노트 적기 등을 활용해 지금은 평범한 아이라도 정의롭고 선한 의도, 꿈과 목표로 세상을 이끄는 주인공이 될 수 있도록 코칭해준다.",https://image.aladin.co.kr/product/19286/95/cover500/k312635206_1.jpg, 존 C. 맥스웰 지음;김성 옮김, 애플북스,2019
사회과학,(오늘부터 시작하는)진로탐구영역,"청소년들이 스스로 답을 이끌어낼 수 있도록 조언하고 격려해줄 멘토가 되어 준다. 진로를 정할 때 고려해야 할 사항을 소개하고 진로의 영역을 탐구하기 위한 준비 과정과 진로탐색 과정에 함께함은 물론 일상에서 실천할 수 있는 작은 것들, 미래를 준비하는 자세까지 담았다.",https://image.aladin.co.kr/product/19003/77/cover500/8926888002_1.jpg, 김종형 지음, 이담Books,2019
사회과학,제로의 기적,"2,555일의 눈물과 기쁨을 기록한 리얼 감동 휴먼 스토리. 유니세프 미국기금 회장 겸 CEO이자 세 아이의 엄마인 캐릴 스턴이 세계 곳곳의 구호 활동 현장에서 굶주림, 가난, 질병으로 죽어가는 아이들을 살리기 위해 걸어온 7년간의 여정을 담았다.",https://image.aladin.co.kr/product/3358/44/cover500/8947529389_3.jpg, 캐릴 스턴 지음;정윤희 옮김, 프런티어,2013
사회과학,"인권, 세계를 이해하다","철수와 영희를 위한 사회 읽기 시리즈 3권. 독일, 일본, 이슬람, 팔레스타인 등 각 나라별 인권에 대한 깊이 있는 이해와 청소년의 해외 교류 경험에 대한 구체적 사례 등을 통해 세계 인권 문제는 물론 우리 사회 인권의 현주소와 나아갈 방향에 대해 폭넓게 들여다본다.",https://image.aladin.co.kr/product/21086/71/cover500/k102636789_1.jpg, 김누리 외 글, 철수와영희,2019
사회과학,파이어족이 온다,"많은 파이어족의 이야기를 통해 각자 다른 여건과 가치, 꿈꾸는 삶에 따라 파이어족이 되는 다양한 방법을 소개한다. 또한 파이어의 삶의 방식을 확립하고 전파했던 많은 선구자들을 만나고, 그들과 교육 프로그램을 참여해 자신이 직접 실천한 경험과 노하우도 공유한다.",https://image.aladin.co.kr/product/20780/79/cover500/s812636884_1.jpg, 스콧 리킨스 지음;박은지 옮김, 지식노마드,2019
사회과학,로마법 수업,"『라틴어 수업』의 저자 한동일의 신작. 인류법의 기원이자 인간다운 삶과 공동체를 이루어나가기 위한 로마인들의 길고 치열한 고민의 기록이었던 ‘로마법’에 대한 그의 강의는, 법을 공부하는 학생들에게 고대의 법 안에 숨겨진 뜨거운 인류애와 정의로운 삶에 대한 신념을 심어주었다.",https://image.aladin.co.kr/product/20775/11/cover500/8954657877_1.jpg, 한동일 지음, 문학동네,2019
사회과학,선량한 차별주의자,평범한 우리 모두가 ‘선량한 차별주의자’일 수 있다고 말하는 도발적인 책이다. 현장과 밀착한 인권·혐오문제 연구를 진행해온 연구자답게 이번 책에서 쉽고 재미있는 대중적 글쓰기를 선보인다.,https://image.aladin.co.kr/product/19874/76/cover500/k432636018_1.jpg, 김지혜 지음, 창비,2019
사회과학,판사유감,"법원을 둘러싼 다양한 군상과 재판을 통해 알게 된 우리 사회와 사법부 문제, 판결과 양형의 과정에 대해 쉽고 재미있게 들려주는 책으로 이름을 얻은 스테디셀러이기도 하다.",https://image.aladin.co.kr/product/21202/80/cover500/895465813x_1.jpg, 문유석 지음, 문학동네,2019
사회과학,20 VS 80의 사회,"《이코노미스트》 올해의 책으로 선정되며 미국 사회에 큰 반향을 일으켰던 책으로, 불평등에 실제 책임이 있는 상위 20퍼센트가 어떻게 사회를 망치고 있는지 조목조목 비판한다.",https://image.aladin.co.kr/product/20445/38/cover500/8937443589_1.jpg, 리처드 리브스 지음;김승진 옮김, 민음사,2019
사회과학,2020 트렌드 노트,"빅데이터를 기반으로 2020년 한국사회를 내다본다. 다음소프트의 생활변화관측소는 매월 1억 2000만 건의 소셜 빅데이터에서 1000여 개의 키워드를 도출해 변화상을 관찰하고, 이를 7개의 인사이트로 정리하는 작업을 한다.",https://image.aladin.co.kr/product/21173/81/cover500/k542636983_1.jpg, 염한결 외 지음, 북스톤,2019
사회과학,(환율과 금리로 보는)앞으로 3년 경제전쟁의 미래,"경제를 움직이는 핵심적 요소인 금리와 환율에 기반해 세계 경제의 흐름과 방향을 읽는다. 신한금융그룹에서 글로벌 시장 분석과 투자자산전략 업무를 담당한 저자는 금리와 환율을 씨줄로 1980년대 후반 일본의 추락, 1987년 한국의 외환위기, 2000년대 유럽의 재정위기, 최근 중국의 부채위기와 미국의 나 홀로 성장까지를 날줄로 엮어 세계 경제의 흐름을 읽고 미래를 전망한다.",https://image.aladin.co.kr/product/19980/37/cover500/k482635944_1.jpg, 오건영 지음, 지식노마드,2019
사회과학,(2020)한국이 열광할 세계 트렌드,"세계 시장에서 포착한 37개의 성공 비즈니스 사례를 담은《2020 한국이 열광할 세계 트렌드》는 기회를 선점하길 바라는 이들을 위해 KOTRA 전 세계 84개국, 129개 무역관에서 찾아낸 뜨거운 시장, 상품, 서비스를 담아낸 책이다. 수백 명의 주재원들이 지구촌 곳곳에서 직접 눈으로 목격하고 취재한 검증된 비즈니스들을 만나볼 수 있다.",https://image.aladin.co.kr/product/19832/23/cover500/8952739221_1.jpg, KOTRA 지음, 알키,2019
사회과학,시작의 기술,스스로를 주저앉히는 부정적인 독백을 멈추고 내 안의 진정한 잠재력을 일깨울 수 있는 7가지 단언이 준비되어 있다. 지금 당장 행동을 시작할 수 있게 스스로를 일깨우는 과정에서 꼭 필요한 진짜 무기들을 뒤통수를 탁 치는 깨달음과 설득력을 담아 소개한다.,https://image.aladin.co.kr/product/18936/5/cover500/8901230658_1.jpg, 개리 비숍 지음;이지연 옮김, 웅진지식하우스,2019
사회과학,하버드 상위 1퍼센트의 비밀,"세상의 많은 블랙 다이아몬드들이 새로운 성공을 밝히는 이야기들로 가득하다. 독자들은 사회가 평가한 성적 그대로를 자신의 한계로 생각해왔던 것을 버리고, 신호를 차단할 수 있는 용기와 자신의 분야에 깊어질 수 있는 힘을 가질 수 있다.",https://image.aladin.co.kr/product/26561/18/cover500/k842738038_2.jpg, 정주영 지음, 한국경제신문,2018
사회과학,인성도 스펙이다!,"‘나’와 ‘너’, 그리고 ‘우리’라는 화두로 인성이야기를 풀어가면서 우리의 마음을 들썩이게 하는 주제들, 이를테면 진로, 정체성, 분노, 의지, 인맥, 공감, 관계, 평판, 정직, 규범 등에 대해 진지하게 다른 각도에서 다시 한 번 생각하게 한다.",https://image.aladin.co.kr/product/21504/61/cover500/k922636196_1.jpg, 원은석 외 지음, M&K,2019
사회과학,Visual Thinking으로 하는 생각 정리 기술,"비주얼 씽킹을 시작하기 위한 기본 재료인 노트와 펜을 선택하는 방법부터 기본적인 선 그리기, 인물, 사물 등의 일상생활에서 쉽게 접할 수 있는 다양한 시각 자료들을 따라 그리며 그림 실력을 키울 수 있는 방법을 배울 수 있다.",https://image.aladin.co.kr/product/4809/51/cover500/8931447574_1.jpg, 온은주, 영진닷컴,2014
사회과학,(쉽게 읽는)백범일지,"'느낌표' 선정 의 주해자 도진순 교수가, 수년간의 집중적인 수정 집필과 역사적 고증, 학술적 보완을 거쳐 더욱 쉽고 알차게 엮어낸 '대중용 백범일지'다. 원본의 핵심을 잃지 않으면서도, 중복된 기록과 혼란스런 배열 상태를 정리해 백범의 생애와 시대의 흐름을 한눈에 이해할 수 있게 했다.",https://image.aladin.co.kr/product/60/31/cover500/8971992298_1.jpg, 김구 지음;도진순 옮김, 돌베개,2010
사회과학,생각의 힘을 키우는 토론수업,,https://image.aladin.co.kr/product/169/73/cover500/897085813x_1.jpg, 강병재 지음, 교보문고,2007
사회과학,(공감을 배우는 토론학교)문학. 2,"문학작품의 새로운 독법을 제안하는 문학토론 교과서로, 현직 국어교사들이 직접 작품을 선정하고 학습 활동을 구성했다. 문학 작품을 읽고 토론이 가능할 수 있도록 쟁점이 뚜렷한 8편의 작품을 수록했으며 작품별로 ‘논제설명’, ‘작품읽기’, ‘입장정하기’, ‘토론맛보기’, ‘더읽어보기’로 이루어진 5단계의 학습 활동을 제시하여 다면적이고 심층적인 독서토론을 가능하게 하였다.",https://image.aladin.co.kr/product/817/55/cover500/8994103120_1.jpg, 문학토론연구모임 엮음, 우리학교,2010
사회과학,좋은 국어 수업 어떻게 할 것인가?,,https://image.aladin.co.kr/product/58/34/cover500/8909109564_1.jpg, 이재승 지음, 교학사,2006
사회과학,88만원세대,"등의 책으로 주목받는 소장 경제학자 중 한 명인 우석훈 박사와 전직 지 기자 박권일의 공저, IMF 경제위기 이후의 10년 동안의 급격하게 격화되고 있는 '세대간 불균형' 문제를 외국의 변화들과 비교하며, 세대간 불균형이 지금 우리나라에서 가장 심각한 문제임을 환기시킨다.",https://image.aladin.co.kr/product/96/57/cover500/8995995203_1.jpg, 우석훈;박권일 지음, 레디앙,2007
사회과학,삶은 계속되어야 한다,2002년 공개적으로 한국 원폭 2세 환우의 문제를 세상에 알린 후부터 2005년 5월 29일 세상을 뜨기까지 원폭 문제를 환기시킨 김형률의 삶을 담은 다큐 인물 평전이다. 원폭의 문제를 개인의 문제에서 역사적·사회적 문제로 인식하게 된 과정과 그러한 인식을 토대로 벌여온 구체적인 활동을 담았다.,https://image.aladin.co.kr/product/216/77/cover500/8958622431_1.jpg, 전진성 지음, 휴머니스트,2008
사회과학,(EBS 다큐멘터리) 최고의 교수,"2008년 봄, 최고 석학들의 교수법을 공개해 화제가 된 EBS 다큐멘터리 <최고의 교수>. 이 책은 시간적 제약에 쫓겨 텔레비전에서 미처 보여주지 못한 많은 부분들을 오롯이 담아냈다. 교수법과 교육철학을 딱딱하게 소개하는 대신, 독자들을 세계 최고의 강의실로 초대한다.",https://image.aladin.co.kr/product/224/30/cover500/8959133116_1.jpg, EBS<최고의 교수>제작팀 지음, 위즈덤하우스,2008
사회과학,(에스퀴스 선생님의)위대한 수업,공교육이 무너진 대한민국 교육계에 신선한 충격을 안겨줄 에스퀴스 선생님과 그의 학생들이 만들어가는 놀라운기적의 이야기. 로스엔젤레스의 빈민가에서 22년간 아이들을 가르친 에스퀴스 선생님은 무료 급식에 의존해야 하는 극빈층 자녀이자 영어가 서투른 아이들을 모두 최고의 수재로 길러냈다.,https://image.aladin.co.kr/product/102/45/cover500/8992355203_1.jpg, 레이프 에스퀴스 지음;박인균 옮김, 추수밭,2008
사회과학,토론의 전사. 2: 디베이트의 방법을 찾다,"현직 교사인 저자가 우리 철학과 정서와 방법에 맞는 제대로 된 토론책을 써야겠다는 생각으로 집필한 책이다. 2권은 원탁 토론, 협상 토론, 세다 토론 등 다양한 토론 유형을 바탕으로 토론의 구체적인 방법을 제시한 토론 교육 안내서이다.",https://image.aladin.co.kr/product/1617/38/cover500/8964460634_1.jpg, 유동걸, 해냄에듀,2012
사회과학,(선생님을 위한)토론 교과서,"이전까지 출간된 토론 교육을 위한 책, 토론식 수업을 위한 책은 ‘어떤 토론을 할 것인가’에 대한 이야기는 나와 있어도 ‘어떻게 토론식 수업을 할 것인가’는 없었다. 이 책은 그런 갈증을 순식간에 해결해 줄 수 있는 책이다.",https://image.aladin.co.kr/product/1968/42/cover500/8993677484_1.jpg, 이연호;신동명 공저, 봄풀,2012
사회과학,토론을 알면 수업이 바뀐다,"토론에 대해 공부하며 토론 수업과 토론 대회, 토론 연수를 진행해 온 8명의 교사들이 토론에 관해 쓴 책이다. 토론이 무엇이며 왜 해야 하는지부터 토론 수업을 어떻게 준비하고 평가해야 하는지까지, 교실에서 토론 수업을 하는 데에 알아야 할 사항들을 충실하게 담았다.",https://image.aladin.co.kr/product/1189/29/cover500/8936472070_1.jpg, 신광재 외 공저, 창비(창작과비평사),2011
사회과학,이제는 대학이 아니라 직업이다,‘취업’과 ‘진학’이라는 두 마리 토끼를 다 움켜잡은 학생들의 실제 사례가 여럿 수록되어 있다. 변화하는 시대의 흐름에 맞춰 각자의 적성이 발휘될 수 있도록 저자가 제자들의 진로를 상담한 결과다.,https://image.aladin.co.kr/product/12081/86/cover500/k652531249_1.jpg, 손영배 지음, 생각비행,2017
사회과학,이제는 대학이 아니라 직업이다,‘취업’과 ‘진학’이라는 두 마리 토끼를 다 움켜잡은 학생들의 실제 사례가 여럿 수록되어 있다. 변화하는 시대의 흐름에 맞춰 각자의 적성이 발휘될 수 있도록 저자가 제자들의 진로를 상담한 결과다.,https://image.aladin.co.kr/product/12081/86/cover500/k652531249_1.jpg, 손영배 지음, 생각비행,2017
사회과학,대통령의 말하기,"총과 칼이 아닌 ‘말’로써 사람들의 마음을 움직인 노무현 대통령의 말하기 노하우를 23가지 원칙으로 정리한 저자는, 대화의 목적.대상.장소.상황에 맞는 대화법뿐만 아니라 말재주 없어도 편안하게 대화를 이어나갈 수 있는 소통하는 말하기의 진수를 제대로 배울 수 있게 도와준다.",https://image.aladin.co.kr/product/8996/98/cover500/s632531362_1.jpg, 윤태영 지음, 위즈덤하우스,2016
사회과학,개인주의자 선언,합리적 개인주의자들의 사회를 꿈꾸는 현직 부장판사 문유석이 말하는 대한민국 사회의 불편한 진실. 전작을 통해 현직 판사로서 법과 사람 그리고 정의에 대해서 이야기했던 저자가 이번에는 소년시절부터 현재까지 보고 겪었던 사회 문제에 대해 이야기한다.,https://image.aladin.co.kr/product/6716/75/cover500/s202635313_1.jpg, 문유석 지음, 문학동네,2015
사회과학,역사교사로 산다는 것,"'대안 교과서‘로 불린 《살아있는 한국사 교과서》(2002년), 《살아있는 세계사 교과서》(2005년)를 펴내며 교육계와 출판계에 파장과 화제를 동시에 불러일으킨 전국역사교사모임의 역사교사들이 전국역사교사모임 20주년을 맞이하여 지난날의 다양한 교육체험과 교육방법에 대한 실천과정을 푼 자전적 에세이다.",https://image.aladin.co.kr/product/241/90/cover500/8996123927_1.jpg, 전국역사교사모임 지음, 너머북스,2008
사회과학,자본주의 역사 바로 알기,"일반적으로 경제사 관련 서적은 각 시대의 기본적 특징을 설명하는 데 중점을 두어서 다소 딱딱한 느낌이 들지만, 이 책은 무엇보다 쉽고 명쾌하다. 저자는 화려하고 유머 넘치는 문체와 경제·역사·문학 등을 넘나드는 방대한 문헌들에서 골라낸 기가 막힌 인용문을 거침없이 사용, 구체적 사실들을 생생하게 서술하여 생동하는 역사상을 보여 주고 있다.",https://image.aladin.co.kr/product/22/93/cover500/8989056004_2.jpg, 리오 휴버먼 지음;장상환 옮김, 책벌레,2008
사회과학,아버지도 천재는 아니었다,"공부를 잘하고 싶지만 머리가 안 받쳐준다고 생각하는 10대들에게 전하는 이야기. 자신의 타고난 재능이나 능력, 환경을 비관하며 꿈을 향해 노력하지 않는 아이들에게 그들에게 자신이 가지고 있는 무궁한 가능성과 잠재능력을 일깨워주는 내용을 담고 있다.",https://image.aladin.co.kr/product/249/58/cover500/8976776062_2.jpg, 김상운 지음, 명진출판,2008
사회과학,우리문화 박물지,"가위부터 화로까지 우리 옛 생활문화 - 일상문화 속의 64개 물상들에 대한 탐색기. , 등의 문화에세이를 펴냈던 이어령의 또 다른 문화 에세이다. 해당 물상에 대해 함축성을 띤 제목을 붙이고, 10매가 넘지 않는 분량의 텍스트 안에서 이야기를 풀어나가고 있다.",https://image.aladin.co.kr/product/93/57/cover500/8970419497_1.jpg, 이어령 지음, 디자인하우스,2007
사회과학,학교 밖으로 떠나라,"이 책의 곳곳에서 넓고 넓은 가능성의 세계를 제시하며, 그와 더불어 실제로 ""교실의 틀을 벗어나"" 다양한 활동을 하면서 훌륭한 경험을 얻은 청소년 독자들이 경험자로서 같은 또래 청소년들에게 해 주는 조언을 전달하고 있다. 바로 이 책에서 여러분의 인생을 한 차원 높은 곳으로 끌어올릴 수 있는 방법론을 읽게 될 것이다.",https://image.aladin.co.kr/product/228/59/cover500/899319601x_1.jpg, 레베카 그린 지음;박영민 옮김, 세용,2008
사회과학,(조석희 박사의)0515 공부 클리닉,"조석희 박사의 자녀교육 노하우를 담은. 특히 기존의 자녀교육서와는 달리 공부를 못하는 원인이 '공부 방법'이 아닌 '성격'에 있다고 주장, 가정과 학교에서 부모님과 선생님이 즉시 활용할 수 있는 '성격별 공부법 및 대화법' 등 유용한 정보를 가득 실었다.",https://image.aladin.co.kr/product/285/5/cover500/8996148318_1.jpg, 조석희 지음, 왕의서재,2008
사회과학,체험으로 즐기는 수학,,https://image.aladin.co.kr/product/271/43/cover500/8987799719_1.jpg, 김부윤;이지성 지음, 수학사랑,2008
사회과학,디지털 네이티브,"<위키노믹스>의 저자이자 비즈니스 전략 분야의 최고 권위자로 꼽히는 돈 탭스콧이 '디지털 네이티브', 이른바 넷세대로 불리는 이들을 조명한다. 디지털과 함께 태어나고 성장한 '디지털 네이티브'들이 앞으로 어떻게 세상을 변화시켜 나갈지, 그들의 8가지 특징과 가치를 사회문화적, 인류학적, 경제적 측면에서 낱낱이 밝힌다.",https://image.aladin.co.kr/product/468/4/cover500/8991204600_2.jpg, 돈 탭스콧 지음;이진원 옮김, 비즈니스북스,2009
사회과학,모두 거짓말을 한다,"전 구글 데이터과학자 세스 스티븐스 다비도위츠는 검색 데이터를 이용해 사람들의 숨겨진 진짜 욕망과 생각을 탐사한다. 인종주의뿐 아니라 정신질환, 성생활, 아동학대, 낙태, 광고, 종교, 건강 등 다양한 주제에 걸쳐 인간의 충격적인 본성을 거침없이 보여준다.",https://image.aladin.co.kr/product/30461/50/cover500/k332830578_2.jpg, 세스 스티븐스 다비도위츠 지음;이영래 옮김, 더퀘스트(길벗),2022
사회과학,(밥 프록터)생각의 시크릿,"“사람은 생각하는 대로 된다.” 이 말을 자신의 삶으로 증명한 사람, 그것이 밥 프록터다. 그가 자신이 얻은 놀라운 깨달음을 『밥 프록터 생각의 시크릿』에 담았다. 이 책이 당신의 생각을 올바른 방향으로 이끌고, 결국 삶을 원하는 방향으로 인도할 것이다.",https://image.aladin.co.kr/product/30367/38/cover500/k152839756_1.jpg, 밥 프록터;그레그 S. 리드 [공]지음;김잔디 옮김, 페이지2,2022
사회과학,군중심리,"현대지성 클래식 39권. 지금껏 이해하기 어려웠던 팬덤 정치, 온라인 여론 형성 과정, 심지어 종교와 정치의 광기 등 최근의 여러 현상에 관해 명확한 관찰과 분석을 가능하게 한다.",https://image.aladin.co.kr/product/28089/57/cover500/k362734845_1.jpg, 귀스타브 르 봉 지음;강주헌 옮김, 현대지성,2021
사회과학,자본주의 역사 바로 알기,"일반적으로 경제사 관련 서적은 각 시대의 기본적 특징을 설명하는 데 중점을 두어서 다소 딱딱한 느낌이 들지만, 이 책은 무엇보다 쉽고 명쾌하다. 저자는 화려하고 유머 넘치는 문체와 경제·역사·문학 등을 넘나드는 방대한 문헌들에서 골라낸 기가 막힌 인용문을 거침없이 사용, 구체적 사실들을 생생하게 서술하여 생동하는 역사상을 보여 주고 있다.",https://image.aladin.co.kr/product/22/93/cover500/8989056004_2.jpg, 리오 휴버먼 지음;장상환 옮김, 책벌레,2008
사회과학,붕괴하는 세계와 인구학,지정학전략가 자이한의 네 번째 책 <붕괴하는 세계와 인구학>이 출간되었다. 자이한은 우리가 알던 세계의 종말이 올 것이라고 말한다. 책에서 예측하는 세계 붕괴의 양상은 우리의 상상을 초월한다. 더욱 당혹스러운 건 한국이 헤쳐나갈 방도가 잘 보이지 않는다는 것이다.,https://image.aladin.co.kr/product/30936/92/cover500/8989566886_1.jpg, 피터 자이한 지음;홍지수 옮김, 김앤김북스,2023
사회과학,불안,"일상의 철학자 알랭 드 보통이 파헤친 불안, 그 원인과 해법. '불안'은 현대를 사는 우리에게는 매우 밀접한 개념이다. 알랭 드 보통의 말대로, 우리의 삶은 불안을 떨쳐내고, 새로운 불안을 맞아들이고, 또 다시 그것을 떨쳐내는 과정의 연속인지도 모른다. <불안>은 우리가 일상 속에서 겪는 다양한 종류의 불안 중 사회적 지위와 관련된 불안을 집중적으로 탐구하고 있다.",https://image.aladin.co.kr/product/1435/6/cover500/8956605599_2.jpg, 알랭 드 보통 지음;정영목 옮김, 은행나무,2011
사회과학,세이노의 가르침,"2000년부터 발표된 그의 주옥같은 글들. 독자들이 자발적으로 만든 제본서는 물론, 전자책과 앱까지 나왔던 《세이노의 가르침》이 드디어 전국 서점에서 독자들을 마주한다. 여러 판본을 모으고 저자의 확인을 거쳐 최근 생각을 추가로 수록하였다. 정식 출간본에만 추가로 수록된 글들은 목차와 본문에 별도 표시하였다.",https://image.aladin.co.kr/product/30929/51/cover500/s302832892_1.jpg, 세이노 지음, 데이원,2023
사회과학,세이노의 가르침,"2000년부터 발표된 그의 주옥같은 글들. 독자들이 자발적으로 만든 제본서는 물론, 전자책과 앱까지 나왔던 《세이노의 가르침》이 드디어 전국 서점에서 독자들을 마주한다. 여러 판본을 모으고 저자의 확인을 거쳐 최근 생각을 추가로 수록하였다. 정식 출간본에만 추가로 수록된 글들은 목차와 본문에 별도 표시하였다.",https://image.aladin.co.kr/product/30929/51/cover500/s302832892_1.jpg, 세이노 지음, 데이원,2023
사회과학,기버. 2: 셀 모어,나누고 베푸는 삶이 가져다주는 놀라운 성취에 대해 이야기하며 전 세계적으로 폭발적인 인기를 끈 <기버 1>의 후속작이자 2012년 출간되었던 <가슴은 뜨겁게 접촉은 가볍게>의 개정판이다.,https://image.aladin.co.kr/product/23178/95/cover500/k262630317_2.jpg, 밥 버그;존 데이비드 만 [공]지음;안진환 옮김, 포레스트북스,2020
사회과학,심리학이 제갈량에게 말하다. 2: 우연한 사건이 운명을 바꾼다,‘현대 심리학으로 읽는 《삼국지》 인물 열전 시리즈’의 두 번째 인물은 제갈량이다. 제갈량은 삼국지에 등장하는 수많은 인물 중에서도 단연 돋보이는 영웅이다. 근거지가 없어 떠돌이 신세였던 유비에게 천하를 셋으로 나누어 한 곳을 차지하게 만든 천하삼분지계는 지혜의 화신 제갈량의 능력을 여실히 보여 준다.,https://image.aladin.co.kr/product/31239/23/cover500/8972773735_1.jpg, 천위안 지음;정주은 옮김, 리드리드,2023
사회과학,기죽지 않고 흥분하지 않고 끝까지 할 말 다 하는 법,"말 잘하는 사람들의 비결을 15가지로 제시한다. 한편 기술적인 부분을 넘어서, 저자는 무엇보다 '우리가 대화를 나누는 근본적인 이유-사회적 욕구에 집중하라'고 강조한다. 대화를 잘하는 비결은 궁극적으로 '상대의 사회적 욕구'를 충족시켜주는 데에 있고 상대를 존중하고 소중한 사람이라고 느끼게 해주는 것이 호감가는 사람들이 지닌 말 습관의 가장 근본적인 비결이라는 것이다.",https://image.aladin.co.kr/product/23821/1/cover500/k672639183_1.jpg, 제니퍼 엘리슨 지음;윤동준 옮김, 다른상상,2020
사회과학,공정하다는 착각,"“우리가 ‘노력하면 성공할 수 있다’고 너무나도 당연히 생각해왔던, 개인의 능력을 우선시하고 보상해주는 능력주의 이상이 근본적으로 크게 잘못되어 있다”고 주장한다. 이러한 능력주의가 제대로 공정하게 작동하고 있는지, ‘공정함=정의’란 공식은 정말 맞는 건지 진지하게 되짚어본다.",https://image.aladin.co.kr/product/31517/63/cover500/k142832536_1.jpg, 마이클 샌델 지음;함규진 옮김, 와이즈베리(미래엔),2020
사회과학,조국의 법고전 산책,"저자 조국이 고른 법과 관련된 고전 15권을 중심으로 핵심 내용을 소개하고, 그것이 지금의 한국 사회에 어떤 의미를 갖는지 밝히는 책이다. 이 책에서 다루고 있는 법고전의 사상은 현대 민주주의 사회의 법과 제도 속에 여전히 살아 움직이고 있다.",https://image.aladin.co.kr/product/30455/59/cover500/8997780514_2.jpg, 조국 지음, 오마이북,2022
사회과학,공생의 기술,"현재 인류가 맞닥뜨린 지구적 문제들을 푸는 열쇠로 ‘공생’을 제시하며, 잃어버린 공생 감각을 키우기 위한 해법을 과학기술이나 시스템 같은 외부의 무엇이 아닌 ‘마음’에서 찾는다. 또 나와 지구가 생명으로 연결되어 있음을 느끼는 지구 감수성과 지구경영에 관한 생각을 들려준다.",https://image.aladin.co.kr/product/31034/10/cover500/8956994455_2.jpg, 이승헌;스티브 김 [공]지음, 한문화,2023
사회과학,하워드의 선물,"죽음의 문턱에서 되살아난 세계적인 석학 하워드 교수가 말하는 ‘후회 없는 인생을 사는 12가지 지혜’가 담긴 책. 어느 날 갑작스런 심장마비로 쓰러졌다가 기적적으로 깨어난 하워드와, 그의 제자 에릭이 수년동안 함께 나눈 대화를 기초로 쓰인 책이다.",https://image.aladin.co.kr/product/2405/22/cover500/8960865907_1.jpg, 에릭 시노웨이;메릴 미도우 [공]지음;김명철;유지연 옮김, 위즈덤하우스,2013
사회과학,지니킴 스토리,"스물여덟이란 나이에 400만 원의 자본금으로 첫 론칭한 '지니킴'을 샤넬, 구찌, 프라다 등과 나란히 하는 명품 브랜드로 성장시키고 패션의 평등을 꿈꾸며 두 번째 브랜드 페르쉐를 론칭하기까지, 숨 가쁘게 달려온 지니 킴의 꿈과 도전의 드라마.",https://image.aladin.co.kr/product/2588/68/cover500/8927804295_2.jpg, 김효진 지음, 중앙books,2013
사회과학,낯선 사람 효과,"<80/20 법칙>의 저자 리처드 코치가 10년 만에 내놓은 새로운 시대 통찰이 담긴 책. 지극히 가능성이 낮은 사건들 혹은 낯선 사람들이 서로 얽히면서 놀라운 결과를 만들어내는 과정, 그리고 이를 뒷받침할 과학적인 증거와 법칙들을 보여준다.",https://image.aladin.co.kr/product/2096/2/cover500/8965960495_1.jpg, 리처드 코치 외 지음;박세연 옮김, 흐름,2012
사회과학,중국의 품격,"도올 김용옥 적극 추천한 책. 현재 베이징대학교 국학연구원 러우위리에의 신작이다. 러우위리에는 중국에서 유, 불, 도를 유일하게 두루 이야기할 수 있는 이 시대의 유일한 석학이다. 또한 수십 년 전 도올 김용옥이 사상적 은혜를 입은 지적 스승이기도 하다.",https://image.aladin.co.kr/product/1106/63/cover500/8992708858_3.jpg, 러우위리에 지음;황종원 옮김, 에버리치홀딩스,2011
사회과학,(그래서 혹은 그럼에도 불구하고)나는 작은 회사에 다닌다,"작은 회사에 다녔던 스물아홉과 서른이 만난 13명의 당당한 청년들의 이야기가 담긴 책. 작은 스토리텔링 회사를 함께 다닌 스물아홉, 서른의 친구가 회사를 그만두고 방황하던 중 작은 회사를 통해 꿈꾸고 도전하는 또래의 청춘들을 찾아 나섰다.",https://image.aladin.co.kr/product/2011/94/cover500/8996922218_1.jpg, 김정래;전민진 지음, 남해의봄날,2012
사회과학,공부하는 인간,"KBS 글로벌 대기획 다큐멘터리 [공부하는 인간]이 3월 KBS 1TV를 통해 방영될 예정이다. 제작진이 방영 전에 도서를 출간하는 의미는 일방적인 정보 전달의 한계를 넘어 독자, 시청자와 교류할 수 있는 창구로써 함께 소통하고자 비롯되었다.",https://image.aladin.co.kr/product/2390/77/cover500/8959137219_2.jpg, KBS 공부하는 인간 제작팀 지음, 예담,2013
사회과학,독일 사회와 문화,,https://image.aladin.co.kr/product/1920/96/cover500/8957269452_1.jpg, 이진희 지음, 한국문화사,2012
사회과학,경제다반사,지식경제부가 운영했던 웹진 [경제 다반사]의 콘텐츠를 기반으로 하여 어려운 경제 지식들을 일상적인 예화를 들어 풀어낸 책이다. 특히 현재 우리 실생활 속에서 일어나고 있는 현상들을 경제 지식들과 연결했다.,https://image.aladin.co.kr/product/1974/5/cover500/8997729020_2.jpg, 웹진경제다반사기획팀 지음, 레디셋고,2012
사회과학,공자처럼 학습하라,"[논어]가 ‘학이시습지’로 시작한다는 점에 착안하여 공자의 사상을 학습법의 관점으로 접근한 최초의 책이다. 또한 마흔 이후 저자 자신의 혁명적인 변화과정과 현장에서의 교육체험을 생생히 담았다. 이 책에서 염두에 둔 것은 두 가지다. 하나는, 공자의 사상을 현대인이 쉽게 접할 수 있도록 비전ㆍ목표ㆍ과정ㆍ실천ㆍ결과로 나누어 새롭게 조명하는 것이고, 또 하나는 한국 역사상 가장 성실하게 학습하고 최선을 다해 일하면서도 여전히 안타까움과 절박함 속에 살아가는 40, 50대를 주 대상으로 했다는 것이다.",https://image.aladin.co.kr/product/1659/39/cover500/8955333994_1.jpg, 손기원 지음, 새로운제안,2012
사회과학,배우고 익히면 즐겁지 아니한가,"57세에 다시 공부하고 싶다는 열정만으로 시작된 사토 도미오씨의 공부편력기이자, ‘그 나이에도’ 할 수 있는 게 많다는 것을 보여주는 실제적인 기록이다. 인생의 재도약을 꿈꾸는 오십대에게 어떻게 공부가 인생의 가능성을 열어줄 수 있는지를 보여준다.",https://image.aladin.co.kr/product/397/35/cover500/8960861790_1.jpg, 사토 도미오 지음;이수미 옮김, 위즈덤하우스,2009
사회과학,(멋진 인생을 원하면)불타는 구두를 신어라,"콤포트 슈즈 업계 매출 1위 안토니(주)의 김원길 대표의 이야기가 담긴 책. 김원길 대표는 이 책를 통해 명문 대학, 대기업 직장이라는 간판에 끌려 다니며 ‘내가 선택한 삶’에 대한 열망을 숨긴 채 청춘을 마감하는 젊은이들의 가슴속에 다시 꿈을 지핀다.",https://image.aladin.co.kr/product/2467/74/cover500/8950946750_1.jpg, 김원길 지음, 21세기북스,2013
사회과학,창업의 정석,"매년 자랑스러운 창업가들의 도전과 창조의 과정을 주제로 카이스트 학생들에게 감동을 전해주는 ‘카이스트 CEO 특강’을 엮어낸 책. 다양한 인물, 다양한 분야의 창업가 혹은 기업가들의 성공 CEO가 되기 위한 전략들이 담겨 있다.",https://image.aladin.co.kr/product/2480/12/cover500/8992885733_1.jpg, 김영지 외 지음, 북콘서트,2013
사회과학,내 작은 회사 시작하기,"스티브 잡스의 성공을 도운 것은 자신이 가진 독특한 콘텐츠를 크리에이티브하게 사업화한 혁신에 있었다. 이 책의 13명 크리에이터들 역시 컴퓨터 하나 들고, 창의적인 콘텐츠를 무기로 세상에 도전장을 내밀었다.",https://image.aladin.co.kr/product/1997/99/cover500/8970415920_1.jpg, 정은영 지음, 디자인하우스,2013
사회과학,"낼모레 서른, 드라마는 없다","<열정, 같은 소리 하고 있네>의 저자 이혜린의 세 번째 작품. 지금까지는 픽션을 통해 또래 여성들이 가지고 있는 고민을 유쾌하게 풍자했다면, 이번에는 여성들이 취업 후 만나게 되는 고민거리들을 에세이 형식으로 솔직, 발칙, 화끈하게 풀어냈다.",https://image.aladin.co.kr/product/2268/68/cover500/8973815903_1.jpg, 이혜린 지음, 소담,2013
사회과학,(청소년을 위한)이야기 정치학,전 세계 30개국에서 번역되어 100만 부 이상이 판매된 의 저자 페르난도 사바테르가 그 후속작으로 쓴 청소년 용 정치학 교양서이다.,https://image.aladin.co.kr/product/62/59/cover500/8901055163_1.jpg, 페르난도 사바테르 지음;안성찬 옮김, 웅진지식하우스,2013
사회과학,10대와 통하는 미디어,"인생의 밑그림을 그리는 청소년기에 세상을 바라보는 틀과 인생관 형성에 큰 영향력을 행사하는 미디어에 대해 이야기한다. 인간이 최초로 사용한 미디어인 말로부터 시작해 트위터, 페이스북 등 사회적 미디어까지, 미디어에 대한 인문학적인 내용을 담고 있다.",https://image.aladin.co.kr/product/1797/42/cover500/899346331x_1.jpg, 손석춘 글;김용민 그림, 철수와영희,2012
사회과학,왜 세계는 전쟁을 멈추지 않는가?,인류에 있어 가장 끔찍한 살육의 행위인 전쟁의 실상을 구체적이고 생생히 들여다보는 책이다. 탄탄한 이론적 배경지식과 세심하고 치밀한 필력을 바탕으로 거미줄처럼 무수히 얽힌 전쟁과 폭력의 복잡한 원인과 구조 및 현상을 누구든 쉽게 읽을 수 있도록 친절히 설명하고 있다.,https://image.aladin.co.kr/product/357/28/cover500/8990809274_1.jpg, 디케나카 치하루 지음;노재명 옮김, 갈라파고스,2012
사회과학,소유의 종말,을 통해 첨단 기술에 의한 산업 변화가 노동의 종말을 초래할 것이라 진단한 바 있는 제레미 리프킨은 이 책에서 산업 사회를 지탱해 온 '소유'라는 개념 역시 종말을 맞게 될 것이라 예측한다. 속도가 좌우하는 변화의 시대에 재화를 움켜쥐고 있는 것은 더이상 부의 척도가 아니라는 것이다.,https://image.aladin.co.kr/product/27/85/cover500/8937424754_3.jpg, 제러미 리프킨 지음;이희재 옮김, 민음사,2013
사회과학,장하준의 경제학 강의,"영국 케임브리지대 경제학과 교수인 장하준이 쓴 ‘일반인을 위한 경제학 입문서’. 경제란 무엇이고, 경제학을 왜 알아야 하는지에서 출발해 자본주의 경제가 어떤 과정을 통해 현재에 이르게 되었는지 간략한 경제사를 훑어본 뒤 경제학의 주류인 신고전파는 물론 마르크스학파, 케인스학파, 개발주의, 행동주의 등 다양한 경제학파를 소개하고 장단점을 조목조목 설명해 준다.",https://image.aladin.co.kr/product/4353/24/cover500/8960514063_2.jpg, 장하준 지음;김희정 옮김, 부키,2014
사회과학,어쩌다 13년째 영어학원을 하고 있습니다,"셀프헬프 시리즈 12권. 살아남기 쉽지 않은 전쟁터와 같은 학원 시장에서 생존을 위해 고군분투하는 예비 원장, 초보 원장들에게 시행착오를 줄일 수 있는 학원창업 성공 레시피를 담았다.",https://image.aladin.co.kr/product/20620/11/cover500/896529214x_1.jpg, 문윤선 지음, 사이다,2019
사회과학,내일의 부. 1: 알파편,"저자가 직접 지난 수십년 간을 하루도 빼놓지 않고 분석하고, 그 자신이 직접 이 방법으로 투자하고 있으며, 그가 운영하는 다음 카페 ‘JD 부자연구소’에서 회원들이 투자에 활용하고 있고, 큰 효과를 보고 있는 세상에 단 하나뿐인 완벽한 부자 되기 비법이다.",https://image.aladin.co.kr/product/22779/31/cover500/k232636430_1.jpg, 김장섭 지음, 트러스트북스,2020
사회과학,존리의 금융문맹 탈출,"존 리가 지금까지 진행한 다양한 강연 내용을 모으고, 청중으로부터 받은 질문들에 답한다. 그리고 제대로, 넉넉하게 설명할 기회를 얻지 못했던 ‘금융문맹’이라는 개념에 초점을 맞추어 아직도 금융을 어려워하는 분들에게 금융에 보다 쉽게 접근할 수 있도록 책을 집필했다.",https://image.aladin.co.kr/product/25244/1/cover500/k542633100_1.jpg, 존 리 지음, 베가북스,2020
사회과학,인간의 내밀한 역사,"고독, 사랑, 공포, 호기심, 연민, 우울, 대화법, 섹스와 요리법, 이성애와 동성애, 운명 등 독특한 주제를 중심으로 ‘인간의 마음속에서 살아 움직이는 인류의 경험’을 고찰한 책이다.",https://image.aladin.co.kr/product/24790/60/cover500/k912633695_1.jpg, 시어도어 젤딘 지음;김태우 옮김, 어크로스,2020
사회과학,구경꾼 vs 주체,"‘강신주의 역사철학·정치철학 강의’ 세 번째 권은 프랑스 상황주의자이자 아방가르드 예술가, 영화감독이었던 기 드보르의 테제를 바탕으로 1960년대 학생운동과 냉전체제를 살피고 있다.",https://image.aladin.co.kr/product/25188/44/cover500/k342633694_1.jpg, 강신주 지음, 오월의봄,2020
사회과학,바이든 이펙트,2020년 11월 미국 대선에서 바이든의 승리를 가정하고 쓴 책이다. 바이든의 승리로 트럼프의 시대가 끝나고 새롭게 펼쳐질 미국 정치와 변화하는 세계에 대해 최대한 쉬운 언어로 설명하고 있다.,https://image.aladin.co.kr/product/25211/5/cover500/k322633703_1.jpg, 홍장원 지음, 한스미디어,2020
사회과학,교사의 시선,"최근의 미래 교육의 담론은 앞서가고 빨리 가는 것만을 이야기한다. 저자는 이 책에서 조금 다른 관점에서 교사의 삶과 우리의 교육에 대해서 들여다보며, ‘교사의 시선’을 되찾으려고 한다.",https://image.aladin.co.kr/product/25225/2/cover500/k962633807_1.jpg, 김태현 지음, 교육과실천,2020
사회과학,사이드잡으로 월급만큼 돈 버는 법,"블로그 강의, 인스타그램 프로그램, 전자책 발행, 외주 콘텐츠 제작, 체험단 운영 등의 파이프라인 구축을 통한 1년의 기록을 담았다. 현실, 탐색, 실전, 관리, 확장의 총 5장으로 구성했으며, 각 장이 끝날 때마다 이어지는, 스마트 스토어 운영, 쉐어하우스 운영, 프랜차이즈 매장 두 곳 운영 등 ‘사이드잡으로 돈 버는 사람들’ 5인의 진솔한 스토리는 덤으로 볼 수 있다.",https://image.aladin.co.kr/product/25020/50/cover500/8998294893_1.jpg, 윤소영 지음, 더블엔,2020
사회과학,그들이 말하지 않는 23가지,"세계적인 경제학자 장하준 케임브리지 대학 교수가 『나쁜 사마리아인들』 이후 3년 만에 내놓은 책으로,그 동안 신자유주의를 강력하게 비판해온 장교수의 2008년 세계금융위기 이후 첫 단행본이다. 책은 우리가 무심코 불가피한 것으로 받아들이곤 하는 경제 문제 23가지에 대해 역사적 사실(史實)과 주변 사례(事例)를 가지고 그 이면을 짚어 준다. 영국에서는 책이 나오자마자 아마존 경제 부문 1위에 올랐으며 이후 미국, 일본, 러시아, 독일, 네덜란드, 대만, 태국 등 모두 9개국에서 출간 또는 출간이 예정되어 있다.",https://image.aladin.co.kr/product/783/53/cover500/8960511196_3.jpg, 장하준 지음;김희정;안세민 옮김, 부키,2011
사회과학,(데일 카네기의)링컨 이야기,우리가 알고 있는 변호사이자 대통령인 에이브러햄 링컨뿐만 아니라 한 불우한 가정의 아들이자 젊어서 한 때 애틋하고도 슬픈 사랑을 했던 청년이자 바가지 긁는 아내의 남편이자 장난꾸러기 아들을 둔 아버지인 에이브 링컨을 만날 수 있다. 역사 너머에 있는 인간 링컨의 사적인 이야기를 통해 전기에 대한 편견을 뛰어넘을 수 있을 것이다.,https://image.aladin.co.kr/product/1127/82/cover500/8991984630_1.jpg, 데일 카네기 지음;베스트트렌스 옮김, 더클래식,2011
사회과학,시크릿=The Secret,"2007년 '아마존' 최고의 화제작. 출간하자마자 아마존 베스트셀러 목록에 올랐고, 에서 소개되었다. 방송 후 시청자들의 폭발적인 반응에 오프라 홈페이지마저 마비되었고, 결국 책은 미국에서 '가장 짧은 시간에 가장 많이 팔린 책'이 되어버렸다.",https://image.aladin.co.kr/product/92/71/cover500/8952206509_2.jpg, 론다 번 지음;김우열 옮김, 살림,2011
사회과학,시크릿 두번째 이야기,"아마존닷컴과 뉴욕타임스 베스트셀러 1위라는 기록을 남긴 <시크릿>을 이은 두번째 이야기. 지식으로 인식했던 부와 성공의 비밀을 어떻게 나에게 적용하여 실천할 것인지를 알려주고, 끌어당김의 법칙, 창조 과정, 긍정하기 등 머릿속에서만 막연하게 그리고 있던 비밀의 원리들을 누구나 이해할 수 있도록 쉽게 설명하였다.",https://image.aladin.co.kr/product/615/71/cover500/8952213076_1.jpg, 폴 해링턴 지음;장정운 옮김, 살림,2011
사회과학,정의란 무엇인가,"전미 언론이 격찬하고 하버드대학교에서 가장 인기 있고 영향력 있는 수업으로 손꼽혔던 샌델 교수의 실제 하버드대 강의 〈Justice〉를 바탕으로 쓴 책이다. 자유지상주의에서 공리주의, 아리스토텔레스에서 존 롤스까지 실제 수업을 바탕으로 누구나 빠지는 도덕적 딜레마에서 무엇이 옳은 일인가를 가장 흥미롭고 도발적으로 풀어낸 역작으로 정치철학의 중대한 질문을 오늘날의 골치 아픈 문제에 접목시켜 명쾌하게 대답한다.",https://image.aladin.co.kr/product/709/27/cover500/8934939605_3.jpg, 마이클 샌델 지음;이창신 옮김, 김영사,2011
사회과학,스무살 이제 직업을 생각할 나이,"는 올바른 직업의 개념을 심어주고, 자신에게 맞는 직업을 현명하게 찾을 수 있도록 도와주는 책이다. 유망 직업의 종류 및 정보를 제공하고 취업대란의 시대를 당당하게 헤쳐나갈 수 있는 방법, 그리고 성공적인 직장생활 노하우를 공개한다.",https://image.aladin.co.kr/product/46/67/cover500/8989353637_1.jpg, 이기대 지음, 미래의창,2006
사회과학,성적은 짧고 직업은 길다,"철학자 탁석산이 청소년과 대학생들에게 들려주는 직업에 관한 고찰. 직업을 찾기까지 좌충우돌했던 자신의 경험을 밑바탕 삼아 직업과 인생에 대한 이야기를 들려준다. 일의 의미가 무엇인지 짚어 보고, 일을 해야 하는 까닭, 자신에게 맞는 직업을 찾는 방법, 직업을 위해 준비할 것 등을 풍부한 사례와 함께 소개한다.",https://image.aladin.co.kr/product/482/66/cover500/8936458043_1.jpg, 탁석산 지음, 창비,2011
사회과학,스터디 코드,서울대생 3000여 명의 심층 인터뷰를 분석하여 얻어낸 '스터디 코드'를 소개한 책이다. 기존 개인사적 수기 형식의 공부 관련 도서들과는 차별되도록 수험생들이 쉽고 능률적으로 실천할 수 있도록 고안된 공부 프로그램과 실천 매뉴얼을 제시한다.,https://image.aladin.co.kr/product/67/27/cover500/8959868701_2.jpg, 조남호 지음, 랜덤하우스중앙,2011
사회과학,넌 죽어라고 공부하니? 난 집중해서 공부한다!. 2,,https://image.aladin.co.kr/product/25/67/cover500/6000029315_1.jpg, 유미현 지음, 평단문화사,2001
사회과학,우리 학교가 달라졌어요,"2003년 도쿄의 스기나마 구립 와다 중학교에 도내 최초의 민간인 출신 교장으로 취임한 이는 25년간 비즈니스맨으로 맹활약해 온 후지하라. 세 아이의 아버지인 그는 교장 취임 이후 좋은 학교를 만들기 위해 지역본부, 맞춤형 과외 '토요 글방', 입시학원과 제휴한 '방과 후 수업' 등 갖가지 노력을 기울임으로써 폐쇄 위기에 처했던 와다 중학교를 학력 1위 학교로 변모시키면서 일본 전역에 '와다중학교 신드롬'을 불러일으켰다.",https://image.aladin.co.kr/product/745/12/cover500/8960511013_1.jpg, 후지하라가즈히로 지음;전선영 옮김, 부키,2010
사회과학,공부 9단 오기 10단,"민족사관고등학교를 2년 만에 조기졸업한 후, 하버드, 프린스턴, 스탠포드, 코넬, UC 버클리, 존스 홉킨스, 듀크 등 미국의 명문대학 10곳에 합격한 17살 박원희 양의 이야기를 담았다. 17살의 나이에 미국의 유명 대학에서 입학 허가를 받은 그녀의 공부 비법은 오기와 열정, 그리고 꾸준함에 있다.",https://image.aladin.co.kr/product/5284/5/cover500/6000808842_1.jpg, 박원희 지음, 김영사,2011
사회과학,교육의 프로가 되는길,,https://image.aladin.co.kr/product/2772/60/cover500/scm122992501865.jpg, 안태홍 편저, 삼정,2011
사회과학,당신도 때로는 미칠 필요가 있다,,https://image.aladin.co.kr/product/62/80/cover500/8958970286_1.jpg, 베리 J. 몰츠 지음;양영철 옮김, 삼양미디어,2006
사회과학,이기는 공부 습관,"학생들이 자기 스스로 공부 목표를 세울 수 있도록 돕는 책. 시간을 관리하며, 개념 잡기, 질문하기, 읽기, 쓰기, 시험관리 등을 효과적으로 배우고 습관으로 만들어 원하는 학습성과를 낼 수 있는 방법을 제시했다. 단순한 경험이나 스킬을 알려주는 것이 아니라 공부의 원리와 개념을 우선 이해시킨 다음 구체적인 공부기술을 제시해 정확하고 안정적으로 사용할 수 있도록 했다는 점이 큰 특징이다.",https://image.aladin.co.kr/product/405/93/cover500/8955333137_1.jpg, 구본선;김호영 지음, 새로운제안,2009
사회과학,하늘과도 흥정을 하라,"대륙의 중국인, 세계의 화교들의 성공은 결코 패하지 않는 협상의 힘에 있다. 이 책은 4천년간의 중국의 풍부한 역사적 전통을 바탕으로 중국식 성공법을 이루는 협상술과 처세술을 정리한 책이다. 협상에서 승리하는 방법과 함께 중국인만의 특별한 대인관계 방법을 배울 수 있다.",https://image.aladin.co.kr/product/50/12/cover500/8990038839_1.gif, 공건 지음;양영철 옮김, 삼양미디어,2004
사회과학,자소서 스펙을 높이는 기적의 질문 노트,"글쓰기 훈련뿐만 아니라 자기소개서 작성에 필요한 소재를 위해 자기 자신을 뒤돌아 볼 수 있는 질문들로 구성해 놓았다. 실제 처음 자기소개서를 작성한다면 대부분은 어떻게 작성되는지, 그리고 그 내용을 바탕으로 어떠한 과정을 거쳐 최종적인 글을 완성할 수 있는지에 대해 자신감을 제시한다.",https://image.aladin.co.kr/product/14308/52/cover500/8987390144_1.jpg, 신동훈 지음, 북씽크,2018
사회과학,내가 만난 1퍼센트의 사람들,"삶을 풍요롭게 만드는 데 필요한 부, 사랑, 행복을 얻는 데는 일정한 법칙이 있다고 말한다. 풍요로운 부, 사랑, 행복을 자신의 것으로 만들 수 있는 힘은 누구나 가지고 있지만 그것을 발견하지 못할 뿐이다. 그러한 힘을 어떻게 끌어올려서 부와 연관시키는지 그 비법을 들려준다.",https://image.aladin.co.kr/product/12566/22/cover500/8992969538_1.jpg, 아담 J. 잭슨 지음;장연 옮김, 씽크뱅크,2018
사회과학,하버드 첫 강의 시간관리 수업,"시간의 선택과 집중, 효율적인 일 처리뿐 아니라 인생의 목표와 계획에 이르기까지 하버드 시간관리 프로젝트 연구원들이 하버드 출신들의 사례를 통해 일과 여유로운 삶의 균형을 이루고, 원하는 목표를 실현할 수 있는 비법을 선사한다.",https://image.aladin.co.kr/product/13677/92/cover500/8972773204_1.jpg, 쉬셴장 지음;하정희 옮김, 리드리드,2018
사회과학,혼자 하는 공부의 정석,"연령 불문, 성별 무관하고 살면서 만나는 어떤 공부라도 두렵지 않게 만들어주는, 공부의 새로운 바이블과도 같은 책. 혼자 공부하는 이들을 위한 모든 것이 총망라되어 있다. 지금부터 ‘혼공’하기로 결심하고, 이 책에 등장하는 5가지 원칙만 따라 하면 어떤 시험이든 합격할 수 있고, 어떤 공부든 나의 것으로 만들 수 있다.",https://image.aladin.co.kr/product/13189/60/cover500/k812532397_1.jpg, 한재우 지음, 위즈덤하우스,2018
사회과학,미래를 읽는 기술,"다양한 경제.서들 속에서 글로벌 경제의 흐름과 기술의 발전 및 트렌드를 짚어보고, 국내외 기업들이 어떤 전략을 취하고 있는지 그리고 그 속에서 개개인은 어떤 대안을 마련해야 하는지 등을 설명한다.",https://image.aladin.co.kr/product/13483/78/cover500/k052532405_1.jpg, 이동우 지음, 비즈니스북스,2018
사회과학,말이 칼이 될 때,"혐오사회를 조망하고 적대적이고 폭력적인 혐오의 문화를 변화시킬 대화의 가능성을 모색한다. 인권과 표현의 자유를 연구하고, 젊은 감각으로 한국 사회의 이슈를 다뤄온 저자는 혐오와 차별의 현실에 무감각한, 그래서 별다른 대책조차 없이 수수방관하고 있는 한국의 현실을 이야기하고 싶었다고 이야기한다.",https://image.aladin.co.kr/product/12783/0/cover500/k262532883_1.jpg, 홍성수 지음, 어크로스,2018
사회과학,웬만해선 그녀의 컴플레인을 막을 수 없다,"백화점 세일에서 영화 관람권, 통신사 요금 체계와 개인 정보 유출 문제까지 소심한 소비자를 우롱하는 기업의 횡포에 참지 않고 끝까지 따지고 추궁해, 단돈 ‘68원’이라도 받아내는 열혈 컴플레이너의 예측 불허 투쟁기이다.",https://image.aladin.co.kr/product/2804/60/cover500/8964561864_1.jpg, 김지영 지음, 중앙M&B,2013
사회과학,"지겹지 않니, 청춘 노릇","위로받고, 아파하고, 흔들리며 청춘 노릇만 하고 사는 오늘날의 청춘들에게 따끔하지만 자극이 되고, 도전이 되는 메시지를 건넨다. 청춘은 젊다는 이유 하나만으로도 오늘이 즐거워야 하고, 큰 신념과 이상을 가지고 있어야 한다고 전한다.",https://image.aladin.co.kr/product/3067/4/cover500/8927804716_1.jpg, 안준희 지음, 중앙books(중앙북스),2013
사회과학,(김난도의) 내일,"그간 청년들의 멘토로서 대한민국 청춘을 위로하고, 트렌드 전문가로서 한국 사회의 변화와 흐름을 날카롭게 진단해온 김난도 교수가 청년들의 가장 큰 현실적인 아픔이자 고통인 ‘일자리 문제’에 대해 이야기 하는 책이다.",https://image.aladin.co.kr/product/2820/59/cover500/8954621910_2.jpg, 김난도;이재혁 [공] 지음, 오우아,2013
사회과학,관계의 비밀,10년간 비밀 정보요원으로 활약한 저자가 최초로 공개하는 신뢰와 설득력을 바탕으로 상대를 내 편으로 만드는 비결이 담긴 책. 자신이 실제로 경험한 비밀스러운 첩보 업무의 생생한 실화와 함께 관계의 숨은 노하우를 알려주는 저자의 이야기가 펼쳐진다.,https://image.aladin.co.kr/product/2942/91/cover500/8956056412_1.jpg, 레오 마르틴 지음;김희상 옮김, 북하우스,2013
사회과학,교사도 학교가 두렵다,"무능하고 무책임한 학교를 바꾸기 위해 수많은 분석과 제안이 나왔다. 그러나 엄기호의 신작 <교사도 학교가 두렵다>는 오히려 수많은 분석에 빠져 있었던 것, 학교가 어떤 상태인지에 대해, 교사들은 어떻게 살아가고 있는지에 대해 말하고자 한다.",https://image.aladin.co.kr/product/3108/79/cover500/8998439042_1.jpg, 엄기호 지음, 따비,2013
사회과학,원하는 것이 있다면 감정을 흔들어라,"세계 1% 리더들을 사로잡은 하버드대학교 설득·협상 강의의 내용을 엮은 책. 협상에 나서는 모든 사람들에게 감정을 잘 다루는 강력한 ‘틀’을 제시한다. 감정의 원인을 유발하는 5가지 핵심관심을 알고, 이를 잘 활용해야 한다고 주장한다.",https://image.aladin.co.kr/product/2685/76/cover500/8947529125_1.jpg, 다니엘 샤피로;로저 피셔 [공] 지음;이진원 옮김, 한국경제신문,2013
사회과학,1등 기획서 상식사전,"하우젠, 센스, 애니콜 등 삼성의 전략브랜드를 진행하며 현장에서 잔뼈가 굵은 저자가 기획서 작성법의 모든 것을 알려주는 책이다. 이 책에서는 저자가 그동안 작성한 삼성, 코카콜라, 홈플러스 등 다양한 대기업의 기획서, 제안서 양식을 공개하고 있다. 실제 현장에서 작성하여 실행한 기획서, 제안서이기에 생생한 현장감을 느낄 수 있다.",https://image.aladin.co.kr/product/811/19/cover500/8975609618_1.jpg, 노동형 지음, 길벗,2010
사회과학,현대인들은 어떻게 공부해야 하는가,"바야흐로 평생 공부해야 하는 시대다. 정신건강의학과 전문의이자, 공부법 전문가인 노규식 박사는 오늘날 현대인들의 삶에 지대한 영향을 미치고 있는 동서양 인문과학자 7인의 공부법을 분석하여, 현대인들이 험난한 세상에 맞설 수 있는 능력을 발견하고 있다.",https://image.aladin.co.kr/product/7710/14/cover500/k412434822_1.jpg, 노규식 지음, 알투스,2016
사회과학,교육프로그램의 이론과 실제,"교육프로그램 개발 단계 및 절차에 따라 내용을 구성하였으므로, 교육프로그램을 개발하거나 설계하는 초보자에게 유용하며, 실제 사례를 중심으로 구성되어 있어 쉽게 이해할 수 있다.",https://image.aladin.co.kr/product/7877/39/cover500/8925410389_1.jpg, 신재한 지음, 교육과학사,2016
사회과학,자신만만 학생부 & 자소서,진로진학 강의로 유명한 보성고 진학 부장 배영준 교사가 학생부에 기록된 팩트(fact)를 바탕으로 임팩트(impact) 있는 자소서를 작성할 수 있도록 시크릿 7단계 작성 노하우를 전격 공개하고 있다.,https://image.aladin.co.kr/product/6066/16/cover500/897457747x_3.jpg, 배영준 지음, 키,2015
사회과학,이토록 공부가 재미있어지는 순간,2015년 2월 출간되어 5년이 넘는 시간 동안 ‘전국 서점 청소년 분야 스테디셀러 1위’를 기록하며 수많은 청소년에게 꿈과 희망을 심어준 책이다. 그 이유는 바로 이 책이 ‘공부의 본질’을 전하기 때문이다.,https://image.aladin.co.kr/product/28170/33/cover500/k562835560_1.jpg, 박성혁 지음, 다산3.0,2015
사회과학,한국사회 이야기주머니,1994년도에 출간된 <한국사회 이야기주머니> 개정판. 지금까지도 고등학교 사회 교과서에 가장 많이 인용되고 있고 교양필독도서 목록에서도 빠지지 않는 이 책이 지닌 매력은 무얼까? 약간의 개정증보 과정을 거쳤지만 이 책의 내용 가운데 대부분은 1990년대 한국사회를 비판적으로 분석하고 있는 글들로 이루어져 있다.,https://image.aladin.co.kr/product/1320/10/cover500/8993489149_1.jpg, 유승호 저, 가쎄,2011
사회과학,축적의 길,한국 경제가 한 단계 도약하기 위한 핵심이 시행착오의 축적을 통한 고도의 경험지식 확보에 있다는 진단으로 큰 반향을 일으킨 ‘축적의 시간’ 발간 이후 1년 6개월간의 연구를 종합해서 ‘어떻게 축적할 것인가’에 관한 대안을 제시하는 책이다.,https://image.aladin.co.kr/product/10788/32/cover500/k942530255_2.jpg, 이정동 지음, 지식노마드,2017
사회과학,"명견만리. 1: 인구, 경제, 북한, 의료 편","'명견만리'가 다룬 미래 사회의 주요 키워드들을 2편으로 나눈 것 중 그 첫 번째 결과물이다. 이번 1편에서는 인구, 경제, 북한, 의료 문제를, 2편에서는 교육, 기술, 중국, 윤리 문제를 다루고 있다.",https://image.aladin.co.kr/product/8468/10/cover500/k362535362_3.jpg, KBS〈명견만리〉제작진 지음, 인플루엔셜,2016
사회과학,"명견만리. 2: 미래의 기회편-윤리, 기술, 중국, 교육 편","전편 '명견만리'에서 인구, 경제, 북한, 의료 분야를 중심으로 기존의 예측을 깨는 내용들을 보여줬다면, 이번 '명견만리_미래의 기회 편'에서는 윤리, 기술, 중국, 교육 분야를 중심으로 우리 공동체와 개인의 미래를 바꿀 기회들을 탐색한다.",https://image.aladin.co.kr/product/9028/40/cover500/k292535907_3.jpg, KBS〈명견만리〉제작팀 지음, 인플루엔셜,2016
사회과학,"명견만리. 3: 정치, 생애, 직업 탐구 편","에서는 ‘정치, 생애, 직업, 탐구’ 네 주제를 통해 과거와 확연히 다른 모습으로 다가올 새로운 사회를 조명하고, 내일을 열어가기 위한 인류의 노력과 지혜를 모두 모았다.",https://image.aladin.co.kr/product/10951/46/cover500/k612531467_3.jpg, KBS〈명견만리〉제작팀 지음, 인플루엔셜,2017
사회과학,(10대를 위한)몰입 공부법,"몰입이란 무엇인지, 그리고 몰입을 통해서 최고의 나를 발견하고 이를 최고의 성과로 확장시켜낸 사람들의 이야기를 다루면서 왜 몰입해야 하는지를 설명한다. 현장 활동 속에서 저자가 체계화시키고 직접 만든 자료 등을 함께 제시한다.",https://image.aladin.co.kr/product/16574/82/cover500/8931582730_1.jpg, 정형권 지음, BM성안당,2018
사회과학,공부호르몬,"세로토닌, 도파민, 옥시토신과 같은 몇 가지 중요 호르몬은 학습에 지대한 영향을 미친다. 우리는 이러한 몇 가지 주요 학습 관여 호르몬을 통칭해 공부호르몬이라고 부른다. 이 책은 최상의 공부 상태를 유지할 수 있는 공부호르몬의 최적 지점부터 구체적인 스터디 계획표까지 공부호르몬을 깨우기 위한 실제적인 기술을 안내한다.",https://image.aladin.co.kr/product/15927/49/cover500/8950976439_1.jpg, 박민수;박민근 [공]지음, 21세기북스,2018
사회과학,공달신공,"자신만의 창의적인 공부 노하우를 가지고 있는 8인의 공부 달인들을 소개하고 그들의 공부법을 알려준다. 공신들은 공통적으로 하루 24시간의 대부분을 공부만 생각하며, 효율적인 공부법을 찾기 위해 부단히 노력했다. 책에 담긴 공부법을 통해 더 많은 시간을, 더 효율적인 방법으로 공부에 투자할 수 있다면 누구라도 공신이 될 수 있을 것이다.",https://image.aladin.co.kr/product/870/16/cover500/8989897491_1.jpg, 김태광 지음, 하늘아래,2011
사회과학,(청소년을 위한)피터 드러커,'현대 경영학의 아버지' 피터 드러커의 생애와 사상을 청소년의 눈높이에 맞춰 알기 쉽게 쓴 국내 최초의 청소년판 피터 드러커 안내서. 피터 드러커 연구의 국내 최고 권위자인 이재규 교수가 피터 드러커 탄생 100주년을 맞아 집필했다.,https://image.aladin.co.kr/product/422/38/cover500/8952211200_1.jpg, 이재규 지음, 살림Friends,2011
사회과학,트렌드를 읽는 기술,"이 시대 최고의 트렌드 분석가인 헨릭 베일가드가 20여 년간 연구해 온 트렌드의 모든 것, 트렌드의 탄생에서 확산, 변화, 소멸에 이르기까지 트렌드의 전 과정을 낱낱이 파헤친 책이다. 유행과 히트 상품은 어떻게 만들어지는가? 책은 이러한 궁금증에서 시작하여 새로운 스타일이 트렌드가 되기 위해서는 무엇이 필요한지에 대한 해답을 명쾌하게 보여 주고 있다.",https://image.aladin.co.kr/product/234/82/cover500/8991204430_1.jpg, 헨릭 베일가드 지음;이진원 옮김, 비즈니스북스,2010
사회과학,내 아버지로부터의 꿈,"2007년 최고의 이슈이자 미국 최초의 강력한 흑인 대통령 후보, 오프라 윈프리,조지 소로스, 워렌 버핏 등 각계 명사들이 공개 지지하는 동시에, 가는 곳마다 록 스타를 방불케 하는 대중의 열광적 환호와 지지를 불러일으키는 인물인 버락 오바마의 자서전.",https://image.aladin.co.kr/product/93/27/cover500/8925510149_1.jpg, 버락 오바마 지음;이경식 옮김, 랜덤하우스코리아,2009
사회과학,내 아버지로부터의 꿈,"2007년 최고의 이슈이자 미국 최초의 강력한 흑인 대통령 후보, 오프라 윈프리,조지 소로스, 워렌 버핏 등 각계 명사들이 공개 지지하는 동시에, 가는 곳마다 록 스타를 방불케 하는 대중의 열광적 환호와 지지를 불러일으키는 인물인 버락 오바마의 자서전.",https://image.aladin.co.kr/product/93/27/cover500/8925510149_1.jpg, 버락 오바마 지음;이경식 옮김, 랜덤하우스코리아,2009
사회과학,(마이클 샌델)왜 도덕인가?,"<정의란 무엇인가>로 한국사회에 신선한 돌풍을 일으킨 베스트셀러 작가 하버드대 마이클 샌델 교수가 이번에는 우리에게 보다 근본적이고 중요한 가치인 ‘도덕’을 말한다. 샌델 교수는 아리스토텔레스와 칸트의 철학 전통을 통해 ‘정치, 경제, 사회, 교육, 종교라는 사회를 구성하는 각 분야가 도덕에 기반해야 한다’고 역설한다.",https://image.aladin.co.kr/product/789/11/cover500/8947527750_2.jpg, 마이클 샌델 지음;안진환 옮김, 한국경제신문(한경비피),2010
사회과학,(마이클 샌델)왜 도덕인가?,"<정의란 무엇인가>로 한국사회에 신선한 돌풍을 일으킨 베스트셀러 작가 하버드대 마이클 샌델 교수가 이번에는 우리에게 보다 근본적이고 중요한 가치인 ‘도덕’을 말한다. 샌델 교수는 아리스토텔레스와 칸트의 철학 전통을 통해 ‘정치, 경제, 사회, 교육, 종교라는 사회를 구성하는 각 분야가 도덕에 기반해야 한다’고 역설한다.",https://image.aladin.co.kr/product/789/11/cover500/8947527750_2.jpg, 마이클 샌델 지음;안진환 옮김, 한국경제신문(한경비피),2010
사회과학,스티브 잡스,"전 세계 동시 출간되는 스티브 잡스가 인정한 유일한 공식 전기. 애플의 공동 창업주이자 전 CEO, 21세기를 움직인 혁신의 아이콘 스티브 잡스. CNN의 전 최고 경영자이자 《타임》 전 편집장인 월터 아이작슨의 독점 인터뷰를 통해 그의 전 생애와 우리 모두의 디지털 삶을 바꾼 혁신의 핵심 원천이 최초로 밝혀진다.",https://image.aladin.co.kr/product/1338/36/cover500/8937483947_1.jpg, 월터 아이작슨 지음;안진환 옮김, 민음사,2011
사회과학,스티브 잡스,"전 세계 동시 출간되는 스티브 잡스가 인정한 유일한 공식 전기. 애플의 공동 창업주이자 전 CEO, 21세기를 움직인 혁신의 아이콘 스티브 잡스. CNN의 전 최고 경영자이자 《타임》 전 편집장인 월터 아이작슨의 독점 인터뷰를 통해 그의 전 생애와 우리 모두의 디지털 삶을 바꾼 혁신의 핵심 원천이 최초로 밝혀진다.",https://image.aladin.co.kr/product/1338/36/cover500/8937483947_1.jpg, 월터 아이작슨 지음;안진환 옮김, 민음사,2011
사회과학,(NCS)모듈형 핵심 암기노트 + 무료 NCS 특강,"NCS 모듈형 소개를 담은 가이드를 수록한 수험서다. 최신 NCS 직업기초능력 10개 영역 핵심 이론을 수록하였고, NCS 모듈이론+심화자료+핵심정리+OX 문제를 실었다. 온라인 모의고사 2회(NCS통합 1회+핏 모의고사 1회)를 제공한다.",https://image.aladin.co.kr/product/30409/22/cover500/k962830260_1.jpg, NCS직무능력연구소;김현철 지음, 시대고시기획,2023
사회과학,하루 18문제로 18일 만에 끝내는 NCS + 무료NCS특강,"2023년 채용을 대비할 수 있는 수험서다. 상세한 해설로 혼자서도 학습이 가능하도록 하였으며, NCS 핵심영역 문제 유형에 대한 연습과 함께 자신의 실력을 최종 점검할 수 있도록 하였다. 또한, 온라인 모의고사를 제공하여 실전 연습을 할 수 있도록 하였다.",https://image.aladin.co.kr/product/31753/23/cover500/k102833002_1.jpg, NCS직무능력연구소 지음, 시대고시기획,2023
사회과학,해커스 GSAT 삼성직무적성검사 실전모의고사 10회분,"2023년 상반기 온라인 GSAT를 반영한 교재로, 수리논리/추리 영역 집중 공략이 가능하다. 가장 최근 시험인 2023년 상반기 3급 신입(대졸 채용) 온라인 GSAT의 출제경향과 기출유형을 철저히 분석하여 반영하였다.",https://image.aladin.co.kr/product/32252/4/cover500/8969653910_1.jpg, 해커스 GSAT 취업교육연구소 편저, 해커스잡,2023
사회과학,고시넷 휴노 NCS 출제유형 모의고사,㈜휴노 출제대행 공기업 NCS 필기시험을 대비할 수 있는 모의고사 문제집이다. 휴노 출제유형 분석으로 최근 시험 경향을 파악할 수 있도록 집필하였다. 최신 기출유형의 모의고사 6회분으로 실제 시험과 가장 가까운 문제풀이가 가능하다.,https://image.aladin.co.kr/product/32381/62/cover500/k432935781_1.jpg, 고시넷 NCS연구소 지음, Gosinet(고시넷),2023
사회과학,(고시넷 공기업)사람인 NCS : 출제유형모의고사,㈜사람인 출제대행 공기업 필기시험을 대비할 수 있는 출제유형 모의고사 문제집이다. 사람인 출제유형 분석으로 시험 경향을 파악할 수 있도록 하였다. 최신 기출유형의 모의고사 7회분으로 실제 시험과 가장 가까운 문제풀이를 제공한다.,https://image.aladin.co.kr/product/31814/89/cover500/k492833315_1.jpg, 고시넷 NCS 연구소 지음, Gosinet(고시넷),2023
사회과학,(에듀윌 공기업)한국수력원자력+5대 발전회사,"한국수력원자력, 남부발전, 남동발전, 동서발전, 서부발전, 중부발전 NCS 출제경향을 완벽히 반영하여 PSAT형 2회, 피듈형 3회, 모듈형 1회로 실전모의고사를 달리 구성하였다. 특히 최근 변경된 출제 영역 및 문항 수를 반영하여 각 기업의 출제 경향에 맞게 접근할 수 있을 것이다.",https://image.aladin.co.kr/product/31058/37/cover500/k392831425_1.jpg, 에듀윌 취업연구소 편저, 에듀윌,2023
사회과학,시대예보,"학벌 인플레이션, 돌봄 과도기, 투명 사회, 과잠 계급, 돌봄 과도기, 효도의 종말, 이연된 보상 등 지금 시대를 살펴본다. 동시에 한국인보다 서울러, 5분 존경 사회, 글로벌 계급장, AI 동료, 권위자와의 직거래, 마이크로 커뮤니티, 미정산 세대 등 앞으로 우리가 맞이할 핵개인 시대를 예보한다.",https://image.aladin.co.kr/product/32462/56/cover500/k942935205_3.jpg, 송길영 저, 교보문고,2023
사회과학,(운명을 바꾸는)부동산 투자 수업. [2]: 실전편,"82만 명의 투자 멘토, ‘부동산읽어주는남자’ 정태익의 첫 번째 투자서. 2권 ‘실전편’에서는 실제 부동산 투자에 필요한 다양한 배경지식과 함께 투자 플랜 세우기, 입지 분석법, 아파트 투자법, 비(非)아파트 투자법 등 다양한 투자 비법을 전수한다.",https://image.aladin.co.kr/product/29132/92/cover500/8901259311_2.jpg, 정태익 지음, 리더스북,2022
사회과학,최적의 공부 뇌,"저자는 바로 ‘해마’ 연구의 대가라 불리는 세계적인 뇌과학자 이케가야 유지이다. 그는 “공부에는 왕도가 없다”라는 말에 반기를 들며, 뇌의 특성을 이해하고 활용하면 누구든 성적을 상위권으로 끌어올릴 수 있다고 말한다.",https://image.aladin.co.kr/product/31957/93/cover500/k572833358_1.jpg, 이케가야 유지 지음;하현성 옮김, 포레스트북스(콘텐츠그룹 포레스트),2023
사회과학,하버드 100년 전통 자산관리 수업,단지 명문대를 졸업했기 때문일까? 하버드를 졸업한 이들은 대부분 부유한 삶을 누린다. 단지 명문대를 졸업했기 때문에 그렇다고 생각할 수는 없다. 지적 능력이 출중해도 가난에서 벗어나지 못하는 사람들이 많고 배움의 길이가 짧지만 부유한 삶을 이어가는 사람들도 흔하게 찾아볼 수 있기 때문이다. 저자는 폭넓은 사례분석과 연구를 통해 이 책에 그 이유를 집대성했다.,https://image.aladin.co.kr/product/32399/80/cover500/8972773824_1.jpg, 무천강 지음;이에스더 옮김, 리드리드출판,2023
사회과학,슈퍼노멀,"일평생 돈 걱정 하면서 살고 싶은 사람이 어디 있을까? 하지만 다들 부자의 삶을 꿈꾸면서도 체념해버린다. 금수저도, 천재도 아니므로 애초에 글렀다는 식이다. 진정 99%의 평범한 사람들은 부자가 될 수 없나? 그렇지 않다. 주위를 둘러보라. 한 달에 수천만 원을 벌어들이며 수십억 원의 자산을 쌓은 사람들이 지하철 한두 칸에 한 명씩은 있다. 이 책의 저자 주언규는 이렇듯 평범함의 범주 안에서 앞서나가는 사람들을 ‘슈퍼노멀’이라고 부른다.",https://image.aladin.co.kr/product/32308/43/cover500/890127437x_2.jpg, 주언규 지음, 웅진지식하우스(웅진씽크빅),2023
사회과학,1%를 읽는 힘,"국내 최고의 자본시장 분석가이자, 경제·주식 분야 파워 인플루언서로 타의 추종을 불허하는 독보적인 시각을 제시하는 메르의 모든 투자 노하우를 담은 책이다. 요동치는 시장 속에서 선명한 투자 지표를 찾는 법, 자신만의 관점을 만드는 법, 경제 원리 속에 숨은 부와 투자의 비밀이 이 책에 담겨 있다.",https://image.aladin.co.kr/product/32289/45/cover500/k852834850_1.jpg, 메르 지음, Tornado(토네이도),2023
사회과학,선택할 자유,"프리드먼을 통해 재조명받은 자유주의는 미국과 영국에 민영화, 감세 등의 정책을 이끌어냈다. 저자인 프리드먼은 ‘자유에 대한 정부의 지나친 제한’을 반대한다. 프리드먼은 책을 통해 결과적 평등을 얻으려는 정부의 정책이 어떻게 개인의 자유를 침해하는지에 대해 말한다.",https://image.aladin.co.kr/product/29770/17/cover500/8984292486_1.jpg, 밀턴 프리드먼;로즈 프리드먼 [공]지음;민병균;서재명;한홍순 [공]옮김, 자유기업원,2023
사회과학,우발적 충돌,"무역 전쟁, 기술 전쟁 그리고 신냉전 위기… 미국과 중국은 왜 적대적인 사이가 되었는가? 예일대 교수 스티븐 로치의 《우발적 충돌》은 간명하면서도 새로운 논지를 펼친다. 오늘날 심화된 미국과 중국 사이의 갈등은 애초에 일어나지 않았을 수 있었다는 것이다.",https://image.aladin.co.kr/product/32342/55/cover500/8947548944_1.jpg, 스티븐 로치 지음;이경식 옮김, 한국경제신문,2023
사회과학,헨리 키신저의 외교,미국 외교의 현실주의를 대표하는 헨리 키신저는 국제체제의 주요 변화들을 만들어낸 강대국들의 외교정책을 분석하면서 지난 1세기 동안 국제체제를 주도해온 미국 외교의 기원과 본질에 대한 가장 깊이 있는 통찰을 보여준다.,https://image.aladin.co.kr/product/32372/82/cover500/8989566894_1.jpg, 헨리 키신저 지음;김성훈 옮김, 김앤김북스,2023
사회과학,디케의 눈물,"2023년 6월 12일 법학자 조국은 서울대로부터 교수직을 파면당했다. 이 책은 법대 교수 조국이 법을 공부한 이유와 자신이 생각하는 공부의 참된 의미에 대해 기록한 책 『왜 나는 법을 공부하는가』 이후, 이제는 교수도 아니고 장관도 아닌 자연인으로서 지난 10년의 폭풍 같았던 시간을 통과하며 온몸으로 부닥친 투쟁을 집약한 책이다.",https://image.aladin.co.kr/product/32354/98/cover500/k662935367_1.jpg, 조국 지음, 다산북스,2023
사회과학,(EBS 다큐프라임)자본주의,"지금 자본주의는 기로에 놓여 있다. 이대로 갈 것인가, 새로운 길을 모색할 것인가. 약 250년에 걸쳐 우리 사회를 지배했으며 현재 위기를 겪고 있는 ‘자본주의’를 쉽게 풀어낸 방송, [EBS 다큐프라임 <자본주의> 5부작]이 책으로 출간됐다.",https://image.aladin.co.kr/product/3164/26/cover500/8957365796_1.jpg, EBS〈자본주의〉제작팀 지음, 가나,2023
사회과학,(EBS 다큐프라임)자본주의,"지금 자본주의는 기로에 놓여 있다. 이대로 갈 것인가, 새로운 길을 모색할 것인가. 약 250년에 걸쳐 우리 사회를 지배했으며 현재 위기를 겪고 있는 ‘자본주의’를 쉽게 풀어낸 방송, [EBS 다큐프라임 <자본주의> 5부작]이 책으로 출간됐다.",https://image.aladin.co.kr/product/3164/26/cover500/8957365796_1.jpg, EBS〈자본주의〉제작팀 지음, 가나,2023
사회과학,가짜 노동,"우리 사회에 금기시되었던, 하는 일 없이 바쁘고 무의미하게 시간만 낭비하는 일, 즉 ‘가짜 노동’은 무엇이고, 어떻게 우리의 과잉 노동을 불러왔는지에 대해 깊숙이 탐구한다.",https://image.aladin.co.kr/product/29901/27/cover500/8954448410_1.jpg, 데니스 뇌르마르크;아네르스 포그 옌센 지음;이수영 옮김, 자음과모음,2023
사회과학,일이란 무엇인가,"‘가진 것’ 없이 시작해 ‘사장’이라는 뚜렷한 목표를 향해 누구보다 성실히, 열심히, 치열히 달려온 저자가 ‘나중이 아닌 지금’, ‘다른 곳이 아닌 자신의 업에서’ 오직 ‘일로 성공하고자 하는 사람들’에게 건네는 현실적 조언이자 따뜻한 격려다.",https://image.aladin.co.kr/product/32046/33/cover500/8937417375_1.jpg, 고동진 지음, 민음사,2023
사회과학,머니 트렌드 2024,"경제 전반, 부동산, 주식, 테크, 인구, 사회 이슈 그리고 올해 새롭게 문화 트렌드 분야까지 더하여 각 분야의 전문가들이 돈의 흐름을 전망하고 이를 57가지 키워드로 정리해 한층 더 탄탄해진 내용으로 부의 노하우와 전략을 소개한다.",https://image.aladin.co.kr/product/32449/81/cover500/k542935398_1.jpg, 김도윤 외 지음, 북모먼트(북로망스),2023
사회과학,(2024)이기적 NCS직업기초능력평가 입문서 (고졸채용&초보자용),,https://image.aladin.co.kr/product/32532/4/cover500/893146813x_1.jpg, NCS CREW 지음, 영진.com(영진닷컴),2023
사회과학,(단기합격)해커스 NCS,"2018 하반기까지의 출제경향을 철저히 분석 및 반영하였다. 한 권으로 NCS의 모든 것을 대비할 수 있는 통합 기본서로, NCS 기출유형부터 실전모의고사까지 한 번에 끝내는 구성이다. 직업기초능력평가 + 직무수행능력평가 학습 내용을 모두 수록하였다.",https://image.aladin.co.kr/product/17668/0/cover500/8969651217_1.jpg, 김소원 외 저, 해커스공기업,2019
사회과학,(단기합격)해커스 NCS,"2018 하반기까지의 출제경향을 철저히 분석 및 반영하였다. 한 권으로 NCS의 모든 것을 대비할 수 있는 통합 기본서로, NCS 기출유형부터 실전모의고사까지 한 번에 끝내는 구성이다. 직업기초능력평가 + 직무수행능력평가 학습 내용을 모두 수록하였다.",https://image.aladin.co.kr/product/17668/0/cover500/8969651217_1.jpg, 김소원 외 저, 해커스공기업,2019
사회과학,(단기합격)해커스 NCS,"2018 하반기까지의 출제경향을 철저히 분석 및 반영하였다. 한 권으로 NCS의 모든 것을 대비할 수 있는 통합 기본서로, NCS 기출유형부터 실전모의고사까지 한 번에 끝내는 구성이다. 직업기초능력평가 + 직무수행능력평가 학습 내용을 모두 수록하였다.",https://image.aladin.co.kr/product/17668/0/cover500/8969651217_1.jpg, 김소원 외 저, 해커스공기업,2019
사회과학,(인성을 가르치는)학교 만들기,"미국 인성교육을 대표하는 필 빈센트(Pill Vincent) 박사와 한국형 12성품교육의 창시자인 이영숙 박사는, 현대의 학교와 가정, 사회가 겪고 있는 심각한 문제들의 근본적인 고리는 도덕성 문제에서 파생된 것이라고 단언한다.",https://image.aladin.co.kr/product/3201/7/cover500/8964033027_1.jpg, 이영숙;필립 핏치 빈센트 공저, 좋은나무성품학교,2013
사회과학,리밸런싱,감언이설로 경제를 속여 온 이들에 대한 날카로운 비판과 함께 곧 들이닥쳐 우리의 목을 옥죌 2019~2022년까지의 경제 상황을 전망하고 있다. 그리고 이러한 위기를 어떻게 돌파해야 하는지 제시하고 있다.,https://image.aladin.co.kr/product/17618/11/cover500/k432534014_1.jpg, 박홍기 지음, 좋은땅,2019
사회과학,초예측,"세계 석학 8명과의 대담을 엮은 책이다. 진행은 놈 촘스키, 마이클 샌델, 짐 로저스 등 세계 주요 인사들과 단독 인터뷰를 해온 경험 풍부한 국제 저널리스트 오노 가즈모토가 맡았다. 베테랑 언론인이 던지는 날카로운 질문과 세계 석학들의 대담한 고찰이 책에 깊이를 더한다.",https://image.aladin.co.kr/product/18116/28/cover500/8901229617_1.jpg, 유발 하라리 외 지음;오노 가즈모토 엮음;정현옥 옮김, 웅진지식하우스,2019
사회과학,왜 결정은 국가가 하는데 가난은 나의 몫인가,사회주의가 무엇인지를 정확히 보여주는 책이다. 이 책에 실린 총 26편의 글들은 사회주의의 근본적인 동기와 실제적인 결과들을 이해할 수 있도록 사회주의가 표면적으로 호소하는 것의 이면을 보여준다.,https://image.aladin.co.kr/product/18449/53/cover500/8984291668_1.jpg, 로렌스 W. 리드 편저;전현주 외 역, 지식발전소 경제지식네트워크,2019
사회과학,90년생이 온다,"90년대생은 이제 조직에서는 신입 사원이, 시장에서는 트렌드를 이끄는 주요 소비자가 되어 우리 곁에 있다. 문제는 기성세대의 관점에서 그들을 이해하기가 어렵다는 것이다. 이 책에 담긴 여러 통계와 사례, 인터뷰에는 그들을 이해할 수 있는 실마리가 담겨 있다.",https://image.aladin.co.kr/product/21342/12/cover500/k792636584_2.jpg, 임홍택 지음, Whale Books,2018
사회과학,나는 습관을 조금 바꾸기로 했다,"3년간 나쁜 습관을 버리고, 좋은 습관을 몸에 새로 익히는 방법을 연구하고 실천하면서 얻은 결론인 ‘습관을 만드는 50단계’를 이 책에 담았다. 노력과 인내의 차이, 센스와 재능의 차이를 알면 우리를 괴롭히던 수많은 자책과 후회가 사라진다는 것도 보여준다.",https://image.aladin.co.kr/product/17945/44/cover500/8965707560_1.jpg, 사사키 후미오 지음;정지영 옮김, 쌤앤파커스,2019
사회과학,인간을 탐구하는 수업,"비즈니스의 중심으로서의 인간을 탐구한 스탠퍼드대학교 경영대학원 수업 중에서도 가장 인기 있는 12명 교수의 명강의를 담았다. 혁신, 리더십, 마케팅, 대화술, 협상술, 전략적 커뮤니케이션 등 자기브랜딩과 비즈니스에 반드시 필요한 핵심을 경제학, 심리학, 뇌과학 등 다각적으로 분석하고 설명한다.",https://image.aladin.co.kr/product/18127/79/cover500/k042534049_1.jpg, 사토 지에 지음;송은애 옮김, 다산북스,2019
사회과학,변화의 시작 5AM 클럽,세계적인 동기부여·리더십 전문가인 로빈 샤르마는 진정한 행복과 성공을 이룬 이들의 생생한 일화와 자신의 경험이 오롯이 담겨 있는 메시지를 통해 우리 모두가 새로운 변화를 추구하는 데 밀알이 될 이야기를 전한다.,https://image.aladin.co.kr/product/18000/49/cover500/8947544434_1.jpg, 로빈 샤르마 지음;김미정 옮김, 한국경제신문,2019
사회과학,세계미래보고서 2019,"《세계미래보고서》 시리즈의 최신판. 현재 부상하는 미래 기술과 그 발전상을 예측한다. 그러나 단순히 최신 기술을 소개하는 것을 넘어 기술이 실제 산업현장에서 어떻게 활용되고 있는지, 어떤 기업이 무슨 미래 기술에 투자를 하고 있는지 등을 면밀히 살펴보았다는 점에서 주목할 만하다.",https://image.aladin.co.kr/product/17378/37/cover500/k912534690_1.jpg, 박영숙;제롬 글렌 지음;이희령 옮김, 비즈니스북스,2018
사회과학,절대취업,"각 분야에서 일 잘하는 선배들(아나운서, 독립영화 감독, 기업언론홍보담당자, 취업 컨설턴트, 외국계 기업 영어 면접관, 패션 스타일리스트, 심리 상담가 이상 7인)이 취업과 면접에 대한 이야기를 현장 중심의 시선으로 풀어 놓은 책이다.",https://image.aladin.co.kr/product/18456/20/cover500/k942534459_1.jpg, 일 잘하는 선배들 지음, 책과강연,2019
사회과학,직장이 없는 시대가 온다,"우버 택시운전사 겸 웨이터, 뉴욕에서 정규직장을 그만두고 긱스터에 합류한 잘나가는 프로그래머, 아마존이 만든 인력중개 플랫폼을 통해 소득을 버는 캐나다의 워킹맘 등 다양한 인물들을 좇으며 이미 우리 앞에 펼쳐진 미래를 세밀하게 그려낸다.",https://image.aladin.co.kr/product/18156/73/cover500/k132534142_1.jpg, 새라 케슬러 지음;김고명 옮김, 더퀘스트,2019
사회과학,서비스 디자인 바이블,"마이크로소프트, 삼성, 메르세데스 벤츠, 현대자동차 등 일류 기업들이 선택한 세계 최고의 서비스 디자인 및 경험 디자인 전문 기업 엔진의 창립자들이 직접 쓴 실무 기반의 이론서이다.",https://image.aladin.co.kr/product/18476/63/cover500/k612534650_1.jpg, 조 히피;올리버 킹;제임스 삼페리 [공]지음;김수미 옮김, 유엑스리뷰,2019
사회과학,신학기가 두렵지 않은 차근차근 학급경영,"함께 걷는 교육 시리즈. 누구나 원하지만 아무도 가르쳐 주지 않은 ‘행복한 학급경영’의 기술. 현직 교사이자 교사들의 멘토로 활동해 온 두 저자는 무조건적 헌신과 희생은 결코 담임의 역할도, ‘성장하는 교실’의 전제 조건도 아니라고 힘주어 말한다.",https://image.aladin.co.kr/product/18357/60/cover500/k522534858_1.jpg, 장홍월;주예진 지음, 우리학교,2019
사회과학,(고희를 넘긴 어느 교수의)실례 좀 하겠습니다,긍정이 가득하고 긍정바이러스를 잘 공급하면 사람들의 마음을 얻게 된다. 이는 소통과 관계의 향상이란 긍정적 성과를 가져오는데 약간의 기술이나 요령이 필요하다. 바로 긍정마인드를 바탕으로 소통과 관계를 향상시킬 수 있는 노하우나 실제로 적용한 경험을 전하는 책이다.,https://image.aladin.co.kr/product/16803/14/cover500/k642534661_1.jpg, 정헌석 지음, 흔들의자,2018
사회과학,학교의 품격,"학교가 삶이 있는 공간으로 변하는 순간, 학교혁신, 교육혁신이 시작된다. 학생을 관리와 지도의 대상으로만 여기는 낡은 교육관을 고집하는 학교에서 학생들의 삶이 가능할 리 없다. 기존의 교육개혁이 교수·학습 활동의 개선에 주로 관심을 가졌다면, 이제는 공간을 통한 학교개혁이 필요하다.",https://image.aladin.co.kr/product/15682/82/cover500/8980405936_1.jpg, 임정훈 글·사진, 우리교육,2018
사회과학,신문 읽는 소크라테스,"갑자기 어려워진 고등학교 사회 과목을 이해하기 위한 상식과 배경 지식을 채워주는 도서로, 통합사회의 주제들과 연계된 주제 분류를 토대로 쉬운 신문 읽기를 안내한다. 신문 읽기를 어려워하는 학생들을 위해 칼럼을 통해 신문 기사에 쉽게 접근해 시사 교양을 키워 준다.",https://image.aladin.co.kr/product/18601/66/cover500/k272635066_1.jpg, 박인호 지음, 이투스 교육,2019
사회과학,누가 뭐래도 내 길을 갈래,"이 시대를 살아가는 사람들의 가장 뜨거운 고민, “뭘 해서 먹고살지?” 요즘 청소년 역시 공익광고에서만 나올 법한 ‘꿈’보다는 돈 잘 버는 안정적인 직업을 찾고 있다. 그런 직업이 아니라면, 어른들이 정해 놓은 길을 가지 않는다면 실패자가 되는 걸까?",https://image.aladin.co.kr/product/15464/90/cover500/k762533526_1.jpg, 김은재 지음, 사계절,2018
사회과학,교실을 바꾸는 48가지 수업 디자인,"‘어떤 방법으로 수업을 해야 할까?’, ‘다양한 수업 방법을 실제 수업에 잘 적용하려면 어떻게 해야 할까?’ 이러한 고민을 해결하기 위해 12명의 저자들이 머리를 맞댄 끝에 내놓은 대안들이 한 권의 책으로 탄생했다.",https://image.aladin.co.kr/product/17909/50/cover500/8964461622_1.jpg, 전국도덕교사모임(울산) 지음, 해냄에듀,2019
사회과학,"모든 이가 스승이고, 모든 곳이 학교다","우리 시대 멘토 11인의 삶을 ‘공부’라는 큰 틀에서 조명한 인터뷰집이다. 이 책에는 우리 시대 멘토 11인-신영복, 김신일, 김우창, 최재천, 박재동, 홍세화, 김제동, 채현국, 박영숙, 조은, 조한혜정-이 자신의 삶으로 들려주는 생생한 평생 공부 이야기가 담겨 있다.",https://image.aladin.co.kr/product/11685/60/cover500/k272531512_1.jpg, 김영철 엮음, 창비교육,2017
사회과학,처음 해외주식,"초보 투자자들이 미국주식에 대해 공감할 수 있는 이야기들로 구성한 것은 물론, 누구나 따라할 수 있는 실전 투자법에도 집중했다. 주식 투자의 시작은 종목을 고르는 일이다. 더 높은 수익을 가져다줄 종목들을 고르는 4가지 방법을 소개한다.",https://image.aladin.co.kr/product/27648/9/cover500/k642733934_1.jpg, 앙찌(장은아) 지음, 이콘,2021
사회과학,럭키,"10년 동안 성공한 인물 1,000명과 인터뷰를 해온 김작가. 그는 사람들을 만날 때마다 성공 비결을 물었는데, 신기하게도 그때마다 한 가지 공통된 대답이 돌아왔다. ""운이 좋았어요."" 처음에는 그저 인사치레나 겸손의 말 정도로 생각했지만 인생에 대해 조금씩 더 알아갈수록 그 말의 이면에 성공에 관한 모든 비밀이 숨어 있음을 알게 되었다.",https://image.aladin.co.kr/product/27817/71/cover500/k292734577_2.jpg, 김도윤 지음, 북로망스,2021
사회과학,럭키,"10년 동안 성공한 인물 1,000명과 인터뷰를 해온 김작가. 그는 사람들을 만날 때마다 성공 비결을 물었는데, 신기하게도 그때마다 한 가지 공통된 대답이 돌아왔다. ""운이 좋았어요."" 처음에는 그저 인사치레나 겸손의 말 정도로 생각했지만 인생에 대해 조금씩 더 알아갈수록 그 말의 이면에 성공에 관한 모든 비밀이 숨어 있음을 알게 되었다.",https://image.aladin.co.kr/product/27817/71/cover500/k292734577_2.jpg, 김도윤 지음, 북로망스,2021
사회과학,(노경실 선생님이 들려주는)학교생활 안전,알라딘북스 저학년 안전동화 시리즈. ‘학교 안전 교육 7대 표준안’에 따른 어린이 안전 동화 시리즈이다. 초등학교에서 꼭 필요한 안전 지침 및 안전에 꼭 필요한 요소들을 재미있는 이야기 속에 담고 있으며 안전 스티커를 통해 앞에서 배운 것들을 복습해 볼 수 있다.,https://image.aladin.co.kr/product/16466/64/cover500/8984017302_1.jpg, 노경실 글;우쿠쥐 그림, 알라딘북스,2018
사회과학,타이탄의 도구들,"2017년 출간 즉시 아마존과 <뉴욕 타임스> 베스트셀러 차트 1위를 동시에 석권하며, 국내 독자들에게도 큰 사랑을 받은 《타이탄의 도구들》이 6년 연속 최고의 베스트셀러를 기념한 리커버 블랙 에디션으로 다시 우리를 찾아왔다.",https://image.aladin.co.kr/product/29714/21/cover500/k232838895_1.jpg, 팀 페리스 지음;박선령;정지현 [공]옮김, 토네이도미디어그룹,2017
사회과학,(EBS)당신의 문해력,유아부터 성인까지의 문해력을 아우른다. 문해력이 학교 공부와 대학 진학뿐 아니라 직장에서의 업무 능력을 비롯한 우리 인생 전반에 걸쳐서 왜 중요하고 어떠한 영향을 미치는지 살펴본다.,https://image.aladin.co.kr/product/31483/31/cover500/8954759335_2.jpg, 김윤정 글, EBS Books(한국교육방송공사),2021
사회과학,탁월한 아이디어는 어디서 오는가,"700년 역사 속에 숨어 있던 약 200여개의 혁신적인 아이디어를 연구 분석하여 탁월한 아이디어가 나오는 환경을 인접가능성, 유동적 네트워크, 느린 예감, 뜻밖의 발견, 실수, 굴절적응, 플랫폼이라는 7가지 패턴으로 정리한 책이다.",https://image.aladin.co.kr/product/2098/98/cover500/8947528781_1.jpg, 스티븐 존슨 지음;서영조 옮김, 한경BP,2012
사회과학,게임 인류,"사회의 변화를 짚어주는 경제/경영서이자 게임하는 아이 때문에 고민인 부모에게 명확한 솔루션을 제공하는 교육서다. 중독에 빠지지 않고 게임하는 방법, 메타버스로 출근하는 시대의 직업, 부모가 만들어주면 좋은 게임 등 스마트하게 게임하는 방법을 제공한다.",https://image.aladin.co.kr/product/26854/87/cover500/k462730590_1.jpg, 김상균 지음, 몽스북,2021
사회과학,존리의 부자되기 습관,"2020년 상반기 경제경영 베스트 1위인 이 20만부 기념 리커버 에디션으로 돌아왔다. 동학개미운동의 구루, 존리가 제안하는 하루 만원으로 시작하는 부자되기 습관을 담았다.",https://image.aladin.co.kr/product/25842/1/cover500/k412736533_1.jpg, 존 리 지음, 지식노마드,2020
사회과학,가상화폐 단타의 정석,같은 시기에 가상화폐를 사더라도 결과는 차이가 많다. 심지어 수익률은 내가 더 높은데 다른 사람이 훨씬 돈을 많이 벌기도 한다. 그 까닭이 뭘까? 저자는 2017년 500만 원으로 코인판에 뛰어들어 독자적인 매매 기법을 익혀 8개월 만에 15억 원의 수익을 달성하고 코인판을 나왔다.,https://image.aladin.co.kr/product/27882/23/cover500/8965183367_1.jpg, 나씨 지음, 경향미디어,2021
사회과학,왜 법이 문제일까?,"헌법, 민법, 형법 등 인간 사회에 법이 탄생하게 된 배경과 역사, 법이 만들어지는 과정, 법이 작용하는 원리, 아울러 학생인권조례와 사법농단 등 최근의 문제에 이르기까지 청소년들이 꼭 알아야 할 법의 모든 것을 다루고 있다.",https://image.aladin.co.kr/product/20592/20/cover500/k102636861_1.jpg, 김희균 지음, 반니,2019
사회과학,거대도시 서울 철도,"서울이라는 거대도시를 둘러싸고 전국의 도시로 뻗어 있는 철도를 '백과전서'처럼 다룬 책이다. 방대한 자료를 바탕으로, 살아 있는 유기체로서 철도를 역사적, 공학적, 제도적, 정책적, 그리고 무엇보다도 '실질적'으로 다룬다.",https://image.aladin.co.kr/product/24518/4/cover500/k252630954_2.jpg, 전현우 지음, 워크룸프레스,2020
사회과학,입시를 알면 아이 공부가 쉬워진다,"바뀐 입시의 세계를 알지 못하여 아이와 대화를 못하고, 마찰을 일으키는 엄마를 위해 요즘 입시는 어떻게 이뤄지는지, 그에 맞춰 공부 지도는 어떻게 해야 하는지 이 책에 담았다.",https://image.aladin.co.kr/product/27451/96/cover500/k552733470_1.jpg, 정영은 지음, 유노라이프,2021
사회과학,조국의 시간,"2019년 8월 9일, 조국이 법무부장관 후보로 지명된 이후 벌어진 일련의 사태를 정리하고 자신의 솔직한 심정을 기록한 책이다.",https://image.aladin.co.kr/product/27235/46/cover500/8935668664_1.jpg, 조국 지음, 한길사,2021
사회과학,(14억 소비자를 사로잡을)중국 비즈니스의 맥,"KOTRA 상하이 무역관장이 중국 한복판에서 직접 몸으로 부딪히며 느낀 중국의 경제와 시장의 진짜 모습을 담아낸 책이다. 장기침체와 움츠린 소비자, 좁은 국내 시장을 한계로 느끼며 탈출구를 찾는 비즈니스맨들에게 살아 있는 해법을 제시한다.",https://image.aladin.co.kr/product/3033/12/cover500/8952769872_1.jpg, 김상철 지음, 알키(시공사),2013
사회과학,2030 대담한 미래,2008년 미국에서 시작돼 여전히 전 세계를 불안하게 만들고 있는 글로벌 경제위기는 언제 끝날까? 그리고 이번 위기를 거치며 한국과 세계 판도는 어떻게 바뀔까? 미래학자 최윤식이 5년 동안의 변화를 연구한 결과를 종합했다.,https://image.aladin.co.kr/product/2926/70/cover500/8993322570_1.jpg, 최윤식 지음, 지식노마드,2013
사회과학,RQ 위험인지능력,,https://image.aladin.co.kr/product/3292/77/cover500/8954622771_1.jpg, 딜런 에번스 지음;이은진 옮김, 문학동네,2013
사회과학,관점을 디자인하라,국내 유일의 관점 디자이너로 국내 굴지의 기업 13곳의 홍보이사로 일하는 저자의 창조적 관점타파를 담은 책이다. 우리가 그동안 당연하다고 여겼던 수많은 것들을 부정하는 것에서부터 누구도 대체할 수 없는 명품인간으로 거듭나는 방법을 고스란히 담고 있다.,https://image.aladin.co.kr/product/2832/10/cover500/8993734305_1.jpg, 박용후 지음, 프롬북스,2013
사회과학,대통령 의전의 세계,"대통령 의전을 특화한 독보적 콘텐츠이자, 의전과 행사에 관해서 A부터 Z까지 모든 것을 다루고 있는 ‘의전의 바이블’이다. 그러므로 리더의 메시지를 정확하게, 시의 적절하게 전달하기 위해 가장 고도의 작업이 요구되는 행사인 대통령 행사를 살펴보는 것은 큰 의미가 있다.",https://image.aladin.co.kr/product/2971/99/cover500/8925551055_2.jpg, 김효겸 지음, RHK(알에이치코리아),2013
사회과학,스냅,《뉴욕 타임스》를 비롯하여 많은 미디어의 주목을 받은 괴짜 심리학자 매튜 헤르텐슈타인의 책. 그는 우리가 인지하지 못할 뿐 우리는 모두 셜록이나 패트릭 제인과 같은 뛰어난 능력을 가지고 있다고 말한다.,https://image.aladin.co.kr/product/3786/7/cover500/8997575236_1.jpg, 매튜 헤르텐슈타인 지음;강혜정 옮김, 비즈니스북스,2014
사회과학,새로운 황금 시대,"생체모방 혁명에 뛰어들어 기술의 신세계를 개척한 저자가 들려주는 흥미롭고도 신기한, 비즈니스와 과학에 관한 모든 것이 담긴 책이다. 자연이 가진 신기한 원리와 오늘날의 과학 기술의 눈부신 발전을 산업의 관점으로 풀어낸 탁월한 비즈니스 교양서이다.",https://image.aladin.co.kr/product/3027/98/cover500/8997379283_1.jpg, 제이 하먼 지음;이영래 옮김, 어크로스,2013
사회과학,세계 최고의 인재들은 왜 기본에 집중할까,"골드만 삭스, 컨설팅펌 맥킨지, 하버드 비즈니스 스쿨. 이 세 곳은 모든 사람들이 꿈꾸는 직장이자 교육기관으로, 전 세계 상위 1퍼센트 인재들에게만 허락되는 곳으로 유명하다. 이 책은 이곳에서 저자가 직접 경험한 세계 톱클래스 인재들의 공통점을 담고 있다.",https://image.aladin.co.kr/product/3620/70/cover500/899757521x_2.jpg, 도쓰카다카마사 지음;김대환 옮김, 비즈니스북스,2014
사회과학,식탁 위의 한국사,"20세기 한국 음식문화사. 메뉴로 오른 음식이 시대에 따라 왜, 어떻게 변화해왔는지 그 탄생과 기원을 미시적으로 추적할 뿐 아니라 정치.경제.사회.문화적 변동이 음식문화에 끼친 영향을 거시적으로 분석함으로써 일상 속 음식에 얽힌 변화상과 역사성을 통찰한다.",https://image.aladin.co.kr/product/3089/60/cover500/8958626542_1.jpg, 주영하 지음, 휴머니스트,2013
사회과학,아웃사이드 인 전략,"경쟁 속에서 지속 가능한 성장을 하는 기업의 특징을 자세히 기술한 이 책은 고객에 집중하는 전략의 중요성뿐만 아니라, 어떻게 집중해야 하는지에 대한 구체적인 전략 틀을 담았다. 경영학을 전공하는 학생뿐만 아니라 마케팅과 연관된 일선의 모든 기업인들이 반드시 읽어야 할 책이다.",https://image.aladin.co.kr/product/3256/45/cover500/8937834308_1.jpg, 조지 데이;크리스틴 무어먼 [공]지음;김현정 옮김, 와이즈베리(미래엔),2013
사회과학,안나와디의 아이들,"캐서린 부의 도시 빈곤 르포르타주의 걸작. 저자는 여러 슬럼을 관찰한 끝에, 안나와디를 집중 취재하기로 결심하고 약 4년 간 안나와디에 직접 머물면서 사람들을 만났다. 여러 인물들을 수십 차례 인터뷰하고, 도시 슬럼가의 비통한 현실 속으로 깊숙이 파고들었다.",https://image.aladin.co.kr/product/3062/80/cover500/8983716150_1.jpg, 캐서린 부 지음;강수정 옮김, 반비,2013
사회과학,어제까지의 세계,"<총, 균, 쇠> <문명의 붕괴> 이후 10년 만의 신작. 세계의 위대한 지성 재레드 다이아몬드 교수의 평생에 걸친 현장 탐구와 통찰을 총집대성한 마지막 종착지는, 바로 6백만 년의 위대한 지혜가 살아숨쉬는 ‘어제의 세계’다.",https://image.aladin.co.kr/product/2643/45/cover500/8934962984_2.jpg, 재레드 다이아몬드 지음;강주헌 옮김, 김영사,2013
사회과학,유대인 창의성의 비밀,"그동안 우리가 주의 깊게 살펴보지 못한 유대인의 현재와 미래를 깊숙하게 들여다본다. 전 세계인의 삶 구석구석에 엄청난 변화를 불러온 IT 산업의 선두주자들과 영화 산업의 거장들, 관광 산업의 업적들을 낱낱이 짚어보고, 문화적 환경을 면밀하게 탐구한다.",https://image.aladin.co.kr/product/3252/57/cover500/8997132385_1.jpg, 홍익희 지음, 행성비,2013
사회과학,직업의 정석,"세종서적에서 두 번째로 선보이는 정석 시리즈 <직업의 정석>. 직장인이라면 모두가 관심을 가지고 있는 스펙 쌓기, 대기업 입사, 높은 연봉, 자리 보전에만 급급해하는 것이 아닌, 자신의 진정한 삶을 찾아가는 직업 찾기의 여정을 다루고 있다.",https://image.aladin.co.kr/product/3300/7/cover500/8984074012_2.jpg, 조주연 지음, 세종서적,2013
사회과학,페어플레이,고등학교에 입학한지 3주 만에 미국으로 건너가 고교와 대학을 마친 후 변호사로 활동하던 저자가 한국으로 돌아와 일하면서 한국 사회에 대해 아쉽게 느꼈던 점들을 풀어냈다. 특히 ‘페어플레이’라는 인식의 관점에서 문제의 원인과 해결 방법을 찾아간다.,https://image.aladin.co.kr/product/3250/4/cover500/8993418713_1.jpg, 임병덕 지음, 포북,2013
사회과학,한국 경제의 배신,"열심히 공부한 죄로 졸업식=실업식이 되는 청년의 눈물, 일할수록 인생이 늪에 빠지는 듯해 서민들이 흘리는 눈물, ‘갑을 관계’에서의 ‘을’의 눈물 등은 모두 다 배신에 따른 눈물이다. 이 책은 바로 이런 배신의 경제에 대한 원인 규명에서 출발한다.",https://image.aladin.co.kr/product/3093/25/cover500/8989874343_1.jpg, 강수돌;이정환 [공]지음, 굿모닝미디어,2013
사회과학,"혁신, 사람이 첫째다","대표 종합화학기업 삼성토탈의 16년 동안의 TPM 혁신 스토리를 담은 책으로, 삼성토탈 TPM의 탄생에서부터 성장, 발전, 그리고 그 속에 담겨진 철학과 정신까지 모두 한 권에 담았다.",https://image.aladin.co.kr/product/3046/81/cover500/8992264577_2.jpg, KSA TPM·EAM센터 지음, 한국표준협회미디어,2013
사회과학,화폐 이야기,"기획재정부 공무원 일곱 명이 모여 화폐의 역사, 지폐의 홀로서기, 금융의 명암, 중앙은행의 효시 영란은행, 기축 통화, 화폐 이론의 선지자 애덤 스미스와 케인스 등 일곱 개의 키워드를 통해 우리 모두를 위한 화폐 이야기를 들려준다.",https://image.aladin.co.kr/product/3030/31/cover500/8960513369_1.jpg," 송인창 외, 지음", 부키,2013
사회과학,메소드 스타일,"20대 젊은이들이 창업한 작은 회사 메소드가 P&G, 유니레버 등 다국적 기업들을 제치고 미국 1위의 친환경 세제회사로 성장했는지의 성공 스토리가 담겨 있는 책이다. 그리고 작은 회사로서 그들이 겪었던 실패 사례를 매 집착마다 하나씩 소개한다.",https://image.aladin.co.kr/product/3033/4/cover500/8994120661_1.jpg, 에릭 라이언;애덤 라우리 [공]지음;구세희 옮김, 한빛비즈,2013
사회과학,멩켄의 편견집,"역사상 가장 위대한 언론인, 멩켄의 책. <편견집>의 다종다양한 에세이들 중에서 가장 흥미로운 글 하나를 꼽으라면 아마도 「미국인이 된다는 것」이 될 것이다. 멩켄은 미국이 천박한 삼류국가라고 생각한다.",https://image.aladin.co.kr/product/3203/22/cover500/8987608719_1.jpg, H.L. 멩켄 지음;김우영 옮김, 이산,2013
사회과학,무엇이 당신을 부자로 만드는가,지난 150여년간 가장 성공한 자수성가형 부자들의 삶을 살펴보면서 그들이 거둔 성공의 결정적인 비결이 무엇인지 알아보는 책. 150년간의 문화와 기업 역사를 한눈에 살펴보면서 통찰력을 얻고 스스로 여러 가지 아이디어를 떠올릴 수 있다.,https://image.aladin.co.kr/product/3027/24/cover500/8996916528_1.jpg, 라이너 지델만 지음;서정아 옮김, 갈라북스,2013
사회과학,(페이스북)장사의 신,"저자가 지난 2년 동안 발굴한 페이스북 장사의 신들의 이야기. 그들이 어떤 계기로 페이스북을 시작했고, 어떤 시행착오를 겪어 왔으며, 어떻게 인맥을 넓혔고, 페이스북 친구와 어떻게 소통하고 신뢰를 쌓아왔는지, 그리고 결국 어떻게 상품을 팔 수 있었는지를 그들의 생생한 경험담을 통해 소개한다.",https://image.aladin.co.kr/product/3267/35/cover500/8996592986_1.jpg, 김철환 지음, 블로터앤미디어,2013
사회과학,"(중국,똑바로 알자)13억 중국시장의 이해",일본인 저자가 컨설팅 전문가로서 일하면서 10년 동안 중국에서 쌓은 투자전략과 노하우를 소개한 책이다. 자신의 경험을 소개하되 정확한 통계자료와 일본기업의 성공·실패사례를 자세히 기록했다.,https://image.aladin.co.kr/product/34/51/cover500/8984850357_1.gif, 와나카키요시 지음;정후식 옮김, 진리탐구,2002
사회과학,미국교육과 아메리칸 커피,"이 책은 한국에서 6년간 교사생활을 하다가 미국에 유학하여 현재는 미국의 교육전문가로서 활동하고 있는 심미혜 교수(인디애나대학)가 쓴 미국과 한국의 교육 비교 체험기이다. 그는 무조건적으로 미국의 교육이 옳다고 옹호하는 것이 아니라, 균형 잡힌 시각으로 미국 교육의 장단점을 서술하고 있다. 여기에서 한국 교육이 배워야 할 교훈을 끌어내고 있음은 물론이다.",https://image.aladin.co.kr/product/28/98/cover500/8981334544_1.gif, 심미혜 지음, 솔,2003
사회과학,배려,"성공이란, 상대가 원하는 것을 충실하게 주다 보면 자연스럽게 돌아오는 대가이다. 경쟁자를 쓰러뜨리거나 누군가를 밟고 일어선다고 해서 이룰 수 있는 것이 아니다. 성공 자체만을 목표로 하고 달려가는 사람은 결코 성공할 수 없다. '배려'와 '나눔'은 타인이 아닌 결국 나 자신을 위한 배려이다.",https://image.aladin.co.kr/product/61/20/cover500/s722635387_1.jpg, 한상복 지음, 위즈덤하우스,2006
사회과학,마시멜로 이야기,왜 나의 하루는 항상 똑같을까? 왜 나는 내일의 행복보다는 오늘의 달콤한 유혹 앞에 머뭇거리고 있을까? 이런 고민에 빠진 사람들을 위해 당대 최고의 동기부여가인 저자가 꿈과 용기의 시간으로 독자들을 초대한다.,https://image.aladin.co.kr/product/59/32/cover500/8947525472_2.jpg, 호아킴 데 포사다 외 지음;정지영 옮김, 한국경제신문,2006
사회과학,위장된 학교,"한국 사회의 근대성에 대해 고민해온 사회학자가 쓴 한국 교육에 대한 비판적 에세이. 형식적으로 서구 근대교육 제도를 취하고 있지만, 서구 교육의 중심의 이루는 근대적 인간관, 즉 개인주의적 인간관이 부재하다는 점을 한국 교육의 한계로 지적한다. 그래서 제목도 근대성으로 '위장된 학교'.",https://image.aladin.co.kr/product/51/60/cover500/8988410971_1.gif, 김덕영 지음, 인물과 사상사,2004
사회과학,외국의 국어 교육과정 1. 1: 일본·중국·영국·프랑스의 교육과정,"이 책은 일본, 중국, 영국, 프랑스, 호주, 캐나다(온타리오), 미국(뉴욕, 캘리포니아)에서 지금 활용하고 있는 국어 교육과정을 우리말로 옮긴 것이다. 먼저 나온 1권에는 일본, 중국, 영국, 프랑스의 교육과정이 담겨 있다. 이 책을 통해 외국의 교육 과정을 파악하고, 좀 더 체계적인 국어교육과정을 수립할 수 있다.",https://image.aladin.co.kr/product/42/87/cover500/8987402304_2.jpg, 우리말교육연구소 엮음, 나라말,2003
사회과학,문학 교육의 길 찾기,"문학교육을 연구하고 가르치는 지은이의 고민과 생각이 잘 드러나는 책이다. ""교과서에 대한 교과서적인 통념을 버려야 한다. 교과서를 버리고, 그 빈자리에 교육과정을 놓아야 한다""고 전한다.",https://image.aladin.co.kr/product/42/89/cover500/8987402282_1.gif, 김상욱 지음, 나라말,2003
사회과학,알몸 박정희,"이 책은 박정희를 둘러싸고 있던 온갖 부풀려진 신화를 제거하고 있는 그대로의 치부를 낱낱이 보여준다. 박정희의 어머니는 왜 태아 박정희를 죽이려고 했는지, 박정희가 독립군 토벌에 신바람이 난 이유, 박정희는 어떤 속셈으로 이순신을 성웅화했는지 등에 대한 참신한 해석이 눈에 띈다.",https://image.aladin.co.kr/product/27/68/cover500/8995211504_1.jpg, 최상천 지음;, 사람나라,2001
사회과학,(우리 반)집단상담,"한국교원대학교에서 상담을 전공한 교사들이 실제로 교실에서 아이들과 함께 활동할 수 있는 집단상담 프로그램을 모아 책으로 엮었다. 36가지 활동을 마음열기, 본 활동, 마무리로 나누어 실었고, 아이들의 눈높이에 맞춘 재미있는 활동과 바로 뽑아 쓸 수 있는 활동지를 넣어서 활용도를 높였다. 부록으로 바로바로 뽑아 쓸 수 있는 활동지 CD를 제공한다.",https://image.aladin.co.kr/product/49/52/cover500/8980406142_2.jpg, 강태심 외 지음, 우리교육,2004
사회과학,"(죠닌의 식탁, 쇼군의 식탁)에도의 패스트푸드","에도에는 장인들이 많았는데, 그들이 쉽고 저렴하게 먹을 수 있는 포장마차의 먹을거리가 성행했다. 당시 서민들과 떼려야 뗄 수 없는 포장마차의 음식이 바로 이 책이 가리키는 '패스트푸드'. 덴푸라, 니기리즈시, 소바 등이 있었던 당대의 풍경을 자세하게 묘사하며, 일본 음식 문화의 흐름을 개괄한다.",https://image.aladin.co.kr/product/49/76/cover500/8989722470_1.gif, 오쿠보히로코, 청어람미디어,2004
사회과학,왜 세계의 절반은 굶주리는가?,2000년부터 유엔 인권위원회의 식량특별조사관으로 활동하고 있는 장 지글러가 기아의 실태와 그 배후의 원인들을 대화 형식으로 알기 쉽게 조목조목 설명해놓고 있는 책.,https://image.aladin.co.kr/product/89/45/cover500/8990809177_3.jpg, 장 지글러 지음;유영미 옮김, 갈라파고스,2010
사회과학,국어시간에 매체 읽기,,https://image.aladin.co.kr/product/61/17/cover500/8987402568_1.jpg, 전국국어교사모임매체연구부 지음, 나라말,2005
사회과학,미국 문화와 생활,"30년 이상 미국의 문화와 사회를 다른 나라에 소개해 온 지은이는 미국의 관습과 문화가치, 정치, 교육, 종교부터 남녀관계와 스포츠, 여가활동, 운전, 쇼핑 등에 대하 간략히 소개한 후 '외국인 방문객 행동지침'이라는 챕터를 통해 미국에 온 외국인들에게 친절한 조언을 하고 있다.",https://image.aladin.co.kr/product/43/10/cover500/8955061919_1.gif, 개리 앨턴 지음;이상국 외 옮김, 동인,2003
사회과학,여자경제학,"저자 유병률 기자가 쓴 아내와 누이들을 위한 맞춤형 경제학. 여자들 앞에 놓인 현실을 냉혹하게 분석하여 왜 여자들이 더 치열하게 경제학적인 사고를 해야 하는지를 밝히고, 여자들에게 꼭 필요한 경제 마인드를 훈련하는 방법과 실제 경제생활에서 부동산, 주식, 환율, 금리의 흐름을 어떻게 봐야하는지 상세하게 적고 있다.",https://image.aladin.co.kr/product/85/14/cover500/8901060906_1.jpg, 유병률 지음, 웅진지식하우스,2006
사회과학,한국인 코드,"'한국적 사회과학'을 모토로 한국인과 한국 사회에서 나타나는 특성들을 '한국인 코드'로 묶어 명쾌하게 해설한 책. '빨리빨리'로 대표되는 조급증, 냉소, 한국형 평등주의, 가족주의, 아버지와 동일시되는 지도자에 대한 추종 등등 10가지를 한국인의 독특한 코드로 제시한다.",https://image.aladin.co.kr/product/62/64/cover500/8959060283_2.jpg, 강준만 지음, 인물과사상사,2006
사회과학,이젠 세계인으로 키워라,"민사고 재직 시절 유학반 전원의 외국 명문대 합격을 이끌어내고, 현재는 한국외대 부속외고에서 글로벌 교육의 선도자로서 활약하고 있는 박하식 교감이 다음 시대를 이끌 글로벌 인재의 조건을 밝히고, 글로벌 경쟁력과 리더로서의 소양을 갖춘 창조적 인재, 즉 자녀를 '세계인'으로 키우기 위한 비결을 들려준다.",https://image.aladin.co.kr/product/68/15/cover500/8991010253_1.jpg, 박하식 지음, 글로세움,2006
사회과학,(천년을 가는 우리 종이)한지,"'사진과 만화로 배우는 우리 문화 한(韓)' 시리즈의 두 번재 권으로, 세월이 지날수록 그 가치를 인정받는 한지의 우수성과 과학적인 원리를 다른 나라 종이와의 비교해 재미있게 실었다. 우리 종이 한지에 숨은 재미있는 이야기를 사진과 만화로 만나본다.",https://image.aladin.co.kr/product/82/92/cover500/895353660x_1.jpg, 전판교 지음, 한솔수북,2006
사회과학,만화로 배우는 경제,"정갑영 경제학 교수의 저서 을 어린이에서 어른까지 더 쉽고 재미있게 이해할 수 있도록 학습만화로 출간했다. 딱딱하게만 여겨졌던 경제 용어나 시장 원리를 복권, 영화, 명품 등 우리 일상 생활의 소재들을 통해 쉽게 설명했다.",https://image.aladin.co.kr/product/82/87/cover500/8991228216_1.jpg, 정갑영 지음, 영진미디어,2007
사회과학,만화로 배우는 경제,"정갑영 경제학 교수의 저서 을 어린이에서 어른까지 더 쉽고 재미있게 이해할 수 있도록 학습만화로 출간했다. 딱딱하게만 여겨졌던 경제 용어나 시장 원리를 복권, 영화, 명품 등 우리 일상 생활의 소재들을 통해 쉽게 설명했다.",https://image.aladin.co.kr/product/82/87/cover500/8991228216_1.jpg, 정갑영 지음, 영진미디어,2007
사회과학,놀이로 하는 학급운영,"월별 놀이 지도 프로그램을 통해 1년 학급운영을 설계할 수 있으며, 통일놀이, 심성놀이 등 주제별 놀이에서 전래 놀이에 이르는 200여 가지 놀이를 참고로 수업 자투리 시간을 활용할 수 있다.",https://image.aladin.co.kr/product/45/33/cover500/8980406088_1.gif, 가위바위보 엮음, 우리교육,2006
사회과학,(김동환의)다니엘 아침형 학습법,"공부 집중력과 학습효과를 높이는 '다니엘 아침형 학습법'을 담은 책. 아침에 일어나 허둥지둥 학교에 가고, 학교에서는 늘 졸음과 싸워야 하는 생활을 하지 않도록 돕는다. 저자 자신이 직접 공부하고 학생들을 가르치면서 성과를 검증한 학습법을 소개한다.",https://image.aladin.co.kr/product/60/36/cover500/8991319440_2.jpg, 김동환 지음, 김영사,2007
사회과학,(하루 15분)기적의 노트 공부법,"과목별 노트필기법, 프린트물 활용법, 2시간 예습보다 알찬 15분 노트복습법, 실력을 레벨업시키기 위한 비결 등 열등생이었다가 도쿄대학 의학부에 합격한 저자의 노하우를 모은 책이다. 국어, 영어, 수학, 사회, 과학 과목별 노트필기법을 비롯해 세밀한 예시를 실어 정리했다.",https://image.aladin.co.kr/product/64/17/cover500/899105840x_2.jpg, 와다히데키 지음;정윤아 옮김;이기동;서인호 감수, 파라북스,2006
사회과학,빛나는 우리 문화유산2. 2: 전통의례편,"복례 아씨라는 주인공을 통해 우리나라의 결혼, 제사 법도 등을 알아보는 책. 전통의례를 통해 우리 조상들의 생명에 대한 예의를 확인할 수 있다.",https://image.aladin.co.kr/product/61/41/cover500/8990420903_1.jpg, 장수하늘소 지음;이진호 그림, 배동바지,2005
사회과학,(조선 오년의 역사가 살아 숨쉬는 공간)경복궁,조선 왕조를 이어온 왕과 왕실 가족의 주거 공간이자 주요 관리들의 일터였던 경복궁. 경복궁을 주요 권역 별로 돌아본다. 왕과 왕실 가족에 관한 이야기와 그 주변을 지키고 있는 상상의 동물 이야기 등 경복궁이 지금과 같은 모습이 되기까지의 상황을 자세하게 풀어 놓았다.,https://image.aladin.co.kr/product/62/21/cover500/8958461195_1.jpg, 손용해 글;이종호;심가인 그림, 해피북스,2006
사회과학,한국인 코드,"'한국적 사회과학'을 모토로 한국인과 한국 사회에서 나타나는 특성들을 '한국인 코드'로 묶어 명쾌하게 해설한 책. '빨리빨리'로 대표되는 조급증, 냉소, 한국형 평등주의, 가족주의, 아버지와 동일시되는 지도자에 대한 추종 등등 10가지를 한국인의 독특한 코드로 제시한다.",https://image.aladin.co.kr/product/62/64/cover500/8959060283_2.jpg, 강준만 지음, 인물과사상사,2006
사회과학,수만휘 수시 합격 바이블,"급격한 변화와 혼재하는 정보의 홍수 속에서 시간과 돈을 쓰면서도 갈팡질팡하는 후배들을 위해 수만휘와 그곳에서 멘토로 활동 중인 24, 25학번 선배들이 뭉쳤다! <수만휘 수시 합격 바이블>은 상위 1% 대학에 합격하기 위한 가장 확실한 수시 비책을 단 한 권으로 엮었다.",https://shopping-phinf.pstatic.net/main_5569610/55696108462.20250715072118.jpg, 김지원;김주혁;한정윤;서울대생 30인 [공]지음, 다산에듀,2025
사회과학,누구도 대신 살아 주지 않는다,"자수성가의 아이콘으로서 전 세계에 성공의 비결을 전파하는 브라이언 트레이시의 <누구도 대신 살아 주지 않는다>. 아무도 넘볼 수 없으며, 쉽게 무너지지 않는 강력한 성공의 비결을 소개한다.",https://shopping-phinf.pstatic.net/main_5497617/54976177449.20250527094726.jpg, 브라이언 트레이시 지음;박선령 옮김, 오픈도어북스,2025
사회과학,너라는 브랜드를 마케팅하라,"수원의 한 평범한 고등학생이 홀로 유학길을 떠나 현지인들과 경쟁하며 넷플릭스, 메타, 틱톡 등 글로벌 빅테크 기업에서 인정받고 연봉 40만 달러를 받으며 임원으로 은퇴했다. 《너라는 브랜드를 마케팅하라》는 그 성공적인 커리어 비밀을 낱낱이 공개한 책이다.",https://shopping-phinf.pstatic.net/main_5536225/55362250813.20250619120936.jpg, 이소라 지음, 클랩북스,2025
사회과학,알아서 잘하라고 하지 않고 명확하게 일 맡기는 기술,"리더들의 현실적인 고민이 생생하게 담겨 있는 책이다. ‘믿고 맡길 팀원이 없다’고 생각했다면, 총 6장에 걸쳐 제공하는 팀원의 정확한 행동을 이끌어내는 매뉴얼을 통해 원하는 바를 명확하게 전달하는 방법을 익혀보자. 리더의 말이 바뀌면 팀원은 목표 달성으로 이어지는 ‘진짜 일’을 하기 시작한다.",https://shopping-phinf.pstatic.net/main_5526949/55269496487.20250613093907.jpg, 고구레 다이치 지음;명다인 옮김, 갈매나무,2025
사회과학,완전히 새로운 지정학 수업,"‘누가, 언제, 왜, 지구의 땅과 바다에 선을 그었나?’ 지금껏 너무나 당연하게 여겨왔던 것들에 대해 《완전히 새로운 지정학 수업》은 질문을 던진다. 지리, 정치, 역사 등 다양한 지정학적 요인을 통해 땅 위의 인류가 세상을 그간 어떻게 이해했는지 심층 분석하고 세계 문제에 대처할 수 있는 대안을 제시하기 위해서다.",https://shopping-phinf.pstatic.net/main_5511171/55111713388.20250612093842.jpg, 폴 리처드슨 지음;이미숙 옮김, 미래의창,2025
사회과학,(십 대를 위한)영화 속 인권 이야기,"재미있는 영화를 통해 세계의 인재로 성장할 청소년들에게 꼭 필요한 인권 감수성을 길러 주고, 지속 가능한 세상을 위한 고민 그리고 인간다움에 대한 생각과 지식을 쌓게 도와주는 인권 교양서이다. 지구촌을 무대로 활약할 청소년들에게 꼭 필요한 인권의 여러 지식들을 일러준다.",https://shopping-phinf.pstatic.net/main_5186145/51861458624.20241217085147.jpg, 함보름 지음, 팜파스,2024
사회과학,101 민주주의,민주주의를 이해하려면 꼭 필요한 개념을 골라 한 권에 담았다. 민주주의 형성에 영향을 미친 중요한 역사적 사건과 사람들에 대해서도 다루었다.,https://shopping-phinf.pstatic.net/main_5099997/50999979640.20250407072547.jpg, 오애리;구정은 [공]지음, 푸른들녘,2024
사회과학,진짜 공부 리스타트,"중위권과 상위권을 위한 공부 습관과 기본 기술부터 최상위권으로 발돋움하는 프리미엄 전략까지, 오늘도 애쓰고 있는 대한민국 학생들과 학부모들을 위한 신수정의 특급 비밀 과외가 시작된다.",https://shopping-phinf.pstatic.net/main_5557976/55579765018.20250703071450.jpg, 신수정 지음, 김영사,2025
사회과학,하루 15분 실천으로 완성하는 자기주도학습,"온라인 수업, 디지털 콘텐츠, AI 학습도구가 넘쳐나는 지금, 공부의 성패는 ‘얼마나 자기주도적으로 공부하느냐’에 달려 있다. 지금은 누가 시켜서 하는 공부로는 성과를 내기 어려운 시대이기 때문이다. 이 책은 학생이 자기 학습의 주인이 되도록 돕는 실천형 안내서다.",https://shopping-phinf.pstatic.net/main_5563244/55632443359.20250708075939.jpg, 정형권 지음, 더메이커,2025
사회과학,딱 1억만 모읍시다,"국민 경제 멘토 김경필 머니 트레이너의 신간이 출간되었다. 저자는 1억 모으기를 재테크에서 가장 기본이 되면서도 중요한 일이라 강조하며, 만연한 잘못된 저축 방식, 소비 습관, 개념, 말버릇을 혼쭐낸다. 그리고 소득이 낮아도 누구나 따라할 수 있는 강력한 1억 모으기 방법을 널리 전하고 있다.",https://shopping-phinf.pstatic.net/main_5056345/50563458642.20241002071001.jpg, 김경필 지음, 경이로움,2024
사회과학,꿈을 찾는 진로 상담소,"청소년 진로 상담 전문가인 저자는 지금 당장 나만의 길을 발견하지 못해도 괜찮다고 말한다. 10년이라는 시간이 걸려도 괜찮다고, 그 과정이 결국 나의 단단한 밑거름이 되어 줄 것이라고 말이다. 그러니 마음껏 내가 누구인지 고민하며 꿈을 만들고, 바꿔도 보고, 도전하고, 좌절하고, 다시 도전해 보자.",https://shopping-phinf.pstatic.net/main_5148448/51484488624.20241120071638.jpg, 신종원 지음, 포르체,2024
사회과학,납득되는 몰상식한 아이디어,"‘빙그레’ 왕국의 왕자 ‘빙그레우스’부터 조미료 미원을 재해석한 조연 미원 시리즈까지 경쾌한 전위성과 브랜드 세계관, 헤리티지의 극대화 등으로 대한민국 광고계를 사로잡고 있는 스튜디오좋. 이 책은 기존의 상식을 가뿐히 넘으며 낯설지만 납득되는 결과물을 내놓는 스튜디오좋 송재원 대표의 ‘크리에이티브 방법론’을 담고 있다.",https://shopping-phinf.pstatic.net/main_5623118/56231189135.20250813071333.jpg, 송재원 지음, 토네이도,2025
사회과학,매일 뉴스로 출근하는 여자,"대한민국 뉴스 역사상 최연소 여성 메인앵커, JTBC <뉴스룸> 최초의 여성 메인앵커 한민용의 에세이. 세월호 참사, 국정농단, 두 번의 대통령 탄핵, 이태원 참사, 계엄령에 이르기까지 굵직한 속보와 특보들 속에 서 있었던 기자이자 앵커 한민용의 지난 시간과 이야기를 담겨 있다.",https://shopping-phinf.pstatic.net/main_5603254/56032548652.20250801091424.jpg, 한민용 지음, 이야기장수,2025
사회과학,서울대 합격생 100인의 노트 정리법,"서울대 합격생 100명의 공부 흔적이 고스란히 담긴 노트를 200여 권 수집해 그들이 어떻게 공부했는지 직접 인터뷰하며 공통적인 생각이 무엇인지, 또 공부 습관은 어떠했는지 가감 없이 공개한다.",https://shopping-phinf.pstatic.net/main_3248829/32488294719.20221227203238.jpg, 양현;김영조;최우정 공저, 다산에듀,2020
사회과학,모르면 호구 되는 금융상식,"돈 때문에 마음 졸이지 않고 경제적 자유를 누리고 싶다면 금융, 즉 돈의 흐름부터 정복하면 된다. 현직 증권사 PB(Private Banker인 김호균, 도현수 작가가 ‘금융’이라는 말만 들어도 겁을 먹는 사람들을 위해 돈이 흘러가는 길을 알기 쉽게 소개한다.",https://shopping-phinf.pstatic.net/main_5578307/55783078422.20250715093602.jpg, 김호균;도현수 [공]지음, 한즈미디어,2025
사회과학,2025 AI 대전환: 주도권을 선점하라,AI 도입을 망설이고 있는 기업과 AI 개발 방향성을 고민하는 기업 모두에게 지금 이 순간 필요한 해답을 제시한다. AI 기술 개발 분야와 활용 분야 최고의 플레이어가 함께 분석한 AI 기술 트렌드와 대담을 통해 도출한 도입 및 확산을 위한 개발과 활용 원칙들이 미래로 향하는 길을 열어줄 것이다.,https://shopping-phinf.pstatic.net/main_5083653/50836530623.20241015075754.jpg, 오순영;하정우 [공]지음, 한빛비즈,2024
사회과학,오늘의 꿈이 내일이 되는 학교,,https://shopping-phinf.pstatic.net/main_5202717/52027174629.20250619092541.jpg, 박신숙 지음, 다인아트,2024
사회과학,오늘의 꿈이 내일이 되는 학교,,https://shopping-phinf.pstatic.net/main_5202717/52027174629.20250619092541.jpg, 박신숙 지음, 다인아트,2024
사회과학,오늘의 꿈이 내일이 되는 학교,,https://shopping-phinf.pstatic.net/main_5202717/52027174629.20250619092541.jpg, 박신숙 지음, 다인아트,2024
사회과학,오늘의 꿈이 내일이 되는 학교,,https://shopping-phinf.pstatic.net/main_5202717/52027174629.20250619092541.jpg, 박신숙 지음, 다인아트,2024
사회과학,오늘의 꿈이 내일이 되는 학교,,https://shopping-phinf.pstatic.net/main_5202717/52027174629.20250619092541.jpg, 박신숙 지음, 다인아트,2024
사회과학,오늘의 꿈이 내일이 되는 학교,,https://shopping-phinf.pstatic.net/main_5202717/52027174629.20250619092541.jpg, 박신숙 지음, 다인아트,2024
사회과학,오늘의 꿈이 내일이 되는 학교,,https://shopping-phinf.pstatic.net/main_5202717/52027174629.20250619092541.jpg, 박신숙 지음, 다인아트,2024
사회과학,오늘의 꿈이 내일이 되는 학교,,https://shopping-phinf.pstatic.net/main_5202717/52027174629.20250619092541.jpg, 박신숙 지음, 다인아트,2024
사회과학,오늘의 꿈이 내일이 되는 학교,,https://shopping-phinf.pstatic.net/main_5202717/52027174629.20250619092541.jpg, 박신숙 지음, 다인아트,2024
사회과학,오늘의 꿈이 내일이 되는 학교,,https://shopping-phinf.pstatic.net/main_5202717/52027174629.20250619092541.jpg, 박신숙 지음, 다인아트,2024
사회과학,MZ 세대를 위한 경제 상식 수업,"어려운 경제를 쉽고 재미있게 이해할 수 있도록 돕는 필독서다. 소비 심리에서 글로벌 경제 시스템, 최신 경제 트렌드까지, 우리의 일상과 밀접하게 연결된 경제 지식을 폭넓게 다룬다. 마치 친구에게 이야기하듯 친근하고 실용적인 접근으로, 경제에 대한 막연한 두려움을 없애고 세상을 읽는 눈을 키워준다.",https://shopping-phinf.pstatic.net/main_5259787/52597870096.20250123093406.jpg, 유지윤 지음, 북오션,2025
사회과학,"쓰면, 찾게 되지 내 진로","청소년코칭전문가 별쌤이 하고 싶은 것을 발견하고 싶은 중학생을 위해 자기 탐구와 진로 탐색을 도와주는 질문책이다. 고교학점제를 걱정하는 자녀에게, 커서 뭐 하고 싶냐는 질문을 받을 때마다 한숨부터 나오는 학생에게, 내가 잘하고 좋아하는 것을 알고 싶은 사람에게 추천한다.",https://shopping-phinf.pstatic.net/main_4544670/45446704620.20240126070833.jpg, 이종희 지음, 글담출판,2024
사회과학,"속이는 미디어, 분별하는 사고력","‘속이는 미디어’를 꿰뚫어 보고, ‘분별하는 사고력’을 기르는 여정을 안내한다. 빠른 정보 소비에 휘둘리지 않고 멈춰서 다시 생각하는 힘, 의도와 맥락을 읽어내는 비판적 사고의 중요성을 들려준다. 또한 복잡한 환경 속에서 통찰하는 힘과 미디어 감수성을 길러준다.",https://shopping-phinf.pstatic.net/main_5690811/56908115417.20250926083200.jpg, 오승용 지음, 인물과사상사,2025
사회과학,체제전쟁 마스터플랜,"현재 한국 정치 상황을 '체제전쟁'이라는 관점에서 분석한다. 저자는 1980년대부터 시작된 좌익운동의 성장 과정을 추적하며, 특히 2001년 '군자산의 약속'에서 제시된 ""10년 내 정권 장악"" 계획이 어떻게 실현되어 왔는지를 일심회 사건, 왕재산 간첩단 사건 등의 사례를 통해 설명한다.",https://shopping-phinf.pstatic.net/main_5692780/56927803654.20250930074823.jpg, 이희천 지음, 대추나무,2025
사회과학,하고 싶은 걸 하면서 행복하게 살고 싶어,지금 바로 읽어야 할 단 한 권의 ‘내 꿈 탐색’ 안내서. 실제 상담 사례를 바탕으로 구성한 이 책에는 각기 다른 상황과 질문 속에서 자신만의 길을 찾기 위해 고군분투하는 청소년들의 목소리가 생생하게 담겨 있다. 진로 탐색 과정에서 누구나 한 번쯤 부딪히는 문제를 모두 조명한다.,https://shopping-phinf.pstatic.net/main_5689139/56891398566.20250924093159.jpg, 김태연 글;;주유소 그림, 체인지업북스,2025
사회과학,실패를 통과하는 일,"콘텐츠 스타트업 ‘퍼블리(PUBLY)’를 창업해 10년간 이끌었던 박소령 창업자가 가감 없이 쓴 사업 노트다. 이 책은 유니콘 기업의 성공담도, 드라마틱한 엑시트 스토리도 아니다. 대신 잘못된 선택과 그 선택이 불러온 결과, 그 한가운데서 버텨야 했던 결정적 장면을 솔직하게 기록했다.",https://shopping-phinf.pstatic.net/main_5642510/56425107633.20250826081152.jpg, 박소령 지음, 북스톤,2025
사회과학,어쩌다 리더가 된 당신에게,우리는 대부분 어쩌다 리더가 된다. 어느 날 갑자기 리더가 되어버렸지만 더 좋은 리더가 되고 싶어 고민하는 우리에게 믿을 만한 이정표가 되어줄 최재천 교수의 신간 『어쩌다 리더가 된 당신에게』가 출간되었다.,https://shopping-phinf.pstatic.net/main_5637059/56370593094.20250823071507.jpg, 최재천 지음, 창비,2025
사회과학,관세 이야기,"미국이 현재 전 세계를 상대로 일으킨 관세전쟁의 오랜 역사를 탐구하고 우리 경제가 받게 될 충격을 대비하는 책 《관세 이야기》가 출간됐다. 관세는 단순한 세금이 아니라, 한 나라의 경제 구조와 국민의 삶 그리고 세계 경제의 흐름까지 바꾸는 결정적 변수다. 퍼먼대학교 경영학과 김성재 교수는 이 책에서 “언제까지 미국의 관세에 시달려야 하는가?”, “왜 정부는 관세를 부과하는가?”, “관세가 오르면 왜 장바구니가 가벼워질까?” 등 우리가 생활에서 관세에 대해 궁금해하는 부분에 대한 답을 들려준다.",https://shopping-phinf.pstatic.net/main_5574830/55748300374.20250715072217.jpg, 김성재 지음, 매일경제신문사,2025
사회과학,2026 트렌드 노트,"한국 사회가 무엇에 열심이고, 왜 열심인지 탐구한다. 생활변화관측소가 축적한 데이터를 바탕으로, 기술-경험-정체성-건강이라는 4가지 축에서 한국인의 일상과 소비를 입체적으로 분석한다.",https://shopping-phinf.pstatic.net/main_5658982/56589821862.20250905095916.jpg, 박현영 [외]지음, 북스톤,2025
사회과학,운의 힘,"진짜 운이란 무엇일까. 그저 운이란 사주팔자에 따라 있고 없는 것일까. 동양철학 명리학 관점에서 바라본, 우리가 미처 알지 못했던 진정한 운의 비밀에 대해 이야기한다.",https://shopping-phinf.pstatic.net/main_3247843/32478433022.20230313190227.jpg, 박성준 지음, 소미미디어,2020
사회과학,아리랑,일제 강점기 식민지 조선청년의 고뇌와 투쟁을 통해 조선인 혁명가로 거듭난 김산(본명 장지락)의 삶을 정리한 책이다. 로 유명한 에드가 스노우의 아내이기도 한 님 웨일즈에 의해 기록된 이 책은 그 시대를 호흡해 간 지식인의 생생한 전기이자 동아시아 역사의 기록이다. 개정 3판이다.,https://shopping-phinf.pstatic.net/main_3246694/32466941924.20230822103239.jpg, 님 웨일즈;김산 [공]지음;송영인 옮김, 동녘,2011
사회과학,세상은 질문에서 시작된다,"초등학교 때부터 교과서에서 배웠지만 손에 잡히지 않았던 민주주의와 인권에 대해 자유롭게 질문할 수 있다면 얼마나 좋을까? 《세상은 질문에서 시작된다》는 이런 요구에 딱 맞는 책으로, 4.19를 이끈 민주주의 1세대이자 대한민국 최초의 인권대사 박경서 선생님이 청소년 눈높이에 맞춰 친절하게 주고받은 질문과 답을 담고 있다.",https://shopping-phinf.pstatic.net/main_5621418/56214188194.20250812115814.jpg, 박경서 지음;김상민 그림, 생각을말하다,2025
사회과학,ETF 첫걸음,한국거래소와 증권업계 최전선에서 경험을 쌓아 온 전문가들이 집필한 《ETF 첫걸음》이 출간되었다. 이 책은 초보 투자자부터 전문 투자자까지 ETF를 제대로 이해하고 활용하도록 돕는 ‘ETF 투자의 교과서’라 할 수 있다.,https://shopping-phinf.pstatic.net/main_5690652/56906523095.20250926083303.jpg, 조진우;김성천 [공] 지음, 한즈미디어,2025
사회과학,2026 한국이 열광할 세계 트렌드,KOTRA가 전 세계 85개국 131개 도시 무역관에서 발굴한 현장 사례를 묶은 《2026 한국이 열광할 세계 트렌드》를 선보인다. ‘한국이 열광할 세계 트렌드 시리즈’는 올해로 15주년을 맞는다. 이번 보고서는 AI·헬스케어·에너지·우주·라이프 스타일을 핵심 키워드 삼아 30개의 글로벌 혁신 사례를 제시한다.,https://shopping-phinf.pstatic.net/main_5645653/56456532042.20250828092147.jpg, KOTRA 지음, 시공사,2025
사회과학,팔란티어 시대가 온다,데이터가 실질적인 힘을 가지는 시대에 팔란어라는 회사가 가진 잠재력과 기술이 무엇인지 체계적으로 탐구한다. 저자는 대기업에 세 차례 팔란티어 시스템을 도입하며 이론과 실전 경험을 겸비한 국내 최고의 팔란티어 전문가이다. 팔란티어에 투자하고 있는 일반 독자들과 AI·데이터 업계 실무자들을 위해 세심하고 현실적으로 내용을 풀어낸다.,https://shopping-phinf.pstatic.net/main_5632858/56328583452.20250819085140.jpg, 변우철 지음, 한국경제신문(한경BP),2025
사회과학,트렌드 코리아 2026,"세상은 작용과 반작용, 치열한 정반합(正反合)의 소용돌이가 거세게 휘몰아치고 있다. 방향을 잡기 어려울 정도로 속도가 빠르고 정신이 없다. 그렇다면 우리의 방향타는 어디에 있는가? 거센 풍랑과 어디서 불어올지 모르는 태풍을 피하기 위해 우리는 어디에 닻을 내리고 있어야 하는가?",https://shopping-phinf.pstatic.net/main_5658975/56589756898.20250905095929.jpg, 김난도 [외]지음, 미래의창,2025
사회과학,통합과학 한 권으로 끝,"2022 개정 교육과정과 2028학년도 수능의 키포인트로 떠오른 ‘과학’을 완벽하게 정복할 수 있는 책이다. 과학 교육에 있어 단연 최고라고 불리며 학부모와 학생, 동료 교사 들의 압도적인 지지를 받아 온 엄예정 저자가 15년의 경험과 노하우를 담아 제대로 된 과학 공부법을 알려 준다.",https://shopping-phinf.pstatic.net/main_5362486/53624865918.20250320071536.jpg, 엄예정 지음, 동양북스(동양문고),2025
사회과학,마음의 힘 키우기:학생용,,https://image.aladin.co.kr/product/4/62/cover500/8975482103_1.jpg," 김기현, 외 지음", 학지사,2003
사회과학,교실밖 국어여행,"국어의 주요 주제들인 소설, 시, 표현, 언어를 통합적인 관점에서 엮은 책. 국어의 중요한 개념이나 내용을 쉽게 이해할 수 있게 해 준다. 아울러 교과서에 한정되어 있던 사고의 범위를 넓혀 주며, 국어 과목의 매력을 느낄 수 있도록 구성했다.",https://image.aladin.co.kr/product/406/10/cover500/6000340476_1.jpg, 강혜원;박영신;서계현 지음, 사계절,2009
사회과학,(아이들이 읽어야 할)경제 이야기,,https://image.aladin.co.kr/product/26/87/cover500/895828160x_2.jpg, 박상률 지음;임경미 그림, 사계절출판사,2009
사회과학,수업을 왜 하지?,"교육 전문 월간지 2001년 3월호부터 12월호까지 1년 동안 '함께 나누는 수업 이야기'로 연재했던 것을 간추려 묶은 책이다. 지은이는 이 연재를 위해 전국 여러 곳의 초등학교를 찾아가 수업을 성심으로 관찰, 기록하고, 기꺼이 수업을 공개해 준 교사들과 긴 인터뷰를 가졌다.",https://image.aladin.co.kr/product/88/80/cover500/8980406304_1.jpg, 서근원 지음, 우리교육,2007
사회과학,파시즘,"파시즘 연구의 권위자인 로버트 팩스턴 컬럼비아대 교수의 40년에 걸친 연구의 성과물. 연대기적으로 파시즘의 역사를 서술하면서 각 시대별 사회, 경제적 조건과 정치적 행위자 간의 상호작용을 명료하게 파헤친다.",https://image.aladin.co.kr/product/53/50/cover500/8995530057_2.jpg, 로버트 O. 팩스턴 지음;손명희;최희영 [공]옮김, 교양인,2006
사회과학,(켄 블랜차드)1분 경영수업,"우리가 살면서 최고의 조언을 듣는 데 드는 시간은 채 1분이 걸리지 않는다. 저자는 ‘1분의 순간’을 그냥 스쳐 보내지 않고 기억해두는 것이 모든 성공의 핵심이라고 말한다. 책에서는 이 교훈을 독자가 좀 더 현실감 있게 이해할 수 있도록, 각 장마다 주인공의 인생행로를 결정짓는 중요한 순간들에서 만난 살아있는 멘토들의 현실적인 조언들을 ‘1분 지혜’로 다듬어 6~7개 정도의 간명한 문장으로 정리해주고 있다.",https://image.aladin.co.kr/product/233/40/cover500/8925520729_1.jpg, 켄 블랜차드;돈 허트슨;이단 윌리스 [공]지음;윤동구 옮김, 랜덤하우스,2008
사회과학,나는 세계일주로 자본주의를 만났다,"“왜 열심히 일하는 사람들이 점점 더 가난해지는가”. 의 코너 우드먼이 이번에는 공정거래의 과정을 역추적하는 여행을 떠난다. 카메룬, 콩고, 니카라과, 아프가니스탄, 라오스, 중국 등 세계에서 가장 위험한 나라들을 목숨 걸고 돌아보고 그들의 현실과 대기업의 비윤리성을 있는 그대로 폭로한다.",https://image.aladin.co.kr/product/1593/64/cover500/8901142651_2.jpg, 코너 우드먼 지음;홍선영 옮김, 갤리온,2012
사회과학,성깔 있는 나무들,"시인이자 교사인 최은숙 선생님의 교육 산문집. 책 속에는 눈물이 날 만큼 착한 아이들과 성깔 있는 나무들을 갈무리하며 제자들을 스승 삼아 공부하고 시 쓰는 선생님의 이야기가 같이 담겨 있다. 이들은 자연과 어우러진 든든한 학교에서 서로 좋아하면서도 상처받고 이끌리면서도 밀어내고, 그러면서도 서로를 놓지 않고 부대끼며 어우러진다.",https://image.aladin.co.kr/product/865/85/cover500/8994445072_3.jpg, 최은숙 지음, 살림터,2011
사회과학,민주주의에 反하다,"부당한 권력은 수단과 방법을 가리지 않고 민중과 시민을 억압하는데도, 민중과 시민은 언제나 정당한 방식으로 그에 맞서야 한다고 배워왔다. 하승우는 이 책을 통해 민주주의의 역설에 대해 이야기한다. 민중의 존엄이라는 관점에서 보면 ‘선거 혁명’ ‘선거 승리’란 말은 ‘평화를 위한 전쟁’이나 ‘다리 없는 경주마’처럼 모순된 말처럼 들린다.",https://image.aladin.co.kr/product/1622/12/cover500/8989646766_1.jpg, 하승우 지음, 낮은산,2012
사회과학,학교란 무엇인가 . 2,"학교에 초점을 맞추고 교육의 진정한 목적, 진솔한 학교의 일상, 선생님의 눈물과 노력, 세계 명문 학교가 추구하는 감동의 지식과 최고의 커리큘럼 등 우리 아이들이 진심으로 행복할 수 있는 교육의 조건을 생생하게 담은 책이다. 공교육이 죽었다고 누구나 비판하지만 아이들은 계속 자라고 여전히 학교에서 가장 많은 시간을 보낸다.",https://image.aladin.co.kr/product/1356/59/cover500/8927802632_2.jpg, EBS〈학교란 무엇인가〉제작팀 편, 중앙북스,2011
사회과학,슈퍼 괴짜경제학,"마약판매상, KKK단, 범죄율 통계 등 독특한 소재들을 제시하고 그 속에도 놀라운 경제원리가 숨어 있음을 보여준 <괴짜경제학>의 저자 스티븐 레빗이 <슈퍼괴짜경제학>으로 다시 돌아왔다. 이번 책 <슈퍼괴짜경제학>에서 저자들은 전작보다 더 노골적인 소재, 더욱 강력해진 논리를 가지고 세상의 풀리지 않는 거대한 난제들에 도전한다.",https://image.aladin.co.kr/product/583/51/cover500/8901103044_2.jpg, 스티븐 레빗;스티븐 더브너 [공]지음;안진환 옮김, 웅진지식하우스,2009
사회과학,Pride,"기업의 경쟁력은 제품, 서비스를 넘어 구성원들의 일하는 방식과 생각하는 방식을 아우르는 기업문화가 제대로 정착되었을 때 더욱 높아진다. 이 책은 기업문화라는 추상적인 개념을 ‘50가지 일하는 방식’으로 구체화하여 한 기업이 비즈니스 성공모델의 객관적인 기준을 제시한다.",https://image.aladin.co.kr/product/1593/15/cover500/8996752819_2.jpg, 현대카드;현대캐피탈;현대커머셜 [공]저, 이야기나무,2012
사회과학,(새로운 시험출제 대비서)객관식 과학교육 기출 및 예상문제,,https://image.aladin.co.kr/product/194/20/cover500/8957183116_1.jpg, 김창만 지음, 열린교육,2008
사회과학,교직과 교사,‘한국교원교육학회’의 중진 회원들을 중심으로 하여 뜻과 정성을 다해 현직교사 및 예비교사들로 하여금 우리나라의 교직과 교사 분야에 대한 이해를 높이기 위하여 출간되었다. 예비교사들의 '교직소양'을 높이기 위하여 유용하게 활용될 수 있다.,https://image.aladin.co.kr/product/88/64/cover500/8958914130_1.jpg, 이윤식 외 지음, 학지사,2007
사회과학,(놀이의 달인)호모 루덴스,"놀이에 대해 노동 후 재충전하는 휴식, 여가로서가 아니라 삶을 새롭게 창조하는 것으로서 새롭게 사유한다. 놀이란 삶을 즐거움으로 채우고, 우리의 일에 추진력을 제공하고, 나아가 다른 삶을 창조할 수 있는 가능성을 제공한다. 하고 싶은 일을 즐겁게 해 나가길 욕망하는 인간의 본능을 일깨우는 책이다.",https://image.aladin.co.kr/product/91/79/cover500/s422636997_1.jpg, 한경애 지음, 그린비,2007
사회과학,(판사.검사.변호사가 말하는)법조인,"변호사 9인, 판사 3인과 검사 2인, 그리고 공익법무관과 법조계 관련 신문 기자까지 법조인들의 개인적인 경험을 바탕으로 일반인들에게 잘 알려지지 않았던 법조인들의 세계 내부를 속속들이 공개한다. 고등학교 생활을 방불케 하는 사법연수원 생활, 부검 후 12시 전까지는 귀가하지 않는 검사들의 습성 등의 흥미로운 이야기들을 들려주고 법조인 세계에 대한 궁금증들을 풀어준다.",https://image.aladin.co.kr/product/64/50/cover500/8985989960_1.jpg, 임수빈 외 지음, 부키,2008
사회과학,(사회선생님이 뽑은)우리 사회를 움직인 판결,오랫동안 잊혀진 혹은 잃어버렸던 법의 긍정적이고 적극적인 기능을 되살려내려 한 책. 현직 사회 교사로 재직하고 있는 지은이들은 우리 사회에서 민주주의와 인권의 진척 과정을 실제로 확인할 수 있는 수많은 판결들 속으로 직접 들어가 그 과정을 보여준다.,https://image.aladin.co.kr/product/98/55/cover500/8958621974_1.jpg, 전국사회교사모임 지음, 휴머니스트,2008
사회과학,워런 버핏 이야기,"워런 버핏의 어린 시절부터, 숫자에 관심이 많고 숫자 암기와 계산에 뛰어난 능력을 보인 이야기, 돈을 벌어 차곡차곡 모아가는 과정, 투자가로서의 기질을 갖추고 그의 투자제국 버크셔 해서웨이를 통해 엄청난 수익을 내기까지의 이야기를 담고 있다.",https://image.aladin.co.kr/product/590/4/cover500/897677616x_1.jpg, 앤 재닛 존슨 지음;권오열 옮김, 명진,2009
사회과학,기브앤테이크,"지식과 정보를 기꺼이 공유하며, 남을 위해 자신의 이익을 양보하는’ 사람, 즉 기버가 성공 사다리의 맨 꼭대기를 차지한다는 사실을 놀랄 만큼 방대한 사례와 입체적인 분석, 빈틈없는 논리를 통해 체계적으로 입증한다.",https://image.aladin.co.kr/product/2709/7/cover500/8962605813_1.jpg, 애덤 그랜트 지음;윤태준 옮김, 생각연구소,2013
사회과학,"폭력, 특별한 사람들의 이야기일까?","사회 곳곳에 숨어서 우리를 괴롭히는 신체적 폭력에서부터 눈에 보이지 않는 폭력까지 폭력의 정체를 낱낱이 파헤쳐, 폭력에 대한 깊고 두터운 이해를 바탕으로 폭력을 다룰 수 있는 힘과 지혜를 키울 수 있는 발판을 만들어 준다.",https://image.aladin.co.kr/product/21959/13/cover500/8961772120_1.jpg, 김민화 글;음미하다 그림, 다림,2019
사회과학,서비스 기획자로 일하고 있습니다,중고신입으로 입사해 서비스 기획을 시작했던 저자 역시 주니어 시절 이러한 현실을 경험하며 새벽까지 남아 넘치는 일들을 부여잡고 후배들이 다시는 이런 ‘무지’로 인해 고생하는 일이 없도록 하겠다며 <업무 지식노트>를 쓰고 또 썼다.,https://image.aladin.co.kr/product/30083/48/cover500/k432839476_1.jpg, 강승훈 지음, 천그루숲,2022
사회과학,(알고 나면 누구나 할 수 있는)협동학습,앎과 실천 사이에 존재하는 경험의 격차를 좁혀 ‘협동학습’을 일상적인 수업 속에 적용하는 데 도움을 드리고자 저자들이 알고 있고 경험하고 있는 ‘협동학습’을 소개하고 있는 책이다.,https://image.aladin.co.kr/product/19660/95/cover500/k832635734_1.jpg, 김성은 외 지음, 함께교육,2019
사회과학,이름이 법이 될 때,"한국 사회를 변화시키거나 우리의 태도를 바꾼 법이 된 사람들 일곱 명의 이야기를 담았다. 법을 만드는 국회의 잘못, 제대로 감시하지 않은 언론의 방관, 그리고 때론 유가족들에게 상처를 주기도 했던 여론의 태도까지 따끔하게 비판한다.",https://image.aladin.co.kr/product/27892/59/cover500/8972970034_1.jpg, 정혜진 지음, 동녘,2021
사회과학,"특별하지도, 모자라지도 않은","이 땅에서 장애인으로 살아가는 사람의 생생한 목소리를 통해 장애란 무엇인지, 장애인은 어떤 존재인지, 장애와 비장애의 경계를 생각하게 하는 책이다. 필자는 장애인이 “불쌍한 존재가 아니”라는 것을 힘주어 강조한다.",https://image.aladin.co.kr/product/10747/52/cover500/899771547x_1.jpg, 김효진 글;김숙경 그림, 이후,2017
사회과학,"하루 10분, 생각하라 그리고 부자가 되어라","나폴레온 힐의 “Think and Grow Rich”는 전 세계 1억 부 이상 판매되며 역사상 최고의 자기계발 프로그램으로 자리잡아왔다. 이 책은 《생각하라 그리고 부자가 되어라》에서 뽑은 핵심 성공 원칙과 지침, 일화 들을 현대적이고 읽기 쉬운 언어로 가다듬어 제시한다.",https://image.aladin.co.kr/product/29834/3/cover500/k562838725_1.jpg, 나폴레온 힐 지음;이한이 옮김, 반니,2022
사회과학,계속 가보겠습니다,내부 고발 검사 임은정의 첫 번째 단독 저서다. 내부자의 시선으로 검찰의 치부를 세상에 드러내 온 10년의 기록과 다짐이 담겨 있다.,https://image.aladin.co.kr/product/29792/65/cover500/k282838912_1.jpg, 임은정 지음, 메디치미디어,2022
사회과학,공학의 시간,"다가올 세상에 대한 설계도 같기도, 인류의 미래 문명사 같기도 한 이 책을 읽는 동안 독자들은 앞으로 우리 앞에 어떤 세상이 펼쳐질 것인지, 그 속에서 우리나라는 어떤 역할을 할 수 있을지 엿볼 수 있을 것이다.",https://image.aladin.co.kr/product/30118/0/cover500/8935213888_1.jpg, 이순석 지음, 청림,2022
사회과학,끝날 때까지 끝난 게 아니다,"슬럼프에 빠져 모든 것을 놓고 싶은 순간 떠난 여행지에서, 누군가의 열정적인 모습을 보고 감동과 위로를 받은 저자. 그 순간, 슬럼프를 떨쳐냄은 물론 본인도 누군가에게 감동과 위로가 되는 존재가 되고자 다짐했다.",https://image.aladin.co.kr/product/29799/6/cover500/k012838012_1.jpg, 박순경 지음, mindset,2022
사회과학,하루공부법,"베스트셀러 <하루라도 공부만 할 수 있다면>, <박철범의 하루공부법 1, 2>의 저자로 대한민국 대표 공부 멘토로서 자리매김한 박철범. 하루 단위로 공부를 계획하고 실천했던 박철범의 공부법을 그대로 따라해 볼 수 있도록 구성된 스터디플래너다.",https://image.aladin.co.kr/product/18183/60/cover500/k022534244_1.jpg, 박철범 지음, 다산에듀,2011
사회과학,(박철범의)하루 공부법. 1: 공부법 편,"2009년 출간된 <박철범의 하루공부법>의 개정판. 이번에 새롭게 출간되는 <하루공부법>은 온라인 8만 명, 오프라인 12만 명의 빅데이터를 분석해공부법부터 멘토링까지 더욱 완벽하게 업그레이드되었다.",https://image.aladin.co.kr/product/7118/25/cover500/k302434797_1.jpg, 박철범 지음, 다산에듀,2015
사회과학,(박철범의)하루 공부법. 2: 멘토링 편,"‘계획관리- 짜임새 있는 공부를 하기 위한 멘토링’, ‘시간관리- 하루 24시간을 알차게 보내기 위한 멘토링’, ‘환경관리- 저절로 공부가 되는 상황을 만들기 위한 멘토링’ 등 동기부터 진로선택까지 총 7가지 분야에 걸쳐 공부멘토링 38문 38답이 제시된다.",https://image.aladin.co.kr/product/7118/33/cover500/k412434797_1.jpg, 박철범 지음, 다산에듀,2015
사회과학,통찰의 시간,‘통찰의 시간’은 저자의 전작인 ‘일의 격’ 이전의 쓴 짧은 글들과 ‘일의 격’ 이후 수많은 호응을 받은 글까지 포함했다. 이에 저자의 통찰의 흐름과 축적과 발산을 경험할 수 있다. 트렌디한 숏폼 동영상과 같이 파격적인 숏폼 글로 구성되어 있다. 이에 짧고 간결하며 핵심만 담아 독자들이 읽기 편하도록 정리되었다.,https://image.aladin.co.kr/product/30115/4/cover500/k742839986_1.jpg, 신수정 지음, 알투스,2022
사회과학,(최윤식의)Future Report 2015,"2015년을 맞아 특히 주목해야 할 이슈를 중심으로 미래학자 최윤식이 ‘2030 대담한 미래’ 예측 시나리오를 다시 점검, 복기하고 새로 발생한 석유전쟁과 예상보다 빨라진 미국 경기 회복의 영향을 업데이트 하는 책이다.",https://image.aladin.co.kr/product/5195/61/cover500/8993322740_1.jpg, 최윤식, 지식노마드,2015
사회과학,에디톨로지,"유쾌한 인문학으로 돌아온 김정운의 신작. 창조란 별 다른 것이 아니다. 세상 어디에도 없는 특별한 것도 아니다. 창조는 기존에 있던 것들을 구성하고, 해체하고, 재구성한 것의 결과물이다. 세상의 모든 창조는 이미 존재하는 것들의 또 다른 편집이라는 뜻이다.",https://image.aladin.co.kr/product/4818/10/cover500/8950967065_2.jpg, 김정운 지음, 21세기북스,2014
사회과학,"새빨간 거짓말 ,통계","빌 게이츠의 2015년 추천 도서. ‘통계로 사기 치는 방법을 알려 주는 일종의 입문서’로 자신의 책을 묘사하며 표본, 평균, 오차, 그래프, 지수 등을 비롯한 민주사회에서 필요한 여러 도구들을 정확하게 묘사하였다.",https://image.aladin.co.kr/product/48/17/cover500/898799936x_3.jpg, 대럴 허프 지음;박영훈 옮김, 더불어책,2004
사회과학,더 해빙,"부와 행운을 만나는 출발점, 마법의 감정 Having! 국내 최초로 미국에서 선(先)출간되어 세계가 먼저 찾아 읽은 책이다. 영미권을 비롯 프랑스, 독일, 이탈리아, 러시아 등 21개국에 판권이 수출되어 ‘불안감이 사라지게 해준 책’, ‘행운의 바이블’, ‘이 책을 읽고 행운이 찾아왔다’ 등 찬사를 보낸 이 책은 마음가짐을 다듬으며 원하는 것을 얻는 놀라운 가르침을 담고 있다.",https://image.aladin.co.kr/product/28347/84/cover500/k242835200_1.jpg," 이서윤,홍주연 지음", 수오서재,2020
사회과학,GSAT 삼성 직무적성검사,2019년 GSAT 5급에 출제된 최신기출문제를 수록하여 최근 출제경향을 한눈에 파악할 수 있게 하였다. 또한 최근 기출문제를 연구하여 구성한 실전 모의고사 3회분을 통하여 시험 직전 직접 자신의 현재 실력을 점검할 수 있도록 구성한 서를 출간하였다.,https://image.aladin.co.kr/product/21226/63/cover500/k032636183_1.jpg, SD적성검사연구소 지음, 시대고시기획,2020
사회과학,GSAT 삼성 직무적성검사,2019년 GSAT 5급에 출제된 최신기출문제를 수록하여 최근 출제경향을 한눈에 파악할 수 있게 하였다. 또한 최근 기출문제를 연구하여 구성한 실전 모의고사 3회분을 통하여 시험 직전 직접 자신의 현재 실력을 점검할 수 있도록 구성한 서를 출간하였다.,https://image.aladin.co.kr/product/21226/63/cover500/k032636183_1.jpg, SD적성검사연구소 지음, 시대고시기획,2020
사회과학,"선생님, 특성화고 자기소개서 어떻게 써요?",,https://image.aladin.co.kr/product/23775/34/cover500/k822639063_1.jpg, 이지영 지음, 살림터,2020
사회과학,불완전한 미래,"미래 기술이 만들어낼 20~30년 후 미래상과 그에 따른 현실에 대처하는 방안에 대한 통찰을 담은 사회과학적 미래 예측서다. 물리학 박사이면서 경제학자이자 법학교수인 데이비드 D. 프리드먼은 그러한 다학문적 배경 덕분에 기술 변화와 그에 따른 사회적 영향을 경제학적 해석, 법적 문제 등 다각도에 걸쳐 고찰해내고 그 대안을 제시하고 있다.",https://image.aladin.co.kr/product/1498/71/cover500/8997289098_1.jpg, 데이비드 D. 프리드먼 지음;최선영 옮김, 생각의나무,2012
사회과학,(교육연극으로 여는)국어수업,"<교육연극으로 여는 국어수업>은 교육연극모임을 통해 만난 세 명의 초등학교 선생님이 교육연극 방법에 대해 공부하고, 각자 자기 학급에서 교육연극을 적용한 국어 수업을 해 본 뒤에 수업 사례들을 모아서 한 권의 책으로 엮은 것이다. 책에서 대표적으로 소개하고 있는 교육연극 방법은 ‘정지장면, 마임, 즉흥극, 인형극, 그림자극’이다.",https://image.aladin.co.kr/product/452/91/cover500/8987042251_1.jpg, 전국초등국어교과모임 지음, 나라말,2010
사회과학,전쟁의 집,이 책은 제2차 세계대전 종전과 함께 시작된 미국의 패권주의와 미국이 세계 각국에서 일으킨 전쟁에 관한 이야기를 다룬다.,https://image.aladin.co.kr/product/429/54/cover500/8972975982_1.jpg, 제임스 캐럴 지음;전일휘;추미란 옮김, 동녘,2009
사회과학,36 5℃ 인간의 경제학,"<경제학원론>, <미시경제학> 등 간결한 문체와 친절한 설명의 경제학서를 집필한 서울대 이준구 교수가 36.5℃의 따뜻한 체온을 가진 사람들의 진짜 경제 이야기를 들려준다. 사람들의 경제 행위 뒤에 숨겨진 인간의 심리를 탐구해 보는 책으로, 저자는 이를 위해 세계경제학의 뉴프론티어 '행태경제이론'을 소개한다.",https://image.aladin.co.kr/product/455/20/cover500/8925533561_1.jpg, 이준구 지음, 랜덤하우스코리아,2009
사회과학,한국민속신앙의 탐구,,https://image.aladin.co.kr/product/448/44/cover500/8956388067_1.jpg, 이종철 지음, 민속원,2009
사회과학,(핀란드가 말하는)핀란드 경쟁력 100,"우리에게는 이상적인 나라로만 비춰지는 핀란드라는 나라의 번영의 비밀은 무엇이며, 그 원천이 된 사회적 혁신은 무엇인지를 객관적으로 파헤친 책. 소소한 일상생할의 창안부터 국가행정을 움직이는 시스템까지, 핀란드가 국가경쟁력 세계 1위가 될 수 있는 원동력이 무엇인지 일목요연하게 보여준다.",https://image.aladin.co.kr/product/636/60/cover500/8993642125_1.jpg, 일까 따이팔레 엮음;조정주 옮김, 비아북,2010
사회과학,(十二支神)호랑이,,https://image.aladin.co.kr/product/603/27/cover500/8984986089_1.jpg, 이어령 지음, 생각의 나무,2009
사회과학,석유종말시계,"환경문제 또는 음모론과는 완전히 다른 시각으로 석유문제에 접근한 책이다. 기존 석유 문제를 다룬 논점들이 미래학자, 환경운동가들에 의해 제시되며 암울한 환경문제 또는 음모론 일색이었던 것과는 달리 이 책은 토목기사 경력을 지닌 경제기자의 시각과 일반인들의 생활 속에서 찾아낸 문제와 해법을 폭넓게 다루고 있다.",https://image.aladin.co.kr/product/643/53/cover500/895275803x_1.jpg, 크리스토퍼 스타이너 지음;박산호 옮김, 시공사,2010
사회과학,삼성을 생각한다,"2007년 대한민국을 떠들썩하게 만들었던 '삼성 비리' 고발의 주인공 김용철 변호사의 책. ""삼성을 생각한다""는 제목의 이 책은 '변호사 김용철이 진짜 하고 싶은 이야기'라는 카피를 달고 있다. 책 내용의 일부는 양심고백 당시 이미 공개한 것들이다. 거기에 김용철 변호사가 7년간 일하며 보고 겪은 삼성에 대한 이야기를 덧붙였다.",https://image.aladin.co.kr/product/629/7/cover500/8964350502_3.jpg, 김용철 지음, 사회평론,2010
사회과학,일본 재발견,"삼성경제연구소에서 운영하는 유료 경영정보사이트 SERICEO의 인기 콘텐츠 ‘일본 재발견’시리즈를 엮은 책으로, 객관적 시각에서의 일본의 모습을 살펴보고 있다.",https://image.aladin.co.kr/product/667/1/cover500/8976334167_1.jpg, 이우광 지음, 삼성경제연구소,2010
사회과학,일 잘하는 사람은 단순하게 말합니다,"삼성, 현대, LG, 구글, 각종 지자체 등 수많은 리더와 실무자들의 열광적 지지를 얻은 베스트셀러 《일 잘하는 사람은 단순하게 합니다》의 박소연 저자, ‘일잘러의 커뮤니케이션 편’으로 1년 만에 돌아왔다.",https://image.aladin.co.kr/product/31216/10/cover500/k092831152_1.jpg, 박소연 지음, 더퀘스트,2020
사회과학,해커스 쉽게 합격하는 공기업 NCS 자소서,"2020 최신판! NCS형 자소서 항목을 완벽 반영하였다. 공기업 이해의 모든 것, 윤종혁 선생님만의 '공기업론'을 수록하였고, 자소서 작성 시간을 아껴주는 체계적인 3단계 학습으로 구성하였다. 또한, 실전 감각을 극대화하는 '분석 연습 노트 & 공기업 합격자소서 및 합격포인트 분석'을 수록하였다.",https://image.aladin.co.kr/product/22503/39/cover500/8969651535_1.jpg, 윤종혁 지음, 해커스공기업,2020
사회과학,(4차 산업혁명 시대 창의인재를 만드는)미래의 교육,‘창의력’의 모든 것을 담고 있는 책이다. 30년 동안 ‘창의력’ 분야를 연구해온 저자는 창의인재를 만드는 ‘CAT 이론’을 공개한다. 아이에게 창의적 풍토를 조성해주면 창의적 태도를 기를 수 있으며 이를 통해 창의적 사고를 적용할 수 있다는 이론이다.,https://image.aladin.co.kr/product/18781/47/cover500/s822635635_1.jpg, 김경희 지음;손성화 옮김, 예문아카이브,2019
사회과학,GSAT 삼성 직무적성검사 고졸채용,"GSAT 5급 유형 완벽 분석을 수록한 교재다. 2019년 최신기출문제를 복원하였고, 최종정리 모의고사를 실었다. 독학을 위한 상세 해설을 첨부하였고, 온라인 모의고사 및 UK작업태도검사를 제공한다.",https://image.aladin.co.kr/product/21195/4/cover500/k402636082_1.jpg, SD적성검사연구소 지음, 시대고시기획,2020
사회과학,GSAT 삼성 직무적성검사 고졸채용,"GSAT 5급 유형 완벽 분석을 수록한 교재다. 2019년 최신기출문제를 복원하였고, 최종정리 모의고사를 실었다. 독학을 위한 상세 해설을 첨부하였고, 온라인 모의고사 및 UK작업태도검사를 제공한다.",https://image.aladin.co.kr/product/21195/4/cover500/k402636082_1.jpg, SD적성검사연구소 지음, 시대고시기획,2020
사회과학,(교육소외 극복을 위한)교육복지와 학교혁신,,https://image.aladin.co.kr/product/20646/78/cover500/892689570x_1.jpg, 김인희 지음, 한국학술정보,2019
사회과학,"상상하는 수업, 구글클래스룸","구글클래스룸을 개설하는 것부터 구글클래스룸에서 할 수 있는 수업, 자료 공유, 과제 제시, 교과세특 기록, 평가, 질의 응답, 학급운영 등 구글클래스룸에서 가능한 모든 것을 담고 있다.",https://image.aladin.co.kr/product/24109/92/cover500/k512639537_1.jpg, 윤지영 지음, 기역,2020
사회과학,코로나 사피엔스,"코로나19 사태로 인해 인류가 예전과 전혀 다른 삶을 살게 될 것은 자명해 보인다. 과거의 언어, 과거의 방식으로는 이 같은 위기를 이겨내기 힘들 것이라는 자성적 성찰이 대두하는 가운데 각 분야 대표 지성들이 대담한 인사이트를 내놓았다.",https://image.aladin.co.kr/product/24147/23/cover500/k302639540_1.jpg, 최재천 [외]지음, 인플루엔셜,2020
사회과학,"학교, 이렇게 바꾼다",우리가 꿈꿔왔던 21세기 교육의 비전과 그 실행 사이에 다리를 놓음으로써 학교교육의 개혁을 완성하는 프로세스를 제안한 책이다.,https://image.aladin.co.kr/product/23974/80/cover500/8997724045_2.jpg," 제이 맥타이,그레그 커티스 [공]지음;강현석,조인숙 [공]옮김", 교육을바꾸는사람들,2020
사회과학,인공지능과 인간의 대화,"음성 인터페이스에 기반한 스마트 스피커, 사물 인터넷 시대의 클라우드, 그리고 이 둘을 연결하는 AI 어시스턴트를 통해 AI 플랫폼을 설명한다. 그리고 이 AI 플랫폼 비즈니스에서 새로운 사업 기회를 포착하는 방법을 소개한다.",https://image.aladin.co.kr/product/24151/25/cover500/8959896551_2.jpg, 김지현 지음, 미래의창,2020
사회과학,사람에 대한 예의,"민주주의, 산업화, 공정, 정의, 복지, 기본소득에 이르기까지, ‘사람 살기 좋은 세상’을 위한 변화는 계속되는데 왜 사람의 가치는 점점 떨어지는 걸까. 우린 왜 사람을 종종 잊고 마는 걸까.",https://image.aladin.co.kr/product/24147/31/cover500/k452639540_1.jpg, 권석천 지음, 어크로스,2020
사회과학,젠트리피케이션 쫌 아는 10대,"사회 쫌 아는 십대 5권. 우리 사회에 깊숙이 들어와 있는 젠트리피케이션의 여러 모습을 그려 보이면서, 어떤 연유로 이것이 이렇게 공고화되었는지 역사적으로 살피고 이를 극복하기 위해 어떤 노력을 기울일 수 있는지 여러 나라의 다양한 사례를 통해 소개한다.",https://image.aladin.co.kr/product/19832/24/cover500/k252635345_1.jpg, 장성익 글;신병근 그림, 풀빛,2019
사회과학,유튜브 쫌 아는 10대,"사회 쫌 아는 십대 4권. ‘유튜브’, 그중에서도 유튜브가 주도하는 사회에 필요한 ‘콘텐츠 윤리’를 다룬다. 유튜브의 주된 사용자이자, 유튜브를 기반으로 새로운 소통 방식과 문화를 이끌어 갈 10대 청소년에게 콘텐츠 윤리를 돌아보자는 의미로 기획하였다.",https://image.aladin.co.kr/product/19795/45/cover500/k422635037_1.jpg, 금준경 글;하루치 그림, 풀빛,2019
사회과학,(10대를 위한 완벽한)성장형 공부법,"<최강공부법>의 저자가 학생과 부모의 마음으로 집필한 책이다. 온·오프라인을 통한 수많은 학생과 학부모님의 상담 결과와 미국과 유럽, 일본의 중, 고등학교에서 진행되어온 미래 인재를 만드는 비밀의 힘, “완벽한 성장형 공부법”을 이야기 하고 있다.",https://image.aladin.co.kr/product/20775/15/cover500/k502636661_1.jpg, 이재훈 지음, 흔들의자,2019
사회과학,4차 산업혁명을 주도할 6가지 코드,"20년 넘게 IT전문가로 일하며 4차 산업혁명과 직결된 서비스를 기획, 개발하고 있는 저자는 최근 급변하는 글로벌 IT산업의 현재와 미래를 전망하고 예측할 수 없는 시대를 선점할 해결책을 제시한다.",https://image.aladin.co.kr/product/14549/27/cover500/k302532544_1.jpg, 안무정 지음, 나비의활주로,2018
사회과학,좋은 질문이 좋은 인생을 만든다,다음 세대를 생각하는 인문교양 시리즈 아우름 23권. 구글을 비롯한 혁신적인 기업들이 어떻게 스스로 질문을 만들어 묻고 문제를 해결해냈는지를 살펴본다. 저자는 앞으로는 주어진 질문에 답하기 위해 노력하는 것이 아니라 애당초 질문하지 않는 태도에서 벗어나려는 노력이 필요한 시대라고 말한다.,https://image.aladin.co.kr/product/11511/34/cover500/8946420650_1.jpg, 모기 겐이치로 지음;박재현 옮김, 샘터,2017
사회과학,헌법우리에게 주어진 놀라운 선물,다음 세대를 생각하는 인문교양 시리즈 아우름 24권. ‘헌법 대중화’를 외치며 시민 강좌를 이끌어온 저자가 알아 두면 유용한 헌법 지식을 책에 담았다. 규제와 처벌이 아닌 자유와 권리를 지키기 위한 헌법의 가치가 무엇인지에 대해 이야기한다.,https://image.aladin.co.kr/product/11831/97/cover500/8946420707_1.jpg, 조유진 지음, 샘터,2017
사회과학,부자가 되려면 부자를 만나라,"현재의 부동산 시장에서 생애 첫 집 마련에 목말라 있는 실수요자들, 이제 막 부동산 투자에 입문하려고 하는 사람들, 부동산을 은퇴준비를 위한 투자의 수단으로 삼은 사람들에게 올바른 투자의 길을 안내해준다. 호황과 불황 속에서 부동산 투자에 나섰던 여러 사례 속에서 갈피를 잡지 못한 부동산 투자의 방향성을 찾을 수 있다.",https://image.aladin.co.kr/product/13539/40/cover500/k382532812_1.jpg, 고준석 지음, 길벗,2018
사회과학,법으로 읽는 유럽사,"<라틴어 수업> 한동일 교수가 역사를 ‘법’의 시선으로 읽는다. 고대, 중세, 근대의 역사는 로마법, 교회법, 보통법의 원리로 되새길 수 있다. 우리가 살펴보게 될 것은 비록 서양의 법이지만 이것이 중요한 까닭은 우리 법이 조선시대와는 단절을 겪으면서 그 기원을 유럽법에 두고 있기 때문이다.",https://image.aladin.co.kr/product/12860/1/cover500/8967354738_1.jpg, 한동일 지음, 글항아리,2018
사회과학,교육과정-수업-평가-기록 일체화,"교육과정, 수업, 평가는 모두 교육에서 중요한 부분이다. 무엇을 가르칠지 교육과정을 확인하여 재구성하고, 그렇게 재구성한 것을 바탕으로 수업하고, 다시 그 수업한 내용을 가지고 평가해야 한다. 당연한 이야기이다.",https://image.aladin.co.kr/product/12397/43/cover500/k592531550_1.jpg, 이명섭 [외]지음, 에듀니티,2017
사회과학,나를 중심으로 미디어 읽기,"미디어와 미디어 리터러시의 개념을 기초부터 차근차근 설명한 위에, 독자 각자에게 맞는 읽기 방법을 차례로 펼쳐나간다. 우리가 막연하게만 알고 있던 여러 미디어의 개념과 특성, 새롭게 등장한 미디어와 앞으로의 변화 전망등을 분석한다.",https://image.aladin.co.kr/product/13740/25/cover500/k802532827_1.jpg, 이승화 지음, 시간여행,2018
사회과학,이미 와 있는 미래,제4차 산업혁명의 소용돌이를 살아갈 지금의 청소년들이 미래를 어떻게 진단하고 무엇을 준비해야 하는지에 대한 이야기를 한다. 제4차 산업혁명으로 인해 빠르게 변화하는 현실에 트렌드세터로서 살아가기 위해서는 ‘열정’으로 무장한 자신만의 비전이 있어야 한다.,https://image.aladin.co.kr/product/13418/76/cover500/k862532400_1.jpg, 크레이그 맥클레인 지음, SeouLearn(서런),2018
사회과학,이상한 나라의 경제학,"착한 경제의 새로운 문법을 찾고 있는 젊은 경제학자, 한겨레경제연구소 이원재 소장이 우리들이 살고 있는 이상한 나라의 경제적 풍경을 탐사하며 점점 더 불안해지고 힘들어지는 우리 시대의 삶을 명쾌하게 분석해낸 책. 이 이상한 나라의 경제를 만들어낸 탐욕의 매트릭스의 본질을 뒤집는 새로운 생각에 차분하게 접근한다. 거대한 전환을 예고하는 이상한 나라에서 펼쳐지는 다양한 현상과 질문들에 대해 흥미로운 스토리텔링과 명쾌한 저자의 분석은, 패러다임의 전환기에서 불편하지만 우리가 직시해야 할 가장 중요한 문제가 무엇인지를 분명하게 보여준다.",https://image.aladin.co.kr/product/1514/56/cover500/8997379011_1.jpg, 이원재 지음, 어크로스,2012
사회과학,우리는 섬에서 미래를 보았다,"출간 당시 일본 전 언론의 뜨거운 관심을 받으며 수많은 독자들에게 공감을 불러일으킨 화제작으로, 지속가능한 사회 모델을 고민하며 외딴섬에서 시골 벤처 창업에 도전한 일본 청년들의 좌충우돌 비즈니스 생존기를 담고 있다.",https://image.aladin.co.kr/product/6049/64/cover500/6000854351_1.jpg, 아베 히로시;노부오카 료스케 [공]지음;정영희 옮김, 남해의봄날,2015
사회과학,탐욕의 시대,"실천적인 사회학자이며, 기아문제에 관한 저명한 연구자로서 오랜 기간 유엔 인권위원회 식량특별조사관으로 활동해온 열정적인 이력의 소유자 장 지글러. <탐욕의 시대>는 앞서 소개된 <왜 세계의 절반은 굶주리는가?>로부터 한 발 더 나아가 누가 이 세계의 빈곤화를 주도하고 있는지, 부의 재편은 어떤 방식으로 이루어지는지, 기아와 부채가 가난한 자들의 발목을 어떻게 옭아매고 있는지 등의 내용을 심도 있게 다루고 있다.",https://image.aladin.co.kr/product/292/33/cover500/8990809258_1.jpg, 장 지글러 지음;양영란 옮김, 갈라파고스,2008
사회과학,열린사회와 그 적들. 1,"'열린사회'와 '닫힌사회'의 비유로 전체주의 정치체제를 통렬하게 비판한, 20세기의 대표적 지성 칼 포퍼의 주저이다. 자유주의와 개인주의를 옹호하는 열린사회에 비해, 전체주의·역사주의·유신론 등으로 인간을 억압하는 닫힌사회를 통찰하고, 이를 플라톤, 헤겔, 마르크스 등 기존 서양 철학가들에 대한 비판적 검토로 입증한다. 1982년 첫 출간된 한국어판 초판의 개정판이다.",https://image.aladin.co.kr/product/64/83/cover500/8937416174_2.jpg, 칼 포퍼 지음;이한구 옮김, 민음사,2011
사회과학,"아들아, 돈 공부 해야 한다","151만 ‘부동산 스터디’ 카페가 애타게 기다린 《아들아, 돈 공부해야 한다》가 출간되었다. 《아들아, 돈 공부해야 한다》는 50억 자산가 아버지가 자녀에게 경제의 기본 원리와 부의 노하우를 전하는 책이다.",https://image.aladin.co.kr/product/26802/15/cover500/8925588900_1.jpg, 정선용 지음, 알에이치코리아,2021
사회과학,부자가 되려면 부자를 만나라,"현재의 부동산 시장에서 생애 첫 집 마련에 목말라 있는 실수요자들, 이제 막 부동산 투자에 입문하려고 하는 사람들, 부동산을 은퇴준비를 위한 투자의 수단으로 삼은 사람들에게 올바른 투자의 길을 안내해준다. 호황과 불황 속에서 부동산 투자에 나섰던 여러 사례 속에서 갈피를 잡지 못한 부동산 투자의 방향성을 찾을 수 있다.",https://image.aladin.co.kr/product/13539/40/cover500/k382532812_1.jpg, 고준석 지음, 길벗,2018
사회과학,NCS 직업기초능력평가 고졸채용,"2021년 공사공단 및 공기업 고졸 채용 시험대비 기본서로, 직업기초능력평가 10개 영역에 대한 핵심이론정리 및 필수유형 예제, 다양한 난도의 핵심예상문제, 출제의도 및 상세한 해설을 수록하여 단기간에 학습 효율을 높일 수 있다.",https://image.aladin.co.kr/product/25318/7/cover500/k202633406_1.jpg, 취업적성연구소 지음, 서원각,2021
사회과학,(고시넷 공기업 고졸채용)NCS 직업기초능력평가 기본서,"NCS 직업기초능력평가 10개 영역의 이론과 문제를 한 권에 완벽 정리하였다. 출제대행사를 통해 시험유형을 파악할 수 있도록 ‘출제대행사별 수주 채용기업’을 수록하였으며, 영역별 출제 유형을 분석하여 최근 출제 경향을 알 수 있도록 구성하였다.",https://image.aladin.co.kr/product/26197/54/cover500/k122738188_1.jpg, 고시넷 NCS 연구소 지음, 고시넷,2021
사회과학,(2021 상반기 고시넷)코레일 NCS 기출문제집,"2021 상반기 코레일(한국철도공사) 필기시험 대비 최신 개정판 교재다. NCS 직업기초능력평가 3개 영역(의사소통능력, 수리능력, 문제해결능력)을 수록하였고, 원안에 가깝게 복원된 2020~2018년 코레일 기출문제(총 13회)를 실었다.",https://image.aladin.co.kr/product/26057/42/cover500/k882737052_1.jpg, 고시넷 NCS 연구소 지음, 고시넷,2021
사회과학,(왕초보 판매자도 파워셀러가 되는)네이버 스마트스토어 시작하기,"스마트스토어를 시작하고 싶은 초보 판매자가 꼭 알아두어야 할 온라인 사업에 대한 이해, 판매 아이템 선정, 스마트스토어 개설, 입점, 상품 등록, 스토어 꾸미기, 정산, 혜택 관리 등 스마트스토어 운영에 대한 모든 것을 하나도 빠트리지 않고 꼼꼼히 담았다.",https://image.aladin.co.kr/product/25450/1/cover500/k292633515_1.jpg, 서미진 지음, 한빛미디어,2021
사회과학,(에듀윌)한국전력공사,2020년 하반기에 시행된 한전 필기시험의 최신 출제 경향을 분석하여 NCS 및 전기 전공 문제를 포함한 사무/전기 직렬 최신 기출복원 모의고사를 수록하였다. 또한 약 1년을 주기로 변경된 출제대행사(휴노-행과연-휴노)별 출제 경향 및 합격 전략을 완벽 분석하여 수록하였다.,https://image.aladin.co.kr/product/25917/40/cover500/k262737692_1.jpg, 에듀윌 취업연구소 지음, 에듀윌,2021
사회과학,GSAT 삼성직무적성검사 5급 고졸채용 실전모의고사,삼성 2021년 5급 고졸채용에 대비하기 위한 실전모의고사 문제집이다. 삼성 소개부터 채용시험인 GSAT 직무적성검사 실전모의고사 3회분을 수록하여 삼성 채용을 한 권으로 준비할 수 있다. 삼성 GSAT 직무적성검사 문제를 수록하여 실전에 대한 충분한 연습이 가능하다.,https://image.aladin.co.kr/product/26353/72/cover500/k302738025_1.jpg, 취업적성연구소 지음, 서원각,2021
사회과학,GSAT 직무적성검사 삼성그룹 5급 고졸채용(2021),"새로운 출제 과목, 기준을 반영하는 동시에 기존 유형에 대한 내용도 포함시켜 어떠한 출제기준에도 대응할 수 있도록 하였다. 각 영역의 출제유형과 대표유형문제, 출제예상문제를 풀어 그 유형을 익히고 실전모의고사를 신유형, 구유형으로 2회 준비하였다.",https://image.aladin.co.kr/product/26868/41/cover500/k402730305_1.jpg, JH적성검사연구소 지음, 미디어정훈,2021
사회과학,2030 축의 전환,"저자 마우로 기옌은 세계적인 경영 석학으로 그의 미래 트렌드 강연은 전 세계 10만 명 이상이 수강했고 매년 50개 이상의 글로벌 기업 교육 프로그램으로 다뤄지며 전 세계 사업가, 투자자 및 정책 입안자들에게 세계의 부와 권력의 흐름에 관한 귀중한 통찰을 제공하고 있다.",https://image.aladin.co.kr/product/30516/90/cover500/k252830490_1.jpg, 마우로 기옌 지음;우진하 옮김, 리더스북,2021
사회과학,전자캐드기능사 필기 최근기출문제(2021),"전자캐드기능사 자격을 대비할 수 있는 수험서다. 최근 개정된 출제기준과 기출문제 유형 분석을 통하여 핵심적인 이론 내용을 앞부분에 수록하였다. 이해가 쉽도록 풍부한 삽화 및 일러스트, 회로도 등을 사용하였다.",https://image.aladin.co.kr/product/25756/47/cover500/896676777x_1.jpg, 이태현 지음, 책과상상,2021
사회과학,우리 몸이 세계라면,"2017년 <아픔이 길이 되려면>으로 큰 화제를 모았던 고려대 보건과학대학 김승섭 교수가 집필했다. 1,120편의 논문을 검토하고, 300여 편의 문헌을 구체적 근거로 삼았다. 시대와 공간을 횡단하며 지식의 최전선에서 우리 몸을 둘러싼 지식의 경합과 지식인들의 분투를 담아냈다.",https://image.aladin.co.kr/product/17594/70/cover500/8962622564_1.jpg, 김승섭 지음, 동아시아,2018
사회과학,우리 몸이 세계라면,"2017년 <아픔이 길이 되려면>으로 큰 화제를 모았던 고려대 보건과학대학 김승섭 교수가 집필했다. 1,120편의 논문을 검토하고, 300여 편의 문헌을 구체적 근거로 삼았다. 시대와 공간을 횡단하며 지식의 최전선에서 우리 몸을 둘러싼 지식의 경합과 지식인들의 분투를 담아냈다.",https://image.aladin.co.kr/product/17594/70/cover500/8962622564_1.jpg, 김승섭 지음, 동아시아,2018
사회과학,(10대가 알아야 할)미래 부의 이동,"“10년 뒤 가장 가치 있는 일은 무엇일까?”, “어느 곳에 돈이 몰리고 일거리가 만들어질까?” 이 책은 인공지능, 빅데이터, 사물인터넷 등 ICT 기술이 새로운 삶의 방식을 가져오면서 과거와는 다른 새로운 ‘부(富)’를 만들어가고 있음을 청소년들의 눈높이 맞춰 설명한다.",https://image.aladin.co.kr/product/13920/33/cover500/k872532522_1.jpg," 신지나,김재남,민준홍 지음", 한스미디어,2018
사회과학,(10대가 알아야 할)미래 부의 이동,"“10년 뒤 가장 가치 있는 일은 무엇일까?”, “어느 곳에 돈이 몰리고 일거리가 만들어질까?” 이 책은 인공지능, 빅데이터, 사물인터넷 등 ICT 기술이 새로운 삶의 방식을 가져오면서 과거와는 다른 새로운 ‘부(富)’를 만들어가고 있음을 청소년들의 눈높이 맞춰 설명한다.",https://image.aladin.co.kr/product/13920/33/cover500/k872532522_1.jpg," 신지나,김재남,민준홍 지음", 한스미디어,2018
사회과학,(10대가 알아야 할)미래 직업의 이동,"ICT 전문가인 저자들이 기술의 발전을 바탕으로 미래가 어떻게 변하는지, 앞으로 어떤 직업이 유망한지, 비전 있는 직업의 주요 특징은 무엇인지를 체계적으로 소개한다. 왜 공부가 필요한지를 명쾌하게 전달함으로써 10대들의 진로 고민에 충실하게 답하고 있다.",https://image.aladin.co.kr/product/25305/87/cover500/k502633305_1.jpg," 박종서,신지나,민준홍 지음", 한스미디어,2020
사회과학,(베테랑 강사의 만인을 만족시키는)만만한 취업면접 특강,"면접을 위한 특별하고 확실한 합격의 기술을 담았다. 준비에서 퇴실까지 면접 Process 스킬을 파악하고, 면접관을 사로잡는 알짜배기 면접 노하우를 전수한다. 저자는 다년간의 다양한 취업 경험과 컨설팅을 통해 그만큼 자신있게 면접에 대한 해법을 찾을 수 있도록 도와줄 것이라고 확신한다.",https://image.aladin.co.kr/product/18009/9/cover500/k632534635_1.jpg, 신혜련 지음, 시대고시기획,2019
사회과학,휴먼 엔지니어,"불투명한 시대에 ‘엔지니어인 나는 어떻게 살아갈 것인가’라는 질문에 저자는 8가지 키워드를 내놓으며, 자신을 찾는 여정을 떠나라고 종용한다. 자칫 길을 잃기 쉬운 변화의 시대를 살아가는 엔지니어에게 자신의 삶을 돌보고 인간적인 기술을 창조할 인문학적 성찰을 제안한다.",https://image.aladin.co.kr/product/25614/73/cover500/k392735210_1.jpg, 엄태형 지음, 루비페이퍼,2020
사회과학,반도체 경제를 쉽게 읽는 책,"최신 반도체 산업, 기술, 시장의 핵심 키워드 44개를 엄선해 쉽고 흥미롭게 설명한 책. 매일 매일 빠르게 변화 발전하고 있는 반도체 관련 경제 전반을 이 책 한 권으로 ‘단박’에 이해할 수 있도록 구성돼 있다.",https://image.aladin.co.kr/product/31554/64/cover500/k322832645_1.jpg, 김희영 지음, 갈라북스,2023
사회과학,챗GPT에게 묻는 인류의 미래,"2022년 말, 출시와 동시에 전 세계를 충격과 혼란에 빠뜨린 챗GPT에게 KAIST 교수이자 뇌과학자인 김대식이 도전장을 내밀었다. 인공지능, 메타버스 등 가장 첨단의 이슈에 항상 귀를 기울여오고 있었던 저자가 이번에 챗GPT에게 눈을 돌린 것은 결코 놀랄 일이 아니다. 그러나 그가 챗GPT와 나눈 열두 개의 대화는 그야말로 놀라움 그 자체다.",https://image.aladin.co.kr/product/31105/45/cover500/8962624842_3.jpg, 김대식;챗GPT [공]지음;추서연 외 옮김, 동아시아,2023
사회과학,세상의 모든 전략은 삼국지에서 탄생했다,"〈토크멘터리 전쟁史〉 〈차이나는 클라스〉를 통해 대중의 지지를 받는 역사학자 임용한. 그가 이번에는 ‘삼국지’를 선택했다. 서기 3세기 중국에서 실제로 벌어졌던 사건을 기록한 정사 《삼국지》와 2천 년 가까이 사람들 사이에 전해지면서 대중이 느끼고, 보고 싶어 했던 로망을 담은 소설 《삼국지연의》의 비교를 통해 삼국지가 주는 교훈과 인생의 지혜, 세상에 대한 통찰을 정리한 것이다.",https://image.aladin.co.kr/product/29396/7/cover500/k662837510_1.jpg, 임용한 지음, 교보문고,2022
사회과학,"돈은, 너로부터다","『돈 공부는 처음이라』, 『돈의 시나리오』를 잇는 ‘돈’ 시리즈의 완결판! 『돈 공부는 처음이라』에서는 ‘돈 공부’의 중요성을 『돈의 시나리오』에서는 ‘계획 있는 돈’의 중요성을 강조하며 화제를 일으켰던 김종봉, 제갈현열 저자가 이번에는 ‘돈은 결국 자신으로부터 시작된다’는 부의 본질을 소설 형식으로 전달한다.",https://image.aladin.co.kr/product/31642/70/cover500/k362833372_2.jpg, 김종봉;제갈현열 [공]지음, 다산북스,2023
사회과학,당신이 모르는 민주주의,"“민주주의는 정말 선한가?” 마이클 샌델의 또 다른 명강의! 정체된 민주주의의 정체를 파헤치다. 조한혜정 연세대 명예교수, 김누리 중앙대 교수, 박종훈 KBS 기자 강력 추천.",https://image.aladin.co.kr/product/31318/62/cover500/k832832982_1.jpg, 마이클 샌델 지음;이경식 옮김, 와이즈베리(미래엔),2023
사회과학,부자 아빠 가난한 아빠,『부자 아빠 가난한 아빠 1』의 내용에 세계 금융 변화에 맞춘 41개의 ‘20년 전 그리고 오늘’과 토론과 실천을 위한 10가지 ‘스터디세션’ 등 원고지 500매 분량이 추가된 업그레이드 에디션.,https://image.aladin.co.kr/product/13492/56/cover500/k162532501_2.jpg, 로버트 기요사키 지음;안진환 옮김, 민음인,2018
사회과학,투자하기 전 경제를 공부합니다,“점심 메뉴 가격은 어떻게 정해질까?” “왜 무역전쟁이 일어나면 옷값이 오를까?” “양적완화 시대가 끝난다는데 포트폴리오 조정은 어떻게 해야 할까?” 지금 꼭 챙겨야 하는 경제 지식을 엄선해 담은 책 『투자하기 전 경제를 공부합니다』가 나왔다. 누구나 궁금해할 만한 10가지 질문으로 시작하는 전천후 경제 안내서다.,https://image.aladin.co.kr/product/31650/13/cover500/k602833578_1.jpg, 루팔 파텔;잭 미닝 [공]지음;이경식 옮김, 윌북,2023
사회과학,컨티뉴어스,"지금까지 걸어온 길에 대한 확신도, 그렇다고 완전히 새로운 길을 걸어갈 용기도 없을 때 우리는 조급함과 답답함을 느낀다. 그리고 이 정체기를 극복하지 못하면 쉽게 좌절하고 깊은 무기력에 시달린다. 일을 사랑하는 기쁨과 슬픔을 모두 경험해본 저자 윤소정 작가는 지치지 않고 오래오래 일하는 법, 진정으로 ‘나’를 키우는 법에 대한 자신의 경험과 성찰을 보여준다.",https://image.aladin.co.kr/product/31650/19/cover500/k202833579_1.jpg, 윤소정 지음, 다산북스,2023
사회과학,새로운 인류 알파세대,"2010년 이후부터 2024년까지 앞으로 태어날 아이들을 이르는 ‘알파세대’에 대한 책이다. 콘텐츠 전문가인 저자는 2025년 전 세계 인구의 25%에 달하게 되는 포스트 Z세대, 즉 알파세대가 산업에 던지는 메시지를 면밀하게 분석한다.",https://image.aladin.co.kr/product/31609/85/cover500/k772833771_1.jpg, 노가영 지음, 매일경제신문사(매경출판),2023
사회과학,(토니 로빈스)거인의 생각법,"전 세계 5,000만 명의 삶을 바꾼 토니 로빈스가 그동안 강연 및 책에서 말해온 인생을 바꾸는 진정한 방법에 관한 질문과 실천법을 압축해놓은 책! 365일 하루 한 페이지씩 짧게 읽고 실천할 수 있도록 토니 로빈스의 모든 생각이 집약된 책이다.",https://image.aladin.co.kr/product/31698/78/cover500/8925576465_1.jpg, 토니 로빈스 지음;도희진 옮김, 알에이치코리아(RHK),2023
사회과학,"총, 균, 쇠","학문의 경계를 넘나드는 세계적 석학 재레드 다이아몬드. 인류 문명에 대한 예리한 통찰을 전해온 그의 대표작이자 1998년 퓰리처상 수상작 《총, 균, 쇠》를 새 번역, 새 편집으로 만난다. 출간 25년 기념 뉴에디션에는 2023년 저자 특별서문과 서울대 인류학과 박한선 교수의 해제, 새 서문과 후기를 수록해 풍성한 읽을거리를 더했다.",https://image.aladin.co.kr/product/31629/43/cover500/8934942460_1.jpg, 재레드 다이아몬드 지음;강주헌 옮김, 김영사,2023
사회과학,딥 타임,"냉소주의와 회의주의가 범람하는 이때, 근거 없는 비관에 전면으로 반박하며 인류의 미래에 대한 가장 설득력 있는 전망을 들려주는 실험이 있다. 사상 최초의 시도이자 최대 규모로 시작할 때부터 주요 외신의 찬사를 받은 ‘딥 타임(DEEP TIME)’이 그것이다.",https://image.aladin.co.kr/product/30153/40/cover500/k032839485_1.jpg, 크리스티앙 클로 지음;이주영 옮김, Whale Books(웨일북),2022
사회과학,이렇게만 하면 장사는 저절로 됩니다,"라라브레드를 만든 강호동 대표는 20년간 각종 사업장에서 고객에게 사랑받는 법을 온몸으로 터득하며 가난과 장애를 딛고 일어섰다. 이 책에서는 그가 겪었던 시행착오 과정을 가감 없이 공개하며, 성공 창업의 노하우를 세심하게 알려주고자 한다.",https://image.aladin.co.kr/product/29489/71/cover500/k552837533_1.jpg, 강호동 지음, 위즈덤하우스,2022
사회과학,1등급 찢었다!,"효과적으로 공부할 수 있는 인지심리학적 지식과 정보를 24개의 키워드로 정리하여, 너무 어려워서 실천 불가능한 공부법이 아닌, 누구나 실천할 수 있는 방법을 제시하여 공부에 대한 자신감을 심어 준다. 또한, 만화 형식으로 구성되어 쉽고 재미나게 공부법을 익힐 수 있다.",https://image.aladin.co.kr/product/29259/10/cover500/8963194752_1.jpg, 김경일 글;뜬금 그림, 북멘토,2022
사회과학,1000대 1의 경쟁률을 뚫는 자기소개서,"삼성그룹 관계사에서 27년간 신입사원을 선발 육성하고, 12년간 전국 대학 100여 곳에서 취업준비생들의 취업컨설팅을 담당했던 (사)한국취업컨설턴트협회 대표 컨설턴트인 문창준 강사가 40여 년간의 직장, 취업컨설팅 경험을 녹여냈다.",https://image.aladin.co.kr/product/29869/57/cover500/k012838620_1.jpg, 문창준 지음, 마인드큐브,2022
사회과학,내가 가진 것을 세상이 원하게 하라,30여 년간 크리에이티브의 최전선인 광고업계에서 자기만의 색깔로 인정받고 성과를 냈던 최인아 전 제일기획 부사장. 첫 일터에서 스스로 물러나 8년째 자신의 이름을 딴 ‘최인아책방’을 운영하는 지금까지 관심의 촉수는 늘 이 질문에 닿아 있었다. 오랜 시간 현역으로 일하며 자신을 파워 브랜드로 성장시켜올 수 있었던 그만의 관점과 태도를 신간『내가 가진 것을 세상이 원하게 하라』에 담고자 한다.,https://image.aladin.co.kr/product/31495/23/cover500/k572832334_1.jpg, 최인아 지음, 해냄(해냄출판사),2023
사회과학,소셜미디어는 인생의 낭비일까요?,소셜미디어 세계를 방랑하는 청소년을 위한 안내서. 소셜미디어 문화의 긍정적 측면과 부정적 측면을 맞부딪혀가며 청소년에게 그 세계를 객관적으로 보는 안목을 길러준다. 유쾌하고 이로운 소셜미디어 생활을 위한 항해지도인 셈이다.,https://image.aladin.co.kr/product/29939/16/cover500/k932838537_1.jpg, 김보미 글;2DA 그림, 서해문집,2022
사회과학,상식을 뒤엎는 돈의 심리학,돈이란 무엇일까? 이 책의 저자는 ‘돈’이라는 도구를 사용하여 인간 심리를 연구한 학계의 선두주자이다. 이 책에는 다양한 실험과 사례로 돈과 심리의 세계를 들여다본다. 그가 세밀하게 살펴본 인간 심리와 돈의 관계는 일반인의 상상을 뛰어넘는다.,https://image.aladin.co.kr/product/31725/8/cover500/k752833893_1.jpg, 저우신위에 지음;박진희 옮김, 미디어숲,2023
사회과학,(김난도의) 내일,"그간 청년들의 멘토로서 대한민국 청춘을 위로하고, 트렌드 전문가로서 한국 사회의 변화와 흐름을 날카롭게 진단해온 김난도 교수가 청년들의 가장 큰 현실적인 아픔이자 고통인 ‘일자리 문제’에 대해 이야기 하는 책이다.",https://image.aladin.co.kr/product/2820/59/cover500/8954621910_2.jpg, 김난도;이재혁 [공] 지음, 오우아,2013
사회과학,(국민이 광고주인 카피라이터 정철의) 나는 개새끼 입니다,카피라이터 정철이 던지는 부조리한 권력과 사회적 모순에 던지는 날카로운 일침. 그는 “아니오! 라고 말하지 않는 청춘은 죽은 청춘이다!”라고 말하며 우리가 일상적으로 부딪치는 모든 부조리와 모순들을 카피라이터 특유의 절제된 언어로 하나씩 비판한다.,https://image.aladin.co.kr/product/1504/45/cover500/8901141329_1.jpg, 정철 지음, 리더스북,2012
사회과학,승자의 안목,"고전과 현대, 이론과 현장을 종횡무진 오가며 다양한 사례와 명쾌한 분석을 통해 위기를 기회로, 기회를 성과로 변화시킨 이들의 탁월한 안목을 소개한다. 또한 이를 자신의 자리에, 내가 속한 조직에 적용할 수 있도록 실천적이고 종합적인 해법을 제시한다.",https://image.aladin.co.kr/product/2445/50/cover500/8990738148_2.jpg, 김봉국 지음, 센추리원,2013
사회과학,메이커스,<롱테일 경제학>의 크리스 앤더슨이 인터넷의 보급 이후 나타나고 있는 새로운 3차 산업혁명의 전조와 향후 10년간 일어날 기술혁명의 미래를 알려주는 책. 각국에서 추진 중인 제조업 부활정책의 핵심과 창조경제의 나아갈 방향을 제시한다.,https://image.aladin.co.kr/product/2672/22/cover500/892555061x_1.jpg, 크리스 앤더슨 지음;윤태경 옮김, 알에이치코리아(RHK),2013
사회과학,기획의 정석,"공모전 23관왕의 신화, 기획의 여왕 박신영이 최초로 공개하는 ‘기획의 정석’이 담긴 책. 다양한 분야에서 익힌 저자의 현장 삽질 노하우와 뇌 이론들을 종합하여 공모전의 실전 기획 필살기를 정리하고 기획 노하우를 집약한, ‘기획’만을 위한 책이다.",https://image.aladin.co.kr/product/2596/68/cover500/8984073660_3.jpg, 박신영 지음, 세종서적,2013
사회과학,지도자들,20세기 세계사를 수놓은 정치지도자들과 그들이 만들어 낸 역사 속에서 21세기 진정한 '지도자'의 조건을 찾아본다. 격동의 현대사에서 그들이 부딪혔던 시대적 과제와 개별 인간들의 상호작용을 다이내믹하게 그려내고 있다.,https://image.aladin.co.kr/product/2767/38/cover500/8976965426_1.jpg, 역사비평 편집위원회 엮음, 역사비평사,2013
사회과학,지면서 이기는 관계술,좋은 관계를 유지하고 원하는 것까지 얻어내는 37가지 통찰이 담긴 책. 사람의 행동에 대한 단서들과 다양한 심리 기법을 활용해 원만한 관계를 만들고 원하는 것을 얻는 방법을 알려주는 책이다.,https://image.aladin.co.kr/product/2688/77/cover500/8960866040_1.jpg, 이태혁 지음, 위즈덤하우스,2013
사회과학,회사에서 살아남는 핵심인재의 비밀,"오늘날 회사 조직은 더 이상 명령과 통제에 의존하지 않는다. 이전의 수직적인 권력 체계를 가진 조직 구조에서는 권력의 경계가 명확히 구분되어 있었지만, 수평적인 조직에서는 그 경계가 점점 더 모호해지고 있다. 여기에서 필요한 요소는 ‘정치적 기술’이다.",https://image.aladin.co.kr/product/2855/9/cover500/8993480990_1.jpg, 조 오웬 지음;김신욱 옮김, 북스토리,2013
사회과학,제국의 위안부,"위안부의 이미지는 위안부들의 ‘기억과 경험’의 반쪽에 불과하다. 그런 식의 ‘위안부’ 자체에 대한 불충분한 이해와 일본의 ‘사죄와 보상’을 둘러싼 ‘오해’, 그리고 현실 정치와 엮이고 현실 정치에 이용된 것이 위안부 문제가 풀리지 못한 가장 큰 이유였다.",https://image.aladin.co.kr/product/2967/82/cover500/8964620305_1.jpg, 박유하 지음, 뿌리와이파리,2013
사회과학,부의 추월차선,"30대 억만장자가 알려 주는 가장 빠른 부자의 길. 이 책은 지금까지의 ‘부자 되기’ 책들이 말하는 것과는 완전히 다른 공식을 제시하고 있다. 저자는 조금이라도 젊을 때, 인생을 즐길 수 있을 때 부자가 되어야 한다고 주장한다.",https://image.aladin.co.kr/product/3036/43/cover500/8994702342_1.jpg, 엠제이 드마코 지음;신소영 옮김, 토트,2013
사회과학,부의 추월차선,"30대 억만장자가 알려 주는 가장 빠른 부자의 길. 이 책은 지금까지의 ‘부자 되기’ 책들이 말하는 것과는 완전히 다른 공식을 제시하고 있다. 저자는 조금이라도 젊을 때, 인생을 즐길 수 있을 때 부자가 되어야 한다고 주장한다.",https://image.aladin.co.kr/product/3036/43/cover500/8994702342_1.jpg, 엠제이 드마코 지음;신소영 옮김, 토트,2013
사회과학,우리교육 100문100답,"""우리아이 교육 문제, 대체 어찌해야 좋을까요?"" 교육평론가 이범이 자녀교육, 입시제도, 교육정책에 관한 당신의 모든 의문에 답한다. 이 책은 학생과 학부모와 교사들에게 실질적으로 참고가 될 만한 실용적인 얘기들로 채워져 있다.",https://image.aladin.co.kr/product/1893/58/cover500/8963707768_1.jpg, 이범 지음, 다산북스,2012
사회과학,(끝까지 계속하게 만드는)아주 작은 반복의 힘,저자는 이 책을 통해 우리의 의지와 노력의 문제가 아니라 실행 방법의 설계가 잘못되었다고 말하며 목표를 달성하기 위한 과학적이고 구체적인 방법을 제시한다.,https://image.aladin.co.kr/product/7799/63/cover500/k442434222_3.jpg, 로버트 마우어 지음;장원철 옮김, 스몰빅미디어,2016
사회과학,유엔미래보고서 2050,"신기술과 변화하는 미래의 모습만을 보여주는 것이 아니라, 기술의 발달로 인한 사회구조의 변화, 그리고 그에 따라 우리가 바꿔야 할 사고방식에 관해 중점적으로 다루고자 했다.",https://image.aladin.co.kr/product/7537/11/cover500/k400000000_1.jpg, 박영숙;제롬 글렌 [공]지음;이영래 옮김, 교보문고,2016
사회과학,인성이 실력이다,"조벽 교수가 전하는 인성교육의 핵심. 교육정책과 교수법에 관한 세계적 전문가로서, 저자는 30여 년간 국내외 교육 경험에서 우러나온 통찰과 과학적 근거를 통해 효과적인 인성교육의 장으로 안내하고, 인성교육의 목표를 '삼율'로, 실천전략을 '육행'으로 제시한다.",https://image.aladin.co.kr/product/7295/12/cover500/896574525x_1.jpg, 조벽 저, 해냄,2016
사회과학,(토마스 고든의)교사역할훈련 가이드,,https://image.aladin.co.kr/product/183/71/cover500/8996073105_1.jpg, Chie Kondo 지음;T.E.T 센터 옮김, GTI코리아,2008
사회과학,네가 진짜로 원하는 인생을 살아,"진로가 막막한 청소년을 위한 43가지 진로 가이드를 알려 준다. 단순히 직업정보만 나열하지 않고, 자신이 평소에 좋아하는 분야와 관련된 직업정보를 찾아볼 수 있도록 했다. 또한 그와 관련된 직업인이 되기 위해서 어떤 능력과 재능이 필요한지를 살폈다.",https://image.aladin.co.kr/product/7505/28/cover500/8973434292_1.jpg, 임재성 지음, 평단,2016
사회과학,의욕의 기술,"행동 변화사상가인 저자는 중요한 일을 앞두고도 시작을 미루거나, 인생을 붙잡고 있는 문제들을 해결하기를 미루는 사람들의 심리를 연구해왔다. 의욕을 갖지 못해 꽉 막힌 상태에 머무른 사람들에게서 공통된 행동 특성을 발견할 수 있었고, 그 속에 숨겨진 심리와 행동의 비밀에 관해 이번 책을 통해 새로운 통찰로 제시했다.",https://image.aladin.co.kr/product/13786/97/cover500/k792532925_1.jpg, 제이슨 워맥;조디 워맥 [공]지음;김현수 옮김, 다산북스,2018
사회과학,(최진기의)지금당장 경제학,「KBS 최진기의 생존경제」로 수백만 회의 조회수를 올리며 경제공부 열풍을 주도해 온 저자 최진기의 현실 밀착형 경제 입문서. 10만 부 이상이 팔리며 「문화관광체육부 우수교양도서」로 선정된 『지금당장 경제공부 시작하라』가 최신 개정판으로 돌아왔다.,https://image.aladin.co.kr/product/6723/83/cover500/k462434162_2.jpg, 최진기 지음, 스마트북스,2015
사회과학,"결정, 흔들리지 않고 마음먹은 대로","특별한 이야기를 담기에 걸맞은 특별한 상자와 같다. 세계 최고 의사결정 전문가가 공들여 펼쳐둔 결정에 관한 새로운 선택지가 이제 우리의 손닿을 곳에 있다. “결정 잘하는 법을 배워본 적이 있습니까?”였던 첫 번째 질문을 조금 바꾸어본다. “결정 잘하는 방법을 배우고 싶습니까?” 이제 상자를 열고, 다가올 다음 미래를 우리 스스로 ‘결정’할 차례이다.",https://image.aladin.co.kr/product/16316/95/cover500/k702533342_1.jpg, 애니 듀크 지음;구세희 옮김, 에이트포인트,2018
사회과학,"들어주고, 인내하고, 기다리는 유대인 부모처럼","유대인의 역사, 문화, 가정철학, 자녀교육은 물론 하브루타 짝 토론의 놀라운 학습 효과와 실제 사례까지 세세하게 소개했다. 일상생활에서 어떻게 실천할 것인지에 대한 실제적인 팁까지 얻을 수 있다. 자녀를 어떻게 키울 것인가를 고민하는 부모에게 자녀교육의 ‘철학적 나침반’을 제공한다.",https://image.aladin.co.kr/product/15643/35/cover500/k162533934_1.jpg, 장화용 지음, Sb,2018
사회과학,배움을 돈으로 바꾸는 기술,"이노우에 히로유키는 치과의사 겸 경영학 박사이자, 총 100만 부 이상이 팔린 베스트셀러 저자이다. 독자들을 중심으로 페이스북 등에서 ‘배움을 돈으로 바꾸는 기술’ 커뮤니티가 자발적으로 생겨나는 등 일본 전역에서 열광적인 반응을 얻고 있다.",https://image.aladin.co.kr/product/3471/30/cover500/8956592187_1.jpg, 이노우에 히로유키 지음;박연정 옮김, 예문,2014
사회과학,(책따세와 함께하는)책쓰기 교육,"비영리 사단법인 '책으로따뜻한세상만드는교사들'의 그간의 노력과 노하우가 담긴 책. 국어, 수학, 과학, 진로 등 각기 다른 교과와 학년을 대상으로 시도한 책따세 선생님들의 다양한 책쓰기 지도 사례를 통해 책쓰기 교육의 개념과 방법론을 쉽고 친근하게 제시하고 있다.",https://image.aladin.co.kr/product/13419/51/cover500/8932030774_1.jpg, 책으로따뜻한세상만드는교사들 지음, 문학과지성사,2018
사회과학,실격당한 자들을 위한 변론,"변호사이자 지체장애 1급 장애인인 저자는 병들거나 뒤틀리거나 약한 몸을 가진, 우리 사회에서 ‘잘못된 삶’이라 여겨지는 이들이 수시로 맞닥뜨리는 비참함과 그럼에도 불구하고 그들이 무너지지 않고 삶을 살아내는 힘, 여전히 존엄하고 당당하며 세상을 변화시킬 주체일 수 있는 이유를 이야기한다.",https://image.aladin.co.kr/product/11380/16/cover500/k522533969_1.jpg, 김원영 지음, 사계절,2018
사회과학,알기 쉬운 설명의 규칙,"어째서 저 사람의 설명은 이해하기 어려운 걸까. 어떻게 하면 알아듣기 쉽게 설명할 수 있을까. 이 책은 저자가 위의 두 가지 질문에 답하기 위해 썼다. 그리고 실천 트레이닝을 포함해 ‘알기 쉬운 설명’을 위한 규칙에 대해 소개하고 있다. 이 규칙대로만 실행한다면 자신이 전달하고자 하는 바를 상대방이 누구든, 또 어떤 내용이든 알기 쉽게 전달할 수 있다.",https://image.aladin.co.kr/product/15683/54/cover500/8965022843_1.jpg, 고구레 다이치 지음;황미숙 옮김, 지상사,2018
사회과학,기획서 제안서 작성법,,https://image.aladin.co.kr/product/86/34/cover500/895897057x_2.jpg," 사이토, 마코토 지음;양영철 옮김", 삼양미디어,2008
사회과학,스물일곱 이건희처럼,"이건희의 자기계발 전략을 파헤친 책. 20대까지만 해도 형제들 사이에서 주목받지 못했던 이건희라는 인물이 세계 속에서 삼류에 불과했던 삼성을 세계초일류로 올려놓기까지 어떤 계기를 통해 자극을 받고 어떻게 자신을 단련하였는지, CEO로서가 아닌 이건희 개인의 자기계발 전략, 공부법, 업무 스타일 등을 소개한다.",https://image.aladin.co.kr/product/344/29/cover500/8993285810_1.jpg, 이지성 지음, 다산라이프,2009
사회과학,회사가 붙잡는 사람들의 1% 비밀,"최고의 헤드헌터가 소개하는 직장 생존 노하우를 담은 책. 이 책은 회사가 붙잡는 인재, 상사가 인정하는 사원, 부하 직원이 따르는 상사가 되는 방법은 무엇인지 묻고 헤드헌터로 직장생활의 최전방에서 기업에 인재를 추천해온 저자의 경험을 바탕으로 지금까지 알고 있던 직장에 대한 잘못된 인식을 바로잡아 주고, 소수만이 알고 있는 Top Secret을 공개하여 보여주고 있다.",https://image.aladin.co.kr/product/327/39/cover500/8960861626_2.jpg, 신현만 지음, 위즈덤하우스,2009
사회과학,회사가 붙잡는 사람들의 1% 비밀,"최고의 헤드헌터가 소개하는 직장 생존 노하우를 담은 책. 이 책은 회사가 붙잡는 인재, 상사가 인정하는 사원, 부하 직원이 따르는 상사가 되는 방법은 무엇인지 묻고 헤드헌터로 직장생활의 최전방에서 기업에 인재를 추천해온 저자의 경험을 바탕으로 지금까지 알고 있던 직장에 대한 잘못된 인식을 바로잡아 주고, 소수만이 알고 있는 Top Secret을 공개하여 보여주고 있다.",https://image.aladin.co.kr/product/327/39/cover500/8960861626_2.jpg, 신현만 지음, 위즈덤하우스,2009
사회과학,부유한 노예,"60년대 반전세대이자, 미국 민주당 좌파를 대변하는 정치경제학자 로버트 라이시는 이 책을 통해, 한때 불황을 모르고 급성장했던 미국의 첨단 기술 경제의 실상을 비판적으로 검토하고 있다. 더 빠르고, 더 좋고, 더 값싼 상품과 서비스를 누리기 위해 더 필사적으로 일에 매달려야 하는 풍요로움의 이면에 관한 날카로운 분석이다.",https://image.aladin.co.kr/product/30/33/cover500/8934907932_2.jpg, 로버트 라이시 지음;오성호 옮김, 김영사,2011
사회과학,경영·경제·인생 강좌 45편,"의 저자이기도한 서울대 윤석철 교수의 경영학 특강. '경영, 경제, 인생'의 전반을 아우르며 기업과 개인의 발전에 절대적으로 필요한 '경영학적 사고'에 대해 이야기한다. 인간과 조직을 다양한 각도로 조망하고 해석하여 우리가 갖추어야 할 21세기의 경쟁력을 거시적이고 핵심적으로 보여준다.",https://image.aladin.co.kr/product/57/53/cover500/8989313627_1.jpg, 윤석철 지음, 위즈덤하우스,2011
사회과학,(EBS 교육대기획)학교란 무엇인가,"흔들리는 교육에 새로운 방향타를 제시하는 EBS 교육대기획이 그 모습을 드러낸 건 2010년 11월. 그동안 교육 문제는 수많은 교육정책 전문가와 학자들에 의해서도 문제만 제기될 뿐, 마땅한 해결책 없이 표류해 오던 명제들이었다. 이상적인 학교의 모습을 그려보지만, 톱니바퀴처럼 맞물려 돌아가는 사회적 여건 앞에서 모두가 그 문제를 꺼내볼 엄두조차 내지 못하고 있었다.",https://image.aladin.co.kr/product/1298/9/cover500/8927802527_2.jpg, EBS <학교란 무엇인가> 제작팀 지음, 중앙books,2011
사회과학,(EBS 교육대기획)학교란 무엇인가,"흔들리는 교육에 새로운 방향타를 제시하는 EBS 교육대기획이 그 모습을 드러낸 건 2010년 11월. 그동안 교육 문제는 수많은 교육정책 전문가와 학자들에 의해서도 문제만 제기될 뿐, 마땅한 해결책 없이 표류해 오던 명제들이었다. 이상적인 학교의 모습을 그려보지만, 톱니바퀴처럼 맞물려 돌아가는 사회적 여건 앞에서 모두가 그 문제를 꺼내볼 엄두조차 내지 못하고 있었다.",https://image.aladin.co.kr/product/1298/9/cover500/8927802527_2.jpg, EBS <학교란 무엇인가> 제작팀 지음, 중앙books,2011
사회과학,스토리가 스펙을 이긴다,"국내외 유수의 기업에서뿐만 아니라, 이미 여러 사회 분야 전반에서 활용되고 있는 ‘스토리텔링’ 기법을 개인의 진로 탐색 및 경력 개발, 취업 전략에 적용한 자기계발서. 취업 및 경력 관리 환경의 변화, 즉 스펙 중심 사회에서 스토리 중심 사회로의 변화의 맥을 짚어내며, 왜 스펙 쌓기가 개인의 취업과 성공의 대안일 수 없는지, 스토리를 통해 개인이 어떻게 성취를 이룰 수 있는지 구체적인 방법을 제시한다.",https://image.aladin.co.kr/product/658/56/cover500/8901106434_2.jpg, 김정태 지음, 갤리온,2011
사회과학,잡스처럼 꿈꾸고 게이츠처럼 이뤄라,"두 위대한 인물의 흥미로운 라이벌 관계를 이야기의 토대로 삼고 있다. 두 사람이 경쟁하면서 만들어 간 PC의 역사를 들여다 보게 하면서 그들의 비범함을 키워 준 교육환경과 창업정신의 토양, 괴팍하면서도 사람들을 휘어잡는 리더십의 비결을 구체적 사례와 일화로 구성했다.",https://image.aladin.co.kr/product/634/54/cover500/8991113397_2.jpg, 이창훈 지음, 머니플러스,2011
사회과학,(자유로운 아이들)서머힐,"""아이들에게 완전한 자유를 주면 어떤 일이 벌어질까?"" 이 의문을 직접 행동으로 옮겨 전세계 교육계에 많은 영향을 끼친 영국의 서머힐 학교와 그 설립자 A. S. 닐의 생애를 담았다. 아이들은 선한 존재라는 믿음, 어른들의 간섭 없이 맡겨도 아이들은 자신의 능력껏 최대한 발전할 것이라는 믿음 등 아이들에 대한 새로운 관점을 기초로 한 '서머힐 정신'이 책 전반에서 우러난다.",https://image.aladin.co.kr/product/64/51/cover500/8988404572_1.jpg, A. S. 닐 지음;한승오 옮김, 아름드리미디어,2006
사회과학,(내일이 바뀌는 새로운 습관)잠자기 전 30분,"습관 중에서도 특히 '잠자기 전 30분'의 습관에 대해 이야기한다. 다양한 학습이론과 수면과학을 통해 '잠자기 전 30분'이 어떤 시간이며, 또 어떻게 활용하는지 알려준다. 저자 자신의 경험을 통해 그 효과를 입증한 '잠자기 전 30분'의 활용법을 소개한다.",https://image.aladin.co.kr/product/283/30/cover500/8996156922_1.jpg, 다카시마 데쓰지 지음;홍성민 옮김, 티즈맵,2011
사회과학,진학보다 진로를 먼저 생각하는 10대의 미래지도,"자신의 미래를 그려보면서 큰 꿈을 꿔야 할 10대 청소년들을 위한 본격적인 진로코칭 전문서. 부모와 교사, 그리고 10대 청소년 모두에게 진로교육의 필요성과 중요성을 일깨우는 한편 현명한 진로지도 방법을 알려준다. 또한 입학사정관제를 대비하는 전략도 함께 소개한다.",https://image.aladin.co.kr/product/642/9/cover500/8963055108_1.jpg, 강보영 지음, 노란우산,2011
사회과학,(수업을 살리는)교사화법,"경인교육대학교 ‘교사화법’ 강의 교재로 채택된 <수업을 살리는 교사화법>은 대화 분석 방식을 바탕으로 수업대화에 대해서 기본 이론을 소개하고, 수업 대화의 단계와 기능 범주에 따라서 이론을 배우고, 실제 활동을 통해 실습을 할 수 있도록 내용을 구성했다.",https://image.aladin.co.kr/product/656/12/cover500/8993879184_1.jpg," 이창덕 외, 지음", 즐거운학교,2010
사회과학,"청소년, 직업여행으로 인생을 배운다",,https://image.aladin.co.kr/product/252/5/cover500/8983966122_1.jpg, 김준성 지음, 신아사,2011
사회과학,(On the air)하늘여행,"밀착 취재의 르포라이팅 기법으로 대한민국 공군의 세계를 조명한 책이다. 전국 각지에 있는 공군부대를 방문, 병사 및 직업군인들의 삶을 글과 사진으로 기록했다. 부록에는 공군이 되기 위해 거쳐야 하는 교육기관과 선발시험 등에 대한 정보를 담았다.",https://image.aladin.co.kr/product/68/49/cover500/8991373054_1.jpg, 강수정;이남훈 지음;김윤해;이동화 사진, 전나무숲,2008
사회과학,자기주도학습이 1등급을 만든다,'에듀웰' 시리즈. 인터넷 신문 프레시안에서 인기리에 연재했던 <학원 절대로 가지 마라>를 에세이 식으로 엮은 것이다. 대부분의 학생들이 잘못된 방식으로 공부해 온 것에 안타까워하는 교육자의 마음이 잘 담겨 있다. 특히 사교육의 불필요성을 이야기하며 학원보다 학교수업에 충실한 학생이 오히려 좋은 결과를 얻는다는 것을 강조하고 있다.,https://image.aladin.co.kr/product/843/44/cover500/8926817679_1.jpg, 권승호 지음, 한국학술정보,2010
사회과학,긴축은 죽음의 처방전인가?,당위적 입장이나 어림짐작이 아닌 철저한 자료들을 제시하여 구체적인 증거들을 보여주는 이 책은 이데올로기나 정치적 이해관계에 따라서 관념적 주장으로만 점철되었던 국가의 정책 결정에 대한 정확한 방안을 제시한다.,https://image.aladin.co.kr/product/3291/83/cover500/8972915564_1.jpg, 데이비드 스터글러;산제이 바수 [공]지음;안세민 옮김, 까치글방,2013
사회과학,너드,"너드를 소재로 한 최초의 종합적인 책으로, 외르크 치틀라우는 조목조목 아주 흥미롭게 세계사에 커다란 족적을 남기고 현재의 우리 삶에 대단한 영향을 끼친 천재 너드들을 평하고 있다. 이 책은 18명의 ‘너드’들을 다루고 있다.",https://image.aladin.co.kr/product/3292/25/cover500/8964231627_1.jpg, 외르크 치틀라우 지음;유영미 옮김, 작은씨앗,2013
사회과학,누가 그들의 편에 설 것인가,"국제연대활동가 곽은경. NGO를 떠올리면 긴급 구호활동 혹은 아프리카의 굶주린 아이들을 돌보는 연예인의 봉사활동 이미지를 떠올리는 것이 전부인 우리에게, 그는 냉엄한 국제사회의 높은 문턱과 영화보다 더 영화 같은 잔혹한 세상의 비극을 가감 없이 전달한다.",https://image.aladin.co.kr/product/3190/94/cover500/8996922242_1.jpg, 곽은경;백창화 [공]글, 남해의봄날,2013
사회과학,리스판서블 컴퍼니 파타고니아,파타고니아는 1973년 설립 이래 40년동안 그것을 증명하면서 2013년 미국 아웃도어 의류 시장 점유율 2위에 올랐으며 2008년 금융위기 속에서도 매출 성장률 50퍼센트를 달성했다. 인간과 자연에 대한 진정성 있는 책임과 실천만이 지속가능한 이익을 만들 수 있다는 것을 파타고니아가 직접 실천해 온 것이다. 파타고니아 이야기를 통해 우리는 미래 기업의 운명을 결정하는 두 가지 핵심 전략을 터득할 수 있다.,https://image.aladin.co.kr/product/3244/78/cover500/8998171082_1.jpg, 이본 쉬나드;빈센트 스탠리 [공]지음;박찬웅 외 옮김, 틔움,2013
사회과학,부의 감,"언제나 사람들은 궁금해 한다. 대체 그들은 ‘어떻게 부자가 되었을까?’ 그리곤 누구나 부자가 되길 꿈꾼다. 하지만 부자가 되는 뾰족한 수는 알지도 못하고, 부자들의 말을 들어봐도 새삼스러울 것 없이 모두 평범하기만 하다.",https://image.aladin.co.kr/product/3310/0/cover500/8935209910_1.jpg, 루이스 쉬프 지음;임현경 옮김, 청림,2013
사회과학,당신들의 대한민국1. 1,이 책은 '한국인보다 더 한국을 잘 아는 러시아 태생의 귀화 한국인' 박노자의 칼럼을 모아 엮은 것이다. 한국 사회에 남은 뿌리 깊은 전근대성을 질타하는 그의 글은 늘 우리들을 각성하게 한다.,https://image.aladin.co.kr/product/32/34/cover500/s222734440_1.jpg, 박노자 지음, 한겨레출판,2006
사회과학,당신들의 대한민국2. 2,"두 번째 권에서는 신자유주의적 세계화를 지상의 과제로 받아들여 괄목할 만한 성과를 보이고 있는 '주식회사 대한민국'의 이면에 주목한다. 황우석과 삼성 휴대폰으로 대표되었던 (주)대한민국의 외형과 그 내부의 '생존 공포', 갈수록 치열해지기만 하는 '전쟁형 경쟁'의 관계에 대해 다시 생각해보자는 것이다.",https://image.aladin.co.kr/product/61/78/cover500/8984311790_2.jpg, 박노자 지음, 한겨레출판,2006
사회과학,수업을 바꾸다,"수업혁신과 학교혁신 운동(한국협동학습연구회, 좋은교사운동 좋은학교만들기, 좋은학교연구소, ebs “선생님이 달라졌어요” 수업코치)을 오랫동안 참여하였던 저자의 수업 혁신에 대한 고민들을 정리한 책이다.",https://image.aladin.co.kr/product/2938/36/cover500/1185122001_1.jpg, 김현섭 지음, 한국협동학습센터,2013
사회과학,공부 중독,"공부라는 만능키를 두고 사회학자 엄기호와 정신과의사 하지현이 만났다. 교육뿐 아니라 취업, 부동산, 노후, 경제 불평등까지 거의 모든 영역의 사회문제들을 빨아들이고 있는 공부라는 블랙홀이 대한민국을 어떻게 잠식하고 있는지 분석하고, 이에 대한 해답을 제시한다.",https://image.aladin.co.kr/product/7147/43/cover500/k292434092_2.jpg," 엄기호,하지현 지음", 위고,2015
사회과학,덜어냄의 법칙,창의성과 혁신 분야의 전문가이자 대중 강연자인 매튜 메이가 쓴 '2013 스몰 비즈니스 북 어워드' 수상작. 저자는 “덜어냄”이야말로 “다르게 생각하는” 원천임을 이해하고 인정해야 한다고 말한다.,https://image.aladin.co.kr/product/5652/14/cover500/6000838679_1.jpg, 매튜 메이 지음;박미경 옮김, 부즈펌책이야기,2015
사회과학,1등의 통찰,"전략 컨설턴트 히라이 다카시의 책. 저자는 MIT 명강의를 충실하게 되살리되, 자신이 직접 경험하거나 통찰한 비즈니스 현장의 사례를 들어 독자 누구나 실전에서 적용해볼 수 있도록 현실적인 도움을 준다.",https://image.aladin.co.kr/product/8623/91/cover500/k882535575_3.jpg, 히라이 다카시 지음;이선희 옮김, 다산북3.0,2016
사회과학,참여형 수업을 이끄는 창의적 교수법 47가지,교육생들을 교육할 때 참여를 이끌어내기 위해서 교육현장에서 실제로 활용할 수 있는 교수법을 설명한 책이다. 버라이어티 프로그램에서 출연자들이 하는 게임을 교육현장에서 적용했다는 점이 특징이다.,https://image.aladin.co.kr/product/2705/58/cover500/8962871351_1.jpg, 전창욱 지음, 미래와경영,2015
사회과학,교사가 말하는 교사 교사가 꿈꾸는 교사,"교육칼럼니스트이자 현직교사인 권재원의 <학교라는 괴물>에 이은 두 번째 교육에세이집. '교사'로 살고 있는 데 대한 무한한 자긍심에 바탕해, 같은 길을 가고 있고 또 가려는 이들을 향한 뜨거운 지지와 연대의 마음이 편지글의 형식으로 담겨 있다.",https://image.aladin.co.kr/product/6580/47/cover500/8963191451_1.jpg, 권재원 글, 북멘토,2015
사회과학,로봇의 부상,"‘인간처럼 사고하는 인공지능이 등장한다는 것은 우리의 생활에 어떤 영향을 미칠까? 우리는 이를 통해 어떤 혜택을 얻게 되고, 어떤 문제들을 마주하게 될까?’ 저자는 이 책을 통해 이 문제에 관해 한발 앞서 고민한 결과를 우리에게 아낌없이 들려준다.",https://image.aladin.co.kr/product/7982/16/cover500/8984075507_1.jpg, 마틴 포드 지음;이창희 옮김, 세종서적,2016
사회과학,(4차 산업 혁명)세상을 바꾸는 14가지 미래 기술,이 책은 “10년 후 우리는 무엇을 먹고 살 것인가?”라는 질문에서 시작했다. 급변하는 세상 속에서 가능성 있는 산업이 무엇인지 알고자 했다.,https://image.aladin.co.kr/product/8207/29/cover500/8993322899_1.jpg, 한국경제TV 산업팀 지음, 지식노마드,2016
사회과학,전략에 전략을 더하라,"세계적 경영 전략 컨설팅사 보스턴컨설팅그룹은 이 책에서 기업과 경영자들이 각각 처한 경영 환경에 꼭 맞는 전략을 선택할 수 있도록, 체계적으로 통합된 선택 프레임워크인 ‘전략 팔레트(Strategy Palette)’를 제시한다.",https://image.aladin.co.kr/product/8851/39/cover500/8947541311_1.jpg," 마틴 리브스,크누트 하네스,잔메자야 신하 [공]지음;문직섭 옮김", 한국경제신문,2016
사회과학,내가 미래를 앞서가는 이유,빌 게이츠나 마크 주커버그처럼 명문대를 중퇴하고 스타트업에 뛰어들어 최고의 성공을 거둔 후 ‘일본을 구할 기업가 베스트 10’에 선정된 저자 사토 가츠아키는 이 책에서 우리가 어떤 사고방식과 지식으로 무장해야 미래를 앞서갈 수 있는지 알려준다.,https://image.aladin.co.kr/product/8584/7/cover500/k532535372_1.jpg, 사토 가츠아키 지음;양필성 옮김, 스몰빅인사이트,2016
사회과학,"(아하! 학생 배움중심의)PCK 수업 설계. 1: 국어, 수학, 사회, 과학",,https://image.aladin.co.kr/product/5050/95/cover500/8997544578_1.jpg," 박태호,문지영,나미경,이옥경,최연석 [공]지음", 아카데미프레스,2016
사회과학,세상을 공부하다,"더 큰 세상에 대해 알고 싶다면, 더 큰 무대에서 활동하고 싶다면, 더 넓은 시야를 가지고 풍요로운 삶을 살고 싶다면 좀 더 적극적으로 세상을 공부해 보자. 저자는 이 책 《세상을 공부하다》를 통해 사람을 모으는 강연 기획자로, 해외 베스트셀러를 한국어로 번역해 출간하는 출판 기획자로 사람과 사람을 연결해 온 경험과 인사이트를 전하고자 한다.",https://image.aladin.co.kr/product/32611/21/cover500/k382935543_1.jpg, 우태영 지음, 천그루숲,2023
사회과학,무기가 되는 시스템,"6단계 필수 시스템을 비행기에 빗대어 ‘조종석’부터 ‘연료통’까지 각 영역의 중요성과 특성을 직관적이고도 효과적으로 쉽게 풀어 설명한다. 여기에 생생한 기업 사례까지 상세히 덧붙여, 그야말로 비즈니스 전쟁의 야전 교과서로 불릴 만하다.",https://image.aladin.co.kr/product/32628/87/cover500/k852935457_1.jpg, 도널드 밀러 지음;이민희 옮김, 윌북,2023
사회과학,"울트라러닝, 세계 0.1%가 지식을 얻는 비밀","짧은 시간에 가장 완벽한 지식을 얻는 초학습법인 울트라러닝의 9가지 절대 법칙과 함께, 다양한 울트라러닝 사례들을 소개해 지금 당장 인생을 업그레이드하고 싶은 사람들에게 매우 유용하고 실천 가능한 조언들이 가득 담겨 있다.",https://image.aladin.co.kr/product/23133/5/cover500/k962637709_1.jpg, 스콧 영 지음;이한이 옮김, 비즈니스북스,2020
사회과학,"아니야, 우리가 미안하다",차가운 법정에서 따뜻한 신념으로 희망을 일구어낸 열정 넘치는 저자가 우리 사회에 건네는 진심어린 고백이자 땀과 눈물로 빚어낸 작은 기적에 관한 이야기이다.,https://image.aladin.co.kr/product/2390/65/cover500/8994103473_2.jpg, 천종호 지음, 우리학교,2013
사회과학,당신이 생각하는 모든 것을 믿지 말라,"입소문이 만든 세계적인 베스트셀러. 청년 조세프 응우옌은 머리가 아닌 온몸으로 체험한 깨달음을 엮어 자비로 출간한다. 제목은 ‘당신이 생각하는 모든 것을 믿지 말라’. 이 책은 어떤 홍보나 마케팅도 없이 순전히 독자들의 찬사와 추천만으로 아마존 분야 1위 자리에 올랐고, 출간 후부터 오늘까지 무려 90주 연속 1위 자리를 지켰으며 전 세계 31개국에 판권이 수출되는 기적을 일으켰다.",https://image.aladin.co.kr/product/32881/55/cover500/k392936211_1.jpg, 조세프 응우옌 지음;박영준 옮김, 서삼독,2023
사회과학,최소한의 중동 수업,"‘석유’, ‘낙타’, ‘사막’으로 떠올리는 중동은 없다! 스포츠워싱, 네옴 프로젝트, 화성 탐사선, ISIS까지 세계 정치·경제의 판도를 뒤집는 21세기 중동의 현실.",https://image.aladin.co.kr/product/32649/85/cover500/k252936768_1.jpg, 장지향 지음, 시공사,2023
사회과학,서해일기,2020년 9월에 발생한 서해 공무원 피격 사건을 다룬 에세이이다. 책은 동생의 실종에서 시작된다. 지금으로부터 3년 전인 2020년 9월 21일 저자는 서해어업관리단 직원으로부터 한 통의 전화를 받는다. 동생이 바다에서 실종됐다는 소식이다.,https://image.aladin.co.kr/product/32449/32/cover500/k342935297_1.jpg, 이래진 지음, 글통,2023
사회과학,고통 구경하는 사회,"우리의 ‘응시’는 어떻게 변화의 동력이 되는가. 이 책과 함께, 연민과 공감, 대상화라는 한계를 끌어안고 우리가 나아가야 할 길을 차근차근 모색할 수 있다.",https://image.aladin.co.kr/product/32576/39/cover500/k932935240_2.jpg, 김인정 지음, Whale Book(웨일북),2023
사회과학,서울대생의 학습 코칭,"수동적이고 비효율적인 공부를 하고 있는 아이들을 어떻게 하면 아이들 스스로 의미 있고 주도적으로 공부할 수 있도록 변화시킬까 하는 저자의 고민이 담겨 있다. 학습 컨설턴트로 아이들을 지도하고 있는 저자는 아이들의 성적을 향상시키기 위한 핵심은 ‘행복한 공부, 효율적인 공부’라고 강조하고 있다.",https://image.aladin.co.kr/product/32310/2/cover500/k132834050_1.jpg, 황보현 지음, 초록비책공방,2023
사회과학,성장은 나를 최고로 만든다,"성장(GROW)의 기술에 대해 4가지 개념들을 상세히 소개하는데, 이것들은 성장에 대한 열정을 불러일으키고, 성장할 수 있다는 확신을 심어주며, 성장하는 방법을 알려주고, 나아가 평생 성장할 수 있도록 자신감을 실어주는 개념들이다.",https://image.aladin.co.kr/product/32915/67/cover500/k102936839_1.jpg, 켄 블랜차드;마크 밀러 [공]지음;모윤희 옮김, 드림셀러,2023
사회과학,모빌리티 쫌 아는 10대,"모빌리티에는 최신 과학 기술이 모두 들어간다. 기계, 전자, 화학, 정보 기술(IT) 등 여러 분야의 이해를 필요로 하는데, 《모빌리티 쫌 아는 10대》에는 이 모든 과학 상식들이 매우 재미있고 쉽게 그림과 함께 설명되어 있다.",https://image.aladin.co.kr/product/32915/72/cover500/k362936839_1.jpg, 서성현 글;신병근 그림, 풀빛,2023
사회과학,세계미래보고서 2024-2034,"컴퓨터공학자이자 미래학자인 레이 커즈와일은 인간의 지능을 뛰어넘는 인공지능이 등장하는 순간을 특이점singularity이라고 부르며 그 시기를 약 2045년으로 보았다. 하지만 AI의 발달은 예상보다 빨랐고, 생성형 AI가 2022년에 등장하면서 전문가들은 10년, 빠르면 5년 안에 AGI가 등장할 것이라고 예상했다. 《세계미래보고서 2024-2034》는 AGI로 가기까지 AI의 여정과 산업 전반, 인간의 삶에 미치는 영향을 다각도로 살펴본다.",https://image.aladin.co.kr/product/32854/80/cover500/k822936910_3.jpg, 박영숙;제롬 글렌 [공]지음, 교보문고(단행본),2023
사회과학,잘 잃어야 잘 번다,금융 기관 트레이더 출신의 왕개미 투자가가 4300만 건의 매매 분석을 통해 주식투자에서 90%가 실패하는 이유과 그 해법을 명쾌하게 제시한 책이다.,https://image.aladin.co.kr/product/32821/77/cover500/8967442718_1.jpg, 톰 호가드 지음;정진근 옮김, 에디터,2023
사회과학,AI 2024,"절대 놓쳐서는 안 될 2024년 AI 트렌드와 활용법. 10여 년 동안 IT 트렌드의 최전선에서 대중들과 함께 호흡해온 김덕진 IT커뮤니케이션연구소장이 네이버, 구글, MS, 오픈AI 등 빅테크 기업들의 최신 전략을 분석하고, 2024년 산업 트렌드를 예측한다.",https://image.aladin.co.kr/product/32628/53/cover500/k822935456_1.jpg, 김덕진 지음, 스마트북스,2023
사회과학,하고 싶은 건 없지만 내 꿈은 알고 싶어,"'내일진로' 김태연 대표는 수십 년간의 강의 및 진로상담 경험을 바탕으로 개개인에게 맞는 ‘실질적인’ 진로 방향성을 제시한다. 이를 통해 내가 누구인지, 내가 하고자 하는 일이 무엇인지, 또 그것을 위해 필요한 것들은 무엇인지, 하나하나 깨달아 갈 것이다.",https://image.aladin.co.kr/product/32849/83/cover500/k292936817_1.jpg, 김태연 지음, 체인지업,2023
사회과학,(10대를 위한)데일 카네기 인간관계론,"10대 청소년 독자들의 눈높이 맞춰 재탄생한, 성공적인 인생을 위한 최고의 인간관계 고전. 세상에 나가기 전 꼭 알아야 할 인간관계의 법칙 30가지를 청소년 독자들의 눈높이에 맞춰 재구성한 책이다.",https://image.aladin.co.kr/product/32819/7/cover500/k682936808_2.jpg, 데일 카네기 지음;카네기클래스 편역, 책이라는신화,2023
사회과학,언더독 마인드,"춤추는 아나운서로 한동안 뉴스 포털을 장악한 정영한 아나운서의 첫 책이다. 조금은 불우한 환경과 경제적 제약이 넘쳐도, 남들이 내 목표에 의아해하더라도 꿈을 이뤄내게 해준 원동력과 동기가 무엇인지 보여준다.",https://image.aladin.co.kr/product/32896/34/cover500/k792936527_1.jpg, 정영한 지음, Whale book(웨일북),2023
사회과학,어떻게 민주주의는 무너지는가,"하버드대 정치학과 교수 스티븐 레비츠키와 대니얼 지블랫은 〈뉴욕 타임스〉에 “트럼프는 민주주의에 위협이 되는가?”라는 제목으로 민주주의의 위기를 경고하는 칼럼을 썼다. 그 글은 100만 회 이상의 조회수를 기록하며 큰 주목을 받았고, 출판사의 요청을 받아 《어떻게 민주주의는 무너지는가》로 거듭났다.",https://image.aladin.co.kr/product/16234/14/cover500/k782534278_1.jpg," 스티븐 레비츠키,대니얼 지블랫 [공]지음;박세연 옮김", 어크로스,2018
사회과학,불안,"일상의 철학자 알랭 드 보통이 파헤친 불안, 그 원인과 해법. '불안'은 현대를 사는 우리에게는 매우 밀접한 개념이다. 알랭 드 보통의 말대로, 우리의 삶은 불안을 떨쳐내고, 새로운 불안을 맞아들이고, 또 다시 그것을 떨쳐내는 과정의 연속인지도 모른다. <불안>은 우리가 일상 속에서 겪는 다양한 종류의 불안 중 사회적 지위와 관련된 불안을 집중적으로 탐구하고 있다.",https://image.aladin.co.kr/product/1435/6/cover500/8956605599_2.jpg, 알랭 드 보통 지음;정영목 옮김, 은행나무,2012
사회과학,초고령사회 일본이 사는 법,"은퇴 및 시니어 트렌드 전문 칼럼니스트인 김웅철 저자가 일본이 초고령사회를 맞이한 때부터 그 현장을 취재하며 분석한 시니어 리포트로서, 초고령사회를 앞둔 우리로 하여금 고령화를 대처하는 일본의 노하우와 지혜를 엿보게 해주는 유용한 참고서다.",https://image.aladin.co.kr/product/33399/49/cover500/k312938515_1.jpg, 김웅철 지음, 매일경제신문사,2024
사회과학,저승사자를 이겨먹은 곤궁아주머니,"세계 최초, 청소년을 위한 주제별 세계명작설화 모음집. 재미, 감동, 지혜 가득한 세상 곳곳 옛이야기를 담은 책이다.",https://image.aladin.co.kr/product/33481/5/cover500/k442938152_1.jpg, 신동흔 지음;강혜진 그림, 휴머니스트,2024
사회과학,축소되는 세계,"도시 계획 전문가로 30년간 인구 감소 상황에서 주택 공급과 경제 개발, 도시 재활성화 문제를 주로 연구해온 저자가 인구 감소에서 비롯된 전 세계 여러 국가의 축소 현황과 함께 지금과 같은 인구 추세가 지속될 때 2050년의 세계와 경제는 어떤 모습일지 예측하고 있다.",https://image.aladin.co.kr/product/33161/79/cover500/8993178526_1.jpg, 앨런 말라흐 지음;김현정 옮김, 사이,2024
사회과학,금리의 역습,2022년 연준의 첫 자이언트 스텝 선언 이후 여러 경제 전문가가 꾸준히 분석하고 전망했지만 어떤 주장도 에드워드 챈슬러의 신작 《금리의 역습》만큼 주목받지는 못했다. 각국 중앙은행을 조율하는 '중앙은행의 중앙은행'인 국제결제은행에서 경제의 향방을 제시하는 수석 이코노미스트와 초일류 투자은행 모건 스탠리의 부문 총괄 사장이 극찬한 이 책의 인사이트로 미래 흐름에 발 빠르게 올라타자.,https://image.aladin.co.kr/product/30882/7/cover500/k392831284_1.jpg, 에드워드 챈슬러 지음;임상훈 옮김, 위즈덤하우스,2023
사회과학,제너럴스,"KODEF 안보총서 114권. 지난 75여 년 동안 미 육군의 특출한 장군들이 제2차 세계대전, 6·25 전쟁, 베트남전, 이라크전, 아프간전 등 전쟁터에서 벌인 전쟁의 지휘에 관한 이야기이다.",https://image.aladin.co.kr/product/29154/97/cover500/k392837376_1.jpg," 토머스 릭스 지음;김영식,최재호 [공]옮김", 플래닛미디어,2022
사회과학,가난한 아이들은 어떻게 어른이 되는가,"25년 경력의 교사이자 청소년 정책으로 박사학위를 받은 저자가 빈곤가정에서 자란 여덟 명의 아이들과 10여 년간 만남을 지속하면서 가난한 청소년이 청년이 되면서 처하게 되는 문제, 우리 사회의 교육·노동·복지가 맞물리는 지점을 적극적으로 탐사한다.",https://image.aladin.co.kr/product/32807/15/cover500/k502936706_2.jpg, 강지나 지음, 돌베개,2023
사회과학,빨대사회,,https://image.aladin.co.kr/product/33420/56/cover500/k872938437_1.jpg, 모성준 지음, 박영사,2024
사회과학,연봉 말고 5000만 원 더 벌기,"본캐는 평범한 직장인, 부캐는 돈 모으기 광인이자 팔로워 11만의 재테크툰 인스타그래머! ‘돈 모으는 벤꾸리’만의 야물딱진 생활밀착형 재테크 습관이 한 권에 담겨 출간되었다.",https://image.aladin.co.kr/product/32610/92/cover500/k252935541_1.jpg, 강희연 지음, 더퀘스트,2023
사회과학,욕망의 진화,"인간 남녀의 사랑, 연애, 섹스, 결혼의 실체를 밝히고자 머나면 과거로부터 현재에 이르기까지의 수백만 년에 걸친 인간 진화의 역사를 파헤치고 우리 마음 속 깊은 곳에 숨겨진 인간 본역의 성적 욕망을 낱낱이 드러낸 책. , 등으로 알려진 진화심리학자 데이비드 버스가 집필했다.",https://image.aladin.co.kr/product/97/7/cover500/8983712074_2.jpg, 데이비드 버스 지음;전중환 옮김, 사이언스북스,2022
사회과학,(처음부터 시작하는)주식투자 단타전략,"카카오TV, 넷플릭스 방영 <개미는 오늘도 뚠뚠> 전 챕터 최고 수익률 133%, MZ세대 대왕개미의 투자법. 여의도 제도권 취업보다 전업투자를 선택하게 만든 안전한 주식 단기 매매 공식을 담은 책이다.",https://image.aladin.co.kr/product/33034/23/cover500/k912937580_1.jpg, 홍인기 지음, 길벗,2023
사회과학,우리의 관계를 돌봄이라 부를 때,"오랫동안 돌봄 현장을 경험하고 목격하며 돌봄의 가능성을 사유해 온 두 사람이 나눈 다섯 번의 대화를 엮은 결과물이다. 저자들은 우리에게 깊이 각인된 ‘각자도생’의 논리에 저항하며 일상에서부터 서로를 돌보는 관계를 맺자고, 그렇게 ‘돌봄 위기 사회’를 함께 ‘돌봄사회’로 만들어가자고 독자들에게 손을 내민다.",https://image.aladin.co.kr/product/33249/63/cover500/k492938561_1.jpg," 조기현,홍종원 [공]지음", 한겨레,2024
사회과학,"싸울게요, 안 죽었으니까","부산 돌려차기 사건 피해자 김진주의 500일간의 투쟁기이자, 대한민국의 모든 범죄피해자들을 위한 생존 매뉴얼. 범죄피해를 완벽히 피할 방법은 없다. 다만 바이러스에 걸리지 않게 백신을 맞듯, 이 책을 읽고 나면 범죄피해를 당했을 때 더 잘 대응할 수 있는 사람이 될 것이다.",https://image.aladin.co.kr/product/33512/75/cover500/k512938552_2.jpg, 김진주 지음, 얼룩소,2024
사회과학,SKY 로드맵,대한민국 대표 공부 멘토로 종횡무진 활약하는 이병훈 소장의 15년 멘토링 비법을 총결산한 책이다. 영어유치원에서부터 대학입시까지 부모들이 알고 싶어 하는 정보를 최대한 자세하게 담았다. 자녀를 공부하는 아이로 키우고 싶은 부모를 위해 유아기부터 고1까지 5시기로 나눠 부모가 해야 할 일을 알려 준다.,https://image.aladin.co.kr/product/33025/23/cover500/k922937178_1.jpg, 이병훈 지음, 쌤앤파커스,2023
사회과학,미라클모닝,‘미라클모닝’의 핵심은 아침 루틴을 통해 자기 삶에 장악력을 갖는 것이다. 하지만 미라클모닝이 유명해진 만큼 할 엘로드는 실천가들에게 여러 질문과 오해를 받았다. 그래서 지난 10년 동안 쌓인 질문에 답을 해야겠다고 생각했다.,https://image.aladin.co.kr/product/33227/33/cover500/k012937150_1.jpg, 할 엘로드 지음;윤영삼 옮김, 한빛비즈,2024
사회과학,전쟁에서 경영전략을 배우다,경제학자 김경원의 책. 저자는 전쟁과 기업 간의 경쟁의 역사를 통찰력 있게 살펴보며 세계 전쟁사와 기업 경영사를 관통하는 전략의 13가지 정수를 찾아내었다.,https://image.aladin.co.kr/product/5770/47/cover500/8950958899_1.jpg, 김경원 지음, 21세기북스,2015
사회과학,장군의 전역사(轉役辭),"군인이 꼭 갖추어야 할 16가지 덕목을 다루는 책이다. 각각의 덕목들에 대해서는 개론적 설명, 구체적인 사례, 저자의 개인 경험으로 나누어 서술하였다. 16가지 덕목은 다소 추상적으로 느껴질 수 있다. 하지만 저자는 이 덕목들이야말로 더 현실적이라고 역설한다.",https://image.aladin.co.kr/product/14712/6/cover500/k402532052_1.jpg, 김영식 지음, 지식노마드,2018
사회과학,홍보의 신,충주시 홍보맨으로 잘 알려진 김선태 주무관이 시장님이 ‘시켜서’ 시작한 유튜브를 성공시키기까지의 경험을 바탕으로 깨달은 홍보의 핵심과 브랜딩 방법을 알려주는 책이다. ‘공무원 관짝 밈’ 등 큰 화제가 된 영상이 탄생한 과정과 그 속에 녹아 있는 홍보 전략을 이야기한다.,https://image.aladin.co.kr/product/33344/60/cover500/k072938800_1.jpg, 김선태 지음, 21세기북스,2024
사회과학,AI 교육 혁명,"어느 때보다 새로운 미래를 살아갈 자녀들을 위해 학교 교육이 어떤 역할을 해야 하는지에 대한 실천적 대안과 비전을 담은 교육 제안서다. 한 걸음 성큼 다가온 인공지능 시대에 교육은 무엇을 가르쳐야 하고, 어떻게 가르쳐야 하는가에 대한 구체적인 논의를 담고 있다.",https://image.aladin.co.kr/product/26075/97/cover500/k832737152_1.jpg," 이주호,정제영,정영식 [공]지음", 시원북스,2021
사회과학,세계는 왜 싸우는가,"국제분쟁의 진실을 알려주는 단 한 권의 책, 국제분쟁 분야 스테디셀러 《세계는 왜 싸우는가》최신 개정판이다. 전쟁과 평화, 희망과 절망이 교차하는 분쟁의 현장을 생생히 전하는 등 세계의 주요 분쟁과 그 현장의 목소리를 한눈에 보여주는 책이다.",https://image.aladin.co.kr/product/19932/76/cover500/8934996366_1.jpg, 김영미 지음, 김영사,2019
사회과학,생성형 AI바꾸는 메타버스의 미래: 정지훈 교수의 메타 사피엔스 안내서,"이미 일상화된 생성형 AI와 메타버스가 만들어낼 미래 사회를 보여준다. 미래 플랫폼으로 진화하는 메타버스, 챗GPT가 불러온 인공지능 개발 경쟁, 크리에이터가 중심이 되는 경제 시스템까지. 국내 최고의 IT 융합 전문가 정지훈 교수의 미래 특강이 펼쳐진다.",https://shopping-phinf.pstatic.net/main_4433379/44333795618.20231202092106.jpg, 정지훈, 김영사,2024
사회과학,미래의 나를 만난 후 오늘이 달라졌다,"“당신의 가장 큰 적은 누구인가요?” 이 질문에 많은 사람들이 최악의 적으로 꼽은 사람이 누구일까? 바로 자기 자신이다. 우리는 하루하루 더 나은 내가 되기를 바라지만, 현실에서는 어제의 나를 원망하고 후회할 만한 선택들을 하며 살아간다.",https://image.aladin.co.kr/product/33928/24/cover500/k122930138_2.jpg, 할 허시필드 지음 ;정윤미 옮김, 비즈니스북스,2024
사회과학,예측투자,20년 이상 주식투자 고수들만 알고 쉬쉬했던 책이 있다. 바로 이 책 『예측투자』다. 국내에서도 많은 독자층을 보유한 마이클 모부신(컬럼비아대 경영대학원 교수)이 ‘주주가치’ 대중화에 앞장서 온 알프레드 래퍼포트(노스웨스턴대 켈로그 경영대학원 명예교수)와 함께 쓴 책이다.,https://image.aladin.co.kr/product/33749/5/cover500/k772930961_1.jpg, 마이클 모부신;알프레드 래퍼포트 [공] 지음 ;;김민영 옮김, 부크온(부크홀릭),2024
사회과학,AI 사피엔스,"코로나 팬데믹을 거치면서 더욱 진화한 포노 사피엔스가 AI라는 전대미문의 신무기를 장착하고 어떻게 천지개벽급 신문명을 만들고 있는지를 세세하게 포착했다. 지금 우리가 유심히 관찰할 것은, 일상의 변화부터 각 산업의 구조적 진화까지 이끌어가는 거대한 축의 전환과 새로운 문명의 시작이다.",https://image.aladin.co.kr/product/33927/67/cover500/k342930036_2.jpg, 최재붕 지음, 쌤앤파커스,2024
사회과학,국어 잘하는 아이가 이깁니다,"부모들의 국어 공부 고민을 친절하고 명쾌하게 해결해준다. 입시를 이기는 독서 전략, 서울대학교 학생들의 국어 공부 방법, 학령별 가이드까지 한 권에 꾹꾹 눌러담았다. 우리 아이를 더 즐겁고 쉽게 국어 달인으로 만들어보자.",https://image.aladin.co.kr/product/33600/46/cover500/8934965401_1.jpg, 나민애 지음, 김영사,2024
사회과학,공부만 잘하는 아이는 AI로 대체됩니다,"미국 명문대 입시, 미국 명문 보딩 스쿨, 한국과 중국의 교육 시장 등 다양한 스펙트럼의 글로벌 교육 현장을 거친 저자가 그동안 쌓아온 교육자로서의 내공과 자신의 경험담을 바탕으로 우리 아이들에게 진짜 필요한 공부가 무엇인지에 대한 통찰을 들려주는 자녀교육서다.",https://image.aladin.co.kr/product/33746/5/cover500/k642930867_1.jpg, 안재현 지음, 카시오페아,2024
사회과학,얼굴이 바뀌면 좋은 운이 온다,"20만 독자의 사랑을 받은 《돈보다 운을 벌어라》의 저자 초운 김승호 선생이 신작 《얼굴이 바뀌면 좋은 운이 온다》에 ‘부와 성공을 부르는 얼굴의 비밀’을 공개했다. 김승호 작가는 이 책에서 “얼굴은 가장 정확한 운명 기상도”라고 단언한다. 슈퍼컴퓨터의 일기예보나 의사들의 기대여명 예측처럼, 사람의 운명도 얼굴의 변화를 통해 미리 짐작할 수 있다는 말이다.",https://image.aladin.co.kr/product/33798/98/cover500/k302930578_1.jpg, 김승호 지음, 쌤앤파커스,2024
사회과학,퍼센트,"한국 사회에서 통계를 마주하는 일은 어렵지 않다. 한국 사회에서 차고 넘치는 퍼센트 중 책은 40개의 주제를 선별하고, 그 통계를 기록했다. 저자 안지현은 “책이 담고 있는 40개의 주제와 통계들을 통해 한국 사회를 조금 더 이해할 수 있기를, 그리고 퍼센트와 숫자가 채 담지 못하는 사람들의 이야기가 전달되기를 기대”한다.",https://image.aladin.co.kr/product/33778/75/cover500/k462930379_1.jpg, 안지현 지음, 이데아,2024
사회과학,더 머니북,"돈이 행복의 필수 조건이라고 여기면서도, 막상 돈을 잘 모르는 사람들. 《더 머니북》은 이 사람들을 위해 만들어졌다. 사용자들에게 자주 받아온 “금융교육은 어디서 받나요?”라는 질문에 토스가 내놓는 답이자, ‘누구나 편리하고 평등하게 금융하는 세상 만들기’라는 진심을 말하는 시작점이다.",https://image.aladin.co.kr/product/34009/78/cover500/k772931867_1.jpg, 토스 엮음, 비바리퍼블리카,2024
사회과학,(백프로 합격 보장) NCS 자소서&면접,2023년 최신 출제 경향을 반영하여 출간된 NCS 자소서 & 면접 대비서다. NCS 취업과 블라인드 채용에 대한 정확한 설명과 완벽한 분석을 제공하며 공기업과 공공기관에서 NCS를 활용해 자신을 제대로 어필할 수 있는 방법을 익힐 수 있도록 하였다.,https://image.aladin.co.kr/product/30886/21/cover500/k432831383_1.jpg, 백주아 지음, Booksgo(북스고),2023
사회과학,변방에서 중심으로,"퇴임 2주년 첫 회고록. 위기에서 희망으로, 대립에서 번영으로, 변방에서 중심으로 문재인 대통령이 직접 밝히는 긴박하고 숨 가빴던 5년의 기록.",https://image.aladin.co.kr/product/33922/4/cover500/8934935758_1.jpg, 문재인 지음 ;최종건 대담, 김영사,2024
사회과학,어떻게 (살) 것인가,"팬데믹, 미중 무역 분쟁, 러시아 우크라이나 전쟁, 이스라엘 팔레스타인 분쟁 등 끊이지 않는 불안 요소들이 예상치 못하게 세상이 바뀔 수도 있다는 불활실성을 증폭시키고 있다. 이런 불확실한 시대를 예측하고 대응하기 위해서 우리는 현명한 투자, 즉 본질에 집중해야 한다.",https://image.aladin.co.kr/product/33857/45/cover500/k482930303_1.jpg, 이광수 지음, 이든하우스,2024
사회과학,내가 찾는 직업이 세상에 없다면,"대학을 졸업하지 않았어도, 공부를 잘하지 못했어도, 남들 다 가는 길을 가지 않았어도 자신만의 진로를 찾아 즐겁고 의미 있게 가슴 두근거리는 삶을 살아가는 사람들이 있다. 부모님과 세상이 원하는 미래에 눌려 하고 싶은 일은커녕 좋아하는 걸 찾는 일마저 막막한 청소년들은 쉽게 만날 수 없는 이야기다.",https://image.aladin.co.kr/product/33933/94/cover500/k672930135_3.jpg, 권인택 [외] 지음, 우리학교,2024
사회과학,우리는 청년들 입니다,,https://image.aladin.co.kr/product/34183/13/cover500/k622931311_1.jpg, 명대성 지음, 밀리언북스,2020
사회과학,언밸런스,조남성 원익홀딩스 부회장(전 삼성SDI 사장 제일 모직 사장)이 사회 초년생을 대상으로 “삶 자체가 ‘언밸런스’라는 것을 받아들이고 자신이 세운 인생의 목표에 집중해야 한다.”라는 현실적인 조언을 한다. 사회 초년생이란 고강도의 훈련을 통해 많은 것을 배워야 하는 시기이기 때문이다.,https://image.aladin.co.kr/product/33968/16/cover500/k982930448_2.jpg, 조남성 지음, 클라우드나인,2024
사회과학,부의 삼각형,"부자가 되기 위해, 경제적 자유를 얻기 위해, 행복을 위해 부자가 되기로 결심한 저자가 부동산, 미국 주식, 국내 주식으로 돈을 번 방법을 모두 다루고 있다. 가장 평범한 삶을 살았기에 단순하고 리스크를 최대한 적게 가지고 갈 수 있는 투자를 선택할 수밖에 없었던 저자의 투자 이야기다.",https://image.aladin.co.kr/product/30480/1/cover500/k202830387_3.jpg, 그릿 권은진 지음, 북스고,2022
사회과학,퍼스널 MBA,"저자가 수천 권이 넘는 경영 서적을 읽고, 수백 명의 경영 전문가를 인터뷰하고, <포춘>지 선정 세계 500대 기업에서 일한 뒤, 1인 사업체서부터 수십만 명의 직원과 수십억 달러의 매출 규모를 지닌 다국적 기업에 이르기까지 다양한 기업을 컨설팅하며 배우고 경험한 지식을 모으고 정제하여 다듬은 뒤 몇 가지 개념으로 정리한, 경영 전반에 대한 핵심을 한 권에 집대성한 책이다",https://image.aladin.co.kr/product/33275/70/cover500/8997743600_1.jpg," 조쉬 카우프만 지음;박상진,이상호 옮김", 진성북스,2024
사회과학,AI 2024,"절대 놓쳐서는 안 될 2024년 AI 트렌드와 활용법. 10여 년 동안 IT 트렌드의 최전선에서 대중들과 함께 호흡해온 김덕진 IT커뮤니케이션연구소장이 네이버, 구글, MS, 오픈AI 등 빅테크 기업들의 최신 전략을 분석하고, 2024년 산업 트렌드를 예측한다.",https://image.aladin.co.kr/product/32628/53/cover500/k822935456_1.jpg, 김덕진 지음, 스마트북스,2023
사회과학,(탬플릿에 넣기만 하면 완성되는) 만능 복붙 자소서:15일 완성 plan,"직무만 정해두고 나면, 어디든 돌려쓸 수 있으면서, 질 높은 자기소개서 만들기. 특별한 경험이 없더라도 예시를 통해 적절한 내 경험을 찾아 나만의 소재 발굴할 수 있다. 어떤 응용 질문이 나오더라도 부분, 부분을 떼어 자기소개서를 완성할 수 있다.",https://shopping-phinf.pstatic.net/main_4610777/46107774638.20240301153757.jpg, 서미연, 시대고시기획,2024
사회과학,질문을 알면 면접이 보인다,"면접의 다양한 준비 공략 노하우를 수록하여 취업준비생들에게 면접 준비에 대한 정보를 제공한다. 또한, 면접 질문의 6가지 기본 패턴과 그 대표 유형 50가지를 수록하여 취업준비생들이 본인의 상황을 대입하여 면접 답변을 연습할 수 있도록 하였다.",https://shopping-phinf.pstatic.net/main_4021258/40212589622.20230919123325.jpg, 이성호;최명의 [공]지음, 시대고시기획,2023
사회과학,1000대 1의 경쟁률을 뚫는 자기소개서,"삼성그룹 관계사에서 27년간 신입사원을 선발 육성하고, 12년간 전국 대학 100여 곳에서 취업준비생들의 취업컨설팅을 담당했던 (사)한국취업컨설턴트협회 대표 컨설턴트인 문창준 강사가 40여 년간의 직장, 취업컨설팅 경험을 녹여냈다.",https://shopping-phinf.pstatic.net/main_3372347/33723473618.20221019150838.jpg, 문창준 지음, 마인드큐브,2022
사회과학,"단단한 자소서, 탄탄한 면접 하루 완성",자기소개서와 면접의 목적에 맞추어 글쓰기와 말하기의 공식을 친절하게 알려 주고 있다. 항목별 구성은 한 방에 이해할 수 있는 일상생활의 예시들과 상황별 실전에 응용할 수 있는 방식들로 채워져 있다.,https://shopping-phinf.pstatic.net/main_4567834/45678349624.20240208070955.jpg, 이수연;황유선 [공] 지음, 다반,2024
사회과학,"단단한 자소서, 탄탄한 면접 하루 완성",자기소개서와 면접의 목적에 맞추어 글쓰기와 말하기의 공식을 친절하게 알려 주고 있다. 항목별 구성은 한 방에 이해할 수 있는 일상생활의 예시들과 상황별 실전에 응용할 수 있는 방식들로 채워져 있다.,https://shopping-phinf.pstatic.net/main_4567834/45678349624.20240208070955.jpg, 이수연;황유선 [공] 지음, 다반,2024
사회과학,"선생님, 오늘도 무사히!",정신의학과 의사 김현수는 병원과 상담실을 찾는 교사들의 심리 상태가 더욱 심각해지고 있는 점에 우려를 표한다. 더 심각해진 교사들의 현실과 상처를 짚으며 좀더 적극적으로 이 문제를 해결해야 함을 역설한다.,https://shopping-phinf.pstatic.net/main_3249261/32492614186.20230725121036.jpg, 김현수, 창비,2021
사회과학,총기백과사전 : 세상 모든 총들의 역사·계보·성능·제원 비교,세계 최고의 군사.무기 전문 출판사 앰버북이 제공하는 완결판 총기 백과사전이다. 화약무기로 시작한 15세기에서 첨단 자동화기를 사용하는 지금에 이르기까지 방대한 시기에 등장한 총기들을 일일이 소개한다. 역사의 무대에 등장해 때로 사라지거나 오늘날까지 존재하는 모든 총들을 만날 수 있다.,https://shopping-phinf.pstatic.net/main_3246683/32466837577.20221213162404.jpg, 마틴 도허티 저 ; 양혜경 옮김, Human&Books,2016
사회과학,"아니야, 우리가 미안하다",차가운 법정에서 따뜻한 신념으로 희망을 일구어낸 열정 넘치는 저자가 우리 사회에 건네는 진심어린 고백이자 땀과 눈물로 빚어낸 작은 기적에 관한 이야기이다.,https://image.aladin.co.kr/product/2390/65/cover500/8994103473_2.jpg, 천종호 지음, 우리학교,2013
사회과학,10대를 위한 머니 레슨,"꿈을 가진 아이들에게 ‘돈’이 걸림돌이 되지 않도록, 10대들의 평생 자산이 되어 줄 ‘돈해력’ 수업. 인생을 살아가는 데 꼭 필요한 경제관념을 갖고 실생활에 바로 써먹을 수 있는 현실적이고 실용적인 지침서다.",https://image.aladin.co.kr/product/31479/77/cover500/k692832524_1.jpg, 샘 베크베신저 지음;오수원 옮김, 현대지성,2023
사회과학,10대를 위한 머니 레슨,"꿈을 가진 아이들에게 ‘돈’이 걸림돌이 되지 않도록, 10대들의 평생 자산이 되어 줄 ‘돈해력’ 수업. 인생을 살아가는 데 꼭 필요한 경제관념을 갖고 실생활에 바로 써먹을 수 있는 현실적이고 실용적인 지침서다.",https://image.aladin.co.kr/product/31479/77/cover500/k692832524_1.jpg, 샘 베크베신저 지음;오수원 옮김, 현대지성,2023
사회과학,내가 찾는 직업이 세상에 없다면,"대학을 졸업하지 않았어도, 공부를 잘하지 못했어도, 남들 다 가는 길을 가지 않았어도 자신만의 진로를 찾아 즐겁고 의미 있게 가슴 두근거리는 삶을 살아가는 사람들이 있다. 부모님과 세상이 원하는 미래에 눌려 하고 싶은 일은커녕 좋아하는 걸 찾는 일마저 막막한 청소년들은 쉽게 만날 수 없는 이야기다.",https://image.aladin.co.kr/product/33933/94/cover500/k672930135_3.jpg, 권인택 [외] 지음, 우리학교,2024
사회과학,내가 찾는 직업이 세상에 없다면,"대학을 졸업하지 않았어도, 공부를 잘하지 못했어도, 남들 다 가는 길을 가지 않았어도 자신만의 진로를 찾아 즐겁고 의미 있게 가슴 두근거리는 삶을 살아가는 사람들이 있다. 부모님과 세상이 원하는 미래에 눌려 하고 싶은 일은커녕 좋아하는 걸 찾는 일마저 막막한 청소년들은 쉽게 만날 수 없는 이야기다.",https://image.aladin.co.kr/product/33933/94/cover500/k672930135_3.jpg, 권인택 [외] 지음, 우리학교,2024
사회과학,하루 하나 [Branding] 브랜딩,"퍼스널 브랜드는 누구나 가지고 있다. 자신의 이름이 브랜드이고, 자신이 하는 일이 바로 브랜드이기 때문이다. 하지만 진정 ‘브랜드’라 부르기는 어렵다. 브랜딩 되어 다른 사람들에게 알려지고 이를 통해서 더 많은 일과 더 높은 목표를 달성하며, ‘OO하면 OOO’라고 인식되어 대표할 수 있을 때 비로소 퍼스널 브랜드라 할 수 있기 때문이다.",https://image.aladin.co.kr/product/32226/37/cover500/k282834626_1.jpg, 조연심 지음, HCbooks(힘찬북스),2023
사회과학,하루 하나 [Branding] 브랜딩,"퍼스널 브랜드는 누구나 가지고 있다. 자신의 이름이 브랜드이고, 자신이 하는 일이 바로 브랜드이기 때문이다. 하지만 진정 ‘브랜드’라 부르기는 어렵다. 브랜딩 되어 다른 사람들에게 알려지고 이를 통해서 더 많은 일과 더 높은 목표를 달성하며, ‘OO하면 OOO’라고 인식되어 대표할 수 있을 때 비로소 퍼스널 브랜드라 할 수 있기 때문이다.",https://image.aladin.co.kr/product/32226/37/cover500/k282834626_1.jpg, 조연심 지음, HCbooks(힘찬북스),2023
사회과학,하루 하나 [Branding] 브랜딩,"퍼스널 브랜드는 누구나 가지고 있다. 자신의 이름이 브랜드이고, 자신이 하는 일이 바로 브랜드이기 때문이다. 하지만 진정 ‘브랜드’라 부르기는 어렵다. 브랜딩 되어 다른 사람들에게 알려지고 이를 통해서 더 많은 일과 더 높은 목표를 달성하며, ‘OO하면 OOO’라고 인식되어 대표할 수 있을 때 비로소 퍼스널 브랜드라 할 수 있기 때문이다.",https://image.aladin.co.kr/product/32226/37/cover500/k282834626_1.jpg, 조연심 지음, HCbooks(힘찬북스),2023
사회과학,하루 하나 [Branding] 브랜딩,"퍼스널 브랜드는 누구나 가지고 있다. 자신의 이름이 브랜드이고, 자신이 하는 일이 바로 브랜드이기 때문이다. 하지만 진정 ‘브랜드’라 부르기는 어렵다. 브랜딩 되어 다른 사람들에게 알려지고 이를 통해서 더 많은 일과 더 높은 목표를 달성하며, ‘OO하면 OOO’라고 인식되어 대표할 수 있을 때 비로소 퍼스널 브랜드라 할 수 있기 때문이다.",https://image.aladin.co.kr/product/32226/37/cover500/k282834626_1.jpg, 조연심 지음, HCbooks(힘찬북스),2023
사회과학,하루 하나 [Branding] 브랜딩,"퍼스널 브랜드는 누구나 가지고 있다. 자신의 이름이 브랜드이고, 자신이 하는 일이 바로 브랜드이기 때문이다. 하지만 진정 ‘브랜드’라 부르기는 어렵다. 브랜딩 되어 다른 사람들에게 알려지고 이를 통해서 더 많은 일과 더 높은 목표를 달성하며, ‘OO하면 OOO’라고 인식되어 대표할 수 있을 때 비로소 퍼스널 브랜드라 할 수 있기 때문이다.",https://image.aladin.co.kr/product/32226/37/cover500/k282834626_1.jpg, 조연심 지음, HCbooks(힘찬북스),2023
사회과학,하루 하나 [Branding] 브랜딩,"퍼스널 브랜드는 누구나 가지고 있다. 자신의 이름이 브랜드이고, 자신이 하는 일이 바로 브랜드이기 때문이다. 하지만 진정 ‘브랜드’라 부르기는 어렵다. 브랜딩 되어 다른 사람들에게 알려지고 이를 통해서 더 많은 일과 더 높은 목표를 달성하며, ‘OO하면 OOO’라고 인식되어 대표할 수 있을 때 비로소 퍼스널 브랜드라 할 수 있기 때문이다.",https://image.aladin.co.kr/product/32226/37/cover500/k282834626_1.jpg, 조연심 지음, HCbooks(힘찬북스),2023
사회과학,하루 하나 [Branding] 브랜딩,"퍼스널 브랜드는 누구나 가지고 있다. 자신의 이름이 브랜드이고, 자신이 하는 일이 바로 브랜드이기 때문이다. 하지만 진정 ‘브랜드’라 부르기는 어렵다. 브랜딩 되어 다른 사람들에게 알려지고 이를 통해서 더 많은 일과 더 높은 목표를 달성하며, ‘OO하면 OOO’라고 인식되어 대표할 수 있을 때 비로소 퍼스널 브랜드라 할 수 있기 때문이다.",https://image.aladin.co.kr/product/32226/37/cover500/k282834626_1.jpg, 조연심 지음, HCbooks(힘찬북스),2023
사회과학,타임라인 경제교실,"청소년 경제 교양서로 1년 12달, 월별로 우리에게 친숙한 경제 이슈와 날짜를 통해 경제 기본 개념을 가장 쓸모 있게 부담 없이 익히는 데 중점을 둔다. 특정 시기에 벌어진 세계사 속 경제 사건을 통해 경제 지식과 상식을 이해하기 쉽게 소개한다.",https://shopping-phinf.pstatic.net/main_4355123/43551238618.20231028091751.jpg, 태지원 지음, 동녘,2023
사회과학,고교 선생님의 특별한 금융경제 수업,"금융과 관련된 모든 정보에 대한 선생님의 쉬운 설명을 담았다. 기초 단어부터 복잡한 단어까지도 자세한 해석으로 옮겼고, 학생과 대화하듯 쓰인 글과 장의 마지막 내용 정리는 개념 학습을 도와준다.",https://shopping-phinf.pstatic.net/main_4336206/43362068643.20231022070928.jpg, 조부연;이승희 [공]지음, 유아이북스,2023
사회과학,디지털 호신술,"과학 전문 기자 한세희가 오늘의 온라인 세계를 관통하는 키워드들과 누구라도 공감할 수밖에 없는 사례들을 엮은 이 책은 나를 들여다보고 지배하려 드는 힘과 의도들에 맞서 싸울 용기, 나아가 그것들을 내 손안에 넣어 활용할 슬기를 전수한다.",https://shopping-phinf.pstatic.net/main_4515358/45153581622.20240111070934.jpg, 한세희 지음, 북트리거(지학사),2024
사회과학,법 쫌 아는 10대,"법을 가장 재미있게 배우는 방법은 실제 사례(스토리)를 통해서 이해하는 것이다. 이 책은 법관인 아빠와 중학생 딸이(현재 사회교사) 영화, 소설, 주요 사건들을 이야기 나누며 ‘법이 왜 생겨났고, 왜 필요하며, 왜 지켜야 하는지’를 이해할 수 있게 구성하였다.",https://shopping-phinf.pstatic.net/main_4987792/49877927632.20240822070941.jpg, 김나영;김택수 [공]글;방상호 그림, 풀빛,2024
사회과학,(청소년을 위한)돈의 속성,"100세 시대를 살 자녀에게 ‘50대 후반이면 퇴직할 직업을 추천하지 말라’는 강력한 메시지로 출발하는 책이다. 창의적 도전과 평생 고용이 가능한 ‘기업가’를 장래 희망으로 강력 추천하면서, 이른바 ‘부자 되기 프로젝트’를 실현시켜 나갈 구체적인 방안을 하나하나 펼쳐 보인다.",https://shopping-phinf.pstatic.net/main_4707736/47077367643.20240418070929.jpg, 서진 엮음;강인성 그림, Snowfox(스노우폭스북스),2024
사회과학,청소년 비행의 모든 것,"저자가 사명감으로 오랜 기간 학교, 교육지원청, 청소년상담센터, 사회복지기관, 경찰서, 보호관찰소, 소년원 등 다양한 청소년 관련 기관에서 8,000여 명의 문제 행동을 보이는 청소년들을 지도하며 발견한 비행화 과정을 사실적으로 담은 책이다.",https://shopping-phinf.pstatic.net/main_4980036/49800368654.20240816071137.jpg, 소경섭 지음, 하움,2024
사회과학,"세상을 바꾼 10대들, 그들은 무엇이 달랐을까","‘아무거나’, ‘상관없어’를 입에 달고 사는 아이들이 많다. 무엇을 하든 쉽게 흥미를 잃고, 스마트폰에 이끌려 좀비 같은 일상을 보내는 10대들은 이제 흔하다. 무기력이 습관이 되고, 삶을 덮쳐 버린 아이들, 과연 이들은 ‘인서울 입학’이라는 허울 좋은 목표를 얻은 후에도 행복한 삶을 살 수 있을까?",https://shopping-phinf.pstatic.net/main_4941120/49411203618.20240727092052.jpg, 정학경 지음, 미디어숲(다빈치하우스),2024
사회과학,미룸 방지법,"세계적인 자기계발 분야 멘토인 데이먼 자하리아데스는 이 책을 통해 우리가 미루는 이유는 생각보다 단순하지 않고, 일을 왜 미루는지 그 원인부터 찾아야 근본적으로 이 습관을 고칠 수 있다고 말한다.",https://shopping-phinf.pstatic.net/main_4904283/49042835631.20240711093128.jpg, 데이먼 자하리아데스 지음;박선령 옮김, 영림카디널,2024
사회과학,MT 생명공학,생명공학과에 진학하려는 학생이나 진로 지도를 하는 교사에게 좋은 길잡이가 되길 바라는 마음으로 엮은 책이다. 학생들이 쉽게 이해하고 흥미를 가질 수 있도록 자세한 이야기보다는 흥미로운 내용을 바탕으로 원리를 쉽게 설명하였다.,https://shopping-phinf.pstatic.net/main_4857498/48574989623.20240625085912.jpg, 최강열 지음, 청어람장서가(장서가),2024
사회과학,이런 진로는 처음이야,진로 탐색은 단순히 생계를 위한 직업 선택을 넘어 삶의 방향을 정하는 중요한 과정이다. 그러나 오늘날 많은 청소년이 입시만을 위한 학업에 치여 진로 탐색 없이 어른이 된다. 그런 청소년들을 위해 서울대 진로교육 전문가 이찬 교수가 나섰다.,https://shopping-phinf.pstatic.net/main_4933969/49339690622.20240725071116.jpg, 이찬 지음, 21세기북스(북이십일),2024
사회과학,이동 평균선 투자법,"이동 평균선으로 ‘에지가 있는 상태’를 찾아내서 투자 수익을 내는 방법이 담긴 책이다. 에지가 있는 상태란 가격이 끊임없이 변동하는 가운데, 사는 것이 유리하거나 파는 것이 유리한 국면을 뜻한다.",https://shopping-phinf.pstatic.net/main_4684696/46846967627.20240404093122.jpg, 고지로 강사 지음;김정환 옮김, 이레미디어,2024
사회과학,2026 대한민국 대학입시 트렌드,"저자는 본인의 오랜 경험을 토대로 대한민국 대학 입시의 흐름이 어떤지, 어떻게 준비를 해야 본인에게 적합한 입시를 치를 수 있는지에 대한 내용을 누구나 이해하기 쉽게 설명하고 있다.",https://shopping-phinf.pstatic.net/main_4980036/49800365660.20240816071303.jpg, 윤윤구 지음, 리빙북스,2024
사회과학,국가는 왜 실패하는가,"왜 어떤 나라는 가난하고, 어떤 나라는 부유한가. 여기 실패한 국가들이 있다. 가난, 부정부패, 형편없는 교육으로 신음하고 있는 나라들이다. 이들이 실패한 이유는 무엇일까? 같은 전철을 밟지 않으려면 우리는 어떻게 해야 하는가.",https://shopping-phinf.pstatic.net/main_3248653/32486531945.20240625084405.jpg, 대런 애쓰모글루;제임스 A. 로빈슨 [공]지음;최완규 옮김, 시공사,2012
사회과학,(미래 세대를 위한)평화통일 이야기,"미래 세대를 위한 인문 교양 3권. 통일이 되면 뭐가 좋은지, 어떤 통일을 할 수 있는지, 왜 통일을 반드시 해야 하는지 등 통일에 대한 다양한 주제를 중심으로 우리 삶과 긴밀하게 관련된 통일의 주요 쟁점에 대해 청소년 눈높이에서 쉽게 알려 준다.",https://shopping-phinf.pstatic.net/main_4980032/49800322633.20240816071232.jpg, 정주진 지음, 철수와영희,2024
사회과학,자본 없는 자본주의 리부트,전작인 《자본 없는 자본주의》에서 기계·건물·컴퓨터와 같은 유형 자산 위주의 경제는 가고 생각·지식·관계 중심의 무형 경제가 도래했다고 주장해 2017년 혁신적 경제학자에게 주는 인디고상을 공동 수상한 조너선 해스컬과 스티언 웨스틀레이크가 이번 책을 통해 새로운 경제에 맞는 새로운 제도가 필요하다고 말한다.,https://shopping-phinf.pstatic.net/main_5017735/50177353624.20240907071414.jpg, 조너선 해스컬;스티언 웨스틀레이크 [공]지음;조미현 옮김, 에코리브르,2024
사회과학,지식의 원전,"레오나르도 다빈치 이후 500여 년간 인류가 축적해 온 근대적 지식의 발견의 순간을 파노라마처럼 보여주는 책이다. 익히 들어 익숙한 뉴튼, 갈릴레이, 아인슈타인, 퀴리 부부의 연구기록뿐 아니라 리처드 파인만, 칼 세이건 등 총 102개 인간 근원의 지식 발견의 순간들이 담겼다.",https://shopping-phinf.pstatic.net/main_5066846/50668460626.20241005071349.jpg, 존 캐리 지음;지식의 원전 번역팀 옮김, 바다출판사,2024
사회과학,10대를 위한 세계 분쟁지역 이야기,"세계의 분쟁지역을 취재하며, 뉴스와 책, 다큐멘터리 등을 통해 그 참상을 전하는 종군기자 프란체스카 만노키가 분쟁지역의 역사와 분쟁의 양상을 이해하기 쉽게 설명해주고, 전쟁이 벌어지거나 그 흔적이 남아 있는 일상 속의 사람들을 만나 그 생생한 이야기를 전한다.",https://shopping-phinf.pstatic.net/main_4327632/43276326618.20231017083424.jpg, 프란체스카 만노키 지음;김현주 옮김, 롤러코스터,2023
사회과학,대치동 아이들은 이렇게 공부합니다,저자가 20년 이상 대치동에서 입시생 수십만 명을 가르치며 깨달은 ‘초등 시기부터 꼭 필요한 것만 제대로 해내며 명문대로 향하는 전략’을 담았다. 요즘 선호하는 의대 및 SKY 진학을 위해 초등 입학 전후부터 반드시 준비해야 할 것과 필요 없는 것을 솔직하게 조언한다.,https://shopping-phinf.pstatic.net/main_5003271/50032719623.20240830071649.jpg, 글로리아쌤 지음, 웅진지식하우스(웅진씽크빅),2024
사회과학,(수업에 바로 써먹는)문해력 도구,"교과 시간에 학생들의 문해력을 높일 수 있는 실천적인 방법을 소개하는 책. 저자는 문해력을 글과 말을 다루어 원하는 것을 얻는 ‘문제해결능력’으로 정의하고, 학생들의 문제해결능력을 높이는 데 도움을 줄 수 있는 문해력 도구와 표현력 도구를 제시한다.",https://shopping-phinf.pstatic.net/main_4037083/40370839622.20230912083640.jpg, 전보라 지음, 학교도서관저널,2023
사회과학,청소년과 함께 장애 공부,근 20여 년을 장애인복지와 사회복지 관련 연구 활동에 전념해온 김선희 저자가 청소년에 맞춤하여 펴낸 ‘관심과 배려의 마음씀’을 일구는 장애 공부 입문서이다. 저자는 무엇보다 장애 당사자들의 목소리를 오롯이 전하고자 노력했다.,https://shopping-phinf.pstatic.net/main_4279078/42790787618.20230927071110.jpg, 김선희 지음, 지노,2023
사회과학,청소년 마약에 관한 모든 질문,"국내에서 처음으로 청소년 마약 문제를 조명한 책으로, 10대 자녀를 둔 양육자와 마약 전문 변호사가 묻고 답하는 형식이다. 저자 김희준 변호사는 20년 넘게 강력부에서 일했다. 마약 문제에 관한 한 손꼽히는 검사 출신이다.",https://shopping-phinf.pstatic.net/main_4543368/45433684625.20240126070759.jpg, 김희준;공주영 [공]지음, 태학사,2024
사회과학,글로벌 거대기업에 숨겨진 이야기,"우리 삶과 긴밀히 연관된 다국적기업의 빛과 그림자를 조명한 책이다. 세계 경제를 좌지우지하는 다국적기업의 등장 배경과 발달사, 특성과 영향력, 불공정행위와 대응책 등을 청소년 눈높이에서 풀어내고 있다.",https://shopping-phinf.pstatic.net/main_4776542/47765420623.20240518075747.jpg, 윤석천 지음, 내일을여는책,2024
사회과학,(하나의 수어에 다의어가 포함된)수어국어사전,농인의 제1 언어는 한국수어이다. 한국어에 다의어가 있듯이 한국수어에도 다의어가 있다. 수어 하나에 이렇게 다양한 의미가 있음에도 농인들은 그것을 알지 못하고 청인과의 소통에 활용하지 못하고 있다는 가슴 아픈 현실이 집필 계기가 되었다.,https://shopping-phinf.pstatic.net/main_4694209/46942097623.20240413070905.jpg, 김영미 지음, 좋은땅,2024
사회과학,트렌드 코리아 2025,"역대급 무더위가 대한민국을 강타한 2024년 여름, 지구는 역사상 가장 뜨거운 날의 기록을 연달아 경신했다. 지금 우리는 ‘역대급’이라는 말 자체가 역대급으로 많이 쓰이는 시대를 살고 있다. 그만큼 우리 사회의 역동성이 크다는 뜻이기도 하다. 근 20년 동안 우리 사회의 추이와 소비 활동의 여러 모습을 추적, 관찰해온 트렌드 코리아 팀은 대한민국이 그 어느 때보다도 더 특유의 역동성과 역량을 바탕으로 전에 없는 다양성을 표출하는 모습을 목격하고 이를 책에 담고자 했다.",https://shopping-phinf.pstatic.net/main_5018758/50187581619.20240926090927.jpg, 김난도 외 지음, 미래의창,2024
사회과학,스마트폰 끄기의 기술,스마트폰 사용에 문제점을 느끼는 사람들의 건강한 스마트폰 습관 형성을 도와줄 로드맵이다. 스마트폰을 확인하고 싶은 충동이 들 때 딱 5분만 참아보거나(5분 규칙) 운동 계획이 틀어졌을 때 침대에 눕는 대신 가벼운 산책이라도 하는(플랜 B) 식으로 이 책에서 언급되는 작지만 건강한 스마트폰 습관을 일상생활에서 실천해보자.,https://shopping-phinf.pstatic.net/main_5011529/50115299630.20240904070959.jpg, 페이 베게티 지음;이혜경 옮김, 부키,2024
사회과학,우리는 모두 다르게 배운다,"2019년, 아동 문맹 퇴치를 위한 ‘글로벌 러닝 엑스프라이즈’ 대회에서 5년에 걸친 경쟁 끝에 우승하며 전 세계를 놀라게 한 에듀테크 기업 ‘에누마’ CEO 이수인의 첫 교육 에세이. 장애가 있는 첫째 아이의 학습을 위해 만든 게임이 전 세계 아이들을 위한 최고의 학습 앱이 되기까지, 평균의 속도로 배우는 일이 어려운 아이들이 디지털을 통해 실패를 줄이고 배움의 즐거움을 누릴 수 있도록 치열하게 노력해온 12년간의 기록을 담았다.",https://shopping-phinf.pstatic.net/main_5011529/50115299627.20240903083219.jpg, 이수인 지음, 어크로스,2024
사회과학,현명한 이타주의자,"시간, 힘, 돈을 남이 아닌 자신의 목표를 위해 투자하는 일이 ‘경제적’이고 ‘효율적’이라고 평가받는 시대다. 그러나 이런 세상에서는 역설적으로 다정한 태도로 타인을 존중하고, 배려하는 마음이 더 절실히 그리워지기 마련이다. 『현명한 이타주의자』는 냉철하고 투지가 강한 사람은 감탄의 대상이 되지만 희생과 공감은 허약함의 증거로 취급되는 시대에 ‘더 현명한 삶의 방식’은 무엇인지를 고찰한 책이다.",https://shopping-phinf.pstatic.net/main_4997378/49973789625.20240827083751.jpg, 슈테판 클라인 지음;장혜경 옮김, 페이지2북스,2024
사회과학,권력이란 무엇인가,"독일에서 입지를 쌓은 재독 한국인 철학자 한병철의 저서로, 분야와 사상가에 따라 서로 다르게 읽히고 있는 권력 이론을 하나로 그러모아 정식화한 책이다. 특히 권력을 부정적인 것으로만 바라보는 고정관념을 비판하며, 긍정적이고 생산적일 수 있다는 주장을 내세운다.",https://shopping-phinf.pstatic.net/main_3243633/32436333802.20221019151312.jpg, 한병철 지음;김남시 옮김, 문학과지성사,2016
사회과학,투명사회,"<피로사회>의 저자 한병철 교수의 신작. <투명사회>는 인간을 비밀이 없는 존재로 만들어버리는 ‘투명성’의 전체주의적 본질에 대한 예리한 통찰을 담고 있다. 이 책은 2012년 독일에서 먼저 출간되었는데, 격렬한 논쟁을 불러일으켰다.",https://shopping-phinf.pstatic.net/main_3245629/32456298841.20230919124733.jpg, 한병철 지음;김태환 옮김, 문학과지성사,2014
사회과학,하트가 썩었어요,"하트가 썩었다는 아이, 극단적인 선택을 예고한 아이, 스스로를 ‘멍뭉이’라고 여기는 아이, 자신의 과거를 후회하는 아이…. 모두 우리와 동시대를 살아가는 아이들이다. 상처와 폭력에서 벗어나 행복해지기 위해 노력하는 아이들의 변화와 이를 바로 옆에서 돕는 어른들의 이야기를 소개한다.",https://shopping-phinf.pstatic.net/main_5097611/50976110618.20241024071159.jpg, 김대원 지음, 드루,2024
사회과학,(Dr. 아톰과 함께하는)주제 맞춤 탐구보고서 쓰기,"탐구활동의 결과물인 탐구보고서를 쓰는 학생들은 물론, 학생들을 지도해야 하는 선생님도 어렵게만 생각하는 탐구활동과 탐구보고서에 대해 기본부터 차근차근 이해해 나가면서 쉽게 풀어 갈 수 있도록 구성되어 있다.",https://shopping-phinf.pstatic.net/main_5097610/50976109621.20241024071158.jpg, 박규상 지음, 더디퍼런스,2024
사회과학,김정은시대 북한사회 100문 100답,"“그곳도 사람 사는 곳이 분명한!” 북한에 대한 대중의 궁금증을 풀어주기 위한 책이다. 북한의 정치·경제·문화·교육 등 다양한 분야에 대해 무거운 질문은 무겁게, 가벼운 주제는 가볍게, 신박한 질문은 신박하게 풀어냈다.",https://shopping-phinf.pstatic.net/main_5013461/50134615619.20240905074256.jpg, 김상범 외 지음, 동국대학교출판부,2024
사회과학,꿈을 찾는 10대를 위한 진로수업,"학생들의 진로 고민에 깊이를 더하고 스스로 진로 탐색을 해 나가는 데 길잡이 역할을 해 줄 프로그램을 고민하다 기획된 책으로, 진로 고민에 도움이 될 만한 다양한 이야기와 인물의 사례를 중심으로 서술하였다.",https://shopping-phinf.pstatic.net/main_3967664/39676643621.20230725121953.jpg, 정형권 지음, 성안당,2023
사회과학,부동산 상식사전,"완벽한 현실 밀착형 정보와 생생하고 쉬운 설명으로 명성이 자자한 《부동산 상식사전》이 2022년 5차 개정판으로 새롭게 나왔다. 매매는 물론이고 전·월세 거래를 한 번이라도 해본 사람이라면 반드시 집에 한 권쯤 있다는 그 책이다. 지금껏 30만 독자의 사랑을 받으며 부동산 공부의 기본서로 탄탄하게 자리 잡았으며, 다시 한번 개정을 통해 전면적으로 최신 업데이트하였다.",https://shopping-phinf.pstatic.net/main_3244100/32441008669.20230926084647.jpg, 백영록 지음, 길벗,2022
사회과학,(물어보기 부끄러워 묻지 못한)부동산 상식,"부동산 지식은 스스로 관심을 갖고 공부하지 않으면 평생 모를 수도 있는 지식이다. 매매든, 임차든, 투자든 살면서 언젠가 꼭 한 번은 부동산 거래를 하게 된다. 최근 전세 사기 피해 뉴스가 자주 들린다. 아는 만큼 보이는 것이 부동산이다. 손해 보지 않기 위한 최소한의 부동산 공부는 필수다.",https://shopping-phinf.pstatic.net/main_3976657/39766570620.20230928091938.jpg, 이찬종;서지원 [공]지음, 새로운 제안,2023
사회과학,호암자전,삼성 창업주 호암 이병철 전 회장의 전기를 담은《호암자전》이 출간되었다. 한자 쓰기와 세로쓰기를 채택했던 1986년판을 21세기에 맞추어 손본 개정판이다. 일제강점기 당시 민족자본이 전무했던 상황에서 무역상사로 출발한 삼성이 OECD 국가경쟁력 30위권에 드는 선진국의 초일류기업으로 거듭나기까지 지나온 험난한 여정을 호암이 손수 적어 내려갔다.,https://shopping-phinf.pstatic.net/main_3244460/32444609006.20231003084737.jpg, 이병철 지음, 나남출판,2014
사회과학,재생산 유토피아,"‘인공자궁’이라는 체외발생 기술이 구현되기에 앞서, 이 기술이 미칠 우리 시대의 재생산 문제를 포괄적으로 다룬다. 이 기술이 걸어온 궤적과 의미, 윤리적 문제 등을 검토하는 동시에 악용 가능성 같은 미래까지 넘나들면서, 오늘날의 젠더화된 임신 및 출산에 관련된 복잡다단한 재생산 문제들을 다양한 측면에서 들여다본다.",https://shopping-phinf.pstatic.net/main_4796844/47968448623.20240526095646.jpg, 클레어 혼 지음;안은미 옮김;김선혜 감수, 생각이음,2024
사회과학,10년 후 세계사 미래의 역습,"2015년부터 날카로운 시선으로 미래 사회의 중요한 이슈를 선별하여 보여줬던 〈10년 후 세계사〉 시리즈가 세 번째 책으로 돌아왔다. 로봇, AI, 반도체, 모빌리티 등 혁신기술의 역대급 충격을 보여줄 이번 책에서 저자들은 기술 발전의 최신 정보와 함께 그것이 국제, 정치, 경제, 사회, 문화에 가져올 다면적인 효과를 분석하고, 향후 세계 패권이 어떻게 변화할지에 대해 폭넓게 조망한다.",https://shopping-phinf.pstatic.net/main_5346969/53469692366.20250312091857.jpg," 구정은,이지선 지음", 추수밭,2025
사회과학,공부의 힘,"누구에게나 공부는 어렵다. 그래서 많은 학생들이 매일, 같은 고민을 반복한다. “어떻게 해야 공부를 꾸준히 할 수 있을까?”, “어려움을 만나도 쉽게 포기하지 않으려면 어떻게 해야 할까?” 이 책은 이런 고민에 답하기 위해 기획된 책이다.",https://shopping-phinf.pstatic.net/main_5292349/52923499754.20250211084155.jpg, 한재우 지음, 더메이커,2025
사회과학,"로봇 시대, 인간의 일",저자는 인공지능 로봇 시대라는 문명사적 전환에 대해 우리가 맞닥뜨릴 현실을 구체적으로 질문한다. 10가지의 미시적 질문들이 엮어낸 미래에 관한 생생한 지도는 새로운 기술 정보와 떠오르는 이슈에 대한 파편적 접근을 뛰어넘어 우리에게 거시적 안목과 실질적 교양을 제공한다.,https://shopping-phinf.pstatic.net/main_3244496/32444968349.20230919130546.jpg, 구본권 지음, 어크로스,2020
사회과학,YES를 이끌어내는 협상법,"싫든 좋든 우리는 협상하지 않을 수 없다. 전형적인 협상 전략을 사용할 경우, 때로 불만족스럽거나 지치거나 사람들로부터 따돌림을 당할 수도 있다. 이 책에서는 제3의 협상법으로 하버드 협상 프로젝트에서 개발한 '원칙화된 협상 방법'을 다룬다.",https://shopping-phinf.pstatic.net/main_3248717/32487171157.20230919131741.jpg," 윌리엄 유리,브루스 패튼,로저 피셔 지음;박영환,이성대 옮김", 장락,2014
사회과학,부자들의 서재,"저자가 수년간 독파한 책 중에서 가장 강력한 영향력을 끼친 30권을 엄선해 담은 책이다. 《원씽》, 《10배의 법칙》, 《비상식적 성공 법칙》, 《타이탄의 도구들》 등 스테디셀러가 된 부자들의 책 30권에서 핵심을 읽어 내고 그것을 삶에 적용하는 방법을 포착했다.",https://shopping-phinf.pstatic.net/main_5227034/52270341620.20250107084330.jpg, 리치파카(강연주) 지음, 오아시스,2025
사회과학,소득혁명,"“나의 아버지는 수십 년간 영혼을 박살 내는 일에 매여 살았으나 처절히 가난했고, 일흔이 넘어서는 흑색종 4기 진단을 받았다. 은퇴는 했으나 이미 아무것도 할 수 없는 몸이었다. 아버지의 마지막 모습은 내 가슴에 불을 지폈다. 이것이 책을 쓰게 된 이유다.” 브라이언 페이지의 책 《소득혁명》은 이런 이유에서 시작되었다.",https://shopping-phinf.pstatic.net/main_5184482/51844825630.20241210084558.jpg, 브라이언 페이지 지음;김정혜 옮김, 서삼독,2024
사회과학,거인의 약속,"리더십에 대한 고정관념을 깨고, 누구나 자신만의 방식으로 리더가 될 수 있음을 보여주는 책이다. 전 NBA 선수이자 심리학자, 세계적인 리더십 코치인 존 아메이치는 자신의 삶과 경험을 통해 리더십의 본질이 무엇인지 생생하게 전한다.",https://shopping-phinf.pstatic.net/main_5185895/51858954620.20241211091508.jpg, 존 아메이치 지음;이주영 옮김, 상상스퀘어,2024
사회과학,거래의 기술,천재적인 사업가이자 거래의 달인인 도널드 트럼프의 전례 없는 성공 습관을 포착한 책. 1987년 일종의 회고록으로 저널리스트 토니 슈워츠와 공저한 '거래의 기술'은 출간되자마자 선풍적인 인기를 끌며 32주간 '뉴욕 타임스'논픽션 부문 베스트셀러 1위에 올랐다.,https://shopping-phinf.pstatic.net/main_3244046/32440460674.20230718121557.jpg, 도널드 트럼프 지음;이재호 옮김, 살림,2016
사회과학,세스 고딘의 전략 수업,"몇 가지 법칙이나 행동 지침을 정답처럼 제시하는 대신 불확실성에 대응하는 정교한 사고방식으로서의 전략에 대해 말한다. 특유의 허를 찌르는 직관을 전략이라는 실용적 접근법으로 세공해 우리의 삶과 비즈니스에 적용해야 할 것들을 알려준다. 대학입시부터 노후 대비까지, 사업 아이템 선정부터 브랜딩까지, 인사부터 회계까지, 개인과 조직이 더 나은 길로 향하는 확실한 방법을 얻어갈 것이다.",https://shopping-phinf.pstatic.net/main_5202351/52023518624.20241221072002.jpg, 세스 고딘 지음;안진환 옮김, 쌤앤파커스,2025
사회과학,(이코노미스트)2025 세계대전망,"한국경제신문에서 해마다 출간되어온 글로벌 전망서 이코노미스트의 ‘The World Ahead’ 시리즈가 올해도 변함없이 《2025 세계대전망》으로 출간된다. 세계 각국의 정치와 경제, 비즈니스, 금융, 과학, 문화 등을 심층 진단하여 미래 예측과 트렌드 분석에 있어 최고의 글로벌 전망서로 손꼽히는 이 책은 전 세계 25개 언어로 해마다 연말에 전 세계에 동시 출간되는 대형 프로젝트다.",https://shopping-phinf.pstatic.net/main_5160511/51605114654.20241126093008.jpg, 이코노미스트 지음, 한국경제신문,2024
사회과학,환율의 대전환,"『부의 대이동』, 『위기의 역사』 오건영 저자의 최신작. 달러, 엔, 금의 메가 트렌드와 현명한 투자 방법을 담았다. 거시경제전문가인 저자는 이번 신간을 통해 지금의 흐릿한 경제 상황을 제대로 바라볼 수 있는 인사이트를 전한다.",https://shopping-phinf.pstatic.net/main_5293689/52936891682.20250212092434.jpg, 오건영 지음, 포레스트북스,2025
사회과학,왜 그들만 부자가 되는가,오스트리아 국민경제학파이자 독일의 경제학 박사·금융 멘토로 알려진 두 저자는 이 책에서 우리 사회에서 일어나는 다양한 경제 문제의 원인을 '화폐 시스템'과 엮어 일목요연하게 정리했다. 저자는 경제적 불평등과 금융위기의 책임이 국가가 주도하는 화폐 시스템에 있다고 꼬집는다.,https://shopping-phinf.pstatic.net/main_5215077/52150777619.20241231072044.jpg," 필립 바구스,안드레아스 마르크바르트 지음;배진아 옮김", 북모먼트,2025
사회과학,내전은 어떻게 일어나는가,"저자 바버라 F. 월터는 전 세계의 정치적 혼란과 사회적 분열을 조명하고, 파벌화와 극단주의를 심화시키는 요인을 분석한다. 이로써 오랫동안 탄탄한 민주주의를 유지해 온 국가들조차 더 이상 안전하지 않다고 주장한다.",https://shopping-phinf.pstatic.net/main_5257867/52578676851.20250123071217.jpg, 바버라 F. 월터 지음;유강은 옮김, 열린책들,2025
사회과학,눈에 보이지 않는 돈의 지도책,"‘데이터 지리학’의 탁월한 시각화로 지정학적 통찰력을 선사했던 『눈에 보이지 않는 지도책』 저자들이 옥스퍼드대학교 연구팀과 함께 금융 세계의 패턴과 빅데이터를 포착한 새로운 역작을 내놓았다. 이번에는 『눈에 보이지 않는 돈의 지도책』, 그러니까 “돈의 지도책”이다.",https://shopping-phinf.pstatic.net/main_5219296/52192965623.20250101071619.jpg," 다리우시 보이치크 외 지음;제임스 체셔,올리버 우버티 그림;윤종은 옮김", 윌북,2025
사회과학,"사람, 장소, 환대","현대의 지성 시리즈. 이 책의 키워드는 사람, 장소, 그리고 환대이다. 이 세 개념은 맞물려서 서로를 지탱한다. 사람임은 일종의 자격이며, 타인의 인정을 필요로 한다. 우리는 환대에 의해 사회 안에 들어가며 사람이 된다. 사람이 된다는 것은 자리/장소를 갖는다는 것이다.",https://shopping-phinf.pstatic.net/main_3246220/32462206819.20230927071319.jpg, 김현경 지음, 문학과지성사,2015
사회과학,정치 성향은 어떻게 결정되는가,"뇌과학을 비롯한 과학 연구 방법의 발전으로 과학의 영역에서 증명할 수 없을 것만 같던 주제의 가시적인 증거를 확보하는 데는 성공하였다. 《정치 성향은 어떻게 결정되는가?》에서는 뇌과학과 더불어 신경과학, 유전학과 후성유전학, 진화론 등 다양한 각도에서 정치 신념의 생물학적 근거를 파헤친다.",https://shopping-phinf.pstatic.net/main_5346969/53469692355.20250313154457.jpg," 존 R. 히빙,케빈 B. 스미스,존 R. 알포드 지음;김광수 옮김", 오픈도어북스,2025
사회과학,(2025)에듀윌 취업 GSAT 삼성직무적성검사 통합 기본서,온라인 필기시험으로 변경된 GSAT에 완벽히 대비할 수 있도록 최근 시행된 2024년 상·하반기 GSAT의 난이도를 전격 반영하였고 출제 유형별 정석적인 풀이 방법과 실전에서 사용할 수 있는 빠른 문제 풀이 방법을 수록하여 문제 풀이 시간을 단축할 수 있도록 하였다.,https://shopping-phinf.pstatic.net/main_5204354/52043549625.20241224071119.jpg, 에듀윌 취업연구소 지음, 에듀윌,2025
사회과학,(2025)에듀윌 취업 GSAT 삼성직무적성검사 통합 기본서,온라인 필기시험으로 변경된 GSAT에 완벽히 대비할 수 있도록 최근 시행된 2024년 상·하반기 GSAT의 난이도를 전격 반영하였고 출제 유형별 정석적인 풀이 방법과 실전에서 사용할 수 있는 빠른 문제 풀이 방법을 수록하여 문제 풀이 시간을 단축할 수 있도록 하였다.,https://shopping-phinf.pstatic.net/main_5204354/52043549625.20241224071119.jpg, 에듀윌 취업연구소 지음, 에듀윌,2025
사회과학,(2025)에듀윌 취업 GSAT 삼성직무적성검사 통합 기본서,온라인 필기시험으로 변경된 GSAT에 완벽히 대비할 수 있도록 최근 시행된 2024년 상·하반기 GSAT의 난이도를 전격 반영하였고 출제 유형별 정석적인 풀이 방법과 실전에서 사용할 수 있는 빠른 문제 풀이 방법을 수록하여 문제 풀이 시간을 단축할 수 있도록 하였다.,https://shopping-phinf.pstatic.net/main_5204354/52043549625.20241224071119.jpg, 에듀윌 취업연구소 지음, 에듀윌,2025
사회과학,"로봇 시대, 인간의 일",저자는 인공지능 로봇 시대라는 문명사적 전환에 대해 우리가 맞닥뜨릴 현실을 구체적으로 질문한다. 10가지의 미시적 질문들이 엮어낸 미래에 관한 생생한 지도는 새로운 기술 정보와 떠오르는 이슈에 대한 파편적 접근을 뛰어넘어 우리에게 거시적 안목과 실질적 교양을 제공한다.,https://shopping-phinf.pstatic.net/main_3244496/32444968349.20230919130546.jpg, 구본권 지음, 어크로스,2020
사회과학,"로봇 시대, 인간의 일",저자는 인공지능 로봇 시대라는 문명사적 전환에 대해 우리가 맞닥뜨릴 현실을 구체적으로 질문한다. 10가지의 미시적 질문들이 엮어낸 미래에 관한 생생한 지도는 새로운 기술 정보와 떠오르는 이슈에 대한 파편적 접근을 뛰어넘어 우리에게 거시적 안목과 실질적 교양을 제공한다.,https://shopping-phinf.pstatic.net/main_3244496/32444968349.20230919130546.jpg, 구본권 지음, 어크로스,2020
사회과학,YES를 이끌어내는 협상법,"싫든 좋든 우리는 협상하지 않을 수 없다. 전형적인 협상 전략을 사용할 경우, 때로 불만족스럽거나 지치거나 사람들로부터 따돌림을 당할 수도 있다. 이 책에서는 제3의 협상법으로 하버드 협상 프로젝트에서 개발한 '원칙화된 협상 방법'을 다룬다.",https://shopping-phinf.pstatic.net/main_3248717/32487171157.20230919131741.jpg," 윌리엄 유리,브루스 패튼,로저 피셔 지음;박영환,이성대 옮김", 장락,2014
사회과학,AI 전쟁,"튜링 테스트부터 지금의 생성형 AI까지 인공지능의 오랜 역사를 되짚고, 오늘날 인공지능 기술이 사회 각 분야를 어떻게 바꾸고, 각 산업 분야에는 어떻게 쓰일 수 있으며, 어떤 기회가 있을지를 살핀다. 무엇보다 해외 빅테크 기업의 초거대 인공지능에 대응할 수 있는 우리나라 인공지능의 경쟁력과 수준은 어느 정도인지를 진단하고 조망한다.",https://dls2.edunet.net/DLS/api/homepage/holding/getCoverImage.do?prov_code=E10&neis_code=E100000276&bib_key=34206326431, 하정우;한상기 [공]지음, 한빛비즈,2023
사회과학,(2025 고시넷 공기업 NCS 기본서)초록이. 1: 모듈형/피듈형,"가장 확실한 공기업 NCS 완전정복 시리즈 ‘초록이’ 이론편이다. 산인공 모듈형과 응용모듈형 필수이론과 시험에 자주 출제되는 문제 유형을 수록하였고, 직업기초능력평가 각 영역의 하위능력별로 실전문제를 수록하였다.",https://dls2.edunet.net/DLS/api/homepage/holding/getCoverImage.do?prov_code=E10&neis_code=E100000276&bib_key=34206370710, 고시넷 NCS 연구소 지음, 고시넷,2025
사회과학,(2025 단기 합격)해커스공기업 NCS 통합 기본서 (필수과목+전략과목+모의고사 5회분):모듈형+피듈형+PSAT형,"공사 공단 및 금융권 필기 전형을 대비할 수 있는 NCS 통합 기본서다. 최신 출제 경향 및 기출 유형을 모두 반영한 이론과 문제로 실전에 완벽 대비가 가능하다. 전략적이고 효율적 학습이 가능한 분권 구성으로, 핵심이론부터 실전모의고사까지 한 번에 끝낼 수 있는 체계적인 3단계 학습 시스템이다.",https://dls2.edunet.net/DLS/api/homepage/holding/getCoverImage.do?prov_code=E10&neis_code=E100000276&bib_key=34206374518, 윤종혁;김소원;김태형, 해커스공기업,2025
사회과학,두 얼굴의 신기술,"생성형 AI의 등장은 기술의 대중화를 앞당겼다. 챗GPT, 클로드, 제미나이 등은 이제 전문가의 전유물이 아닌, 누구나 활용하는 일상 기술이 됐다. 그러나 기술의 확산 속도만큼 불안도 커지고 있다. 특히 직장인들은 실직 위협과 AI의 오류 가능성, 산업 구조의 재편에 대한 현실적인 걱정을 안고 있다. 이 책은 이러한 시대적 불안을 정면에서 다룬다.",https://dls2.edunet.net/DLS/api/homepage/holding/getCoverImage.do?prov_code=E10&neis_code=E100000276&bib_key=34206477454, 케일럽 브릭스;렉스 브릭스 지음;김상현 옮김, 에이콘온,2025
사회과학,위대한 나의 발견★강점혁명,약점을 보완하는 데에 집중되었던 모든 관심을 강점에 쏟는다면 우리의 삶은 어떻게 달라질까 하는 도널드 클리프턴의 간단한 생각에서 출발한 책이다. 출간된 지 20년이 지났지만 여전히 전 세계적으로 많은 사람들의 사랑을 받고 있는 책이다.,https://dls2.edunet.net/DLS/api/homepage/holding/getCoverImage.do?prov_code=E10&neis_code=E100000276&bib_key=34206486279, 갤럽 프레스 지음, 청림,2025
사회과학,주민의 헌법,국회의원 박주민의 눈으로 헌법을 해석한 이 책은 주어진 권리를 지키기 위해 대한민국 국민이 알아야 할 최소한의 상식을 담고 있는 헌법을 쉽고 명쾌한 설명으로 풀어낸다. 현직 국회의원이 쓴 헌법 책인 만큼 법률가로서의 논리와 입법가로서 필드에서 활동하고 있는 경험이라는 두 가지 포인트가 모두 살아 있는 것이 이 책의 가장 큰 장점이다.,https://dls2.edunet.net/DLS/api/homepage/holding/getCoverImage.do?prov_code=E10&neis_code=E100000276&bib_key=34206486643, 박주민 지음, 새로운현재(메가스터디북스),2025
사회과학,드디어 만나는 경제학 수업,"복잡한 경제 용어와 이론을 “실전에서 바로 쓸 수 있는 지식”으로 바꿔준다. 애덤 스미스의 ‘보이지 않는 손’부터 최신 암호화폐 과세 이슈까지, 경제 뉴스를 해독하고 현명한 투자 결정을 내릴 수 있는 61가지 핵심 경제 지식을 담았다.",https://dls2.edunet.net/DLS/api/homepage/holding/getCoverImage.do?prov_code=E10&neis_code=E100000276&bib_key=34206487709, 앨프리드 밀;미셸 케이건 [공]지음;김선영 옮김, 현대지성,2025
사회과학,거의 모든 재난에서 살아남는 법,"도서출판 따비에서 2018년 1월에 출간한 《거의 모든 재난에서 살아남는 법》은 2011년에 나온 《거의 모든 재난으로부터 살아남는 법》(웅진리빙하우스 펴냄)을, 7년 사이 급변한 시대 상황에 맞춰 전면 수정, 보완한 것이었다. 그런데 다시 거의 7년이 지난 2024년 11월, 저자와 출판사는 다시 또 개정증보판을 낼 수밖에 없다.",https://dls2.edunet.net/DLS/api/homepage/holding/getCoverImage.do?prov_code=E10&neis_code=E100000276&bib_key=34206493263, 성상원;전명윤 [공]지음, 따비,2024
사회과학,자기소개서 바이블,"1,000명 이상의 취준생 및 이직을 준비하는 분들의 서류를 합격으로 이끈 최고의 취업 부문 교육 강사 및 컨설턴트 고요한, 강건욱의 실전 자소서 가이드이다. 또한 단순한 자소서 작성법을 넘어선 취업 전략의 완성판이다.",https://dls2.edunet.net/DLS/api/homepage/holding/getCoverImage.do?prov_code=E10&neis_code=E100000276&bib_key=34206505078, 고요한;강건욱 [공]지음, 북카라반,2025
사회과학,공부보다 소중한 너의 미래에게,"출간 도서 누적 판매량 100만 부, 유튜브 채널 총 조회 수 3억 6000만 회, ‘공신’ 혹은 ‘공부의 신’으로 불리는 대한민국 최고의 공부 멘토 강성태. 지난 20년간 가장 빠르고 확실하게 성적 올리는 법을 전하면서 수많은 학생들의 삶을 바꿔준 그가 3년 만에 새 책으로 돌아왔다.",https://dls2.edunet.net/DLS/api/homepage/holding/getCoverImage.do?prov_code=E10&neis_code=E100000276&bib_key=34206507466, 강성태 지음, 다산북스,2025
사회과학,카이스트 미래전략 2025,"적게 태어나고 오래 늙어가는 사회, 노년이 재정의되고 가족은 확장된다. AI가 노동의 빈자리를 채우고 새로운 사회계약이 이루어진다. 인구구조 대전환기, 위기에 매몰되지 말고 인구와 기술의 새로운 흐름을 보라!",https://dls2.edunet.net/DLS/api/homepage/holding/getCoverImage.do?prov_code=E10&neis_code=E100000276&bib_key=34206509235, KAIST 문술미래전략대학원 미래전략연구센터 지음, 김영사,2024
사회과학,더 퍼스트,"유나바머의 자본주의 테크트리 맵을 토대로, 평범한 사람들이 실질적으로 적용할 수 있는 자본 게임의 법칙을 6단계로 전한다. 근로소득 외 수익 창출법부터 평생 마르지 않는 현금 흐름을 만드는 법까지, 시장의 위기에도 절대 무너지지 않는 부의 사다리를 완성하는 핵심 원칙을 빠짐없이 담았다.",https://dls2.edunet.net/DLS/api/homepage/holding/getCoverImage.do?prov_code=E10&neis_code=E100000276&bib_key=34206520006, 유나바머 지음, 위즈덤하우스,2025
사회과학,자유론,"《자유론》의 저자인 존 스튜어트 밀은 영국의 철학자, 경제학자, 사회개혁가로 자유주의와 개인주의 철학의 중요한 이론적 기초를 세운 인물이다. 그의 가장 대표적인 책으로 꼽히는 《자유론》은 현대 민주주의와 자유주의의 기초가 되는 중요한 이론들을 제시하고 있어 시대를 초월해 지금도 꼭 읽어보아야 할 책으로 꼽히고 있다.",https://dls2.edunet.net/DLS/api/homepage/holding/getCoverImage.do?prov_code=E10&neis_code=E100000276&bib_key=34206521079, 존 스튜어트 밀 지음;김만권 옮김, 책세상,2025
사회과학,"2030, 영혼의 연대기","1999년부터 2025년까지 대한민국 청년들의 영혼을 할퀴고 간 열 가지 젠더정치 이슈들을 복기한다. 초고속 인터넷과 야동의 탄생, 군가산점 폐지와 여혐, 노무현과 일베의 고인모독, 메갈리아와 남혐, 문재인 정부와 페미니즘, 텔레그램 성착취 사건, 박원순 사망사건, 이준석 현상, 윤석열 당선, 딥페이크 성범죄 문제가 그것이다.",https://dls2.edunet.net/DLS/api/homepage/holding/getCoverImage.do?prov_code=E10&neis_code=E100000276&bib_key=34206523234, 배수찬 지음, 통나무,2025
사회과학,행동은 불안을 이긴다,"아주 작은 행동 설계에 필요한 딱 두 가지의 핵심을 전한다. 존재하지 않는 공포와 불안에 속아 현실에 안주하는 마음을 버릴 것. 그리고 몸이 먼저 움직이는 행동 자동화 패턴을 익힐 것. 책에서 제시하는 방법들을 하나씩 완수하고, 몸으로 익힐 때 비로소 의지박약과 만성적 미루기에서 벗어나 행동하는 인생으로 나아갈 수 있을 것이다.",https://dls2.edunet.net/DLS/api/homepage/holding/getCoverImage.do?prov_code=E10&neis_code=E100000276&bib_key=34206524791, 롭 다이얼 지음;박영준 옮김, 서삼독,2025
사회과학,IB 탐구 수업과 질문하는 문해력,"IB 수업은 한국의 기존 수업 방식과 비슷하면서도 분명한 차별점을 지닌다. 학생의 호기심을 기반으로 질문을 만들고 문제를 해결해 나가는 점은 유사하지만, IB는 개념적 이해를 중심으로 전 교사가 협업하여 1~6학년 전 과정을 연계한 체계적인 탐구 프로그램을 운영한다는 점에서 차별화된다.",https://dls2.edunet.net/DLS/api/homepage/holding/getCoverImage.do?prov_code=E10&neis_code=E100000276&bib_key=34206540416, 독서생활연구소 지음, 초록비책공방,2025
사회과학,일할 사람이 사라진다,"모두가 대한민국 인구의 미래가 정해졌다고 말한다. 이미 저출생 국면에 접어든 지 오래되었고 인구는 줄어들 수밖에 없으며 어쩌면 대한민국은 소멸할지도 모른다고. 서울대 국가미래전략원 인구클러스터장이자 국내 대표 인구경제학자인 이철희 교수는 《일할 사람이 사라진다》에서 대한민국의 미래, 특히 인구와 노동 시장의 미래는 아직 정해지지 않았다고 조심스레 반박한다.",https://dls2.edunet.net/DLS/api/homepage/holding/getCoverImage.do?prov_code=E10&neis_code=E100000276&bib_key=34206608274, 이철희 지음, 위즈덤하우스,2025
사회과학,실리콘밸리 프로세스의 힘,"실리콘밸리 선도 기업들의 지속적인 성공을 가능케 하는 ‘프로세스 중심의 조직 운영법’을 알려준다. 구체적으로는 (1)혁신적인 제품 출시, (2)조직의 실행력 강화, (3)강한 조직문화 구축을 체계적으로 실행하게 만드는 프로세스 설계법과 실무 도입 방안 등을 제시한다.",https://dls2.edunet.net/DLS/api/homepage/holding/getCoverImage.do?prov_code=E10&neis_code=E100000276&bib_key=34206608390, 신재은 지음, 더퀘스트(길벗),2025
사회과학,한국이란 무엇인가,"거침없는 상상력과 정교한 논리, 리듬감 있는 문장으로 독자를 깊은 사유의 장으로 이끌어온 서울대 김영민 교수가 이 오래된 질문을 다시 붙잡고, 한국 사회를 새롭게 읽어낸다. 《한국이란 무엇인가》는 그 말하기의 시작이다. 김영민 교수는 이번 책에서 우리가 한국을 ‘이해해온 방식 자체’를 처음부터 되묻고, 새로운 서사의 가능성을 이야기한다.",https://dls2.edunet.net/DLS/api/homepage/holding/getCoverImage.do?prov_code=E10&neis_code=E100000276&bib_key=34206609744, 김영민 지음, 어크로스(어크로스출판그룹),2025
사회과학,무엇이 성과를 만드는가,"개인의 성장과 조직의 발전은 결코 이율 배반적인 것이 아니다. 또한 어떤 위기에서도 직원과의 동반 성장을 추구하는 조직만이 살아남을 것이다. 《무엇이 성과를 만드는가》를 통해 당신도 회사도 일하면서 배우고, 배우면서 성과를 낼 수 있다는 사실을 일깨운다.",https://dls2.edunet.net/DLS/api/homepage/holding/getCoverImage.do?prov_code=E10&neis_code=E100000276&bib_key=34206736244, 에두아르도 브리세뇨 지음;이영래 옮김, 부키2,2025
사회과학,오픈 엑시트,"한국 사회에 불평등과 세대론에 관한 새로운 시각을 제시했다는 평을 받으며 언론과 학계, 정계, 일반 대중에게까지 뜨거운 반응을 불러일으킨 사회학자 이철승(서강대 사회학과)의 신작이 문학과지성사에서 출간되었다.",https://dls2.edunet.net/DLS/api/homepage/holding/getCoverImage.do?prov_code=E10&neis_code=E100000276&bib_key=34206776289, 이철승 지음, 문학과지성사,2025
사회과학,경제 상식사전,경제공부를 시작하려는 왕초보에게 필수 코스로 자리 잡은 《경제 상식사전》의 8차 개정판이 출간되었다. 경제 전문 베테랑 기자가 현대인으로서 살아가는 데 반드시 알아야 할 152개의 경제이슈를 엄선하여 구성했다. 여기에 위트 넘치는 일러스트와 그래프 등의 보조 자료는 경제 바보도 글을 술술 읽을 수 있게 도와준다.,https://dls2.edunet.net/DLS/api/homepage/holding/getCoverImage.do?prov_code=E10&neis_code=E100000276&bib_key=34206778211, 김민구 지음, 길벗,2025
사회과학,광물 전쟁,"친환경 에너지 전환이 각종 산업의 중심이 된 상황에서, 배터리에 쓰이는 5가지 핵심 광물을 둘러싼 치열한 경쟁을 다루는 책. 오늘날 미국과 유럽, 남미까지 모두가 중국의 자원 패권주의와 글로벌 경쟁 상황에 맞서 광물 쟁탈전을 벌이고 있다. 에너지 전문 기자인 저자는 환경 파괴의 화근이자 에너지 패권을 지킬 보루인 미국 내 광산업의 현장을 찾아가, 광물 자립의 딜레마에 빠진 미국의 현실과 전 세계 경쟁 현황을 생생히 보여준다.",https://dls2.edunet.net/DLS/api/homepage/holding/getCoverImage.do?prov_code=E10&neis_code=E100000276&bib_key=34206821621, 어니스트 샤이더 지음;안혜림 옮김, 위즈덤하우스,2025
사회과학,(2024 해커스)GSAT 5급 고졸채용 삼성직무적성검사 한권완성,온라인 GSAT 5급의 최신 출제경향을 철저하게 분석하여 반영하였다. 체계적인 3단계 학습 시스템으로 GSAT 5급의 최신기출유형 공략부터 실전까지 전략적인 학습으로 단기 합격이 가능하다.,https://shopping-phinf.pstatic.net/main_4616933/46169337620.20240305083319.jpg, 해커스 취업교육연구소 지음, 챔프스터디,2024
사회과학,(이게 되네?)제미나이 노트북LM 미친 활용법 51제,"신입 사원부터 C레벨까지, 개인의 성장과 조직의 성과를 모두 J-커브로 그려줄 제미나이와 노트북LM의 대활약을 담았다. AI 업무 활용부터 조직 관리, 업무 자동화부터 팀 협업까지 모든 워크 플로를 초효율로 진행하도록 구성했다.",https://shopping-phinf.pstatic.net/main_5556342/55563429071.20250701091316.jpg, 오힘찬 지음, Golden Rabbit(골든래빗),2025
사회과학,주린이도 술술 읽는 친절한 금융책,"단순한 경제 상식서나 투자 상식서가 아니다. 금리, 환율, 통화정책 같은 추상적 개념을 ‘투자의 언어’로 번역해주는 실전형 금융 입문서다. 7만 부 이상 판매된 베스트셀러 『주린이도 술술 읽는 친절한 주식책』의 저자 최정희 기자가 다시 돌아와, 이번에는 주식 투자자에게 꼭 필요한 금융 지식의 기본기를 전한다.",https://shopping-phinf.pstatic.net/main_5548208/55482083480.20250703071533.jpg, 최정희 지음, 메이트북스,2025
사회과학,가속화 장기투자 법칙,《가속화 장기투자 법칙》은 제목이 주는 느낌처럼 장기투자를 하지만 자산의 증가를 ‘가속화’하는 방법에 관한 내용을 담고 있다. 장기투자란 단어의 표면적인 시간적 의미를 뛰어넘어 제대로 실행된 장기투자는 투여한 돈을 급속도로 불려주는 핵심 수단임을 알아채는 것이 중요하다.,https://shopping-phinf.pstatic.net/main_5335226/53352268951.20250305092039.jpg, 임인홍 지음, 길벗,2025
사회과학,결핍은 우리를 어떻게 변화시키는가,"과도한 이자를 물며 돈을 빌리거나, 반복적으로 약속에 늦고, 다이어트를 결심해도 며칠을 못 버티는 사람들. 이처럼 경솔한 행동을 하는 사람들의 공통점은 무엇일까? 하버드대 경제학과 교수 센딜 멀레이너선과 프린스턴대 교수 엘다 샤퍼는 『결핍은 우리를 어떻게 변화시키는가』에서 흥미로운 답을 제시한다.",https://shopping-phinf.pstatic.net/main_5339376/53393761396.20250307093700.jpg, 센딜 멀레이너선;엘다 샤퍼 [공]지음;이경식 옮김, 빌리버튼,2025
사회과학,새로운 질서,"AI는 이미 우리 삶에 깊숙이 들어왔다. 그렇다면 이 기술이 앞으로 더욱 발전하고 널리 퍼질 게 자명한 미래는 과연 어떤 모습일까? 국제 정세는 어떻게 달라질까? 인공지능 시대, 인류의 앞날을 가장 생생하게 그려낸 전략서가 나왔다.",https://shopping-phinf.pstatic.net/main_5574602/55746020130.20250715071957.jpg, 헨리 키신저;에릭 슈밋;크레이그 먼디 [공]지음;이현 옮김, 윌북,2025
사회과학,2030 대한민국 강대국 시나리오,대한민국은 왜 아직 강대국이 되지 못했을까? 서울대학교 국제대학원 이근 교수는 그 이유를 ‘비전의 부재’에서 찾는다. 『2030 대한민국 강대국 시나리오』는 지금이야말로 정치권과 지식 사회가 앞장서서 강대국이라는 담대한 비전을 제시해야 할 때라고 말한다.,https://shopping-phinf.pstatic.net/main_5448785/54487859523.20250501091516.jpg, 이근 지음, 21세기북스,2025
사회과학,2030년 돈의 세계지도,"세계의 3대 투자가 중 한 명으로 손꼽히는 짐 로저스가 앞으로의 10년, 세계 정세를 개관하며 향후 쇠락할 나라와 성장할 나라를 예측하고 이 책을 통하여 생존 전략을 제시한다.",https://shopping-phinf.pstatic.net/main_5201999/52019991624.20241220071432.jpg, 짐 로저스 지음;오시연 옮김, 알파미디어,2024
사회과학,"샘 올트먼, 더 비전 2030","급변하는 AI 시대의 한가운데, 오픈AI의 CEO 샘 올트먼이 인류 문명의 작동 방식을 재설계하려는 비전가로 주목받고 있다. 이 책 《샘 올트먼, 더 비전 2030》은 그의 독창적인 관점과 그가 집중하는 기술, 혁신의 방향을 심층적으로 분석한다.",https://shopping-phinf.pstatic.net/main_5550123/55501237274.20250628071130.jpg, 이재훈 지음, 한빛비즈,2025
사회과학,AI 세계미래보고서 2030,인공일반지능(AGI)학회와 싱귤래리티넷 등 미래 연구 국제기구 및 미래부상기술기업의 한국 대표를 겸임하는 박영숙 (사)유엔미래포럼 대표와 IEEE AI보안 국제프로토콜 글로벌의장 투피 살리바의 공저인 이 책은 다가오는 ‘AI 인터넷 시대’에 대한 중요한 통찰을 제공하는 보고서이다.,https://shopping-phinf.pstatic.net/main_5613811/56138119751.20250808071626.jpg, 박영숙;투피 살리바 [공]지음, 더블북,2025
사회과학,대체 왜 자꾸 꿈을 물어요?,학교에서 알려 주지 않지만 살아가는 데 꼭 필요한 지식과 교양을 담은 ‘교실 밖의 질문’ 시리즈 두 번째 도서다. ‘바쁘게 살다 보면 언젠가는 행복해질까?’ ‘꼭 꿈과 현실 중 하나를 선택해야 할까?’ ‘내가 진짜 바라는 삶은 무엇일까?’ 등 인생의 갈림길에 선 청소년에게 길잡이가 되어 줄 질문 10가지를 담았다.,https://shopping-phinf.pstatic.net/main_5609523/56095236269.20250805075537.jpg, 오승현 글;도아마 그림, 개암나무,2025
사회과학,우리는 왜 싸우는가,"인간 본성과 폭력에 대한 이분법을 배제하며, 전쟁의 근원과 평화를 실천하는 방법을 밝힌 책이다. 과학적·실험적 방법론을 활용해 빈곤, 폭력, 전쟁, 범죄의 원인과 해결책을 탐구하는 경제학자이자 정치학자 크리스토퍼 블랫먼이 세계가 평화를 선호하는데도 전쟁을 선택하게 되는 메커니즘을 이론적・실천적으로 분석한다.",https://shopping-phinf.pstatic.net/main_5615392/56153921290.20250808091330.jpg, 크리스토퍼 블랫먼 지음;강주헌 옮김, 김영사,2025
사회과학,"메타버스, 이미 시작된 미래","2000년대의 ‘인터넷 혁명’, 2010년대 아이폰의 등장과 함께 시작된 ‘모바일 혁명’에 이어, 2020년에는 MZ세대 뉴노멀을 만나 ‘메타버스의 시대’가 열렸다. NFT, AR, VR과 함께 가상현실의 세상은 이미 우리 앞에 와 있다. 더 이상 지켜보고만 있을 수는 없다.",https://image.aladin.co.kr/product/27304/60/cover500/k112732025_1.jpg, 이임복 지음, 천그루숲,2022
사회과학,반도체 제국의 미래,1위 반도체 기업들의 경쟁력과 전략. 새로운 승자들의 도전 등 혁신과 전략의 과정을 기술 발전 사례와 데이터를 토대로 설명했던 《반도체 제국의 미래》에 최근의 혼란스러운 국내외 반도체 산업의 환경까지 모두 담아 2년 만에 개정증보판으로 새롭게 출간됐다.,https://image.aladin.co.kr/product/28210/1/cover500/k562835178_1.jpg, 정인성 지음, 이레미디어,2022
사회과학,이재명의 나의 소년공 다이어리,이재명 경기도지사의 어린 시절 일기를 바탕으로 스토리텔링한 책이 출간되었다. 열여섯 소년공 시절부터 사법 연수원에 다니던 때까지 썼던 10년간의 일기는 지금의 이재명을 설명하는 중요한 기록이다. 정치인 이재명을 만든 토대는 과연 무엇일까?,https://image.aladin.co.kr/product/27564/16/cover500/k782733916_1.jpg," 이재명,조정미 지음", 팬덤북스,2021
사회과학,인문학 리더십,인문학에서 손꼽히는 고전 작가들을 길잡이 삼아 뛰어난 리더십에 대한 사상들을 살펴보는 책이다. 리더십 개발 분야에서 얻은 지식을 철학 석사 과정과 철학 및 영문학 학사 과정에서 얻은 고전 및 그 저자에 관한 지식과 통합했다.,https://image.aladin.co.kr/product/9908/71/cover500/k552536860_1.jpg, 조슬린 데이비스 지음;김지원 옮김, 반니,2016
사회과학,(전설로 떠나는)월가의 영웅,"월가의 전설적인 인물 피터 린치가 개인투자자들을 위해 1989년에 출간했던 《월가의 영웅》최신 개정판이다. 월가에서 은퇴한 후 처음으로 저술한 책으로, 자서전 형식을 띠면서 주식투자에 관한 저자의 철학을 유쾌하게 서술한 투자지침서이기도 하다.",https://image.aladin.co.kr/product/27663/60/cover500/8957825940_1.jpg," 피터 린치,존 로스차일드 지음;이건 옮김", 국일증권경제연구소,2021
사회과학,"(선배도, 헤드헌터도 속 시원히 대답 못하는) 영문이력서 자기소개서 한번에 끝내기","노무라 증권, 스탠다드차타드 증권 등 외국계 기업에 종사했던 저자가 자신의 경험을 바탕으로 최신트렌드의 ‘영문 이력서’ ‘자기소개서’ ‘면접’의 노하우를 알려준다.",https://image.aladin.co.kr/product/5479/60/cover500/8956592446_1.jpg, 김영진 지음, 예문,2015
사회과학,(미래와 진로를 고민하는) 20대가 준비해야 할 것들,드라마 '미생'의 장그래처럼 나이도 신분도 비슷한 사람의 눈높이에서 사회생활을 먼저 한 선배의 입장으로 실질적인 조언을 해주면 더 공감이 되지 않을까 하는 마음으로 이 책을 쓰게 되었다.,https://image.aladin.co.kr/product/10605/16/cover500/8972994774_1.jpg, 김주형 지음, 미래문화사,2017
사회과학,(필립 코틀러의) 마켓 4.0,<마켓 3.0>발표 이래 7년 만에 나온 <마켓 4.0>. 필립 코틀러는 그간 광범위하게 변화한 디지털 경제의 지형과 특성을 한 번에 정리하고 마켓 4.0 시대에 걸맞은 새로운 마케팅 툴과 전략을 구체적으로 제시한다.,https://image.aladin.co.kr/product/10243/95/cover500/k562536089_1.jpg, 필립 코틀러;허마원 카타자야;이완 세티아완 저;이진원 옮김, 더퀘스트,2017
사회과학,집단 망상,"진실은 불신 속에 가려지고 분노는 정당한 수단으로 착각되며 ‘적을 없애야 한다’는 논리가 행동으로 이어지는 시대. 우리는 이제 질문해야 한다. 이 파국의 정치를 어떻게 멈출 것인가, 그리고 진실과 신뢰의 언어를 어떻게 회복할 것인가.",https://shopping-phinf.pstatic.net/main_5779949/57799493811.20260331122447.jpg, 조 피에르 지음;엄성수 옮김, 21세기북스(북이십일),2025
사회과학,나침반은 흔들리며 방향을 잡아나간다,"‘진로고민’으로 방황하는 청소년과 청년들에게 자기다운 진로를 찾아주며, 이들이 ‘자신이 원하는 일’을 선택하도록 도와주는 진로교육과 상담을 10년간 해왔던 변화성장연구소 김범준 소장의 진로 탐험 변화성장 마인드북 《나침반은 흔들리며 방향을 잡아나간다》 가 세상에 첫선을 보인다.",https://shopping-phinf.pstatic.net/main_5546614/55466149445.20260331094547.jpg, 김범준 지음, 마인드큐브,2025
사회과학,피지컬 AI 메가 트렌드,"인류 최초의 경 단위 시장을 열 것이라는 산업 전망에 기초해 디지털 세계를 뚫고 현실로 들어온 피지컬 AI의 본질과 산업의 큰 그림, 우리가 맞이할 미래에 대한 통찰을 제시하는 이 책은 자동차, 스마트폰을 넘어 인류의 생활방식과 산업 지형을 완전히 바꿔놓을 새로운 기술의 등장과 앞으로의 변화를 이해하고 대비하기 위한 가장 쉽고 충실한 안내서다.",https://shopping-phinf.pstatic.net/main_5868313/58683132381.20260331121652.jpg," 최홍섭,원미르 [공]지음", 위즈덤하우스,2026
사회과학,공감의 반경,"이번 개정증보판에서는 단순한 수정이 아니라 ‘4부 새로운 세상을 위한 공감 교육’, ‘5부 사고의 공동체를 조직하는 정치’를 새로 마련하여 대한민국의 미래에 가장 중요한 두 축, 교육과 정치 분야에서 어떤 혁신을 이뤄내야 인지적 공감의 반경을 넓힐 수 있는지 탐구한다.",https://shopping-phinf.pstatic.net/main_5557976/55579765101.20260331113121.jpg, 장대익 지음, 바다출판사,2025
사회과학,인물로 살펴보는 인권 이야기,"18세기 이후 인권의 역사에서 중요한 인물인 토머스 페인, 메리 울스턴크래프트, 존 스튜어트 밀, 레프 톨스토이, 모한다스 간디, 이반 일리치, 에드워드 사이드 등 7명의 삶과 사상을 통해 청소년들이 꼭 알아야 할 인권에 관해 알려 준다.",https://shopping-phinf.pstatic.net/main_5305712/53057126727.20260331105956.jpg, 박홍규 글, 철수와영희,2025
사회과학,(박태웅의)AI 강의 2026,"챗GPT 등장 이후 AI는 운영체제이자 파트너, 휴머노이드로 확장되며 삶과 산업을 바꾸고 있다. 독자들이 ‘인공지능 분야 최고의 책’으로 꼽은 『박태웅의 AI 강의』 시리즈의 최신판. 2025년 제시한 AI 흐름이 실제 세계에서 어떻게 구현됐는지 사례와 데이터로 분석하고 한국 사회가 맞닥뜨린 과제까지 짚는다.",https://shopping-phinf.pstatic.net/main_5923676/59236760627.20260331094015.jpg, 박태웅 지음, 한빛비즈,2026
사회과학,강대국 국제정치의 비극,"지은이는 지구상에 평화가 도래할 것이라는 생각은 환상이라고 잘라 말한다. 다른 나라보다 강한 나라, 더 나아가 지구상의 유일한 패권국이 되는 것이 나라의 안전을 보장하는 최선의 방책이라는 것이다. 책은 역사적 사례를 들어 공격적 현실주의 이론의 핵심을 정리했다.",https://shopping-phinf.pstatic.net/main_3243613/32436138301.20250429071929.jpg, 존 J. 미어셰이머 지음;이춘근 옮김, 김앤김북스,2017
사회과학,AI시대 미디어 문해력,"지금의 미디어 환경을 중심에 두고 문해력의 의미를 새롭게 풀어낸다. 양면성을 가진 미디어를 비판적으로 이해하고, 사회적으로 소통하며, 창의적으로 표현하는 힘을 ‘미디어 문해력’이라 정의한다.",https://shopping-phinf.pstatic.net/main_5689139/56891398614.20260331111039.jpg, 이승화 지음, 시간여행,2025
사회과학,(요즘 교사를 위한)에듀테크 5대장,"요즘 교사들이 가장 많이 활용하는 캔바, 패들렛, 북크리에이터, 노션, 챗GPT?제미나이 5가지 에듀테크를 수업준비, 학급경영, 행정업무, 상담, 연수준비, 교사 개인업무, 교사협업, 바이브코딩에 어떻게 활용했고, 어떻게 활용할 수 있는지 그 구체적인 방법을 실습 예제와 사례로 설명했다.",https://shopping-phinf.pstatic.net/main_5819981/58199818496.20260331114108.jpg," 안익재,황의태 공저", 앤써북,2025
사회과학,위대한 12주,세계적인 기업들의 압도적인 성과 뒤에는 바로 ‘12주 프로그램’이 있었다. 이 프로그램을 개발하고 일류 기업 수백 곳의 컨설팅을 진행한 브라이언 P. 모런과 마이클 레닝턴은 『위대한 12주』에서 1년을 12주로 살아내는 혁신적인 시간 관리법을 소개한다.,https://shopping-phinf.pstatic.net/main_5097609/50976098618.20260331112937.jpg," 브라이언 P. 모런,마이클 레닝턴 [공]지음;정성재 옮김", 클랩북스,2024
사회과학,침묵을 배우는 시간,침묵으로 세상과 거리를 두면 역설적이게도 더 세상에 다가갈 수 있다. 이 책에서 제시하는 51가지의 침묵 도구를 적절하게 사용한다면 당신의 말의 무게는 지금과는 확연히 달라질 것이다.,https://shopping-phinf.pstatic.net/main_4909347/49093470618.20260331121117.jpg, 코르넬리아 토프 지음;장혜경 옮김, 서교책방,2024
사회과학,내 집이 꼭 있어야 할까?,"철수와 영희를 위한 사회 읽기 시리즈 16권. 공공 임대 주택의 정의와 역사, 주거 복지, 거주지 분리, 사회적 계층 혼합 등의 주제를 통해 더불어 사는 사회를 위한 공공 임대 주택 이야기를 청소년 눈높이에서 쉽게 알려 준다.",https://shopping-phinf.pstatic.net/main_5674263/56742631915.20260331121728.jpg, 서윤영 글, 철수와영희,2025
사회과학,(워런 버핏의)실전 주식투자,『주식투자 이렇게 하라 The Buffettology』의 후속개정판. 12년간 워렌 버핏의 며느리로서 그의 투자를 가까이서 지켜봐온 메리 버핏과 버핏 일가의 오랜 지인이자 투자분석가인 데이비드 클라크가 세계 최고의 투자가 워렌 버핏의 투자 전략을 실전에 바로 적용할 수 있도록 정리했다.,https://shopping-phinf.pstatic.net/main_3247603/32476031524.20260331103732.jpg," 메리 버핏,데이비드 클라크 [공]지음;최준철 옮김", 이콘,2010
사회과학,경이로운 한국인,"프랑스 문학평론가이자 번역가, 엑스마르세유대학에 한국학을 창설하고 주임교수를 역임한 장클로드 드크레센조가 느낀 경이로운 한국인의 이야기를 전한다. K-POP, K-드라마 등 프랑스에서도 한국의 문화, 정치, 경제에 대한 정보들이 쏟아지지만, 그보다도 드크레센조 교수는 일상에서의 한국인들은 어떤지에 대해 흥미롭게 다루었다.",https://shopping-phinf.pstatic.net/main_5366690/53666908252.20260331110200.jpg, 장클로드 드크레센조 지음;이소영 옮김, 마음의 숲,2025
사회과학,이게 머니?,"두 아이의 아빠로서 ‘우리 아이에게 어떤 금융교육을 해줄 것인가’를 고민한 결과물이자, 가장 쉬운 방법으로 돈의 언어를 익혀나간 솔직한 기록이다. 금융교육의 출발점은 바로 ‘용어'에 대한 이해다. 어려운 금융 용어를 글과 그림으로 정리해 인스타그램에 올리기 시작했고, 수많은 분의 공감과 응원 덕분에 한 권의 책으로 탄생했다.",https://shopping-phinf.pstatic.net/main_5731098/57310987341.20251021124815.jpg, 이동현 글·그림, 부카,2025
사회과학,이공계에 빠져 봅시다,"기초과학, 산업기술, 융합과학, 지식경제 분야에서 왕성하게 활동 중인 이공계 선배 21명이 자신의 진로 설계 경험을 토대로 성공담을 들려준다. 사촌형(오빠)이나 옆집 누나(언니) 같이 내 주변 인물처럼 친근함을 느낄 수 있는 30대를 중심으로 선정했기 때문에 청소년에게 인생의 선배로서 진로에 관한 구체적인 정보를 제공한다.",https://image.aladin.co.kr/product/224/73/cover500/8991844952_1.jpg, 한국과학문화재단 지음, 동아사이언스,2008
사회과학,그리기 지도 어떻게 할까,,https://image.aladin.co.kr/product/90/87/cover500/8980406320_1.jpg, 심수환 지음, 우리교육,2007
사회과학,"머리는 좋은데, 노력을 안해요",,https://image.aladin.co.kr/product/98/11/cover500/8980385994_1.jpg, 장뤽 오베르 지음, 동문선,2007
사회과학,생각 따라잡기,"부모와 나누는 풍성한 대화 속에서 아이의 논리력을 키우는 방법을 알려준다. 한편 타인의 말에 귀 기울이며 상대를 존중하는 마음, 토론의 자리에서 자신의 실수를 인정하는 태도 등을 일러준다. 일상적인 대화를 통해 엄마와 유대감을 얻게 이끄는 동시에 학습과 대화의 예절을 지도하는 책.",https://image.aladin.co.kr/product/89/83/cover500/898445267x_1.jpg, 크리스틴 더럼 지음, 시그마북스,2007
사회과학,공부의 절대시기 자기주도학습법,,https://image.aladin.co.kr/product/91/60/cover500/8925400685_1.jpg, 김판수;백현기 지음, 교육과학사,2007
사회과학,아동미술의 이론과 실제,,https://image.aladin.co.kr/product/90/80/cover500/8942604358_1.jpg, 백중열;최현이;이승춘 지음, 창지사,2007
사회과학,핑계,"'다시 시작하기엔 너무 늦었어', '부모한테 받은 게 아무것도 없어', '지금은 너무 바빠, 다음에 할게' 등 사람들이 흔히 하는 핑계 31가지가 각각 한 편의 이야기를 이루고 있다.",https://image.aladin.co.kr/product/91/87/cover500/8950911477_1.jpg, 신인철 지음, 21세기북스,2007
사회과학,"아빠, 법이 뭐예요?","다른 사람과 함께 사는 사회에서 꼭 지켜야 할 규칙과 법에 대한 이야기를 실제 있었던 사건을 바탕으로 쓴 책이다. 사회 규범과 법, 나라와 법, 가족 생활과 법, 일과 법, 환경과 법, 억울한 재판을 받으면 어떻게 하는가에 대한 이야기들이 실려 있다.",https://image.aladin.co.kr/product/9/41/cover500/8936441418_2.jpg, 우리누리 지음;권사우 그림, 창비,2009
사회과학,21세기와의 대화,"21세기, 발상의 전환을 위한 20가지 테마가 눈길을 끈다. 우리 시대의 진보는 무엇이고, 우리는 어떤 현대를 살고 있는가 하는 진지한 성찰이 돋보인다. 오랜 망명생활을 거듭하면서 뮌스터대학에서 학생들을 가르치고 있는 외국의 `내국인` 발언은 우리들에게 시사하는 바가 많다.",https://image.aladin.co.kr/product/0/12/cover500/8985505874_1.jpg, 송두율 지음, 한겨레신문사,2003
사회과학,(지금도)일본은 있다,,https://image.aladin.co.kr/product/52/29/cover500/8991264247_1.gif, 서현섭 지음, 고려원북스,2004
사회과학,(지금도)일본은 있다,,https://image.aladin.co.kr/product/52/29/cover500/8991264247_1.gif, 서현섭 지음, 고려원북스,2004
사회과학,타조알 선생의 교실 풍경,전국국어교사모임에서 발행하는 회지 '함께 여는 국어교육'에 연재 중인 만화를 모아 묶은 이 책은 우리가 그냥 쉽게 지나친 일상을 '만화'라는 그릇에 담아 전하고 있다. 그의 만화는 학교 울타리 안에서 바라본 소소한 일상을 부담 없이 그려내고 있어 더욱 공감이 간다.,https://image.aladin.co.kr/product/93/61/cover500/8987402851_1.jpg, 이성수 지음, 나라말,2009
사회과학,구글은 SKY를 모른다,구글 한국인 엔지니어 1호 이준영의 책. 그는 구글에서 입사 인터뷰를 가장 많이 진행한 사람 중 한 명이기도 하다. 당연히 전세계 젊은 인재들의 꿈과 열정에 대해 누구보다 잘 알고 있다. 그런 그가 우리나라의 젊은이들에게 꼭 해주고 싶은 이야기가 생겼다고 한다.,https://image.aladin.co.kr/product/4119/89/cover500/899680889x_1.jpg, 이준영, 알투스,2014
사회과학,구글은 SKY를 모른다,구글 한국인 엔지니어 1호 이준영의 책. 그는 구글에서 입사 인터뷰를 가장 많이 진행한 사람 중 한 명이기도 하다. 당연히 전세계 젊은 인재들의 꿈과 열정에 대해 누구보다 잘 알고 있다. 그런 그가 우리나라의 젊은이들에게 꼭 해주고 싶은 이야기가 생겼다고 한다.,https://image.aladin.co.kr/product/4119/89/cover500/899680889x_1.jpg, 이준영, 알투스,2014
사회과학,구글은 SKY를 모른다,구글 한국인 엔지니어 1호 이준영의 책. 그는 구글에서 입사 인터뷰를 가장 많이 진행한 사람 중 한 명이기도 하다. 당연히 전세계 젊은 인재들의 꿈과 열정에 대해 누구보다 잘 알고 있다. 그런 그가 우리나라의 젊은이들에게 꼭 해주고 싶은 이야기가 생겼다고 한다.,https://image.aladin.co.kr/product/4119/89/cover500/899680889x_1.jpg, 이준영, 알투스,2014
사회과학,사회 선생님이 들려주는 경제 이야기,"전국사회교사모임에서 활동하고 있는 사회 선생님들이 쓴 것으로 교과서에 나오지 않는 그러나 청소년들이 꼭 알아야 할 시장에 대한 이야기를 담았다. 청소년들에게 교과서 속의 지식이 필요하지만, 세상을 살아가는데 더 필요하고 또 알고 있어야 할 것들을 알려줘야 한다는 것이 이 책을 쓴 선생님들의 생각이다.",https://image.aladin.co.kr/product/276/90/cover500/8959060976_1.jpg, 전국사회교사모임 지음, 인물과사상사,2009
사회과학,무엇을 선택할 것인가,"<그들이 말하지 않는 23가지> <나쁜 사마리아인들> 등으로 100만 독자를 열광시킨 바 있는 장하준 케임브리지대 교수가 <쾌도난마 한국경제> 이래 만 7년 만에 한국 경제에 대해 거침없는 직설을 펼친다. 정승일 복지국가소사이어티 정책위원, 이종태 시사인 경제국제팀장과 함께하는 이번 대담에서 장 교수는 보수와 진보, 여와 야가 갑론을박하는 문제들의 시비와 가부를 논함에 있어 조금도 멈칫거리지 않는다.",https://image.aladin.co.kr/product/1582/74/cover500/8960512125_1.jpg, 장하준;정승일;이종태 지음, 부키,2012
사회과학,문제는 경제다,"1%가 지배하는 나라에서 99%만 모르는 한국 경제의 진실을 파헤치는 서민 경제전문가 선대인. 이번 책에서는 몰락의 위기 앞에 선 한국 경제를 총진단한다. 구체적인 데이터와 명쾌한 논리로 일반인들도 이해하기 쉽게 써내려가며 금융시장, 고용과 실업, 가계부채, 세계 경제위기 등 광범위한 주제에 대해 깊이 있는 분석을 시도한다.",https://image.aladin.co.kr/product/1518/8/cover500/8901142597_3.jpg, 선대인 지음, 웅진지식하우스,2012
사회과학,백범일지,"는 1947년 최초로 출간된 이후 지금까지 수많은 사람들에게 읽혀져 왔고 현재도 꾸준히 읽히고 있는 전국민의 필독서. 27년간 대한민국 임시정부를 이끌어온 민족독립운동가이자, 자신의 전 생애를 조국과 민족을 위해 바친 겨레의 큰 스승인 백범의 삶을 가장 잘 드러내 주고 있는 책이라 할 수 있다. MBC 느낌표 '책을 읽읍시다'가 선정한 8월의 책.",https://image.aladin.co.kr/product/36/91/cover500/s012636494_1.jpg, 김구 지음;도진순 주해, 돌베개,2012
사회과학,어떻게 원하는 것을 얻는가,"MBA 와튼스쿨에서 13년 연속 최고 인기 강의로 선정된 스튜어트 다이아몬드 교수의 강의를 담아낸 책. 원하는 것을 ‘어떻게’ 얻을 수 있는가에 대한 철저한 방법론들이 기존의 설득이나 말하기, 협상 관련 전문서 등과는 차원을 달리해 소개되고 있다.",https://image.aladin.co.kr/product/1402/65/cover500/8933870180_1.jpg, 스튜어트 다이아몬드 지음;김태훈 옮김, 8.0,2012
사회과학,첫 출근하는 아들에게,"곧 사회초년생이 될 그의 아들과 딸은 물론이고 이 시대의 수많은 젊은이들을 위해 비즈니스와 인생에 대한 현실적이면서도 따끔한 충고와 실질적인 조언들을 담은 책. 한국IBM 이장석 부사장은 이 책을 자신의 아들, 딸과 또래의 젊은이들에게 꼭 해주어야 할 이야기들로만 가득 채우고자 노력했다. 가정에서, 사무실에서, 때로는 소주 한잔을 하면서 자신의 아들과 딸, 직원들, 후배들에게 당부하고 야단치고 조언했던 내용들을 고스란히 담아냈다.",https://image.aladin.co.kr/product/1499/42/cover500/8994120246_1.jpg, 이장석 지음, 한빛비즈,2012
사회과학,헌법의 풍경,"법학 교양서의 대표 도서이자 법률가 지망생들에게 필독서로 꼽히는 이 전면 개정증보판으로 돌아왔다. 이번 개정증보판에서 저자의 시선은 여전히 따뜻하고, 지금 여기의 현실을 꿰뚫는 통찰력은 더욱 날카롭다. 우선 지난 7년간 사회적 변화와 개정된 법 조항을 반영하여 내용을 대폭 손질하고 새 원고를 추가했다.",https://image.aladin.co.kr/product/1433/57/cover500/8991799671_1.jpg, 김두식 지음, 교양인,2012
사회과학,디맨드,"피터 드러커, 잭 웰치와 함께 '금세기 가장 위대한 경영 구루'로 꼽히는 에이드리언 슬라이워츠키의 4년 만의 신작. ‘수요’를 만드는 비밀에 관한 이 책은 <수익지대> <가치 이동> <업사이드> 등 이미 세계 시장에서 베스트셀러를 기록한 전작들의 교훈을 집대성한 것으로, 에이드리언 경영학의 ‘화룡점정’과 같은 책이다. 이 책은 수요를 창조하는 데 있어 리더와 조직이 실천해야 할 6가지 프로세스를 제시하고, 그러한 수요를 발견하는 가장 큰 기회이자 재료는 ‘과학적 발견’에 있다는 것을 강조한다.",https://image.aladin.co.kr/product/1591/20/cover500/8963708047_2.jpg, 에이드리언 슬라이워츠키;칼 웨버 [공]지음;유정식 옮김, 다산북스,2012
사회과학,이선화 교육학. 2,"중등임용 교육학 논술을 위한 최고의 이론서다. 핵심, 중요 이론 중심의 상세하고 분명한 설명을 실었고, 교육학 구조화를 위한 최적의 접근방식을 취했다.",https://image.aladin.co.kr/product/17744/18/cover500/k562534124_1.jpg, 이선화 지음, 미래가치,2019
사회과학,박상미의 고민사전,"'스포츠경향'에 연재하고 있는 칼럼을 엮은 책으로, 청소년.학부모편에서는 네 잘못이 아니야, 너만 그런 게 아니라고 따뜻하게 위로하고, 청소년들이 누군가에게 의지하고 싶고, 위로받고 싶고, 기대고 싶을 때 박상미 선생님과 대화하듯 읽을 수 있도록 했다.",https://image.aladin.co.kr/product/19050/60/cover500/k502635292_1.jpg, 박상미 지음, 특별한서재,2019
사회과학,우리나라에는 왜 저커버그가 없을까?,‘청소년을 위한 창업 교실’이라는 부제가 붙어 있는 이 책은 우리나라 청소년에게 창업에 대한 꿈과 희망을 안겨준다. 동시에 창업이라는 현실적 무게감도 함께 느끼게 해서 현실적 감각을 키우도록 돕는다.,https://image.aladin.co.kr/product/19157/62/cover500/8997863983_1.jpg, 문성철 글;이애영 그림, 책읽는귀족,2019
사회과학,과학영재를 위한 창의적 활동 프로그램 : 초급 편. 2,,https://image.aladin.co.kr/product/380/63/cover500/8955265441_1.jpg, 손정우;이봉우 지음, 북스힐,2009
사회과학,"아뿔싸, 난 성공하고 말았다","자기 길을 스스로 만드는 사람들의 이야기를 담은 책. 딴지일보 총수 김어준, 언니네 이발관 이석원, MBC 선임기자 신경민 등 각기 다른 직업을 가지고 각자 다른 삶을 살아온 전문인들이 남들이 생각하는 성공, 획일화된 성공의 의미가 아닌, 자신이 터득한 삶을 대하는 태도, 삶의 방식, 새로운 성공의 의미를 생생하게 들려준다.",https://image.aladin.co.kr/product/579/78/cover500/8964069021_1.jpg, 김어준 외 지음, 학이시습,2009
사회과학,(과학영재들을 위한)창의적 탐구활동 프로그램. 1,,https://image.aladin.co.kr/product/871/93/cover500/8955267150_1.jpg, 강성주;김현주;이길재 지음, 북스힐,2011
사회과학,(에듀윌 공기업)NCS 자소서&면접 22대 공기업 기출분석 합격서,"NCS 능력 중심의 채용을 진행하는 공기업에 완벽히 대비할 수 있도록 최신 기출항목을 면밀히 분석하고, 그에 따른 전략을 제시하는 교재다. 직업기초능력 10개 항목을 완벽히 분석하고, 직업기초능력별로 대표 기출항목 자소서와 작성 노하우를 제시한다.",https://image.aladin.co.kr/product/27306/89/cover500/k992732129_1.jpg, 방영황 지음, 에듀윌,2021
사회과학,(에듀윌 공기업)NCS 자소서&면접 22대 공기업 기출분석 합격서,"NCS 능력 중심의 채용을 진행하는 공기업에 완벽히 대비할 수 있도록 최신 기출항목을 면밀히 분석하고, 그에 따른 전략을 제시하는 교재다. 직업기초능력 10개 항목을 완벽히 분석하고, 직업기초능력별로 대표 기출항목 자소서와 작성 노하우를 제시한다.",https://image.aladin.co.kr/product/27306/89/cover500/k992732129_1.jpg, 방영황 지음, 에듀윌,2021
사회과학,기획자의 글쓰기,서비스 기획자는 제품이나 서비스의 생성과 소멸까지의 모든 과정을 적절한 문서로 만들어야 한다. 이 책은 서비스 기획자가 문서를 작성할 때 알아둬야 할 내용과 서비스를 만드는 과정에서 실제로 마주하게 될 기획 산출물을 소개하고 작성하는 방법을 설명한다.,https://image.aladin.co.kr/product/28227/99/cover500/k002835474_1.jpg, 모준승 지음, 위키북스,2021
사회과학,면접 바이블,,https://image.aladin.co.kr/product/29327/52/cover500/k992837815_1.jpg, 면접왕 이형 지음, Alivebooks,2022
사회과학,면접 바이블,,https://image.aladin.co.kr/product/29327/52/cover500/k992837815_1.jpg, 면접왕 이형 지음, Alivebooks,2022
사회과학,미래의 피해자들은 이겼다,『아픔이 길이 되려면』의 저자 김승섭 교수의 신작. 세월호 생존학생 연구와 천안함 생존장병 연구를 진행했던 저자가 ‘공부’하는 사람으로서 미약하게나마 그 이야기가 만들어지는 데 기여하고자 쓴 글이다.,https://image.aladin.co.kr/product/28862/3/cover500/k882836901_3.jpg, 김승섭 지음, 난다,2022
사회과학,숙제의 힘,"각종 시험들, 학습 기준들, 숙제들, 그리고 넘쳐나는 미디어 속에서 부모들과 아이들은 정작 무엇이 가장 중요한지를 놓치고 있다. 아이들이 단지 시험을 잘 보는 수준을 넘어서, 인생의 진정한 성공에서 필요한 공부하는 습관을 기르는 일을 부모는 어떻게 도울 수 있을까?",https://image.aladin.co.kr/product/5476/54/cover500/s872532506_1.jpg," 로버트 프레스먼,스테파니 도널드슨-프레스먼,레베카 잭슨 지음;김준수 옮김", 다산에듀,2015
사회과학,이것이 금융자소서이다2.0,"질문 분석부터 소제목 작성법까지 ‘읽히는’ 자소서 작성 방법을 구체적으로 제시하였다. 금융기관.금융공기업 자소서의 최신 경향을 완벽하게 분석.반영하였으며, 금융기관.금융공기업에 최종 합격한 실제 합격 자소서 120선 공개.분석하였다.",https://image.aladin.co.kr/product/24688/52/cover500/8931589824_1.jpg, 김정환 지음, BM성안당,2020
사회과학,해커스공기업 쉽게 합격하는 NCS 면접,"공공기관 NCS 면접 유형별로 전략적 대비! 공공기관 인재상 기반 ""23가지 캐릭터 유형별 키워드""로 나만의 특별한 면접 포트폴리오 완성! [20대 공공기관 면접 기출 질문 및 답변 가이드]로 맞춤형 실전 대비!",https://image.aladin.co.kr/product/27539/66/cover500/8969652418_2.jpg," 윤종혁,조은희,김태형 지음", 해커스공기업,2021
사회과학,럭키 드로우,20대의 드로우앤드류가 끝이 보이지 않던 무기력을 빠져나와 30대가 되어 자신만의 일을 찾기까지 무수히 당겨온 ‘레버’들을 엮은 첫 번째 책. 우연히 발견한 인턴십 포스터를 보곤 충동적으로 미국 LA에 날아가 디자인 일을 시작한 이후부터 다시 한국에 돌아와 거액의 연봉을 거절하고 상위 1% 밀레니얼 프리워커로 거듭나기까지의 모든 이야기를 담았다.,https://image.aladin.co.kr/product/28738/4/cover500/k052836785_1.jpg, 드로우앤드류 지음, 다산북스,2022
사회과학,세븐 테크,"국내 최정상의 전문가들과 함께 세븐 테크란 무엇이며 왜 중요한지를 친절하게 안내한다. 그간 지나치게 현학적인 정보 나열에 그쳤던 테크 트렌드 책들과는 달리, 《세븐 테크》는 독자의 눈높이에서 굵직한 질문들을 던짐으로써 진짜 핵심이 되는 통찰들만을 골라 담으며, 또한 이 7가지 테크 혁명들이 어떻게 연결되어 우리의 삶을 바꿀지 생생하게 그릴 수 있게 해준다.",https://image.aladin.co.kr/product/28740/52/cover500/8901255715_3.jpg, 김미경 외 지음, 웅진지식하우스,2022
사회과학,시련은 있어도 실패는 없다,,https://image.aladin.co.kr/product/26/75/cover500/8973400533_2.jpg, 정주영 지음, 제삼기획,1999
사회과학,웰씽킹,"부를 창조한 사람들이 갖고 있는 생각의 뿌리를 이해하고 체득하기 위해 ‘풍요의 생각’을 이야기하는 책이다. 풍요의 생각은 결핍의 생각과 반대되는 개념이다. 풍요의 생각이나 결핍의 생각이나 모두 에너지이지만, 그 방향성은 정반대다.",https://image.aladin.co.kr/product/28273/37/cover500/s242836112_3.jpg, 켈리 최 지음, 다산북스,2021
사회과학,하얀 가면의 제국,"박노자의 세번째 사회비평에세이. 근대화 한답시고, 서양의 오리엔탈리즘을 그대로 내면화하는 사이 우리의 정체성마저 잃어버렸다고 비판한다. 우리 사회는 물론 바깥 세계의 소수자까지 몰아내고 소외시키는 '하얀 가면'을 이제 그만 벗어던지자고 설득한다.",https://image.aladin.co.kr/product/45/7/cover500/898431109x_1.gif, 박노자 지음, 한겨레,2007
사회과학,지금은 중국을 읽을 시간,"현직 중국어 교사들이 중국을 보는 우리의 오해와 편견, 무지를 걷고 중국을 균형 잡힌 눈으로 볼 수 있는 길을 열고자 한 결과물이다. 중국을 이해하는 데 가장 중요한 키워드만을 골라 중국의 현재를 재미있고 쉽게 설명하였기 때문에 진짜 중국의 모습을 생생하게 접할 수 있다.",https://image.aladin.co.kr/product/7929/33/cover500/8996995347_1.jpg, 중국을 읽어주는 중국어교사모임 지음, 세그루,2016
사회과학,익숙한 절망 불편한 희망,모두가 정치에 대해 이야기하지만 왜 한국 정치는 아직도 답습 상태를 벗어나지 못하는 걸까? 어쩔 수 없다 어차피 안 될 거야라는 말에 그는 반대한다. 좌우와 빈부를 떠나 이성적이고 합리적인 한국 정치 장의 풍경이 어떠해야하는지 제언하는 다니엘 튜더의 이야기를 들어본다.,https://image.aladin.co.kr/product/5686/88/cover500/8954636462_1.jpg, 다니엘 튜더 지음;송정화 옮김, 문학동네,2015
사회과학,(필립 코틀러의) 마켓 4.0,<마켓 3.0>발표 이래 7년 만에 나온 <마켓 4.0>. 필립 코틀러는 그간 광범위하게 변화한 디지털 경제의 지형과 특성을 한 번에 정리하고 마켓 4.0 시대에 걸맞은 새로운 마케팅 툴과 전략을 구체적으로 제시한다.,https://image.aladin.co.kr/product/10243/95/cover500/k562536089_1.jpg, 필립 코틀러;허마원 카타자야;이완 세티아완 저;이진원 옮김, 더퀘스트,2017
사회과학,카네기 인간관계론,,https://image.aladin.co.kr/product/97/90/cover500/8956371784_3.jpg, 데일 카네기 지음;최염순 옮김, 씨앗을뿌리는사람,2007
사회과학,미지의 세계에 첫발을 내딛다,누구도 알아주지 않지만 자신의 일에 온몸을 바친 사람. 그 일을 하면서 세상의 진실과 삶의 의미를 깨달은 사람. 열정과 끈기로 뚜벅뚜벅 내딛다 보니 어느새 세상의 중심에서 외치고 있는 사람. 그리고 여성 차별이라는 거대한 산까지 넘어 세상을 비추는 등불이 된 사람. 그렇게 살아온 이들의 삶을 따라가 본다.,https://image.aladin.co.kr/product/87/15/cover500/8989646303_1.jpg, 박현주;신명철 지음, 낮은산,2007
사회과학,"교육,행복을 만드는 마법의 도구","사람과의 유대관계나 정을 통한 갈등 극복이라는 청소년관에 근거하여 교사는 어떤 일을 해야 하는지, 그 해답을 찾고 있는 책. 인생의 한 과정이지만 지나고나면 자신을 달리지게 만드는 사춘기를 겪고 있는 청소년들을 교육하는 방법, 선생님의 상을 제시하고 있다.",https://image.aladin.co.kr/product/97/25/cover500/8989938813_1.jpg, 비토리노 안드레 올리 지음;김현주 옮김, 아이필드,2007
사회과학,인생이 맛있어지는 17가지 레시피,"십대로서의 삶을 살아낸, 그래서 그 길을 너무나도 잘 알고 있는 열일곱 명의 '은퇴한 십대'들이 청소년들에게 보내는 인생에 관한 충고와 희망 이야기. 저자들의 다양한 시각과 경험이 고스란히 녹아 있는 책으로, 후배들이 진정 행복해지길 바라는 진솔한 이야기들을 담았다.",https://image.aladin.co.kr/product/100/29/cover500/8958072067_1.jpg, 에릭 체스터 외 지음;김경숙 옮김, 뜨인돌,2007
사회과학,인생이 맛있어지는 17가지 레시피,"십대로서의 삶을 살아낸, 그래서 그 길을 너무나도 잘 알고 있는 열일곱 명의 '은퇴한 십대'들이 청소년들에게 보내는 인생에 관한 충고와 희망 이야기. 저자들의 다양한 시각과 경험이 고스란히 녹아 있는 책으로, 후배들이 진정 행복해지길 바라는 진솔한 이야기들을 담았다.",https://image.aladin.co.kr/product/100/29/cover500/8958072067_1.jpg, 에릭 체스터 외 지음;김경숙 옮김, 뜨인돌,2007
사회과학,인생이 맛있어지는 17가지 레시피,"십대로서의 삶을 살아낸, 그래서 그 길을 너무나도 잘 알고 있는 열일곱 명의 '은퇴한 십대'들이 청소년들에게 보내는 인생에 관한 충고와 희망 이야기. 저자들의 다양한 시각과 경험이 고스란히 녹아 있는 책으로, 후배들이 진정 행복해지길 바라는 진솔한 이야기들을 담았다.",https://image.aladin.co.kr/product/100/29/cover500/8958072067_1.jpg, 에릭 체스터 외 지음;김경숙 옮김, 뜨인돌,2007
사회과학,인생이 맛있어지는 17가지 레시피,"십대로서의 삶을 살아낸, 그래서 그 길을 너무나도 잘 알고 있는 열일곱 명의 '은퇴한 십대'들이 청소년들에게 보내는 인생에 관한 충고와 희망 이야기. 저자들의 다양한 시각과 경험이 고스란히 녹아 있는 책으로, 후배들이 진정 행복해지길 바라는 진솔한 이야기들을 담았다.",https://image.aladin.co.kr/product/100/29/cover500/8958072067_1.jpg, 에릭 체스터 외 지음;김경숙 옮김, 뜨인돌,2007
사회과학,수업컨설팅의 이해와 적용,,https://image.aladin.co.kr/product/1363/25/cover500/8955441657_1.jpg, 정석기;조미희 [공]지음, 원미사,2011
사회과학,옛이야기 보따리,"우리 옛이야기 112가지를 성격이나 주제에 따라 열 권으로 담아낸 어린이책 <옛이야기 보따리>가 한 권의 책으로 나왔다. 아이들에게 옛이야기를 들려주고 싶은 모든 부모님과 선생님들을 위해, 아이들에게 꼭 들려주고 싶은 옛이야기들만 모아서, 쉬운 입말로 감칠맛 나게 풀어 썼다.",https://image.aladin.co.kr/product/847/64/cover500/8984286370_1.jpg, 서정오 글, 보리,2011
사회과학,(생각 정리를 위한)노트의 기술,각종 세미나와 기업 강연에서 노트 전도사로 활약하고 있는 저자가 밝히는 노트술의 요령을 담은 책. 저자는 이 책을 통해 많은 사람들이 노트를 통한 효율화에 쉽게 다가가기를 바라고 있다. 본문에서도 노트는 우선 한번 써보는 것이 중요하다고 강조하고 있다.,https://image.aladin.co.kr/product/3213/57/cover500/1155540115_1.jpg, 이상혁 저, 스펙트럼북스(아르고나인),2013
사회과학,공부책,하버드 학생들도 몰랐던 공부의 원리. 저자는 똑똑한 학생들이 사실은 단순히 배우기에만 능숙해서 교과서의 내용을 암기하고 응용하는 데는 뛰어나지만 그 내용을 익혀 유기적으로 활용할 줄은 모른다는 사실에 충격을 받았다.,https://image.aladin.co.kr/product/3578/76/cover500/1185152067_2.jpg, 조지 스웨인 지음;윤태준 옮김, 유유,2014
사회과학,교실 속 자존감,하버드대 조세핀 교수의 교사를 위한 자존감 코칭. EBS <다큐프라임> '아이의 사생활-자아존중감' 편에 출연해 한국에 자존감의 중요성을 알린 하버드대 조세핀 교수의 교실 속 자존감 처방전이다.,https://image.aladin.co.kr/product/3985/74/cover500/899098419x_1.jpg, 조세핀 김 지음, 비전과리더십(두란노서원),2014
사회과학,꿈 RNA,"제4회 창비 청소년 도서상 수상작. 청소년들이 갖고 있는 진로에 대한 막연한 고민을 주인공 무형이의 이야기로 구성한 청소년 진로 소설이다. 자칫 피상적으로 흐르기 쉬운 자아와 진로라는 테마를 구체적 에피소드들을 활용해 쉽게, 재밌게, 편하게 풀어냈다.",https://image.aladin.co.kr/product/4361/76/cover500/8936458426_1.jpg, 안영국 지음, 창비,2014
사회과학,아마존 세상의 모든 것을 팝니다,"2013년 파이낸셜 타임스&골드만삭스 ‘올해의 비즈니스 도서상’을 수상한 책. 아마존이 창립부터 지금까지 어떻게 성장해왔는지, 지금까지 아마존을 진두지휘해온 제프 베조스의 성공 신화는 어떻게 만들어져왔는지 등 그동안 세상에 밝혀지지 않은 아마존의 실체와 전모를 낱낱이 보여준다.",https://image.aladin.co.kr/product/3826/73/cover500/8950952955_1.jpg, 브래드 스톤 지음;야나 마키에이라 옮김, 21세기북스,2014
사회과학,우리는 공부하는 가족입니다,"엄청난 빚을 떠안고 가난과 싸우면서도 두 아이를 MIT 장학생, 최연소 행정고시 합격생으로 키운 엄마의 에세이. 평범하고 성실하게 살아온 한 가족이 막대한 빚을 이기기 위해 치열하게 공부하며 희망을 향해 한 걸음씩 다가가는 가슴 뭉클한 여정을 담았다.",https://image.aladin.co.kr/product/3892/48/cover500/1130602648_1.jpg, 이채원 지음, 다산에듀(다산북스),2014
사회과학,케인스 하이에크,출간 직후 화제를 뿌리며 미국 아마존 경제 부문 베스트셀러 2위까지 오른 책. 이 책은 오늘날까지 세계 경제와 정치에서 맹위를 떨치고 있는 경제학계 숙명의 라이벌 케인스와 하이에크의 100년에 가까운 대격돌을 담았다.,https://image.aladin.co.kr/product/3807/94/cover500/8960513768_1.jpg, 니컬러스 웝숏 지음;김홍식 옮김, 부키,2014
사회과학,초연결,비즈니스 현장에서 즉시 활용할 수 있는 IoT 솔루션을 담은 ‘국내 최초의 IoT 전략서’다. 대면 접촉이 사라지고 모든 것이 디지털로 연결된 초연결시대 소비자들의 욕망에 적절히 대응하기 위해 기업이 갖춰야 할 사고방식과 태도를 아낌없이 조언한다.,https://image.aladin.co.kr/product/18997/66/cover500/s872631176_1.jpg, W. 데이비드 스티븐슨 지음;김정아 옮김, 다산북스,2019
사회과학,새로운 미래 뭐하고 살까?,청소년을 위한 최초이자 유일의 미래직업관 입문서다. 미래직업에 관한 결과론적 통계를 제시하는 책은 아니다. 오히려 그러한 정보 속에서 ‘소음’과 ‘신호’를 구분하는 통찰을 심어주는 것을 목적으로 삼았다.,https://image.aladin.co.kr/product/19222/67/cover500/k772635109_1.jpg, 김승 외 지음, 미디어숲,2019
사회과학,기적의 21일 공부법,"‘공부’와 ‘진로’로 고민인 청소년과 부모 모두를 위한 책으로, 스스로 목표를 세우고 이뤄낸 30년 차 대학병원 간호사이자 두 자녀를 꿈을 그릴 줄 아는 사람으로 키워낸 엄마인 저자의 경험과 노하우가 담겨 있다.",https://image.aladin.co.kr/product/19393/19/cover500/k512635210_1.jpg, 그래 지음, 위닝북스,2019
사회과학,(10대가 알아야 할)미래 직업의 이동,"ICT 전문가인 저자들이 기술의 발전을 바탕으로 미래가 어떻게 변하는지, 앞으로 어떤 직업이 유망한지, 비전 있는 직업의 주요 특징은 무엇인지를 체계적으로 정리해 한 권에 담았다. 각 직업군에서 인간의 영역이 어떻게 이동하는지도 설명한다.",https://image.aladin.co.kr/product/9623/54/cover500/k942535537_2.jpg, 박종서;신지나;민준홍 지음, 한스미디어,2016
사회과학,에이트,《리딩으로 리드하라》와 《생각하는 인문학》으로 대한민국에 인문학 돌풍을 일으켰던 이지성 저자가 5년 만에 새로운 주제로 돌아왔다. 바로 ‘인공지능’이다. 저자는 스티브 잡스가 죽기 직전까지 붙잡고 있었던 ‘그것’에 주목했다.,https://image.aladin.co.kr/product/21265/76/cover500/k702636286_1.jpg, 이지성 지음, 차이정원,2019
사회과학,로마법 수업,"『라틴어 수업』의 저자 한동일의 신작. 인류법의 기원이자 인간다운 삶과 공동체를 이루어나가기 위한 로마인들의 길고 치열한 고민의 기록이었던 ‘로마법’에 대한 그의 강의는, 법을 공부하는 학생들에게 고대의 법 안에 숨겨진 뜨거운 인류애와 정의로운 삶에 대한 신념을 심어주었다.",https://image.aladin.co.kr/product/20775/11/cover500/8954657877_1.jpg, 한동일 지음, 문학동네,2019
사회과학,로마법 수업,"『라틴어 수업』의 저자 한동일의 신작. 인류법의 기원이자 인간다운 삶과 공동체를 이루어나가기 위한 로마인들의 길고 치열한 고민의 기록이었던 ‘로마법’에 대한 그의 강의는, 법을 공부하는 학생들에게 고대의 법 안에 숨겨진 뜨거운 인류애와 정의로운 삶에 대한 신념을 심어주었다.",https://image.aladin.co.kr/product/20775/11/cover500/8954657877_1.jpg, 한동일 지음, 문학동네,2019
사회과학,다크호스,전작 『평균의 종말』을 통해 평균의 허상을 폭로한 바 있는 선두적인 사상가 토드 로즈와 신경과학자 오기 오가스는 그동안 하버드 교육대학원의 다크호스 프로젝트를 통해 혜성처럼 등장해 인상적인 성공을 이뤄낸 사람들인 ‘다크호스들’을 연구해왔다. 책에는 성공과 행복 추구를 바라보는 기존의 사고방식을 획기적으로 바꿀 수 있는 방향과 지침이 수록되어 있다.,https://image.aladin.co.kr/product/20166/4/cover500/8950982250_1.jpg, 토드 로즈;오기 오가스 지음;정미나 옮김, 21세기북스,2019
사회과학,트렌드 코리아 2020,"김난도 교수는 2020년의 소비트렌드의 가장 중요한 세 축으로 ‘세분화’, ‘양면성’, 그리고 ‘성장’을 꼽았다. 갈수록 어려워지는 시장 상황에서 새로운 돌파구를 찾으려면 무엇보다 고객을 잘게 나누어 그 속에 숨겨진 욕망들을 발견해야 한다.",https://image.aladin.co.kr/product/21094/63/cover500/8959896128_2.jpg, 김난도 외 지음, 미래의창,2019
사회과학,디커플링,"기존 기업이 신생 기업의 디커플링 공격에 대응하는 방법은 물론이고, 디커플링 공식을 자신의 비즈니스에 도입해 사업 모델을 혁신하는 법, 에어비앤비 같이 파괴적인 스타트업을 꾸리는 법까지, 수백 개 기업 사례를 근거로 대단히 실전적인 로드맵을 제시한다.",https://image.aladin.co.kr/product/20914/76/cover500/k152636077_1.jpg, 탈레스 S. 테이셰이라 지음;김인수 옮김, 인플루엔셜,2019
사회과학,독기행 다이어리,베스트셀러 《1일 1행의 기적》으로 화제를 모은 유근용 작가의 실행 워크북이다. ‘독기행’을 일상의 습관으로 장착시켜주는 특별한 다이어리북이다. 《독기행 다이어리》에 제시된 대로 찬찬히 따라오기만 하면 누구나 자연스럽게 ‘독기행’을 실천할 수 있다.,https://image.aladin.co.kr/product/21051/96/cover500/k312636670_1.jpg, 유근용 지음, 코쿤아우트,2019
사회과학,리더는 하루에 백번 싸운다,혼돈의 시대를 돌파하고 싶은 리더들에게 《한비자》 읽기를 제안하면서 한비자가 강조한 세 가지 통치 도구인 법(法)·술(術)·세(勢)를 바탕으로 평범한 리더도 조직을 장악하고 자기를 단련시켜나갈 수 있는 법을 알려준다.,https://image.aladin.co.kr/product/20404/64/cover500/k152635258_1.jpg, 조우성 지음, 인플루엔셜,2019
사회과학,과유불급 대한민국,과유불급. 2019년 11월 16일부터 2016년 1월 1일까지 1414일 간의 대한민국 자화상이다. 우리 현대사에서 가장 풍파가 심했던 격동기의 모습을 생생하게 그렸다.,https://image.aladin.co.kr/product/22039/92/cover500/k712636918_1.jpg, 전영기 지음, 지식공작소,2019
사회과학,불평등의 세대,"‘세대’라는 앵글을 통해 한국 사회의 불평등 구조를 이해하려는 프로젝트에 대한 책이다. 저자 이철승은 ‘계급’의 틀로 불평등 문제를 분석해온 그간의 연구들과 달리, 이를 ‘세대’의 문제로 치환하여 한국 사회의 불평등 구조를 파악한다.",https://image.aladin.co.kr/product/20264/35/cover500/8932035555_1.jpg, 이철승 지음, 문학과지성사,2019
사회과학,칼 비테 교육법,이 책은 국내 최초로 독일어 원전을 완역했다. 200년 전의 육아서라고 보여지지 않을 정도로 칼 비테의 이야기는 촘촘하고 생생하다. 아이를 키우는 아버지의 마음을 고스란히 전달하기 위해 꼼꼼한 번역으로 작품의 완성도를 높였다.,https://image.aladin.co.kr/product/11453/73/cover500/k862531008_1.jpg, 칼 비테 원저;김일형 옮김, 차이정원,2017
사회과학,자녀를 변화와 성장으로 이끄는 것은 무엇인가?,우리가 살고 있는 이 땅에서 인간성장에 무엇이 가장 중요한가? 이 책은 이러한 물음에 친절한 해답을 제시해 주고 있다. 어린 자녀들이 비정상적으로 자라지 않고 올바르게 성장하여 훌륭한 성인이 되는 것만큼 그들의 인생에서 중요한 일은 없을 것이다. 이 책에서 인간의 성장에 아주 중요한 단서를 제시해 주고 있다.,https://image.aladin.co.kr/product/21434/95/cover500/k132636090_1.jpg, 이호재 지음, 북랩,2019
사회과학,(숫자를 돈으로 바꾸는)데이터 읽기의 기술,"데이터의 목적은 소비자를 진심으로 이해하고 그들의 필요를 채워줄 단서를 찾는 데 있다. 이 책은 그 단서를 찾아가는 이야기, 즉 소비자의 마음을 찾아가는 과정을 공유한다. 소비자의 마음을 찾으려면 어떤 데이터를 보면 되는지, 그리고 데이터의 분석 결과를 어떻게 활용해야 하는지에 대한 이야기를 담았다.",https://image.aladin.co.kr/product/21198/44/cover500/893521292x_1.jpg, 차현나 지음, 청림출판,2019
사회과학,(청소년을 위한)고전혁명,"리딩멘토 이지성과 인문학자 황광우는 변화를 이끄는 힘은 오직 ‘고전’에 있다고 입을 모으며, 동서양 인문고전에 담긴 치열한 고민과 새로운 해법을 통해 내 머리로 생각하고, 내 두 발로 당당히 우뚝 서는 삶의 길을 제시한다.",https://image.aladin.co.kr/product/21411/1/cover500/k582636797_1.jpg, 이지성;황광우 지음, 생각학교,2019
사회과학,일본 취업 자기소개서 쓰기,일본 기업에 통하는 전략적 합격 노하우를 담았다. 사회인 기초력 진단 테스트를 수록했고 기업 및 직종을 집중으로 탐색했다. 엔트리시트 작성을 위한 핵심 패턴과 글쓰는 방법을 제시하고 취업 정보 사이트를 수록했다.,https://image.aladin.co.kr/product/21531/40/cover500/8992281889_1.jpg, 가쓰라가와 토모코 지음, ECKBOOKS,2019
사회과학,(인지심리학자 김경일 교수가 제안하는)십 대를 위한 공부 사전,"하우 투(how to)만을 제시하고 강조하는 것이 아닌, 인지심리학이라는 과학적 접근을 통해 인간의 특성을 먼저 파악하고 그 행동을 왜 해야 하는지, 왜 그 방법이 효과가 있는 것인지 등의 구체적인 이유나 근거에 대해 설명해 청소년들이 자신만의 공부법을 찾는 데 실질적인 도움을 준다.",https://image.aladin.co.kr/product/17670/83/cover500/8961771868_1.jpg, 김경일 글, 다림,2019
사회과학,파일럿의 진로탐색비행,"조종사, 항공정비사, 항공교통관제사, 운항관리사가 되는 길을 꼼꼼히 소개한다. 기존의 내용에 현실적인 입시문제와 민항사 입사문제까지 아우르고 있다. 최 기장은 공군사관학교를 졸업하고 군에서 전투기 조종사로 근무했다.",https://image.aladin.co.kr/product/21410/68/cover500/8998039230_1.jpg, 최재승 지음, 누벨끌레,2019
사회과학,(사회적 감수성을 키우는)시민 교과서,"선생님 저자되기 프로젝트 선정도서. 세금이라는 주제를 통해 사람이 더불어 살아가는 이유와 의미를 깨닫도록 도와준다. 독자들은 이 책을 통해 왜 세금이 필요한지, 세금이 어디에 쓰이는지 일목요연하게 이해할 수 있다. 나아가 세금을 통해 우리가 사는 세상을 좀 더 행복하게 바꿀 수 있고, 그 과정에 참여할 수도 있다는 사실을 깨닫는다.",https://image.aladin.co.kr/product/1547/23/cover500/895221739x_1.jpg, 전국사회교사모임;김상희, 살림Friends(살림출판사),2012
사회과학,구글은 어떻게 일하는가,"에릭 슈미트는 구글이 지금까지 어떻게 일해왔는지, 왜 기술혁신이 놀라운 변화를 주도하는 시대의 핵심가치인지, 전문성과 창의력을 갖추기 위해 무엇을 해야 하는지, 구글의 혁신적인 활동 현장을 통해 역설한다.",https://image.aladin.co.kr/product/4669/54/cover500/8934969008_1.jpg, 에릭 슈미트;조너선 로젠버그;앨런 이글 [공]지음;박병화 옮김, 김영사,2014
사회과학,구글은 어떻게 일하는가,"에릭 슈미트는 구글이 지금까지 어떻게 일해왔는지, 왜 기술혁신이 놀라운 변화를 주도하는 시대의 핵심가치인지, 전문성과 창의력을 갖추기 위해 무엇을 해야 하는지, 구글의 혁신적인 활동 현장을 통해 역설한다.",https://image.aladin.co.kr/product/4669/54/cover500/8934969008_1.jpg, 에릭 슈미트;조너선 로젠버그;앨런 이글 [공]지음;박병화 옮김, 김영사,2014
사회과학,상처받지 않을 권리,"이 책의 저자는 자본주의의 내밀한 사생활을 들여다보자고 제안한다. 외면할 도리 없이 버티고 서서 신경증 권하는 이 사회를 제대로 이해하기 위해, 우리 일상과 내면 깊숙이 스며들어 있는 체제의 요소요소를 파헤쳐보자는 것이다. 너무나 길들어 있어서 의심하기조차 어려운 ‘자본주의적 삶’을 낯설게 보지 않고서는, 이 의식하기조차 두려운 상처를 치유하기란 난망한 일이 아니겠냐는 것이다.",https://image.aladin.co.kr/product/417/66/cover500/8901097672_2.jpg, 강신주 지음, 웅진씽크빅,2014
사회과학,왜 A학생은 C학생 밑에서 일하게 되는가 그리고 왜 B학생은 공무원이 되는가,<부자 아빠 가난한 아빠 시리즈> 로버트 기요사키의 책. 저자는 현재의 금융 위기가 돈에 대해 아무것도 가르치지 않는 학교 교육의 위기에서 비롯했음을 지적하며 자녀를 현실 세계에 대비시켜야 한다고 강조한다.,https://image.aladin.co.kr/product/4684/85/cover500/8960173657_1.jpg, 로버트 기요사키 지음;안진환 옮김, 민음인,2014
사회과학,교실밖 국어여행,"국어의 주요 주제들인 소설, 시, 표현, 언어를 통합적인 관점에서 엮은 책. 국어의 중요한 개념이나 내용을 쉽게 이해할 수 있게 해 준다. 아울러 교과서에 한정되어 있던 사고의 범위를 넓혀 주며, 국어 과목의 매력을 느낄 수 있도록 구성했다.",https://image.aladin.co.kr/product/406/10/cover500/6000340476_1.jpg, 강혜원;박영신;서계현 지음, 사계절,2009
사회과학,선인들의 공부법,멀리 공자로부터 맹자·주자·이이·이황·최한기에 이르기까지 선인들의 깊은 사색과 체험에서 우러나온 공부에 관한 주옥 같은 명구들을 가려 뽑았다.,https://image.aladin.co.kr/product/7/70/cover500/8936470442_1.jpg, 박희병 편역, 창비,2010
사회과학,우리 옛이야기 45가지,,https://image.aladin.co.kr/product/53/87/cover500/8990790190_1.jpg, 박찬희 지음, 꿈과 희망,2010
사회과학,"야마다 사장, 샐러리맨의 천국을 만들다","전 직원 정규직 종신고용, 70세 정년, 정리해고나 잔업 없음, 연간 140일 휴가, 4년마다 해외여행... 현실에서는 도저히 만날 수 없을 것 같은 이상적인 모습을 한 회사, 전기설비 제조업체 '미라이 공업'. 책은 인간(사원) 중심 경영으로 최고의 성과를 내는 야마다 사장의 경영 철학을 담았다.",https://image.aladin.co.kr/product/101/75/cover500/895091302x_1.jpg, 야마다 아키오 지음;김현희 옮김, 21세기북스,2007
사회과학,인생의 터닝포인트를 위한 17세의 교과서,"다섯 명의 EBS 교사들이 이제 막 3년 동안의 중학교 시절을 뒤로 하고 고등학생이 되는 아이들을 위해 펴낸 책. 고등학교 시절을 어떻게 보내야 하는지, 자신의 꿈을 설정하는 게 왜 그토록 중요한지, 꿈을 이루기 위한 전초단계로서 공부할 때 어떤 계획을 세워야 하는지, 교과서를 공부할 때 반드시 짚고 넘어가야 할 점은 무엇인지 등을 아주 자세하고 친절하게 설명한다.",https://image.aladin.co.kr/product/844/69/cover500/8975278719_3.jpg, 윤혜정...[등]지음, 들녘,2011
사회과학,하버드의 세계를 움직이는 수업,"하버드 경영대학원이 자랑하는 최고 경영자과정(Advanced Management Program)은 MBA를 취득한 엘리트 가운데서도 소수 정예의 엘리트를 위한 프로그램으로서 ‘최고 경영진이 배우는 최고의 수업’으로 평가받고 있다. 경험이 풍부하고 영향력이 큰 학생들이 모이는 만큼 하버드도 그에 걸맞는 교수진을 배정하는데, 이 책은 학생평가 1위, ‘최우수교수상’을 수상한 비에토 교수가 세계 유명 경영진과 정부 관계자를 대상으로 기업과 정부의 역할에 대해 역설한 수업 내용을 담고 있다.",https://image.aladin.co.kr/product/1651/72/cover500/8963708330_1.jpg, 리처드 H.K 비에토;나카조 아키코 [공]지음;황보진서 옮김, 다산북스,2012
사회과학,다중지능,"존 듀이 이후 최고의 교육학 이론가로 손꼽히는 하워드 가드너의 다중지능이론을 소개한 책.다중지능이론의 핵심 메시지, 다중지능 교육 방법, 창의성과 리더십을 중요하시는 미래 사회에서 다중지능의 역할과 전망을 담고 있다.",https://image.aladin.co.kr/product/97/77/cover500/8901070278_1.jpg, 하워드 가드너 지음;문용린;유경재 [공]옮김, 웅진지식하우스,2007
사회과학,(아는 만큼 힘이 되는)청소년의 법과 생활,"아는 만큼 힘이 되는 청소년의 법과 생활은 여러분이 일상 생활에서 경험하는 다양한 법률 문제에 관한 내용을 최대한 알기 쉽게 설명하여, 여러분의 법적 문제 해결력을 향상시키기 위한 교재이다. 특히, 이 책은 일상 생활 속에서 부딪히는 다양한 소재를 관련 법률과 함께 다루어, 여러분의 하루하루가 얼마나 법과 긴밀하게 관련되어 있는지를 생생하게 보여줄 것이다.",https://image.aladin.co.kr/product/192/0/cover500/8995492988_3.jpg, 박성혁;김현철;곽한영 [공]집필, 법무부·한국법교육센터,2010
사회과학,교육행정학원론,,https://image.aladin.co.kr/product/89/4/cover500/8958914343_1.jpg, 윤정일 외 지음, 학지사,2007
사회과학,교육행정 및 학교경영의 이해,,https://image.aladin.co.kr/product/98/12/cover500/8925400987_1.jpg, 진동섭;이윤식;김재웅 지음, 교육과학사,2007
사회과학,(공부의 달인)호모쿵푸스,"인문학의 여러 분야를 각각 4권의 책에서 말하는 '인문학 인생역전 프로젝트!' 시리즈가 출간되었다. 인문학 분야의 재기발랄한 젊은 학자들이 모여 각각 예술과 학문, 글쓰기와 자기표현으로서의 '언어', 즐거움과 욕망, 삶의 여유를 반영하는 '놀이' 의 4가지 주제를 이야기하고 있다.",https://image.aladin.co.kr/product/91/79/cover500/8976828011_3.jpg, 고미숙 지음, 그린비,2008
사회과학,"천방지축 아이들, 도서실에서 놀다","수업에 집중하지 않는 아이들 때문에 괴로운 교사들에게 그것을 극복할 수 있는 방안을 제시하고 있는 책. 꼭지 중간 중간 실제 학기 중에 쓴 학부모 통신, 문제지, 활용 자료, 작품 등을 다수 수록해 사례집으로 활용가능하다. 행복한 수업을 만들어가는 과정의 기쁨을 전하고 있는 책이다.",https://image.aladin.co.kr/product/102/95/cover500/8987402983_1.jpg, 박경이 지음, 나라말,2008
사회과학,"천방지축 아이들, 도서실에서 놀다","수업에 집중하지 않는 아이들 때문에 괴로운 교사들에게 그것을 극복할 수 있는 방안을 제시하고 있는 책. 꼭지 중간 중간 실제 학기 중에 쓴 학부모 통신, 문제지, 활용 자료, 작품 등을 다수 수록해 사례집으로 활용가능하다. 행복한 수업을 만들어가는 과정의 기쁨을 전하고 있는 책이다.",https://image.aladin.co.kr/product/102/95/cover500/8987402983_1.jpg, 박경이 지음, 나라말,2008
사회과학,이공계로 날고 싶어요,,https://image.aladin.co.kr/product/90/11/cover500/8991844383_1.jpg, 과학동아편집부 편저, 동아사이언스,2007
사회과학,(판사.검사.변호사가 말하는)법조인,"변호사 9인, 판사 3인과 검사 2인, 그리고 공익법무관과 법조계 관련 신문 기자까지 법조인들의 개인적인 경험을 바탕으로 일반인들에게 잘 알려지지 않았던 법조인들의 세계 내부를 속속들이 공개한다. 고등학교 생활을 방불케 하는 사법연수원 생활, 부검 후 12시 전까지는 귀가하지 않는 검사들의 습성 등의 흥미로운 이야기들을 들려주고 법조인 세계에 대한 궁금증들을 풀어준다.",https://image.aladin.co.kr/product/64/50/cover500/8985989960_1.jpg, 임수빈 외 지음, 부키,2008
사회과학,(그림으로 이해하는)정치사상,"마키아벨리를 시작으로 근현대의 주요 정치사상가 43인의 84개 핵심 개념어를 정리한 정치사상 용어해설집이다. 정치사상은 각 사상가들이 자기 시대의 문제를 고민한 흔적이므로, 개념과 함께 정치사상가들이 그것을 만들게 된 역사적 배경과 개인적 고민들을 조화롭게 소개했다.",https://image.aladin.co.kr/product/60/72/cover500/8957690395_1.jpg, 김만권 지음, 개마고원,2005
사회과학,스티브 잡스 이야기,"컴퓨터 영화 음악 산업의 아이콘이 된 스티브 잡스의 예측불허 인생을 청소년 눈높이에 맞춰 생생하게 풀어낸 책이다. 미국 컴퓨터 산업의 한 축을 이루고 있는 애플사의 시작과 고난, 그리고 재도약에 이르기까지 스티브의 탁월한 선택과 호기심이 어떻게 작용하는지를 알 수 있다.",https://image.aladin.co.kr/product/598/4/cover500/8976776178_1.jpg, 짐 코리건 지음;권오열 옮김, 명진,2011
사회과학,나의 첫 젠더 수업,"서울시에서 젠더자문관으로 일하는 김고연주 박사가 남녀 청소년을 위한 다채로운 젠더 이야기를 펼친다. <나의 첫 젠더 수업>에서 저자는 공부, 직업, 사랑, 다이어트, 모성 신화를 비롯해 최근의 '여성 혐오' 이슈까지 남녀를 둘러싼 오래된 오해와 궁금증에 쉽고 명쾌하게 답한다.",https://image.aladin.co.kr/product/12224/39/cover500/8936452274_1.jpg, 김고연주 지음, 창비,2017
사회과학,"난민, 멈추기 위해 떠나는 사람들","중남미 카라반 난민 이야기를 시작으로, 전 세계 난민들의 사연을 차근차근 소개한다. 또한 저자가 직접 취재해 전하는 세계 각지 청소년 난민들의 메시지를 통해, 우리 청소년이 그들의 삶을 간접 경험하며 그들의 희망에 공감해보는 기회를 제공한다.",https://image.aladin.co.kr/product/26265/62/cover500/8958078006_1.jpg, 하영식 지음, 뜨인돌,2021
사회과학,돈의 심리학,월스트리트저널에서 10년 넘게 금융과 투자에 대한 글을 써온 칼럼니스트이자 콜라보레이티브 펀드 파트너로 활동중인 모건 하우절의 첫 책이다. 하나하나 실화와 실증에 바탕을 두되 이야기의 재미와 투자의 교훈을 빠짐없이 담아냈다.,https://image.aladin.co.kr/product/29565/95/cover500/k052837359_1.jpg, 모건 하우절 지음;이지연 옮김, 인플루엔셜,2021
사회과학,잡아라 초6 골든타임. 3: 비행기도 뒤로 가나요,중학교 입학을 앞두고 공부가 걱정되는 초등 고학년을 위한 '잡아라 초6 골든타임' 시리즈의 세 번째 책이다. 파일럿 출신 작가가 어린이·청소년의 눈높이에 맞춰 집필한 비행기 지식교양서로 처음 펴낸 책이다.,https://image.aladin.co.kr/product/29734/9/cover500/k802838596_2.jpg, 양익승 지음, 책이라는신화,2022
사회과학,승리의 기술,"변칙적이고 돌발적으로 보이지만 트럼프 대통령의 말과 행동은 매우 전략적이다. 시각적으로 잊히지 않는 어휘 선택, 상대의 면을 살려주는 가짜 명분 제공, 주의를 집중시키는 의도적인 오류 등 통념을 파괴하는 그의 전략은 실전에서 무서운 진가를 발휘한다. 어디서나 누구에게나 적용할 수 있다는 점이 트럼프식 승리의 기술이 가진 큰 힘이다.",https://image.aladin.co.kr/product/15643/19/cover500/k702533933_1.jpg, 스콧 애덤스 지음;고유라 옮김, 더퀘스트,2018
사회과학,(모든 선생님에게 제안하는)좋은 수업 만들기,"교사로서 어떻게 수업을 해야 할지에 관한 수업에서의 두려움을, 교사로 하여금 미리 대비하게 하고, 같은 실수를 반복하지 않게 하는 긍정의 효과를 넘어, 두려움을 마주하기 위해 두려움의 원인이 되는 것이 무엇인지를 여러 교육 고전과 선배 교사의 저서를 통해 찾고자 하였다.",https://image.aladin.co.kr/product/16964/91/cover500/8962451603_1.jpg, 최섭 지음, 이비락,2018
사회과학,커피 세계사,"지난겨울, 에스프레소처럼 꽉꽉 눌러 내린 커피 지식을 농축해 묶어낸 책 <커피 과학>으로 커피 덕후들로부터 탄성 어린 사랑을 받았던 탄베 유키히로 박사가 돌아왔다. 이번에는 무려 30여 년간 차곡차곡 쌓아온 동서고금 커피 이야기보따리를 들고서.",https://image.aladin.co.kr/product/16234/12/cover500/k552534881_1.jpg, 탄베 유키히로 지음;윤선해 옮김, 황소자리,2018
사회과학,최진기의 글로벌 경제특강,"글로벌 경제를 움직이고 있는 미국/중국/유럽/일본의 과거와 현재, 미래에 대해 진단한다. 그들이 어떻게 강해졌고 어려워졌는지, 어떤 경제정책을 통해 힘을 지속하고 있는지를 분석하고, 이를 통해 우리나라가 가야할 길을 고민해본다.",https://image.aladin.co.kr/product/4249/65/cover500/8954621295_1.jpg, 최진기, 휴먼큐브(문학동네),2013
사회과학,최진기의 글로벌 경제특강,"글로벌 경제를 움직이고 있는 미국/중국/유럽/일본의 과거와 현재, 미래에 대해 진단한다. 그들이 어떻게 강해졌고 어려워졌는지, 어떤 경제정책을 통해 힘을 지속하고 있는지를 분석하고, 이를 통해 우리나라가 가야할 길을 고민해본다.",https://image.aladin.co.kr/product/4249/65/cover500/8954621295_1.jpg, 최진기, 휴먼큐브(문학동네),2013
사회과학,유엔미래보고서 2045,미래학자들 가운데 일부는 미래에 기술 변화의 속도가 급속히 변함으로써 그 영향이 넓어져 인간의 생활이 되돌릴 수 없도록 변화되는 기점이 있다고 주장한다. 그 기점 이후의 변화에 대해서는 우리가 인지하고 이해할 수 없는 기술 범위에 속하기 때문에 더 이상 예측을 할 수 없다고 한다.,https://image.aladin.co.kr/product/5034/66/cover500/k212535253_1.jpg, 박영숙;제롬 글렌 [공]지음, 교보문고,2015
사회과학,스무살과 서른살 사이에,"<가족을 변화시키는 56가지 이야기>의 저자 강준린의 책. 이 책은 사회생활을 시작하는 20대에 알지 못하면 평생 후회하는 53가지, 즉 ‘처세의 기술(세상을 아는 기술)’과 ‘말 잘하는 기술’ 그리고 ‘일 잘하는 기술’을 소개한다.",https://image.aladin.co.kr/product/4730/71/cover500/8996768847_1.jpg, 강준린, 북씽크,2014
사회과학,대통령의 시간,이명박 전 대통령의 국정 회고록.,https://image.aladin.co.kr/product/5245/80/cover500/8925555107_1.jpg, 이명박 지음, RHK(알에이치코리아),2015
사회과학,GSAT 삼성 직무적성검사,2019년 GSAT 5급에 출제된 최신기출문제를 수록하여 최근 출제경향을 한눈에 파악할 수 있게 하였다. 또한 최근 기출문제를 연구하여 구성한 실전 모의고사 3회분을 통하여 시험 직전 직접 자신의 현재 실력을 점검할 수 있도록 구성한 서를 출간하였다.,https://image.aladin.co.kr/product/21226/63/cover500/k032636183_1.jpg, SD적성검사연구소 지음, 시대고시기획,2020
사회과학,GSAT 삼성 직무적성검사,2019년 GSAT 5급에 출제된 최신기출문제를 수록하여 최근 출제경향을 한눈에 파악할 수 있게 하였다. 또한 최근 기출문제를 연구하여 구성한 실전 모의고사 3회분을 통하여 시험 직전 직접 자신의 현재 실력을 점검할 수 있도록 구성한 서를 출간하였다.,https://image.aladin.co.kr/product/21226/63/cover500/k032636183_1.jpg, SD적성검사연구소 지음, 시대고시기획,2020
사회과학,"취업이 잘되는 특성화고, 마이스터고 진로 전략","20여 년 동안 진로와 직업을 연구해온 김상호 박사의 남다른 청소년 진로와 진학, 직업 선택 가이드인 이 책은 진로를 고민하고 있는 모든 청소년들에게 객관적이고 풍부한 자료를 바탕으로 명쾌한 해답을 제시해준다.",https://image.aladin.co.kr/product/9993/26/cover500/8963057399_1.jpg, 김상호 지음, 노란우산,2017
사회과학,코로나와 4차 산업혁명이 만든 뉴노멀,"환경, 사회, 경제, 종교, 정신 등 우리 삶의 전반적인 영역은 다양하다. 그리고 그만큼 다양하고 전방위적인 영역에서 이번 코로나 사태는 전 세계 변화의 속도를 가일층 더할 것이다. 경제 위기 이후 5∼10년간의 세계 경제를 특징짓는 현상으로 언급되던 뉴노멀을 키워드로 변화의 방향성을 제시한 이 책을 통해, 독자들은 코로나 이후 전 세계 변화 양상과 우리가 나아갈 방향에 관한 해답을 얻을 수 있을 것이다.",https://image.aladin.co.kr/product/24144/84/cover500/k302639447_1.jpg, 이종찬 지음, 북랩,2020
사회과학,뉴 노멀,"미래학자 윤기영과 이명호의 책으로 36개 산업과 업종의 전망을 분석했다. 미래를 3개의 시기(단기·중기·장기)로 나누는 ‘Three Horizons’ 시각틀에 따라 동인(변화의 원인)을 찾았다. 일자리나 투자처를 고민하는 이들을 위해 산업별 상승요인과 하락요인을 정리했고, 자영업이 주목해야 할 키워드를 제시했다.",https://image.aladin.co.kr/product/24138/64/cover500/k452639741_2.jpg," 윤기영,이명호 지음", 책들의정원,2020
사회과학,혼자 사는 즐거움,"〈뉴욕 타임스〉120주 연속 베스트셀러이자 30개국에서 출간되어 700만 독자의 인생을 바꾼 책으로, 독신이나 비혼(非婚)으로 살아가는 사람에겐 ‘홀로 산다는 것’의 참된 의미를, 결혼한 사람에겐 자신의 인생을 진지하게 돌아볼 수 있는 자유와 꿈과 용기를 준다. 이 책은 복잡한 관계가 불러오는 스트레스를 어떻게 다스려나갈지에 대한 지혜를 선물한다. 담백하고 깔끔한 인생, 나 자신을 위로하고 성찰하는 즐거운 인생을 살기 위해선 어떻게 해야 하는지에 대한 울림 깊은 메시지들을 담고 있다.",https://image.aladin.co.kr/product/1257/55/cover500/8994013407_3.jpg, 사라 밴 브레스낙;신승미, 토네이도미디어그룹,2011
사회과학,아이의 공부두뇌,"아이의 뇌가 움직이고 발달하는 패턴을 제대로 이해함으로써 학습동기가 넘쳐흐르도록 하고, 집중력-기억력-사고력-창의력 등의 공부 기능에 자극을 줄 수 있게 하는 획기적인 교육서다. 특히 평생 공부의 기반이 확립되는 초등학교 시기를 학년별로 나누어 각 시기마다 발달하는 공부두뇌 및 이에 따른 과목별 공부법을 쉽고도 상세하게 설명한다.",https://image.aladin.co.kr/product/1453/0/cover500/8992309465_1.jpg, 김영훈 지음, 베가북스,2012
사회과학,국어 시간에 논술 가르치기,,https://image.aladin.co.kr/product/99/85/cover500/8987402940_1.jpg, 최인영 지음, 나라말,2009
사회과학,민중에서 시민으로,"이 책에는 한국 정치와 민주주의에 대해 정치권이나 언론에서 자주 운위되는 지배적인 견해와는 매우 상반된 주장들이 고스란히 담겨 있다. 저자는 민주주의를 발전시키기 위해서는 민주주의의 제도화된 정치 과정을 이해하고, 이를 바탕으로 정치적 힘을 조직하는 일이 무엇보다 중요하는 점을 강조한다. 개혁파 내지 진보파가 싸워야 할 것은 ‘어떤 미래를 만들 것인가’에 있지 모든 책임과 잘못을 외부화하면서 자신들이 남긴 ‘과거의 실패’로부터 무엇을 배울 것인가를 망각하는 데 있지 않다는 것이다.",https://image.aladin.co.kr/product/428/21/cover500/8971993448_1.jpg, 최장집 지음, 돌베개,2010
사회과학,배꼽 빠지에 웃기고 재미난 똥 이야기,누구나 똥을 누듯이 사람은 모두가 평등하다는 조상들의 귀한 생각이 담긴 동화 모음책. 우리에게 익숙하고 친근한 옛이야기를 소재별로 모은 옴니버스 형식의 전래 그림책 시리즈 '잘잘잘 옛이야기 마당' 세번째 책이다.,https://image.aladin.co.kr/product/457/91/cover500/8983945648_1.jpg, 박혜숙 지음;한상언 그림, 미래아이,2010
사회과학,"블루진, 세계 경제를 입다","베테랑 저널리스트인 저자가 현장 중심의 취재를 바탕으로 패션 산업 현장에서 옷을 만들어 내는 '사람들'의 이야기를 들려준다. 아제르바이잔에서 목화를 채취하는 노동자부터 캄보디아의 열악한 섬유 공장에서 일하는 소녀, 이탈리아의 원단 제조업자, 뉴욕의 일류 디자이너에 이르기까지, 저자의 안테나는 전 세계를 아우른다.",https://image.aladin.co.kr/product/445/92/cover500/8960510564_1.jpg, 레이철 루이즈 스나이더 지음;최지향 옮김, 부키,2009
사회과학,(촛불세대를 위한)반자본주의 교실,"우리가 살아가는 사회는 어떤 사회인가? 우리 사회에서 벌어지는 ‘갈등’과 ‘시끄러움’은 왜 일어나는가? 왜 대다수 사람들은 가난과 전쟁, 고통으로 내몰리는가? 그렇다면 어떤 방식으로 어떤 세상을 만들어 가면 좋을까? 또 전 세계적으로 일어나는 새로운 세상 만들기는 어떤 모습인가?",https://image.aladin.co.kr/product/418/43/cover500/8996125032_1.jpg, 에세키엘 아다모프스키 지음;일러스트레이터연합 그림;정이나 옮김, 삼천리,2009
사회과학,끄는 부모 미는 부모,,https://image.aladin.co.kr/product/260/81/cover500/8996146609_1.jpg, 허영림 지음, 글로벌콘텐츠,2008
사회과학,타인의 해석,"《티핑포인트》 《블링크》 《아웃라이어》 《다윗과 골리앗》 등 발표한 책을 모두 <뉴욕타임스> 베스트셀러에 올린 최고의 경영저술가 말콤 글래드웰이 신작을 들고 귀환했다. 출간 즉시 〈뉴욕타임스〉, 아마존 논픽션 분야, 〈선데이타임스〉 베스트셀러에 오르는 동시에 〈블룸버그〉 〈파이낸셜타임스〉 〈시카고트리뷴〉 ‘올해의 책’으로 선정된 또 한 권의 역작이다.",https://image.aladin.co.kr/product/23466/15/cover500/8934985747_2.jpg, 말콤 글래드웰 지음;유강은 옮김, 김영사,2020
사회과학,보고서 작성 실무 강의,"보고서 작성에 필요한 감각을 단숨에 키우기는 어렵지만 보고서를 쓰는 기술은 보고서 작성 패턴만 알면 실력을 쉽게 쌓을 수 있다. 보고서 작성에 필요한 제목, 문장, 내용 구성, 그리고 활용 가능한 서술 방식에 대한 패턴을 순서대로 학습하면서 다양한 사례를 통해 저자의 실전 보고서 작성 노하우를 익혀본다.",https://image.aladin.co.kr/product/21352/47/cover500/k392636684_1.jpg, 홍장표 지음, 한빛미디어,2019
사회과학,"개발 7년차, 매니저 1일차","경력이 쌓이면 누구나 겪게 될 '개발 관리'의 모든 것을 담았다. 경력이 쌓일수록 '관리하게 되는' 비중이 늘어난다. 이 책은 매니저로 성장하면서 겪는 여러 문제를 구체적인 사례를 통해 보여 주고, 이를 극복할 수 있는 실질적인 조언을 담았다.",https://image.aladin.co.kr/product/23096/5/cover500/k692637692_1.jpg," 카미유 푸르니에 지음;권원상,한민주 [공]옮김", 한빛미디어,2020
사회과학,나는 대한민국의 교사다,"2004년에 출간한 <나는 대한민국의 교사다> 개정판. ‘대한민국 안정 직업 1위’라는 타이틀에 갇혀 급격한 시대 변화 앞에 많은 혼란과 위기의식을 체감했던 교사들에게 미래 준비와 자기경영의 중요성을 각인시킨 책이다. 절망, 타성적 무기력, 불신, 책임 회피, 맹목적 신봉 등을 한국 교육자들의 에너지를 고갈시키는 다섯 가지 '병'으로 지적하고 이를 극복하기 위한 전력과 구체적인 실천법을 제시한다.",https://image.aladin.co.kr/product/842/53/cover500/8973374680_1.jpg, 조벽 지음, 해냄,2010
사회과학,룬샷,"물리학자, 바이오테크 기업 창업자이자 최고경영자인 사피 바칼은 이 책에서 ‘미친’ 아이디어라고 손가락질 받던 ‘룬샷’이 어떻게 전쟁, 질병, 비즈니스의 위기를 승리로 이끌었는지 과학자와 경영자의 눈으로 탐구한다.",https://image.aladin.co.kr/product/23824/72/cover500/8965963796_1.jpg, 사피 바칼 지음 ;이지연 옮김, 흐름출판,2020
사회과학,온라인 수업·강의 A2Z,"비대면 수업 상황에서 어려움을 호소하는 교수자와 학생들, 언택트 시대에 더 좋은 수업을 만들고자 하는 이들을 위해 20여 년간 교수방법 교육을 한 전문가들이 쓴 비대면 수업 지침서, 참고서다.",https://image.aladin.co.kr/product/24308/63/cover500/k552630594_2.jpg, 민혜리 [외]지음, 학이시습,2020
사회과학,온라인 수업 어떻게 할까,"온라인 수업에 대한 시대적 요구가 더욱 절실해지고 있는 요즘, 수업 방법 개선을 고민해 오던 현직 교사 다섯 분이 현장 경험을 바탕으로, 각자의 특장을 살려 다양한 플랫폼을 활용한 온라인 수업을 안내하고 있다.",https://image.aladin.co.kr/product/23871/70/cover500/8925414902_1.jpg, 김현수 [외]공저, 교육과학사,2020
사회과학,(성숙한 어른이 갖춰야 할)좋은 심리 습관,"생각을 바꾸고 세상까지 바꾸는 마법이 있다. 바로 심리학이다. 이 심리학이라는 마법을 잘 활용하면 최소한의 힘으로 지금보다 훨씬 더 나은 내가 될 수 있다. 지금부터 내 안의 감정을 다스리는 33가지 심리 습관으로 조급함은 내려놓고, 마음을 곱게 빗질하자.",https://image.aladin.co.kr/product/23973/22/cover500/k642639014_1.jpg, 류쉬안 지음;원녕경 옮김, 다연,2020
사회과학,(경제학자 김철환 교수가 짚어 주는)십 대를 위한 경제 사전,"경제학자인 저자는 경제학 분야의 책들은 대부분 이해가 쉽지 않다는 평가를 받고 있다는 점을 안타까워하며, 경제학이 가지고 있는 핵심 내용과 의미를 상실하거나 왜곡하지 않는 수준에서 청소년의 눈높이에 맞춰 친절하고 쉽게 알려 주는 데에 초점을 맞추었다.",https://image.aladin.co.kr/product/22460/9/cover500/8961772171_1.jpg, 김철환 지음, 다림,2019
사회과학,1인 방송 시작하는법,"배우와 기자, 소셜미디어 기획자로 활동하고 있는 김기한 작가가 유튜브, 트위치, 아프리카 등 인터넷 방송을 시작하고 싶은 청소년들에게 그 실질적인 방법과 노하우를 알려주는 책이다.",https://image.aladin.co.kr/product/19901/18/cover500/k312635531_2.jpg, 김기한 지음, 지노,2019
사회과학,생명의 윤리를 말하다,"<정의란 무엇인가>의 저자 마이클 샌델 교수의 신작. 대통령생명윤리위원회에 참여했던 경험과 하버드대에서 ‘윤리와 생명공학’이라는 주제로 강의한 내용을 정리한 것이다. 샌델은 이 책에서 유전공학 기술을 이용해 완벽해지려고 하는 인간의 충동에 대한 반론을 저자 특유의 재치 있는 비유와 탄탄한 논리, 소크라테스적 대화법, 눈을 뗄 수 없게 만드는 흡인력으로 풀어나간다.",https://image.aladin.co.kr/product/756/41/cover500/897297630x_1.jpg, 마이클 샌델 지음;강명신 옮김, 동녘,2010
사회과학,"(인간의 얼굴을 한 시장 경제,)공정 무역","미국, WTO, IMF 등 세계의 경제 주체들이 자유 무역 시장에서 시장 개방과 무역 자유화가 활발해지면 가난이 해결되고 인류가 행복해질 수 있다고 이야기했지만, 아직 우리는 인류의 행복을 맛보지 못했다. 지은이 마일즈 리트비노프와 존 메딜레이는 인간의 얼굴과 행복을 찾을 수 있는 대안으로 공정무역을 소개한다.",https://image.aladin.co.kr/product/98/21/cover500/8991195180_1.jpg, 마일즈 리트비노프;존 메딜레이, 모티브북,2007
사회과학,소통을 꿈꾸는 토론학교. 1,"청소년을 위한 토론학교 시리즈. 현직 사회교사와 윤리교사가 집필한 책으로, 한국 사회의 중요한 열 가지 쟁점에 대한 찬성과 반대 입장을 같은 무게로 나란히 실었다. 찬성과 반대의 대립된 주장 속에서 우리 삶을 둘러싼 다양한 사회 문제의 본질을 선명하게 들여다보는 눈을 갖게 된다. 더 나아가 상대방의 입장까지도 이해할 수 있는 생각의 깊이를 제공한다.",https://image.aladin.co.kr/product/852/99/cover500/8994103139_1.jpg, 김범묵 ;윤용아 [같이]지음, 우리학교,2011
사회과학,(정답을 넘어서는)토론학교 : 과학. 3,청소년을 위한 토론학교 시리즈 '과학' 편. 10년 남짓 과학의 사회적 영향과 책임과 관련된 수업 자료들을 개발해서 학교 현장에 보급해 온 ‘가치를꿈꾸는과학교사모임’ 선생님들이 집필한 책이다. 최근 우리 사회를 떠들썩하게 했던 과학 이슈들을 찬반 토론 형식으로 재구성하여 양쪽의 입장에 대해 깊이 생각해볼 수 있게 하였다.,https://image.aladin.co.kr/product/1135/33/cover500/899410318x_1.jpg, 가치를꿈꾸는과학교사모임 지음, 우리학교,2011
사회과학,보통이 뭔데?,"한 시각장애인이 자신의 경험을 바탕으로 청소년들이 흔히 가질 수 있는 장애인에 대한 편견과 차별의식을 논리적이면서 차분한 어조로 이야기하듯 살펴본다. 저자는 사람들이 아주 자연스럽게 사용하는 ‘보통’이나 ‘보통 사람들’이라는 말을 중심으로, 장애인에 대해 무관심하거나 우월의식에 사로잡힌 듯한 비장애인들의 사고와 행동을 차근차근 짚어내고 있다.",https://image.aladin.co.kr/product/190/92/cover500/8993143021_1.jpg, 쿠라모토 토모아키 지음;김은진 옮김, 한울림스페셜,2008
사회과학,(거침없는 고딩들의)일본 탐험기,"민족사관고등학교 2학년 학생 네 명이 국가청소년위원회에서 주최하는 ‘대한민국 청소년, 일본 탐험대’에 선발되어 8박 9일 동안 일본 도쿄에서 보낸 여행기이자 도쿄에서의 조사ㆍ연구를 중심으로 탐험대에 선발되기까지의 과정과 한국에 돌아와서 논문을 완성하기까지의 기록문이다.",https://image.aladin.co.kr/product/103/57/cover500/8987691896_1.jpg, 김영민;박해인;정다은;정수화 지음, 푸른길,2008
사회과학,(거침없는 고딩들의)일본 탐험기,"민족사관고등학교 2학년 학생 네 명이 국가청소년위원회에서 주최하는 ‘대한민국 청소년, 일본 탐험대’에 선발되어 8박 9일 동안 일본 도쿄에서 보낸 여행기이자 도쿄에서의 조사ㆍ연구를 중심으로 탐험대에 선발되기까지의 과정과 한국에 돌아와서 논문을 완성하기까지의 기록문이다.",https://image.aladin.co.kr/product/103/57/cover500/8987691896_1.jpg, 김영민;박해인;정다은;정수화 지음, 푸른길,2008
사회과학,토론의 전사. 1: 디베이트의 길을 열다,"현직 교사인 저자가 우리 철학과 정서와 방법에 맞는 제대로 된 토론책을 써야겠다는 생각으로 집필한 책이다. 1권은 대립과 말싸움의 기술로만 알려진 토론의 바탕이 상호 이해와 소통의 원리에 근거하고 있으며, 나아가 자신을 성찰하고 성장하는 변화의 공부임을 설득력 있게 서술하고 있다.",https://image.aladin.co.kr/product/1617/37/cover500/8964460626_1.jpg, 유동걸, 해냄에듀,2012
사회과학,토론의 전사. 1: 디베이트의 길을 열다,"현직 교사인 저자가 우리 철학과 정서와 방법에 맞는 제대로 된 토론책을 써야겠다는 생각으로 집필한 책이다. 1권은 대립과 말싸움의 기술로만 알려진 토론의 바탕이 상호 이해와 소통의 원리에 근거하고 있으며, 나아가 자신을 성찰하고 성장하는 변화의 공부임을 설득력 있게 서술하고 있다.",https://image.aladin.co.kr/product/1617/37/cover500/8964460626_1.jpg, 유동걸, 해냄에듀,2012
사회과학,토론의 전사. 2: 디베이트의 방법을 찾다,"현직 교사인 저자가 우리 철학과 정서와 방법에 맞는 제대로 된 토론책을 써야겠다는 생각으로 집필한 책이다. 2권은 원탁 토론, 협상 토론, 세다 토론 등 다양한 토론 유형을 바탕으로 토론의 구체적인 방법을 제시한 토론 교육 안내서이다.",https://image.aladin.co.kr/product/1617/38/cover500/8964460634_1.jpg, 유동걸, 해냄에듀,2012
사회과학,이제는 대학이 아니라 직업이다,‘취업’과 ‘진학’이라는 두 마리 토끼를 다 움켜잡은 학생들의 실제 사례가 여럿 수록되어 있다. 변화하는 시대의 흐름에 맞춰 각자의 적성이 발휘될 수 있도록 저자가 제자들의 진로를 상담한 결과다.,https://image.aladin.co.kr/product/12081/86/cover500/k652531249_1.jpg, 손영배 지음, 생각비행,2017
사회과학,이제는 대학이 아니라 직업이다,‘취업’과 ‘진학’이라는 두 마리 토끼를 다 움켜잡은 학생들의 실제 사례가 여럿 수록되어 있다. 변화하는 시대의 흐름에 맞춰 각자의 적성이 발휘될 수 있도록 저자가 제자들의 진로를 상담한 결과다.,https://image.aladin.co.kr/product/12081/86/cover500/k652531249_1.jpg, 손영배 지음, 생각비행,2017
사회과학,(새로 쓴)원숭이도 이해하는 자본론,마르크스 《자본론》을 쉽게 이해할 수 있게 강의 형식으로 구성하였다. 2008년 첫 출간한 <원숭이도 이해하는 자본론> 내용을 21세기 현실에 맞게 내용을 보강하면서 마르크스 《자본론》의 핵심 내용을 명확하게 알 수 있도록 전면 수정했다.,https://image.aladin.co.kr/product/8652/38/cover500/895940618x_1.jpg, 임승수 지음, 시대의창,2016
사회과학,대통령의 말하기,"총과 칼이 아닌 ‘말’로써 사람들의 마음을 움직인 노무현 대통령의 말하기 노하우를 23가지 원칙으로 정리한 저자는, 대화의 목적.대상.장소.상황에 맞는 대화법뿐만 아니라 말재주 없어도 편안하게 대화를 이어나갈 수 있는 소통하는 말하기의 진수를 제대로 배울 수 있게 도와준다.",https://image.aladin.co.kr/product/8996/98/cover500/s632531362_1.jpg, 윤태영 지음, 위즈덤하우스,2016
사회과학,대통령의 말하기,"총과 칼이 아닌 ‘말’로써 사람들의 마음을 움직인 노무현 대통령의 말하기 노하우를 23가지 원칙으로 정리한 저자는, 대화의 목적.대상.장소.상황에 맞는 대화법뿐만 아니라 말재주 없어도 편안하게 대화를 이어나갈 수 있는 소통하는 말하기의 진수를 제대로 배울 수 있게 도와준다.",https://image.aladin.co.kr/product/8996/98/cover500/s632531362_1.jpg, 윤태영 지음, 위즈덤하우스,2016
사회과학,세계미래보고서 2018,"지구촌 정치, 경제, 사회, 문화 전반에 대한 메가트렌드를 제시하고 예측한다. 기존의 시리즈가 ‘미래 세대’에 초점을 맞춰 장기전망서로서 20~30년 후의 거시적 트렌드를 짚어봤다면 이번 시리즈부터는 좀 더 현재에 집중하고 세부적으로 살펴본다.",https://image.aladin.co.kr/product/12441/68/cover500/k532531656_1.jpg," 박영숙,제롬 글렌 지음", 비즈니스북스,2017
사회과학,제4의 물결이 온다,"2030 미래 예측 시리즈의 완결판으로 제4의 물결 예측 시나리오, 예측 시나리오 업데이트, 임박한 아시아 금융위기 대응 전략 제안(블랙 스완 투자 시나리오)을 3가지를 핵심 주제로 한다.",https://image.aladin.co.kr/product/10097/95/cover500/k802536178_1.jpg," 최윤식,최현식 지음", 지식노마드,2017
사회과학,(자녀를 빛나게 하는)디톡스교육,만방국제학교 최하진 박사의 '파워인재'를 길러내는 '특별한 교육 노하우'. 아이들의 마음 속에 들어있는 독을 빼내 임파워링하여 '파워인재'로 성장할 수 있도록 이끌어주는 '디톡스 교육법'을 제시한다.,https://image.aladin.co.kr/product/10794/4/cover500/k992530352_1.jpg, 최하진 지음, 나무＆가지,2017
사회과학,거꾸로 생각해 봐! 세상이 많이 달라 보일걸,"세상을 놀라게 했던 십대들을 위해 기획되었다. 먹을거리 문제에서 좀더 나아가, 경쟁사회, 노동, 국제무역, 과학기술, 문학, 생명, 가난, 공동체, 전쟁, 평화 등 다양한 분야로 시야를 넓히고 우리 삶의 근간을 이루는 것들에 대한 성찰의 바탕을 제공하자는 의도이다.",https://image.aladin.co.kr/product/261/65/cover500/8989646510_1.jpg, 홍세와;우석훈 외 지음, 낮은산,2008
사회과학,거꾸로 생각해 봐! 세상이 많이 달라 보일걸,"세상을 놀라게 했던 십대들을 위해 기획되었다. 먹을거리 문제에서 좀더 나아가, 경쟁사회, 노동, 국제무역, 과학기술, 문학, 생명, 가난, 공동체, 전쟁, 평화 등 다양한 분야로 시야를 넓히고 우리 삶의 근간을 이루는 것들에 대한 성찰의 바탕을 제공하자는 의도이다.",https://image.aladin.co.kr/product/261/65/cover500/8989646510_1.jpg, 홍세와;우석훈 외 지음, 낮은산,2008
사회과학,즐거운 교실공부,,https://image.aladin.co.kr/product/290/22/cover500/8958561165_1.jpg, 이화규 지음, 인디북,2008
사회과학,(비비드와 필기왕 6명이 알려주는)노트필기 1등급 공부법,"유명한 노트필기 블로거들의 비법을 담은 책. 지은이들이 한 목소리로 얘기하는 것은 단순히 옮겨적기만 하는 노트필기가 아닌, 전체적인 내용의 흐름은 물론, 자신의 부족한 부분까지 파악해 낼 수 있으며, 암기에도 도움이 되는 짱짱한 노트필기를 말한다.",https://image.aladin.co.kr/product/284/15/cover500/8901089947_1.jpg, 이주연;김소영 외 지음, 웅진웰북,2008
사회과학,우리풍속 100,"지금도 우리 주변에서 흔히 볼 수 있는 풍속들과 한 번쯤 할아버지 할머니께 들어 봤음직한 풍속 이야기들을 실은 책. '일상 속 풍속 이야기'에는 일반 상식으로 알아 두면 좋을 풍속들이 실었고, '열두 달 세시 풍속 이야기'에는 각 명절의 유래와 대표적인 시절 음식, 민속놀이 등을 알기 쉽게 정리했다.",https://image.aladin.co.kr/product/290/37/cover500/8930209793_1.jpg, 신현득 지음;이상미 그림, 예림당,2008
사회과학,가르칠 수 있는 용기,"교육 지도자이자 사회운동가인 파커 J. 파머의 교육 에세이집이다. 교사의 내면적 생활을 탐구하고, 사회적인 질문을 제시한다. 개인과 집단의 생존 및 삶의 질에 중요한 문제인 가르침과 배움에 관한 다양하고 깊은 통찰을 담았다. 출간 10주년을 맞아 그동안 교육개혁 운동의 성과들을 담아 증보판으로 출간했다.",https://image.aladin.co.kr/product/207/6/cover500/8956990719_1.jpg, 파커 J 파머 지음;이종인;이은정 옮김, 한문화,2008
사회과학,NCS 직업기초능력평가 취업활용가이드,"공사.공단 및 일반기업의 NCS채용 과정 중 ‘직업기초능력’을 짧은 시간 내에 합격할 수 있도록 구성된 수험서다. 총 10개 능력의 핵심적인 이론과 NCS 공식문제.공기업 기출문제, 출제경향을 반영한 문제 등을 ‘출제 예상문제’로 구성하였다.",https://image.aladin.co.kr/product/12570/64/cover500/893145659x_1.jpg, 장민영 지음, 영진닷컴,2017
사회과학,절대 배신하지 않는 공부의 기술,"‘저는 이 공부법으로 의사가 되었습니다’라는 영상과 함께 단숨에 랜선 공부 멘토에 등극한 공부하는 현직 의사 ‘긍정에너지토리파’가 20년간의 공부 경험을 바탕으로, 공부 습관을 기르는 법과 각종 시험에 대비하는 공부법을 집약한 책. 두 번의 입시 실패에도 불구하고 피나는 노력으로 의사라는 꿈을 이뤄낸 그가 스스로 갈고닦아온 공부의 기술을 이 책에 모두 담았다.",https://image.aladin.co.kr/product/26546/19/cover500/8901248751_1.jpg, 이상욱 지음, 웅진지식하우스(웅진씽크빅),2021
사회과학,습관이 답이다,나는 왜 이렇게 살고 있을까? 금수저가 아니어서? 사회가 잘못되어서? 그럴 수도 있다. 하지만 다른 사람이나 나의 환경만을 탓하며 바뀌기를 기다리기엔 인생이 너무 짧다. 가장 빨리 바꿀 수 있는 건 바로 나 자신이다. 오랫동안 ‘부자습관’에 관한 연구를 한 결과를 베스트셀러 책으로 펴낸 저자 톰 콜리는 바로 이 점에 주목했다.,https://image.aladin.co.kr/product/29962/33/cover500/k792838248_2.jpg, 톰 콜리 지음;김정한 옮김, 이터,2022
사회과학,'한 번 더'의 힘,“인생을 바꿀 만한 목표와 열정과 의지가 있는가? 모두가 멈춰서는 곳에서 딱 한 걸음만 더 나가라!” 매일 남보다 1퍼센트 더 쌓아가는 사람들의 기적 같은 성공 스토리. 전 세계 300만 독자를 열광시킨 ‘원 모어 해빗’의 놀라운 비밀이 담겨있다.,https://image.aladin.co.kr/product/30434/88/cover500/k092830175_1.jpg, 에드 마일렛 지음;박병화 옮김, 토네이도,2022
사회과학,머니 트렌드 2023,"장기 불황에도 꿋꿋하게 성장하기 위해 전국민이 꼭 알아야 할 부의 트렌드를 핵심만 골라 담은 책이다. 극심한 경기 불황으로 주식과 부동산 시장이 무너진 지금같은 시기일수록, 다음 상승장을 위해 꼼꼼히 준비하고 치열하게 공부해야만 부에 한걸음 더 가까워질 수 있을 것이다.",https://image.aladin.co.kr/product/30458/88/cover500/k002830471_1.jpg, 정태익 외 지음, 북모먼트,2022
사회과학,믹스,"저자는 10년 넘게 광고 기획자, 브랜드 마케터로 일해오면서 수많은 히트작을 관찰하고 또 만들었다. 그 과정에서 이 세상의 히트작과 성공의 중심에 ‘믹스(Mix)’ 전략이 있음을 발견했다. 믹스 즉 ‘섞는’ 것이 성공 비결의 전부는 아닐지라도, 매우 중요한 요인임은 틀림없다고 확신하였다. 그 뒤로는 모든 히트작을 ‘믹스’ 관점으로 바라보게 되었고, 이런 관점과 해석은 매우 유용했다.",https://image.aladin.co.kr/product/29982/3/cover500/k312838348_1.jpg, 안성은 지음, 더퀘스트(길벗),2022
사회과학,지정학의 힘,이제는 강대국의 지정학적 굴레에 수동적으로 갇혀 있기보다는 한반도에 더 나은 지정학적 구도를 모색하여야 한다. 무엇보다 한반도가 가지고 있는 지정학의 힘을 우리 것으로 만들 수 있는 지정학적 상상력이 필요하다. 이 책은 우리가 가지고 있는지조차 몰랐던 새로운 가능성의 지도를 제시한다.,https://image.aladin.co.kr/product/25647/5/cover500/8957337105_1.jpg, 김동기 지음, 아카넷,2020
사회과학,트렌드 코리아 2023,"2년이 넘는 시간 동안 지속된 코로나19 사태를 거치면서 우리의 삶은 큰 변화를 맞이했다. 2022년 하반기에 이르러 사회적 거리두기가 해제되면서 한산했던 거리가 조금씩 활기를 띠기 시작했고 그곳을 오가는 사람들의 표정 역시 부쩍 밝아졌지만, 코로나19 이전의 풍경과 완전히 같을 수는 없었다. 그렇다면 우리는 무엇을 무기로 삼아 변화로 가득한 세상을 헤쳐나갈 것인가?",https://image.aladin.co.kr/product/30169/22/cover500/8959897094_3.jpg, 김난도 외 지음, 미래의창,2022
사회과학,전태일평전,"2020년은 전태일이 세상을 떠난 지 50년이 되는 해다. 1970년 11월 13일, 청계천 평화시장 앞길에서 “우리는 기계가 아니다!”라고 외치며, 만 스물두 살 젊은 육신에 불을 댕긴 전태일. 그는 일기를 썼다.",https://image.aladin.co.kr/product/25122/14/cover500/8996187453_1.jpg, 조영래 지음, 아름다운전태일,2020
사회과학,"어머니, 사교육을 줄이셔야 합니다",10만 열성 구독자를 거느린 유튜브 채널을 통해 거의 매일 우리 교육의 안타까운 현실에 대해 이야기하는 정승익 선생님은 자녀교육 에세이인 이 책을 통해 부모인 우리가 정신줄을 놓지 않도록 다잡아준다.,https://image.aladin.co.kr/product/30828/14/cover500/k182831173_1.jpg, 정승익 지음, 메이트북스(원앤원콘텐츠그룹),2023
사회과학,GPT 제너레이션,"저자 이시한 교수는 이제 막 상업화, 대중화되기 시작한 ‘GPT’라는 메가 트렌드가 어떻게 사회 구조와 시스템, 라이프스타일, 문화를 바꿀 것인가를 이 책을 통해 상세히 소개하며, 독자들에게 실질적인 정보와 개인에게 끼치게 될 영향, 전문가의 내공을 바탕으로 한 다양한 인사이트를 제공한다.",https://image.aladin.co.kr/product/31081/33/cover500/k062831622_1.jpg, 이시한 지음, 북모먼트(북로망스),2023
사회과학,(2023)해커스 GSAT 삼성직무적성검사 통합 기본서,"최신 온라인 GSAT 완벽 반영! 수리논리/추리 영역을 집중 공략한다. GSAT 최신기출유형 공략부터 실전까지! 전략적 학습으로 단기 합격이 가능하다. 실전모의고사 4회분(온라인 2회분 포함)을 제공하고, 체계적인 3단계 학습 시스템으로 구성하였다.",https://image.aladin.co.kr/product/30661/21/cover500/8969653317_1.jpg, 해커스 취업교육연구소 지음, 챔프스터디,2023
사회과학,세상 끝의 카페,소설 형식의 자기계발서인 이 책은 주인공인 존이 피로와 짜증에 가득 찬 상태로 우연히 찾게 된 카페에서 벌어지는 일을 그린다. 존은 그곳에서 만난 사람들과의 대화를 통해 삶을 송두리째 바꿀 만한 깨달음을 하나씩 얻어간다.,https://image.aladin.co.kr/product/31186/54/cover500/k172831854_1.jpg, 존 스트레레키 지음;고상숙 옮김, 클레이하우스,2023
사회과학,거인의 노트,"국내 1호 기록학자의 첫 책으로, 지난 25년 간 기록 분야에 매진하며 깨달은 기록의 중요성과 방법에 대해 전한다. 기록하면 인생이 방향이 명확해진다. 문제로 여겼던 것이 아무것도 아닌 일이 되고 고민은 쉽게 풀린다. 기록은 한계에 부딪힌 당신이 벽을 넘어서기 위해 행하는 첫걸음이다.",https://image.aladin.co.kr/product/31273/7/cover500/k542832564_1.jpg, 김익한 지음, 다산북스,2023
사회과학,(이미 늦었다고 생각하는 당신을 위한)김미경의 마흔 수업,"대한민국 자기계발 멘토이자 160만 구독자를 보유한 MKTV 크리에이터이며, 온라인 지식 커뮤니티 MKYU 대표인 김미경이 ≪김미경의 리부트≫ 이후 3년 만에 출간하는 단독 저서다. 30대 여성들에게 독한 코칭과 인생 솔루션을 제안하며 김미경에게 국민 멘토, 국민 강사, 국민 언니라는 타이틀을 안겨주었던 ≪언니의 독설≫을 펴낸 지 12년 만이다.",https://image.aladin.co.kr/product/30995/11/cover500/k672831500_2.jpg, 김미경 지음, Awakebooks(엠케이유니버스),2023
사회과학,뉴사피엔스 챗GPT,"생성형 알고리즘에 대한 다양하면서도 깊이 있는 견해가 실려 있다. 사단법인 미래학회에서 활동하는 인공지능 전문가, 신경철학자, 창업 전문가, 정보사회학자, 미디어학자, 경영학자, 교육학자, 국방안보 전문가, 미래전략 전문가가 참여했다.",https://image.aladin.co.kr/product/31399/59/cover500/k282832203_1.jpg, 이규연 [외]지음, 광문각,2023
사회과학,빈곤의 가격,"저자는 이라크부터 우크라이나, 베네수엘라, 케냐까지 수많은 국가를 넘나들고, 헤지펀드 매니저, 경제학자, 난민 등 자본주의의 양 끝에 있는 다양한 사람을 인터뷰하며 ‘가격의 나비효과’를 생생하게 전달한다.",https://image.aladin.co.kr/product/31331/62/cover500/k532832796_1.jpg, 루퍼트 러셀 지음;윤종은 옮김, 책세상,2023
사회과학,워런 버핏과의 점심식사,저자 가이 스파이어가 자신만만하고 이기적인 젊은 은행가에서 성공한 펀드매니저로 변신하는 과정을 보여주는 책. 이 책에는 투자와 사업에 관한 강력하고도 놀라운 통찰이 가득하다.,https://image.aladin.co.kr/product/6267/72/cover500/k422433733_2.jpg, 가이 스파이어 지음;이건 옮김, 이레미디어,2015
사회과학,(운명을 바꾸는)부동산 투자 수업. [1]: 기초편,"82만 명의 투자 멘토, ‘부동산읽어주는남자’ 정태익의 첫 번째 투자서가 드디어 출간되었다. 지금 투자 초보자는 혼란스럽다. 전세도, 월세도, 매매도 올라버렸다. 부동산 투자를 하고 싶지만 통장 잔고는 부족하고 대출은 두렵기만 하다. 언젠가 내 집 마련에 성공하고 부동산 투자를 시작할 수 있을까?",https://image.aladin.co.kr/product/29132/83/cover500/8901259303_2.jpg, 정태익 지음, 리더스북,2022
사회과학,공부의 배신,"출간 즉시 엄청난 조회수를 기록, 미국 사회에 뜨거운 화두를 던진 이 책 《공부의 배신》에 가장 열광적으로 동의를 표하며 그간의 심적 고통을 고백한 이들은 다름 아닌 아이비리그 재학생과 졸업생이었다. 오늘날 학벌주의의 압박은 전 세계 공통이다.",https://image.aladin.co.kr/product/5714/56/cover500/6000843420_1.jpg, 윌리엄 데레저위츠 지음;김선희 옮김, 다른,2015
사회과학,(서울 자가에 대기업 다니는)김 부장 이야기. 3: 송 과장 편,"2021년 대한민국 직장생활과 부동산에 관한 현실을 적나라하게 표현한 하이퍼리얼리즘 스토리. 부동산 카페를 비롯, 각종 커뮤니티에서 크게 화제가 되어 30일 만에 조회수 1,000만을 기록해 주요언론 톱기사를 장식한다.",https://image.aladin.co.kr/product/28294/44/cover500/k702835095_1.jpg, 송희구 지음, 서삼독,2021
사회과학,첩첩상식,2005년 여름부터 1년여간 SBS의 라디오 시사 프로그램 에서 진중권이 방송을 통해 내보낸 오프닝/클로징 멘트를 사전 형식으로 엮었다. 최신 시사 이슈들로 '아무도 모른다지만 누구나 알고 있는' 기본적인 상식을 환기한다. 한국 사회의 해악을 일깨우는 특유의 풍자를 접할 수 있다.,https://image.aladin.co.kr/product/67/35/cover500/8988537793_1.jpg, 진중권 지음, 새움,2006
사회과학,(기대를 현실로 바꾸는) 혼자 있는 시간의 힘,'잡담이 능력이다'의 저자 사이토 다카시의 책. 이 책은 대학 입시에 실패했던 18살부터 30대 초반까지 십여년 동안 혼자 있는 시간을 가지며 앞으로 나아갈 힘을 길렀던 저자의 경험을 바탕으로 앞으로 나아가기 위해서는 혼자 있는 시간이 필요하다는 내용을 담고 있다.,https://image.aladin.co.kr/product/6362/30/cover500/s032831565_1.jpg, 사이토 다카시 지음;장은주 옮김, 위즈덤하우스,2015
사회과학,부모 사용 설명서,‘나’와 ‘나를 둘러싼 세상’에 대해 본격적으로 관심을 갖기 시작하는 중학생들에게 권하는 책이다. ‘나의 가치’와 ‘세상의 가치’가 충돌하면서 좌충우돌 마음의 갈등을 겪고 있는 중학생이 스스로 생각을 정리하고 생각의 폭을 키우는데 도움을 주는 책읽기가 될 것이다.,https://image.aladin.co.kr/product/12385/39/cover500/k402531459_1.jpg, 정지우 글;빡세 그림, 위즈덤하우스,2017
사회과학,나의 직업 우리의 미래,"각계각층의 전문가가 대학 고민, 취업 고민에 밤잠 설치는 청춘들을 위해 변화하는 시대에 필요한 전략과 대안을 전하는 ‘나의 대학 사용법’ 시리즈. 최근 노동 시장이 보내는 두 가지 신호, 즉 ‘탈스펙’과 ‘양극화’를 분석하면서 이에 적절한 대처 방법을 개인적.사회적 차원에서 각각 모색한다.",https://image.aladin.co.kr/product/14437/88/cover500/8936458744_1.jpg, 이범 지음, 창비,2018
사회과학,검사내전,저자 김웅은 2000년 사법연수원을 수료한 이래 18년간 검사 일을 해왔다. 그런데 굳이 스스로를 '생활형 검사'라고 지칭한다. 검사란 이 사회에서 권력의 중심에 있는 힘 있는 자들이라고 생각하는 사람들로서는 고개를 갸웃거릴 대목이다.,https://image.aladin.co.kr/product/12900/30/cover500/s472636239_1.jpg, 김웅 지음, 부키,2018
사회과학,검사내전,저자 김웅은 2000년 사법연수원을 수료한 이래 18년간 검사 일을 해왔다. 그런데 굳이 스스로를 '생활형 검사'라고 지칭한다. 검사란 이 사회에서 권력의 중심에 있는 힘 있는 자들이라고 생각하는 사람들로서는 고개를 갸웃거릴 대목이다.,https://image.aladin.co.kr/product/12900/30/cover500/s472636239_1.jpg, 김웅 지음, 부키,2018
사회과학,노동의 미래,"디지털 혁명과 인간 노동과 부의 상관관계에 대한 최신 연구조사를 담은 이 책에서 저자는 오늘날 글로벌 노동시장이 지속적으로 드러내는 문제들을 하나하나 짚어 나간다. 십 년 이상의 조사 자료를 바탕으로 저자는 현재 우리가 처한 상황을 분석하며 오늘날 가장 뜨거운 사회, 경제적 이슈를 살핀다.",https://image.aladin.co.kr/product/13912/19/cover500/8937436817_1.jpg, 라이언 아벤트 지음;안진환 옮김, 민음사,2018
사회과학,직업의 이동,"앞으로 10~20년, 급변하는 세상에서 향후 직업의 세계는 어떻게 변화해갈 것인지 그 구체적인 모습을 예측했다. 다양한 통계자료를 통해 직업의 현재 모습을 살피고, 최근 부각되고 있는 기술이나 환경의 변화로 인해 위기에 처할 직업과 기회의 직업을 선별했다.",https://image.aladin.co.kr/product/7015/16/cover500/8959759198_1.jpg, 신상진 지음, 한스미디어,2015
사회과학,1.2초 찰나의 유혹,"'스브스뉴스'를 성공시킨 권영인, 하대석 두 기자는 3년간 수많은 시행착오를 거치며 터득한 콘텐츠 유혹의 기술을 《1.2초 찰나의 유혹》에 정리했다. 빠르게 변하는 콘텐츠 소비 패러다임에 맞춰 독자의 시선을 단숨에 사로잡을 수 있는 방법을 담고 있어, 콘텐츠 제작자에게 도움이 된다.",https://image.aladin.co.kr/product/13713/60/cover500/k762532722_1.jpg," 권영인,하대석 [공]지음", 혜화동,2018
사회과학,(한권으로 정리하는)4차산업혁명,"4차 산업혁명이 가져올 개인의 삶, 그리고 대한민국의 경제적 변화경로를 담은 책. IT기업이나 제조업 종사자들에게 국한돼 있어 보이는 4차 산업이란 단어가 어떻게 일반 개인의 직업과 경제상황으로 연결돼 변화를 가져오는가에 대해 담았다.",https://image.aladin.co.kr/product/14412/10/cover500/k852532044_2.jpg, 최진기 지음, 이지퍼블리싱,2018
사회과학,3층 서기실의 암호,"한 여론조사에서 77.5%가 북한의 지도 김정은에게 신뢰가 간다고 답했다 한다. 과연 그럴까? 김정은은 누구이며 북한은 어떤 사회인가? 온 세계의 이목이 북한과 그 지도자 김정은에게 쏠리고 있는 지금, 태영호 전 주영 북한대사관 공사가 밝히는 평양 심장부 이야기는 북한의 정확한 실상을 보여 줄 것이다.",https://image.aladin.co.kr/product/14577/28/cover500/8965236509_1.jpg, 태영호 지음, 기파랑,2018
사회과학,(기대를 현실로 바꾸는)혼자 있는 시간의 힘,'잡담이 능력이다'의 저자 사이토 다카시의 책. 이 책은 대학 입시에 실패했던 18살부터 30대 초반까지 십여년 동안 혼자 있는 시간을 가지며 앞으로 나아갈 힘을 길렀던 저자의 경험을 바탕으로 앞으로 나아가기 위해서는 혼자 있는 시간이 필요하다는 내용을 담고 있다.,https://image.aladin.co.kr/product/6362/30/cover500/s032831565_1.jpg, 사이토 다카시 지음;장은주 옮김, 위즈덤하우스,2015
사회과학,(박종훈의)대담한 경제,"날카로운 분석과 깊이 있는 통찰, 호소력 있는 글로 많은 네티즌들의 열광적인 호응을 얻은 KBS 인기 칼럼 '박종훈의 대담한 경제'가 책으로 출간되었다.",https://image.aladin.co.kr/product/6777/53/cover500/8950961695_1.jpg, 박종훈 지음, 21세기북스,2015
사회과학,경제 ⓔ,2015년 9월 방송 10주년을 맞이한 EBS <지식채널ⓔ>의 특별 기획 시리즈인 ‘경제 시리즈’를 한 권의 책으로 엮어낸 것이다.,https://image.aladin.co.kr/product/6948/87/cover500/8956054150_1.jpg, EBS 지식채널ⓔ 지음, 북하우스,2015
사회과학,짠테크 전성시대,회원 수 80만 명 짠돌이카페(Daum)의 15년 짠테크 노하우 아낌없이 무한 방출. 이 책은 스마트한 시대에 걸맞게 더 똑똑해진 짠돌이카페의 42인이 누구나 맘 편히 실천할 수 있는 자산증식의 기술을 알려준다.,https://image.aladin.co.kr/product/6896/59/cover500/k792434373_1.jpg, 짠돌이카페 엮음;이보슬 글;김경찬 그림, 길벗,2015
사회과학,우리도 행복할 수 있을까,<진보집권플랜> <새로운 100년> 등의 책을 통해 이 시대가 필요로 하는 질문과 답을 찾아다녔던 오연호 기자가 이번에는 행복지수 1위 덴마크에서 행복사회의 열쇠를 찾아 나섰다. 덴마크는 훌륭한 복지제도가 있기 때문에 행복해졌을까?,https://image.aladin.co.kr/product/4565/46/cover500/8997780131_1.jpg, 오연호 지음, 오마이북,2014
사회과학,적당히 벌고 잘 살기,직장 생활에 회의를 느끼며 해결되지 않은 질문을 안고 끙끙대던 10년 차 직장인이 매일 반복되는 현실의 고리를 끊고 다른 꿈을 꿀 자신을 얻게 된 2년간의 실험 기록. 그 안에는 한 걸음 앞서 제도권 밖의 일을 찾은 이들의 삶과 일하기 방식도 생생하게 담겨 있다.,https://image.aladin.co.kr/product/6758/22/cover500/k222434460_1.jpg, 김진선 지음, 슬로비,2015
사회과학,열린사회와 그 적들. 2,이 책 초판이 나온 １９４５년，전 지구에 창궐하던 마르크스주의의 취약성에 대하여 예리한 분석을 했다．또한 역사에 일정한 법칙이 있어서 한 개인의 의지나 노력과는 별 상관없이 정반합（正反合）의 원리에 따라 흘러간다고 본 헤겔의 변증법적 역사관을 신랄히 비판한다．이러한 필연적 역사관은 인간의 이성을 왜소하게 할 뿐만 아니라,https://image.aladin.co.kr/product/10/29/cover500/8937415143_1.jpg, 칼 포퍼 지음;이한구 옮김, 민음사,2020
사회과학,마지막 몰입,"6년 전 스페이스X의 일론 머스크가 더 똑똑해지고 싶다는 열망에 한 두뇌 전문가를 찾아 큰 화제가 됐다. 그 전문가는 바로 ‘짐 퀵’이었다. 그는 나이, 배경, 교육, IQ에 상관없이 인간이라면 누구라도 뇌, 추진력, 기억력, 집중력, 습관의 한계를 넘을 수 있다고 주장한다. 이를 실현하기 위해 마인드셋, 동기부여, 방법 이 세 가지 영역을 아우르는 성공 전략을 직접 밝혀냈다.",https://image.aladin.co.kr/product/26400/21/cover500/k152738321_2.jpg, 짐 퀵 지음;김미정 옮김, 비즈니스북스,2021
사회과학,공기업·대기업 고졸채용,"채용 시 필수적으로 시행되는 필기시험을 대비하기 위한 도서로, 인적성검사와 NCS직업기초능력평가의 핵심이론과 유형별 문제, 실전모의고사까지 한 권에 담아 모두 준비할 수 있도록 하였다.",https://image.aladin.co.kr/product/25262/77/cover500/k562633107_1.jpg, SD적성검사연구소 지음, 시대고시기획,2021
사회과학,GSAT 삼성직무적성검사 5급 고졸채용 실전모의고사,삼성 2021년 5급 고졸채용에 대비하기 위한 실전모의고사 문제집이다. 삼성 소개부터 채용시험인 GSAT 직무적성검사 실전모의고사 3회분을 수록하여 삼성 채용을 한 권으로 준비할 수 있다. 삼성 GSAT 직무적성검사 문제를 수록하여 실전에 대한 충분한 연습이 가능하다.,https://image.aladin.co.kr/product/26353/72/cover500/k302738025_1.jpg, 취업적성연구소 지음, 서원각,2021
사회과학,전자캐드기능사 필기 최근기출문제(2021),"전자캐드기능사 자격을 대비할 수 있는 수험서다. 최근 개정된 출제기준과 기출문제 유형 분석을 통하여 핵심적인 이론 내용을 앞부분에 수록하였다. 이해가 쉽도록 풍부한 삽화 및 일러스트, 회로도 등을 사용하였다.",https://image.aladin.co.kr/product/25756/47/cover500/896676777x_1.jpg, 이태현 지음, 책과상상,2021
사회과학,아픔이 길이 되려면,"사회역학자인 김승섭 교수는 자신의 연구를 통해 차별 경험이 건강에 어떤 영향을 미치는지를 이야기한다. 차별이나 폭력을 겪고도, 말조차 하지 못할 때, 혹은 애써 괜찮다고 생각할 때 실은 우리 몸이 더 아프다는 것을 연구들은 보여준다. 김승섭 교수의 표현을 빌자면 ‘몸은 정직하기 때문’이다.",https://image.aladin.co.kr/product/11765/13/cover500/s132532088_1.jpg, 김승섭 지음, 동아시아,2017
사회과학,포노 사피엔스,"인문과 공학을 아우르는 통찰과 체계적인 데이터 분석으로 지난 10년간 발생한 급격한 시장 변화를 ‘포노 사피엔스’라는 신인류를 중심으로 풀어냈다. 신인류의 등장과 특징과 그들이 ‘축’이 된 새로운 문명의 실체, 산업군별 시장 변화와 소비행동의 변화, 포노 사피엔스 시대의 성공 전략과 새 시대의 인재상에 대해 진지하게 성찰하고 있다.",https://image.aladin.co.kr/product/18453/67/cover500/8965707692_2.jpg, 최재붕 지음, 쌤앤파커스,2019
사회과학,"곱창 1인분도 배달되는 세상, 모두가 행복할까?",태어나기 전부터 죽을 때까지 차별과 혐오로부터 자유로울 수 없는 우리의 생애를 40개의 테마로 구성한 청소년용 인권책이다. 이 책은 모두가 차별하지 않고 차별받지 않는 좋은 세상을 만들기 위해 바람직한 기준을 제시한다.,https://image.aladin.co.kr/product/25093/66/cover500/k582632959_1.jpg, 오찬호 글;소복이 그림, 나무를심는사람들,2020
사회과학,(베테랑 강사의 만인을 만족시키는)만만한 취업면접 특강,"면접을 위한 특별하고 확실한 합격의 기술을 담았다. 준비에서 퇴실까지 면접 Process 스킬을 파악하고, 면접관을 사로잡는 알짜배기 면접 노하우를 전수한다. 저자는 다년간의 다양한 취업 경험과 컨설팅을 통해 그만큼 자신있게 면접에 대한 해법을 찾을 수 있도록 도와줄 것이라고 확신한다.",https://image.aladin.co.kr/product/18009/9/cover500/k632534635_1.jpg, 신혜련 지음, 시대고시기획,2019
사회과학,(2021)전면돌파 취업 영어면접,"2021년 기업 영어 면접을 대비하기 위해 영어면접의 tip＋질문＋답변을 한 권으로 준비할 수 있다. 기본이 되면서도 자주 출제되는 질문의 의도와 질문에 대한 여러 답변을 한 눈에 파악할 수 있다. 또한, 시사용어·좌우명·기관의 영문명 등 영어면접에서 필요한 기본 영문명을 수록하였다.",https://image.aladin.co.kr/product/25407/3/cover500/k452633119_1.jpg, 취업적성연구소 지음, 서원,2021
사회과학,(2021)전면돌파 취업 영어면접,"2021년 기업 영어 면접을 대비하기 위해 영어면접의 tip＋질문＋답변을 한 권으로 준비할 수 있다. 기본이 되면서도 자주 출제되는 질문의 의도와 질문에 대한 여러 답변을 한 눈에 파악할 수 있다. 또한, 시사용어·좌우명·기관의 영문명 등 영어면접에서 필요한 기본 영문명을 수록하였다.",https://image.aladin.co.kr/product/25407/3/cover500/k452633119_1.jpg, 취업적성연구소 지음, 서원,2021
사회과학,(렛유인)반도체 기출편,"이공계 주요 산업의 직무/전공 이론을 ‘면접 답변 준비’라는 목적에 맞춰 구성한 [한권으로 끝내는 전공·직무 면접] 시리즈의 대표 도서로, 전공·직무 면접을 앞둔 수험생들이 단기간에 효율적으로 학습할 수 있도록 내용을 구성하였다.",https://image.aladin.co.kr/product/28131/56/cover500/s752833156_1.jpg, 여인석 [외]지음, 렛유인,2021
사회과학,칩 워,"반도체 산업의 태동부터 미국과 중국 간의 반도체 패권 대결, 한국과 대만, 일본, 실리콘밸리의 치열한 기술 경쟁과 미래 전략까지, 반도체 산업의 70년 역사를 담아낸 기념비적 논픽션 역사서다.",https://image.aladin.co.kr/product/31576/70/cover500/8960519839_2.jpg, 크리스 밀러 지음;노정태 옮김, 부키,2023
사회과학,반도체 인사이트 센서전쟁,"한국반도체산업협회에서는 산업, 교육, 의료, 국방 등 산·학·연·관 전문가 11인을 통해 변화하는 반도체 시장, 그중에서도 가장 성장 가능성이 큰 센서 시장의 현재와 미래를 조망한다.",https://image.aladin.co.kr/product/31402/26/cover500/k242832205_1.jpg, 한국반도체산업협회 엮음, 교보문고,2023
사회과학,갓 결혼한 여자의 재테크,"이제 막 결혼한 신혼부부 혹은 예비부부들의 재무 설계를 돕는다. 둘이라서 특히 신경 써야 할 연말정산과 청약 등 제도적인 부분부터 가계부 작성, 통장쪼개기 등 실천적인 부분까지 세밀하게 짚어준다.",https://image.aladin.co.kr/product/17942/89/cover500/k882534136_1.jpg, 구채희 지음, 매일경제신문사(매경),2019
사회과학,(읽으면 돈 되는)끝장 경제 상식,"매주 2회 ‘경제야 놀자’에 연재된 글들 중 경제를 손쉽게 배우고자 하는 사람들과, 국가 공인 경제이해력검증시험인 TESAT 시험 준비생들에게 큰 도움이 된 글들을 추려 한 권의 책으로 묶은 것이다.",https://image.aladin.co.kr/product/28762/97/cover500/8947547913_1.jpg, 김형진 지음, 한국경제신문,2022
사회과학,미래 진로 교육,"푸른들녘 교육폴더 12권. 미래사회는 N극화 시대이자 탈 평준화 시대이다. 다양성이 핵심인 사회, 평균이 사라진 사회다. 기울어진 운동장이 아니라 누구나 개성을 발휘하며 살아갈 수 있는 역동적인 사회다. 이런 사회에서 우리 아이들은 어떤 사람으로 자라야 할까, 어떤 자질을 갖추어야 할까, 더 나아가 어떤 직업을 가져야 할까?",https://image.aladin.co.kr/product/30657/34/cover500/k512830836_1.jpg, 이옥원 지음, 푸른들녘(들녘),2022
사회과학,리테일혁명 2030,"코로나19 이전, 그리고 코로나를 겪으면서도 온라인과 오프라인을 오가며 살아남고 고객을 늘려가며 승승장구하는 리테일 기업을 철저히 분석해 10가지 타입으로 정리해 소개하고 있다. 그리고 이 10가지 타입을 원형으로 삼아 그것이 정답이 되는 질문을 우리에게 던진다.",https://image.aladin.co.kr/product/28979/62/cover500/k432836926_1.jpg, 더그 스티븐스 지음;김영정 옮김, 교보문고,2022
사회과학,10대를 위한 머니 레슨,"꿈을 가진 아이들에게 ‘돈’이 걸림돌이 되지 않도록, 10대들의 평생 자산이 되어 줄 ‘돈해력’ 수업. 인생을 살아가는 데 꼭 필요한 경제관념을 갖고 실생활에 바로 써먹을 수 있는 현실적이고 실용적인 지침서다.",https://image.aladin.co.kr/product/31479/77/cover500/k692832524_1.jpg, 샘 베크베신저 지음;오수원 옮김, 현대지성,2023
사회과학,거대한 충격 이후의 세계,"세계 경제의 판구조가 변형될 만큼 ‘거대한 충격’으로 다가온 인플레이션의 시대, 모든 경제적 사건의 맥락을 잇고 큰 흐름으로 바라보게 하는 탁월한 스토리텔링은, 우리가 ‘충격 이후에’ 나아가야 할 방향을 그 어떤 책보다 명징하게 보여준다.",https://image.aladin.co.kr/product/31599/24/cover500/k122833967_1.jpg, 서영민 지음, 위즈덤하우스,2023
사회과학,서울대생의 비밀과외,"16만 수험생들의 현역 공부 멘토 소린의 첫 책이다. 이 책은 그간 출간되었던 공부법 책과는 다르다. 단순히 공부법 노하우를 전수하는 게 아닌 고등학교 3학년, 입시에서 반드시 통하는 나만의 비밀 무기를 장착하는 법을 차근히 안내한다.",https://image.aladin.co.kr/product/31274/72/cover500/k502832660_1.jpg, 소린TV(안소린) 지음, 다산에듀(다산북스),2023
사회과학,일잘잘,"일 잘하고 일 잘 아는 언니들이 말하는 지치지 않고 건강하게 성장하는 일의 기술. 80만 유튜버부터 방송 섭외 1순위 천문학자까지, 프로일잘러들의 자기관리법.",https://image.aladin.co.kr/product/31504/82/cover500/8936479350_2.jpg, 김명남 외 지음, 창비,2023
사회과학,AI 이후의 세계,"정계·재계·학계의 세 거인, 헨리 키신저, 에릭 슈밋, 대니얼 허튼로커가 이 인공지능(AI)을 주제로 한자리에 모였다. 『AI 이후의 세계』는 사회, 경제, 정치, 외교, 기술 등 각자의 여러 분야에서 AI가 일으킬 혁명적 변화 속 우리가 빠지게 될 딜레마를 깊이 다룬 책이다. 4년에 걸쳐 논의한 내용을 한 권에 담았다.",https://image.aladin.co.kr/product/31531/13/cover500/k972832441_1.jpg, 헨리 A. 키신저;에릭 슈밋;대니얼 허튼로커 [공]지음;김고명 옮김, 윌북,2023
사회과학,(생각하는 대로 해내는)시간 연금술사,"성공하거나 꿈을 이루는 것은 돈이 아닌 시간의 문제이다. 곳곳에 숨어 있는 시간 강탈자를 찾아내고, 흘러가는 시간을 역행해서, 소소한 시간들을 모아 꿈을 위한 시간으로 만드는 법을 담았다.",https://image.aladin.co.kr/product/31561/55/cover500/k942832855_1.jpg, 미야자키 신지 지음;박수현 옮김, 밀리언서재,2023
사회과학,질문을 알면 면접이 보인다,"면접의 다양한 준비 공략 노하우를 수록하여 취업준비생들에게 면접 준비에 대한 정보를 제공한다. 또한, 면접 질문의 6가지 기본 패턴과 그 대표 유형 50가지를 수록하여 취업준비생들이 본인의 상황을 대입하여 면접 답변을 연습할 수 있도록 하였다.",https://image.aladin.co.kr/product/31746/57/cover500/k672833901_1.jpg, 이성호;최명의 [공]지음, 시대고시기획,2023
사회과학,부의 지식 사전,"경제적 자유를 결정짓는 다섯 가지 키워드인 돈의 속성에서부터 땅, 주식, 세금, 파이프라인까지 부의 원리와 공식을 설명하며, 경제적 자유를 꿈꾸는 사람들이 반드시 알아야 할 부에 대한 모든 것을 다루고 있다.",https://image.aladin.co.kr/product/31672/69/cover500/k562833671_2.jpg, 은퇴연구소 지음, 체인지업북스,2023
사회과학,(미래와 진로를 고민하는)20대가 준비해야 할 것들,꿈꾸기에는 불안하고 포기하기에는 억울한 20대를 위한 청춘 사용설명서. 후회 없는 인생을 살기 위해 20대에 준비해야 하는 것들을 제시하고 있다. 저자는 자신의 경험을 바탕으로 꿈과 현실 사이에서 방황하는 20대들이 바로 일상에서 실행할 수 있는 실질적인 조언들을 건네고 있다.,https://image.aladin.co.kr/product/26314/35/cover500/8972995266_1.jpg, 김주형 지음, 미래문화사,2020
사회과학,성공하는 사람들의 좋은 습관,일상의 90퍼센트는 습관을 바탕으로 하고 있다. 그래서 우리들의 삶을 효과적으로 바꾸기 위해서는 습관을 바꾸어야만 한다. 모든 사람들이 좋은 습관과 나쁜 습관을 가지고 있지만 좋은 소식은 나쁜 습관을 좋은 습관으로 고칠 수 있는 효과적인 방법들이 있다는 것이다.,https://image.aladin.co.kr/product/31328/74/cover500/k562832793_1.jpg, 로버트 G. 알렌 지음;김주영 엮음, 백만문화사,2023
사회과학,죽은 자들의 증언,"6.25 전사자 유해발굴 과정에서 밝혀진 전쟁 이야기. 민초들이 겪은 6.25가 생생하게 기록되어 있다. 1부 '너무 늦어 죄송합니다', 2부 '잊혀진 영웅', 3부 '그날의 증언과 이야기들', 4부 '전쟁은 이제 그만'으로 구성되었다.",https://image.aladin.co.kr/product/2723/51/cover500/8996761451_1.jpg, 이용석 지음, 인사이트앤뷰,2013
사회과학,(옛 생활 구석구석에 숨은) 전통과학,,https://image.aladin.co.kr/product/2542/93/cover500/8925550229_1.jpg, 정재은 글;민재회 그림, 주니어랜덤,2013
사회과학,공부는 열심히 하는데 왜 시험은 못 보는 걸까?,"10여 년간 현장에서 학습 코칭 및 심리 치유 전문가로 활동해온 아내와, 인적자원향상 및 개인심리 상담가로 활동해온 남편, 이들 심리학자 부부가 다양한 실제사례와 함께 즉각 실행할 수 있는 ‘공부 멘탈 트레이닝법’을 소개한다.",https://image.aladin.co.kr/product/2997/29/cover500/8956592101_1.jpg, 이시스;이경희 [공] 지음, 예문,2013
사회과학,국가란 무엇인가,"진보적 지식인이자 현실정치인 유시민이 본격적으로 국가의 본질을 묻고 진보정치가 지향해야 할 바를 논하는 책을 펴냈다. 2009년 벽두에 일어난 '용산참사'를 계기로 국가에 대한 본격적인 고민과 공부를 시작했다는 저자는 더 훌륭한 국가, 정의를 실행하는 국가를 바로세우기 위한 논의에 관심이 있는 모든 이들과 더욱 깊은 대화를 나누고자 이 책을 썼다고 말한다.",https://image.aladin.co.kr/product/1134/35/cover500/8971994274_3.jpg, 유시민 지음, 돌베개,2011
사회과학,괴짜 경제학,"상식과 통념을 깨고 현실 세계를 움직이는 다양한 인센티브의 세계로 독자들을 안내하는 책, 치밀한 통찰력과 과학적이며 설득력이 강한 논증을 통해 새로운 경제학을 만들어낸 괴짜경제학의 '업그레이드' 된 세계를 만나보자.",https://image.aladin.co.kr/product/91/13/cover500/8901065223_1.jpg, 스티븐 레빗;스티븐 더브너 [같이]지음;안진환 옮김, 웅진씽크빅,2007
사회과학,부의 추월차선,"30대 억만장자가 알려 주는 가장 빠른 부자의 길. 이 책은 지금까지의 ‘부자 되기’ 책들이 말하는 것과는 완전히 다른 공식을 제시하고 있다. 저자는 조금이라도 젊을 때, 인생을 즐길 수 있을 때 부자가 되어야 한다고 주장한다.",https://image.aladin.co.kr/product/3036/43/cover500/8994702342_1.jpg, 엠제이 드마코 지음;신소영 옮김, 토트,2013
사회과학,(CEO가 가장 닮고 싶은 군주)조조의 용병술,"조조가 대혼란과 분열을 끝내는 데 어떠한 공을 세웠는지 그 과정을 다룬 책으로 각 전투별로 드러난 그의 용병술과 사람을 다루는 지략이 핵심이다. 시간 순서에 따른 사건과 인물을 주제별로 구분 지었으며, 용병술로 사람을 다스리는 부분을 집중적으로 다뤘다.",https://image.aladin.co.kr/product/1949/12/cover500/8997770063_1.jpg, 장야신 지음;장윤철 편역, 스마트북,2012
사회과학,노후를 위해 집을 이용하라,내 집 마련과 자녀양육을 위해 모든 것을 쏟아 붓는 월급쟁이들에게 있어 노후 준비란 사치다. ‘그때 가면 어떻게든 되겠지’ 하며 은퇴 이후를 대비하지 않는 당신에게 '노후를 위해 집을 이용하라'의 저자 백원기는 말한다. “당신의 노후를 책임질 사람은 당신뿐이다!”,https://image.aladin.co.kr/product/7736/65/cover500/8952775805_1.jpg, 백원기 지음, 알키,2016
사회과학,최고의 교사는 어떻게 가르치는가,"저자는 미국 공교육 개혁의 일환으로 시작된 차터 스쿨 분야의 전문가로, 교사들의 수업 능력 향상과 학업 성취도에 관해 연구해 왔다. 그는 7인의 교사를 5년 동안 집중적으로 관찰, 분석함으로써 최고의 교사들의 공통적인 교수법 노하우를 도출해 냈다.",https://image.aladin.co.kr/product/2353/95/cover500/8965743672_1.jpg, 더그 레모브 지음;구정화;박새롬 [공]번역 및 감수, 해냄,2013
사회과학,어떻게 인생을 살 것인가,"하버드대 교수들의 강의 내용과 하버드 엘리트들의 성공 사례가 총망라되어 있는 책. 하버드대 출신들이 어떻게 자신감을 쌓고, 어떻게 실패를 이겨냈는지, 또 그들을 자아실현의 길로 이끈 ‘하버드 정신’은 무엇인지를 소개한다.",https://image.aladin.co.kr/product/6072/55/cover500/8992441649_1.jpg, 쑤린 지음;원녕경 옮김, 다연,2015
사회과학,서정오의 우리 옛이야기 백 가지. 1,1996년 출간된 <우리가 정말 알아야 할 우리 옛이야기 백 가지> 개정판. 옛이야기 중에 재미있고 구성이 탄탄하며 옛사람들의 생각이 잘 녹아들어 있는 것을 골라 감칠맛 나는 입말을 살려 다시 쓰거나 고쳐 쓴 이야기가 실려 있다.,https://image.aladin.co.kr/product/5687/81/cover500/8932317399_2.jpg, 서정오 글;이우정 그림, 현암사,2015
사회과학,서정오의 우리 옛이야기 백 가지. 2,1996년 출간된 <우리가 정말 알아야 할 우리 옛이야기 백 가지> 개정판. 옛이야기 중에 재미있고 구성이 탄탄하며 옛사람들의 생각이 잘 녹아들어 있는 것을 골라 감칠맛 나는 입말을 살려 다시 쓰거나 고쳐 쓴 이야기가 실려 있다.,https://image.aladin.co.kr/product/5687/85/cover500/8932317402_2.jpg, 서정오 글;이우정 그림, 현암사,2015
사회과학,청소년을 위한 창업 교과서,"네 명의 진로 선생님이 청소년들의 눈높이에 맞춰 쉽고 재미있게 창업 이야기를 풀어낸 책이다. 쉽고 재미있게 이야기를 풀어내기 위해 ‘인터뷰’라는 방식을 선택하고 창업가정신에 걸맞은, 도전정신으로 가득 찬 12명의 창업가들을 선정했다.",https://image.aladin.co.kr/product/7056/88/cover500/8994103988_2.jpg, 윤미향 외 지음, 우리학교,2015
사회과학,(권인숙 선생님의)어린이 양성 평등 이야기,단순한 성교육을 벗어나 양성을 사회적 권력 관계의 관점으로 심도 있게 풀어내었다. 어린이들이 이 책을 읽고 특정 성에 대한 고정관념이나 차별에서 벗어나 양성이 평등하고 함께 어우러지는 시선을 가질 수 있도록 꾸몄다.,https://image.aladin.co.kr/product/103/49/cover500/8972787469_1.jpg, 권인숙 지음;민재회 그림, 청년사,2008
사회과학,"명견만리. 2: 미래의 기회편-윤리, 기술, 중국, 교육 편","전편 '명견만리'에서 인구, 경제, 북한, 의료 분야를 중심으로 기존의 예측을 깨는 내용들을 보여줬다면, 이번 '명견만리_미래의 기회 편'에서는 윤리, 기술, 중국, 교육 분야를 중심으로 우리 공동체와 개인의 미래를 바꿀 기회들을 탐색한다.",https://image.aladin.co.kr/product/9028/40/cover500/k292535907_3.jpg, KBS〈명견만리〉제작팀 지음, 인플루엔셜,2016
사회과학,소비의 역사,"혁명, 전쟁, 노동만이 세상을 바꾸었는가? 너무 일상적이어서 하찮고 자질구레해 보이는 '소비'를 통해 역사를 읽으면 무엇이 보일까? 일상의 모든 것을 역사학의 주제로 재탄생시키는 설혜심 교수가 지금껏 어떤 역사가도 주목하지 않았던 '소비하는 인간'의 역사를 국내에 처음 선보인다.",https://image.aladin.co.kr/product/11380/18/cover500/k912531413_1.jpg, 설혜심 지음, 휴머니스트 출판그룹,2017
사회과학,초격차,"최근 10여 년간 탁월한 리더십으로 삼성전자를 이끈 실질적 수장 권오현 회장의 조직 경영 비결! 저자는 1985년 미국 삼성반도체연구소 연구원으로 처음 삼성에 입사해 삼성전자 회장 자리까지 오른 신화적 인물이다. 이 책은 삼성전자의 초격차 전략, 권오현 회장이 조직의 시스템을 만들고 진두지휘하면서 발휘한 리더십의 진면목을 명쾌하게 보여준다.",https://image.aladin.co.kr/product/16628/32/cover500/8965706904_1.jpg, 권오현 지음, 쌤앤파커스,2018
사회과학,이 정도만 알아도 괜찮아,"개인의 사회생활은 물론 인간관계, 성공하는 법까지 우리의 고민을 꿰뚫어보고, 이것들을 가르치거나 설명하려 하지 않고 오히려 가지고 노는 법을 알려준다. 지식이 무겁고 어렵다는 편견을 깨고, 우리가 직면하고 있는 문제 상황에 바로 대입하여 유용하게 활용할 수 있도록, 세분화되어 있다.",https://image.aladin.co.kr/product/16444/69/cover500/8972773239_1.jpg, 황즈중 외 지음;하정희 옮김, 리드리드,2018
사회과학,(하루 5분)엄마의 말습관,엄마의 어떠한 말습관이 아이의 능력 및 정서 발달에 영향을 끼치는지 실제 상담 사례를 토대로 꼼꼼하게 분석해 솔루션을 제시한다. ‘하루 5분’은 상징적인 시간의 단위다. 적어도 하루에 5분씩만 엄마로서 아이에게 할 말을 의식하면서 사용하다 보면 평소에 하는 말만으로도 아이와 잘 지내면서 아이의 행동은 물론 마음까지 변화시킬 수 있을 것이다.,https://image.aladin.co.kr/product/15880/55/cover500/s162636524_1.jpg, 임영주 지음, 예담friend,2018
사회과학,시크 하다,이기적이어서 행복한 프랑스인의 삶을 통해 우리가 찾아야 할 진짜 행복의 모습을 그려보는 ‘소확행 인문학 관찰 에세이’다. 프랑스인의 시크함은 인간에 대한 깊은 이해와 배려는 물론 나아가 역사와 사회에 대한 진지한 탐구와 고민 끝에 나온 뜨거운 시크함이라고 할 수 있다고 말한다.,https://image.aladin.co.kr/product/16012/37/cover500/k942533749_2.jpg, 조승연 지음, 와이즈베리,2018
사회과학,역사수업의 길을 묻다,"30년간 교육 현장에서 아이들에게 역사를 가르쳐온 저자 윤종배는 수업의 철학, 방법, 재구성 등에 대한 고민을 안고 어려움을 겪는 역사교사들을 위해 그간의 소소한 성공과 실패의 사례를 함께 나누며 역사를 역사답게 가르치는 길을 찾고자 이 책을 썼다.",https://image.aladin.co.kr/product/14435/34/cover500/k942532241_1.jpg, 윤종배 지음, 휴머니스트,2018
사회과학,우리 문화의 수수께끼,60여 만 독자들이 선택한 베스트셀러의 귀환. 민속학자이자 해양문명사가 주강현의 귀환. 20여 년 전에 출간되어 쇄를 거듭하며 전 국민의 '우리 문화 교과서' 역할을 했던 바로 그 책이 한 권의 결정판으로 돌아왔다.,https://image.aladin.co.kr/product/14310/73/cover500/8974839202_1.jpg, 주강현 지음, 서해문집,2018
사회과학,기획서 제안서 작성법,,https://image.aladin.co.kr/product/86/34/cover500/895897057x_2.jpg," 사이토, 마코토 지음;양영철 옮김", 삼양미디어,2008
사회과학,스물일곱 이건희처럼,"이건희의 자기계발 전략을 파헤친 책. 20대까지만 해도 형제들 사이에서 주목받지 못했던 이건희라는 인물이 세계 속에서 삼류에 불과했던 삼성을 세계초일류로 올려놓기까지 어떤 계기를 통해 자극을 받고 어떻게 자신을 단련하였는지, CEO로서가 아닌 이건희 개인의 자기계발 전략, 공부법, 업무 스타일 등을 소개한다.",https://image.aladin.co.kr/product/344/29/cover500/8993285810_1.jpg, 이지성 지음, 다산라이프,2009
사회과학,후불제 민주주의,"유시민이 정치 활동을 접고 지식소매상 유시민, 저자 유시민으로 돌아와 그간의 활동과 현재 한국 사회의 변화에 대해 고민하고 성찰하며 보낸 1년. 이 책은 그러한 오랜 성찰의 기록이다. 오랜 성찰의 끝에서 그가 도착한 곳은 바로 ‘대한민국 헌법’이다.",https://image.aladin.co.kr/product/338/81/cover500/8971993308_2.jpg, 유시민 지음, 돌베개,2009
사회과학,사춘기 괴물들의 왕국,라임 틴틴 스쿨 8권. 힘든 사춘기를 겪는 청소년들을 위한 ‘심리’ 에세이다. 이 책을 읽는 청소년들은 최소한 두 가지 이득을 얻을 수 있을 것이다. 첫째로 어른들이 생활 속에서 십 대들을 어떤 시선으로 바라보는지 깨달을 수 있다.,https://image.aladin.co.kr/product/10558/81/cover500/k592530235_2.jpg, 얀 바일러 지음;틸 하펜브라크 그림;함미라 옮김, 라임,2017
사회과학,"오늘 나는 대학을 그만둔다, 아니 거부한다","2010년 3월 10일, 고려대학교 교정에 붙은 대자보 하나가 시대의 양심을 찔렀다. ""오늘 나는 대학을 그만둔다. 아니, 거부한다!""라는 제목의 고려대학교 경영학과 3학년 김예슬의 대학 거부 선언. 그가 3장의 대자보에 다 담을 수 없었던 수많은 물음과 생각을 한 권의 책으로 펴냈다. 이 책에서 저자는 대학과 국가와 시장이라는 '거대한 적들'을 향한 과감한 문제제기로 모순의 실체를 선명하게 규정한다.",https://image.aladin.co.kr/product/682/88/cover500/8991418074_2.jpg, 김예슬 지음, 느린걸음,2010
사회과학,위키노믹스,"2006년 발간한 개정증보판. 현재의 인터넷 변화가 단지 동영상을 서로 돌려보고, 여행정보를 공유하는 현상에 그치지 않고 더 근본적으로 일하는 방식의 변화를 예증해준다. 이런 새로운 미래에 관한 수많은 사례들을 제시하며, 기업의 제품활동에서 어떻게 거대한 협업이 적용되고 있는지를 보여준다.",https://image.aladin.co.kr/product/335/36/cover500/895091607x_1.jpg, 돈 탭스코트;앤서니 D. 윌리엄스 [공]지음;윤미나 옮김, 21세기북스,2009
사회과학,열혈교사 도전기,"수많은 어려움을 극복하고 믿기 어려운 성공을 일구어낸 사회적기업가의 이야기. 이 책은 가난한 지역의 학교에 드라마틱한 성과를 초래하고, 많은 어린이들의 인생을 바꾸고, 미국 대학생의 '선호하는 직장' 10위에 오른 TFA의 궤적을 생생하게 그리고 있다.",https://image.aladin.co.kr/product/430/5/cover500/8991095585_1.jpg, 웬디 콥 지음;최유강 옮김, 에이지21,2011
사회과학,(내일이 바뀌는 새로운 습관)잠자기 전 30분,"습관 중에서도 특히 '잠자기 전 30분'의 습관에 대해 이야기한다. 다양한 학습이론과 수면과학을 통해 '잠자기 전 30분'이 어떤 시간이며, 또 어떻게 활용하는지 알려준다. 저자 자신의 경험을 통해 그 효과를 입증한 '잠자기 전 30분'의 활용법을 소개한다.",https://image.aladin.co.kr/product/283/30/cover500/8996156922_1.jpg, 다카시마 데쓰지 지음;홍성민 옮김, 티즈맵,2011
사회과학,아름다움의 과학,"아름다움은 무엇이며 왜 존재하며, 우리 사회에서 어째서 그토록 중요한가라는 세 가지 물음과 답을 통해 현대 사회를 이해할 수 있도록 한다. 인간의 뇌가 아름다운 자극에 어떻게 반응하고 또 어떤 행동을 하게 되는지에 대한 연구 결과를 수록했다.",https://image.aladin.co.kr/product/186/89/cover500/8901078678_1.jpg, 울리히 렌츠 지음;박승재 옮김, 프로네시스,2011
사회과학,뜨거운 침묵,"MBC 뉴스데스크 최연소·최장수 앵커, 개인의 이름을 타이틀로 건 최초의 뉴스 프로그램 진행한 백지연의 책. 많은 인터뷰를 진행하고, 커뮤니케이션을 전공했으며, 커뮤니케이션 컨설팅 회사까지 설립한 저자가 '뜨거운 침묵'에 대해 이야기한다. 저자가 말하는 '뜨거운 침묵'은 소리치지 않아도 세상이 나를 돌아보게 하는 강렬한 힘이다.",https://image.aladin.co.kr/product/651/43/cover500/8927800028_1.jpg, 백지연 지음, 중앙books,2011
사회과학,행복한 학교,'혁신'이론의 대가이자 파괴적 혁신의 전도사인 크리스텐슨 하버드 비즈니스스쿨 교수는 <성공 혁신의 딜레마>에서 소개하고 있는 '파괴적 혁신'의 이론을 교육분야에 적용함으로써 실타래처럼 꼬인 교육문제에 대한 해결책을 제안한다. 본서의 핵심은 학생들은 다양한 학습욕구를 가졌고 각자 다른 방식으로 학습하기 때문에 아이들 각자가 최선으로 학습할 수 있는 맞춤교육을 하자는 것이다.,https://image.aladin.co.kr/product/478/18/cover500/8942004822_1.jpg, Clayton M. Christensen;Michael B. Horn;Curtis W. Johnson 지음;한근태 옮김, K-books,2009
사회과학,강의를 풍요롭게 하는 방법,"독일은 시민교육 활성화를 위해 다양한 교육 방법 모델을 개발했는데 실제 학습 과정에서 활용 가능한 방법이 많다. 이 책은 독일 정치(시민)교육 방법론을 토대로 익힌 방법론을 한국의 교육 현장에 맞게 보완, 수정하여 엮은 책이다.",https://image.aladin.co.kr/product/407/2/cover500/8996266302_1.jpg, 김성학 지음, 새로운디자인,2010
사회과학,유머가 이긴다,"위기를 기회로 바꾸는 1%의 힘, 품위 있고 고차원적인, 그러나 가슴을 파고드는 감탄과 공감으로 누구라도 웃게 만드는 통찰적 유머를 상황별로 배울 수 있는 실전 매뉴얼. 웃음이 터지는 펀치라인의 비밀, 파티에서 ‘킹왕짱’ 되는 법, 썰렁한 순간을 모면하는 초강력 애드립, 기립박수가 터지는 무대 매너, 진한 여운을 남기는 마지막 인사법, 재미난 슬로건으로 유쾌한 회사 만들기, 잔소리 백번보다 효과 좋은 촌철살인의 호통개그, 아이디어가 폭발하는 고액연봉자들의 회의법, 오락 프로그램 MC들의 유머 화법 등이 생생한 사례와 함께 펼쳐진다.",https://image.aladin.co.kr/product/692/30/cover500/8992647832_2.jpg, 신상훈 지음, 쌤앤파커스,2011
사회과학,"청소년, 직업여행으로 인생을 배운다",,https://image.aladin.co.kr/product/252/5/cover500/8983966122_1.jpg, 김준성 지음, 신아사,2011
사회과학,이타적 유전자,"이 책은 '이기적 유전자'에 정면으로 반박하기 보다는, 그것에 생략되어 있는 '이기적 유전자'를 지닌 인간이란 종(種)이 갖는 이타적 본성에 대하여 이야기한다. 인간은 이기적인 특성을 가지고 있는 것 만큼이나 태어나면서부터 사회적으로 협동하고 타인으로부터 신뢰를 얻고자 하는 본능을 타고 났다는 것이다.",https://image.aladin.co.kr/product/29/23/cover500/8983710799_2.jpg, 매트 리들리 지음;낸시 톨포드 그림;신좌섭 옮김, 사이언스북스,2011
사회과학,기적을 만드는 공부법,"EBS [공부의 왕도]를 통해 소개된 '최상위권으로 도약하는 전과목 10회독법'으로 최고의 조회 수, 최고의 추천수를 기록한 저자가 평범한 수험생에서 언수외 100이 되기까지의 기적의 수기 및 공부법을 담아 책으로 펴냈다. 수만휘와 EBS를 통해 미처 말하지 못한 그녀의 감동적인 수험 수기와 10회독법을 포함한 그녀만의 특별한 공부 비법 전체를 수록하였다.",https://image.aladin.co.kr/product/841/96/cover500/8956604347_1.jpg, 이연정 지음, 지공신공,2011
사회과학,생각하지 않는 사람들,"IT 전문가이자 저명한 칼럼리스트인 저자 니콜라스 카는 “컴퓨터와 인터넷에 대한 무조건적인 믿음과 무분별한 사용이 얕고 가벼운 지식을 양산했다”고 주장한다. 그는 이 책을 통해 디지털 기기에 종속된 이후 우리의 사고하는 방식은 어떻게 변화하고 있는지, 글을 쓰는 방식과 읽는 방식은 어떻게 변화하고 있는지를 예리하게 밝혀낸다.",https://image.aladin.co.kr/product/21025/75/cover500/k282636570_1.jpg, 니콜라스 카 지음;최지향 옮김, 청림출판,2011
사회과학,경제용어상식사전,경제를 정확하게 이해하기 위해서는 먼저 가장 기본적인 경제용어를 정복해야 한다. 이 책은 경제에 문외한일지라도 경제를 보는 안목을 키우고 제대로 이해하는 능력을 향상시킬 수 있도록 꼭 필요한 경제용어를 엄선하여 알기 쉽고 명쾌하게 해설한 경제용어상식사전이다.,https://image.aladin.co.kr/product/485/99/cover500/8960006653_1.jpg, 넥서스콘텐츠개발팀 지음, 넥서스BIZ,2009
사회과학,컬러 리더십,"‘나의 리더십 컬러는 무엇인가?’ ‘그 리더십 컬러의 성공 패턴은 무엇인가?’ ‘어떤 목표를 향해 나의 리더십 컬러를 키워나가야 하는가?’ 이 책은 이 세 가지 질문을 풀어주는 데 초점을 맞추고 있다. 리더십을 무지개 색깔에 근거해 7가지 유형으로 구분하고, 그에 따른 리더십의 철학과 성공 패턴을 소개한다.",https://image.aladin.co.kr/product/36/8/cover500/8984051500_1.gif, 신완선 지음, 더난출판,2002
사회과학,스티브 잡스,"전 세계 동시 출간되는 스티브 잡스가 인정한 유일한 공식 전기. 애플의 공동 창업주이자 전 CEO, 21세기를 움직인 혁신의 아이콘 스티브 잡스. CNN의 전 최고 경영자이자 《타임》 전 편집장인 월터 아이작슨의 독점 인터뷰를 통해 그의 전 생애와 우리 모두의 디지털 삶을 바꾼 혁신의 핵심 원천이 최초로 밝혀진다.",https://image.aladin.co.kr/product/1338/36/cover500/8937483947_1.jpg, 월터 아이작슨 지음;안진환 옮김, 민음사,2011
사회과학,해커스 GSAT 삼성직무적성검사 통합 기본서,최신 온라인 GSAT 완벽 반영! 수리논리/추리 영역 집중 공략. GSAT 최신기출유형 공략부터 실전까지! 전략적 학습으로 단기 합격. 실전모의고사 4회분(온라인 2회분 포함) 제공! GSAT 완전 정복! 체계적인 3단계 학습 시스템. 합격 가능성을 높이는 [취약 유형 극복 프로그램]!,https://image.aladin.co.kr/product/32133/23/cover500/8969653775_1.jpg, 해커스 GSAT 취업교육연구소 지음, 챔프스터디,2023
사회과학,(2023 고시넷)초록이 NCS 모듈형 2 통합문제집,실제 공기업 NCS 시험에 출제되는 모든 문제 유형을 수록한 통합문제집이다. 모듈형+응용모듈형 최신 기출문제유형을 실었다. 모의고사와 OMR 응답용지를 수록하여 실제 시험과 같이 연습할 수 있도록 구성하였다. 최근 공기업 채용(출제)대행사 수주현황을 수록하였다.,https://image.aladin.co.kr/product/30722/93/cover500/k192830340_1.jpg, 고시넷 NCS 연구소 지음, Gosinet(고시넷),2023
사회과학,개발자로 첫 출근했어요,"마정석이라는 신입 개발자가 첫 출근했을 때를 가정해 첫 프로젝트를 마칠 때까지 적응해야 하는 거의 모든 툴에 대한 퀵 가이드이다. 간단한 사내 커뮤니케이션 툴부터, 협업, 설계, 코드 작성 등 프로젝트 전 과정에서 쓰이는 툴의 핵심 사용법과 주의사항을 다루고 있다.",https://image.aladin.co.kr/product/32611/19/cover500/k282935543_1.jpg, 김설화 지음, 로드북,2023
사회과학,반도체 열전,"인텔, 삼성전자, 현대자동차, SK텔레콤 등 국내외 유수의 기업을 거쳐, 현재 정책금융인 한국모태펀드를 운용하는 한국벤처투자의 대표가 된 유웅환 박사는 이 책 『반도체 열전』을 통해 대한민국 반도체 산업에 관한 로드맵을 제시한다.",https://image.aladin.co.kr/product/32491/46/cover500/8986022796_1.jpg, 유웅환 지음, 비즈니스맵,2023
사회과학,윤광준의 생활명품 101,윤광준 작가가 엄선한 일상에서 유의미하고 아름다운 물건 101가지를 담은 『윤광준의 생활명품 101』이 을유문화사에서 출간되었다. 화분부터 뵈젠도르퍼 임페리얼 피아노까지 몸과 생활공간을 풍요롭고 디테일하게 가꿔 주는 도구 101가지가 들어 있다.,https://image.aladin.co.kr/product/32355/5/cover500/8932474915_1.jpg, 윤광준 지음, 을유문화사,2023
사회과학,AI 비즈니스 레볼루션,챗GPT는 이미 우리에게 새로운 비즈니스 모델을 제시했다. 생성형 AI 기반의 생태계가 시장을 긴장시키고 있다. 그렇다면 우리는 이제 완전히 새로운 관점으로 업무 습관을 형성하고 빠르게 변화의 흐름을 읽어야 한다. 《AI 활용 비즈니스 레볼루션》에는 그 방향과 솔루션이 담겨 있다.,https://image.aladin.co.kr/product/32309/30/cover500/k182834059_1.jpg, 이진형 지음, 포르체,2023
사회과학,돈은 좋지만 재테크는 겁나는 너에게,"재테크에 관한 진정성 있는 따뜻한 조언으로 Z세대의 마음을 사로잡은 유튜브 크리에이터 뿅글이. 다양한 재테크 노하우와 뿅글이의 성장 이야기를 담은 첫 책이 드디어 출간되었다. 뿅글이 채널의 영상에는 “뿅글님 영상은 늘 배울 게 많아요”, “항상 좋은 자극 많이 받고 가네요”라는 댓글들로 가득하다.",https://image.aladin.co.kr/product/30921/24/cover500/8960306134_3.jpg, 뿅글이 지음, BM황금부엉이(첨단),2023
사회과학,권력과 진보,"과거와 현재를 아우르는 광범위한 연구를 토대로, 정치적·사회적 권력이 어떻게 기술 발전의 방향을 ‘선택’하는지, 그리고 테크놀로지가 어떻게 모두에게 이득이 되는 방향으로 발전할 수 있을지를 치밀한 논증과 함께 설득력 있게 제시한다.",https://image.aladin.co.kr/product/31953/94/cover500/k422833258_1.jpg, 대런 아세모글루;사이먼 존슨 [공]지음;김승진 옮김, 생각의힘,2023
사회과학,대한민국 엑스파일,한국 사회를 장악하고 있는 부패 기득권 세력들의 공생 카르텔과 적폐 행위를 낱낱이 공개한다.,https://image.aladin.co.kr/product/32444/39/cover500/k822935299_1.jpg, 김봉미 지음, 그레이스퍼블리싱,2023
사회과학,위험한 일본책,일본 근대사 최고 권위자 서울대 박훈 교수가 막연한 혐오와 적대감을 걷어내고 일본과 한일 관계를 새롭게 바라볼 패러다임을 제시한다.,https://image.aladin.co.kr/product/32292/48/cover500/k512834854_1.jpg, 박훈 지음, 어크로스,2023
사회과학,아비투스,2020년 출간 즉시 인문 분야 베스트셀러에 오르며 신드롬을 일으킨 『아비투스』가 양장특별판으로 새롭게 출간되었다. 이번 특별판은 한국어판 서문을 추가하고 고급스러운 하드커버로 소장 가치를 높였다.,https://image.aladin.co.kr/product/31396/12/cover500/k082832106_1.jpg, 도리스 메르틴 지음;배명자 옮김, 다산초당(다산북스),2023
사회과학,하루 하나 [Branding] 브랜딩,"퍼스널 브랜드는 누구나 가지고 있다. 자신의 이름이 브랜드이고, 자신이 하는 일이 바로 브랜드이기 때문이다. 하지만 진정 ‘브랜드’라 부르기는 어렵다. 브랜딩 되어 다른 사람들에게 알려지고 이를 통해서 더 많은 일과 더 높은 목표를 달성하며, ‘OO하면 OOO’라고 인식되어 대표할 수 있을 때 비로소 퍼스널 브랜드라 할 수 있기 때문이다.",https://image.aladin.co.kr/product/32226/37/cover500/k282834626_1.jpg, 조연심 지음, HCbooks(힘찬북스),2023
사회과학,일론 머스크,"스티브 잡스의 유일한 공식 전기를 쓴 저자 월터 아이작슨이 집필한 2023년도 최고의 화제작 《일론 머스크》가 출간됐다. 천재인가 몽상가인가, 영웅인가 사기꾼인가? 수많은 논란 속에서도 1%의 가능성에 모든 걸 걸며 인류의 미래를 바꾸는 이 시대 최고의 혁신가, 일론 머스크의 모든 것을 담았다.",https://image.aladin.co.kr/product/32311/95/cover500/k132834056_2.jpg, 월터 아이작슨 지음;안진환 옮김, 21세기북스(북이십일),2023
사회과학,입시를 알면 아이 공부가 쉬워진다,예비 중·고등학생이 될 초등 아이의 엄마들에게 한 권으로 입시 제도를 알 수 있는 속 시원한 가이드가 되어 준 《입시를 알아야 아이 공부가 쉬워진다》가 개정증보판으로 돌아왔다. 자유학기제라는 용어조차 생소한 엄마라도 쉽게 알 수 있도록 2022년 이후의 입시 제도를 상세히 풀었다.,https://image.aladin.co.kr/product/30534/32/cover500/k962830594_1.jpg, 정영은 지음, 유노라이프,2023
사회과학,평화의 힘,문재인 정부의 용기 있는 평화에 관한 기록. 문재인 정부의 청와대 비서관과 외교부 차관을 지냈던 최종건 교수가 집권 5년간 평화로운 한반도를 만들기 위해 노력했던 문재인 정부의 한반도 평화프로세스를 책으로 담아냈다.,https://image.aladin.co.kr/product/31882/12/cover500/k832833532_1.jpg, 최종건 지음, 메디치미디어,2023
사회과학,역행자,"운명과 본능의 지배에서 벗어나 경제적 자유와 행복을 쟁취하는 라이프해킹의 비밀을 담은 책, 『역행자』가 50만 부 판매 돌파를 기념하며 ‘유니버스 에디션’으로 출간되었다.",https://image.aladin.co.kr/product/32709/88/cover500/k422936870_1.jpg, 자청 지음, 웅진지식하우스(웅진씽크빅),2023
사회과학,(2024)한국이 열광할 세계 트렌드,전 세계 84개국 KOTRA 무역관이 찾은 260여 개의 사례를 분석하여 지금 현재 가장 주목해야 할 36가지 트렌드를 선별하였다. 직접 발로 뛰며 취재하고 관계자들과의 인터뷰를 통해 검증한 정보는 여타의 정보들과 수준을 달리 한다.,https://image.aladin.co.kr/product/32491/52/cover500/k252935608_1.jpg, KOTRA 지음, 알키(시공사),2023
사회과학,(단기합격)해커스 NCS,"2018 하반기까지의 출제경향을 철저히 분석 및 반영하였다. 한 권으로 NCS의 모든 것을 대비할 수 있는 통합 기본서로, NCS 기출유형부터 실전모의고사까지 한 번에 끝내는 구성이다. 직업기초능력평가 + 직무수행능력평가 학습 내용을 모두 수록하였다.",https://image.aladin.co.kr/product/17668/0/cover500/8969651217_1.jpg, 김소원 외 저, 해커스공기업,2019
사회과학,(Light)기출이 답이다! 9급 공무원 공통과목(국어 영어 한국사) 3개년 기출문제집(2019)(Light 기출이 답이다!):국가직/지방직/서울시/사회복지직/주요 공무원 시험 대비,"시행처별로 철저히 분석한 최신기출 출제 리포트를 수록하였다. 언제 어디서나 편리하게 학습할 수 있도록 문제편과 해설편을 분리 구성하였다. 합격을 위한 핵심 테마로 구성한 공통과목 Power 노트와, 시대에듀 공무원 교수진과 함께 하는 최신기출 무료특강을 제공한다.",https://image.aladin.co.kr/product/16321/74/cover500/k582533345_1.jpg, SD 공무원시험연구소 지음, 시대고시기획,2018
사회과학,(Light)기출이 답이다! 9급 공무원 공통과목(국어 영어 한국사) 3개년 기출문제집(2019)(Light 기출이 답이다!):국가직/지방직/서울시/사회복지직/주요 공무원 시험 대비,"시행처별로 철저히 분석한 최신기출 출제 리포트를 수록하였다. 언제 어디서나 편리하게 학습할 수 있도록 문제편과 해설편을 분리 구성하였다. 합격을 위한 핵심 테마로 구성한 공통과목 Power 노트와, 시대에듀 공무원 교수진과 함께 하는 최신기출 무료특강을 제공한다.",https://image.aladin.co.kr/product/16321/74/cover500/k582533345_1.jpg, SD 공무원시험연구소 지음, 시대고시기획,2018
사회과학,유머니즘,한국출판문화산업진흥원 2018년 우수출판콘텐츠 제작 지원 사업 선정작. 사회문화적으로 유머에 관한 지적 성찰을 시도하며 유머의 메커니즘에 본질적으로 접근한다.,https://image.aladin.co.kr/product/16234/12/cover500/8932035059_1.jpg, 김찬호 지음, 문학과지성사,2018
사회과학,인생 직업,"알랭 드 보통이 설립한 인생학교에서는 '마음의 평온을 유지하는 능력'을 삶의 중요한 화두로 꼽고, 철학, 예술, 심리학 등 다양한 분야를 아우르며 이 문제에 정면으로 접근했다. 인생학교 시리즈 제6권인 <인생 직업>은 내가 진정으로 좋아하고 성취를 얻을 수 있는 직업을 찾는 데 가이드가 되어준다.",https://image.aladin.co.kr/product/17214/35/cover500/k952534993_1.jpg, The School of Life 지음;이지연 옮김, 와이즈베리,2018
사회과학,비커밍,"예약 판매로 아마존 1위에 오른 올해 최고의 화제작, 미국 최초의 흑인 퍼스트레이디 미셸 오바마의 첫 자서전. 어린 시절 가족의 이야기와 학창 시절, 법률 회사에서 젊은 오바마를 만나 사랑하고 결혼하게 된 과정, 그리고 그 후 미국을 넘어 전 세계인이 주목하는 여성들의 롤모델로 거듭나기까지의 스토리를 솔직하고 유머러스하게 담아냈다.",https://image.aladin.co.kr/product/17304/86/cover500/8901227584_1.jpg, 미셸 오바마 지음;김명남 옮김, 웅진지식하우스,2018
사회과학,공부 마스터 플랜,"최근 변화된 입시 환경을 경험해 보지 않은 학습 전문가의 공부 이야기가 아니다. 기적적으로 성적을 올린 단 한 사람만의 합격 수기도 아니다. 가장 최신의 입시를 ‘직접’ 준비하여 서울대에 합격하고, 진학 후에도 같은 공부 패턴을 적용해 각종 고시와 시험에 합격한 ‘서울대생 100인’을 통해 2019년 입시 공부의 절대 본질을 전한다.",https://image.aladin.co.kr/product/17949/42/cover500/k392534232_1.jpg, 조승우 지음, 포레스트북스,2019
사회과학,문명의 충돌,"<문명의 충돌> 개정판. 저자는 세계를 서방과 라틴아메리카.이슬람.힌두교.유교.일본 등 7개 내지 8개의 문명들로 나누고, 문명이 세계를 구분짓는 가장 중요한 기준이며, 가장 위험한 분쟁은 문명과 문명이 만나는 단층선에서 발생한다는 주장을 설득력 있는 논조로 전개하고 있다.",https://image.aladin.co.kr/product/7709/84/cover500/8934973331_1.jpg, 새뮤얼 헌팅턴 지음;이희재 옮김, 김영사,2016
사회과학,나는 감이 아니라 데이터로 말한다,"우리가 일상에서 마주하는 다양한 사건들을 데이터를 통해 관찰하고 누구도 예측하지 못한 진실을 드러낸다. 마치 8시 뉴스를 튼 듯 정치, 경제, 문화 전반에 걸친 25가지 이슈를 통계 데이터와 최신 연구자료를 통해 다각도로 분석하며 우리가 놓친 세상의 숨은 작동원리를 날카롭게 파헤친다.",https://image.aladin.co.kr/product/18454/86/cover500/k282534357_1.jpg, 신현호 지음, 한겨레출판,2019
사회과학,디지털 트렌드 2019,"국내외 디지털 기술이 어느 지점에 다다랐는지를 디지털 트렌드의 전반적 흐름 및 최신 동향과 함께 소개하고 있다. ‘웹에서 앱으로, 앱에서 봇으로’ 중심축이 변화 중인 디지털 시장을 상세히 분석하고 있으며, 나날이 발전을 거듭하는 인공지능 기술이 어떠한 플랫폼을 거쳐 일상에 스며드는지 등 다양한 사례를 통해 독자에게 전하고 있다.",https://image.aladin.co.kr/product/17178/35/cover500/k382534799_1.jpg, 연대성 지음, 책들의정원,2018
사회과학,"특허, 나의 취업 필살기","서류전형 합격률을 높여서 최종합격까지 어떻게 고스펙 시대에서 차별화 하고 본인만의 브랜딩을 해야 하는지 알려준다. 국내 굴지의 대기업에 현역으로 근무중인 두 저자가 ‘특허’라는 하나의 예로서 어떻게 취업에서 차별화에 성공하였고, 전략화하여 궁극적으로는 서류전형에서 최종면접에까지 백전백승 했었는지에 대한 노하우를 담고 있다.",https://image.aladin.co.kr/product/18448/47/cover500/k202534351_1.jpg, 김기환;구정민 공저, 휴먼컬처아리랑,2019
사회과학,(심플하지만 헐렁하지 않은 찰지지만 질리지 않는)1분 전달력,2018년 앞으로 10년을 목표로 후계자 탐색에 들어간 손정의 회장이 프레젠테이션을 통해 탐색하는 것은 단지 리더의 유창한 말재주가 아니다. 미래를 위한 투자와 기술 개발 등 이 모든 경영 활동은 전 세계에서 뽑아 놓은 내로라하는 브레인들과 같이 할 수 있다.,https://image.aladin.co.kr/product/17399/44/cover500/k692534702_2.jpg, 이토 요이치 지음;노경아 옮김, 움직이는서재,2018
사회과학,(댄 애리얼리)부의 감각,"<상식 밖의 경제학>으로 널리 알려진 저자 댄 애리얼리와 행동경제학 신봉자인 제프 크라이슬러가 함께 집필한 책으로, 우리와 떼려야 뗄 수 없는 '돈'에 대한 이야기를 한다. 일상의 돈과 관련된 온갖 주제들을 광범위하게 다룸으로써 사람들의 지출습관이 어떤 식으로 과소비를 이끌게 만드는지 알려준다.",https://image.aladin.co.kr/product/15343/40/cover500/8935212229_1.jpg, 댄 애리얼리;제프 크라이슬러 [공]지음;이경식 옮김, 청림출판,2018
사회과학,나라는 부유한데 왜 국민은 불행할까?,"2010년 무상 급식 도입 논쟁을 시작으로 확대된 복지 제도를 평가하며 의료, 주거, 연금, 노동 등 다양한 분야에서 현행 복지 제도의 성과와 한계를 진단하고 있다. 이를 통해 앞으로 나아가야 할 복지 제도의 방향과 복지국가의 비전을 제시한다.",https://image.aladin.co.kr/product/13402/35/cover500/k042532206_1.jpg, 오건호 외 지음, 철수와영희,2018
사회과학,고등학교 사용설명서,"학년별 국어, 영어, 수학 과목의 학습 전략과 함께 꼭 알아둬야 할 학교생활기록부 관리 방법에 대한 가이드, 그리고 자기주도 학습법, 비교과활동 노하우, 수학 노트 정리법, 영어 마스터를 위한 팁, 동기부여법, 시간 관리법 등 명문대 선배들의 공부법 노하우를 제시한다.",https://image.aladin.co.kr/product/18645/22/cover500/8996173630_1.jpg, 해오름커뮤니케이션즈 지음, 해오름커뮤니케이션,2019
사회과학,처음 읽는 헌법,헌법재판소의 최근의 중요한 결정 중 일부가 추가된 『처음 읽는 헌법』 개정판. 생생한 헌법재판 이야기를 제공하여 실제 헌법재판 사례들을 이야기하면서 헌법이 가지는 중요성을 인식하게 해준다는 점에서 독자들이 더욱더 헌법을 가깝게 느낄 수 있는 길을 마련해준다.,https://image.aladin.co.kr/product/11852/33/cover500/8961473166_1.jpg, 조유진 지음, 이학사,2017
사회과학,호통판사 천종호의 변명,"그간 학교폭력 문제에 대해 깊이 천착해 온 저자의 오랜 고민이 담긴 책이자, 냉랭해진 법 감정으로 인해 누구도 쉽게 소년범들의 인권을 말할 수 없는 부박한 현실에서 ‘법’과 ‘정의’에 대해 차분히 생각해볼 수 있는 기회를 주는 뜻 깊은 책이다.",https://image.aladin.co.kr/product/14072/35/cover500/k112532032_1.jpg, 천종호 지음, 우리학교,2018
사회과학,교실 속으로 간 이해중심 교육과정:이론과 실천이 만나다,현장교사라면 누구나 자기 연찬이 가능하면서 학생의 성장을 이끌어낼 수 있도록 이해중심 교육과정을 풀어나간다.,https://image.aladin.co.kr/product/17583/77/cover500/k772534710_1.jpg, 온정덕 지음, 살림터,2018
사회과학,(미래 교육을 디자인하는)학교교육과정,"학생의 성장을 돕는 교육과정, 수업, 평가의 이론과 실제에 관한 보고서이다. 학교현장에서 뜨거운 열정과 치열한 고민으로 아이들을 만나고 있는 선생님들이 삶의 경험을 녹여 쓴 책이다.",https://image.aladin.co.kr/product/17452/59/cover500/k432534104_1.jpg, 박승열 외 저, 살림터,2018
사회과학,"10대, 소설로 배우는 인간관계",평화를 만드는 소설 읽기 시리즈. 학교폭력을 극복하고 평화역량을 키우기 위한 소설 읽기 책이다. 문학적 지식 위주의 감상법에 대한 반성을 담았다. 폭력적 삶을 사는 인간관계를 다룬 14편의 단편소설이 담겨 있다.,https://image.aladin.co.kr/product/17897/21/cover500/k612534832_1.jpg, 따돌림사회연구모임 서사교육팀 엮음, 작은숲,2018
사회과학,최고의 변화는 어떻게 만들어지는가,"스포츠 선수, 할리우드 배우, 세계적인 CEO부터 우리 주변의 평범한 이웃들까지 각 개인이 최고의 변화를 이루는 극적인 순간을 현실감 있게 다뤘다. 이들처럼 성격은 바뀔 수 있다는 믿음만 있다면 누구나 완전히 다른 인생을 만들어낼 수 있다.",https://image.aladin.co.kr/product/27450/83/cover500/k382733479_1.jpg, 벤저민 하디 지음;김미정 옮김, 비즈니스북스,2021
사회과학,아이디어,"극적으로 변하는 오늘, 전 세계에서 기업을 키우고 미래 세계를 이끌 최고의 기업을 만들어내기 위해 노력하는 비즈니스 리더들을 위한 책이다. 이 책은 더 밝은 미래를 창조하는 법, 비즈니스를 새롭게 해석하는 법, 시장을 창조하는 법, 직원들에게 활기를 다시 불어넣는 법, 성공을 새롭게 정의하는 법을 다룬다.",https://image.aladin.co.kr/product/27590/62/cover500/k412733110_1.jpg, 피터 피스크 지음;장진영 역, 인사이트앤뷰,2021
사회과학,선택 설계자들,"올리비에 시보니가 맥킨지 경영 컨설턴트를 시작으로 30년간 연구하고 가르쳐온 경영전략, 의사결정, 문제해결에 관한 내용을 담은 “비즈니스 의사결정 분야의 결정판”으로 평가받는다. 2019년 맨파워재단으로부터 최우수 경영서상을 수상하기도 한 이 책은 리더와 조직을 치명적인 함정에 빠지게 한 9가지 편향을 선별하고, 이를 극복하게 하는 40가지 실무 기법을 제시한다.",https://image.aladin.co.kr/product/25967/85/cover500/k162732692_1.jpg, 올리비에 시보니 지음;안종희 옮김, 인플루엔셜,2021
사회과학,The Boss,"경제적 자유를 얻기 이전에 확실한 노력을 통해 자신의 결과물을 증명하고, 부자가 되고자 마음 먹기 이전에 부와 가난의 본질을 이해해야한다. 요행을 바라기 전에 자신의 실력에 대해 냉철하게 바라보며 어떻게 부의 그릇을 키워가야할지 그 누구보다 현실적인 조언을 건네준다.",https://image.aladin.co.kr/product/27136/89/cover500/k042731340_1.jpg, 안규호 지음, RISE(떠오름),2021
사회과학,머니랜드,"영국의 탐사 언론인 올리버 벌로가 불법 금융과 돈세탁의 은밀한 세계를 파헤친다. 그는 슈퍼리치들이 부정하게 얻은 부를 조세 당국 및 공무원의 감시에서 차단하기 위해 은닉해 두는 가상의 나라를 ‘머니랜드’라고 명명하고, 그 실체를 집요하게 추적한다.",https://image.aladin.co.kr/product/23178/92/cover500/k242630804_1.jpg, 올리버 벌로 지음;박중서 옮김, 북트리거(지학사),2020
사회과학,(서울 자가에 대기업 다니는)김부장 이야기. 2: 정 대리·권 사원 편,"2021년 대한민국 직장생활과 부동산에 관한 현실을 적나라하게 표현한 하이퍼리얼리즘 스토리. 부동산 카페를 비롯, 각종 커뮤니티에서 크게 화제가 되어 30일 만에 조회수 1,000만을 기록해 주요언론 톱기사를 장식한다.",https://image.aladin.co.kr/product/27794/38/cover500/k752734064_1.jpg, 송희구 지음, 서삼독,2021
사회과학,무너진 정의,"소설처럼 쉽게 읽히는 정부 고발서. 정부에서 발생한, 혹은 정부가 일으킨 사건에 대해 그 진실이 무엇인지 그 시작, 진행, 결말까지를 사실에 바탕해 일목요연하게 보여준다.",https://image.aladin.co.kr/product/27659/77/cover500/k842733136_1.jpg, 오화석 지음, 공감책방,2021
사회과학,타이탄의 지혜들,"좋은 기업을 넘어 위대한 기업을 일군 창업자와 CEO, 주식 시장에서 불꽃 같은 성공 신화를 쏘아 올린 투자자, 인류의 진보를 이끌어온 최고 지성들의 생생한 목소리가 담겨 있다. 글로벌 사모펀드 운용사 칼라일 그룹의 창업자 데이비드 루벤스타인은 지난 5년에 걸쳐 당대 최고의 인물 31명을 인터뷰해 그들의 놀라운 이야기를 이 책에 망라했다.",https://image.aladin.co.kr/product/26565/97/cover500/k982738033_2.jpg, 데이비드 M. 루벤스타인 지음;김현정 옮김, 토네이도,2021
사회과학,잘나가는 사람은 20대가 다르다,"현재 취업을 준비하고 있는 예비 직장인들부터 생애 첫 직장에 발을 디딘 사회 초년생들, 그리고 직장생활에 어느 정도 익숙해진 3~4년차 직장인들까지, 대한민국 1천만 비즈니스맨들에게 어떠한 마음가짐과 태도로 일해야 잘나갈 수 있는지를 알려주는 책이다.",https://image.aladin.co.kr/product/2804/98/cover500/8947529141_1.jpg, 고미야 겐이치;시가키 주로 [공]지음;송소영 옮김, 한국경제신문(한경BP),2013
사회과학,미래의 부,"《에이트》와 《에이트 : 씽크》의 작가 이지성이 ‘에이트 시리즈’의 완결편이자 실천편인 《미래의 부》로 돌아왔다. 유튜브 채널 ‘이지성TV’를 통해 5천만 뷰 이상의 폭발적인 관심을 받은 ‘4차 산업혁명 미국 주식 특강’을 토대로 완성된 이 책은, 코로나19로 이미 우리 삶 깊숙이 들어온 인공지능 시대에 재편될 부의 흐름을 읽고 ‘미래의 부’를 창출할 새로운 방법을 제시한다.",https://image.aladin.co.kr/product/27609/35/cover500/k612733020_1.jpg, 이지성 지음, 차이정원,2021
사회과학,오케팅,"이제는 부자 되는 방법의 패러다임을 바꿀 때다. ‘오케팅(Oketing)’으로 사고의 틀을 180° 전환하면 누구나 경제적 자유를 얻을 수 있다. 오케팅은 개인과 기업, 제품, 서비스 등 어디에나 적용할 수 있는 생계형 마케팅 전략이다.",https://image.aladin.co.kr/product/27403/68/cover500/s002839131_1.jpg, 오두환 지음, 대한,2021
사회과학,사회문제의 경제학,"19세기 미국의 대표적 경제학자 헨리 조지의 가장 대중적인 고전인 <사회문제의 경제학> 국내 첫 번역서. 다양한 사회문제의 원인과 그 근본 해법을 매우 쉬운 언어로 간명하게 풀어나간 책으로, 경제학 훈련을 받지 않은 사람도 읽을 수 있도록 평이하게 썼다.",https://image.aladin.co.kr/product/3089/71/cover500/8971995637_1.jpg, 헨리 조지 지음;전강수 옮김, 돌베개,2013
사회과학,B의 일기. 2,"2019년, 크라우드펀딩 플랫폼 ‘텀블벅’에서 1억 9천만 원이라는 경이적인 액수로, 텀블벅 도서부문 최고 후원액을 기록한 《탈코일기》! 출간 즉시 ‘20대 여성의 필독서’ ‘내 인생을 바꿔놓은 명작’이란 평가를 받으며 페미니즘 물결을 이끌어온 《탈코일기》의 작가가 후속작 《B의 일기》를 출간했다.",https://image.aladin.co.kr/product/27319/24/cover500/k362732229_1.jpg, 작가1 지음, 북로그컴퍼니,2021
사회과학,B의 일기. 3,"페미니즘 물결을 이끌어온 《탈코일기》의 후속작. 《탈코일기》가 외형적 코르셋을 벗는 것에 초점을 맞추었다면, 《B의 일기》는 한 걸음 더 나아가 여성들의 심리적·정신적 코르셋으로 작용해온 ‘결혼’ 문제, 정확하게는 ‘비혼’ 이야기를 다룬다.",https://image.aladin.co.kr/product/27319/24/cover500/k372732229_1.jpg, 작가1 지음, 북로그컴퍼니,2021
사회과학,일터의 문장들,"2015년부터 인터뷰 시리즈 ‘김지수의 인터스텔라’를 연재하며 독자들의 뜨거운 사랑을 받아온 김지수 기자는 일하는 인간으로서 변화한 세계를 이해하고 앞으로 나아가고자 하는 이들에게 필요한 일의 태도와 법칙을 ‘환경, 태도, 협업, 자아’ 네 가지 주제로 나누어 생생히 들려준다.",https://image.aladin.co.kr/product/27877/34/cover500/k202734892_2.jpg, 김지수 지음, 해냄,2021
사회과학,(한권으로 끝내는)전공·직무 면접 반도체 이론편,"이공계 주요 산업의 직무/전공 이론을 ‘면접 답변 준비’라는 목적에 맞춰 구성한 [한권으로 끝내는 전공·직무 면접] 시리즈의 대표 도서로, 면접 준비뿐 아니라 현업에서 실제로 적용할 수 있을 정도의 기본적이고 필수적인 내용을 취업 준비생이 충분히 이해할 수 있도록 쉽고 자세하게 정리하였다.",https://image.aladin.co.kr/product/27497/62/cover500/k442733099_1.jpg, 공지훈;정건화;유제구 [공]지음, 렛유인,2021
사회과학,면접 바이블,"유튜버 면접왕 이형이 구독자의 실제적인 취업고민을 해결하기 위해 만든 책. 채용과 면접의 모든 것을 담았으며, 총 11만개의 댓글을 분석하고 가장 공감대 높은 질문 중심 컨텐츠로 구성했다. 생생한 구독자들의 현직자 인터뷰 돌파 사례도 실려있다.",https://image.aladin.co.kr/product/19538/5/cover500/k862635026_1.jpg, 면접왕 이형 지음, 어라이브북스(Alivebooks),2019
사회과학,(2022 에듀윌 공기업)NCS 자소서&면접,"NCS 능력 중심의 채용을 진행하는 공기업에 완벽히 대비할 수 있도록 최신 기출항목을 면밀히 분석하고, 그에 따른 전략을 제시하는 교재다. 직업기초능력 10개 항목을 완벽히 분석하고, 직업기초능력별로 대표 기출항목 자소서와 작성 노하우를 제시한다.",https://image.aladin.co.kr/product/27306/89/cover500/k992732129_1.jpg, 방영황 지음, 에듀윌,2021
사회과학,(30초 만에 어색함이 사라지는)잡담이 능력이다,"우리는 보통 ‘잡담’이라고 하면 쓸데없이 주고받는 말이거나 시간을 때우기 위해 잠시 상대와 이야기하는 정도라고 생각한다. 커뮤니케이션 전문가인 사이토 다카시 교수는 다름 아닌 ‘잡담’에 주목하였다. 모든 커뮤니케이션, 모든 관계는 ‘잡담’에서 시작되기 때문이다.",https://image.aladin.co.kr/product/3538/99/cover500/s072534443_1.jpg, 사이토다카시 지음;장은주 옮김, 위즈덤하우스,2014
사회과학,관점을 디자인하라,국내 유일의 관점 디자이너로 국내 굴지의 기업 13곳의 홍보이사로 일하는 저자의 창조적 관점타파를 담은 책이다. 우리가 그동안 당연하다고 여겼던 수많은 것들을 부정하는 것에서부터 누구도 대체할 수 없는 명품인간으로 거듭나는 방법을 고스란히 담고 있다.,https://image.aladin.co.kr/product/2832/10/cover500/8993734305_1.jpg, 박용후 지음, 프롬북스,2013
사회과학,관찰의 기술,,/img/no_book.805feab5.png, 양은우 지음, 다산북스,2013
사회과학,그릿,"“열심히 한다고 하는데 성적이 오르질 않아서 고민이야.”, “우리 애는 머리는 좋은데 노력을 안 해서 문제라니까."" 누구나 한 번쯤 이러한 고민을 해봤을 것이다. 공부를 잘하는 것은 모든 이들의 바람일 터. 그러나 말처럼 공부가 쉽다면 얼마나 좋을까.",https://image.aladin.co.kr/product/3338/48/cover500/8965701813_1.jpg, 김주환 지음, 쌤앤파커스,2014
사회과학,"김부장, 재취업 성공의 비밀","한국무역협회 중장년일자리희망센터 김영희 센터장의 경험과 사례, 노하우를 집대성하여 담아낸 책. 중장년 구직자들이 가장 민감하게 느끼는 나이를 취업 연령에 따라 40~45세, 46~50세, 50~55세로 세분화하여 각 연령에 맞는 채용 전략을 설명한다.",https://image.aladin.co.kr/product/3068/60/cover500/8960866172_1.jpg, 김영희 지음, 위즈덤하우스,2013
사회과학,"(단 하루의 기적,)카붐!","여기 이상하지만 환상적인 전쟁을 선포한 한 남자가 있다. 미국 전역에 만연한 '놀이 부족'과 '지역공동체의 허약한 결속력'을 하나의 문제로 보고, 놀이터를 세우는 일을 통해 해결의 실마리를 찾고자 한 것이다.",https://image.aladin.co.kr/product/3225/10/cover500/8998342081_1.jpg, 대럴 해먼드 지음;류가미 옮김, 에이지21,2013
사회과학,바잉브레인,“사람들이 왜 이 물건을 살까?” “어떤 광고가 기억에 남을까?” “어떻게 더 많이 팔 수 있을까?” 등 영원히 풀리지 않을 것 같던 비즈니스맨의 고민과 궁금증을 인간의 뇌와 기업의 실제 뉴로마케팅 사례를 통해 명쾌하게 풀어낸다.,https://image.aladin.co.kr/product/2996/97/cover500/8947529273_1.jpg, A. K. 프라딥 지음;서영조 옮김, 한국경제신문(한경BP),2013
사회과학,앞으로 5년 결정적 미래,“계획이란 미래에 대한 현재의 결정이다.”경영학의 구루 피터 드러커가 남긴 이 말은 미래 예측이 왜 중요한지를 알려준다. 미래에 대한 판단이 없다면 결정을 내릴 수 없고 계획도 세울 수 없기 때문이다.,https://image.aladin.co.kr/product/3321/82/cover500/899757518x_1.jpg, 머니투데이특별취재팀 지음, 비즈니스북스,2013
사회과학,왜 교육은 인간을 불행하게 하는가,"서울시교육청 추천도서였던 <왜 학교는 불행한가>의 저자 전성은의 교육론을 담은 책. 1965년부터 약 40년간 학생들을 가르쳤고, 교육혁신위원회 위원장을 역임하기도 했던 전성은이 구상하는 ‘교육’ 3부작 중 두 번째 책이다.",https://image.aladin.co.kr/product/3156/32/cover500/8994612777_1.jpg, 전성은 지음, 메디치미디어,2013
사회과학,우리는 어떤 사람에게 끌리는가,"커뮤니케이션 코치 미셸 레더먼이 일과 삶을 성공으로 이끄는 호감의 원리를 밝히고, 이를 일상생활에서 실천할 수 있게 안내하는 책. 호감을 얻기 위해 우리가 가장 먼저 해야 할 일은 자신을 이렇게 바꾸고 저렇게 포장해야 한다는 강박을 내려놓는 것이다.",https://image.aladin.co.kr/product/3302/31/cover500/8954621155_2.jpg, 미셸 레더먼 지음;김광수 옮김, 문학동네,2013
사회과학,원씽,전 세계에서 두 번째로 큰 투자개발 회사의 대표이자 전미 130만 부 이상이 팔린 베스트셀러의 저자 게리 캘러가 쓴 이제까지의 통념을 뒤엎는 신개념 자기계발서이다. 이 책은 더 적게 일함으로써 더 깊게 집중하여 더 크게 성공하는 비결이 무엇인지 가르쳐 준다.,https://image.aladin.co.kr/product/12081/24/cover500/k592531249_1.jpg, 게리 켈러;제이 파파산 [공]지음;구세희 옮김, 비즈니스북스,2013
사회과학,유엔미래보고서 2040,3000명의 미래학자가 인류 생존의 방향을 제시하는 미래예측서. 미래를 바꿀 변화의 큰 흐름인 메가트렌드를 다양하게 짚어본다. 알파벳 이니셜에 맞춰 뽑아놓은 미래의 키워드는 미래 비즈니스 상황의 변화를 잘 짚어줄 것이다.,https://image.aladin.co.kr/product/3411/68/cover500/899888660x_2.jpg," 박영숙 외, 지음", 교보문고,2014
사회과학,자기 통제의 승부사 사마의,중국 관리학 강의의 선두주자인 자오위핑 박사가 중국 인문학 강좌의 최고봉인 <백가강단>에서 진행한 10회의 강의를 정리한 책이다.,https://image.aladin.co.kr/product/3168/98/cover500/8960866237_1.jpg, 자오위핑 지음;박찬철 옮김, 위즈덤하우스,2013
사회과학,(조선왕조실록에서 배우는)리더의 품격,"조선왕조실록에 등장하는 27명의 왕이 어떤 행동을 했고, 위기의 순간에 어떤 판단을 했는지, 리더로서의 삶이란 주제에 초점을 맞춰 분석했다.",https://image.aladin.co.kr/product/3030/62/cover500/8967990227_2.jpg, 석산 지음, 북오션,2013
사회과학,직장의 신은 있다?,"저자는 직장 생활에서 많은 선후배와 생활하면서 느낀 경험을 토대로 사회 초년병을 위해 정글의 법칙을 정리했다. 직장을 나오면서 아쉬웠던 일들을, 손자뻘의 신입들에게 조금만 더 일찍 만났더라면 알려줬을 생존 노하우를 이 책을 통해 전하고 있다.",https://image.aladin.co.kr/product/3192/7/cover500/8994502173_2.jpg, 이유림 지음, 생각비행,2013
사회과학,"청춘, 판에 박힌 틀을 깨다","저자는 ‘기업가 정신 세계일주’를 하며 남미, 아프리카, 동남아시아 개발도상국 등 31개국에서 170여 명의 한국인 기업가를 만났다. 전 세계에서 다양한 활동을 하고 있는 한국인 기업가들과의 만남은 기업가를 꿈꾸는 청년에게 큰 배움의 시간이었다.",https://image.aladin.co.kr/product/3236/72/cover500/8926396576_1.jpg, 류광현 지음, 서울문화사,2013
사회과학,플루토크라트,2012년 「파이낸셜 타임스」지가 선정한 <올해 최고의 책>이자 2013년 국제 문제를 심도 깊게 다뤄 대중의 이해에 기여한 세계 최고의 논픽션에 수여하는 <라이오넬 겔버>상 수상작.,https://image.aladin.co.kr/product/3177/97/cover500/8932916268_1.jpg, 크리스티아 프릴랜드 지음;박세연 옮김, 열린책들,2013
사회과학,한국군 코멘터리,국방부 출입 10년의 베테랑 기자가 밝히는 한국군 비하인드 스토리. 국방부 출입 10여 년의 베테랑 기자가 현장 취재 경험과 자료를 바탕으로 대한민국 군의 면모를 다각도로 살핀 책이다.,https://image.aladin.co.kr/product/3311/24/cover500/8956592152_1.jpg, 박성진 지음, 예문,2013
사회과학,(한번에 '예스!'를 끌어내는)보고서 잘쓰는 법,"핵심적인 보고서 작성 노하우를 전수하여 당신을 모두가 알아주는 보고서의 달인으로 거듭나게 돕는 책이다. 아무리 복잡하고 어려운 과제도 30분이면 해치울 수 있는, 상대에게 말하지 않고 보여주기만 해도 해결되는 ‘보고서 잘 쓰는 법’이 담겨 있다.",https://image.aladin.co.kr/product/3068/31/cover500/8950951193_1.jpg, 시미즈구미코 지음;박재현 옮김, 21세기북스,2013
사회과학,현실을 상상하라,"알랭 드 보통과 함께 런던의 교수이며, 옥스퍼드 출신의 철학박사이자 글로벌 기업들과 영국 정부 등에서 조직의 컨설턴트로 일하고 있는 로버트 롤런드 스미스는 책에서 “현실은 그 어떤 시장 전략, 브랜드 전략, 자기계발 전략보다 강력하다”고 역설한다.",https://image.aladin.co.kr/product/3342/15/cover500/899737933x_1.jpg, 로버트 롤런드 스미스 지음;장세현 옮김, 어크로스,2013
사회과학,정상을 훔쳐라,"인생에서 성공하기 위해 갖춰야 할 항목을 OODA(관찰.방향설정.결정.실행) 사이클에 빗대어 알려준다. 본인이 이루고자 하는 성공의 목표를 잘 관찰한 뒤, 방향을 설정하고, 결정을 내려 바로 실행한다면 누구나 성공할 수 있다고 여러 가지 예를 통해 설명한다.",https://image.aladin.co.kr/product/3035/72/cover500/8960541052_1.jpg, 김정수 지음, 중앙경제평론사,2013
사회과학,엄마 아빠의 칭찬기술,소아 청소년 정신과 전문의의 임상결과를 바탕으로 씌어진 책. '칭찬'의 효과와 중요성을 41명의 아이들의 실제 사례를 통해 알려준다. 6살에서 13살까지 다양한 문제 행동을 보이던 아이들이 부모의 칭찬으로 어떻게 변해가는지를 담았다.,https://image.aladin.co.kr/product/51/92/cover500/8981102015_1.gif, 손석한 지음, 물푸레,2005
사회과학,꿈꾸는 간디학교 아이들,"수려한 자연 환경과 다양한 교과들, 그리고 스스로 배우고 만들어 나가는 교육 문화 환경 속에서 행복한 아이로 변화하고 성장해 가는 간디학교 아이들을 통해, 획일화된 우리의 제도 교육을 돌아보고 진실로 필요한 교육이란 무엇인가를 생각하게 한다.",https://image.aladin.co.kr/product/57/20/cover500/8989263484_1.jpg, 양희규 지음, 가야넷,2005
사회과학,미래로부터의 반란,"교육운동가 김진경의 에세이. 1985년 「민중교육」사건으로 구속돼 수감 생활을 하고, 전교조 창립에도 관여했던 지은이가 2000년 교단 복직 후의 현장경험을 바탕으로 교육 문제의 원인을 진단하고 해결책을 제시한다.",https://image.aladin.co.kr/product/54/46/cover500/8971844264_2.jpg, 김진경 지음, 푸른숲,2005
사회과학,함께사는 세상 만들기: 고등학생을 위한 국제 이해 교육,,https://image.aladin.co.kr/product/47/50/cover500/8933704523_1.gif, 유네스코 아시아·태평양 국제이해교육원 편, 일조각,2004
사회과학,"NIE의 이해와 활용: 신문활용교육, 어떻게 할 것인가","평소 학부모와 교사 등이 궁금해하는 NIE의 활용법을 비롯해 NIE의 기초, 지도론, 프로그램 설계, 수업방식, 스크랩하기, 신문만들기 등 다양하면서 깊이있는 내용을 체계적으로 다루었다. --경향신문",https://image.aladin.co.kr/product/44/85/cover500/8984991902_1.gif, 최상희 지음, 커뮤니케이션북스,2003
사회과학,이제는 아버지가 나서야 한다,"학교 교육, 대안 교육, 과연 어디에 중점을 두어 교육시킬 것인가? 이 책을 지은 교육학교수이자 두 아이의 아버지이기도 한 저자는 부모 교육의 중요성을 언급하면서, 20년 동안 실천해온 교육 노하우를 제공한다. 유아기, 초등학교, 중학교, 고등학교 등 시기별로 아들에게 실천한 교육방법을 상세하게 알려준다.",https://image.aladin.co.kr/product/29/21/cover500/8970902449_1.gif, 이해명 지음, 동아일보사,2005
사회과학,빛나는 우리 문화유산4. 4: 조선왕실편,"조선 시대 왕, 중전, 공주 등 왕족뿐만 아니라 궁녀, 내시 등 궁궐 안의 다양한 인물들의 생활상을 조명했다. 임금님의 수라상, 후궁의 품계, 궁녀의 서열, 수문장 교대 의식 등 학습에 도움을 주는 유용한 정보들이 알차게 들어 있다.",https://image.aladin.co.kr/product/64/6/cover500/899042092x_1.jpg, 장수하늘소 지음;유성호 그림, 배동바지,2006
사회과학,영미문화사전,,https://image.aladin.co.kr/product/50/6/cover500/6000117885_1.gif, 정연재 지음, 영어포럼,2004
사회과학,(조선 시대 양반집을 구경해요)남산골 한옥마을,"교과서의 지식을 현장에서 직접 보고, 듣고, 느끼는 체험학습을 효과적으로 안내하는 체험교과서. '신나는 교과서 체험학습' 시리즈의 두번 째 책이다. 우리의 전통 한옥과 정원에 관한 기본적인 배경 지식, 체험학습을 돕는 본격적인 현장 소개를 실었다.",https://image.aladin.co.kr/product/63/27/cover500/8958461209_1.jpg, 이흥원 지음;김순남 외 그림, 해피북스,2006
사회과학,매체교육의 길찾기,,https://image.aladin.co.kr/product/62/12/cover500/8987402576_1.jpg, 전국국어교사모임매체연구부 지음, 나라말,2005
사회과학,교사와 학생 사이,"교사나 부모들에게 먼저 아이들의 마음을 사로잡음으로써, 아이가 배움에 대해 마음을 열 수 있도록 도와주고, 거절의 언어가 아닌 인정의 언어를 통해 아이를 인격적으로 키울 수 있는 '특별한 기술'을 알려준다.",https://image.aladin.co.kr/product/44/22/cover500/8990220149_3.jpg, 하임 G 기너트 지음, 양철북,2006
사회과학,부모와 아이 사이,지난 35년간 자녀 교육 지침서로 사랑받아온 부모 교육의 고전. 2003년 개정판에서는 1965년 판에서 다룬 부모 교육의 틀을 유지하고 있으나 대화법에 대해 특별히 보완했다. 또한 대화의 기술 이면에 흐르는 부모와 아이 사이의 심리의 흐름과 감정적 교감에 대해 자세히 다루고 있다.,https://image.aladin.co.kr/product/42/90/cover500/8990220122_2.jpg, 하임 G 기너트 [외]지음, 양철북,2006
사회과학,현장 국어교육의 길잡이,,https://image.aladin.co.kr/product/85/17/cover500/898740272x_1.jpg, 김주환 지음, 나라말,2006
사회과학,오일의 경제학,"연일 유가가 사상 최고치를 갈아치우고 있는 위기상황에서, 일반 독자는 물론 투자자들에게 다가오는 에너지 위기를 이겨 내는 데 필요한 정보를 제공한다. 추상적인 근거로 석유 위기를 말하려는 것에서 탈피, 전문 자료와 함께 석유 위기가 얼마나 심각한지 여러 가지 관점에서 조목조목 따져서 설명하고 있다.",https://image.aladin.co.kr/product/68/46/cover500/8933870016_1.jpg, 스티븐 립 [외]지음, 세계사,2006
사회과학,빛나는 우리 문화유산1. 1: 명절篇,"명절의 유래와 음식, 행사, 놀이 등을 살펴보면 우리의 문화, 종교, 철학, 역사까지 한 눈에 확인할 수 있다. 기원부터 복장, 놀이, 설화 등을 이야기와 삽화, 만화 형식의 다양한 구성으로 설명해 준다.",https://image.aladin.co.kr/product/59/85/cover500/899042089x_1.jpg, 장수하늘소 지음;손명자 그림, 배동바지,2005
사회과학,빛나는 우리 문화유산3. 3: 음식 편,,https://image.aladin.co.kr/product/61/96/cover500/8990420911_1.jpg, 장수하늘소 지음;조우영 그림, 배동바지,2006
사회과학,(초등학생들이 가장 궁금해하는)경제 이야기 51,"초등학교 중학년 이상의 어린이들의 눈높이에 맞춰 쓴 경제 학습서. 어린이들을 상대로 설문 조사를 실시해 경제에 대한 100개의 주제어를 고른 후, 이 중에서 특히 어린이들이 많은 호기심을 나타낸 51개의 문항을 최종적으로 선택해 책을 만들었다.",https://image.aladin.co.kr/product/41/25/cover500/8950990393_2.jpg, 송양민;이찬교 지음, 을파소,2006
사회과학,대한민국헌법,2021년 새롭게 출간한 더휴먼의 《대한민국헌법》 미니북은 헌법 전문과 함께 영문판을 전격 동시수록해서 독자들에게 헌법 정신을 전달하는 가교 역할을 하고 있다. 또한 고급스러운 금장 에디션을 통해 최고법인 헌법의 가치를 드높이고 있는 것이 특징이다.,https://shopping-phinf.pstatic.net/main_4844177/48441776621.20240615091311.jpg, 대한민국 지음, 더휴먼,2024
사회과학,먼저 온 미래,"소설과 논픽션을 넘나들며 과학기술이 삶과 사회에 미칠 영향을 탐구해 온 저널리스트-작가 장강명이 전현직 프로기사 30명과 바둑 전문가 6명을 만나 알파고 이후 바둑계에 ‘먼저 온 미래’를 돌아보고, 인공지능이 문학계를 비롯한 여러 업계에 가져올 변화를 전망한 르포르타주다.",https://shopping-phinf.pstatic.net/main_5546614/55466149541.20250625103002.jpg, 장강명 지음, 동아시아,2025
사회과학,이병한의 아메리카 탐문,"1000일 동안 100개 나라, 1000개 도시를 주유한 ‘유라시아 대장정’을 통해 독자들의 뜨거운 사랑을 받았던 이병한 작가가 《유라시아 견문》 이후 10년 만의 신작을 펴냈다. 이번에는 아메리카다! ‘미국을 다시 위대하게’(MAGA)라는 복음이 아메리카 전역에 울려 퍼지고 있다.",https://shopping-phinf.pstatic.net/main_5534095/55340956315.20250619120303.jpg, 이병한 지음, 서해문집,2025
사회과학,일을 잘 맡기는 기술,"조직과 팀 입장에서 리더 혼자 하는 게 빠른데 왜 일을 맡겨야 하는지 그 이유를 설명하고, 일을 맡기기 전 알아두어야 할 사항, 일을 잘 맡기는 방법, 맡겨놓은 일을 잘 해내도록 돕는 방법을 소개한다.",https://shopping-phinf.pstatic.net/main_4648320/46483202618.20240319093957.jpg, 모리야 도모타카 지음;정지영 옮김, 센시오,2024
사회과학,(EBS 다큐프라임)미치도록 보고 싶었던 돈의 얼굴,"우리는 매일 돈을 쓰고, 돈을 벌기 위해 일하며 살아간다. 하지만 정작 돈이 어디에서 왔고, 어디로 흘러가는지를 깊이 고민하지 않는다. EBS 다큐프라임 화제작을 바탕으로 한 『돈의 얼굴』은 바로 그 질문에서 출발한다. 이 책은 돈의 탄생부터 이자, 인플레이션, 빚, 암호화폐, 투자 심리에 이르기까지, 돈을 둘러싼 여섯 가지 주제를 통해 자본주의 사회의 구조와 그 속에 놓인 개인의 현실을 함께 조망한다.",https://shopping-phinf.pstatic.net/main_5546386/55463864698.20250625102419.jpg, EBS 돈의 얼굴 제작진;조현영 [공]지음, Youngjin.com(영진닷컴),2025
사회과학,우리는 다른 미래를 상상할 수 있을까,"진보 저널리즘 매체 《트루스아웃》의 저널리스트 C. J. 폴리크로니우가 세계적 지성 노엄 촘스키, 경제학자 로버트 폴린과 나눈 심층 대담을 엮은 기록이다.",https://shopping-phinf.pstatic.net/main_5595009/55950098215.20250726092111.jpg, 노암 촘스키;C. J. 폴리크로니우 [공]지음;최유경 옮김, 알토북스,2025
사회과학,경제로 지구를 구해볼까?,"기후위기의 원인과 영향, 일상의 실천 방법을 청소년의 눈높이에 맞춰 소개할 뿐 아니라 질문과 토론거리를 제공하며 이해의 깊이를 더한다. 이 책은 특히 기후위기와 경제를 통합적으로 이해하는 데 초점을 두었다.",https://shopping-phinf.pstatic.net/main_5321445/53214453545.20250226094410.jpg, 주수원 지음, 착한책가게,2025
사회과학,게으르게 살지만 부자는 되고 싶어,"매일 가계부를 쓰겠다고 다짐했지만 나흘을 넘긴 적이 없고, 투자에 대한 의욕은 금세 사라지곤 한다. 하지만 유튜브 채널을 운영하고 책까지 펴낸 저자 예프리는 말한다. “내가 부지런해 보여도, 사실은 움직일 수밖에 없는 환경을 만든 것뿐”이라고.",https://shopping-phinf.pstatic.net/main_5454507/54545078117.20250510091646.jpg, 예프리 지음, 모티브,2025
사회과학,상위 2% 자소서의 15가지 조건,현직 인사담당자가 다년간의 채용실무 경험을 통해 접한 수많은 합격자와 불합격자의 특징을 분석한 결과를 공개한다. 전문적인 분석기법을 통해 도출한 합격하는 자소서들이 가지는 특징을 바탕으로 합격을 이끌어 내는 자소서 작성법을 명확한 기준과 전략으로 제시한다.,https://shopping-phinf.pstatic.net/main_5395751/53957515258.20250411141812.jpg, 김다빛 지음, 바른북스,2025
사회과학,자소서 바이블 3.0,,https://shopping-phinf.pstatic.net/main_5616451/56164518041.20250808091336.jpg, 이준희 지음, 얼라이브북스,2025
사회과학,최고민수 경제사 특강. 1,"유튜브 채널 ‘침착맨’, ‘빠니보틀’로 우리에게 친숙한 ‘최고민수’가 145만 뷰를 넘긴 화제의 영상 ‘경제사 특강’을 모티브로 한 『최고민수 경제사 특강 1』을 출간했다. 특유의 입담으로 수다스럽고 유쾌하고 발랄하게 풀어낸 ‘세계사 속 경제 이야기’다.",https://shopping-phinf.pstatic.net/main_5595084/55950845867.20250726092125.jpg, 최고민수 지음, 경이로움,2025
사회과학,해커톤,"수많은 해커톤에 참여하고 국제 규모의 해커톤에서 입상한 저자가 자신의 경험을 바탕으로, 10개의 프로젝트 예제를 통해 아이디어 발상, 기획, 구현, 발표까지 실제 해커톤의 과정을 자세하게 알려준다.",https://shopping-phinf.pstatic.net/main_5584521/55845217091.20250719071223.jpg, 노아론 지음, 로드북,2025
사회과학,아이디어 물량공세,거대 글로벌 기업들의 혁신 멘토이자 조직 창의성의 대가 제러미 어틀리와 기업가적 혁신과 창의성의 요람이라 불리는 스탠퍼드대 디스쿨의 창립교수 페리 클레이반은 그 답을 신간 『아이디어 물량공세』에 담았다.,https://shopping-phinf.pstatic.net/main_4653934/46539343618.20250408093518.jpg, 제러미 어틀리;페리 클레이반 [공]지음;이지연 옮김, 리더스북,2024
사회과학,인생의 컨닝페이퍼,"유튜브 채널 ‘인생컨닝, 박종경 변호사’를 통해 현실적인 인생 조언과 성공 노하우를 전하며 2030세대의 ‘인생 멘토’로 불리고 있는 박종경 변호사의 첫 책이다. 현실적인 한계에 부딪힌 청년들에게 인생이라는 시험의 ‘컨닝페이퍼’를 건네듯 성공의 지름길을 제시하는 실용적 자기계발서다.",https://shopping-phinf.pstatic.net/main_5489367/54893674569.20250522092834.jpg, 박종경 지음, 토네이도,2025
사회과학,월급쟁이 재테크 상식사전,"결혼 자금, 내 집 마련, 노후 대비 등 각자의 재테크 목적에 따른 추천 포트폴리오를 추가하고, 다양한 재테크 고민을 가진 사람들의 실제 재무설계 사례를 담아 더욱 풍성하게 재구성한 이 책은 돈 공부가 처음인 사람도 쉽게 읽을 수 있는 최고의 재테크 입문서이다.",https://shopping-phinf.pstatic.net/main_5246622/52466229304.20250114083811.jpg, 우용표 지음, 길벗,2025
사회과학,이 책은 돈에 관한 동기부여 이야기,‘절약의 달인’이 떴다! 첫 월급으로 141만 원이라는 최저시급을 받으면서 4년 2개월 만인 24살에 1억 원을 모아 SBS 〈생활의 달인〉에 출연해 화제를 모았던 진짜 달인이다. 화제의 주인공인 곽지현 작가가 이번에는 책 출간에 도전했는데 바로 《이 책은 돈에 관한 동기부여 이야기》이다.,https://shopping-phinf.pstatic.net/main_5091788/50917881627.20241020071147.jpg, 곽지현 지음, 생각지도,2024
사회과학,킹 달러,"달러 패권을 지탱하는 것은 무엇인가? 위안화와 엔, 유로의 탈달러화 시도는 왜 실패할 수밖에 없는가? 책은 세계 금융질서의 핵심을 찌르는 이 물음들에 답을 찾아가며, ‘단기 약세’를 띠더라도, ‘장기 강세’로 수렴하는 달러 패권의 반복되는 사이클을 밝혀낸다.",https://shopping-phinf.pstatic.net/main_5598591/55985916563.20250729091745.jpg, 폴 블루스타인 지음;서정아 옮김, 인플루엔셜,2025
사회과학,파워 메탈,전작 『모래가 만든 세계』에서 우리가 미처 보지 못한 모래라는 물질 이면에 있던 현실을 고발하고 비밀을 파헤쳐 베스트셀러 작가 반열에 오른 빈스 베이저는 이번에 우리의 미래를 결정지을 핵심 금속의 세계를 탐사한다.,https://shopping-phinf.pstatic.net/main_5584805/55848053669.20250722084802.jpg, 빈스 베이저 지음;배상규 옮김, 까치,2025
사회과학,공부가 되는 뉴스 독해,중·고등 교육 과정에서 비문학 독해는 모든 공부의 기초이자 달라진 2028 입시에서도 더욱 중요해졌다. 『공부가 되는 뉴스 독해』는 십 대가 알아야 할 신문 속 비문학 지식을 안내하며 비문학 독해 근력을 키울 수 있도록 도와준다.,https://shopping-phinf.pstatic.net/main_5599425/55994253246.20250729092123.jpg, 뉴스쿨 지음, 길벗스쿨,2025
사회과학,서울대 합격생 노트 정리법,"서울대학교에 입학한 저자들이 2016년 서울대학교 합격생들을 개별적으로 인터뷰하고 그들이 공부했던 교과서와 노트, 문제집 들을 그러모아 교과서 필기와 노트 정리, 문제집 풀이의 노하우를 추려 냈다.",https://shopping-phinf.pstatic.net/main_3247167/32471673054.20231115072231.jpg, 김진경;신재문 [공]지음, 꿈결,2016
사회과학,K뷰티 트렌드,"K뷰티는 단순히 한류 콘텐츠의 연장선이 아니다. 빠른 시장 반응, 민첩한 실행조직, 감각적인 브랜딩, 데이터 기반의 기획력 등 오늘날 글로벌 시장에서 통하는 전략을 가장 먼저 실험하고 구현한 현장이다. 이 책은 K뷰티 산업이 어떻게 ‘따라가는 산업’에서 ‘주도하는 산업’으로 자리매김했는지를 분석하며, 그 속에 담긴 전략적 사고와 실행력의 구조를 해부한다.",https://shopping-phinf.pstatic.net/main_5609374/56093749792.20250805075017.jpg, 김난도 외 지음, 미래의창,2025
사회과학,모르면 호구 되는 경제상식,"출간 후 5년여 동안 ‘경알못(경제 알지도 못하는 사람)’ 독자들에게 꾸준한 지지를 받아 온 책이다. 이번 2024년 개정판에서는 포스트 코로나 시대의 고금리 기조와 그에 따른 여러 경제 상황의 변화, 국제 정세의 급변과 신기술의 등장 등 최신의 경제 지식을 모두 아우르고 있다.",https://shopping-phinf.pstatic.net/main_4565657/45656578630.20240206082836.jpg, 이현우 지음, 한즈미디어,2024
사회과학,지도를 펼치고 차별 대신 평등,"‘모든 사람이 존중받는 평화로운 세상’으로 가는 길을 모색한 책이다. 지은이는 40여 년간 전 세계의 전쟁과 재난 현장, 도움의 손길이 필요한 지역을 직접 찾아 활동한 전문가. 책상 위의 뜬구름 잡는 이론이 아니기에 더욱 설득력 있다.",https://shopping-phinf.pstatic.net/main_5611336/56113361905.20250805092932.jpg, 유정애 글;노영주 그림, 푸른역사,2025
사회과학,나의 첫 금융 공부,"금융 산업을 처음 접하는 청소년 독자들을 대상으로 한다. ‘금융이란 무엇인가’에서부터 증권시장, 종합주가지수, 신용점수와 기준금리, 환율 등 분명히 들어는 봤지만 알쏭달쏭 자신 없던 진입 장벽 높은 금융 용어들은 물론, 그 원리를 알기 쉽게 설명하며 우리 경제의 이모저모를 짚어 낸다.",https://shopping-phinf.pstatic.net/main_5621418/56214187914.20250812122748.jpg, 이완배 지음, 북트리거,2025
사회과학,세상은 실제로 어떻게 돌아가는가,"세계적 환경과학자 바츨라프 스밀 신작. 기후변화, 식량, 에너지, 팬데믹까지 미래의 한계와 기회에 대비하기 위한 필독서다.",https://shopping-phinf.pstatic.net/main_3820371/38203716623.20230404163209.jpg, 바츨라프 스밀 지음;강주헌 옮김, 김영사,2023
사회과학,호의에 대하여,"문형배 재판관이 편견과 독선에 빠지지 않고 작고 평범한 보통의 삶을 지키기 위해 배우고 성찰하며 기록한 120편의 글을 담은 책이다. 나의 일상을 풍요롭게 채우는 건 어떤 의미인가, 다른 사람의 삶을 온전히 이해할 수 있는가, 사람과 사회는 바뀔 수 있는가. 자작나무에서 지리산으로, 도스토옙스키에서 몽테스키외로, 일상에서 재판까지.",https://shopping-phinf.pstatic.net/main_5642221/56422215313.20250827071544.jpg, 문형배 지음, 김영사,2025
사회과학,워런 버핏 웨이,"⟪워런 버핏 웨이⟫ 30주년 기념판에서, 저명한 작가이자 투자자인 로버트 해그스트롬은 오늘날 가장 뛰어난 투자자인 워런 버핏의 투자 전략을 집대성한 베스트셀러의 결정판을 선보인다. 이 책은 워런 버핏의 투자 전략인 ‘비즈니스 중심 투자(Business-Driven Investing)’의 열두 가지 원칙과, 그가 포트폴리오를 운영하는 독창적인 접근 방식을 설명한다.",https://dls2.edunet.net/DLS/api/homepage/holding/getCoverImage.do?prov_code=E10&neis_code=E100000276&bib_key=34206522739, 로버트 해그스트롬 지음;신용우 옮김, 상상스퀘어,2025
사회과학,세계 경제 지각 변동,"지금까지 경험해 온 기존의 세계 질서가 무너지고 새롭게 재편되는 과정에서 우리가 나아갈 길을 탐색하고자 한다. 세계 경제의 구조적 변화와 앞으로 다가올 금융 시장을 전망하고, 지속 가능한 성장을 위한 대안을 심도 있게 다룬다.",https://shopping-phinf.pstatic.net/main_5540159/55401590712.20250621110430.jpg, 박종훈 지음, 글로퍼스,2025
사회과학,(박곰희)연금 부자 수업,베스트셀러 《박곰희 투자법》 출간 5년 만에 돌아온 금융 유튜버 박곰희가 이번엔 연금으로 평생 월급 받는 비밀을 공개한다. 절실한 질문들에 대한 현실적이고 구체적인 답변을 《박곰희 연금 부자 수업》에 녹여냈다.,https://shopping-phinf.pstatic.net/main_5548208/55482086306.20250626091147.jpg, 박곰희 지음, 인플루엔셜,2025
사회과학,오늘의 꿈이 내일이 되는 학교,,https://shopping-phinf.pstatic.net/main_5202717/52027174629.20250619092541.jpg, 박신숙 지음, 다인아트,2024
사회과학,오늘의 꿈이 내일이 되는 학교,,https://shopping-phinf.pstatic.net/main_5202717/52027174629.20250619092541.jpg, 박신숙 지음, 다인아트,2024
사회과학,오늘의 꿈이 내일이 되는 학교,,https://shopping-phinf.pstatic.net/main_5202717/52027174629.20250619092541.jpg, 박신숙 지음, 다인아트,2024
사회과학,오늘의 꿈이 내일이 되는 학교,,https://shopping-phinf.pstatic.net/main_5202717/52027174629.20250619092541.jpg, 박신숙 지음, 다인아트,2024
사회과학,오늘의 꿈이 내일이 되는 학교,,https://shopping-phinf.pstatic.net/main_5202717/52027174629.20250619092541.jpg, 박신숙 지음, 다인아트,2024
사회과학,서울대학교 AI융합교육학과 인공지능 수업 가이드,"서울특별시교육청과 서울대학교가 협약해 설립한 서울대학교 사범대학원 AI융합교육학과의 초·중등 현직 교사들이 집필한 AI융합수업 실천 사례집으로, AI융합교육전공이 개설된 대학에서 참고할 수 있도록 기획되었다.",https://shopping-phinf.pstatic.net/main_5552408/55524086842.20250628091837.jpg, 오유나 [외]지음, 다빈치books,2025
사회과학,"AI, 글쓰기, 저작권","AI를 활용하고 AI를 넘어서는 법. 20년 넘게 매일 글을 써온 작가이자 저작권 분야 변호사, 문화평론가인 정지우는 생성형 AI의 등장이 우리 삶과 창작을 어떻게 바꾸어놓는지를 철학적·실용적·법적으로 조명한다.",https://shopping-phinf.pstatic.net/main_5510784/55107843756.20250610093845.jpg, 정지우 지음, 마름모,2025
사회과학,AI+로봇,"로봇이 단순한 산업용 기계에서, 인간과 함께 생활하고 판단하는 ‘사회적 존재’로 진화하는 과정을 생생하게 그린다. 여기에 AI의 고유한 계산력과 학습 능력, 로봇의 물리적 행동력과 환경 적응력을 함께 짚어주어, 두 기술이 결합했을 때 나타나는 특성과 가능성을 폭넓게 이해할 수 있도록 한다.",https://shopping-phinf.pstatic.net/main_5626129/56261290122.20250816071354.jpg, 김영재 지음, Mid(엠아이디),2025
사회과학,ETF 투자의 모든 것,"ETF는 분산투자의 장점을 살린 안전하면서도 수익률 높은 재테크다. 증권전문기자의 정보와 경험을 바탕으로, 본격적인 시작점에 있는 사람들이 당장 맞닥뜨리는 ETF 투자의 A부터 Z까지 조목조목 담아낸 책이 나왔다.",https://shopping-phinf.pstatic.net/main_5601136/56011367863.20250730092049.jpg, 문일호 지음, 매일경제신문사(매경출판),2025
사회과학,"브랜딩, 인사이트, 디자인","터너 더크워스의 구성원, 그리고 이들과 긴밀히 협업해 온 세계적인 전문가들의 생생한 글과 150여 장의 컬러 도판으로 구성되었다. 터너 더크워스 30년의 노하우와 독특하고 낙관적인 철학과 통찰력을 전수하고, 완성도 높은 브랜드 전략을 구성하는 핵심 요소를 제시한다.",https://shopping-phinf.pstatic.net/main_5632063/56320630923.20250819084740.jpg, 터너 더크워스;자일스 링우드 [공]지음;정상희 옮김, 을유문화사,2025
사회과학,왜 성공한 리더들은 아무리 바빠도 미술관에 가는가,"페이스북 마크 저커버그, 아마존 제프 베조스, 애플 팀 쿡, 현대카드 정태영, 신세계 정용진, 방탄소년단 RM…. 늘 바쁜 일정의 세계 리더들이 꾸준히 찾는 장소 중 하나는 ‘미술관’이다. 뉴욕의 MoMA, 메트로폴리탄, 구겐하임 등 세계적인 미술관에서 이들의 모습을 목격하는 일은 그리 드문 일이 아니다. 그렇다면 이들이 그토록 바쁜 와중에도 시간을 내어 미술관을 찾는 이유는 무엇일까?",https://shopping-phinf.pstatic.net/main_5633278/56332789353.20250820092228.jpg, 아키모토 유지 지음;정지영 옮김, 센시오,2025
사회과학,Google로 칼퇴하는 교사들의 시크릿,"학교 현장은 디지털 대전환, AI 시대, 스마트 교육의 물결 속에 있지만 정작 ID와 비밀번호를 잊어버려 로그인에 시간을 쏟는 학생들, 산더미 같은 행정 업무에 초과근무하는 교사들의 모습은 여전하다. 그러나 Google Workspace for Education을 제대로 활용하는 순간, 모든 것이 달라진다.",https://shopping-phinf.pstatic.net/main_5382763/53827637635.20250330072101.jpg, 김학민 [외] 지음, 교사크리에이터협회,2025
사회과학,한국의 미래,"트럼프 정부 2기의 시작과 미·중 패권 경쟁의 심화, 그리고 이재명 신정부의 경제정책, 세계를 뒤흔드는 AI 기술혁명까지. 우리는 지금 앞으로 30년을 좌우할 변곡점 위에 서 있다. 이 책은 빠르게 재편되고 있는 세계 경제 질서의 본질을 꿰뚫고, 그 변화가 한국의 가계·기업·정부에 미칠 영향을 분석하여 우리가 나아가야 할 투자 전략을 제시한다.",https://shopping-phinf.pstatic.net/main_5660911/56609114828.20250906091558.jpg, 박석중 지음, 페이지2(page2),2025
사회과학,상처받지 않을 권리 다시 쓰기,2009년 출간하자마자 인문 교양서로는 드물게 화제의 베스트셀러에 올랐던 《상처받지 않을 권리》 전면 개정판이 《상처받지 않을 권리 다시 쓰기》라는 제목으로 출간됐다. “자본주의가 우리에게 삶의 자유를 빼앗고 그 대가로 소비의 자유라는 치명적인 상처만을 안겨주었다”는 내용을 담은 《상처받지 않을 권리》는 당시 철학자 강신주라는 이름을 널리 알린 출발점 같은 책이었다.,https://shopping-phinf.pstatic.net/main_4626952/46269522620.20240309092123.jpg, 강신주 지음, 오월의봄,2024
사회과학,주식 투자의 기쁨,"무려 70년간 자신만의 루틴으로 주식 투자를 이어온 일본의 워런 버핏, 후지모토 시게루. 19세의 나이에 주식 투자를 시작해 89세가 된 지금까지도 현역 트레이더인 그가 그토록 즐겁게 투자를 이어오고 궁극에는 엄청난 수익률을 기록할 수 있었던 비법을 알려준다.",https://shopping-phinf.pstatic.net/main_5616452/56164521299.20250809092316.jpg, 후지모토 시게루 지음;오정화 옮김, 다산북스,2025
사회과학,머니:인류의 역사,"전 세계에서 가장 영향력 있는 경제학자 6위, 제임스 조이스상 수상 작가라는 타이틀을 갖고 있는 아일랜드의 경제학자, 데이비드 맥윌리엄스. 그가 5년에 걸쳐 집필한 『머니: 인류의 역사』는 ‘돈 문제’를 중심으로 5000년 인류의 역사를 재해석한 작품이다.",https://shopping-phinf.pstatic.net/main_5636000/56360001442.20250917095240.jpg, 데이비드 맥윌리엄스 지음;황금진 옮김, 포텐업,2025
사회과학,(평생 가는)진짜 공부,교사이자 학부모인 저자들 열두 명이 모여 그런 고민에 대한 답을 구해 보고자 노력한 결과물이다. 자신이 아이들을 가르치고 기르며 체득한 조금은 특별한 교육 방법을 소개한다.,https://shopping-phinf.pstatic.net/main_5643974/56439740000.20250902075921.jpg, 전국교사작가협회 책쓰샘 지음, 알파에듀(알파미디어),2025
사회과학,사이버 내란-댓글 전쟁,"국가기관 · 외곽조직 · 플랫폼 · 커뮤니티가 어떻게 맞물려 한국의 온라인 공론장을 뒤틀어 왔는지 하나의 흐름으로 추적한다. 노무현재단 이사이자 민주당 게임특위위원장인 황희두가 10년간 축적한 자료와 현장 기록을 토대로, 온라인에서 만들어진 프레임이 현실 권력과 맞물려 확산되는 과정을 구체적 사례로 보여준다.",https://shopping-phinf.pstatic.net/main_5658748/56587483843.20250905095930.jpg, 황희두 지음, 시월,2025
사회과학,저소비 생활,늘지 않는 월급과 줄지 않는 카드값 사이에서 결단이 필요한 모두에게 제안하는 ‘저소비 생활’. 《저소비 생활》의 저자가 월세 포함 70만 원으로 한 달을 보내며 얻은 것은 단지 ‘돈’이 아니었다. 경제적 불안에서 해방되는 것은 물론 돈을 쉽게 쓰며 잃었던 작은 기쁨과 취향을 되찾을 수 있었다.,https://shopping-phinf.pstatic.net/main_5655787/56557878247.20250903091736.jpg, 가제노타미 지음;정지영 옮김, 알에이치코리아(RHK),2025
사회과학,커뮤니티에 입장하셨습니다,"“다른 이들의 삶과 생각을 느끼고, 그 차이에서 새로운 나를 발견하는 것은 내게도 세상에도 더 많은 가능성을 열어준다.”라는 평을 받은 「사상검증구역: 더 커뮤니티」를 기획·연출한 권성민 피디가 『커뮤니티에 입장하셨습니다』를 통해 그 이야기를 확장해 간다.",https://shopping-phinf.pstatic.net/main_5522721/55227216318.20250617094530.jpg, 권성민 지음, 돌고래,2025
사회과학,대한민국 재난의 탄생,"서울대학교 과학학과 홍성욱 교수를 비롯한 국내 과학기술학자 9인이 세월호, 가습기살균제, 미세먼지, 코로나19 등 21세기 한국의 기술 재난을 과학기술학의 관점으로 면밀히 분석하고 성찰했다.",https://shopping-phinf.pstatic.net/main_4598462/45984622627.20240224093010.jpg, 홍성욱 [외]지음, 동아시아,2024
사회과학,샘 올트먼,"오픈AI CEO 샘 올트먼, 세계 최초 독점 전기. 실리콘 밸리에서 10년 넘게 샘 올트먼을 취재하며, 그가 벤처 캐피털의 세계에서 리더로 성장하던 시기부터 오픈AI의 설계자이자 ‘해고된 CEO’로 세계 언론의 중심에 섰던 순간까지, 샘 올트먼이라는 인물의 입체적 전모를 포착해 냈다.",https://shopping-phinf.pstatic.net/main_5654446/56544460306.20250902081226.jpg, 저우헝싱 지음;정주은 옮김, 지니의서재,2025
사회과학,인생 설계자의 공식,"《인생 설계자의 공식》은 저자의 풍부한 경험과 자기계발 멘토로 활동하며 집약된 수많은 이들의 데이터를 집약해서, 삶을 만족스럽고 성공적인 방향으로 바꿀 수 있는 노하우를 제시한다.",https://image.aladin.co.kr/product/31192/23/cover500/8947548804_1.jpg, 하워드 H. 화이트 지음;김미정 옮김, 한국경제신문,2023
사회과학,엣지,우리가 EDGE를 가졌을 때 어떤 힘을 가질 수 있는지 확인할 좋은 사례들이 상당히 많이 담겨 있다. 또한 개인뿐만 아니라 EDGE를 창출해 승승장구하고 있는 기업에 대한 예시도 다양하게 담겨 있어 흥미롭고도 교훈으로 삼을 만한 풍부한 읽을거리를 제공한다.,https://image.aladin.co.kr/product/31313/17/cover500/8933871942_1.jpg, 로라 후앙 지음;이윤진 옮김, 세계사,2023
사회과학,(권지수 교육학)요점쏙쏙,"교육학의 필수적인 내용을 엄선한 요약집이다. 교육학 기본서에서 핵심을 추출하고, 그렇게 가려낸 핵심을 한 번 더 요약하였다. 교육학 전체 내용을 빠뜨리지 않으면서, 요약 내용을 중심으로 가장 빠르게, 그리고 가장 효율적으로 학습할 수 있도록 구성하였다.",https://image.aladin.co.kr/product/26942/91/cover500/k512730818_1.jpg, 권지수 편저, 박문각,2021
사회과학,이런 공부법은 처음이야,빛의 속도로 클릭해야 수강 신청에 성공할 수 있는 서울대학교 ‘광클 수업’의 주인공 신종호 교육학과 교수의 십 대를 위한 공부법의 정수를 담은 『이런 공부법은 처음이야』가 출간되었다.,https://image.aladin.co.kr/product/31088/33/cover500/8950968118_1.jpg, 신종호 지음, 21세기북스(북이십일),2023
사회과학,레버리지,"수많은 젊은 부자가 선택한 『레버리지』의 20만 부 돌파 블랙 에디션이 출간되었다. 라이프해커 자청, 브라이언 트레이시가 강력 추천한 이 책은 2017년 국내 출간 이후 한국 독자들의 꾸준한 사랑을 받아 경제경영 바이블로 자리 잡았다. 아직까지 『레버리지』를 보지 못한 사람이라면 어떻게 읽고 활용해야 할까?",https://image.aladin.co.kr/product/31064/69/cover500/k842831525_2.jpg, 롭 무어 지음;김유미 옮김, 다산북스,2023
사회과학,핑크펭귄,"2017년 초판 발행 후 마케터가 읽어야 할 필도서로 꾸준히 추천 받아온 ≪핑크펭귄≫. ≪핑크펭귄≫은 세계적인 마케팅 전문가 빌 비숍이 내놓은 마케팅 전략서로 지난 25년 간 전 세계 4,000여개 기업에서 실행하고 성과를 거둔 사례를 바탕으로 비즈니스 차별화를 이룰 수 있는 모든 방법을 담은 책이다.",https://image.aladin.co.kr/product/27001/13/cover500/k142730224_2.jpg, 빌 비숍 지음;안진환 옮김, 스노우폭스북스,2017
사회과학,공정무역은 세상을 어떻게 바꿀 수 있을까,"세계 공정무역 운동을 이끈 이들이 자신들의 경험을 바탕으로 공정무역 운동의 과거, 현재, 미래를 톱아본 책이다. 이 책에 글을 쓴 이들은 ‘세계 공정무역 1세대’라고 부를 수 있을 만한 이들이다. 최초로 일반인들에게 공정무역 제품을 판매한 코업의 최고 경영자, 공정무역 운동을 이끈 영국 공정무역재단의 이사, 공정무역 마을 운동을 이끌었던 공정무역 운동가, 취급하는 모든 바나나를 공정무역 제품으로 바꾼 세인즈버리의 실무자, 인기 초콜릿 제품을 공정무역으로 전환한 캐드버리의 실무자 등이 이 책에서 자신들의 이야기를 털어놓고 있다.",https://image.aladin.co.kr/product/1682/43/cover500/8996512036_1.jpg, 존 보우스 외 지음;한국공정무역연합 옮김, 수이북스,2013
사회과학,후쿠시마에 남겨진 동물들,2011년 원자력발전소 사고 후 경계구역으로 지정된 원전 20킬로미터 이내 지역은 피난령이 내려진 상태라 사람은 모두 자취를 감췄다. 동물을 돌볼 이가 없다는 의미이다. 이런 상황 속에서 가까스로 살아남은 동물들이 굶어죽거나 야생화 되어 가고 있다.,https://image.aladin.co.kr/product/2424/23/cover500/8997137050_2.jpg, 오오타 야스스케 지음;하상련 옮김, 책공장더불어,2013
사회과학,(바티칸의 금서)군주론,"이제까지 출간된 들에서 발견되는 불확실한 문장들을 쉽게 이해할 수 있도록 바로잡았다. 고전이 어렵다는 편견을 지울 수 있도록 옛날 이야기를 읽는 듯 편안한 문체로 번역한 것이 특징. 상세한 주석과 함께 15세기 이탈리아의 역사적 배경, 본문에 등장하는 인물들을 부록으로 수록했다.",https://image.aladin.co.kr/product/57/2/cover500/8988601637_2.jpg, 니콜로 마키아벨리 지음, 돋을새김,2005
사회과학,(김미경의)드림 온,"대한민국 국민강사 김미경 원장의 새 책. 이 책에서 저자 김미경 원장은 “꿈은 성공이 아니라 성찰의 언어이고, 성취가 아니라 성장의 언어다.”라고 선언한다. 김미경 원장은 이 책에서 꿈을 만들고, 키우고, 가지고 노는 그 법칙과 기술을 공개했다.",https://image.aladin.co.kr/product/2159/16/cover500/8965701201_2.jpg, 김미경 지음, 쌤앤파커스,2013
사회과학,(김미경의)드림 온,"대한민국 국민강사 김미경 원장의 새 책. 이 책에서 저자 김미경 원장은 “꿈은 성공이 아니라 성찰의 언어이고, 성취가 아니라 성장의 언어다.”라고 선언한다. 김미경 원장은 이 책에서 꿈을 만들고, 키우고, 가지고 노는 그 법칙과 기술을 공개했다.",https://image.aladin.co.kr/product/2159/16/cover500/8965701201_2.jpg, 김미경 지음, 쌤앤파커스,2013
사회과학,(흔들리는 30대를 위한)언니의 독설,"tvN 스타특강쇼 역대 최고 시청률을 기록한 대한민국 최고의 여성 멘토 김미경의 독한 코칭이 담긴 책으로, 그동안 현장에서 만난 수많은 워킹우먼들의 고민에 명쾌한 해답을 제시한다.",https://image.aladin.co.kr/product/2029/69/cover500/8950940760_1.jpg, 김미경 지음, 21세기북스,2013
사회과학,한 달에 한 번 12명의 인생 멘토를 만나다,"'김미경의 책으로 만나는 강의' 1권. 성공적인 자기계발 강의로 주목받고 있는 ‘김미경의 파랑새’ 특강을 책으로 엮어냈다. 김미경 저자는 우리 시대의 인생 멘토 12명을 직접 선별하고, 다달이 그들의 주옥같은 가르침을 전한다. 이를 테면 한 해의 시작인 1월에는 빌 게이츠에게 내 꿈을 디테일하게 설계하는 방법을 배우고, 한 학기가 시작되는 3월에는 장영신 애경그룹 회장에게 배움의 자세를 배우는 식이다.",https://image.aladin.co.kr/product/1494/44/cover500/8950935309_2.jpg, 김미경 지음, 21세기북스,2012
사회과학,유엔미래보고서 2030,"성장이 멈추고 모든 자원이 고갈되며, 온실가스 배출의 정점을 찍은 후에 찾아올 2030년의 미래에 우리가 맞이할 세 가지 분야의 가상시나리오를 제시하는 책이다.",https://image.aladin.co.kr/product/2118/37/cover500/899723594x_1.jpg, 박영숙 외 지음, 교보문고,2013
사회과학,액션! 청춘,한겨레 TV를 통해 진행된 'Dear 청춘'이라는 강연을 바탕으로 15인의 '행동하는 청춘들'의 유쾌발랄한 메시지를 담은 책이다. 이 책의 주인공들은 좋은 스펙을 가지는 것 이외에 다른 길은 없다고 애써 외면하는 청춘들에게 '또 다른 길'을 보여준다.,https://image.aladin.co.kr/product/2165/5/cover500/8992814623_1.jpg, 박수진 지음, 글담,2012
사회과학,경제학자의 영화관,"영화 속에서 경제원리, 경제심리, 경제사, 현실경제, 경제지표등의 경제상식을 읽어내는 책. 영화를 자세히 들여다보면 경제심리가 인물들을 이끌어가고 경제학이 관객을 빨아들이고 있다는 사실을 알 수 있다.",https://image.aladin.co.kr/product/2202/76/cover500/8994120491_2.jpg, 박병률 지음, 한빛비즈,2012
사회과학,구글을 가장 잘 쓰는 직장인 되기,조선비즈의 모든 구성원이 회사 IT시스템을 처음부터 구축하고 3년 동안 운영하면서 얻은 생생한 경험과 노하우를 담고 있다. 디지털 마법을 이용해 매일 쏟아지는 일거리를 업무시간 안에 효과적으로 처리했던 현장의 이야기가 담겨 있다.,https://image.aladin.co.kr/product/2297/69/cover500/8954620388_1.jpg, 우병현 지음, 휴먼큐브,2013
사회과학,꿈이 있는 공부는 배신하지 않는다,"쇼 티모시 야노는 9살 때 대학에 입학할 정도로 뛰어난 자질을 보였지만 동양인이란 이유로, 남과 다르다는 이유로 차별과 편견을 받아야 했다. 그런 그가 역경을 극복하고 미국 최연소 M.D/Ph.D 학위를 받기까지의 이야기를 담았다.",https://image.aladin.co.kr/product/1809/25/cover500/8996746444_1.jpg, 쇼 야노 지음, 센추리원,2012
사회과학,"청춘, 거침 없이 달려라",이 책을 읽고 있을 청춘들보다 조금 더 일찍 온실 밖으로 나온 청춘들이 전하는 이야기. 스펙 대신 꿈을 좇은 강남구와 역시 꿈으로 향하고 있는 청춘 10인의 이야기가 담겨 있다.,https://image.aladin.co.kr/product/2455/97/cover500/8974255952_1.jpg, 강남구 지음, 국일미디어,2013
사회과학,(십대를 위한)직업 콘서트,"꿈결 청소년 교양서 꿈의 비행 시리즈 2권. 진로에 대해 청소년의 눈높이에서 함께 고민해 보고, 청소년들이 선호하는 직업들을 분야별로 구체적으로 소개한다. 한국고용정보원 직업연구센터에서 다양한 직업의 세계를 연구하는 저자는 진로와 직업을 아우르며 청소년들이 자신만의 길을 찾아갈 수 있도록 길잡이가 되어준다.",https://image.aladin.co.kr/product/1758/31/cover500/8996783153_1.jpg, 이랑 지음, 꿈결,2013
사회과학,어떻게 살 것인가,"정치인에서 자유인으로 돌아와 내놓은 유시민의 첫 번째 책. 정치인 유시민에 가려져 있었던 자연인 유시민의 사람과 자연, 사회와 역사에 대한 생각을 온전하게 보여준다. 이 책을 쓰는 작업은 그에게 자신의 미래를 새롭게 고민하고 설계하는 과정이었다.",https://image.aladin.co.kr/product/2398/18/cover500/8965132282_2.jpg, 유시민 지음, 아포리아,2013
사회과학,최고의 공부,"‘교수를 가르치는 교수’란 별명을 가진 교수법 전문가 켄 베인 박사는 EBS 다큐멘터리 <최고의 교수>에 출연하여 하버드대학교 마이클 샌델, 피츠버그대학교 골드스타인 교수와 같은 최고의 교수 8명을 직접 선정한 것으로 유명하다.",https://image.aladin.co.kr/product/2506/38/cover500/8937834111_1.jpg, 켄 베인 지음;이영하 옮김, 와이즈베리,2013
사회과학,(어떤 테이블에서도 나의 품격을 높여주는)미식가의 도서관,식사의 맛과 품격을 더하는 음식 교양 사전. 식문화 및 와인 강의로 유명한 강지영이 전 세계 음식 문화와 테이블 매너에 대한 이야기를 한 곳에 모은 책을 펴냈다. 이 책에는 음식에 숨겨진 갖가지 이야기가 양념처럼 배어 있다.,https://image.aladin.co.kr/product/2351/85/cover500/8950945932_1.jpg, 강지영 지음, 21세기북스,2013
사회과학,내가 나로 살아갈 수 없다면,취업 앞에서 포기하고 좌절하며 불안해하는 젊음들이 많다. 이 책은 불안해하는 젊음을 위로하지 않는다. 회사가 원하는 차별화된 인재상과 자신이 원하는 길을 찾아 끊임없이 '나'와 대화하도록 체계적인 방법과 매뉴얼을 제공한다.,https://image.aladin.co.kr/product/2027/4/cover500/8955966490_1.jpg, 김태진 지음, 한언,2012
사회과학,지구본에 너의 꿈을 새겨라,"김용 총재의 인생 이야기와 성공 스토리를 엮은 책. 저자는 서울경제신문 뉴욕특파원생활 동안 한인단체와 교포들로부터 접할 수 있었던 김용 총재에 대한 일화와 에피소드, 그의 인품과 성품, 리더십 등을 담아낸 책이다.",https://image.aladin.co.kr/product/2064/56/cover500/897504579x_1.jpg, 서정명 지음, 함께북스,2012
사회과학,(세상에서 제일 쉬운)만화경제학,"경제학의 기틀을 세운 애덤 스미스부터 신자유주의를 내세운 밀턴 프리드먼까지, 경제학의 역사를 이끌어온 중요한 경제학자 여덟 명의 이론을 쉽고 핵심적으로 보여준다.",https://image.aladin.co.kr/product/2208/54/cover500/8966184987_1.jpg, 조립식;조윤형 지음, 길벗,2013
사회과학,그는 어떻게 그 모든 일을 해내는가,"하버드 경영대학원 교수이자 브루킹스 연구소의 고위연구원인 로버트 포즌이 밝히는 직장 내 고성과 달성 비법. 회의를 주재하고, 논의를 이끌어내고, 공감대를 형성하는 데 귀재로 잘 알려진 포즌 교수는 이 책을 통해, 상사와 조직이 기대하는 미래 리더에게 반드시 필요한 요긴한 조언들을 전한다.",https://image.aladin.co.kr/product/6039/51/cover500/8934971215_1.jpg, 로버트 포즌 지음;차백만 옮김, 김영사,2015
사회과학,열한 살의 유서,"자유와 희망을 찾아 죽음을 무릅쓰고 시도한 세 번의 탈북, 그러나 북한을 빠져나온 그들 앞에는 또 다른 지옥이 기다리고 있었다. 9년에 걸쳐 북한, 중국, 몽골, 대한민국 서울까지 생사의 갈림길에서 살아남은 한 가족의 눈물겨운 탈북 실화가 공개된다.",https://image.aladin.co.kr/product/3199/67/cover500/8993866538_1.jpg, 세바스티앙 팔레티;김은주 [공]저;문은실 옮김, 씨앤아이북스,2013
사회과학,선물,"《선물》스페셜 에디션. 작가의 메시지가 더욱 돋보이고, 더 편안하게 읽을 수 있도록 문장을 섬세하게 다듬고, 감성적인 일러스트를 더했다. 곱씹어 볼 만한 문장과 사색이 필요한 부분에 적절하게 배치한 일러스트는 글의 행간을 더 깊이 읽어갈 수 있도록 도와줄 것이다.",https://image.aladin.co.kr/product/25227/92/cover500/8925589923_3.jpg, 스펜서 존슨 지음;형선호 옮김, 알에이치코리아,2020
사회과학,소환된 미래교육,"코로나19 사태를 맞이한 학교 현장과 그 안에서 고군분투하고 있는 교원들의 고민을 통해 그동안 학교를 학교답지 못하게 했던 것은 무엇인지, 우리가 원했던 학교의 역할은 무엇인지 자세히 들여다본다.",https://image.aladin.co.kr/product/24818/10/cover500/k942631030_1.jpg, 교육정책디자인연구소 지음, 테크빌교육,2020
사회과학,이기적 네트워크관리사 1·2급 필기(이론+기출문제)(2021),네트워크관리사 1급과 2급 필기 시험을 준비하는 분들이 효과적으로 시험에 대비할 수 있도록 구성된 도서다.,https://image.aladin.co.kr/product/24421/37/cover500/8931462050_1.jpg, 임호진 지음, 영진닷컴,2020
사회과학,어서와! 공기업은 처음이지?,"공기업 입사를 희망하는 ‘취업준비생’ 및 입사 2년 미만의 신입사원을 위한 ‘공기업 사용 설명서’. 공기업에는 어떤 기업들이 있는지, 그 기업들은 어떤 특성을 갖고 있는지를 알려주고 민간기업과도 비교한 책이다.",https://image.aladin.co.kr/product/22908/94/cover500/8964951565_1.jpg, 임재선 지음, BG북갤러리,2020
사회과학,돈의 속성,"초판 발행 후, 경제경영 필도서로 자리매김한 『돈의 속성』 200쇄 기념 개정증보판이다. 200쇄에 맞춰 코로나19로 바뀐 경제상황과 돈에 관한 김승호 회장의 추가 메시지를 담았다.",https://image.aladin.co.kr/product/28884/59/cover500/s522832546_1.jpg, 김승호 지음, 스노우폭스북스,2020
사회과학,미래 교육을 멘토링하다,교육전문가인 김지영 박사가 코로나19로 인한 전반적인 사회의 변화와 교육의 변화 속에서 우리가 아이들을 위해 좀 더 ‘시급하게’ 신경을 써야 할 역량이 무엇인지에 대해 고민한 내용을 담았다.,https://image.aladin.co.kr/product/25241/9/cover500/k892633007_1.jpg, 김지영 지음, Soulhouse,2020
사회과학,더 프레젠테이션,"현장에서의 프레젠테이션은 논리적이고 구조화된 프레젠테이션이다. 화려한 언변과 보여지는 스킬 보다는 업무의 전문성을 바탕으로 하는 주장이 있는 프레젠테이션이다. 궁금증이 남지 않고, 상사를 설득할 수 있는 프레젠테이션이야 말로 리얼 프레젠테이션인 것이다. 이 책은 성공적인 직장생활을 꿈꾸며 오늘도 보고와 업무회의를 준비하는 직장인들을 위한 것이다.",https://image.aladin.co.kr/product/25216/98/cover500/k842633808_1.jpg, 정진석 지음;정나은 그림, 플랜비디자인,2020
사회과학,비대면 비즈니스 트렌드,"현재 일어나고 있는 현상을 인용하여 전달하는 방식이 아닌, 지금의 상황을 정확하게 보여주되 발생 전후 상황과 앞으로 일어날 일을 예측하고자 했다. 그리고 전 세계에서 동시다발적으로 벌어지는 국내외 다양한 사례를 통해 아이디어를 얻고 새로운 시도를 할 수 있도록 가능한 한 상황을 이해하기 쉬운 방법으로 정리하였다",https://image.aladin.co.kr/product/25151/45/cover500/895674856x_1.jpg," 김동현,마정산 지음", 정보문화사,2020
사회과학,핵무기와 국제정치 쫌 아는 10대,"사회 쫌 아는 십대 9권. 인류 과학기술의 절정체이면서도 강력한 파괴력으로 우리의 생명을 위협하는 핵무기에 대한 이야기를 풀어 나간다. 동시에 핵무기를 통해 국제사회에서 주도권을 쥐기 위한 여러 나라의 과거와 현재 모습, 전략, 계획, 과정도 상세히 알려 준다.",https://image.aladin.co.kr/product/25011/74/cover500/k242632725_1.jpg, 김준형 글;방상호 그림, 풀빛,2020
사회과학,공부는 절대 나를 배신하지 않는다,"전교 꼴찌로 고등학교에 입학해 수능 만점을 받고 서울대 자유전공학부에 합격, 전국적으로 화제를 모은 송영준 군의 공부 비법을 공개한 책. 어려운 집안 형편으로 학원이나 과외 같은 사교육의 도움 없이 오로지 학교 공부만으로 이루어 낸 결과라 전 언론의 주목을 받았다.",https://image.aladin.co.kr/product/24848/63/cover500/k992631353_1.jpg, 송영준 지음, 메이븐,2020
사회과학,규칙없음,"넷플릭스의 현 CEO가 쓴 첫 책으로, 넷플릭스의 경영 방식과 기업문화에 관해 인시아드 경영대 교수 에린 마이어와 대담하는 방식으로 이뤄진다. 어떻게 넷플릭스는 모두의 상식을 뒤엎는 파격적인 행보로 세계 최고 가치의 기업이 되었을까? 미국과 영국, 이탈리아, 일본 등 전 세계 20개국에 판권이 팔린 《규칙 없음》에 낱낱이 공개된다.",https://image.aladin.co.kr/product/24790/60/cover500/8925599635_3.jpg," 리드 헤이스팅스,에린 마이어 지음;이경남 옮김", 알에이치코리아,2020
사회과학,워크 라이프,"작가이자 미디어 전략가, 커뮤니케이션 디렉터인 몰리 어만은 《워크 라이프》에서 프로 직장인으로 성장하며 능력을 키우고 긍정적인 인간관계를 형성, 스스로의 가치와 태도의 품위를 높이는 실질적이고도 합리적인 조언들로 가득한 직장생활 노하우를 담아낸다.",https://image.aladin.co.kr/product/25063/14/cover500/k652632755_1.jpg, 몰리 어만 지음;크리스 산톤 그림;김지나 옮김, 맥스미디어,2020
사회과학,10일만에 배우는 MBA,최근 경영환경 변화에 직면한 국내기업들이 기업 인력양성을 위해 도입하고 있는 MBA 프로그램을 설명한 책. 무한경쟁시대를 살면서 경영관리자들이 오랜 시간과 많은 비용을 투자해야만 얻을 수 있다고 여겨온 까다로운 경영실무지식을 저렴하고도 손쉽게 접근할 수 있도록 한다는 의도에서 씌어졌다.,https://image.aladin.co.kr/product/0/1/cover500/8981200289_1.gif, 스티븐 실비거 지음;김종한;임성규 옮김, 새로운사람들,2002
사회과학,그들이 말하지 않는 23가지,"세계적인 경제학자 장하준 케임브리지 대학 교수가 『나쁜 사마리아인들』 이후 3년 만에 내놓은 책으로,그 동안 신자유주의를 강력하게 비판해온 장교수의 2008년 세계금융위기 이후 첫 단행본이다. 책은 우리가 무심코 불가피한 것으로 받아들이곤 하는 경제 문제 23가지에 대해 역사적 사실(史實)과 주변 사례(事例)를 가지고 그 이면을 짚어 준다. 영국에서는 책이 나오자마자 아마존 경제 부문 1위에 올랐으며 이후 미국, 일본, 러시아, 독일, 네덜란드, 대만, 태국 등 모두 9개국에서 출간 또는 출간이 예정되어 있다.",https://image.aladin.co.kr/product/783/53/cover500/8960511196_3.jpg, 장하준 지음;김희정;안세민 옮김, 부키,2011
사회과학,워렌 버핏 평전. 2: 투자,지상 최대의 부자이자 투자 세계의 최고 거인인 워렌 버핏의 거의 모든 역사를 담은 책. 투자편으로 크게 투자철학과 실전투자로 나눌 수 있으며 투철하고 분명한 투자원칙들과 그 원칙 아래 실제로 투자한 기업들과 그 과정에서 벌어진 일화를 담은 버핏 투자 일전이다.,https://image.aladin.co.kr/product/226/22/cover500/8991141404_1.jpg, 앤드류 킬패트릭 지음;안진환;김기준 옮김, 윌북,2008
사회과학,될 수 있다 : 요리 편,,https://image.aladin.co.kr/product/20/67/cover500/8972781649_1.gif, 박찬일 지음, 청년사,2006
사회과학,(만화로 보는)학과의 세계. 1: 인문·사회·교육 계열,"청소년들의 진로 선택을 위한 대학 학과 소개서. 대한민국 최초의 우주인 이소연 박사부터 신혜성 판사, 장영희 서강대 교수, 윤수영 KBS 아나운서 등 인생 멘토가 될 수 있는 유명인들의 학과 선택에 얽힌 재미있고 생생한 이야기를 실었다. 청소년들이 진로를 정하는 데 도움이 되고자 엮은 책이다.",https://image.aladin.co.kr/product/320/35/cover500/8970906835_1.jpg, 와이즈멘토 지음;이주한 그림, 동아일보사,2010
사회과학,(만화로 보는)학과의 세계. 2: 자연·공학 계열,"청소년들의 진로 선택을 위한 대학 학과 소개서. 대한민국 최초의 우주인 이소연 박사부터 신혜성 판사, 장영희 서강대 교수, 윤수영 KBS 아나운서 등 인생 멘토가 될 수 있는 유명인들의 학과 선택에 얽힌 재미있고 생생한 이야기를 실었다. 청소년들이 진로를 정하는 데 도움이 되고자 엮은 책이다.",https://image.aladin.co.kr/product/320/42/cover500/8970906843_1.jpg, 와이즈멘토 지음;이주한 그림, 동아일보사,2010
사회과학,꿈을 찾아주는 내비게이터,"수많은 청소년들의 진로와 적성을 상담해온 하버드 박사 출신의 지은이가 청소년들에게 그 방법과 길을 안내하는 책이다. 지은이는 ""아무리 좋은 대학을 나와도 커리어에 실패하게 되면 성공에서 그만큼 멀어지게 된다. 청소년들이 지금 해야 할 가장 중요한 일은 하루라도 빨리 자신의 미래 진로를 찾는 것이다""고 강조한다.",https://image.aladin.co.kr/product/264/25/cover500/8995996544_1.jpg, 정효경 지음, 마리북스,2011
사회과학,바보 노무현,"일생을 국민의 편에서 국민을 위한 정치를 펼친 진정한 지도자 노무현. 이 책은 정치사적인 의미를 담기보다는, '바보 노무현'이 '바보 노무현 대통령'이 될 수밖에 없었던 이야기를 담았다. 대립과 반목, 투쟁과 갈등을 넘어 동과 서, 남과 북, 가난한 사람과 부자, 높은 자리와 낮은 자리, 그리고 나와 너를 뛰어 넘어 화해와 상생으로 가고자 했던 그의 꿈에 관한 이야기이다.",https://image.aladin.co.kr/product/401/15/cover500/8991984266_1.jpg, 장혜민 지음, 미르북스,2009
사회과학,자기소개서로 대학가기,"수년간 고3 학생들의 담임을 맡아온 현직 고교 교사가, 그동안 자신의 지도를 받고 대학에 진학한 학생들의 자기소개서 사례글을 모아 구성했다. 사례글은 한 문항당 여러 답안이 제시될 수 있게 구성하였고, 또한 문제의 조건을 어떻게 충족시키며 답안을 전개해나는지를 파악하기 쉽도록 '글의 흐름 포인트'와 별도의 부분표시를 곁들여 바람직한 작성법을 자연스럽게 터득하도록 도와주고 있다.",https://image.aladin.co.kr/product/223/88/cover500/8992386273_1.jpg, 이만석 지음, 네오씽크,2009
사회과학,입학사정관제로 대학가기,"입학사정관제로 합격한 학생들의 실제 사례를 통해 입학사정관제로 대학 가는 방법을 통해 설명한 책. 수시 입시에서 입학사정관제 전형이 갖는 비중을 설명하고 이 전형의 제출 서류(학교 생활 기록부, 자기 소개서, 추천서)의 작성 방법을 구체적인 사례와 함께 안내하고자 했다.",https://image.aladin.co.kr/product/434/24/cover500/8992386419_1.jpg, 이만석 지음, 네오씽크,2010
사회과학,나만의 기통찬 자기주도학습법,"31명의 합격생이 들려주는 살아있는 자기주도 학습서. 조선 교육문화센터에서 입학사정관제 강의를 담당하는 송태인 교수는 변화하는 입시에 혼란스러워하는 학생, 학부모, 교사들에게 새로운 교육트렌드에 맞는 공부법을 체계적적으로 제시해 준다.",https://image.aladin.co.kr/product/725/32/cover500/8991907334_3.jpg, 송태인 지음, 미디어숲,2010
사회과학,사람답게 아름답게,"청소년을 위한 인권 이야기 책이다. 오랫동안 법 현장에서 인권문제와 씨름해왔고, 강단에서 인권법철학을 강의해 온 차병직 변호사가 월간 '말'에 연재한 글을 모아 펴냈다. 초등학교 4학년부터 중학생까지 볼 수 있겠고, 책을 읽으며 자연스럽게 '인간다운 세상'을 꿈꿀 수 있다.",https://image.aladin.co.kr/product/43/58/cover500/895561313x_2.jpg, 차병직 지음, 바다출판사,2011
사회과학,지진,"안전 생활 지침서 1권. 한신·아와지 대지진 때 지진을 경험한 167명의 생생한 목소리로 만들어진 그림책으로, 실제 지진을 경험한 사람들의 실제적인 조언과 세련된 구성이 어우러진 것이 특징이다.",https://image.aladin.co.kr/product/11010/75/cover500/896177140x_1.jpg, 지진일상프로젝트 글;요리후지 분페이 그림;고향옥 옮김, 다림,2018
사회과학,올 어바웃 플라워숍,"삼청동 인기 플라워숍 [가드너스 와이프]의 주인이자 플로리스트인 엄지영, 가드너 강세종 부부가 플라워숍 창업과 운영에 관한 모든 것을 이야기한다.",https://image.aladin.co.kr/product/13193/25/cover500/8956059462_1.jpg," 엄지영,강세종 [공]지음;이근영,강세종 [공]사진", 북하우스엔,2018
사회과학,기획 초보자가 꼭 알아야 할 85가지,"컨셉을 잡고, 조사와 분석을 실행한 후 전략을 짜고, 프레젠테이션을 준비하는 등 기획에 꼭 필요한 핵심 4단계를 소설 형식을 빌려 설명한다.",https://image.aladin.co.kr/product/96/25/cover500/8960600466_1.jpg, 구로야나기 아쓰시 지음;이정은 옮김, 원앤원북스,2007
사회과학,최고가 되려면 최고를 만나라,"저자가 브라이언 트레이시, 워렌 베니스, 켄 블랜차드, 하워드 슐츠 등 가히 ‘세계 최고’라 불릴 만한 이들을 직접 만나며 얻은 황금 같은 조언이 그들의 육성과 사진으로 고스란히 담겨 있는 책이다.",https://image.aladin.co.kr/product/2766/48/cover500/8965701503_1.jpg, 최상태 지음, 쌤앤파커스,2013
사회과학,꿈으로 돌파하라!,"2011년 출간된 <고승덕의 ABCD 성공법>을 청소년의 눈높이에 맞춰 새로 엮은 것으로, 삶을 성공으로 이끄는 ‘꿈의 힘’이 무엇이며 그런 꿈을 이루기 위해서는 어떻게 노력해야 하는지에 대해 알려 준다.",https://image.aladin.co.kr/product/2643/65/cover500/8996753017_1.jpg, 고승덕 지음, 마켓데일리주식회사(개미들),2013
사회과학,마음 일기,"현직 교사인 저자가 아이들과 더불어 아픔을 치유한 과정과 경험을 한 권에 담았다. 아이들을 병들게도 하고, 죽게 만들기도 하지만 언제 아팠냐는 듯 팔팔하게 살려낼 수도 있는 ‘마음’의 힘을 생생하게 만날 수 있다.",https://image.aladin.co.kr/product/2630/70/cover500/8990828643_1.jpg, 장혜진 지음;박수현 구성, 르네상스,2013
사회과학,Maximum Achievement 잠들어 있는 성공시스템을 깨워라,세계적인 자기계발 분야의 전문가 브라이언 트레이시가 몸소 겪은 경험을 바탕으로 자신이 원하는 성공과 성취를 이루려면 우리가 어떤 노력을 기울어야 하는지를 쉽고 간결하게 알려주는 책. 그가 들려주는 얘기들이 누구나 알고 있는 사실임에도 읽을 때마다 가슴 저 밑바닥에서 무언가 뭉클한 것이 솟아나는 이유는 철저하게 경험에서 우러나온 것이기 때문이다.,https://image.aladin.co.kr/product/767/73/cover500/8960302538_2.jpg, 브라이언 트레이시 지음;홍성화;김동수 [공] 옮김, 황금부엉이,2010
사회과학,하늘은 무너지지 않는다,"재미있고 지혜가 넘치는 우화들을 읽으면서, 자기 스스로를 돌아보고 창의적인 발상으로 미래를 설계할 수 있는 길을 열어주는 책이다. 실용성과 ‘읽는 즐거움’을 짧고 명확하게 표출함으로써 누구나 쉽고 편안하게 읽을 수 있다는 장점을 갖고 있다.",https://image.aladin.co.kr/product/3031/1/cover500/8992512414_1.jpg, 김견;박성재 [공] 지음, 토파즈,2013
사회과학,메모의 정석,"정보화 사회 속에서 살아가는 우리가 가치 있는 정보를 어떻게 만들어 나가고, 정보를 어떻게 다루어야 하는가를 모색하는 책이다.",https://image.aladin.co.kr/product/2374/11/cover500/8960400661_1.jpg, 김영진 지음, 큰방,2013
사회과학,(아이의 미래를 바꾸는)학교혁명,"TED에서 10년 연속 1위를 차지하고 있는 강연 '학교가 창의력을 죽인다'의 켄 로빈슨 교수의 저서. 표준화라는 명목 아래 전세계적으로 행해지는 획일적 교육의 폐해를 비판하면서, 엘리트 위주의 교육제도를 탈피해 어떤 아이라도 외면 받지 않는 개인 맞춤형 교육을 제안한다.",https://image.aladin.co.kr/product/7119/12/cover500/8950959275_1.jpg, 켄 로빈슨;루 애로니카 [공]지음;정미나 옮김, 21세기북스,2015
사회과학,거꾸로교실,"2014년 3월, KBS 파노라마 [21세기 교육 혁명-미래 교실을 찾아서 3부작, 1편 거꾸로교실의 마법, 2편 가르침 시대의 종말, 3편 진짜 세상을 향한 교실]이 방영된 이후, 한국 사회에서는 ‘거꾸로교실’이라는 새로운 교육 실험이 파장을 일으키고 있다.",https://image.aladin.co.kr/product/5200/69/cover500/1185992065_1.jpg, 존 버그만;애론 샘즈 [공]지음;정찬필;임성희 [공]옮김, 에듀니티,2015
사회과학,레고,"이 책은 레고의 탄생과 성장, 그들이 겪은 위기의 원인을 분석하고 이를 통해 모든 조직이 직면하는 혁신의 딜레마에 대한 통찰을 제시한 탁월한 케이스 스터디이다. 어떤 혁신이 성공하고 실패하는지, 혁신의 속도와 방향을 어떻게 설정해야 하는지 레고 그룹의 부활의 여정을 통해 풀어냈다.",https://image.aladin.co.kr/product/7922/59/cover500/8965745241_1.jpg, 데이비드 로버트슨;빌 브린 [공]지음;김태훈 옮김, 해냄,2016
사회과학,이토록 공부가 재미있어지는 순간,2015년 2월 출간되어 5년이 넘는 시간 동안 ‘전국 서점 청소년 분야 스테디셀러 1위’를 기록하며 수많은 청소년에게 꿈과 희망을 심어준 책이다. 그 이유는 바로 이 책이 ‘공부의 본질’을 전하기 때문이다.,https://image.aladin.co.kr/product/28170/33/cover500/k562835560_1.jpg, 박성혁 지음, 다산3.0,2015
사회과학,이토록 공부가 재미있어지는 순간,2015년 2월 출간되어 5년이 넘는 시간 동안 ‘전국 서점 청소년 분야 스테디셀러 1위’를 기록하며 수많은 청소년에게 꿈과 희망을 심어준 책이다. 그 이유는 바로 이 책이 ‘공부의 본질’을 전하기 때문이다.,https://image.aladin.co.kr/product/28170/33/cover500/k562835560_1.jpg, 박성혁 지음, 다산3.0,2015
사회과학,나를 발견하는 시간,"이 책은 우리 시대의 진정한 석학 16인이 전하는 실천적 생각법이다. ‘노엄 촘스키가 이 시대의 아픔과 문제를 고민하고 해결하려 노력하는 이유는?’, ‘에릭 슈미트가 실패의 경험을 높이 사는 이유는?’처럼 석학들이 세계적인 자리에 오를 수 있었던 과정을 생생하게 담고 있다.",https://image.aladin.co.kr/product/7542/74/cover500/k852434011_1.jpg, 양영은 지음, 생각정원,2015
사회과학,(김상호의 10대를 위한)진로 특강,"진로를 고민하는 청소년에게 꼭 필요한 정보와 노하우를 하나로 엮은 책이다. 자신을 이해하는 방법, 적성을 진로로 만드는 방법, 진로를 위한 진학 방법, 실패하지 않는 진로 선택 방법까지. 저자의 직업·진로 20년간의 연구 성과는 진로를 찾는 가장 이상적인 방법을 제시한다.",https://image.aladin.co.kr/product/7600/48/cover500/8963057186_1.jpg, 김상호 지음, 노란우산,2016
사회과학,혼자서 공부해봤니?,"‘혼자 하는 공부(혼공)’의 힘을 몸소 체험한 저자는 혼공이야말로 가장 빨리 성적을 올리고, 폭발적인 성장을 이끌며, 능동적으로 인생을 사는 유일한 방법이라고 말한다. 이 책에 그가 지금껏 실천해온 궁극의 ‘3단계 혼자 공부법’이 담겨 있다.",https://image.aladin.co.kr/product/15156/39/cover500/k742533467_1.jpg, 모타야마 가쓰히로 지음;조해선 옮김, 북클라우드,2018
사회과학,(공부가 재밌어지는)진로의 정석,"일선에서 진로 코치로 많은 학생들과 학부모를 만나 진로 발견의 노하우를 터득한 저자가 자신의 경험을 바탕으로 진로 발견의 3단계 과정과 그 안에서 갖춰야 할 세 가지 도구인 비전맵과 사명서, 시간 관리에 대하여 다른 학생들의 실례를 들어가며 재미있게 설명하는 책이다.",https://image.aladin.co.kr/product/337/69/cover500/8901092328_1.jpg, 엄명종 지음, 웅진웰북,2009
사회과학,(서양 고대)전쟁사 박물관,"그리스의 등장에서부터 로마의 멸망까지 고대 1,000년의 시간동안 유럽과 근동 역사 속에 등장하는 대표적인 전쟁들을 화려한 컬러 도상과 자세하고 구체적인 자료를 곁들여 설명했다.",https://image.aladin.co.kr/product/62/34/cover500/8990828279_1.jpg, 존 워리 지음, 르네상스,2006
사회과학,(학급활동으로 이어가는) 집단상담,,https://image.aladin.co.kr/product/1153/41/cover500/8980401264_1.jpg, 배경숙 지음, 우리교육,2006
사회과학,지혜로운 교사는 어떻게 말하는가,"지혜로운 교사의 교실 대화법 67가지. 교사의 말 한마디가 어떤 아이에게는 평생 상처가 되기도 하고, 어떤 아이에게는 평생 격려가 되기도 한다. ‘아’ 다르고 ‘어’ 다른 말을 제대로 사용하기 위해서는 적절하게 다루는 기술이 필요하다.",https://image.aladin.co.kr/product/2908/20/cover500/8956991634_1.jpg, 칙 무어만;낸시 웨버 [공]지음;윤미나 옮김, 한문화,2015
사회과학,구글의 미래,"구글이 꿈꾸는 미래와 그 실현을 위해 진행 중인 연구와 사업, 전략을 이야기하는 책. 구글은 미래를 어떻게 예측하며 사업 전략을 세우고 있는지, 그 실현을 가능하게 하는 구글의 힘은 무엇인지 설명하면서, 나아가 우리가 미래를 위해 무엇을 준비해야 하는지까지 시사한다.",https://image.aladin.co.kr/product/8229/86/cover500/k952434952_3.jpg, 토마스 슐츠 지음;이덕임 옮김, 비즈니스북스,2016
사회과학,"교사, 수업에서 나를 만나다",현직 교사이자 수업 코칭의 전문가로서 많은 교사들의 수업을 함께 보고 이야기를 나누어 온 김태현 저자의 신작. 그간 저자가 지켜본 교사들의 수업은 대부분 교사의 내면적 두려움으로 인해 끊임없이 흔들리고 있었다.,https://image.aladin.co.kr/product/1880/94/cover500/8991617050_1.jpg, 김태현 지음;조선진 일러스트, 좋은교사,2015
사회과학,난생 처음 사장,"경험 부족으로 인한 불안감 극복에서부터 나이 많은 직원관리, SNS 인맥관리, 효과적인 퍼스널 브랜드 구축 등에 관한 조언뿐 아니라 다양한 통계자료와 미래 분석까지, 젊은 리더에게 필요한 거의 모든 것을 담았다.",https://image.aladin.co.kr/product/8912/84/cover500/896051554x_1.jpg, 린지 폴락 지음;한유선 옮김, 부키,2016
사회과학,회복적 생활교육 학급운영 가이드북,회복적 학급 운영에 관한 현장 보고서. 회복적 생활교육은 '회복적 정의' 패러다임 위에 세워진 생활교육 방식이다. 한국평화교육훈련원에서 2년 간 실천한 교사 연구모임과 학급운영 담임코칭 프로그램을 한 권의 책으로 담았다.,https://image.aladin.co.kr/product/7852/25/cover500/k352434629_1.jpg, 정진 지음, 피스빌딩,2016
사회과학,스타트업 바이블,MIT 슬론 경영대학원 빌 올렛 교수의 책. 이 책은 MIT의 학생들을 창업 천재로 만든 놀라운 비법을 소개하고 있다. 저자는 예비창업가들이 지금껏 한 번도 경험한 적 없던 ‘혼란스럽고 두려운 창업 여정’에 꼭 챙겨야 할 지도를 그려주고자 이 책을 집필했다고 말한다.,https://image.aladin.co.kr/product/7114/49/cover500/k872434791_1.jpg, 빌 올렛 지음;백승빈 옮김, 비즈니스북스,2015
사회과학,"명견만리: 윤리, 기술, 중국, 교육 편","전편 '명견만리'에서 인구, 경제, 북한, 의료 분야를 중심으로 기존의 예측을 깨는 내용들을 보여줬다면, 이번 '명견만리_미래의 기회 편'에서는 윤리, 기술, 중국, 교육 분야를 중심으로 우리 공동체와 개인의 미래를 바꿀 기회들을 탐색한다.",https://image.aladin.co.kr/product/9028/40/cover500/k292535907_3.jpg, KBS &lt명견만리&gt 제작팀 지음, 인플루엔셜,2016
사회과학,데일 카네기 인간관계론,"《데일 카네기 인간관계론》은 전 세계에서 6000만 부 이상 판매되어 ‘성경 다음으로 많이 팔린 베스트셀러’로 불린다. 이번 영문판은 저자의 의도를 최대한 살리기 위해 1936년에 출간된 초판을 입수해, 서문에서 부록까지 단 하나의 내용도 빠뜨리지 않고 100% 무삭제로 제작했다.",https://image.aladin.co.kr/product/32957/34/cover500/k892936244_1.jpg, 데일 카네기 지음;박선영 옮김, 상상스퀘어,2023
사회과학,겟 머니 [큰글자 도서],"박봉의 월급쟁이 시절, 그저 열심히 일하면 부자가 될 수 있을 거라는 막연한 생각을 바꿔준 부자들의 한마디. 한국의 진짜 부자 수백 명을 만나 인터뷰하고 그들의 한마디 한마디를 듣고 부에 대한 통찰을 얻어 자신도 부자가 된 이야기.",https://image.aladin.co.kr/product/32993/18/cover500/k272936656_1.jpg, 이경애 지음, 밀리언서재,2022
사회과학,질문 있는 사람,"우리는 왜 질문을 할까? 다른 사람의 생각이 궁금해서? 내 고민을 해결하고 싶어서? 검색만 하면 척척 답을 구할 수 있는 시대, 이제 우리에게 중요한 것은 답이 아닌 질문이다. 그간 수많은 사람들에게 질문하고, 질문 받았던 이승희 저자는 좋은 질문을 던지는 것만으로도 또 다른 생각이 시작되고, 성장으로 이어진다는 것을 발견했다.",https://image.aladin.co.kr/product/32734/30/cover500/k822936078_1.jpg, 이승희 지음, 북스톤,2023
사회과학,원칙,"이 시대의 가장 위대한 투자자이자 경영자 레이 달리오, 그가 지켜온 원칙은 무엇인가? 은퇴를 앞둔 그가 드디어, 세계 최대 규모의 헤지펀드 브리지워터 어소시에이츠를 40년 이상 이끌어온 자신만의 인생 철학과 원칙을 212개로 정리하여 일반 독자들에게 공개한다.",https://image.aladin.co.kr/product/14794/57/cover500/k402532155_1.jpg, 레이 달리오 지음;고영태 옮김, 한빛비즈,2018
사회과학,초심력,저자 임형재는 흙수저 출신으로 성공을 꿈꾸는 현실 세계의 모든 사람이 애타게 찾던 롤모델 청년사업가이자 진정한 라이프해커다. 이 책에는 흙수저였던 저자가 성공한 기업가로 변모하는 과정에서 하나하나 축적한 성공을 위한 사고방식이 잘 정리되어 있다.,https://image.aladin.co.kr/product/32591/58/cover500/8972773840_1.jpg, 임형재 지음, 지니의서재,2023
사회과학,MBC를 날리면,지난 30년간 대한민국 공영방송 역사의 산증인으로서 언론인 박성제만이 들려줄 수 있는 이야기를 풀어놓는다. 처음 공개되는 ‘날리면’ 논란의 놀라운 뒷이야기부터 현재 진행형인 ‘MBC 죽이기’와 구성원들의 투쟁까지 언론인 박성제가 기록한 대한민국 언론의 수난사가 고스란히 담겨 있다.,https://image.aladin.co.kr/product/32582/44/cover500/893647944x_2.jpg, 박성제 지음, 창비,2023
사회과학,수학 잘하는 환경은 따로 있습니다,"24년차 현장 전문가의 오랜 경험과 노력의 결과물이다. 5~7세부터 고3까지 폭넓은 연령대의 아이들, 다수의 수학 영재들과 최상위권 아이들을 가르친 경험에, 세 아이의 엄마로서 자녀들을 수학을 좋아하는 아이들로 양육했던 경험까지 모두 담았다.",https://image.aladin.co.kr/product/32890/56/cover500/k642936426_1.jpg, 천지민 지음, 해뜰서가,2023
사회과학,타인의 고통에 응답하는 공부,"소수자의 건강에 대한 사회적 책임을 질문해 온 김승섭이 그간의 연구를 소개하는 공부의 기록이자, 그 과정에서 겪은 시행착오를 고백하는 분투의 기록이다.",https://image.aladin.co.kr/product/32875/45/cover500/8962625814_1.jpg, 김승섭 지음, 동아시아,2023
사회과학,(20년 차 신 부장의)금융지표 이야기,경제지표와 더불어 금융지표를 분석하는 방법까지 체득한다면 투자자로서 향후 투자의 방향을 설정할 수 있는 강력한 무기를 장착하는 것과 같다. 이 책은 바로 투자자들에게 새로운 무기가 될 금융지표 분석법을 소개하고 있다. 17개의 지표를 통해 금융시장의 심리를 읽어보자.,https://image.aladin.co.kr/product/32762/85/cover500/k122936281_1.jpg, 신년기 지음, 지음미디어,2023
사회과학,(이코노미스트)2024 세계대전망,한국경제신문에서 해마다 출간되어온 글로벌 전망서 이코노미스트의 ‘The World Ahead’ 시리즈가 올해도 변함없이 《2024 세계대전망》으로 출간된다. 한치 앞도 알 수 없는 불안정한 상황 속에서 전 세계 패러다임 예측에 있어 최고의 권위를 자랑하는 <이코노미스트>가 2024년에 세계 시장에 대한 심도 깊은 전망을 내놓는다.,https://image.aladin.co.kr/product/32915/91/cover500/8947549290_3.jpg, 이코노미스트 지음;김인섭 [외]번역, 한국경제신문(한경BP),2023
사회과학,The 똑똑한 청소년 시사상식,책 한 권으로 더 똑똑해지자! “인문·경제·정치·사회·과학·문화·우리말”까지 상식의 스펙트럼이 넓어진다. 상식 키워드별 면접·논술 기출문제로 사고력 확장. 수능·논술·면접·수행평가·토론·퀴즈대회 준비도 한 번에 OK,https://image.aladin.co.kr/product/32994/94/cover500/k232937760_1.jpg, 시사상식연구소 지음, 시대고시기획,2024
사회과학,흠결 없는 파편들의 사회,저자는 오랫동안 다양한 세대 여성과 남성의 일 경험을 듣고 동시대 일터가 나아질 수 있는지 질문했다. 그리고 각 세대 여성들이 각자의 싸움을 떠안고 파편화되는 대신 어떤 변화를 만들 수 있을지 골몰했다. 이 책은 페미니스트 문화인류학자가 여성과 일터에 관해 오랜 시간 묻고 탐구해 그려낸 동시대의 지도다.,https://image.aladin.co.kr/product/32841/4/cover500/k822936508_1.jpg, 김현미 지음, 봄알람,2023
사회과학,기적의 서울대 쌍둥이 공부법,아이의 학습 성향을 파악 및 진단하는 방법부터 이를 기반으로 내 아이에게 맞춘 중장기 공부 지도를 만들어 공부 능률을 높이는 상세한 지침을 이 책에 담았다. 더불어 대치동 학부모들에게 자주 듣는 학습법 질문들에 대한 서울대 쌍둥이만의 모든 노하우를 안내한다.,https://image.aladin.co.kr/product/33601/17/cover500/k322939708_1.jpg," 여호원,여호용 [공]지음", 다산에듀,2023
사회과학,22세기 민주주의,"데이터 알고리듬을 이용해 비즈니스와 공공 정책을 구상하고 디자인해온 저자는 무수한 민의 데이터를 수집, 가공하여 민주주의의 꽃인 선거에 적용하자고 제안한다. 다양한 센서가 민의를 대변하는 무의식 데이터 민주주의 등 다양한 혁신적 대안을 제시한다.",https://image.aladin.co.kr/product/33663/74/cover500/k912939738_1.jpg," 나리타 유스케 지음;서유진,이상현 [공]옮김", 틔움,2024
사회과학,10년 후 100배 오를 암호화폐에 투자하라,"암호화폐 시장은 이제 시작이다. 물론 암호화폐 시장이 단기간에 급격히 성장한 건 사실이며, 그만큼 앞으로 여러 차례의 조정을 거치고 시장의 까다로운 검증을 받게 될 것이다. 그런데 암호화폐가 전체 자산시장에서 차지하는 비중은 0.3%에 불과하다. 그만큼 블록체인과 암호화폐의 미래가치를 고려하면 장기적으로 큰 상승 여력이 있다. 따라서 저자는 지금이야말로 투자의 적기라고 말한다.",https://image.aladin.co.kr/product/28618/23/cover500/k082835957_1.jpg, 박종한 지음, 나비의활주로,2022
사회과학,(경제수학)위기의 편의점을 살려라!,"청소년들이 수학, 경제, 경영 개념을 이해하고, 중학교 교과과정만으로도 경제수학의 입문부터 심화까지 익힐 수 있으며, 2025년부터 변경되는 고교학점제를 준비할 수 있도록 만들어져 있다.",https://image.aladin.co.kr/product/33493/41/cover500/k722938458_1.jpg, 김나영 지음, 생각정원,2024
사회과학,오타쿠의 욕망을 읽다,"16만 유튜버이자, 독특한 시선으로 서브컬처와 사회문화를 비평하는 ‘마이너 리뷰 갤러리’의 첫 번째 책이다. 총 68개의 작품을 11가지 키워드로 분석하며, 오늘날의 오타쿠가 누구이며, 그들이 원하는 것이 무엇인지를 밝힌다.",https://image.aladin.co.kr/product/33488/51/cover500/k802938350_2.jpg, 마이너 리뷰 갤러리 지음, 메디치미디어,2024
사회과학,(번뜩이는 아이디어를 잘 팔리는 비즈니스로 이끄는)컨셉 수업,"세계적인 광고 대행사 TBWA 하쿠호도의 수석 크리에이티브 디렉터, 호소다 다카히로는 10년간 기업인, 사업가, 기획자들을 대상으로 ‘컨셉’ 강의를 해왔다. 수천 명의 극찬을 받은 그야말로 그의 노하우를 집대성한 명강의를 책으로 엮었다.",https://image.aladin.co.kr/product/33279/31/cover500/8925575434_1.jpg," 호소다 다카히로 지음;지소연,권희주 옮김", 알에이치코리아,2024
사회과학,과학이 바꾼 전쟁의 역사,"과학이 개입하기 시작한 근대 전쟁에서 출발해 과학으로 인해 전쟁의 양상이 어떻게 변화를 거듭했는지, 또한 전쟁의 승패, 국가의 선택으로 어떻게 세계 패권이 이동해 왔는지를 24가지 결정적 사건들을 통해 소개한다.",https://image.aladin.co.kr/product/33492/99/cover500/k302938357_1.jpg, 박영욱 지음, 교보문고,2024
사회과학,이선화 교육학 잇키(it-key),"출제경향이 반영된 기본이론의 정리, 한눈에 보이는 핵심키워드, 한 손에 들고 다니는 핸드북",https://image.aladin.co.kr/product/33490/70/cover500/k812938354_1.jpg, 이선화 편저, 미래가치,2024
사회과학,당신 앞의 미래: 미래학자가 그리는 기회의 지도,"미래학자 최윤식 박사와 함께하는 미래 사회 엿보기. 4차 산업혁명기에서 5차 산업혁명기로 향하는 지금 우리가 살펴봐야 할 선택지는 무엇일까. AI, 메타버스, 블록체인, 나노·바이오 산업 등 주요 기술 키워드를 중심으로 앞으로의 산업·일자리·인재 동향을 살펴보고, 급격한 변화에 적응하고 성장해나가는 방법을 찾는다.",https://shopping-phinf.pstatic.net/main_4120360/41203601621.20230919125445.jpg, 최윤식, 김영사,2024
사회과학,도파민 혁명,,https://image.aladin.co.kr/product/34183/11/cover500/k612931311_1.jpg, 이기훈 지음, 클레버니스,2024
사회과학,비싸야 잘 팔리는 비상식적 마케팅,"‘연쇄 창업가’로 유명한 저자는 회사 자체가 브랜드가 되는 것, 즉 브랜드를 만드는 힘을 확보하는 방법은 가격 전략을 통해 가능하다고 말한다. 그가 말하는 가격 전략은 박리다매가 아니다. 가격이 비싸더라도 고객에게 최고의 제품을 제공하는 것이 최적의 가격 전략이다.",https://image.aladin.co.kr/product/33923/49/cover500/k832930936_1.jpg, 스도 코지 지음 ;김경인 옮김, 빌리버튼,2024
사회과학,신자산가의 인생 습관,"자극적이고 허황된 투기 정보만 넘쳐나는 시대에, 신뢰받는 정확한 내용으로 물고기를 잡는 법을 알려주는 경알못들의 멘토 서정덕 기자. 그가 말하는 신자산가가 되기 위해 필요한 경제 활동의 지침들을 담았다.",https://image.aladin.co.kr/product/33863/9/cover500/k852930406_1.jpg, 서정덕 지음, 지와인,2024
사회과학,말랑말랑 소프트 파워,"인간만이 갖고 있는 고유한 능력을 특정하자면 ‘인간적인 감성’을 전제해야 한다. AI에게 없는 것이 감성인데, 굉장히 미묘하고 복잡하며 다양한 맥락적 특성을 갖고 있다. AI가 구현하는 구체성을 감성이라고 표현하기에는 거리감이 있다.",https://image.aladin.co.kr/product/33993/88/cover500/k842930642_1.jpg, 유재천 지음, 더로드,2024
사회과학,컬트,왜 사람들은 컬트에 빠져들까? 그 내부에서는 실제로 무슨 일이 벌어지는 걸까? 컬트 지도자와 그를 추종하는 사람들의 머릿속에는 도대체 무엇이 들어 있을까? 총다운로드 수 5500만 건을 기록한 미국의 인기 팟캐스트를 토대로 한 이 책은 20세기 이후 세상을 경악하게 한 집단 광기의 역사를 기록하고 있다.,https://image.aladin.co.kr/product/33705/0/cover500/8932475067_1.jpg, 맥스 커틀러;케빈 콘리 [공] 지음 ;;박중서 옮김, 을유문화사,2024
사회과학,나는 나의 스무 살을 가장 존중한다,"이하영 원장이 인생의 숱한 고비를 넘기며, 오늘의 부와 행복을 펼치기까지의 과정을 담고 있다. 지금의 성공은 이미 스무 살에 상상하고 생각해왔던 것으로, ‘내 미래에 대한 확신이 꿈을 현실로 만든다’는 메시지를 담고 있다.",https://image.aladin.co.kr/product/33372/60/cover500/k952938310_2.jpg, 이하영 지음, 토네이도,2024
사회과학,숙론,"우리 시대의 지성인 최재천 교수가 9년간 집필해 마침내 완성한 역작 《숙론》을 출간한다. 갈등과 분열을 거듭하는 시대에 우리는 어떻게 손잡을 수 있을까? 최재천 교수가 찾은 해법은 ‘숙론(熟論, Discourse)’이다.",https://image.aladin.co.kr/product/33915/47/cover500/8934950196_2.jpg, 최재천 지음, 김영사,2024
사회과학,일인칭 가난,올해 26살인 저자는 2019년까지 20여 년간 국민기초생활수급자로 살아왔다. 하지만 자신이 한국의 가난을 대표할 수 없다는 것을 안다. 덜 가난해서가 아니라 가난의 양태가 가지각색이기 때문이다. 그래서 이 책은 철저히 일인칭으로 쓰였다.,https://image.aladin.co.kr/product/32956/26/cover500/k202936242_1.jpg, 안온 지음, 마티,2023
사회과학,앞서가는 조직은 왜 관계에 충실한가,어떻게 하면 최고의 인재를 사로잡을 수 있을까? 강력한 팀을 만들기 위해 가장 먼저 해야 할 일은? 어떻게 하면 성과를 내는 조직 문화를 구축할 수 있을까? 이 모든 질문에 대한 답이 『앞서가는 조직은 왜 관계에 충실한가』에서 밝혀진다.,https://image.aladin.co.kr/product/23178/92/cover500/k072638285_1.jpg, 랜디 로스 지음 ;김정혜 옮김, 현대지성,2020
사회과학,"유튜브, 제국의 탄생","지난 10여 년 동안 유튜브의 역사와 함께한 300여 명을 집중 취재한 저자는 사이트의 탄생부터 최근 팬데믹 기간까지 유튜브 안팎을 둘러싸고 벌어진 온갖 갈등과 스캔들, 분투와 성장의 과정을 매우 정교하고 신랄하고 흥미롭게 파헤쳤다.",https://image.aladin.co.kr/product/33732/38/cover500/k102939643_1.jpg, 마크 버겐 지음 ;신솔잎 옮김, 현대지성,2024
사회과학,취업의 신 자기소개서 혁명,"저스펙으로 취업에 성공한 저자만의 노하우, 채용 대행 서비스를 통하여 기업 인사담당자들의 예리한 시선에 대한 통찰, 그리고 직접 회사를 설립하여 운영하면서 직원을 실제로 채용한 다양한 현장 실무 경험 등을 담아낸 책이다.",https://image.aladin.co.kr/product/31159/86/cover500/8970674004_1.jpg, 박장호 지음, BM성안북스,2023
사회과학,노무현과 함께한 1000일,경제·사회 정책의 최일선에서 약 1000일 동안 노무현 대통령을 보좌했던 이정우 교수만이 들려줄 수 있는 심도 깊은 이야기가 담겼다. 이정우 교수가 청와대에서 근무하는 동안 노무현 대통령의 권유로 기록한 10권의 일기와 각종 회의 때마다 꼼꼼히 적어 둔 메모가 바탕이 되었다.,https://image.aladin.co.kr/product/33894/31/cover500/k512930726_1.jpg, 이정우 지음, 한겨레출판,2024
사회과학,진짜 노동,"데니스 뇌르마르크는 후속작 『진짜 노동』에서는 『가짜 노동』의 결론, 즉 오늘날 우리가 하는 많은 일이 우리 자신에게도 세상에도 도움이 되지 않는 의미 없는 작업으로 특징지어진다는 주장을 펼친다. 그가 이 책을 통해 말하고자 하는 바는 단순하다. 가짜 노동을 넘어, 이제는 ‘진짜 노동’을 해야 할 때다.",https://image.aladin.co.kr/product/33712/81/cover500/8954450318_1.jpg, 데니스 뇌르마르크 지음 ;손화수 옮김, 자음과모음,2024
사회과학,워런 버핏의 주주 서한,버핏의 글을 늘 곁에 두고 싶어 하는 독자들의 바람에 따라 제작한 《워런 버핏의 주주 서한》 특별 한정 보급판. 1979년부터 2021년(2022년 발표)까지 43년간 워런 버핏이 직접 공들여 쓴 주주 서한을 일반 투자자가 이해하기 쉽도록 편집해 한 권에 담았다.,https://image.aladin.co.kr/product/33958/74/cover500/k252930341_1.jpg, 워런 버핏 원저 ;로렌스 커닝햄 편저 ;;이건 편역, 에프엔미디어,2024
사회과학,생각 조종자들,"페이스북, 애플, 마이크로소프트 등 인터넷 거인들은 우리들 한 사람, 한 사람의 정치적 취향, 관심사, 취미, 성격 등에 관한 개인정보를 필사적으로 추적하고 분석하여 개인의 흥미를 끌만한 맞춤 정보를 제공하고 있다. 이 책 <생각 조종자들>의 원제이기도 한 ‘필터 버블’은 바로 이러한 정보 필터링 현상을 일컫는 말이다.",https://image.aladin.co.kr/product/1292/84/cover500/8952762797_2.jpg, 엘리 프레이저 지음 ;이현숙 ;;이정태 [공]옮김, 알키,2011
사회과학,인생을 레벨업하는 감각 스위치를 켜라,"수십 년간 신경과학과 인간 심리에 대해 연구해온 저자이자 신경과학자 노만 파브와 심리학자 진데 시겔은 우리 뇌의 두 가지 네트워크에 주목한다. 하나는 우리가 일상생활에서 패턴을 찾고 따르는 데 사용하는 디폴트 모드 네트워크(DMN)이고, 또 다른 하나는 이 책 전반에 걸쳐 주목하는 감각 네트워크이다.",https://image.aladin.co.kr/product/33970/40/cover500/k312930441_1.jpg, 노만 파브;진델 시걸 [공] 지음 ;;이윤정 옮김, 토네이도,2024
사회과학,절제할 용기,절제가 멀게만 느껴졌던 당신의 삶에 절제를 이식할 수 있는 가장 쉬운 변화의 툴을 제공한다. 책의 내용을 따라가다보면 어느새 절제가 익숙해진 자신의 모습을 발견할 수 있을 것이다. 당신이 해야 할 일은 무절제한 당신의 인생을 더 이상 용납하지 않겠다고 용기를 내는 것뿐이다.,https://image.aladin.co.kr/product/33958/77/cover500/8974259133_1.jpg, 데이먼 자하리아데스 지음 ;김송호 옮김, 국일미디어,2024
사회과학,해커스공기업 쉽게 합격하는 NCS 면접,"공공기관 NCS 면접 유형별로 전략적 대비! 공공기관 인재상 기반 ""23가지 캐릭터 유형별 키워드""로 나만의 특별한 면접 포트폴리오 완성! [20대 공공기관 면접 기출 질문 및 답변 가이드]로 맞춤형 실전 대비!",https://image.aladin.co.kr/product/27539/66/cover500/8969652418_2.jpg," 윤종혁,조은희,김태형 지음", 해커스공기업,2021
사회과학,취업의 신 자기소개서 혁명,"저스펙으로 취업에 성공한 저자만의 노하우, 채용 대행 서비스를 통하여 기업 인사담당자들의 예리한 시선에 대한 통찰, 그리고 직접 회사를 설립하여 운영하면서 직원을 실제로 채용한 다양한 현장 실무 경험 등을 담아낸 책이다.",https://shopping-phinf.pstatic.net/main_3815226/38152264050.20230313183734.jpg, 박장호 지음, BM성안북스,2023
사회과학,(탬플릿에 넣기만 하면 완성되는) 만능 복붙 자소서:15일 완성 plan,"직무만 정해두고 나면, 어디든 돌려쓸 수 있으면서, 질 높은 자기소개서 만들기. 특별한 경험이 없더라도 예시를 통해 적절한 내 경험을 찾아 나만의 소재 발굴할 수 있다. 어떤 응용 질문이 나오더라도 부분, 부분을 떼어 자기소개서를 완성할 수 있다.",https://shopping-phinf.pstatic.net/main_4610777/46107774638.20240301153757.jpg, 서미연, 시대고시기획,2024
사회과학,(한 권으로 마무리하는)추업자소서 완전정복,,https://shopping-phinf.pstatic.net/main_3723344/37233444619.20230919130037.jpg," 이은규,황석범,이바름", 에이원북스,2023
사회과학,너는 생각보다 자소서를 잘 쓴다,"쉽고 빠른 자소서 작성을 도와온 취업준비생들의 필독서 가 개정판으로 돌아왔다. 구판의 장점을 그대로 살리고, 취업 시장 변화에 따른 채용 트렌드를 반영한 개정판에서 내 상황에 맞는 자소서 작성법을 자세하게 안내한다.",https://shopping-phinf.pstatic.net/main_3764199/37641993624.20230214163647.jpg, 인싸담당자 제이콥 지음, 주식회사 디3(Mind3),2023
사회과학,너는 생각보다 자소서를 잘 쓴다,"쉽고 빠른 자소서 작성을 도와온 취업준비생들의 필독서 가 개정판으로 돌아왔다. 구판의 장점을 그대로 살리고, 취업 시장 변화에 따른 채용 트렌드를 반영한 개정판에서 내 상황에 맞는 자소서 작성법을 자세하게 안내한다.",https://shopping-phinf.pstatic.net/main_3764199/37641993624.20230214163647.jpg, 인싸담당자 제이콥 지음, 주식회사 디3(Mind3),2023
사회과학,너는 생각보다 자소서를 잘 쓴다,"쉽고 빠른 자소서 작성을 도와온 취업준비생들의 필독서 가 개정판으로 돌아왔다. 구판의 장점을 그대로 살리고, 취업 시장 변화에 따른 채용 트렌드를 반영한 개정판에서 내 상황에 맞는 자소서 작성법을 자세하게 안내한다.",https://shopping-phinf.pstatic.net/main_3764199/37641993624.20230214163647.jpg, 인싸담당자 제이콥 지음, 주식회사 디3(Mind3),2023
사회과학,"아니야, 우리가 미안하다",차가운 법정에서 따뜻한 신념으로 희망을 일구어낸 열정 넘치는 저자가 우리 사회에 건네는 진심어린 고백이자 땀과 눈물로 빚어낸 작은 기적에 관한 이야기이다.,https://image.aladin.co.kr/product/2390/65/cover500/8994103473_2.jpg, 천종호 지음, 우리학교,2013
사회과학,"아니야, 우리가 미안하다",차가운 법정에서 따뜻한 신념으로 희망을 일구어낸 열정 넘치는 저자가 우리 사회에 건네는 진심어린 고백이자 땀과 눈물로 빚어낸 작은 기적에 관한 이야기이다.,https://image.aladin.co.kr/product/2390/65/cover500/8994103473_2.jpg, 천종호 지음, 우리학교,2013
사회과학,"아니야, 우리가 미안하다",차가운 법정에서 따뜻한 신념으로 희망을 일구어낸 열정 넘치는 저자가 우리 사회에 건네는 진심어린 고백이자 땀과 눈물로 빚어낸 작은 기적에 관한 이야기이다.,https://image.aladin.co.kr/product/2390/65/cover500/8994103473_2.jpg, 천종호 지음, 우리학교,2013
사회과학,"아니야, 우리가 미안하다",차가운 법정에서 따뜻한 신념으로 희망을 일구어낸 열정 넘치는 저자가 우리 사회에 건네는 진심어린 고백이자 땀과 눈물로 빚어낸 작은 기적에 관한 이야기이다.,https://image.aladin.co.kr/product/2390/65/cover500/8994103473_2.jpg, 천종호 지음, 우리학교,2013
사회과학,10대를 위한 머니 레슨,"꿈을 가진 아이들에게 ‘돈’이 걸림돌이 되지 않도록, 10대들의 평생 자산이 되어 줄 ‘돈해력’ 수업. 인생을 살아가는 데 꼭 필요한 경제관념을 갖고 실생활에 바로 써먹을 수 있는 현실적이고 실용적인 지침서다.",https://image.aladin.co.kr/product/31479/77/cover500/k692832524_1.jpg, 샘 베크베신저 지음;오수원 옮김, 현대지성,2023
사회과학,10대를 위한 머니 레슨,"꿈을 가진 아이들에게 ‘돈’이 걸림돌이 되지 않도록, 10대들의 평생 자산이 되어 줄 ‘돈해력’ 수업. 인생을 살아가는 데 꼭 필요한 경제관념을 갖고 실생활에 바로 써먹을 수 있는 현실적이고 실용적인 지침서다.",https://image.aladin.co.kr/product/31479/77/cover500/k692832524_1.jpg, 샘 베크베신저 지음;오수원 옮김, 현대지성,2023
사회과학,내가 찾는 직업이 세상에 없다면,"대학을 졸업하지 않았어도, 공부를 잘하지 못했어도, 남들 다 가는 길을 가지 않았어도 자신만의 진로를 찾아 즐겁고 의미 있게 가슴 두근거리는 삶을 살아가는 사람들이 있다. 부모님과 세상이 원하는 미래에 눌려 하고 싶은 일은커녕 좋아하는 걸 찾는 일마저 막막한 청소년들은 쉽게 만날 수 없는 이야기다.",https://image.aladin.co.kr/product/33933/94/cover500/k672930135_3.jpg, 권인택 [외] 지음, 우리학교,2024
사회과학,내가 찾는 직업이 세상에 없다면,"대학을 졸업하지 않았어도, 공부를 잘하지 못했어도, 남들 다 가는 길을 가지 않았어도 자신만의 진로를 찾아 즐겁고 의미 있게 가슴 두근거리는 삶을 살아가는 사람들이 있다. 부모님과 세상이 원하는 미래에 눌려 하고 싶은 일은커녕 좋아하는 걸 찾는 일마저 막막한 청소년들은 쉽게 만날 수 없는 이야기다.",https://image.aladin.co.kr/product/33933/94/cover500/k672930135_3.jpg, 권인택 [외] 지음, 우리학교,2024
사회과학,내가 찾는 직업이 세상에 없다면,"대학을 졸업하지 않았어도, 공부를 잘하지 못했어도, 남들 다 가는 길을 가지 않았어도 자신만의 진로를 찾아 즐겁고 의미 있게 가슴 두근거리는 삶을 살아가는 사람들이 있다. 부모님과 세상이 원하는 미래에 눌려 하고 싶은 일은커녕 좋아하는 걸 찾는 일마저 막막한 청소년들은 쉽게 만날 수 없는 이야기다.",https://image.aladin.co.kr/product/33933/94/cover500/k672930135_3.jpg, 권인택 [외] 지음, 우리학교,2024
사회과학,하루 하나 [Branding] 브랜딩,"퍼스널 브랜드는 누구나 가지고 있다. 자신의 이름이 브랜드이고, 자신이 하는 일이 바로 브랜드이기 때문이다. 하지만 진정 ‘브랜드’라 부르기는 어렵다. 브랜딩 되어 다른 사람들에게 알려지고 이를 통해서 더 많은 일과 더 높은 목표를 달성하며, ‘OO하면 OOO’라고 인식되어 대표할 수 있을 때 비로소 퍼스널 브랜드라 할 수 있기 때문이다.",https://image.aladin.co.kr/product/32226/37/cover500/k282834626_1.jpg, 조연심 지음, HCbooks(힘찬북스),2023
사회과학,하루 하나 [Branding] 브랜딩,"퍼스널 브랜드는 누구나 가지고 있다. 자신의 이름이 브랜드이고, 자신이 하는 일이 바로 브랜드이기 때문이다. 하지만 진정 ‘브랜드’라 부르기는 어렵다. 브랜딩 되어 다른 사람들에게 알려지고 이를 통해서 더 많은 일과 더 높은 목표를 달성하며, ‘OO하면 OOO’라고 인식되어 대표할 수 있을 때 비로소 퍼스널 브랜드라 할 수 있기 때문이다.",https://image.aladin.co.kr/product/32226/37/cover500/k282834626_1.jpg, 조연심 지음, HCbooks(힘찬북스),2023
사회과학,하루 하나 [Branding] 브랜딩,"퍼스널 브랜드는 누구나 가지고 있다. 자신의 이름이 브랜드이고, 자신이 하는 일이 바로 브랜드이기 때문이다. 하지만 진정 ‘브랜드’라 부르기는 어렵다. 브랜딩 되어 다른 사람들에게 알려지고 이를 통해서 더 많은 일과 더 높은 목표를 달성하며, ‘OO하면 OOO’라고 인식되어 대표할 수 있을 때 비로소 퍼스널 브랜드라 할 수 있기 때문이다.",https://image.aladin.co.kr/product/32226/37/cover500/k282834626_1.jpg, 조연심 지음, HCbooks(힘찬북스),2023
사회과학,하루 하나 [Branding] 브랜딩,"퍼스널 브랜드는 누구나 가지고 있다. 자신의 이름이 브랜드이고, 자신이 하는 일이 바로 브랜드이기 때문이다. 하지만 진정 ‘브랜드’라 부르기는 어렵다. 브랜딩 되어 다른 사람들에게 알려지고 이를 통해서 더 많은 일과 더 높은 목표를 달성하며, ‘OO하면 OOO’라고 인식되어 대표할 수 있을 때 비로소 퍼스널 브랜드라 할 수 있기 때문이다.",https://image.aladin.co.kr/product/32226/37/cover500/k282834626_1.jpg, 조연심 지음, HCbooks(힘찬북스),2023
사회과학,하루 하나 [Branding] 브랜딩,"퍼스널 브랜드는 누구나 가지고 있다. 자신의 이름이 브랜드이고, 자신이 하는 일이 바로 브랜드이기 때문이다. 하지만 진정 ‘브랜드’라 부르기는 어렵다. 브랜딩 되어 다른 사람들에게 알려지고 이를 통해서 더 많은 일과 더 높은 목표를 달성하며, ‘OO하면 OOO’라고 인식되어 대표할 수 있을 때 비로소 퍼스널 브랜드라 할 수 있기 때문이다.",https://image.aladin.co.kr/product/32226/37/cover500/k282834626_1.jpg, 조연심 지음, HCbooks(힘찬북스),2023
사회과학,"(빅데이터 시대, 성과를 이끌어 내는) 데이터 문해력",데이터에서 찾아낸 인사이트를 자신의 결론으로 이끄는 이야기로 만드는 능력이 바로 데이터 문해력이다. 목적과 문제를 올바른 데이터와 연결해서 가치 있는 결론을 낼 수 있도록 하는 사고방식과 기술을 안내한다.,https://shopping-phinf.pstatic.net/main_3247851/32478519887.20240703071100.jpg, 가시와기 요시키, 프리렉,2021
사회과학,AI 나를 위해 일하게 하라,“30%만 알아도 충분하다!” AI의 폭발적인 진화로 특이점을 맞이한 디지털 시대에 장착해야 할 마인드셋과 대처법이 여기 있다. 지금 이 시대의 모든 ‘일하는 자’에게 반드시 필요한 새로운 개념의 경영 가이드이자 자기계발서.,https://shopping-phinf.pstatic.net/main_4931379/49313792620.20240724071448.jpg, 세달 닐리 외, 월북,2024
사회과학,(청소년을 위한)사회문제 탐구 에세이,"탐구가 막막한 청소년들을 위해 쓰인 이 책은 사회문제를 왜 과학적으로 탐구해야 하는지 등 근본적인 질문부터 던지며, 주제와 조사 방법은 무엇으로 하면 좋을지, 보고서에 넣을 표와 그래프는 어떻게 만들어야 하는지까지 상세히 설명한다.",https://shopping-phinf.pstatic.net/main_4724338/47243388620.20240423081812.jpg, 구정화 지음, 해냄,2024
사회과학,네 곁에 있어 줄게,"창원지방법원 소년부 류기인 부장판사는 1년간의 소년부 업무를 마칠 즈음, 소년재판 및 보호소년에 대한 우리 사회의 공동체적 관심과 인식 변화가 필요하다는 문제의식을 품게 되었다. 한 아이를 바르게 키우기 위해 온 마을이 나서야 한다는 마음으로 소년사건 현장의 생생한 목소리를 들려줄 책을 내야겠다는 생각을 한 것이다.",https://shopping-phinf.pstatic.net/main_4852925/48529258621.20240619092502.jpg, 류기인 외 지음, 온기담북,2024
사회과학,"(시간, 공간, 관계에 만족감을 채워주는)하루 15분 정리의 힘","국내 1호 정리컨설턴트 윤선현 저자가 쓴 장기 베스트셀러의 앙코르 개정판이다. 14여 년간 축적된 정리 컨설팅 노하우와 3,000회 넘는 강연의 에센스가 새로이 집약된 책이다. 현대인들이 정리를 통해 더 나은 자유로움과 안정된 정서를 가질 수 있다는 모토를 제시한다.",https://shopping-phinf.pstatic.net/main_4758022/47580222650.20240510071006.jpg, 윤선현 지음, 스노우폭스북스,2024
사회과학,(현업 변리사가 알려주는)지식재산권 스쿨,"독창적인 아이디어나 혁신적인 기술과 제품을 보호하면서 사업화하려면 어떻게 해야 할까? 현업 변리사가 특허, 상표, 디자인, 저작권과 같은 지식재산권을 사업적 판단에 필요한 수준만큼 이해하고 쉽게 찾아볼 수 있도록 ‘지식재산권 확보’와 ‘지식재산권 활용’ 측면에서 알려준다.",https://shopping-phinf.pstatic.net/main_3793341/37933411620.20230718120700.jpg, 엄정한;구민식 [공]지음, 초록비책공방,2023
사회과학,(청소년을 위한)김난도 교수의 트렌드 수업. 1,"트렌드를 선도하는 세대인 10대를 위해 ‘트렌드 코리아 청소년판’이 출격한다. 16년 동안 트렌드 연구에 집중해온 〈트렌드 코리아〉 시리즈가 지금까지 발표한 160개의 트렌드 키워드 중에서, 우리 청소년들에게 특히 중요하다고 여겨지는 키워드 7가지를 선정한 후 읽기 쉽게 다시 쓴 것이다.",https://shopping-phinf.pstatic.net/main_4866265/48662651631.20240627091055.jpg, 김난도 지음, 미래의창,2024
사회과학,대화의 힘,퓰리처상 수상 저널리스트이자 미국 최고의 논픽션 작가 찰스 두히그가 8년 만에 펴낸 신작이다. 습관의 매커니즘을 풀기 위해 스스로 나쁜 습관 끊어내기 실험을 했던 저자는 이번에는 탁월한 슈퍼 커뮤니케이터를 찾아내 그들의 능력을 낱낱이 해부한다.,https://shopping-phinf.pstatic.net/main_4857498/48574989620.20240622070939.jpg, 찰스 두히그 지음;조은영 옮김, 갤리온(웅진씽크빅),2024
사회과학,AI 사피엔스,"코로나 팬데믹을 거치면서 더욱 진화한 포노 사피엔스가 AI라는 전대미문의 신무기를 장착하고 어떻게 천지개벽급 신문명을 만들고 있는지를 세세하게 포착했다. 지금 우리가 유심히 관찰할 것은, 일상의 변화부터 각 산업의 구조적 진화까지 이끌어가는 거대한 축의 전환과 새로운 문명의 시작이다.",https://image.aladin.co.kr/product/33927/67/cover500/k342930036_2.jpg, 최재붕 지음, 쌤앤파커스,2024
사회과학,더 머니북,"돈이 행복의 필수 조건이라고 여기면서도, 막상 돈을 잘 모르는 사람들. 《더 머니북》은 이 사람들을 위해 만들어졌다. 사용자들에게 자주 받아온 “금융교육은 어디서 받나요?”라는 질문에 토스가 내놓는 답이자, ‘누구나 편리하고 평등하게 금융하는 세상 만들기’라는 진심을 말하는 시작점이다.",https://image.aladin.co.kr/product/34009/78/cover500/k772931867_1.jpg, 토스 엮음, 비바리퍼블리카,2024
사회과학,불안 세대,"세계적인 사회심리학자 조너선 하이트의 신작 『불안 세대』가 전 세계를 뜨겁게 달구고 있다. 베스트셀러 『바른 마음』으로 ‘영미권에서 가장 논쟁적인 학자’으로 부상한 그는 스마트폰과 소셜 미디어, 인터넷이 청소년 정신 건강 위기를 초래하고 있다는 충격적인 주장을 내놓는다.",https://shopping-phinf.pstatic.net/main_4941123/49411234620.20240728075046.jpg, 조너선 하이트 지음;이충호 옮김, 웅진지식하우스(웅진씽크빅),2024
사회과학,(한권으로 끝내는)전공·직무 면접 반도체 이론편,"최신 7개년 반도체 대기업 면접 기출문제를 기반으로 꼭 알아야하는 반도체 이론을 단 1권으로 정리할 수 있는 교재다. 반도체를 모르는 반린이도, 취업을 처음 준비하거나 관심있는 사람들도 쉽게 이해할 수 있도록 구성하였다.",https://shopping-phinf.pstatic.net/main_3962427/39624270622.20230927071037.jpg, 공지훈 ;정건화 ;유제규 ;렛유인연구소 공저, 렛유인,2023
사회과학,AI 반도체 전쟁,"저자는 삼성전자에서 31년간 시스템반도체를 개발하고, 이후 성균관대학교에서 10년 넘게 반도체를 가르쳐 왔고, 현재는 가천대학교에서 반도체 인재 양성을 이어가고 있는 김용석 교수다. 이론과 실무를 모두 겸비한 시스템반도체 분야의 전문가인 그가 쉽고 명쾌하게 AI 반도체의 개념과 응용산업에 대해 정리해 담았다.",https://shopping-phinf.pstatic.net/main_4998924/49989249618.20240829071752.jpg, 김용석 지음, 시크릿하우스,2024
사회과학,칩 워,"반도체 산업의 태동부터 미국과 중국 간의 반도체 패권 대결, 한국과 대만, 일본, 실리콘밸리의 치열한 기술 경쟁과 미래 전략까지, 반도체 산업의 70년 역사를 담아낸 기념비적 논픽션 역사서다.",https://image.aladin.co.kr/product/31576/70/cover500/8960519839_2.jpg, 크리스 밀러 지음;노정태 옮김, 부키,2023
사회과학,부의 역설,"자기계발 업계의 근간을 뒤엎는 논제를 화두로 던진다. 그러나 그에 대한 대안은 단순하고 명쾌하다. 우리가 뇌를 바꿔 성공할 수 있는 유일한 방법은 ‘생각’뿐이다. 돈을 벌어 부자가 됐다는 상상, 내가 원하는 것을 얻었다는 상상만이 우리의 뇌를 변화시킬 수 있다.",https://shopping-phinf.pstatic.net/main_4920857/49208574633.20240719071116.jpg, 강범구 지음, 국일,2024
사회과학,생각의 연금술,"제임스 알렌은 강조하는 것은 생각의 힘이다. 나를 둘러싼 모든 것 중에 내가 조절할 수 있는 것은 유일하게 생각이며, 생각을 바꾸면 삶을 바꿀 수 있다. 이 책에서는 생각의 전환을 돕는 제임스 알렌의 지혜가 담겨 있다. 이 책을 읽고 나기 전과 후 달라진 마음가짐은 당신의 평생을 바꿀 것이다.",https://shopping-phinf.pstatic.net/main_5027814/50278145630.20240912092108.jpg, 제임스 알렌 지음;하와이 대저택 엮음;송은선;함희영 [공]옮김, 포레스트북스,2024
사회과학,슬쩍 보는 헌법,"법을 공부하고 적용하는 것을 생업으로 하는 변호사 3인이 법에 낯가림이 있는 사람들도 쉽게 이해할 수 있도록, 우선 헌법의 가장 중요한 100문장을 엄선하여 재미있는 해설을 그림과 함께 소개한 책이다.",https://shopping-phinf.pstatic.net/main_5077667/50776676618.20241012072702.jpg, 심독토 북클럽 지음, 백북하우스,2024
사회과학,(미래 세대를 위한)법 이야기,"미래 세대를 위한 인문 교양 2권. 생명, 사랑, 죽음, 양심, 국가 폭력, 젠더 갈등, 저항, 참정권 등 여덟 가지 주제를 중심으로 우리 삶과 긴밀하게 관련된 법의 주요 쟁점에 관해 법 조항과 판례문을 통해 청소년 눈높이에서 쉽게 알려 준다.",https://shopping-phinf.pstatic.net/main_4707068/47070685622.20240416080205.jpg, 이지현 지음, 철수와영희,2024
사회과학,그건 내 건데,"청소년 기본소득 길잡이. 지금까지 기본소득을 복지 서비스 가운데 하나로 보던 시선에서 나아가 당연히 누구나 조건 없이 누려야 할 권리로 보는 시선을 강조하여, 기본소득 철학과 공유부에 대한 개념을 재미있는 예화와 함께 설명한다.",https://shopping-phinf.pstatic.net/main_3252828/32528280870.20230502162249.jpg, 이선배 글;김휘승 그림, 내일을여는책,2022
사회과학,아프리카 쟁탈전,"유럽 열강들이 아프리카 땅에 발을 내딛기 시작하면서부터 벌어졌던 침탈, 침략의 역사를 촘촘히 담았다. 이러한 역사로 인해 오늘날까지 아프리카가 겪는 어려움은 무엇일까? 그리고 이를 해결하기 위해 아프리카에서는 어떠한 노력을 하고 있을까?",https://shopping-phinf.pstatic.net/main_3755364/37553641642.20230509170034.jpg, 기획집단 MOIM 지음;2DA 그림, 그림씨,2023
사회과학,셀마 대행진,"illustoria 시리즈, 그 첫 번째 이야기. 셀마 대행진이 일어나기까지의 이야기를 소복이 작가의 아기자기하고 피부에 와닿는 일러스트와 함께 모든 독자들이 쉽게 부담없이 읽을 수 있도록 담았다.",https://shopping-phinf.pstatic.net/main_3245492/32454921620.20230418163831.jpg, 박정주 글;소복이 그림, 그림씨,2021
사회과학,작은 거인 주먹이의 모험,‘세계설화를 읽다’ 시리즈는 휴머니스트 출판사에서 세계 최초로 펴낸 청소년을 위한 세계설화 모음집이다. 구비문학 연구자로 이름 높은 신동흔 교수님이 세계 곳곳의 가치 있는 설화들을 가려뽑아 주제별로 각 권을 구성하고 청소년이 눈높이에 맞추어 쉽게 풀어썼다.,https://shopping-phinf.pstatic.net/main_4594433/45944338618.20240222090826.jpg, 신동흔 지음;민은정 그림, 휴머니스트,2024
사회과학,신과 맞선 천방지축 마우이,‘세계설화를 읽다’ 시리즈는 휴머니스트 출판사에서 세계 최초로 펴낸 청소년을 위한 세계설화 모음집이다. 구비문학 연구자로 이름 높은 신동흔 교수님이 세계 곳곳의 가치 있는 설화들을 가려뽑아 주제별로 각 권을 구성하고 청소년이 눈높이에 맞추어 쉽게 풀어썼다.,https://shopping-phinf.pstatic.net/main_4594433/45944336621.20240222090827.jpg, 신동흔 지음;배민기 옮김, 휴머니스트,2024
사회과학,인공지능은 선생님을 대신할까요?,"챗GPT에서 스마트스쿨까지, 알파세대를 위한 인공지능 공존 안내서. 알파세대, 즉 2020년대의 청소년은 인공지능과 함께 성장하며 그 발전을 주도할 세대이며, 그리하여 마침내 기계가 인간을 능가하는 ‘기술적 특이점’을 맞이할 주인공이다.",https://shopping-phinf.pstatic.net/main_3935206/39352065618.20230530082405.jpg, 이영호 지음;김하민 공저;이다 그림, 서해문집,2023
사회과학,미디어 읽고 쓰기,"리터러시의 의미를 ‘읽기’와 ‘쓰기’로 순화하여 친근감을 느낄 수 있도록 구성하여 심리적 거리감을 좁혔다. 그리고 디지털 소외, 조작방송, 악플, 가짜뉴스, 미디어 중독과 같은 최신 이슈를 포함하여 미디어 리터러시에 대한 A부터 Z까지, 체계적으로 담고 있다.",https://shopping-phinf.pstatic.net/main_3244445/32444453119.20230919124104.jpg, 이승화 지음, 시간여행,2021
사회과학,청소년을 위한 개념 있는 식생활,청소년들을 위해 개념 있는 식생활을 알려 주는 책이 나왔다. 『청소년을 위한 개념 있는 식생활』은 청소년들을 주체적이고 지속가능한 삶으로 이끌어 주는 뜨인돌 인문 교양 시리즈 ‘개념 있는 생활’의 두 번째 도서이다. 이 책은 식생활이 나와 우리 사회에 미치는 영향에 대해 흥미롭게 다룬다.,https://shopping-phinf.pstatic.net/main_4664817/46648171621.20240328081913.jpg, 배혜림;이윤정 [공]지음;김집순 그림, 뜨인돌,2024
사회과학,좋아하는 일로 지구를 지킬 수 있다면,"건축가부터 개발자, 패션 디자이너, 기자, 변호사 등 다양한 분야에서 기후위기를 해결하려 노력하는 직업인을 인터뷰한 책이다. 이들은 IT 기술로, 법으로, 디자인으로, 신선한 아이디어와 실행력으로 기후위기를 막을 방법을 궁리하고 실천한다.",https://shopping-phinf.pstatic.net/main_4932044/49320449782.20240724071452.jpg, 김주온 지음, 휴머니스트,2024
사회과학,오리들,"케이트 비펀의 첫 장편 그래픽노블이자, 그가 만화가로 명성을 얻기 직전 캐나다 서부 석유 매장지 앨버타의 오일샌드 채굴 현장에서 보낸 2년간의 경험을 담은 회고록. 단순히 여성주의 시각을 넘어 환경에 따라 변하는 인간의 본성을 묘사하며, 자본주의와 물질문명, 인간의 부조리한 면을 그대로 담아냈다.",https://shopping-phinf.pstatic.net/main_4649330/46493305621.20240321094958.jpg, 케이트 비턴 지음;김희진 옮김, 김영사,2024
사회과학,2024 법률용어사전,"법률용어를 다룬 이론서다. 법률용어의 기초적이고 전반적인 내용을 학습할 수 있도록 구성했다. 2024년 1월까지 제정.개정된 법령에 따라 법률용어 총정리 해설을 수록하였다. 어려운 이론과 학설을 그림과 도표로 쉽게 해설하였고, 제정.개정 법률에 맞춰 새 법률용어를 증보하였다.",https://shopping-phinf.pstatic.net/main_4532381/45323816618.20240120070835.jpg, 현암사 법전부 지음, 현암사,2024
사회과학,부자의 언어,"출간 즉시 경제 경영 분야 베스트셀러에 오르고, 현재까지 수많은 독자에게 ‘인생 책’으로 꼽히는 『부자의 언어』가 2025년 새해를 맞아 ‘부의 시크릿 카드 에디션’으로 새로운 옷을 입었다. 2025년 새해에는 저마다의 부의 씨앗을 심을 수 있도록 바라는 마음을 담아 『부자의 언어』 속 명문장을 담은 시크릿 카드를 책과 함께 제공한다.",https://shopping-phinf.pstatic.net/main_3921111/39211116619.20230928092010.jpg, 존 소포릭 지음;이한이 공저, 윌북,2023
사회과학,머니 트렌드 2025,"재테크의 기본기와 올바른 투자관을 소개하고자 기획된 ‘돈’에 관한 최초의 트렌드서, 명실상부 대한민국 1위로 자리 잡은 머니 트렌드 시리즈가 돌아왔다. 『머니 트렌드 2025』는 한국 경제 전반부터 부동산, 주식, AI, 사회 이슈, 문화 트렌드, 그리고 올해 새롭게 기후 분야까지 더하여 각계 전문가들이 돈의 흐름을 전망한다.",https://shopping-phinf.pstatic.net/main_5006971/50069713639.20240831091043.jpg, 정태익 외 지음, 북모먼트,2024
사회과학,The Show,"모두가 기획자이고 연출가가 돼야만 하는 세상, 기획과 연출은 비단 문화·예술의 영역뿐 아니라 이를 넘어 우리가 각자 생업에서 수행하고 있는 것들이다. 《더 쇼》는 ‘모든 것이 기획’인 시대에 무기가 될 수 있는 상상을 현실화하는 방법에 관한 책이다.",https://shopping-phinf.pstatic.net/main_5006971/50069710633.20240831091022.jpg, 탁현민 지음, 메디치(메디치미디어),2024
사회과학,일본의 30년 경험에서 무엇을 배울 것인가,"일본의 ‘잃어버린 30년’은 한국에는 반면교사인가, 뒤따라 걸어갈 평행이론인가? 39년 동안 중앙은행가로 일하면서 일본의 고도성장기와 버블 붕괴 이후 30년이라는 긴 침체를 목도한 전 일본은행 총재 시라카와 마사아키의 유장한 회고록인 이 책은 한국 경제의 앞날을 궁금해하는 독자들에게 많은 시사점을 제공한다.",https://shopping-phinf.pstatic.net/main_5085631/50856317626.20241017071535.jpg, 시라카와 마사아키 지음;박기영;민지연 [공]옮김, 부키,2024
사회과학,"무조건 1,000만 원 벌고 시작하는 초수익 부동산 경매의 기술",돈을 불리고 싶은 의지와 수중에 100만 원 이상의 종잣돈이 있는 사람은 이 책을 읽어보라. 경쟁 없이 소액부터 가능한 초수익 부동산 경매 투자법이 담겨 있다.,https://shopping-phinf.pstatic.net/main_4639750/46397509619.20240315071003.jpg, 유근용;양진노 [공]지음, 한빛비즈,2024
사회과학,부동산 경매 단기투자의 기적,"혼란스런 시장에서 ‘단기투자’라는 안전하고 빠른 수익실현법을 알려주는 새로운 투자 방법을 담았다. 안전함을 최우선으로 생각하는 이들, 종잣돈이 부족하거나 지방 부동산 투자 경험이 없는 이들이 경매의 원리와 단기투자 수익 시스템을 간접체험하기에 더없이 좋다.",https://shopping-phinf.pstatic.net/main_3812299/38122993664.20230919131852.jpg, 엠제이(장재호) 지음, 길벗,2023
사회과학,신입사원 비법서,"신입사원의 기본에 대한 입문서다. 신입사원이 ‘일’을 잘하고 ‘글’로 잘 정리하며 ‘말’로 잘 설명하는 능력을 기를 수 있도록, 세 가지 기본을 탄탄히 갖추어 더 큰 세계에서 부디 좌절하지 않고 앞으로 나아갈 수 있도록 내공을 길러주는 책이 될 것이다.",https://shopping-phinf.pstatic.net/main_3595257/35952571621.20230829085000.jpg, 임영균 지음, 시대인,2022
사회과학,공자전,이상을 좇아 좌절과 풍랑 속을 헤매던 공자. 중국의 위대한 철인이 남긴 언행은 『논어』에 담겨 오늘날에도 전 세계에서 살아 숨 쉬고 있다. 공자는 현실에서 패배했으면서 어떻게 인류의 영원한 스승이 될 수 있었을까. 시대의 힘과 어떻게 싸웠던 것일까.,https://shopping-phinf.pstatic.net/main_5341563/53415635589.20250308155111.jpg, 시라카와 시즈카 지음;장원철 옮김, AK커뮤니케이션즈,2025
사회과학,국가는 어떻게 무너지는가,"피터 터친은 세계 모든 대륙에서 발생한 수백 건의 위기 사례를 데이터베이스화하고, 복잡계 이론에서 성공했던 방법론을 적용하여 ‘왜 사회가 반복적으로 위기에 빠지는지’에 관한 자신의 주장을 전개한다(이를 역사동역학이라고 부른다). 그에 따르면 네 가지의 구조적 요인이 위기를 추동한다. 엘리트 과잉생산, 대중의 궁핍화, 국가 재정과 정당성의 약화, 지정학적 요인이 그것이다.",https://shopping-phinf.pstatic.net/main_5339611/53396111488.20250307093712.jpg, 피터 터친 지음;유강은 옮김, 생각의힘,2025
사회과학,로봇은 교사를 대체할 것인가?,"디지털 시대, 교실을 둘러싼 교육현장의 모든 고민과 논점들. 인공지능과 로봇 기술이 장악하는 교실은 옳은가.",https://shopping-phinf.pstatic.net/main_3470073/34700737641.20230725115843.jpg, 닐 셀윈 지음;정바울 외 옮김, 에듀니티,2022
사회과학,어른들을 위한 가장 쉬운 챗GPT,"AI 시대가 시작되고 세상이 바뀐 듯 떠들썩하지만, 정작 어떻게 시작해야 할지 막막한 분들이 많다. 이 책은 디지털 기기에 익숙하지 않은 분들도 AI를 쉽게 활용할 수 있도록 안내하는 친절한 입문서이다. 가장 대표적인 AI 서비스인 챗GPT(ChatGPT)의 기본 개념부터 시작해 가입 방법, 효과적인 질문 방식까지 단계별로 안내한다.",https://shopping-phinf.pstatic.net/main_5349182/53491820436.20250312091850.jpg, 혜지원 기획팀 지음, 혜지원,2025
사회과학,소스 코드: 더 비기닝,,https://shopping-phinf.pstatic.net/main_5281914/52819141225.20250206092553.jpg, 빌 게이츠 지음;안진환 옮김, 열린책들,2025
사회과학,"이나모리 가즈오, 부러지지 않는 마음","수많은 강연기록 중 특별히 리더들에게 전하는 말을 선별해 담아낸 것이다. 기업가나 경영인뿐 아니라 작은 조직의 장, 혹은 앞으로 리더가 될 모든 이들에게 ‘리더의 위치’에 있는 사람은 어떤 마음과 태도, 어떤 가치를 붙들고 나아가야 하는지를 현장감 있는 목소리로 담아냈다.",https://shopping-phinf.pstatic.net/main_5350948/53509488238.20250313071356.jpg, 이나모리 가즈오 지음;이나모리 라이브러리 편집;양준호 옮김, 21세기북스,2025
사회과학,살아갈 날들을 위한 괴테의 시,괴테가 남긴 방대한 시들 가운데서 옥석을 가려내듯 가장 아름답고 마음을 울리는 작품들을 다정한 시선과 섬세한 통찰로 문장을 고르고 엮고 또 보태어 그 어떤 위로보다 찬란한 공감과 울림의 순간들을 페이지 곳곳에 담아냈다.,https://shopping-phinf.pstatic.net/main_5242660/52426603618.20250114085105.jpg, 김종원 지음, 퍼스트펭귄,2025
사회과학,운명을 바꾸는 말하기 수업,"미국 로체스터대학교 교수이자 프로페셔널 커뮤니케이션 전문가 이영선 교수의 전문성을 집대성한 첫 저서다. 제자들을 억대 연봉의 글로벌 인재로 만들어 준 실제 면접 노하우, 첫인상에서 호감을 사는 방법과 직장에서의 말하기 전략, 단기간에 스피치 능력을 끌어올리는 방법 등 이영선 교수의 통찰과 실전에서 검증된 실용적인 방법들을 담았다.",https://shopping-phinf.pstatic.net/main_5190840/51908403637.20241213092135.jpg, 이영선 지음, 웅진지식하우스,2024
사회과학,황현필의 진보를 위한 역사,"저자 황현필은 그동안 역사 최전방에서 이들과 싸워 왔다. 그리고 이 책을 통해 뉴라이트의 역사 왜곡을 하나하나 짚어 가며 그들의 거짓말을 잡아냈고, 진실을 알리는 작업을 완수했다.",https://shopping-phinf.pstatic.net/main_5279478/52794781706.20250207071135.jpg, 황현필 지음, 역바연,2025
사회과학,"스물하나, 서른아홉","하나로 정의되길 거부하고, 라이프스테이지마다 당연한 것은 없으며, 매순간 나다운 방법을 찾는 2030 여성들. 패션·뷰티·식품·케어 등 다양한 산업에서 중추적 역할을 하는 이들을 트렌트코리아 팀은 ‘트렌드가 시작하는 출발점’으로서 살펴봤다.",https://shopping-phinf.pstatic.net/main_5251707/52517070621.20250118071216.jpg, 김난도 외 지음, 미래의창,2025
사회과학,트럼프 2.0 시대,"세계 경제사의 현장에서 함께 뛰어온 박종훈 경제 전문가가 정확한 분석과 대비를 통해 트럼프 리스크를 트럼프 기회로 바꿀 수 있는 방안을 제시한다. 더불어 트럼프 정책이 어떤 나비 효과를 불러올지, 그리고 그 안에서 어떠한 기회를 찾을 수 있을지 정확하게 분석한다.",https://shopping-phinf.pstatic.net/main_5125648/51256483618.20241107091639.jpg, 박종훈 지음, 글로퍼스,2024
사회과학,K민주주의 내란의 끝,"12·3내란을 대하는 민주시민의 필수 교양서. 2024년에 다시 쿠데타의 악몽이 재현된 이유는 무엇인가를 밝히기 위한 역사학자 전우용과 앵커 최지은의 대담. 촌철살인의 글로 세상을 밝혀온 역사학자 전우용이 한국 민주주의의 역사와 사라지지 않은 왕당파의 위협, 계엄이 왜 더러운 전쟁을 유발하는지를 설명한다.",https://shopping-phinf.pstatic.net/main_5250930/52509305856.20250117071223.jpg," 전우용,최지은 지음", 책이라는신화,2025
사회과학,헌법 필사,"독자들이 헌법을 쉽고 가벼운 기분으로 읽고 써 보면 좋겠다는 생각에서 기획된 책이다. 헌법 전체를 조문 순서대로 제시했으므로, 필사를 통해 그 속에 담긴 속뜻까지 쉽게 파악할 수 있다.",https://shopping-phinf.pstatic.net/main_5112398/51123987638.20241101072415.jpg, 대한민국 지음, 더휴먼,2024
사회과학,조국의 함성,"‘3년은 너무 길다’를 내건 조국혁신당의 창당과 총선, 22대 국회에서의 치열했던 윤석열 정권 투쟁, 모두를 충격과 경악에 빠뜨린 윤석열의 위헌·위법 비상계엄에 맞선 결사적 싸움 등에서 조국이 역설했던 외침, 그리고 대법원 유죄 판결 후 투옥된 조국이 옥중에서 국민에게 보낸 호소를 모은 책이다.",https://shopping-phinf.pstatic.net/main_5273589/52735899083.20250201092520.jpg, 조국 지음, 오마이북,2025
사회과학,Stop the steal 대법원의 부정선거 은폐기록,,https://shopping-phinf.pstatic.net/main_5265852/52658524966.20250131131239.jpg, 도태우 외 지음, 스카이,2025
사회과학,(한 권으로 끝내는)코인 투자의 정석,코인에 아무도 주목하지 않던 2014년에 거래소를 시작해 지금까지 온갖 부침과 국내외 코인 시장의 격동적인 흐름을 가장 최전방에서 지켜본 빗썸 직원들이 대한민국 코인 투자자들을 위해 지금 꼭 필요한 정보를 모아 책으로 엮었다.,https://shopping-phinf.pstatic.net/main_3244102/32441025045.20231004072342.jpg, 빗썸코리아 씨랩(C-Lab) 지음, 비즈니스북스,2021
사회과학,뉴스를 전합니다 빅데이터와 인공지능,"디지털투데이, 한국경제, 아시아경제, 아시아투데이 등에 게재된 칼럼을 엮어 만든 이 책은 우리 생활 속에 빅데이터와 인공지능이 어떻게 스며들어 있는지 구체적으로 이야기하며 국내 IT 현황을 생생하게 전달한다.",https://shopping-phinf.pstatic.net/main_3244102/32441026003.20230919123216.jpg, 김동철 지음, 영진.com,2021
사회과학,YES를 이끌어내는 협상법,"싫든 좋든 우리는 협상하지 않을 수 없다. 전형적인 협상 전략을 사용할 경우, 때로 불만족스럽거나 지치거나 사람들로부터 따돌림을 당할 수도 있다. 이 책에서는 제3의 협상법으로 하버드 협상 프로젝트에서 개발한 '원칙화된 협상 방법'을 다룬다.",https://shopping-phinf.pstatic.net/main_3248717/32487171157.20230919131741.jpg," 윌리엄 유리,브루스 패튼,로저 피셔 지음;박영환,이성대 옮김", 장락,2014
사회과학,AI는 인간을 먹고 자란다,"10년간 30여 개국을 돌며 현장을 조사한 옥스퍼드대학교 인터넷연구소 연구진은 AI가 어떻게 노동을 소외시키고 창의성을 빼앗는지, 그리고 어떻게 불평등을 심화하고 민주주의를 위협하는지를 7명의 생생한 사례를 통해 보여준다.",https://dls2.edunet.net/DLS/api/homepage/holding/getCoverImage.do?prov_code=E10&neis_code=E100000276&bib_key=34206325033, 마크 그레이엄;제임스 멀둔;캘럼 캔트 [공]지음;김두완 옮김, 흐름,2025
사회과학,(독끝 NCS 기본서)독학으로 끝내는 공기업 NCS 통합기본서,실제 다수의 기업에서 출제하는 유형인 PSAT형 개념과 문제 및 해설이 강화된 통합기본서다. 합격자의 풀이순서 및 시간단축 Tip을 제시하는 등 공기업 취업준비에 있어 NCS에 대한 정보가 부족한 입문자 및 기 학습자들에게 실질적인 도움을 주고자 만들어졌다.,https://dls2.edunet.net/DLS/api/homepage/holding/getCoverImage.do?prov_code=E10&neis_code=E100000276&bib_key=34206376774, 길잡이 연구소;애드투북스 공저, 애드투북스,2025
사회과학,(요즘 교사를 위한)AI 수업 활용 가이드,"2022 개정 교육과정에 맞춰 디지털 기반 아날로그 수업을 실현하기 위한 실전 AI 활용법을 담고 있다. 챗GPT, 구글 스프레드시트, 캔바, 퍼플렉시티, 클로드 등 다양한 AI 도구를 수업 준비부터 행정 업무, 학급 운영까지 교육 전반에 적용할 수 있도록 구체적인 활용 방법을 제시한다.",https://dls2.edunet.net/DLS/api/homepage/holding/getCoverImage.do?prov_code=E10&neis_code=E100000276&bib_key=34206471729, 박진환;공지훈;서원진 [공]지음, 한빛미디어,2025
사회과학,에듀테크 & AI 수업,"에듀테크와 AI 교육이 결합한 그림책 활용 수업은 2022 개정 교육과정의 핵심 가치인 ‘학생 중심 교육’과 ‘미래 역량 함양’을 실현하는 데 효과적인 방법이다. 그림책을 매개로 학생들의 흥미와 참여를 이끌어 내고, AI 기술에 대한 이해를 높여 미래 사회에 필요한 역량을 키울 수 있다.",https://dls2.edunet.net/DLS/api/homepage/holding/getCoverImage.do?prov_code=E10&neis_code=E100000276&bib_key=34206472772, 그림책사랑교사모임 지음, 교육과실천,2025
사회과학,AI 2025,"2025년, 우리는 AI와 더 깊이 연결되는 ‘AI 2학년’이 되었다. 절대 놓쳐서는 안 될 2025년 AI 트렌드와 활용법. 10여 년 동안 IT 트렌드의 최전선에서 대중들과 함께 호흡해온 김덕진 IT커뮤니케이션연구소장이 MS, 구글, 애플, 오픈AI, 네이버 등 빅테크 기업들의 최신 전략을 분석하고, 2025년 AI 트렌드를 정리한다.",https://dls2.edunet.net/DLS/api/homepage/holding/getCoverImage.do?prov_code=E10&neis_code=E100000276&bib_key=34206482008, 김덕진 지음, 스마트북스,2025
사회과학,2026 AI 미래지도,"자연스럽게 일상으로 스며든 AI는 어떤 기술과 비즈니스 모델로 우리 일상을 어떻게 바꿔왔고, 또 어떻게 바꾸고 있을까? 컨설턴트로 활동하며 통신, IT, 교육 등 다양한 산업의 기업 및 공공기관에서 미래전략과 신사업 기획을 수행해온 저자는 《2026 AI 미래지도》에서 우리가 가장 궁금해하는 AI 산업의 오늘과 미래를 정밀하게 추적한다.",https://dls2.edunet.net/DLS/api/homepage/holding/getCoverImage.do?prov_code=E10&neis_code=E100000276&bib_key=34206485547, 박경수 지음, 한빛비즈,2025
사회과학,일생에 한번은 헌법을 읽어라,"서울대 법학전문대학원 이효원 교수는 헌법이야말로 인간 삶의 투명한 거울이라고 말하며 살면서 누구나 한번쯤은 헌법을 읽을 것을 강력히 권한다. 대한민국이 어떠한 나라가 되어야 한다고 축약해놓은 규범이자, 다양한 사고방식과 생활양식을 지닌 사람들이 더불어 살아가기 위해 만든 기반인 헌법을 공부함으로써 내가 어떤 사람이 되어야 하는지, 어떻게 살아야 하는지를 성찰할 수 있기 때문이다.",https://dls2.edunet.net/DLS/api/homepage/holding/getCoverImage.do?prov_code=E10&neis_code=E100000276&bib_key=34206490286, 이효원 지음, 현대지성,2025
사회과학,고수의 생각법,올해로 프로 데뷔 61년을 맞이한 조훈현 국수가 바둑판 위에서 깨달은 생각의 힘과 자신만의 사유의 방식을 오롯이 담아낸 책이다. 이번 스페셜 에디션은 조훈현의 생각법에 감화된 독자들이 10만 명에 이른 것을 기념하여 출간되었다.,https://dls2.edunet.net/DLS/api/homepage/holding/getCoverImage.do?prov_code=E10&neis_code=E100000276&bib_key=34206491296, 조훈현 지음, 인플루엔셜,2025
사회과학,(우리 곁에 있어야 할)법 이야기,"법의 탄생과 실행, 재판, 법률 구조, 장애인의 이동권, 인종차별, 이주민, 휴식, 직장 내 괴롭힘, 기후 위기 소송 등을 주제로 보통 사람들의 삶과 밀접한 법에 관한 이야기를 청소년 눈높이에서 쉽게 알려준다.",https://dls2.edunet.net/DLS/api/homepage/holding/getCoverImage.do?prov_code=E10&neis_code=E100000276&bib_key=34206503539, 최정규 글;김푸른 그림, 철수와영희,2025
사회과학,듀얼 브레인,"AI 시대를 살아가기 위해 꼭 읽어야 할 필독서다. 저자 이선 몰릭은 타임에서 선정한 ‘인공지능 분야에서 가장 영향력 있는 인물’ 중 한 명이다. 여러 AI 기업에 자문을 제공하고, 와튼 스쿨에서 교육에 AI 활용을 접목하는 등 다양한 영역에서 영향력을 발휘하고 있다. 그런 저자가 생성형 AI를 둘러싼 모든 것에 관한 최고의 책을 집필했다.",https://dls2.edunet.net/DLS/api/homepage/holding/getCoverImage.do?prov_code=E10&neis_code=E100000276&bib_key=34206518203, 이선 몰릭 지음;신동숙 옮김, 상상스퀘어,2025
사회과학,워런 버핏 웨이,"⟪워런 버핏 웨이⟫ 30주년 기념판에서, 저명한 작가이자 투자자인 로버트 해그스트롬은 오늘날 가장 뛰어난 투자자인 워런 버핏의 투자 전략을 집대성한 베스트셀러의 결정판을 선보인다. 이 책은 워런 버핏의 투자 전략인 ‘비즈니스 중심 투자(Business-Driven Investing)’의 열두 가지 원칙과, 그가 포트폴리오를 운영하는 독창적인 접근 방식을 설명한다.",https://dls2.edunet.net/DLS/api/homepage/holding/getCoverImage.do?prov_code=E10&neis_code=E100000276&bib_key=34206522739, 로버트 해그스트롬 지음;신용우 옮김, 상상스퀘어,2025
사회과학,미치지 않았다면 미친 척이라도 해야 한다,"“분명히 방법이 있고, 해결책은 반드시 존재한다.” 흙수저 성공 신화의 한 축을 이루는 20대 후반의 한국필수보험연구소의 대표 노원명이 젊음의 열정과 패기로 보험 시장의 새로운 패러다임 제시한다.",https://dls2.edunet.net/DLS/api/homepage/holding/getCoverImage.do?prov_code=E10&neis_code=E100000276&bib_key=34206608167, 노원명, 나비의활주로,2025
사회과학,교육의 뇌과학,"뇌과학 연구에 따르면, 효과적인 학습을 위해서는 새로운 지식을 뇌의 ‘장기 기억’에 저장하는 것이 핵심이다. 수학 포기자에서 공대 교수가 된 바버라 오클리를 비롯한 세계적 석학 3인이 뇌과학에 기반한 최적의 학습법을 제시한다.",https://dls2.edunet.net/DLS/api/homepage/holding/getCoverImage.do?prov_code=E10&neis_code=E100000276&bib_key=34206609036, 바버라 오클리;베스 로고스키;테런스 세즈노스키 [공]지음;이선주 옮김, 현대지성,2025
사회과학,실패를 성공으로 바꾸는 주식투자의 기술,"한국 주식시장의 살아 있는 전설, ‘부자아빠’ 정재호의 40년 실전 투자 노하우가 총정리된 《실패를 성공으로 바꾸는 주식투자의 기술》이 강세장 국면을 겨냥해 불장에디션으로 새롭게 출간된다.",https://dls2.edunet.net/DLS/api/homepage/holding/getCoverImage.do?prov_code=E10&neis_code=E100000276&bib_key=34206627240, 정재호 지음, 프런트페이지,2025
사회과학,자유론,"존 스튜어트 밀의 대표작인 『자유론』은 출간 된 지 150년이 지났음에도 여전히 큰 사랑을 받는 책이다. 아니, 시간이 갈수록 더욱 큰 사랑을 받고, 이 책의 가치는 점점 더 빛을 발한다. 이 책은 시민과 국가의 관계, 즉 시민의 자유가 어디까지 보장되고, 국가의 간섭은 어디까지 미칠 수 있는지를 다루고 있다.",https://dls2.edunet.net/DLS/api/homepage/holding/getCoverImage.do?prov_code=E10&neis_code=E100000276&bib_key=34206633712, 존 스튜어트 밀 지음;박문재 옮김, 현대지성,2025
사회과학,이로운 보수 의로운 진보,"보수 성향의 ‘봉수 씨’와 진보 성향의 ‘진봉 씨’라는 50대 동갑내기 가상 인물이 등장한다. 이들의 대비되는 삶의 모습과 가치관은 보수와 진보의 세계관, 정치적 입장 차이를 극명하게 드러내 준다.",https://dls2.edunet.net/DLS/api/homepage/holding/getCoverImage.do?prov_code=E10&neis_code=E100000276&bib_key=34206655156, 최강욱;최강혁 [공]지음, 한겨레(한겨레엔),2025
사회과학,결국 국민이 합니다,"2024년 12월 3일 ‘내란의 밤’부터 윤석열 대통령 탄핵소추안 가결, 2025년 4월 4일 헌재의 파면 선고까지 숨가빴던 순간들의 ‘막전막후’를 이재명의 시선으로 들여다본다.",https://dls2.edunet.net/DLS/api/homepage/holding/getCoverImage.do?prov_code=E10&neis_code=E100000276&bib_key=34206657707, 이재명 지음, 오마이북,2025
사회과학,강대국은 어떻게 미래를 확보하는가,"국제 관계가 혼란하여 한 치 앞도 섣불리 전망하기 어려운 때에 원자재의 흐름으로 패권의 미래를 읽을 수 있는 책이 출간되었다. 미국, 중국, 중동, 러시아 등 강대국들이 현재의 패권을 지키기 위해 어떤 선택을 하고 있는지와 앞으로 어떤 선택을 할 것인지 알아보자.",https://dls2.edunet.net/DLS/api/homepage/holding/getCoverImage.do?prov_code=E10&neis_code=E100000276&bib_key=34206724999, 오정석 지음, 한빛비즈,2025
사회과학,구글 애드센스로 돈 벌기,<구글 애드센스로 돈 벌기>는 이미 9년간 수많은 독자에게 검증받은 책이다. 이번 최신 확장판에서는 ‘AI 자동화’를 이용해 롱폼 유튜브 채널 운영의 효율을 비약적으로 높일 수 있는 노하우를 전격 공개하고 있다.,https://dls2.edunet.net/DLS/api/homepage/holding/getCoverImage.do?prov_code=E10&neis_code=E100000276&bib_key=34206749852, 안동수(풍요) 지음, 아틀라스북스,2025
사회과학,불완전한 그대로 온전하게,"애슐리 슈가 기술낙관주의에 관하여 10년 가까이 파고들어 온 생각들을 정리해 담은 것이다. 그녀는 우리 사회에 만연한 장애 차별적 고정관념을 하나하나 짚어 보고, 기술낙관주의가 어떤 식으로 사회에 해를 끼치는지 설명한다.",https://dls2.edunet.net/DLS/api/homepage/holding/getCoverImage.do?prov_code=E10&neis_code=E100000276&bib_key=34206763081, 애슐리 슈 지음;정현창 옮김, 초사흘달,2025
사회과학,뭐가 되고 싶냐는 어른들의 질문에 대답하는 법,"일상의 철학자, 알랭 드 보통이 꿈, 진로, 미래가 막막한 이들에게 전하는 진솔한 조언과 빛나는 통찰. 알랭 드 보통은 장래 희망을 묻는 어른들의 태도를 비판하는 한편, 직업과 진로를 새로운 관점으로 비틀어 보면서 자신에게 딱 맞는 일을 찾는 여정으로 어린이들을 인도한다.",https://dls2.edunet.net/DLS/api/homepage/holding/getCoverImage.do?prov_code=E10&neis_code=E100000276&bib_key=34206789543, 알랭 드 보통;인생학교 [공]지음;신인수 옮김, 아이세움(미래엔),2025
사회과학,(1일 1단어 1분으로 끝내는)금융공부,"생각만 해도 머리 아프고 어려운 금융, 쉽고 재미있게 공부할 수는 없을까? 『1일 1단어 1분으로 끝내는 금융공부』는 중고등학교 교과서부터 최신 뉴스와 신문에 단골로 등장하는 100개 단어를 중심으로 쉽고 빠르게 금융에 관한 기본 지식을 마스터할 수 있도록 돕는다.",https://dls2.edunet.net/DLS/api/homepage/holding/getCoverImage.do?prov_code=E10&neis_code=E100000276&bib_key=34206806055, 이혜경 지음, 글담,2025
사회과학,(원하는 성적을 만드는)최소한의 노트정리,고등학교 때부터 SNS를 통해 자신의 노트 정리 노하우를 공유하며 10대들의 공부 멘토로 자리 잡은 ‘햄이’의 특급 노트 공부법 대공개. 수년 동안 다져온 확실한 노트 정리 공부 방법을 통해 지방 일반고에서 서울대에 합격한 저자의 노하우를 고스란히 담았다.,https://dls2.edunet.net/DLS/api/homepage/holding/getCoverImage.do?prov_code=E10&neis_code=E100000276&bib_key=34206817178, 정혜민 지음, 메가스터디Books,2025
사회과학,수능 만점 비밀과외,"역대급 불수능이라고 불리는 2022학년도 수능에서 ‘전 과목 백분위 만점’으로 연세대학교 의과대학에 현역으로 합격한 저자의 개인 과외, 일타강사의 조교, 1:1 학습 컨설팅을 통해 추가로 터득한 수능 합격 비책까지, 어디서도 쉽게 얻을 수 없는 수능에 관한 거의 대부분의 정보까지 모조리 공개되어 있다.",https://dls2.edunet.net/DLS/api/homepage/holding/getCoverImage.do?prov_code=E10&neis_code=E100000276&bib_key=34206818979, 아크미 지음, 다산에듀(다산북스),2025
사회과학,왓츠 유어 드림,2025년 1월 영국 출간 즉시 아마존과 《선데이타임스》 베스트셀러 1위에 오르며 수없이 많은 사람의 삶을 뒤바꾼 화제의 책 『왓츠 유어 드림』이 발 빠르게 한국에 도착했다. 세계 최초 번역본이다.,https://dls2.edunet.net/DLS/api/homepage/holding/getCoverImage.do?prov_code=E10&neis_code=E100000276&bib_key=34206823752, 사이먼 스큅 지음;최인하 옮김, 북파머스,2025
사회과학,(요즘 10대를 위한)최소한의 전쟁사,세계사를 바꾼 14개의 굵직한 전쟁사를 긴장감 넘치는 스토리텔링으로 풀어내 고대부터 현대까지 역사의 흐름을 단번에 잡아준다. 풍부한 연표‧지도‧이미지를 바탕으로 역사의 핵심인 인물‧사건‧배경을 잊지 않게 콕콕 짚어준다.,https://shopping-phinf.pstatic.net/main_5497298/54972980252.20250527094435.jpg, 김봉중 지음, 빅피시,2025
사회과학,결국 마음먹은 대로 된다,"무려 75년 동안 세상의 빛을 보지 못한 이 원고는 최근에야 『The 12 Miracles of Life』라는 영문 제목으로 정리되어 세상에 처음 공개되었고, 한국에서는 『결국 마음먹은 대로 된다』라는 제목으로 마침내 수많은 나폴레온 힐 애독자의 손에 닿을 수 있게 되었다.",https://shopping-phinf.pstatic.net/main_5557318/55573183609.20250701081132.jpg, 나폴레온 힐 지음;김가경 옮김, 지니의서재,2025
사회과학,"독일식 진로교육, 마이스터를 만나다",AI 시대에도 변함없이 주목받는 12개 수공업 직종의 가치를 실감 나게 조명하면서 독일 장인의 아름다운 인생을 전한다. 또한 이 책은 장인들이 어떻게 자신의 전문성을 키워왔는지를 보여주면서 독일 직업교육의 체계성과 품격을 자세히 보여준다.,https://shopping-phinf.pstatic.net/main_5609311/56093119244.20250805075702.jpg, 임진 지음, 머메이드,2025
사회과학,골목에서 배우는 인권,"다섯 명의 인권 전문가들이 소통의 공간인 골목을 매개로 우리의 삶과 밀접한 인권 현실을 살펴본다. 도시와 보행자의 인권, 인종 차별과 난민 문제, 이슬람과 동양에 대한 편견 등 청소년이 꼭 알아야 할 인권의 주제에 관해 다양한 사례를 통해 쉽게 알려준다.",https://shopping-phinf.pstatic.net/main_5616630/56166305561.20250812115049.jpg, 정석 외 지음, 철수와영희,2025
사회과학,"AI시대, 인간의 경쟁력","‘인간의 경쟁력’은 파편적 지식이나 기술이 아닌, 진정한 인문학적인 힘으로 길어올린 상상력이다. 넓고 깊은 독서를 통한 경험과 질문은 그런 힘을 길러주는 근본적인 도구이다.",https://shopping-phinf.pstatic.net/main_5615453/56154530720.20250812115624.jpg, 강창래 지음, 궁리,2025
사회과학,명문대 합격 생기부 필독서 40,"독서를 반영한 수행평가와 자율, 진로 분야에서 활용할 수 있는 보고서 관련 및 교과세특 기록을 철저히 준비하는 데 도움을 주는 가이드다. 학생 개개인의 강점을 극대화할 수 있는 방향으로 대비할 수 있는 정보를 담고 있다.",https://shopping-phinf.pstatic.net/main_5432495/54324950904.20260331101950.jpg, 이지혜 지음, 가로책길,2025
사회과학,돈의 방정식,"돈을 어떻게 벌 것인가를 넘어서, 어떻게 벌고 쓰고 다룰 것인가에 대한 철학을 다룬다. 《돈의 심리학》과 《불변의 법칙》으로 전 세계 독자를 사로잡은 모건 하우절은 이번 책을 완벽한 후속작이라 밝히며, 독립과 자유 없는 부는 또 다른 빈곤이라는 문제의식을 전면에 내세운다.",https://shopping-phinf.pstatic.net/main_5839273/58392735096.20260331113148.jpg, 모건 하우절 지음;박영준 옮김, 서삼독,2026
사회과학,(1등급을 이기는)생기부 독서법,내신 1등급을 이기고 당당히 명문대에 합격한 2등급의 사례는 더 이상 신화 같은 이야기가 아니다. 이 학생들의 특별한 경쟁력은 심화 독서 능력으로 만들어진 생기부에 있었다. 이처럼 독서를 학교생활과 생기부에 활용한 학생은 입시에서 예상 이상의 결과를 만들어낸다. 그렇다면 합격 생기부는 어떻게 만들어지는 걸까?,https://shopping-phinf.pstatic.net/main_5798301/57983016105.20260331100323.jpg, 김수미 지음, 빅피시,2025
사회과학,존리의 부자되기 습관,"대한민국에 경제독립이라는 화두를 던진 30만 부 베스트셀러의 개정증보판이다. 2,500회 강연과 실제 사례로 검증된 부의 액션 플랜을 통해 금융문맹을 벗어나 미래를 준비하는 선택을 제시한다.",https://shopping-phinf.pstatic.net/main_5853933/58539336081.20260331110856.jpg, 존리 지음, 이든하우스,2026
사회과학,나의 투쟁,"지하 방공호 히틀러가 자살직전 쓴 비밀 유서 최초 수록! 1923년 뮌헨 폭동은 미수에 그치고, 히틀러는 유죄판결을 받아 란츠베르크 교도소에 수감되었다. 이 기간을 그냥 흘려보내지 않고 그는 집필에 매진하여 많은 글을 써 냈다. 이것이 《나의 투쟁》이다.",https://shopping-phinf.pstatic.net/main_3248801/32488014620.20260331110719.jpg, 아돌프 히틀러 지음;황성모 옮김, 동서문화사,2014
사회과학,경영학 콘서트,현대 경영의 다양한 주제를 다루고 있는 경영 교양서. 개인이 현실에서 직접 접할 수 있는 문제에서 시작해서 기업의 효과적인 운영에 이르기까지의 경영학이 다루는 다양한 주제를 피부에 와 닿는 구체적인 사례를 들면서 흥미롭게 설명하고 있다. 다양한 주제를 재미있게 설명하는 것뿐만 아니라 경영의 원리와 현대 경영학의 역사적 발전 과정까지 진지하게 추적한다.,https://shopping-phinf.pstatic.net/main_3247334/32473346992.20260331100829.jpg, 장영재 지음, 비즈니스북스,2010
사회과학,트라이브즈,"연결의 시대, 당신은 어떤 부족을 이끌 것인가. 『트라이브즈』는 공통의 가치로 사람들을 모으고 변화를 만드는 새로운 리더십을 제시하는 책이다.",https://shopping-phinf.pstatic.net/main_5928728/59287289857.20260331123231.jpg, 세스 고딘 지음;송보라 옮김, 필름(Feelm),2026
사회과학,(요즘 청소년을 위한)에너지 이야기,"불의 발견에서 시작해 석탄, 석유, 원자력, 그리고 태양과 바람 같은 재생에너지까지, 인류 문명의 발전과 함께해온 에너지의 역사를 쉽고 흥미롭게 풀어낸 청소년 교양서다. 에너지의 발전은 곧 인간 삶의 변화였고, 이 책은 에너지가 기술을 넘어서 삶의 방식과 가치관을 바꾸었다는 사실을 생생하게 보여준다.",https://shopping-phinf.pstatic.net/main_5549815/55498158490.20260331122001.jpg, 이권우 지음, 청어람미디어,2025
사회과학,대화를 한다는 것,"소통의 시대에 사는 우리에게 대화와 인간관계는 끊임없는 고민과 성찰의 대상이다. 우리가 대화법이나 대화의 원칙을 소개하는 책들을 자주 찾는 이유다. 하지만 《대화를 한다는 것》은 대화의 스킬을 알려주는 대화법에 관한 책이 아니다. 단순하게 대화를 잘하는 법을 늘어놓는 것이 아니라 대화, 언어, 인간, 인간관계에 대한 철학적 관점을 제시한다.",https://shopping-phinf.pstatic.net/main_5321445/53214451534.20260331104547.jpg, 피에르 쌍소 지음;이진희 옮김, 드림셀러,2025
사회과학,(함께 하는 기쁨을 만드는)반려견 훈련사,"‘반려견 훈련이란 무엇인가?’라는 질문에서 출발해, 훈련이 이루어지는 과정, 훈련사의 하루, 직업으로서의 현실, 그리고 반려견 산업의 미래까지 폭넓게 다루고 있다. 훈련이 단순히 명령을 가르치는 일이 아니라, 반려견의 마음을 이해하고 보호자와의 관계를 회복하는 일임을 설명하며, 반려견과 사람 사이의 소통이 얼마나 중요한지를 이야기 한다.",https://shopping-phinf.pstatic.net/main_5839273/58392735106.20260331115458.jpg, 이솔이 지음, 토크쇼,2026
사회과학,(청소년이 꼭 알아야 할)시사이슈 2025,현직 기자들이 직접 이슈를 선정하고 현장 경험을 토대로 살아있는 내용을 전하는 『청소년이 꼭 알아야 할 시사이슈』. 해마다 ‘시사이슈’ 저자들은 내실을 기하기 위해 아이템 선정에 심혈을 기울인다.,https://shopping-phinf.pstatic.net/main_5140069/51400691618.20260331111055.jpg, 홍기삼 외 지음, 동아엠앤비,2024
사회과학,핵심가치,"조직 구성원들이 공통된 가치를 갖고 공유, 실천한 것이 기업의 성공과 그 안의 모든 사람들의 행복을 이끈다고 말하는 책. 핵심가치 교육을 하고 있는 저자의 경험과 연구를 바탕으로 핵심가치의 개념과 폭 넓은 시각을 제시한다.",https://shopping-phinf.pstatic.net/main_3246697/32466976042.20260331094440.jpg, 허욱 지음, 이콘,2013
사회과학,부의 인문학,"지금까지 인문학을 ‘투자’라는 렌즈를 통해 바라본 책은 없었다. 인문학을 이토록 쉽고 재미있게, 투자의 눈을 뜨게 하는 도구로 사용할 수 있다는 것만으로도 흥미롭다. 저자는 자기 안에서 소화된 인문학과 지금의 우리 현실을 씨실과 날실로 엮어가며 투자에 대한 거대한 태피스트리를 엮어간다.",https://shopping-phinf.pstatic.net/main_3247498/32474983286.20260331104711.jpg, 우석(브라운스톤)지음, 오픈마인드,2022
사회과학,맛집에서 만난 경제 수업,"떡볶이, 짬짜면, 삼겹살, 냉면, 빵 등 청소년이 좋아하고 자주 보는 먹거리에 담긴 재미있는 경제 이야기. 40년 전통 일본 카레집이 문을 닫게 된 사연을 통해 수요와 공급의 법칙을 쉽게 이해하고, K-치킨의 탄생기로 무역과 외환, 경기와 실업을 유기적으로 연결 지을 수 있도록 이끈다.",https://shopping-phinf.pstatic.net/main_5800632/58006327134.20260331112039.jpg, 남원상 글;란탄 그림, 서해문집,2025
사회과학,나는 다시 나를 설계하기로 했다,"독일 3대 주간지 중 하나인 <포커스>가 ‘독일에서 가장 유명한 커리어 어드바이저’로 소개하고, ‘200주 연속 슈피겔 베스트셀러’ 기록을 가진 독일 최고의 자기 계발 멘토 마르틴 베를레. 그가 23년간 수천 명을 상담하며 가장 효과가 좋았던 방법을 추려 52가지로 정리한 책이다.",https://shopping-phinf.pstatic.net/main_5616452/56164521446.20260331101006.jpg, 마르틴 베를레 지음;배명자 옮김, 메이븐(메이븐콘텐츠),2025
사회과학,낯섦과 공존,"저자 김태원이 구글에서의 18년 경험, 수많은 기업 컨설팅과 강의 경험, 가장 창의적인 기업 중 하나인 이노레드에서 새로운 혁신을 만들며 쌓아온 인사이트를 총망라하여 완성한 책이다.",https://shopping-phinf.pstatic.net/main_5598650/55986501666.20260331104935.jpg, 김태원 지음, 휴먼큐브,2025
사회과학,자녀성공학,우리는 성공을 가르친다고 말하지만 실제로는 뒤처지지 않는 법만 주입해왔다. 이 책은 ‘돈 버는 아이’와 ‘돈 쓰는 아이’라는 질문으로 자녀의 인생 설계를 다시 시작하게 한다. 15년 연구 끝에 완성한 7단계 교육법과 다수의 장관상 수상 이력이 신뢰를 더한다.,https://shopping-phinf.pstatic.net/main_5840589/58405890944.20260331100752.jpg, 오두환 지음, 미래세대,2026
사회과학,(교양인이 알아야 할)음식의 역사,"음악, 의학, 시간, 재산, 노마디즘, 사랑, 죽음, 지정학, 기술, 유대교, 근대성, 미로, 예측, 대양의 긴 역사를 공부하고 책으로 쓴 바 있는 경제학자이자 미래학자 자크 아탈리가 이번에는 음식의 역사를 탐구했다.",https://shopping-phinf.pstatic.net/main_5029639/50296395624.20260331112322.jpg, 자크 아탈리 지음;권지현 옮김, 따비,2024
사회과학,"미래를 향한 도전, 스타트업","스타트업을 준비하기 위해 필요한 절차와 과정부터 어떠한 아이디어를 생각해야 할지, 어떻게 인간관계를 유지해야 할지, 어떤 계획표를 작성해야 할지까지 모든 것을 저자의 경험과 다양한 성공사례, 각종 지표를 근거로 차근차근 꼼꼼하게 알려주고 있다. 미래를 살아갈 청소년에게 성공을 가져다줄 기업가정신을 심어주고 역량과 창의성을 키워주는 최고의 길잡이가 될 것이다.",https://shopping-phinf.pstatic.net/main_5112397/51123976642.20260331123022.jpg, 임성준 지음, 동아엠앤비,2024
사회과학,최소한의 노벨 경제학상,"게임 이론, 금융 위기 이론, 거래 비용 이론처럼 복잡하게 느껴지는 27가지 경제학 이론을 일상의 질문으로 풀어내는 동시에, 논문 인용과 실험, 실제 사례를 통해 깊이를 놓치지 않는다. 여기에 다양한 그래프와 인포그래픽을 더해 이해를 돕는다.",https://shopping-phinf.pstatic.net/main_5857039/58570391529.20260331105412.jpg, 김나영 지음, 가나문화콘텐츠,2026
사회과학,(교실 속 즐거운 변화를 꿈꾸는)프로젝트 학습,"어떻게 하면 아이들이 공부를 좀 더 잘할 수 있을까? 만일 학교가 신나고 재미있다면, 같이 공부하는 친구들이 서로 다른 장점을 나누고 칭찬할 수 있다면, 우리가 배우는 것이 단지 성적을 올리기 위한 수단이 아니라 사회를 좀 더 공정하고 정의롭게 만들고 나의 생활을 더욱 더 행복하게 하기 위함이라면 얼마나 좋을까?",https://image.aladin.co.kr/product/1306/73/cover500/8996586153_1.jpg, 강인애;정준환, 상상채널,2011
사회과학,토의.토론 수업방법 46,,https://image.aladin.co.kr/product/1363/8/cover500/892540527x_1.jpg, 정문성 지음, 교육과학사,2011
사회과학,(다문화 이웃이 직접 들려주는)다문화 전래 동화,"대만, 중국, 키르기스스탄, 태국, 우즈베키스탄 등 다문화 이웃들이 나고 자란 각국의 전래 동화가 실려 있다. 오랜 옛날부터 전해 내려오는 전래 동화는 단순한 이야기를 넘어 그 나라의 문화와 관습, 생활 모습을 고스란히 담고 있다. 책에 실린 9개국 33편의 전래 동화를 읽으며 자연스럽게 그 나라를 이해할 수 있을 것이다.",https://image.aladin.co.kr/product/1593/15/cover500/8930234607_1.jpg, 경인교대 한국다문화교육연구원;이진우, 예림당,2012
사회과학,협동학습으로 토의.토론 달인되기,"앞으로 다가올 세상을 ‘다 함께 잘 사는 사회’로 만들기 위해서는 존중, 배려, 민주, 협동, 생태적 관점 등을 중심에 두는 교육이 필요하다. 그 과정에서 학생들은 스스로 배움의 주체가 되어 활동을 주도하고, 교사는 그 길에 적극적인 안내자가 되는 데 협동학습과 토의·토론은 분명 큰 힘이 될 것이다.",https://image.aladin.co.kr/product/1104/66/cover500/8958329319_1.jpg, 이상우 지음, 시그마프레스,2011
사회과학,(생각을 발견하는 토론학교) 철학. 4,청소년을 위한 토론학교 시리즈. 지루한 철학사나 암기해야 할 철학 이론을 나열하는 대신 실제로 철학자들이 어떻게 문제를 다루었는지를 생생한 토론으로 보여준다. 철학의 학문적 성과를 대중과 나누려고 끊임없이 노력하는 저자가 토론이 가능한 철학적 쟁점을 공들여 골랐다. 풍부한 상징을 담은 이미지도 사려 깊게 배치해 상상력을 자극한다.,https://image.aladin.co.kr/product/1180/45/cover500/8994103198_1.jpg, 최훈;박의준 [공]지음, 우리학교,2011
사회과학,(내일을 읽는 토론학교) 역사. 5,청소년을 위한 토론학교 시리즈. 전국역사교사모임 사료모임 선생님들이 우리 역사 속에서 논쟁과 토론이 가능한 역사 쟁점 열 가지를 공들여 뽑아 각 쟁점을 둘러싼 서로 다른 두 입장을 풍부한 배경지식과 치밀한 논거로 엮어 펴낸 책이다. 각각의 주장을 풍부한 배경지식과 치밀한 논거로 촘촘하고 설득력 있게 엮어 내려간다.,https://image.aladin.co.kr/product/1251/13/cover500/8994103201_1.jpg, 이인석;정행렬 [외] 지음, 우리학교,2011
사회과학,국어과 교수·학습 방법,,https://image.aladin.co.kr/product/98/53/cover500/8955565674_1.jpg, 최지현 외 지음, 역락,2008
사회과학,교실 토론의 방법,"전국국어교사들의 연구모임인 '전국국어교사모임'의 회장을 맡고 있는 김주환이 학교 현장에서 10여 년 동안 학생들과 함께 만들어 온 토론 수업의 성과를 담은 책. 다섯 개의 장에 걸쳐 ‘교실 토론’이라는 토론 방법에 대해 소개하고 있으며, 마지막 장에는 아이들의 실제 토론 내용을 보여주고 있다.",https://image.aladin.co.kr/product/102/81/cover500/8987402967_1.jpg, 김주환 지음, 나라말,2007
사회과학,훌륭한 교사는 이렇게 가르친다,"교사들과 교사는 아니더라도 직간적접으로 가르치는 일과 연관된 다양한 많은 사람들에게 유용한 지첨서이다. 특히, 교사의 인간적인 면모에 초점을 맞춰 가르침을 하나의 '예술'로 설명하고 있다. 초보 교사에게 선물하기에도 좋다.",https://image.aladin.co.kr/product/43/82/cover500/8974748916_1.gif, 제임스 M 배너주니어;해럴드 C. 캐넌 지음;이창신 옮김, 풀빛,2005
사회과학,소비자를 움직이는 경제,정갑영 경제학 교수의 저서 을 어린이에서 어른까지 더 쉽고 재미있게 이해할 수 있도록 학습만화로 출간했다. 총 다섯 권으로 구성된 시리즈 중 2권은 소비자가 시장에서 어떻게 선택하는 것이 가장 큰 만족을 얻을 수 있는가를 설명한다.,https://image.aladin.co.kr/product/85/5/cover500/8991228224_1.jpg, 정갑영 지음;전현우 그림, 영진미디어,2008
사회과학,삶은 계속되어야 한다,2002년 공개적으로 한국 원폭 2세 환우의 문제를 세상에 알린 후부터 2005년 5월 29일 세상을 뜨기까지 원폭 문제를 환기시킨 김형률의 삶을 담은 다큐 인물 평전이다. 원폭의 문제를 개인의 문제에서 역사적·사회적 문제로 인식하게 된 과정과 그러한 인식을 토대로 벌여온 구체적인 활동을 담았다.,https://image.aladin.co.kr/product/216/77/cover500/8958622431_1.jpg, 전진성 지음, 휴머니스트,2008
사회과학,정말 궁금한 우리 예절 53가지,유학을 전공한 젊은 철학자 이창일이 예절의 의미를 풀이해줌과 동시에 현대에 맞게 새롭게 해석한 책. 예절의 형식에 대한 옳고 그름보다는 그 속에 담겨 있는 뜻과 함께 반성과 성찰을 이끌어내고 있다. 지은이는 예절의 정신에 중심을 두어 그 의미를 먼저 들여다보는 것이 더욱 중요함을 책 전반에 걸쳐 강조하고 있다.,https://image.aladin.co.kr/product/182/76/cover500/8959132861_1.jpg, 이창일 지음, 위즈덤하우스,2008
사회과학,이제는 대학이 아니라 직업이다,‘취업’과 ‘진학’이라는 두 마리 토끼를 다 움켜잡은 학생들의 실제 사례가 여럿 수록되어 있다. 변화하는 시대의 흐름에 맞춰 각자의 적성이 발휘될 수 있도록 저자가 제자들의 진로를 상담한 결과다.,https://image.aladin.co.kr/product/12081/86/cover500/k652531249_1.jpg, 손영배 지음, 생각비행,2017
사회과학,"지금 다시, 헌법","<안녕 헌법> 개정판. 시민을 위한 헌법 해설서로, 저자들은 최대한 쉬운 말과 간결한 문체, 다양한 예를 활용해 각 헌법 조항의 의미와 배경을 설명함으로써 누구나 헌법을 쉽게 읽고 이해할 수 있도록 했다. 개정판에서는 7년 동안 우리 사회에서 벌어진 중요한 사건을 포함했다.",https://image.aladin.co.kr/product/9661/59/cover500/k982535842_1.jpg," 차병직,윤재왕,윤지영 지음", 로고폴리스,2016
사회과학,어린 왕자의 사람을 사랑하는 법,생텍쥐페리의 세계적인 베스트셀러인 <어린 왕자> 깊이 읽기를 강의하고 여러 권의 관련서적을 출판한 저자가 100번 이상 <어린 왕자>를 읽으면서 얻은 사람과 사람의 만남에 대한 깨달음을 담고 있다.,https://image.aladin.co.kr/product/3015/50/cover500/8994025278_1.jpg, 최복현 지음, 양문,2013
사회과학,기초통계학,,https://image.aladin.co.kr/product/5568/62/cover500/8964145895_1.jpg, 김명호 저, 두남,2015
사회과학,학교 밖으로 떠나라,"이 책의 곳곳에서 넓고 넓은 가능성의 세계를 제시하며, 그와 더불어 실제로 ""교실의 틀을 벗어나"" 다양한 활동을 하면서 훌륭한 경험을 얻은 청소년 독자들이 경험자로서 같은 또래 청소년들에게 해 주는 조언을 전달하고 있다. 바로 이 책에서 여러분의 인생을 한 차원 높은 곳으로 끌어올릴 수 있는 방법론을 읽게 될 것이다.",https://image.aladin.co.kr/product/228/59/cover500/899319601x_1.jpg, 레베카 그린 지음;박영민 옮김, 세용,2008
사회과학,(우리 앞의)세계화 이야기,"세계화란 무엇인지, 나와는 어떤 연관을 갖는지, 세계화 추세에서 내가 생각해야 할 문제는 어떤 것이 있는지 안내한다. 중국산 콩과 칠레산 오렌지, 인도네시아산 조기로 채워지는 밥상, 5개의 나라가 협력해서 만드는 티셔츠, 보스니아에 세워진 이소룡의 동상 등 경제, 정치, 문화를 넘나드는 세계화 사례를 찾았다.",https://image.aladin.co.kr/product/244/0/cover500/8937844664_1.jpg, 정희용 지음;이현주 그림, 아이세움,2008
사회과학,거꾸로 생각해 봐! 세상이 많이 달라 보일걸,"세상을 놀라게 했던 십대들을 위해 기획되었다. 먹을거리 문제에서 좀더 나아가, 경쟁사회, 노동, 국제무역, 과학기술, 문학, 생명, 가난, 공동체, 전쟁, 평화 등 다양한 분야로 시야를 넓히고 우리 삶의 근간을 이루는 것들에 대한 성찰의 바탕을 제공하자는 의도이다.",https://image.aladin.co.kr/product/261/65/cover500/8989646510_1.jpg, 홍세와;우석훈 외 지음, 낮은산,2008
사회과학,체험으로 즐기는 수학,,https://image.aladin.co.kr/product/271/43/cover500/8987799719_1.jpg, 김부윤;이지성 지음, 수학사랑,2008
사회과학,그레이트 리세션 2023년 경제전망,복합위기의 시대다. 그렇다면 이 암울한 경제침체의 시기가 모두에게 힘들기만 할까? 이 책은 어떻게 대응하느냐에 이 위기의 타파법이 달려 있다고 한다. 돈의 흐름과 이동을 파악하면 위기를 피하고 기회를 잡을 수 있다.,https://image.aladin.co.kr/product/30329/93/cover500/k042839233_2.jpg, 김광석 지음, 지식노마드(이든하우스),2022
사회과학,카피력,"수없이 많은 대기업과 고객을 성공적으로 이어낸 카피라이터 임윤정의 노하우 중 가장 핵심만을 꼽아 7단계의 공식으로 만들어냈다. 풍부한 사례를 기반으로 만들어낸 예시를 따라가다 보면 트랜디한 워딩, 플랫폼 맞춤 접근법, 제품을 부각하는 완벽한 브랜딩 등 지금의 임윤정을 만들어낸 비밀을 알 수 있다.",https://image.aladin.co.kr/product/30435/78/cover500/k232830177_1.jpg, 임윤정 지음;김성욱 그림, 베가북스,2022
사회과학,체인지업 4.0,"살롱을 운영하는 헤어디자이너가 아니라, 경영자 마인드를 지니고 자신을 브랜딩해 이를 성과로 이어지게 해야 한다. 그리고 이 책 《체인지업 4.0, 헤어 비즈니스 시장의 판을 바꾸는 남자》에는 바뀐 헤어 시장의 판에서 살아남고, 성과를 창출해 리드하는 경영 비법을 담아내고 있다.",https://image.aladin.co.kr/product/31281/61/cover500/k772832473_1.jpg, 카이정 지음, 라온북,2023
사회과학,기버. 1,"지난 2008년 베푸는 것이 가진 위대한 힘에 대해 이야기했던 『레이첼의 커피』가 『기버1』이라는 제목으로 새롭게 출간되었다. 《포춘》선정 500대 기업을 비롯해 비즈니스 리더, 미국 전 대통령을 포함한 정치인들을 대상으로 폭넓은 강연을 펼쳐온 최고의 연설가인 밥 버그와 존 데이비드 만은 성공을 꿈꾸는 야심 찬 젊은이 ‘조’의 이야기를 통해 나누고 베푸는 삶이 가져다주는 놀랍고도 위대한 성취로 우리를 안내한다.",https://image.aladin.co.kr/product/23178/95/cover500/k252630317_1.jpg, 밥 버그;존 데이비드 만 [공]지음;안진환 옮김, 포레스트북스,2020
사회과학,(현직 고등학교 선생님들이 직접 고른)생기부 필독서 100,"서울대 필독서, 베스트셀러, 교과 교사들이 추천한 책, 교실에서 학생들이 많이 읽고 반응이 좋았던 책 중에서 엄선했다. 그리고 독서 후 창의성과 역량을 보여줄 구체적인 후속 심화 활동을 책마다 일일이 제시했다. 또한 학교 현장에서 진행했던, 주제발표활동과 과제연구, 관련 학과 진로탐색 활동의 사례도 같이 소개했다.",https://image.aladin.co.kr/product/31250/68/cover500/k702832360_1.jpg, 주경아 외 지음, 센시오,2023
사회과학,거인의 노트,"국내 1호 기록학자의 첫 책으로, 지난 25년 간 기록 분야에 매진하며 깨달은 기록의 중요성과 방법에 대해 전한다. 기록하면 인생이 방향이 명확해진다. 문제로 여겼던 것이 아무것도 아닌 일이 되고 고민은 쉽게 풀린다. 기록은 한계에 부딪힌 당신이 벽을 넘어서기 위해 행하는 첫걸음이다.",https://image.aladin.co.kr/product/31273/7/cover500/k542832564_1.jpg, 김익한 지음, 다산북스,2023
사회과학,(사이토 히토리의)1퍼센트 부자의 법칙,"‘잃어버린 30년’으로 불리는 일본의 장기 불황 속에서도 끄떡없이 돈을 벌어 온 사이토 히토리. 그가 전하는 다섯 가지 법칙으로 이제 당신도 진정한 부자가 될 수 있다. 사이토 히토리의 인생 법칙은 쉽고, 별나고, 재미있다. 그에게는 열 명의 제자가 있는데, 이 다섯 가지 법칙을 배워 다들 행복한 부자가 되었다. 한번 익히면 평생 쓸모 있는 놀라운 법칙을 지금 만나 보자.",https://image.aladin.co.kr/product/31035/98/cover500/k582831511_1.jpg, 사이토 히토리 지음;김진아 옮김, 나비스쿨,2023
사회과학,사장학개론,"한국과 미국, 전 세계를 오가며 ‘사장을 가르치는 사장’으로 알려진 『돈의 속성』의 저자 김승호 회장의 신간이다. 평생 사장으로 살아온 그의 경영철학 모두를 10여 년에 걸쳐 정리해 온 그는, 이번 『사장학개론』 책을 통해 120가지 주제로 그 내용을 모두 담아 완성했다.",https://image.aladin.co.kr/product/31325/1/cover500/k832832683_3.jpg, 김승호 지음, 스노우폭스북스,2023
사회과학,챗GPT,"출시된 지 얼마 되지도 않아 세상을 뒤흔든 챗GPT는 지금까지 나온 모든 인공지능 기술보다 훨씬 더 전 세계에 충격을 주었다. 챗GPT가 무엇이고, 어떻게 활용하며, 우리 사회에 어떤 영향을 줄지 인공지능 개발자인 저자의 시선을 통해 분석하였다.",https://image.aladin.co.kr/product/31016/62/cover500/k882831410_3.jpg, 반병현 지음, 생능북스,2023
사회과학,일머리 문해력,"인공지능이 우리 삶에 들어올수록 정보의 진위를 구별하고 상대와 상황, 환경에 맞게 재해석해 답을 내놓는 인간의 문해력은 더욱 주목받을 것이다. 《일머리 문해력》은 그중에서도 직장이나 비즈니스 상황 등 사회생활에서 필요한 문해력을 키우는 법을 알려주는 책이다.",https://image.aladin.co.kr/product/31240/13/cover500/k362832061_1.jpg, 송숙희 지음, 교보문고,2023
사회과학,데일 카네기 100일 필사,인간관계를 비롯한 성공을 효과적으로 쟁취하는 방법을 전하는 데일 카네기의 통찰을 하루에 한 장씩 필사하며 내 인생에 새길 수 있는 책이다. 명언을 읽는 데 그치지 않고 곱씹으며 옮겨 적는 시간을 거쳐 비로소 진정한 내 것이 되는 것이다.,https://shopping-phinf.pstatic.net/main_5259595/52595950767.20260331101541.jpg, 데일 카네기 지음;최염순 편역, 다산북스,2025
사회과학,국부론,"단순히 경제학적 인사이트뿐만 아니라 철학, 정치, 역사, 종교, 교육, 문화 등 여러 분야의 정보를 제공하는 책이다. 세계를 객관적 시선으로 관찰하려 했던 18세기 최고 지식인이 세상을 바라본 안목을 잘 보여준다.",https://shopping-phinf.pstatic.net/main_4503469/45034696622.20260331095313.jpg, 애덤 스미스 지음;이종인 옮김, 현대지성,2024
사회과학,경영학 콘서트,현대 경영의 다양한 주제를 다루고 있는 경영 교양서. 개인이 현실에서 직접 접할 수 있는 문제에서 시작해서 기업의 효과적인 운영에 이르기까지의 경영학이 다루는 다양한 주제를 피부에 와 닿는 구체적인 사례를 들면서 흥미롭게 설명하고 있다. 다양한 주제를 재미있게 설명하는 것뿐만 아니라 경영의 원리와 현대 경영학의 역사적 발전 과정까지 진지하게 추적한다.,https://shopping-phinf.pstatic.net/main_3247334/32473346992.20260331100829.jpg, 장영재 지음, 비즈니스북스,2010
사회과학,나의 투쟁,"지하 방공호 히틀러가 자살직전 쓴 비밀 유서 최초 수록! 1923년 뮌헨 폭동은 미수에 그치고, 히틀러는 유죄판결을 받아 란츠베르크 교도소에 수감되었다. 이 기간을 그냥 흘려보내지 않고 그는 집필에 매진하여 많은 글을 써 냈다. 이것이 《나의 투쟁》이다.",https://shopping-phinf.pstatic.net/main_3248801/32488014620.20260331110719.jpg, 아돌프 히틀러 지음;황성모 옮김, 동서문화사,2014
사회과학,가난한 미국 부유한 중국,"희토류와 희소금속이 무엇이며, 중국은 어떻게 희토류 강국이 되었는지, 미국은 어쩌다 자원 빈국으로 전락했는지를 수많은 데이터와 비하인드 스토리를 동원해 흥미롭게 풀어놓는다. 이 책 한 권으로 세계 경제의 흐름이 잡히고 경제 뉴스가 한결 생생하게 느껴지는 경험을 할 수 있다.",https://image.aladin.co.kr/product/29258/48/cover500/k532837697_1.jpg, 김연규 지음, 라의눈,2022
사회과학,공부하기가 죽기보다 싫을 때 읽는 책,공부하기 싫은 마음을 이해하고 공감하며 지루하지 않게 공부하는 법을 다룬다. 기존의 공부법 책들처럼 강한 의지를 요구하거나 거짓 꿈을 만들어 동기 부여하기를 바라지 않는다. 공부를 위해 참고 버티라고도 하지 않는다. 그저 있는 그대로의 자기 성향대로 가장 적합한 환경에서 공부할 수 있는 맞춤형 공부법을 제시한다.,https://image.aladin.co.kr/product/20669/99/cover500/k182636267_1.jpg, 권혁진 지음, 다연,2019
사회과학,넛지,"‘팔꿈치로 쿡쿡 찌르다’라는 뜻의 ‘넛지’는 일종의 자유주의적인 개입, 혹은 간섭이다. 『넛지』는 편견 때문에 실수를 반복하는 인간들을 부드럽게 ‘넛지’함으로써 현명한 선택을 이끌어낼 수 있다고 주장한다.",https://image.aladin.co.kr/product/17526/30/cover500/8901227541_2.jpg," 리처드 탈러,캐스 선스타인 지음;안진환 옮김", 리더스북,202
사회과학,나는 옐로에 화이트에 약간 블루. 1,보육사이자 칼럼니스트 브래디 미카코의 최신작. 영국에서 20년 넘게 살아온 일본인 저자가 계층 격차와 다문화 문제로 신음하는 영국 사회의 밑바닥에서 아이를 키우며 겪은 생생한 현실을 기록했다.,https://image.aladin.co.kr/product/23550/47/cover500/k852638027_2.jpg, 브래디 미카코 지음;김영현 옮김, 다다서재,2020
사회과학,나는 옐로에 화이트에 약간 블루. 2,"칼럼니스트 브래디 미카코의 최신작이자 『나는 옐로에 화이트에 약간 블루』의 후속편이다. 전작에서 긴축 재정 시대의 영국에서 백인 노동자 계급 중학교에 입학한 아들이 겪는 다양성과 차별의 복잡 미묘한 문제를 다룬 저자는, 이번 책에서 다양성 이면에 존재하는 층위와 모순을 지적한다.",https://image.aladin.co.kr/product/29921/98/cover500/k282838539_1.jpg, 브래디 미카코 지음;김영현 옮김, 다다서재,2022
사회과학,"나는, 휴먼","휠체어를 탄다는 이유로 학교에 갈 수 없었던 어린 시절부터 사회의 모든 영역에 장애인의 자리를 만들고, 소외된 이들의 시민권이 보호받는 사회를 위해 목소리를 내는 오늘에 이르기까지 주디스 휴먼의 일대기를 그 자신의 말로 정리한 자서전이다.",https://image.aladin.co.kr/product/29065/86/cover500/k712836550_1.jpg, 주디스 휴먼;크리스틴 조이너 지음;김채원;문영민 옮김, 사계절,2022
사회과학,나만 공감 안 되는 거였어?,"2021 청소년 북토큰 선정작. 파랑새 영어덜트 시리즈 두 번째 책으로, 쿠키뉴스 대중문화 기자 이은호 작가의 첫 번째 교양서이다. 우리가 좋아했던 작품 속에 숨어 있던 차별과 혐오를 새롭게 발견하고, 우리가 놓쳐왔던 우리 사회의 의식과 모순을 고발한다.",https://image.aladin.co.kr/product/26330/72/cover500/8961559184_1.jpg, 이은호 지음;김학수 그림, 파랑새,2021
사회과학,로스쿨 민법의 정석 판례모음집,"이미 압도적으로 많은 분들이 변호사시험 대비 민법 기본서로 삼고 있는 ?로민정?에 나오는 대법원 판례들 중 ‘판례번호’가 있는 1,348개 판례(민법총칙 206개, 채권총론 341개, 채권각론 395개, 물권법 406개)의 ‘원문’을 ?로민정(제2판)?의 페이지 순서 그대로 실어놓은 교재이다.",https://image.aladin.co.kr/product/19216/61/cover500/k092635008_1.jpg, 정독 민사법연구회 지음, 정독,2019
사회과학,롱 게임,단기 목표와 그 결과에만 함몰되어 있는 사람들에게 내가 원하는 것들로 삶을 채우고 여유롭게 나만의 목표를 달성하는 방법을 알려주는 책이다.,https://image.aladin.co.kr/product/29827/52/cover500/k792838412_1.jpg, 도리 클라크 지음;김연정 옮김, 다산북스,2022
사회과학,완벽한 아이,"가족에 의해 세상과 단절되었으나 삶에의 의지를 잃지 않고 끝끝내 자유를 향해 나아간 자신의 삶을 담은 프랑스 출생의 심리치료사 모드 쥘리앵의 에세이. 소설가 김영하는 ""그 어떤 출구도 보이지 않는 곳에서, 철저히 혼자가 되어 갇혀 있다고 느끼는 모든 이들에게 이 책을 권하고 싶다""고 전했다.",https://image.aladin.co.kr/product/25734/49/cover500/k342736979_1.jpg, 모드 쥘리앵 지음;윤진 옮김, 복복서가,2020
사회과학,협동 학습,,https://image.aladin.co.kr/product/27/61/cover500/8938802531_1.jpg, 스펜서 케이건 지음;협동학습연구교사모임 옮김, 디모데,2010
사회과학,히말라야 도서관,"빌 클린턴이 ""말보다는 행동하는 사업가""라며 엄지를 치켜세운 사람, 오프라 윈프리가 세상을 변화시킨 20명의 인물 중 하나로 꼽은 사람, 주먹구구식 자선사업에 마이크로소프트의 경영혁신을 도입한 사람, 바로 존 우드의 이야기이다.",https://image.aladin.co.kr/product/4298/61/cover500/8984074365_1.jpg, 존 우드 지음;이명혜 옮김, 세종서적,2014
사회과학,(박철범의)하루 공부법. 2: 멘토링 편,"‘계획관리- 짜임새 있는 공부를 하기 위한 멘토링’, ‘시간관리- 하루 24시간을 알차게 보내기 위한 멘토링’, ‘환경관리- 저절로 공부가 되는 상황을 만들기 위한 멘토링’ 등 동기부터 진로선택까지 총 7가지 분야에 걸쳐 공부멘토링 38문 38답이 제시된다.",https://image.aladin.co.kr/product/7118/33/cover500/k412434797_1.jpg, 박철범 지음, 다산에듀,2015
사회과학,우리는 어디서 살아야 하는가,"‘실거주하기 좋으면서도 미래의 투자 가치가 높은 곳’을 분석한다. 또한, 도시를 직접 답사하고 기록한 학자로서의 사명감으로 집값이 떨어질까 봐 쉬쉬하며 감추고 있는 입지 조건의 실체와 실현 가능성 없이 정치 이슈로 이용되는 정책들, 터무니없는 기획부동산의 주장까지 파헤쳤다.",https://image.aladin.co.kr/product/29820/54/cover500/k602838216_2.jpg, 김시덕 지음, 포레스트북스,2022
사회과학,2030 대담한 미래. 2: 미래의 기회와 전략적 승부,"한국뉴욕주립대 미래연구원장 최윤식 저자의 책. 이 책은 한국과 아시아를 둘러싸고 시시각각 조여오는 아시아 대위기의 가능성을 경고한다. 1권이 위기 시나리오에 집중했다면, 2권은 기회와 전략적 대응에 초점을 맞춘 미래 예측 시나리오에 초점을 맞췄다.",https://image.aladin.co.kr/product/4481/96/cover500/8993322635_1.jpg, 최윤식 지음, 지식노마드,2014
사회과학,(2030)기회의 대이동,평범한 일상을 살아가는 사람들이 자신이 꿈꾸는 미래를 준비할 수 있도록 변화의 핵심과 실제를 간결하고 명쾌하게 정리하는 동시에 그에 따른 기회를 자기 것으로 만드는 방법을 제시한다.,https://image.aladin.co.kr/product/4479/21/cover500/8934968761_1.jpg, 최윤식;김건주 [공]지음, 김영사,2014
사회과학,서울대에서는 누가A+를 받는가,서울대는 과연 어떤 인재를 키우고 있나? 한국의 대학은 지금 어떤 능력을 최고라 평가하고 있나? 서울대 교수학습개발센터에 재직했던 이혜정 박사는 서울대 최우등생들의 특징과 공부법에 관한 연구 프로젝트를 수년에 걸쳐 진행해 왔다.,https://image.aladin.co.kr/product/4738/34/cover500/113060411x_1.jpg, 이혜정 지음, 다산에듀,2014
사회과학,GSAT 삼성 직무적성검사,2019년 GSAT 5급에 출제된 최신기출문제를 수록하여 최근 출제경향을 한눈에 파악할 수 있게 하였다. 또한 최근 기출문제를 연구하여 구성한 실전 모의고사 3회분을 통하여 시험 직전 직접 자신의 현재 실력을 점검할 수 있도록 구성한 서를 출간하였다.,https://image.aladin.co.kr/product/21226/63/cover500/k032636183_1.jpg, SD적성검사연구소 지음, 시대고시기획,2020
사회과학,글로벌 1000대 외국계 기업 취업전략,일반인들에겐 잘 알려지지 않은 한 외국계 기업에서 11년간 근무했던 저자가 외국계 기업 취업 노하우를 담을 책이다.,https://image.aladin.co.kr/product/18697/71/cover500/k272635771_1.jpg," 브랜든,피플앤잡,에디켓 지음", 하움,2019
사회과학,(포스트 코로나 시대를 대비한)의학·생명·자연과학 계열의 진로 진학 직업,오랜 시간 학교 현장에서 진로 진학에 몸담은 저자들이 포스트 코로나 시대를 맞이해 의학·생명·자연과학 계열의 비전과 미래를 새롭게 정리한 책이다. 의학·생명·자연과학 계열의 전반에 걸친 진로·진학·직업에 관한 정보를 자세히 소개한다.,https://image.aladin.co.kr/product/24130/90/cover500/k812639633_1.jpg, 김두용 외 지음, 서울문화사,2020
사회과학,관용,"국내 최초로 출간되는 본격적인 똘레랑스 비판서. 언제부터 우리는 다양한 사회 문제들의 원인을, 불평등과 부정의가 아닌 “불관용”에서 찾게 된 것일까? 언제부터 우리는 사회 문제의 해결을 위해 사회적 변화나 평등이 아닌 개인과 권력의 관용을 호소하는 것에 익숙해진 것일까?",https://image.aladin.co.kr/product/643/22/cover500/8961950231_1.jpg, 웬디 브라운 지음;이승철 옮김, 갈무리,2010
사회과학,"거멀라마 자이, 꽃을 보며 기다려다오","1995년, 고사리손으로 카펫을 만들던 한 파키스탄 소년이 아동노동을 전 세계에 알렸다는 이유로 카펫마피아에게 살해당한다. 열두 살 난 아이의 이름은 이크발 마시흐. 저자는 1987년 이후 한국의 노동조건 향상과 함께 사라졌다고 생각했던 고통스런 생활환경들이, 시대와 장소를 바꾸어 동아시아에서 의연히 존재하거나 확대되고 있음을 깨닫고 또 다른 이크발 마시흐를 찾아 길을 떠난다. 이 책은 네팔의 어린이 노동자들을 찾아 떠난 여행의 기록이다.",https://image.aladin.co.kr/product/641/21/cover500/8992975325_1.jpg, 신명직 지음, 고즈윈,2010
사회과학,아이는 어떻게 말을 배울까,"영유아 언어 발달 분야에서 최고의 전문가로 꼽히는 발달심리학자 골린코프와 허시-파섹이 함께 쓴, 초기 언어 발달의 모든 것을 보여주는 이론서이자 실용서. 태아부터 만 3살까지 아이가 거치는 언어 발달의 각 단계와 전환점을 49가지 흥미진진한 실험으로 생생하고 구체적으로 보여주고 아이의 타고난 언어 천재성을 살려내는 데 필요한 부모의 역할을 구체적으로 알려준다.",https://image.aladin.co.kr/product/640/23/cover500/8991799493_1.jpg, 로버타 미치닉 골린코프;캐시 허시-파섹 지음;문채원 옮김, 교양인,2010
사회과학,장애학 함께 읽기,"장애의 사회적 측면에 주목한 본격적인 ‘장애학’(Disability Studies) 서적이 국내 최초로 출간되었다. 2007년 출간된 <당신은 장애를 아는가>(메이데이)를 통해 장애 문제에 대한 대중의 관심을 환기함으로써 많은 독자들에게 깊은 인상을 남긴 바 있는 전국장애인차별철폐연대 정책실장 김도현은 이 책 <장애학 함께 읽기>를 통해 ‘실천’의 ‘이론’적 근거를 모색한다. 몸으로 느끼는 절실함에 의해 추구된 지식의 밀도는 높을 수밖에 없다. 편안한 문체로 알기 쉽게 설명하는 그의 글을 따라가다 보면, 현대",https://image.aladin.co.kr/product/465/22/cover500/8976827317_1.jpg, 김도현 지음, 그린비,2009
사회과학,100년 후,"정치, 군사, 경제적 우위를 뛰어넘어 세상이 작동하는 방식을 획기적으로 바꾼 21세기 세력지도를 최초 분석한다. 세계적 국제안보 싱크탱크의 지정학적 연구와 정확한 데이터를 바탕으로 도출한 전대미문의 미래예측서다.",https://image.aladin.co.kr/product/620/98/cover500/8934937084_1.jpg, 조지 프리드먼 지음;손민중 옮김, 김영사,2010
사회과학,크게 보고 멀리 보라,기업 경영의 기초와 인재론에서부터 가족과의 일화와 개인적 고뇌까지 그 동안 어디서도 밝히지 못했던 호암의 궤적과 발자취를 생생하게 기록했다. 유학자 출신인 조부의 영향을 받아 고전의 가르침을 경영에 접목한 품격 있는 리더십을 배울 수 있다.,https://image.aladin.co.kr/product/632/21/cover500/8934937106_1.jpg, 야마자키가쓰히코 지음;윤성원 옮김, 김영사,2010
사회과학,국어시간에 신문읽기. 1,"신문 활용 교육(NIE)를 통해 독해력·사고력·표현력 등을 두루 키울 수 있도록 돕는 시리즈 1권. 일반 기사뿐 아니라 사설, 칼럼, 기획 연재, 특집 기사, 만화나 도표, 사진, 광고 등 ‘생각거리’를 제공할 수 있는 다양한 신문 콘텐츠를 담아 학생들에게 세상을 제대로 바라보게 하고 논리적인 사고력을 키우게 한다.",https://image.aladin.co.kr/product/467/97/cover500/899304127x_1.jpg, 공규택 지음, 나라말,2010
사회과학,국어시간에 신문읽기. 2,"신문 활용 교육(NIE)를 통해 독해력·사고력·표현력 등을 두루 키울 수 있도록 돕는 시리즈 2권. 일반 기사뿐 아니라 사설, 칼럼, 기획 연재, 특집 기사, 만화나 도표, 사진, 광고 등 ‘생각거리’를 제공할 수 있는 다양한 신문 콘텐츠를 담아 학생들에게 세상을 제대로 바라보게 하고 논리적인 사고력을 키우게 한다.",https://image.aladin.co.kr/product/467/97/cover500/8993041288_1.jpg, 공규택 지음, 나라말,2009
사회과학,무례한 복음,MB 정부 2년여 간 우리 사회를 지배해온 ‘무례한 복음’에 관한 정신분석과 대중들을 사로잡은 각종 대중문화 현상을 통해서 그 욕망의 논리를 비판적으로 분석한 책이다.,https://image.aladin.co.kr/product/433/3/cover500/8996126845_1.jpg, 이택광 지음, 난장,2009
사회과학,"음식천국, 중국을 맛보다","지상 최고의 음식천국, 중국을 제대로 맛보기 위해서는 나름의 공부와 노력이 필요하다. 이 책은 그 방대하고 먼 길을 안내해주는 중국 요리문화 안내서이다. 무수한 실수와 도전을 통해 진정한 중국 음식의 맛과 깊이를 알게 된 저자는 다채로운 이야기로 중국 음식의 모든 것을 알려준다.",https://image.aladin.co.kr/product/236/59/cover500/8974425203_1.jpg, 정광호 지음, 매일경제신문사,2008
사회과학,야만적 불평등,<젊은 교사에게 보내는 편지>의 저자이자 뉴욕 할렘과 보스턴의 소외지역의 아이들을 가르치면서 교육과 사회정의의 문제에 전념한 교육학자 조너선 코졸. 이 책은 저자 조너선 코졸이 1988년부터 1990년까지 미국의 도심 빈민가 30여 곳을 돌아다니며 취재한 열악한 교육 현장의 보고서이다.,https://image.aladin.co.kr/product/615/10/cover500/8931006624_1.jpg, 조너선 코졸 지음;김명신 옮김, 문예출판사,2010
사회과학,내 돈을 지키는 경제학,"주유소, 커피숍, 백화점에서부터 부엌과 거실, 화장실에 이르기까지 우리가 흔히 접하는 공간에서 만나는 거의 모든 것들로부터 실물경제의 흐름을 꿰뚫고, 이기적인 시장의 속내와 자본의 매커니즘을 꿰뚫어 볼 수 있는 법을 알려주는 책. 그래프나 도표, 통계수치만으로 설명할 수 없는, 생물처럼 변화를 거듭하는 실물 경제의 흐름을 예측하고 시장을 앞서갈 수 있는 방법을 알려준다.",https://image.aladin.co.kr/product/628/80/cover500/8991643620_1.jpg, 김진철 지음, 밀리언하우스,2010
사회과학,물에 빠진 아이 구하기,2008년 <죽음의 밥상>으로 국내 독자들에게 실천적 글쓰기의 힘을 떨친 피터 싱어는 <물에 빠진 아이 구하기>에서 윤리적 논증.도발적인 사고실험.생생한 통계와 수치.자선 활동의 사례 등을 통해 오늘날 우리가 세계의 빈곤을 대하는 태도는 미흡할뿐더러 윤리적으로 부당함을 손뼉을 칠만큼 통쾌하게 고찰한다.,https://image.aladin.co.kr/product/434/1/cover500/8901098555_1.jpg, 피터 싱어 지음;함규진 옮김, 산책자,2010
사회과학,삼성반도체와 백혈병,삼성반도체에서 일하다 백혈병에 걸린 노동자 5명의 이야기를 담았다. 반도체산업 작업 현장의 위험성을 고발하고 나아가 전체 ‘노동자 건강권’에 대해 짚어본다. 또한 사업주와 정부의 이러한 행태를 고발함과 동시에 노동자 건강권을 강조하고 있다.,https://image.aladin.co.kr/product/614/54/cover500/8990492785_1.jpg, 박일환;반올림 지음, 삶이 보이는 창,2010
사회과학,(신의 직장은 아니지만)공기업은 가고싶어,"공기업은 예전의 빽, 스펙 위주의 채용에서 벗어나 NCS(국가직무능력표준), 전공 능력, 블라인드 면접 등을 중시하고 있다. 직렬별 합격자가 공기업 취업 준비 요령과 NCS 대비 꿀팁 등을 생생하게 알려주는 공기업 취업 안내서다.",https://image.aladin.co.kr/product/19682/17/cover500/8967994818_1.jpg," 박대호,조한준,권순호,박희정 [공]지음", 북오션,2019
사회과학,(신의 직장은 아니지만)공기업은 가고싶어,"공기업은 예전의 빽, 스펙 위주의 채용에서 벗어나 NCS(국가직무능력표준), 전공 능력, 블라인드 면접 등을 중시하고 있다. 직렬별 합격자가 공기업 취업 준비 요령과 NCS 대비 꿀팁 등을 생생하게 알려주는 공기업 취업 안내서다.",https://image.aladin.co.kr/product/19682/17/cover500/8967994818_1.jpg," 박대호,조한준,권순호,박희정 [공]지음", 북오션,2019
사회과학,너는 생각보다 자소서를 잘 쓴다,,https://image.aladin.co.kr/product/20911/32/cover500/k942636076_1.jpg, 복성현 지음, Mind3,2019
사회과학,(2020)공기업·대기업 고졸채용,"채용 시 필수적으로 시행되는 필기시험을 대비하기 위한 도서로, 인적성검사와 NCS직업기초능력평가의 핵심이론과 유형별 문제, 실전모의고사까지 한 권에 담아 모두 준비할 수 있도록 하였다.",https://image.aladin.co.kr/product/22263/60/cover500/k462636824_1.jpg, SD적성검사연구소 편저, 시대고시기획,2020
사회과학,GSAT 삼성 직무적성검사 고졸채용,"GSAT 5급 유형 완벽 분석을 수록한 교재다. 2019년 최신기출문제를 복원하였고, 최종정리 모의고사를 실었다. 독학을 위한 상세 해설을 첨부하였고, 온라인 모의고사 및 UK작업태도검사를 제공한다.",https://image.aladin.co.kr/product/21195/4/cover500/k402636082_1.jpg, SD적성검사연구소 지음, 시대고시기획,2020
사회과학,GSAT 삼성 직무적성검사 고졸채용,"GSAT 5급 유형 완벽 분석을 수록한 교재다. 2019년 최신기출문제를 복원하였고, 최종정리 모의고사를 실었다. 독학을 위한 상세 해설을 첨부하였고, 온라인 모의고사 및 UK작업태도검사를 제공한다.",https://image.aladin.co.kr/product/21195/4/cover500/k402636082_1.jpg, SD적성검사연구소 지음, 시대고시기획,2020
사회과학,GSAT 삼성 직무적성검사 고졸채용,"GSAT 5급 유형 완벽 분석을 수록한 교재다. 2019년 최신기출문제를 복원하였고, 최종정리 모의고사를 실었다. 독학을 위한 상세 해설을 첨부하였고, 온라인 모의고사 및 UK작업태도검사를 제공한다.",https://image.aladin.co.kr/product/21195/4/cover500/k402636082_1.jpg, SD적성검사연구소 지음, 시대고시기획,2020
사회과학,교실이 없는 시대가 온다,"주요 교육 심리 이론과 다양한 교육 현장의 사례 등을 통해 디지털 기술이 가져다준 교육의 새로운 공식을 이해하도록 도와주고, 미래 교육에 대한 통찰력 있는 시각을 제공해주는 책이다.",https://image.aladin.co.kr/product/23828/61/cover500/k872639282_1.jpg," 존 카우치,제이슨 타운 [공]지음;김영선 옮김", 어크로스,2020
사회과학,(행복을 위한 혁신)미래교육이 시작되다,4차 산업혁명에서는 창의성을 기반으로 한 융합능력이 핵심사고로 작용하게 된다고 한다. 대한민국은 이를 잘 준비하고 있는가? 우리 교육은 이를 선제하여 잘 대응하고 있는가? 13명의 저자들이 이에 답한다.,https://image.aladin.co.kr/product/13371/39/cover500/8993879907_1.jpg, 교육정책디자인연구소 지음, 즐거운학교,2018
사회과학,포스트 코로나 사회,전 방위에서 우리 앞으로 밀어닥치는 코로나19의 여파들을 이해하고 체화해 유의미한 축적을 이루어야 한다는 지금의 과제에 대한 현장과 학문의 응답이자 모두가 함께해야 하는 성찰로의 초대다.,https://image.aladin.co.kr/product/24152/22/cover500/8967357869_1.jpg, 김수련 [외]지음, 글항아리,2020
사회과학,유튜브는 책을 집어삼킬 것인가,"지금 리터러시의 상황을 ‘위기’로 부르는 평가가 정당한지, 미디어 환경의 변화는 인간의 몸과 사고를 어떻게 바꾸고 있는지, 리터러시를 경쟁의 도구가 아닌 공공의 인프라로 만들어갈 방법은 무엇인지에 대해 폭넓게 논의한 기록을 담은 책이다.",https://image.aladin.co.kr/product/23701/3/cover500/8998439794_1.jpg," 김성우,엄기호 [공]지음", 따비,2020
사회과학,교육과정 문해력,,https://image.aladin.co.kr/product/17443/41/cover500/k582534003_1.jpg, 유영식 지음, 즐거운학교,2018
사회과학,10대를 위한 완벽한 진로 공부법,6년간 전국 33만 명 초중고 학생들이 직접 체험한 청소년 진로 특강이 책으로 나왔다. ‘동기 부여’ ‘현실 인식’ ‘진로 솔루션’ ‘미래 진로 디자인’ ‘행복 솔루션’의 5장으로 구성되어 있다.,https://image.aladin.co.kr/product/24250/43/cover500/k392630361_1.jpg," 앤디 림,윤규훈 [공]지음", 체인지업,2020
사회과학,이공계에 빠져 봅시다,"기초과학, 산업기술, 융합과학, 지식경제 분야에서 왕성하게 활동 중인 이공계 선배 21명이 자신의 진로 설계 경험을 토대로 성공담을 들려준다. 사촌형(오빠)이나 옆집 누나(언니) 같이 내 주변 인물처럼 친근함을 느낄 수 있는 30대를 중심으로 선정했기 때문에 청소년에게 인생의 선배로서 진로에 관한 구체적인 정보를 제공한다.",https://image.aladin.co.kr/product/224/73/cover500/8991844952_1.jpg, 한국과학문화재단 지음, 동아사이언스,2008
사회과학,움직이는 생활공간,,https://image.aladin.co.kr/product/46/82/cover500/6000103111_1.gif, 현영석 지음, 지성사,2004
사회과학,움직이는 생활공간,,https://image.aladin.co.kr/product/46/82/cover500/6000103111_1.gif, 현영석 지음, 지성사,2004
사회과학,"선생님, 당신이 희망입니다","「8시 뉴스」,「사건25시」 등을 진행했고 걸프전과 소말리아 내전, 유고내전 등을 종군취재하는 등 KBS 기자로 일하고 있는 박선규씨의 교육에세이. 자신의 자전적인 경험과 사회생활을 통해서 얻은 깨달음을 편지 형식으로 한국 교육계 일선에 있는 교사들에게 말하고 있는 책.",https://image.aladin.co.kr/product/91/14/cover500/8989548616_1.jpg, 박선규 지음, 미다스북스,2007
사회과학,학습과학,"인지심리학자와 교육심리학자가 학습에 관한 연구결과를 교육실제에 어떻게 적용할 것인가를 함께 고민하여 종합한 결과물. 학습과정에 대한 과학적 이해를 기반으로 교수방법, 환경을 어떻게 구성할 것인가의 문제뿐 아니라, 인지신경과학 연구결과와 그것이 교육실제에 갖는 실제적 시사점 등에 대해서도 다루고 있다.",https://image.aladin.co.kr/product/90/36/cover500/8958914459_1.jpg, Committee on Drvelopments in the Science of Learming 지음, 학지사,2007
사회과학,(ADHD)학교상담,"우리나라의 경우 그동안 ADHD에 대한 이해는 크게 높아졌지만, ADHD 아동이 학교에서 잘 지내기에는 여전히 많은 어려움이 있다. 학교 현장에서 ADHD학생을 이해하고 이들에 대한 효과적인 진단·교육·평가가 개발·적용되도록 많은 전문적, 실제적 관심이 필요하며, 이 책은 그러한 목표에 부응하는 내용을 제시하고 있다.",https://image.aladin.co.kr/product/90/78/cover500/8958914599_1.jpg, George J. Dupaul 지음, 학지사,2007
사회과학,(우리가 정말 알아야 할)우리 차,"초의선사의 맥을 따라 35년 동안 우리 차의 전통법제를 이어 온 일지암 여연스님이 우리 차의 역사와 의미, 전통 제다와 행다법 등 차문화 일반, 차에 관한 이야기를 쌓인 경험과 연륜으로 풀어냈다. 에세이식으로 서술하여 책을 읽으면서 자연스레 차에 관한 이론과 다양한 정보를 파악할 수 있다.",https://image.aladin.co.kr/product/66/35/cover500/8932313865_1.jpg, 여연스님 지음, 현암사,2009
사회과학,(우리가 정말 알아야 할)우리놀이 백가지,"판도라의 상자처럼 두고두고 온 가족의 얘깃거리를 만들어 주는 책. 부모에게는 잊혀진 동심을 찾아주고, 아이에게는 마르지 않는 창의력을 주는 유년 시절의 추억같은 우리 놀이 이야기. 사라져가는 우리 놀이, 우리 놀잇감 330여 가지를 정감어린 글과 함께 실었다.",https://image.aladin.co.kr/product/21/82/cover500/8932312648_1.jpg, 이철수 지음, 현암사,2009
사회과학,아이들의 성장을 돕는 학교상담 - 중등,"아홉 가지 사례를 통해 학교 상담의 노하우를 적었다. 학교 체벌과 촌지 문제로 실추된 교권, 점점 거칠어져만 가는 아이들. 공교육의 쇠락이 가져다준 혼란 속에서 교육의 본질과 교사의 역할에 대해 고민하던 한 교사가 진정한 교사로 거듭나는 과정을 담았다.",https://image.aladin.co.kr/product/205/36/cover500/8980406401_1.jpg, 신규진 지음, 우리교육,2009
사회과학,학습장애 클리닉,일반 아동과 비슷하거나 더 뛰어난 지능을 갖고 있지만 일부 신경정신적인 결함으로 장애를 겪는 아동들을 구별하는 법과 부모가 도울 수 있는 법을 알려준다.,https://image.aladin.co.kr/product/199/58/cover500/8993143129_1.jpg, 루이 라플레르;드니즈 델랑-마르케 지음;한국아동상담센터 옮김, 한울림스페셜,2009
사회과학,일한다는 것,일본의 니혼게이자이신문에 연재되며 폭발적인 인기를 얻었던 칼럼들을 엮은 것이다. 서로 다른 직종에서 서로 다른 모습으로 일하는 사람들을 직접 만나 인터뷰한 내용을 바탕으로 '일하는 삶'의 다양한 스펙트럼을 보여준다.,https://image.aladin.co.kr/product/58/13/cover500/8901051567_1.jpg, 니혼게이자이신문사 엮음;이규원 옮김, 리더스북,2005
사회과학,21세기와의 대화,"21세기, 발상의 전환을 위한 20가지 테마가 눈길을 끈다. 우리 시대의 진보는 무엇이고, 우리는 어떤 현대를 살고 있는가 하는 진지한 성찰이 돋보인다. 오랜 망명생활을 거듭하면서 뮌스터대학에서 학생들을 가르치고 있는 외국의 `내국인` 발언은 우리들에게 시사하는 바가 많다.",https://image.aladin.co.kr/product/0/12/cover500/8985505874_1.jpg, 송두율 지음, 한겨레신문사,2003
사회과학,앞선 사람들의 앞서가는 생각,"국내 마케팅 도서의 고전인 <소비자 심리의 이해> 저자 홍성태 교수가 12명의 창의적인 CEO, 경영 구루들과 나눈 대화를 정리한 인터뷰집이자 마케팅 최전선 실전 사례집. 12명의 경영 구루들이 경영과 마케팅의 최신 쟁점들에 대해 어떻게 생각하고, 창의적인 생각의 습관을 어떻게 한결같이 유지하는지 배울 수 있다.",https://image.aladin.co.kr/product/204/85/cover500/897041973x_1.jpg, 홍성태 지음, designhouse,2008
사회과학,구글은 SKY를 모른다,구글 한국인 엔지니어 1호 이준영의 책. 그는 구글에서 입사 인터뷰를 가장 많이 진행한 사람 중 한 명이기도 하다. 당연히 전세계 젊은 인재들의 꿈과 열정에 대해 누구보다 잘 알고 있다. 그런 그가 우리나라의 젊은이들에게 꼭 해주고 싶은 이야기가 생겼다고 한다.,https://image.aladin.co.kr/product/4119/89/cover500/899680889x_1.jpg, 이준영, 알투스,2014
사회과학,구글은 SKY를 모른다,구글 한국인 엔지니어 1호 이준영의 책. 그는 구글에서 입사 인터뷰를 가장 많이 진행한 사람 중 한 명이기도 하다. 당연히 전세계 젊은 인재들의 꿈과 열정에 대해 누구보다 잘 알고 있다. 그런 그가 우리나라의 젊은이들에게 꼭 해주고 싶은 이야기가 생겼다고 한다.,https://image.aladin.co.kr/product/4119/89/cover500/899680889x_1.jpg, 이준영, 알투스,2014
사회과학,구글은 SKY를 모른다,구글 한국인 엔지니어 1호 이준영의 책. 그는 구글에서 입사 인터뷰를 가장 많이 진행한 사람 중 한 명이기도 하다. 당연히 전세계 젊은 인재들의 꿈과 열정에 대해 누구보다 잘 알고 있다. 그런 그가 우리나라의 젊은이들에게 꼭 해주고 싶은 이야기가 생겼다고 한다.,https://image.aladin.co.kr/product/4119/89/cover500/899680889x_1.jpg, 이준영, 알투스,2014
사회과학,구글은 SKY를 모른다,구글 한국인 엔지니어 1호 이준영의 책. 그는 구글에서 입사 인터뷰를 가장 많이 진행한 사람 중 한 명이기도 하다. 당연히 전세계 젊은 인재들의 꿈과 열정에 대해 누구보다 잘 알고 있다. 그런 그가 우리나라의 젊은이들에게 꼭 해주고 싶은 이야기가 생겼다고 한다.,https://image.aladin.co.kr/product/4119/89/cover500/899680889x_1.jpg, 이준영, 알투스,2014
사회과학,88만원세대,"등의 책으로 주목받는 소장 경제학자 중 한 명인 우석훈 박사와 전직 지 기자 박권일의 공저, IMF 경제위기 이후의 10년 동안의 급격하게 격화되고 있는 '세대간 불균형' 문제를 외국의 변화들과 비교하며, 세대간 불균형이 지금 우리나라에서 가장 심각한 문제임을 환기시킨다.",https://image.aladin.co.kr/product/96/57/cover500/8995995203_1.jpg, 우석훈;박권일 지음, 레디앙,2012
사회과학,"뒷간에서 주웠어, 뭘?","KAIST 바이오, 뇌공학과 교수인 정재승이 2003년 창립한 젊은 과학도들의 모임인 '꿈꾸는 과학'의 회원 8명의총46편의 원고가 인터넷과학신문 '사이언스타임즈'에 1년여 동안 차례로 연재되었다. 그중 29편을 선별하여 한권의 단행본으로 묶었다.",https://image.aladin.co.kr/product/99/79/cover500/8995668792_1.jpg, 꿈꾸는 과학 글;박기종 그림, 열린과학,2008
사회과학,무엇을 선택할 것인가,"<그들이 말하지 않는 23가지> <나쁜 사마리아인들> 등으로 100만 독자를 열광시킨 바 있는 장하준 케임브리지대 교수가 <쾌도난마 한국경제> 이래 만 7년 만에 한국 경제에 대해 거침없는 직설을 펼친다. 정승일 복지국가소사이어티 정책위원, 이종태 시사인 경제국제팀장과 함께하는 이번 대담에서 장 교수는 보수와 진보, 여와 야가 갑론을박하는 문제들의 시비와 가부를 논함에 있어 조금도 멈칫거리지 않는다.",https://image.aladin.co.kr/product/1582/74/cover500/8960512125_1.jpg, 장하준;정승일;이종태 지음, 부키,2012
사회과학,사기 성공학,"동양적 지혜의 정수, 최고의 인간학 교과서 <사기>를 통해 성공적인 삶의 길을 모색하는 책. 중국 24사(史)의 필두이자 전 세계에서도 역사서의 명작으로 손꼽히는 <사기>는 역사의 중심에 ‘인간’을 두고자 한 사마천의 역사관이 그대로 녹아들어 다양한 인간 군상들의 삶이 드라마틱하게 펼쳐진다. 총 130편, 52만 6500자의 방대한 분량인 <사기>를 개인으로서는 세계 최초로 완역한 저자는 그 무궁무진한 인생 이야기 중에서 추려 낸 마흔여섯 명의 인물들을 통해 성공과 처세의 통찰을 제시한다.",https://image.aladin.co.kr/product/1595/74/cover500/8937484471_1.jpg, 김원중 지음, 민음사,2012
사회과학,피렌체 특강,미켈란젤로가 걸작을 만드는 과정과 자기경영은 우리에게 시사하는 바가 크다. 저자는 돌을 깎아 조각상을 만들면서 '잠자는 천사를 깨우고 있는 중'이라고 말했던 미켈란젤로의 일화로 하여금 감동을 선사하고 자연스레 우리 안의 숨겨진 재능과 가능성을 찾으라는 메시지를 준다.,https://image.aladin.co.kr/product/99/82/cover500/8991059244_1.jpg, 크리스 와이드너 지음;김목인 옮김, 마젤란,2007
사회과학,상식 밖의 경제학,지은이가 수년에 걸쳐 실시한 다양하고 기발한 실험을 보여주며 ‘인간은 합리적인 존재’라는 생각이 완전히 터무니없는 것임을 증명한다. 정답이 빤히 보이는 확실한 상황에서도 말도 안 되는 결정을 내리는 우리들의 황당한 모습에 메스를 들이댄다. 아울러 이러한 문제들을 해결할 수 있는 방안을 제시한다.,https://image.aladin.co.kr/product/246/57/cover500/8935207519_1.jpg, 댄 애리얼리 지음;장석훈 옮김, 청림,2011
사회과학,나쁜 사마리아인들,"<사다리 걷어차기>, <쾌도난마 한국경제>의 장하준 교수가 처음으로 보통 사람들을 염두에 두고 집필한 본격 교양 경제서. 자유 무역이 진정 개발도상국에게도 도움이 되는지, 경제를 개방하면 외국인 투자가 정말 늘어나는지 등 우리 시대의 현안들에 대해 우리에게 널리 알려진 책이나 영화 등을 소재로 유쾌하면서도 신랄하게 답해 준다.",https://image.aladin.co.kr/product/98/86/cover500/896051019x_2.jpg, 장하준 지음;이순희 옮김, 부키,2012
사회과학,회사가 키워주는 신입사원의 비밀,"화려한 스펙과 탄탄한 인맥, 그리고 유학 경험 없이도 성공한 저자가 그동안의 관록을 총동원해 자기관리 및 인간관계, 업무력 등 대한민국 신입사원들이 제대로 된 직장생활 설계 도면을 그릴 수 있는 가장 실질적인 조언을 제공한다.",https://image.aladin.co.kr/product/1597/66/cover500/8960865265_1.jpg, 임규남 지음, 위즈덤하우스,2012
사회과학,회사가 키워주는 신입사원의 비밀,"화려한 스펙과 탄탄한 인맥, 그리고 유학 경험 없이도 성공한 저자가 그동안의 관록을 총동원해 자기관리 및 인간관계, 업무력 등 대한민국 신입사원들이 제대로 된 직장생활 설계 도면을 그릴 수 있는 가장 실질적인 조언을 제공한다.",https://image.aladin.co.kr/product/1597/66/cover500/8960865265_1.jpg, 임규남 지음, 위즈덤하우스,2012
사회과학,회사가 키워주는 신입사원의 비밀,"화려한 스펙과 탄탄한 인맥, 그리고 유학 경험 없이도 성공한 저자가 그동안의 관록을 총동원해 자기관리 및 인간관계, 업무력 등 대한민국 신입사원들이 제대로 된 직장생활 설계 도면을 그릴 수 있는 가장 실질적인 조언을 제공한다.",https://image.aladin.co.kr/product/1597/66/cover500/8960865265_1.jpg, 임규남 지음, 위즈덤하우스,2012
사회과학,(단기합격)해커스 NCS 직업기초능력평가＋직무수행능력평가,"NCS 최신 출제경향을 완벽 반영한 '2019 하반기 최신판'이다. 한 권으로 NCS의 모든 것을 대비할 수 있는 통합 기본서로, NCS 기출유형부터 실전모의고사까지 한 번에 끝내는 구성이다. 직업기초능력평가+직무수행능력평가 학습 내용을 모두 수록하였다.",https://image.aladin.co.kr/product/19532/55/cover500/8969651365_1.jpg, 김소원 외 지음, 해커스공기업,2019
사회과학,우리아이 공부 고수만들기,"아이 교육에 대한 일반적인 판단 기준 틀은 3가지 요소를 종합적으로 고려해야 한다. 첫 번째는 ‘아이의 뇌 발달 단계’, 두 번째는 ‘학습 영역 각각의 본질(정체)’, 세 번째는 ‘우리나라의 교육 현실’이다. 이 3가지 요소를 종합적으로 고려하면 아이 교육과 관련해서 언제, 무엇을, 얼마나, 어떻게 시켜야 하는지에 대한 일반적인 기준 틀을 만들 수 있다.",https://image.aladin.co.kr/product/19212/51/cover500/k792635903_1.jpg, 정용호 글, 행공신,2019
사회과학,당신의 아들은 게으르지 않다,"시작도 하기 전에 지레 포기하는 아이들, 그중에서도 10대 남자아이들을 이해하고 보듬어주는 책이다. 스트레스에 특히 민감하며 속으로는 겁에 질려 있는 10대 남자아이들의 심리 탐구서이며, 변해가는 아들을 바라보며 슬픔과 실망을 느끼는 부모를 위한 심리 치유서다.",https://image.aladin.co.kr/product/18359/47/cover500/8993635080_1.jpg, 애덤 프라이스 지음;김소정 옮김, 갈매나무,2019
사회과학,대변동,"세계를 움직이는 석학 중의 석학, 문화인류학에서 역사, 과학, 미래 전망까지 학문의 경계를 넘나드는 위대한 지성, 재레드 다이아몬드 교수의 문명연구 총결산 ‘미래의 기회’ 편!",https://image.aladin.co.kr/product/19212/63/cover500/8934995793_1.jpg, 재레드 다이아몬드 지음;강주헌 옮김, 김영사,2019
사회과학,내가 본 것을 당신도 볼 수 있다면,"유엔난민기구 친선대사로 활동 중이며, 2014년부터 매해 한 차례 이상 해외 난민촌을 찾는 배우 정우성은 ""누구라도 직접 난민을 만나게 된다면 난민을 위한 활동의 필요성에 의문을 갖지 않을 것""이라고 말한다. 그는 이 책을 통해 그간 난민 관련 활동을 하며 보고 듣고 느낀 것을 담담히 소개한다.",https://image.aladin.co.kr/product/19598/22/cover500/k272635421_1.jpg, 정우성 지음, 원더박스,2019
사회과학,시그널,"일상의 작은 신호를 포착하여 다가올 세계 경제의 풍랑 속에서 좀 더 능동적으로 대처할 수 있게 해준다. 예측불가능의 시대, 살아남는 자들의 생존 전략. 두 눈 크게 뜨고 세계 경제가 보내는 신호를 직접 관찰해보자.",https://image.aladin.co.kr/product/19339/72/cover500/k292635715_1.jpg, 피파 맘그렌 지음;조성숙 옮김, 한빛비즈,2019
사회과학,이게 경제다,"‘경제 위기설’ 등 최근 한국 경제를 둘러싼 공방에 대한 최배근 교수의 명쾌한 진단과 해법을 담아낸 책이다. 저자는 보수 진영에서 한국 경제 위기의 ‘주범’으로 공격하는 ‘소득주도 성장’, ‘최저임금제 인상’ 등이 실제로 국민 소득과 고용을 기대 이상으로 개선하고 있으며, 오히려 지금보다 이를 더 강화해야 한다고 지적한다.",https://image.aladin.co.kr/product/19190/23/cover500/8965708052_1.jpg, 최배근 지음, 쌤앤파커스,2019
사회과학,이선화 교육학. 1,,https://image.aladin.co.kr/product/31316/67/cover500/scm4286836152883.jpg, 이선화 지음, 미래가치,2019
사회과학,(성공의 공식)포뮬러,"최첨단 과학적 데이터 분석 체계를 이용해 과학, 스포츠, 예술, 비즈니스 등 다양한 분야를 넘나들면서 성공적인 삶을 살았던 인물들의 개인 혹은 집단의 사례를 관찰, 분석하여 공통 패턴을 밝힌 후, 성공에도 이를 관장하는 법칙이 존재함을 5가지 공식으로 명료하게 제시한다.",https://image.aladin.co.kr/product/19473/55/cover500/894754485x_1.jpg, 앨버트 라슬로 바라바시 지음;홍지수 옮김, 한국경제신문 한경BP,2019
사회과학,일 잘하는 사람은 단순하게 합니다,"직장인에게는 퇴근 후의 시간을 즐겁게 보내는 계획만큼이나, 퇴근 전의 시간을 제대로 똑똑하게 쓰는 방법도 중요하다. 이 책은 일 잘하는 사람들, 특히 효율적으로 일하면서 인생도 즐길 줄 아는 사람들의 노하우와 특별한 습관들을 담았다.",https://image.aladin.co.kr/product/18680/62/cover500/k882635561_1.jpg, 박소연 지음, 더퀘스트,2019
사회과학,관전 VS 관점,현직 사회과 교사인 저자가 미래의 과학기술이 불러올 사회적 쟁점들을 소재로 삼아 청소년들에게 다양한 관점들의 차이를 이해하는 것이 어째서 중요한지를 보여주려 기획된 책이다.,https://image.aladin.co.kr/product/19369/7/cover500/8957694579_1.jpg, 이종보 지음, 개마고원,2019
사회과학,과학영재를 위한 창의적 활동 프로그램 : 중급편. 1,,https://image.aladin.co.kr/product/380/63/cover500/8955265468_1.jpg, 손정우;이봉우 지음, 북스 힐,2009
사회과학,나는 왜 교사인가,"지난 2002년과 2005년 두 해 동안 월간 《우리교육》에 〈윤지형의 교사탐구〉라는 꼭지로 연재한 내용과 2009년과 2010년 새롭게 인터뷰한 교사들의 이야기를 담았다. 더불어 길게는 10여 년이 흐른 지금, 당시 교사들의 열정적인 삶의 모습이 어떻게 전개되어 변화 · 발전했는지 당사자들이 직접 쓴 편지를 통해 생생하게 들려준다.",https://image.aladin.co.kr/product/1497/91/cover500/8996603449_1.jpg, 윤지형 지음, 교육공동체 벗,2012
사회과학,(과학영재들을 위한)창의적 탐구활동 프로그램. 2,,https://image.aladin.co.kr/product/871/93/cover500/8955267169_1.jpg, 강성주;김현주;이길재 지음, 북스힐,2011
사회과학,아파서 우는 게 아닙니다,"시인 박영희가 우리 사회의 차별받고 소외된 사람들의 이야기를 기록한 르뽀집. 국가인권위원회에서 발간하는 월간 《인권》에 연재되었고, 여러 다른 매체에 발표되었던 르뽀 작품들을 모은 것이다. 낮은 곳을 응시하는 내밀한 시선과 떨림으로 우리 사회의 차별과 소외, 인권의 문제를 파헤쳤다.",https://image.aladin.co.kr/product/91/55/cover500/8990492475_1.jpg, 박영희 지음, 삶이보이는창,2011
사회과학,지식재산의 정석,지식재산의 중요성 증대로 인하여 기업은 기술의 내용을 충분히 이해하면서 이를 강력하게 보호할 수 있는 지식재산능력을 지닌 '융합형 지식재산 인력'을 절실히 필요로 하고 있다.,https://image.aladin.co.kr/product/764/80/cover500/8941463785_2.jpg, 한국발명진흥회 교재개발위원;최성우;지현수;진희동;고영희 편저, 박문각,2010
사회과학,(에듀윌 공기업)NCS 자소서&면접 22대 공기업 기출분석 합격서,"NCS 능력 중심의 채용을 진행하는 공기업에 완벽히 대비할 수 있도록 최신 기출항목을 면밀히 분석하고, 그에 따른 전략을 제시하는 교재다. 직업기초능력 10개 항목을 완벽히 분석하고, 직업기초능력별로 대표 기출항목 자소서와 작성 노하우를 제시한다.",https://image.aladin.co.kr/product/27306/89/cover500/k992732129_1.jpg, 방영황 지음, 에듀윌,2021
사회과학,(에듀윌 공기업)NCS 자소서&면접 22대 공기업 기출분석 합격서,"NCS 능력 중심의 채용을 진행하는 공기업에 완벽히 대비할 수 있도록 최신 기출항목을 면밀히 분석하고, 그에 따른 전략을 제시하는 교재다. 직업기초능력 10개 항목을 완벽히 분석하고, 직업기초능력별로 대표 기출항목 자소서와 작성 노하우를 제시한다.",https://image.aladin.co.kr/product/27306/89/cover500/k992732129_1.jpg, 방영황 지음, 에듀윌,2021
사회과학,(에듀윌 공기업)NCS 자소서&면접 22대 공기업 기출분석 합격서,"NCS 능력 중심의 채용을 진행하는 공기업에 완벽히 대비할 수 있도록 최신 기출항목을 면밀히 분석하고, 그에 따른 전략을 제시하는 교재다. 직업기초능력 10개 항목을 완벽히 분석하고, 직업기초능력별로 대표 기출항목 자소서와 작성 노하우를 제시한다.",https://image.aladin.co.kr/product/27306/89/cover500/k992732129_1.jpg, 방영황 지음, 에듀윌,2021
사회과학,(에듀윌 공기업)NCS 자소서&면접 22대 공기업 기출분석 합격서,"NCS 능력 중심의 채용을 진행하는 공기업에 완벽히 대비할 수 있도록 최신 기출항목을 면밀히 분석하고, 그에 따른 전략을 제시하는 교재다. 직업기초능력 10개 항목을 완벽히 분석하고, 직업기초능력별로 대표 기출항목 자소서와 작성 노하우를 제시한다.",https://image.aladin.co.kr/product/27306/89/cover500/k992732129_1.jpg, 방영황 지음, 에듀윌,2021
사회과학,(에듀윌 공기업)NCS 자소서&면접 22대 공기업 기출분석 합격서,"NCS 능력 중심의 채용을 진행하는 공기업에 완벽히 대비할 수 있도록 최신 기출항목을 면밀히 분석하고, 그에 따른 전략을 제시하는 교재다. 직업기초능력 10개 항목을 완벽히 분석하고, 직업기초능력별로 대표 기출항목 자소서와 작성 노하우를 제시한다.",https://image.aladin.co.kr/product/27306/89/cover500/k992732129_1.jpg, 방영황 지음, 에듀윌,2021
사회과학,(에듀윌 공기업)NCS 자소서&면접 22대 공기업 기출분석 합격서,"NCS 능력 중심의 채용을 진행하는 공기업에 완벽히 대비할 수 있도록 최신 기출항목을 면밀히 분석하고, 그에 따른 전략을 제시하는 교재다. 직업기초능력 10개 항목을 완벽히 분석하고, 직업기초능력별로 대표 기출항목 자소서와 작성 노하우를 제시한다.",https://image.aladin.co.kr/product/27306/89/cover500/k992732129_1.jpg, 방영황 지음, 에듀윌,2021
사회과학,면접 바이블,,https://image.aladin.co.kr/product/29327/52/cover500/k992837815_1.jpg, 면접왕 이형 지음, Alivebooks,2022
사회과학,부와 성공을 부르는 12가지 원칙,예약판매에서 24시간 만에 100만 부가 넘게 팔려 전 세계 출판업계를 놀라게 한 게리 바이너척의 《Twelve and a Half》가 출간되었다. 《크러싱 잇! SNS로 부자가 된 사람들》 《크러쉬 잇! SNS로 열정을 돈으로 바꿔라》로 SNS 마케팅과 트렌드에 대한 인사이트를 제시하던 게리가 그의 부와 성공을 가능하게 만들어 준 12가지 원칙을 통해 삶의 진정한 행복을 전해준다.,https://image.aladin.co.kr/product/28884/41/cover500/k542836508_1.jpg, 게리 바이너척 지음;우태영 옮김, 천그루숲,2022
사회과학,부와 성공을 부르는 12가지 원칙,예약판매에서 24시간 만에 100만 부가 넘게 팔려 전 세계 출판업계를 놀라게 한 게리 바이너척의 《Twelve and a Half》가 출간되었다. 《크러싱 잇! SNS로 부자가 된 사람들》 《크러쉬 잇! SNS로 열정을 돈으로 바꿔라》로 SNS 마케팅과 트렌드에 대한 인사이트를 제시하던 게리가 그의 부와 성공을 가능하게 만들어 준 12가지 원칙을 통해 삶의 진정한 행복을 전해준다.,https://image.aladin.co.kr/product/28884/41/cover500/k542836508_1.jpg, 게리 바이너척 지음;우태영 옮김, 천그루숲,2022
사회과학,부와 성공을 부르는 12가지 원칙,예약판매에서 24시간 만에 100만 부가 넘게 팔려 전 세계 출판업계를 놀라게 한 게리 바이너척의 《Twelve and a Half》가 출간되었다. 《크러싱 잇! SNS로 부자가 된 사람들》 《크러쉬 잇! SNS로 열정을 돈으로 바꿔라》로 SNS 마케팅과 트렌드에 대한 인사이트를 제시하던 게리가 그의 부와 성공을 가능하게 만들어 준 12가지 원칙을 통해 삶의 진정한 행복을 전해준다.,https://image.aladin.co.kr/product/28884/41/cover500/k542836508_1.jpg, 게리 바이너척 지음;우태영 옮김, 천그루숲,2022
사회과학,(취업 끝판왕 옴스에게 배우는)스펙을 뛰어넘는 자소서,"6년 이상 취업시장에서 경험과 노하우를 쌓아온 저자는 지금까지 볼 수 없었던 현실적이고 친절한 자소서 작성 방법을 이 책에 모두 담아냈다. 저자는 공모전, 어학연수, 자격증, 직무 경험 등 스펙이 많지 않아도 자소서만 잘 쓰면 어디든 충분히 합격할 수 있다고 말한다.",https://image.aladin.co.kr/product/18027/89/cover500/k222534844_2.jpg, 옴스 지음, 원앤원북스,2019
사회과학,심리계좌,"가장 현실적이면서 구체적인 돈 관리 시스템으로 안내하는 책. 심리계좌 때문에 생기는 돈에 관한 다섯 가지 착각을 다양한 예를 들어 설명하고, 그런 문제들을 해결하는 구체적이고 지속 가능한 관리 방식을 알려준다.",https://image.aladin.co.kr/product/2165/35/cover500/8952222377_1.jpg, 이지영 지음, 살림Biz,2012
사회과학,(에듀윌 취업)끝까지 살아남는 대기업 자소서,"이력서, 자소서 작성에 있어서 지원자가 놓친 부분을 알려주고 바로 잡아주는 책이다. 대기업 채용 각 전형에서 끝까지 살아남을 수 있도록, 단순히 서류전형만을 통과할 수 있는 자기소개서 작성법을 언급하는 것이 아닌 면접에서도 좋은 평가를 받을 수 있는 자기소개서 작성법을 수록하였다.",https://image.aladin.co.kr/product/28675/65/cover500/k392836066_1.jpg, 변정호 지음, 에듀윌,2022
사회과학,이것이 금융자소서이다2.0,"질문 분석부터 소제목 작성법까지 ‘읽히는’ 자소서 작성 방법을 구체적으로 제시하였다. 금융기관.금융공기업 자소서의 최신 경향을 완벽하게 분석.반영하였으며, 금융기관.금융공기업에 최종 합격한 실제 합격 자소서 120선 공개.분석하였다.",https://image.aladin.co.kr/product/24688/52/cover500/8931589824_1.jpg, 김정환 지음, BM성안당,2020
사회과학,취업의신 자기소개서 혁명,"저스펙으로 취업에 성공한 취업의신만의 노하우, 채용대행 서비스를 통하여 기업 인사담당자들의 예리한 시선에 대한 통찰, 그리고 직접 회사를 설립하여 운영하면서 직원을 실제로 채용한 다양한 현장 실무 경험이 축적된 합격에 성공하는 비결을 모두 담아낸 책이다.",https://image.aladin.co.kr/product/26859/0/cover500/8970674004_1.jpg, 박장호 지음, 성안북스,2020
사회과학,취업의신 자기소개서 혁명,"저스펙으로 취업에 성공한 취업의신만의 노하우, 채용대행 서비스를 통하여 기업 인사담당자들의 예리한 시선에 대한 통찰, 그리고 직접 회사를 설립하여 운영하면서 직원을 실제로 채용한 다양한 현장 실무 경험이 축적된 합격에 성공하는 비결을 모두 담아낸 책이다.",https://image.aladin.co.kr/product/26859/0/cover500/8970674004_1.jpg, 박장호 지음, 성안북스,2020
사회과학,취업의신 자기소개서 혁명,"저스펙으로 취업에 성공한 취업의신만의 노하우, 채용대행 서비스를 통하여 기업 인사담당자들의 예리한 시선에 대한 통찰, 그리고 직접 회사를 설립하여 운영하면서 직원을 실제로 채용한 다양한 현장 실무 경험이 축적된 합격에 성공하는 비결을 모두 담아낸 책이다.",https://image.aladin.co.kr/product/26859/0/cover500/8970674004_1.jpg, 박장호 지음, 성안북스,2020
사회과학,친절한 자기소개서 작성법,"자기소개서 작성의 최신 트렌드, 자기소개서 작성 전에 알아야 할 핵심전제, 기본적인 자기소개서 작성법 등 자기소개서의 구체적인 방법론과 더불어 국내 대기업의 다양한 합격사례 및 모범사례를 담고 있다. 특히 항목별로 친절하게 설명된 저자의 코멘트는 잘 쓴 부분과 보충해야 할 부분을 파악하는 데 도움을 준다.",https://image.aladin.co.kr/product/9250/55/cover500/8997234838_1.jpg, 양명주 지음, 나비의활주로,2016
사회과학,해커스공기업 쉽게 합격하는 NCS 면접,"공공기관 NCS 면접 유형별로 전략적 대비! 공공기관 인재상 기반 ""23가지 캐릭터 유형별 키워드""로 나만의 특별한 면접 포트폴리오 완성! [20대 공공기관 면접 기출 질문 및 답변 가이드]로 맞춤형 실전 대비!",https://image.aladin.co.kr/product/27539/66/cover500/8969652418_2.jpg," 윤종혁,조은희,김태형 지음", 해커스공기업,2021
사회과학,흥하는 자소서 망하는 자소서,자소서에 대한 잘못된 생각과 자소서를 쓸 때 실수하기 쉬운 부분에 대해 설명한다. 실패하는 요소와 성공하는 요소를 비교하면서 독자의 자소서에 대해 생각해 보는 시간이 될 것이다.,https://image.aladin.co.kr/product/28121/14/cover500/k832734547_1.jpg, 오미현 지음, 골든타임,2021
사회과학,가불 선진국,한국은 전 세계가 놀랄 정도로 가파른 성장을 거듭해오며 선진국 반열에 들어섰다. 그러나 선진국 대한민국의 환호 뒤에는 수많은 사회적·경제적 약자의 희생이 놓여 있다. 문재인 정부의 공직자로 활동한 저자는 ‘사회권 보장’을 통해 그동안 소외돼온 약자층에 진 ‘빚’을 갚아야 한다고 주장한다. 그래야만 선진국 반열에 오르기 위해 ‘가불’했던 ‘빚’을 갚고 지속 가능한 선진국이 될 수 있다.,https://image.aladin.co.kr/product/29102/87/cover500/k912837067_1.jpg, 조국 지음, 메디치,2022
사회과학,부자 되는 법을 가르쳐 드립니다,"실패하는 돈 관리와 식단, 건강관리는 비슷한 모습을 보인다. 개인 재무 분야의 전문가이자 자수성가한 백만장자 라밋 세티는 《부자 되는 법을 가르쳐 드립니다》에서 효과적으로 부를 축적하는 법을 알려준다.",https://image.aladin.co.kr/product/22331/62/cover500/k922636023_1.jpg, 라밋 세티 지음;김태훈 옮김, 안드로메디안,2019
사회과학,(헤드헌터가 직접 쓴) 영문이력서 자기소개서 에지있게 써라,저자가 헤드헌터로서 현직에서 다년간의 경험을 바탕으로 하여 구직자들이 취업에 꼭 필요한 레쥬메 및 커버레터 작성 방법을 실 예를 들어 설명하고 있다. 영문이력서.영문자기소개서의 작성에 대한 다각적이고 체계적인 내용으로 구성하였다.,https://image.aladin.co.kr/product/5488/49/cover500/899734918x_1.jpg, 이동하 지음, 책과사람들,2015
사회과학,맨박스,"저자 토니 포터는 남자를 둘러싼 고정관념의 틀을 '맨박스'로 규정하고 이를 깨부숴야 한다고 주장한다. 그는 모든 남성이 남들보다 우월하지 않아도 괜찮고, 느낌과 감정을 솔직하게 표현할 줄 알아야 하며, 그냥 친구로만 지내는 이성이 있어도 괜찮다고 말한다.",https://image.aladin.co.kr/product/8652/37/cover500/k242535290_1.jpg, 토니 포터 지음;김영진 옮김, 한빛비즈,2016
사회과학,학습상담,,https://image.aladin.co.kr/product/2608/53/cover500/8999700267_1.jpg, 이재규 ...[등]지음, 학지사,2013
사회과학,(사이토 다카시의) 질문의 힘,"상대방과 감정이입을 자연스럽게 하는 방법, 상대방의 전문 분야를 정확히 읽고 말문을 트는 법, 상대방에게 동의를 표하는 방법, 상대방의 강점을 자랑하게 하는 방법 등의 다양한 노하우를 명쾌하고도 체계적으로 정리한다.",https://image.aladin.co.kr/product/10612/97/cover500/8997023489_2.jpg, 사이토 다카시 지음;남소영 옮김, 루비박스,2017
사회과학,인사담당자 100명의 비밀녹취록,"대기업, 외국계기업, 중견기업 등 총 100개 기업 인사담당자들을 집요하게 파고든 채용에 관한 23가지 질문. 기업이 절대로 공개하지 않았던 채용의 조건을 집요한 취재와 인터뷰를 통해 파고들어 채용의 진실에 한 발짝 다가섰다.",https://image.aladin.co.kr/product/10270/73/cover500/k172536188_1.jpg, 김도윤;제갈현열 [공]지음, 한빛비즈,2017
사회과학,노동법,"개정 법령을 반영하고 판례의 소개를 보충하는 것 이외에도 독자들의 이해를 돕기 위해 수정.보완한 부분이 여러 곳 있다. 사업의 합병.분할, 사업의 양도에 관한 부분은 그 내용을 완전히 다시 썼다.",https://image.aladin.co.kr/product/10270/87/cover500/k112536081_1.jpg, 임종률 지음, 박영사,2017
사회과학,(노사가 함께 배우는) 근로기준법 실무,"노동법의 기본 이론과 실무의 구체적 사례를 함께 습득할 수 있는 인사노무 실무서. 행정해석과 판례의 풍부한 인용 및 노동법 이론을 체계적으로 정리하였고, 현장의 인사노무관리 실무에 적용할 수 있는 업무수행 능력을 향상시킬 수 있도록 하였다.",https://image.aladin.co.kr/product/10584/90/cover500/k162530532_1.jpg, 박소민 지음, 영화조세통람,2017
사회과학,가족에서 학교로 학교에서 마을로,"하자센터, 서울시대안교육센터를 이끌며 대안교육을 실천해 온 지은이는 ‘식량이 부족한 사회에서는 식욕이 문제가 되고 경제 생산이 중심이 되듯이 애정이 부족한 사회에서는 외로움과 무기력함이 문제가 되고 사회적 관계성의 생산이 중심이 되어야 한다’고 말한다.",https://image.aladin.co.kr/product/85/51/cover500/8985635751_1.jpg, 조한혜정 외 지음, 또 하나의 문화,2007
사회과학,선생은 무엇으로 사는가?,,https://image.aladin.co.kr/product/98/18/cover500/8986617919_1.jpg, 마종필 지음, 도움이,2007
사회과학,인생이 맛있어지는 17가지 레시피,"십대로서의 삶을 살아낸, 그래서 그 길을 너무나도 잘 알고 있는 열일곱 명의 '은퇴한 십대'들이 청소년들에게 보내는 인생에 관한 충고와 희망 이야기. 저자들의 다양한 시각과 경험이 고스란히 녹아 있는 책으로, 후배들이 진정 행복해지길 바라는 진솔한 이야기들을 담았다.",https://image.aladin.co.kr/product/100/29/cover500/8958072067_1.jpg, 에릭 체스터 외 지음;김경숙 옮김, 뜨인돌,2007
사회과학,인생이 맛있어지는 17가지 레시피,"십대로서의 삶을 살아낸, 그래서 그 길을 너무나도 잘 알고 있는 열일곱 명의 '은퇴한 십대'들이 청소년들에게 보내는 인생에 관한 충고와 희망 이야기. 저자들의 다양한 시각과 경험이 고스란히 녹아 있는 책으로, 후배들이 진정 행복해지길 바라는 진솔한 이야기들을 담았다.",https://image.aladin.co.kr/product/100/29/cover500/8958072067_1.jpg, 에릭 체스터 외 지음;김경숙 옮김, 뜨인돌,2007
사회과학,인생이 맛있어지는 17가지 레시피,"십대로서의 삶을 살아낸, 그래서 그 길을 너무나도 잘 알고 있는 열일곱 명의 '은퇴한 십대'들이 청소년들에게 보내는 인생에 관한 충고와 희망 이야기. 저자들의 다양한 시각과 경험이 고스란히 녹아 있는 책으로, 후배들이 진정 행복해지길 바라는 진솔한 이야기들을 담았다.",https://image.aladin.co.kr/product/100/29/cover500/8958072067_1.jpg, 에릭 체스터 외 지음;김경숙 옮김, 뜨인돌,2007
사회과학,인생이 맛있어지는 17가지 레시피,"십대로서의 삶을 살아낸, 그래서 그 길을 너무나도 잘 알고 있는 열일곱 명의 '은퇴한 십대'들이 청소년들에게 보내는 인생에 관한 충고와 희망 이야기. 저자들의 다양한 시각과 경험이 고스란히 녹아 있는 책으로, 후배들이 진정 행복해지길 바라는 진솔한 이야기들을 담았다.",https://image.aladin.co.kr/product/100/29/cover500/8958072067_1.jpg, 에릭 체스터 외 지음;김경숙 옮김, 뜨인돌,2007
사회과학,"(대기업, 공기업이 원하는)고졸 취업","동국대학교 취업역량센터 김태완 외래교수의 저서. 저자는 고졸취업에 대한 분석과 강의, 그리고 상담을 통해 현장에서 경험한 내용들을 바탕으로 새로운 고졸취업 전문서를 출간했다. 이 책은 독자 스스로 진로를 선택하는 방법과 취업을 준비할 수 있도록 만든 참고서다.",https://image.aladin.co.kr/product/4004/11/cover500/8997234226_1.jpg, 김태완 지음, 나비의활주로,2014
사회과학,(대한민국 프레젠테이션 전문가 10인의)프레젠테이션 코칭 북,"대한민국 실정에 맞는 프레젠테이션 비법을 알려주는 책. 평창 동계올림픽 제작에 참여한 이승일 대표이사부터 국내 최초의 이미지 전략가인 허은아 대표까지 10인의 대한민국 프레젠테이션 전문가가 성공 프레젠테이션으로 가는 길을 안내한다. 아이디어 기획부터 디자인, 발표 기법과 이미지 연출까지 성공 프레젠테이션에 필요한 모든 요소를 낱낱이, 상세하게 배울 수 있다.",https://image.aladin.co.kr/product/1410/37/cover500/8966182410_1.jpg, 이승일 외 저, 길벗,2011
사회과학,공모전 무작정 따라하기,"마케팅의 ‘마’도 모르던 문과대 출신의 저자 3인방의 파란만장한 공모전 도전기와 수상 노하우를 담은 책. 3C, STP, 4P 등의 필수 마케팅 툴부터 ATL/BTL, 벤치마킹 등의 마케팅 전략까지 공모전 준비에 필요한 핵심 지식만 족집게처럼 골라담았다.",https://image.aladin.co.kr/product/3765/14/cover500/8966187048_2.jpg, 이혁진;마진용;김태성 [공]지음, 길벗,2014
사회과학,나는 대학에 가지 않았다,"이유 없이 한 길로만 치닫는 맹목적인 경쟁을 거부하고 스스로 대학 교육을 포기한 젊은이들, 그리고 그들이 걸어온 길을 묵묵히 조명하는 르포 문학이다. 고졸 출신이라는 이름표를 달고 곧장 삶의 현장에 뛰어든 청년들의 희망에 관한 기록이다.",https://image.aladin.co.kr/product/2106/30/cover500/8952221605_1.jpg, 박영희 지음, 살림Friends,2012
사회과학,서울을 먹다,"음식으로 풀어낸 서울의 삶과 기억. 음식 기행작가 정은숙과 맛 칼럼니스트 황교익이 함께 쓴 책이다. ""서울 사람들이 즐겨 먹는 음식을 살피면 서울 사람들이 누구인지 알 수 있을 것이다."" 두 저자는 이런 생각을 갖고 약 1년 동안 서울을 먹으러 다녔다.",https://image.aladin.co.kr/product/2468/3/cover500/8998439018_1.jpg, 황교익;정은숙 [공]지음, 따비,2013
사회과학,최고의 프로젝트는 경험이다,,https://image.aladin.co.kr/product/3998/76/cover500/1195232209_1.jpg, 이주헌 지음, 어썸북스,2014
사회과학,(조벽 교수의)수업 컨설팅,대한민국 교육 베스트셀러 에 이은 ‘조벽 교수의 희망의 교육 5부작’ 중 다섯 번째 책이다. 이 책에서는 교실에서 교수자가 행하는 행동을 대상으로 비디오 피드백 즉 마이크로 티칭을 이용한 컨설팅에 초점을 맞추고 있다.,https://image.aladin.co.kr/product/1452/17/cover500/8965743303_1.jpg, 조벽 지음, 해냄,2012
사회과학,(혁신고등학교 졸업생들이 전하는)진짜 공부,"‘서울형 혁신학교’로 운영되고 있는 배화여자고등학교, 삼각산고등학교, 선사고등학교, 인헌고등학교를 다니고 현재 대학에 진학한 12명의 졸업생들이 혁신고등학교에서 배우고 성장한 이야기를 담고 있다.",https://image.aladin.co.kr/product/4103/1/cover500/8997206206_1.jpg, 김지수 외 지음, 맘에드림,2014
사회과학,"공부의 神, 천개의 시크릿","공신닷컴의 대표이자 학습법 전문가 강성태의 공부법 연구와 공신들의 저력이 바탕이 된 공부법을 담은 완전판이다. 잘못된 공부법, 목적의식 없는 공부법을 바로잡고 효과적이고 즐거운 공부를 할 수 있는 방법을 알려주고 있다.",https://image.aladin.co.kr/product/3373/99/cover500/8964561937_2.jpg, 강성태 지음, 중앙m&b,2013
사회과학,상인 이야기,"상인은 언제부터 출현했을까? 그들은 단지 재물과 권력을 좇아 천하를 누볐을까? 이 책은 '유가의 도리(義)'와 '상인의 도리(利)'를 좇은 중국 전통 상인의 역사를 통해 오늘날 장사란 무엇이고, 진정한 경영의 길은 무엇인지 묻는다.",https://image.aladin.co.kr/product/2791/15/cover500/8997132342_2.jpg, 이화승 지음, 행성,2013
사회과학,왜 사회에는 이견이 필요한가,"국내에서 <넛지>로 잘 알려진 선스타인이 기업과 조직에서 이견이 얼마나 중요한지에 대해 말한다. 가장 건강한 기업은 가장 논쟁적인 이사회를 가진 기업이며, 가장 실적이 좋은 투자클럽은 이견과 갈등을 허용하는 클럽이라는 것.",https://image.aladin.co.kr/product/487/90/cover500/8964371011_1.jpg, 카스 R. 선스타인 지음;박지우;송호창 [공]옮김, 후마니타스,2009
사회과학,"진로력, 10년 후 내 아이의 명함을 만든다","우리 학교교육 현장을 보여주면서 흥미로운 사례를 제시해, 우리 진로교육에 대해 누구나 쉽게 접근하도록 안내하는 필독서이다. 특히 보다 구체적으로 다양한 직업을 소개해 진로교육에 더 큰 도움을 주고자 했다.",https://image.aladin.co.kr/product/2339/48/cover500/8996751847_3.jpg, 정영미 외 지음, 라이스메이커,2013
사회과학,A4 두 장으로 한국사회 읽기 2009~2010,2008년부터 매년 발간되고 있는 인터넷칼럼 <창비주간논평>(weekly.changbi.com)에 2009년 10월~2010년 10월 수록된 글 중 균형잡힌 시각과 논쟁적 필치가 돋보이는 50편을 정선해 묶은 것이다. 주 내용은 우리사회의 중요 현안을 담은 것으로 MB정부 후반기와 2010년대에 접어들어 한국사회를 관통한 굵직한 사안들을 간추려 명쾌한 분석과 함께 제공한다.,https://image.aladin.co.kr/product/802/61/cover500/8936471961_1.jpg, 최태욱;염종선 엮음, 창비,2010
사회과학,대시보드 설계와 데이터 시각화,"비즈니스 시나리오별로 실용적이면서도 아름다운 대시보드 설계와 제작 방법을 알려주며 분석과 대안까지 제시한다. 특히 차트, 그래프, 색 범례와 같은 시각화 도구들을 사용해, 데이터 뒤에 숨겨진 중요한 의미들을 빠르고 정확하게 전달하는 생생한 방법들을 소개한다.",https://image.aladin.co.kr/product/17625/80/cover500/s382636801_1.jpg, 스티브 웩슬러;제프리 섀퍼;앤디 코트그리브 지음;최윤석 옮김, 책만,2019
사회과학,좋아하는 일을 하는 거야,"좋아하는 영화와 전공한 컴퓨터 공학을 융합하여 진로를 선택한 카이스트 문화대학원 노준용 교수가 영화와 컴퓨터 그래픽, 시각 특수효과에 대해 설명했다. 자신의 경험을 토대로 청소년들이 꿈을 포기하지 않고, 현실에서 조화롭게 키워 나갈 수 있도록 멘토링한 책이다.",https://image.aladin.co.kr/product/13679/2/cover500/k642532513_1.jpg, 노준용 지음;김미나 엮음;권민정 그림, 특별한서재,2018
사회과학,(10대들을 위한)4차 산업혁명시대 미래직업,4차 산업혁명이 왜 우리에게 중요한지에 대해 다루고 있다. 매일 빠르게 진화해 나가는 4차 산업혁명의 본질과 활용사례들을 설명함은 물론 이러한 것들이 우리에게 어떠한 영향을 미치는지에 대해 설명하고 이러한 변화의 시대를 학생들이 어떻게 맞이하고 적응해 나가야 하는지에 대한 해결책을 제시한다.,https://image.aladin.co.kr/product/19586/18/cover500/k242635326_1.jpg, 최낙훈 지음, 바른북스,2019
사회과학,"호모 루덴스, 놀이하는 인간을 꿈꾸다","주니어 클래식 시리즈 10권. 건조한 문체와 따라가기 힘든 내용으로 이루어진 <호모 루덴스>를 흥미로운 사례로 재구성하고 독자적 평설을 달아 핵심 내용을 청소년들에게 쉽게 전달한다. 다양한 문명권에서 발견되는 수수께끼 놀이의 사례들을 보여 주고, 자연스럽게 철학이 그것에 뿌리를 두고 있음을 알려 준다.",https://image.aladin.co.kr/product/864/90/cover500/8958285311_2.jpg, 노명우 지음, 사계절,2011
사회과학,디지털 트렌드 2020,"2019년 가장 많은 독자가 선택한 디지털 전망서 《디지털 트렌드 2019》가 《디지털 트렌드 2020》으로 돌아왔다. 이번에는 ‘개인’ ‘공간’ ‘충돌’이라는 세 가지 키워드에 주목한다. 우리의 일상은 2020년에도 여느 해와 다름없이 몇 가지 특이점을 드러낼 것이며 이는 개인과 가정, 학교와 기업, 정부 등 다양한 주체와 함께 이제껏 보지 못한 변화를 이끌어낼 것이다.",https://image.aladin.co.kr/product/21192/34/cover500/k702636089_1.jpg, 연대성 지음, 책들의정원,2019
사회과학,"뇌, 욕망의 비밀을 풀다",신경마케팅 분야의 최고 권위자이자 세계적인 기업들의 마케팅 및 브랜딩 자문을 맡고 있는 한스-게오르크 호이젤 박사의 저서이다. 15년간의 뇌 연구와 시장조사를 통해 저자가 개발한 동기모형 도구인 림빅® 맵은 ‘무의식이 인간의 경제활동을 어떻게 조종할까?’라는 의문에 대한 명쾌한 해답을 제시한다.,https://image.aladin.co.kr/product/20913/45/cover500/k452636076_1.jpg, 한스-게오르크 호이젤 지음;강영옥;김신종;한윤진 옮김, 비즈니스북스,2019
사회과학,더 히스토리 오브 더 퓨처,이성적 몽상가가 세상을 바꿀 수 있는 혁신적인 가상현실 혁명을 어떻게 이끌어냈는지 전해줌과 동시에 앞으로 세상이 어떻게 변할 것인지에 대한 인사이트를 담고 있다.,https://image.aladin.co.kr/product/21202/74/cover500/k452636085_1.jpg, 블레이크 J. 해리스 지음;정미진 옮김, 커넥팅,2019
사회과학,세계미래보고서 2020,"전 세계 66개국, 4,500명의 미래학자들이 주축이 되어 활동하는 세계적인 미래연구 그룹 ‘밀레니엄 프로젝트’의 2020년 전망서 《세계미래보고서 2020》이 출간됐다. 현재 우리 삶의 여러 분야에서 일어나고 있는 기술 변화와 그 적용 사례, 나아가 앞으로의 모습까지 전망하는 이 책은 지난 2008년부터 10년 넘게 매년 출간되었던 미래 예측서 《세계미래보고서》 시리즈의 최신판이다.",https://image.aladin.co.kr/product/21192/8/cover500/k322636089_1.jpg, 박영숙;제롬 글렌 지음, 비즈니스북스,2019
사회과학,제국의 전략가,2015년 93세의 나이로 현직에서 물러날 때까지 그의 전략적 고민과 정신사를 통해 60여 년에 걸친 미국의 외교·국방정책의 역사를 해부한 책이다.,https://image.aladin.co.kr/product/20730/6/cover500/8952240812_1.jpg, 앤드루 크레피네비치;배리 와츠 지음;이동훈 옮김, 살림,2019
사회과학,칼 비테 교육법,이 책은 국내 최초로 독일어 원전을 완역했다. 200년 전의 육아서라고 보여지지 않을 정도로 칼 비테의 이야기는 촘촘하고 생생하다. 아이를 키우는 아버지의 마음을 고스란히 전달하기 위해 꼼꼼한 번역으로 작품의 완성도를 높였다.,https://image.aladin.co.kr/product/11453/73/cover500/k862531008_1.jpg, 칼 비테 원저;김일형 옮김, 차이정원,2017
사회과학,밀레니얼 이코노미,"국내 대표적인 두 이코노미스트인 홍춘욱 박사와 박종훈 기자가 신간 《밀레니얼 이코노미》를 통해 ‘세대교체 지연’의 구조적 원인을 찾는 동시에 IT, 제조, 유통, 금융, 교육 등 전 산업 분야의 새로운 흐름을 예측하며, 밀레니얼 세대가 어떤 소비와 투자 취향을 키워가고 있는지 대담을 펼쳤다.",https://image.aladin.co.kr/product/21297/7/cover500/k812636480_1.jpg, 홍춘옥;박종훈 지음, 인플루엔셜,2019
사회과학,기본소득 쫌 아는 10대,‘기본소득한국네트워크’ 운영위원으로 활발히 활동하며 2017년 <기본소득이 세상을 바꾼다>를 펴낸 오준호 작가가 자라나는 세대에게 희망과 용기를 주고자 그간의 깊어진 연구 자료를 자신의 자녀에게 정답게 이야기 건넨다는 느낌으로 풀어냈다.,https://image.aladin.co.kr/product/19832/24/cover500/k172636199_1.jpg, 오준호 글;신병근 그림, 풀빛,2019
사회과학,"전교 꼴찌, 270일 만에 의대생이 된 공부 비법","전교 꼴찌에서 의대를 입학한 재수생의 고군분투 입시 이야기이다. 하지만 이 책은 단순한 입시 이야기가 아니다. 흔들리지 않는 공부 계획과 1분 1초도 허투루 사용하지 않고, 자신이 세운 목표에 도달하기 위해 어떻게 동기부여를 하며 실천하였는지에 대한 이야기이자 기록이다.",https://image.aladin.co.kr/product/21221/41/cover500/k492636188_1.jpg, 김현수 지음, 북스고,2019
사회과학,제2의 직업,"첨단기술의 발전과 평균수명 연장, 급속히 가속되는 고령화 사회로 인해 지금의 20, 30대는 물론 40대와 50대, 심지어 60대까지도 시기를 가리지 않고 또 다른 직업을 찾아야 하는 시대가 왔다. 이 책은 평생직장과 정년의 개념이 사라진 시대에 자신의 적성과 비전에 최적화된 생애 두 번째 직업을 찾는 법을 소개한다.",https://image.aladin.co.kr/product/21415/59/cover500/k632636891_1.jpg, 신상진 지음, 한스미디어,2019
사회과학,2020 빅 체인지,모든 것이 연결되는 초연결 사회는 미래에 우리가 맞을 가장 큰 변화다. ICT 트렌드 연구의 리더 KT경제경영연구소는 이 거대한 변화를 ‘빅 체인지’라는 키워드로 아울렀다. 나아가 2020년에 의미를 부여하는 측면에서 20개의 ICT 트렌드를 선정했다.,https://image.aladin.co.kr/product/21504/63/cover500/k062636196_1.jpg, KT경제경영연구소 지음, 한스미디어,2019
사회과학,내가 공부하는 이유,괴짜 교수 사이토 다카시가 알려 주는 인생을 바꾸는 평생 공부법. 저자 사이토 다카시는 학교나 기업에서 강연을 할 때마다 ‘어떤 위기의 순간에도 흔들리지 않는 내공을 키우는 법’을 알려 달라는 질문을 많이 받는다고 한다. 그때 그가 들려주는 답은 하나다.,https://image.aladin.co.kr/product/4198/40/cover500/8901165198_1.jpg," 사이토 다카시, 지음;오근영 옮김", 걷는나무(웅진씽크빅),2014
사회과학,(쉽게 읽는)백범일지,"'느낌표' 선정 의 주해자 도진순 교수가, 수년간의 집중적인 수정 집필과 역사적 고증, 학술적 보완을 거쳐 더욱 쉽고 알차게 엮어낸 '대중용 백범일지'다. 원본의 핵심을 잃지 않으면서도, 중복된 기록과 혼란스런 배열 상태를 정리해 백범의 생애와 시대의 흐름을 한눈에 이해할 수 있게 했다.",https://image.aladin.co.kr/product/60/31/cover500/8971992298_1.jpg, 김구 지음;도진순 옮김, 돌베개,2010
사회과학,마음의 힘 키우기:학생용,,https://image.aladin.co.kr/product/4/62/cover500/8975482103_1.jpg," 김기현, 외 지음", 학지사,2003
사회과학,(아이들이 읽어야 할)경제 이야기,,https://image.aladin.co.kr/product/26/87/cover500/895828160x_2.jpg, 박상률 지음;임경미 그림, 사계절출판사,2009
사회과학,사막의 꽃,"2004년 '올해의 여성' 사회(인권)상을 수상한 슈퍼모델 와리스 디리의 수기. 아프리카 사막의 유목민 소녀가 세계적인 슈퍼모델, 유엔 인권대사가 되기까지의 여정을 담고 있다. 세계적인 모델이자 유엔의 특별사절로 전 세계를 누비며, 또렷하고 열정적인 목소리로 인권을 수호하는 그녀의 모습은 자유롭고 아름답다.",https://image.aladin.co.kr/product/57/42/cover500/8995589620_2.jpg, 와리스 디리;캐틀린 밀러 지음;이다희 옮김, 섬앤섬,2010
사회과학,사람의 마음을 얻는 법,"350년에 가까운 세월 동안 세상에 군림한 명문가인 동시에 세계 최고의 부자였으며, 당시 최고 권력인 교황의 주 거래처이자 유럽 각지에 지점이 있었던 메디치 은행을 운영한 하나의 기업이었던 메디치 가문의 이야기. 메디치 가문이 새로운 시대를 태동시킬 수 있었던 원동력이 무엇인지 알아보고, 그들이 이룩한 성공과 실패의 부침을 살펴봄으로써 세상을 바라보는 다른 시선을 선사한다.",https://image.aladin.co.kr/product/1199/0/cover500/8950931605_1.jpg, 김상근 지음, 21세기북스,2011
사회과학,역사에서 리더를 만나다,"한비자, 제갈공명, 처칠, 이순신, 이나모리 가즈오, 석가모니 등 시대를 초월해 대한민국 CEO들이 좋아하는 리더십 대가들의 금쪽같은 메시지와 키워드를 담았다. 이 책은 한국 경영학자의 시각으로 바라본 리더의 삶과 사상을 담아낸 것으로, 동.서양의 유명한 리더 또는 리더십을 우리 기업의 토양에 맞춰 다시 바라볼 수 있도록 돕는다.",https://image.aladin.co.kr/product/690/25/cover500/8990872898_1.jpg, 유필화 지음, 흐름출판,2010
사회과학,내가 걸은 만큼만 내 인생이다,"동시대의 주요한 화두를 던지며 이에 대한 답을 모색해왔던 '인터뷰 특강' 시리즈 여덟 번째 책의 화두는 청춘이다. 각박한 세태와 치열한 경쟁에 둘러싸여 갈팡질팡 길을 찾고 있는 88만원 세대들을 위해 우리 시대를 대표하는 멘토 강풀, 홍세화, 김여진, 김어준, 정재승, 장항준, 심상정들이 따스한 위로와 따끔한 조언을 함께 건넨다.",https://image.aladin.co.kr/product/1344/44/cover500/8984315095_1.jpg, 강풀...[등]저, 한겨레,2011
사회과학,(여학생이면 꼭 배워야 할)힐러리 파워,"세계 여성들의 롤모델 힐러리 로댐 클린턴의 인생을 청소년의 눈높이에 맞추어 쉽게 풀어내고자 한 자서전. 힐러리의 삶에 많은 영향을 준 어린 시절 부모님 이야기에서부터 빌 클린턴과의 만남과 사랑, 그리고 미국 최최초의 여성 대통령 후보를 거쳐 현재 미국의 외교장관이 되기까지 힐러리의 최근 행보까지 담아낸 2009년 최신작이다.",https://image.aladin.co.kr/product/429/50/cover500/8976776135_1.jpg, 데니스 에이브람스 지음;정경옥 옮김, 명진,2009
사회과학,(학위논문 작성을 위한)교육연구 및 통계분석,,https://image.aladin.co.kr/product/51/41/cover500/8982878270_1.gif, 백순근 지음, 교육과학사,2004
사회과학,학교경영과 자율장학,,https://image.aladin.co.kr/product/30/52/cover500/8982875654_1.gif, 이윤식 지음, 교육과학사,2001
사회과학,한국영재교육의 새로운 지평,,https://image.aladin.co.kr/product/156/20/cover500/8958915536_1.jpg, 송인섭;한기순 지음, 학지사,2008
사회과학,나의 권리를 말한다,"현직 「법과 사회」 교사가 쓴 '권리'에 관한 책. 우리가 사회를 구성하는 시민으로서 가진, 하지만 곧잘 잊곤하는 '권리'들에 관해 적고 있다. 행복추구권, 천부인권, 교육권, 건강권,노동권과 같은 기본적인 권리 부터 지적재산권, 양심적 병역거부와 같은 다양한 권리들까지를 일목요연하게 정리해놓았다.",https://image.aladin.co.kr/product/170/13/cover500/8958072180_1.jpg, 전대원 지음, 뜨인돌,2008
사회과학,(마음이 멍든 아이들을 위한)피노키오 상담실 이야기,"<성공하는 아이에게는 미래형 커리큘럼이 있다>, <꿈꾸는 다락방>을 비롯한 자녀교육서.자기계발서 분야의 베스트셀러 저자이자 현직 초등학교 교사인 이지성 씨의 교육 에세이. 교내에 '피노키오 상담실'을 만들어 운영하면서 자살, 음란물 중독 등으로 고통 받는 아이들을 발견하고 이들을 치료한 경험을 바탕으로 썼다.",https://image.aladin.co.kr/product/100/1/cover500/893157262x_1.jpg, 이지성 지음, 성안당,2007
사회과학,10대와 통하는 정치학,"10대를 위해 정치와 민주주의에 대해 쉽게 풀어쓴 책. 사회 교과서에 나와 있는 내용 뿐 아니라, 교과서에 나와 있지 않더라도 꼭 알아야하는 초등 고학년과 청소년이 어려워하는 정치학에 대해 알기 쉽게 풀어쓴 본격 정치학 책이다. 우리나라 정치상황과 관련한 우리나라 민주주의에 대해서도 구체적으로 담았다.",https://image.aladin.co.kr/product/101/79/cover500/8995833858_1.jpg, 고성국 지음;배인완 그림, 철수와 영희,2008
사회과학,계속 가보겠습니다,내부 고발 검사 임은정의 첫 번째 단독 저서다. 내부자의 시선으로 검찰의 치부를 세상에 드러내 온 10년의 기록과 다짐이 담겨 있다.,https://image.aladin.co.kr/product/29792/65/cover500/k282838912_1.jpg, 임은정 지음, 메디치미디어,2022
사회과학,블록체인 무엇인가?,"아마존 네트워크 분야 베스트셀러 1위. 중립적 입장에서 비트토인의 원리를 하나하나 차분히 설명한다. 블록체인이 무엇인지, 왜 필요한지, 어떻게 움직이는지. 25단계를 따라가다 보면 사전지식이 없는 일반인들도 어느새 블록체인을 쉽게 이해할 수 있다.",https://image.aladin.co.kr/product/13367/79/cover500/k132532003_1.jpg, 다니엘 드레셔 지음;이병욱 옮김, 이지스퍼,2018
사회과학,보도지침,보도지침 폭로(1986) 30주년을 맞아 언론통제의 검은 역사를 기록한 이 시대의 고발이자 증언이다. <보도지침> 초판(1988)은 국내는 물론 해외에서도 커다란 반향을 불러일으켰던 ‘보도지침 사건’의 1심 재판이 마무리될 때까지의 기록만 담고 있어 보도지침 사건을 온전히 기록하지 못했다.,https://image.aladin.co.kr/product/12486/72/cover500/8974431130_1.jpg, 민주언론시민연합 엮음, 두레,2017
사회과학,(엎치락뒤치락)세계 경제 이야기,"는 각 나라의 경제 부흥과 쇠퇴를 불러온 정책이나 결정 등에 관한 이야기를 담고 있다. 또한 세계화, 지속 가능한 발전, 2008년 금융 위기 이후의 세계 경제 침체 등 오늘날 세계 경제가 직면한 문제들도 다룬다.",https://image.aladin.co.kr/product/10044/23/cover500/k252536779_1.jpg, 석혜원 글;어진선 그림, 풀빛,2017
사회과학,강성태 66일 공부법,"유튜브 1억 7천만뷰 돌파, 대한민국 자타공인 1등 공부 멘토로 자리매김한 강성태 공신닷컴 대표. 십여 년간 교육현장에서 수험생들을 만나온 온 저자는 공신에게는 공부법에 앞서 더 중요한 것이 공부 습관이며 이를 따로 정리해 알려 줄 필요성을 느껴 이 책을 펴냈다.",https://image.aladin.co.kr/product/19522/11/cover500/k672635924_1.jpg, 강성태 글, 다산4.0,2016
사회과학,"오늘부터 제대로, 금융 공부","금융감독원에서 일했던 권오상이 청소년을 위해 쓴 금융 입문서이다. 금융에 관한 35개의 궁금증에 명쾌하게 답함으로써 복잡한 개념을 쉽게 설명한다. 돈의 본질과 빚의 위험 같은 기초적인 상식부터, 금융 시장의 속성, 실물 경제와 금융의 관계 등의 깊이 있는 지식까지 아우른다.",https://image.aladin.co.kr/product/13167/48/cover500/8936458728_1.jpg, 권오상 지음, 창비,2018
사회과학,체 게바라와 여행하는 법,사계절 지식소설 14권. 체 게바라의 이미지를 빌려서 지금 여기의 체 게바라들을 위한 열정과 에너지를 전달한다. 소수자들을 둘러싼 풍경을 통해 우리가 살고 있는 사회상을 생생하게 그려 내는 이 책의 철학적 배경에는 들뢰즈와 가타리가 말하는 소수자 ‘되기’의 철학이 있다.,https://image.aladin.co.kr/product/10635/88/cover500/k152530943_1.jpg, 신승철;이윤경 [공]지음, 사계절,2017
사회과학,트럼프를 당선시킨 PC의 정체,"“트럼프 대통령 당선 일등공신”인 PC의 유래, PC가 미국의 학계, 언론계, 문화계, 정치계에 얼마나 만연해있는지 구체적인 사례들을 들어 소개하고 있으며 트럼프 당선에 지대한 공헌을 한 두 거물 정치인, 힐러리 로덤 클린턴과 버락 후세인 오바마의 발자취를 간략하게 되짚어 보고 있다.",https://image.aladin.co.kr/product/12025/65/cover500/8997871323_1.jpg, 홍지수 지음, 북앤피플,2017
사회과학,비통한 자들을 위한 정치학,"미국 고등교육에 가장 영향력 있는 인물이자, 왕성한 저술과 다양한 강연으로 각계각층의 뜨거운 지지를 얻으며 미국 시민들의 멘토로 추앙받고 있는 사회운동가 파커 J. 파머의 저작이 국내에 출간되었다. 그간 인간미 넘치는 사회를 위한 내면의 노력과 교육의 중요성을 역설해온 저자가 이번에 준비한 테마는 정치, 마음 그리고 민주주의다.",https://image.aladin.co.kr/product/1591/70/cover500/8993905916_1.jpg, 파커 J. 파머 지음;김찬호 옮김, 글항아리,2012
사회과학,수행평가와 채점기준표 개발,"잠재 능력에 대한 학생의 현재 위치를 정확히 추론하기 위해 교사들은 관찰 가능한 증거들을 수집하게 된다. 다양한 평가 도구를 활용하여 관찰 가능한 증거를 수집하는 과정이 곧 평가 활동이다. 교실 상황에 대입해 보면, 교사는 학생의 학습 수행 과정과 결과를 관찰하고 분석하기 위해 다양한 평가 방법을 활용할 수 있다.",https://image.aladin.co.kr/product/12439/17/cover500/k112531654_1.jpg," 김선,반재천,박정 공저", AMEC,2017
사회과학,(교육과정-수업-평가를 일체화하는)과정중심평가,"교육과정, 수업, 평가 영역의 다양한 실천 경험과 사례를 녹여냈다. 평가의 방향이 왜 과정중심평가로 변화하는지, 과정중심평가란 무엇인지에 대해 총괄적으로 설명하고, 과정중심평가를 교육 현장에 적용하기 위한 구체적인 방법을 8가지로 꼼꼼하게 설명한다.",https://image.aladin.co.kr/product/12528/50/cover500/8993879885_1.jpg, 유영식 지음, 즐거운학교,2017
사회과학,태도의 품격,"MIT, 예일대, 마이크로소프트, 푸르덴셜, 보잉 등 일류 기업에서 22년간 비즈니스 매너를 가르쳐온 저자는 비즈니스 현장에서 직접 겪고 연구하며 깨달은 태도의 비밀을 다양한 사례와 함께 이 책에 담았다.",https://image.aladin.co.kr/product/14324/31/cover500/k792532949_1.jpg, 로잔 토머스 지음;서유라 옮김, 다산북스,2018
사회과학,공부의 철학,일본의 사상계를 주도하는 젊은 철학자 지바 마사야가 프랑스 현대 철학을 바탕으로 자신의 경험을 되살려 독자의 인생을 바꿀 만한 ‘공부의 철학’을 제시한다. 공부란 지식 쌓기가 아니라 기존의 환경에 동조하며 살아온 자신의 사고방식에서 벗어나 새로운 환경으로 이동하는 것이라고 강조한다.,https://image.aladin.co.kr/product/13171/7/cover500/k822532515_1.jpg, 지바 마사야 지음;박제이 옮김, 책세상,2018
사회과학,(기대를 현실로 바꾸는)혼자 있는 시간의 힘,,https://image.aladin.co.kr/product/6362/30/cover500/s032831565_1.jpg, 사이토 다카시 지음;장은주 옮김, 위즈덤하우스,2015
사회과학,구글의 아침은 자유가 시작된다,"구글 최고인적자원책임자이자 인사 담당 수석부사장인 라즐로 보크의 책. 저자는 구글이 직원을 어떻게 대우하고 지난 15년간 무엇을 배웠는지 밝히고, 사람을 우선으로 생각하며 일하고 살아가는 방식을 바꾸기 위해 우리가 무엇을 할 수 있는지 실천적인 지침을 곁들여 명쾌한 문체로 풀어낸다.",https://image.aladin.co.kr/product/5833/21/cover500/8925555980_1.jpg, 라즐로 복 지음;이경식 옮김, RHK,2015
사회과학,아프리카의 배터리 킹,"알렉산더 형제가 시작한 월 정액 배터리 서비스 '부로'가 가나의 대표 배터리 브랜드가 되기까지의 여정을 통해 창조적 자본주의의 실현 가능성을 입증하고, 근본적으로 빈곤을 타파하기 위해서는 빈곤층에 대한 진정한 이해와 관심이 필요하다는 점을 말하고 있다.",https://image.aladin.co.kr/product/6873/37/cover500/8952775031_1.jpg, 맥스 알렉산더 지음;박산호 옮김, 시공사,2015
사회과학,(변화의 시작)하루 1%,"200만 부 베스트셀러 저자 이민규 교수의 책. 이 책은 심리학적인 연구와 실험을 근거로, 변화와 혁신이 쉽지 않은 심리학적 이유와 변화를 쉽게 만들어주는 지렛대 15가지 및 실천사례들을 제시하고 있다.",https://image.aladin.co.kr/product/6959/3/cover500/8990856981_1.jpg, 이민규 지음, 끌리는책,2015
사회과학,자유를 향한 머나먼 길,"넬슨 만델라의 드라마 같은 인생 역정을, 치열한 싸움을 통해 인권과 민주주의의 새로운 역사가 만들어지는 과정을, 그리고 그 긴 여정을 통해 한 사람이 어떻게 성숙되고 완성되어가는지를 진솔하고 감동적으로 들려준다.",https://image.aladin.co.kr/product/23434/59/cover500/8974431270_1.jpg, 넬슨 만델라 지음;김대중 옮김, 두레,2020
사회과학,음식천국 노회찬,대한민국의 정치 개혁을 외치던 한국 진보정치의 아이콘 노회찬. 그가 즐겨 가던 맛집에서 소주잔 기울이며 나눈 아주 특별한 ‘노회찬 이야기’를 담은 책이다.,https://image.aladin.co.kr/product/26700/9/cover500/8956451842_1.jpg, 이인우 지음, 일빛,2021
사회과학,NCS 직업기초능력평가 고졸채용,"2021년 공사공단 및 공기업 고졸 채용 시험대비 기본서로, 직업기초능력평가 10개 영역에 대한 핵심이론정리 및 필수유형 예제, 다양한 난도의 핵심예상문제, 출제의도 및 상세한 해설을 수록하여 단기간에 학습 효율을 높일 수 있다.",https://image.aladin.co.kr/product/25318/7/cover500/k202633406_1.jpg, 취업적성연구소 지음, 서원각,2021
사회과학,(고시넷 공기업 고졸채용)NCS 직업기초능력평가 기본서,"NCS 직업기초능력평가 10개 영역의 이론과 문제를 한 권에 완벽 정리하였다. 출제대행사를 통해 시험유형을 파악할 수 있도록 ‘출제대행사별 수주 채용기업’을 수록하였으며, 영역별 출제 유형을 분석하여 최근 출제 경향을 알 수 있도록 구성하였다.",https://image.aladin.co.kr/product/26197/54/cover500/k122738188_1.jpg, 고시넷 NCS 연구소 지음, 고시넷,2021
사회과학,(2021 상반기 고시넷)코레일 NCS 기출문제집,"2021 상반기 코레일(한국철도공사) 필기시험 대비 최신 개정판 교재다. NCS 직업기초능력평가 3개 영역(의사소통능력, 수리능력, 문제해결능력)을 수록하였고, 원안에 가깝게 복원된 2020~2018년 코레일 기출문제(총 13회)를 실었다.",https://image.aladin.co.kr/product/26057/42/cover500/k882737052_1.jpg, 고시넷 NCS 연구소 지음, 고시넷,2021
사회과학,GSAT 삼성직무적성검사 5급 고졸채용 실전모의고사,삼성 2021년 5급 고졸채용에 대비하기 위한 실전모의고사 문제집이다. 삼성 소개부터 채용시험인 GSAT 직무적성검사 실전모의고사 3회분을 수록하여 삼성 채용을 한 권으로 준비할 수 있다. 삼성 GSAT 직무적성검사 문제를 수록하여 실전에 대한 충분한 연습이 가능하다.,https://image.aladin.co.kr/product/26353/72/cover500/k302738025_1.jpg, 취업적성연구소 지음, 서원각,2021
사회과학,GSAT 삼성직무적성검사 5급 고졸채용 실전모의고사,삼성 2021년 5급 고졸채용에 대비하기 위한 실전모의고사 문제집이다. 삼성 소개부터 채용시험인 GSAT 직무적성검사 실전모의고사 3회분을 수록하여 삼성 채용을 한 권으로 준비할 수 있다. 삼성 GSAT 직무적성검사 문제를 수록하여 실전에 대한 충분한 연습이 가능하다.,https://image.aladin.co.kr/product/26353/72/cover500/k302738025_1.jpg, 취업적성연구소 지음, 서원각,2021
사회과학,GSAT 직무적성검사 삼성그룹 5급 고졸채용(2021),"새로운 출제 과목, 기준을 반영하는 동시에 기존 유형에 대한 내용도 포함시켜 어떠한 출제기준에도 대응할 수 있도록 하였다. 각 영역의 출제유형과 대표유형문제, 출제예상문제를 풀어 그 유형을 익히고 실전모의고사를 신유형, 구유형으로 2회 준비하였다.",https://image.aladin.co.kr/product/26868/41/cover500/k402730305_1.jpg, JH적성검사연구소 지음, 미디어정훈,2021
사회과학,GSAT 직무적성검사 삼성그룹 5급 고졸채용(2021),"새로운 출제 과목, 기준을 반영하는 동시에 기존 유형에 대한 내용도 포함시켜 어떠한 출제기준에도 대응할 수 있도록 하였다. 각 영역의 출제유형과 대표유형문제, 출제예상문제를 풀어 그 유형을 익히고 실전모의고사를 신유형, 구유형으로 2회 준비하였다.",https://image.aladin.co.kr/product/26868/41/cover500/k402730305_1.jpg, JH적성검사연구소 지음, 미디어정훈,2021
사회과학,GSAT 직무적성검사 삼성그룹 5급 고졸채용(2021),"새로운 출제 과목, 기준을 반영하는 동시에 기존 유형에 대한 내용도 포함시켜 어떠한 출제기준에도 대응할 수 있도록 하였다. 각 영역의 출제유형과 대표유형문제, 출제예상문제를 풀어 그 유형을 익히고 실전모의고사를 신유형, 구유형으로 2회 준비하였다.",https://image.aladin.co.kr/product/26868/41/cover500/k402730305_1.jpg, JH적성검사연구소 지음, 미디어정훈,2021
사회과학,에너지 버스,전 세계를 놀라게 한 감동 스토리 《에너지 버스》가 50만 부 돌파 특별판으로 새 옷을 입고 다시 찾아왔다. ‘에너지 뱀파이어’들이 득시글한 세상에서 나의 에너지를 지키고 내가 원하는 삶을 살고자 하는 독자들로부터 큰 사랑을 받았던 바로 그 책이다.,https://image.aladin.co.kr/product/21682/30/cover500/8965709431_1.jpg," 존 고든 지음;유영만,이수경 옮김", 쌤앤파커스,2019
사회과학,생각의 비밀,"슈퍼리치 김승호의 드라마틱한 성공 노하우를 담은 책. 이 책은 11개 국가, 1215개의 매장에서 일하는 4000명의 직원들과 손잡고 ‘모두가 행복한 기업’ 만들기에 도전 중인 저자의 생각, 상상력의 비밀을 감동적으로 그려내고 있다.",https://image.aladin.co.kr/product/6654/14/cover500/8997287095_1.jpg, 김승호 지음, 황금사자,2015
사회과학,전자캐드기능사 필기 최근기출문제(2021),"전자캐드기능사 자격을 대비할 수 있는 수험서다. 최근 개정된 출제기준과 기출문제 유형 분석을 통하여 핵심적인 이론 내용을 앞부분에 수록하였다. 이해가 쉽도록 풍부한 삽화 및 일러스트, 회로도 등을 사용하였다.",https://image.aladin.co.kr/product/25756/47/cover500/896676777x_1.jpg, 이태현 지음, 책과상상,2021
사회과학,아픔이 길이 되려면,"사회역학자인 김승섭 교수는 자신의 연구를 통해 차별 경험이 건강에 어떤 영향을 미치는지를 이야기한다. 차별이나 폭력을 겪고도, 말조차 하지 못할 때, 혹은 애써 괜찮다고 생각할 때 실은 우리 몸이 더 아프다는 것을 연구들은 보여준다. 김승섭 교수의 표현을 빌자면 ‘몸은 정직하기 때문’이다.",https://image.aladin.co.kr/product/11765/13/cover500/s132532088_1.jpg, 김승섭 지음, 동아시아,2017
사회과학,다수를 위한 소수의 희생은 정당한가?,"다수를 위한다는 명목으로 소수의 희생을 강요하는 한국 사회의 현실을 폭력, 민주주의, 철학, 세계, 평화라는 주제를 통해 다루며, 더불어 사는 사회를 만들기 위한 해결책을 모색하는 책이다. '인권연대'가 2015년 진행한 <인권교육 직무 연수>의 주요 강의와 질의응답을 엮었다.",https://image.aladin.co.kr/product/8666/79/cover500/8993463921_1.jpg, 표창원 외 글, 철수와영희,2014
사회과학,다수를 위한 소수의 희생은 정당한가?,"다수를 위한다는 명목으로 소수의 희생을 강요하는 한국 사회의 현실을 폭력, 민주주의, 철학, 세계, 평화라는 주제를 통해 다루며, 더불어 사는 사회를 만들기 위한 해결책을 모색하는 책이다. '인권연대'가 2015년 진행한 <인권교육 직무 연수>의 주요 강의와 질의응답을 엮었다.",https://image.aladin.co.kr/product/8666/79/cover500/8993463921_1.jpg, 표창원 외 글, 철수와영희,2014
사회과학,포노 사피엔스,"인문과 공학을 아우르는 통찰과 체계적인 데이터 분석으로 지난 10년간 발생한 급격한 시장 변화를 ‘포노 사피엔스’라는 신인류를 중심으로 풀어냈다. 신인류의 등장과 특징과 그들이 ‘축’이 된 새로운 문명의 실체, 산업군별 시장 변화와 소비행동의 변화, 포노 사피엔스 시대의 성공 전략과 새 시대의 인재상에 대해 진지하게 성찰하고 있다.",https://image.aladin.co.kr/product/18453/67/cover500/8965707692_2.jpg, 최재붕 지음, 쌤앤파커스,2019
사회과학,(10대가 알아야 할)미래 직업의 이동,"ICT 전문가인 저자들이 기술의 발전을 바탕으로 미래가 어떻게 변하는지, 앞으로 어떤 직업이 유망한지, 비전 있는 직업의 주요 특징은 무엇인지를 체계적으로 소개한다. 왜 공부가 필요한지를 명쾌하게 전달함으로써 10대들의 진로 고민에 충실하게 답하고 있다.",https://image.aladin.co.kr/product/25305/87/cover500/k502633305_1.jpg," 박종서,신지나,민준홍 지음", 한스미디어,2020
사회과학,(렛유인)반도체 기출편,"이공계 주요 산업의 직무/전공 이론을 ‘면접 답변 준비’라는 목적에 맞춰 구성한 [한권으로 끝내는 전공·직무 면접] 시리즈의 대표 도서로, 전공·직무 면접을 앞둔 수험생들이 단기간에 효율적으로 학습할 수 있도록 내용을 구성하였다.",https://image.aladin.co.kr/product/28131/56/cover500/s752833156_1.jpg, 여인석 [외]지음, 렛유인,2021
사회과학,심플한 공부법이 이긴다,효과적인 혼공을 위한 책 <심플한 공부법이 이긴다>는 휴학 없이 8개월 만에 사법시험에 합격한 의대생의 공부 기술을 이야기한다. 심플한 공부법에 대한 인터뷰와 문의가 쇄도하면서 그는 자신의 공부법을 정리하여 이 책을 출간했다.,https://image.aladin.co.kr/product/25429/86/cover500/k942633411_2.jpg, 고노 겐토 지음;신은주 옮김, 더퀘스트(길벗),2020
사회과학,돈버릇,"돈버릇이란 돈을 내 편으로 만드는 습관을 가리킨다. 불안정한 금융 시장에서도 흔들리지 않고 통장 속 돈을 불리는 사람, 똑같은 월급을 받아도 더 풍족하게 생활하는 사람의 비밀은 바로 '돈버릇'에 있다. 돈을 벌고 모으고 불리고 쓰는 모든 과정에 돈버릇을 접목하면 부를 쌓을 수 있을 뿐만 아니라 삶의 질 또한 높일 수 있다.",https://image.aladin.co.kr/product/31570/26/cover500/k192832654_1.jpg, 김나연(요니나) 지음, 카멜북스,2023
사회과학,불황의 역사,"지난 200년간 일어난 굵직한 9개의 주요 금융 위기가 정부의 어떤 판단 미스로 일어났는지 사건별로 상세히 분석한다. 예를 들어, 1990년대 1,000개 넘는 은행이 파산한 S&L(저축대부조합) 사건은 정부가 대출자를 지원하려는 선의의 정책에서 비롯됐고, 2008년 금융위기 역시 파생상품의 위험성을 감지하지 못해 규제와 감독을 못한 것이 원인 중 하나라고 말한다.",https://image.aladin.co.kr/product/31556/36/cover500/k472832752_1.jpg, 토머스 바타니안 지음;이은주 옮김, 센시오,2023
사회과학,우아한 관찰주의자,미술은 우리에게 복잡한 상황뿐 아니라 단순해 보이는 상황까지 분석할 기회를 준다. 단순하고 일상적이고 낯익은 상황일수록 특이한 요소를 알아채기가 어렵다. 나이가 들수록 복잡한 세상에 단련된 탓에 낯설고 혁신적이고 긴급한 상황만이 우리의 주의를 끈다. 이제 우리는 경험과 직관에만 의존하고 성공을 좌우할 수 있는 미세한 차이와 세세한 부분은 더 이상 찾아보지 않는다.,https://image.aladin.co.kr/product/31676/20/cover500/8935214167_1.jpg, 에이미 E. 허먼 지음;문희경 옮김, 청림출판,2023
사회과학,나의 돈 많은 고등학교 친구,"30만 베스트셀러 《서울 자가에 대기업 다니는 김 부장 이야기》 시리즈의 송희구 저자가 2년 만에 세상에 내놓은 신작. 전작과 같이 소설 형태를 빌려와 독자들에게 돈과 인생, 부와 행복에 대한 메시지를 전한다.",https://image.aladin.co.kr/product/31515/53/cover500/k842832539_1.jpg, 송희구 지음, 서삼독,2023
사회과학,나는 장사의 신이다,"창업 준비부터 가게 운영, 대박 가게를 만드는 비결까지 저자만의 장사 노하우가 담겨있다. 어렵고 전문적인 용어가 아닌 저자가 현장에서 직접 경험하고, 온몸으로 부딪혀 터득한 비결을 그의 삶 속 이야기에 녹여내어 누구나 쉽고 재미있게 읽을 수 있다.",https://image.aladin.co.kr/product/28427/97/cover500/k092835410_1.jpg, 은현장 지음, 떠오름,2021
사회과학,"메타버스 교육백서. 3: 메타버스 게임과 만나다 - 로블록스, 마인크래프트 에듀케이션편","공부하자.com 카페의 출판 시리즈 메타버스 교육백서 게시판에 구글슬라이드와 유튜브 영상들이 있고, 권별로, 또는 단원별로 볼 수 있다. 책을 구입한 것을 가지고 사진과 함께 등업요청 게시판에 올리시면 인증을 해준다.",https://image.aladin.co.kr/product/29010/17/cover500/k412836427_1.jpg, 김규섭 외 지음, 지오북스,2022
사회과학,몰입,100쇄 출간 기념 합본 에디션. 우연으로 치부할 수 있는 이 특별한 순간을 서울대학교 황농문 교수는 ‘몰입적 사고’라는 독특한 생각법으로 소개한다. 본문은 더 명료한 문장으로 다듬고 사례와 관련 키워드를 지금 상황에 맞게 정리했으며 합본판에 어울리는 고급스러운 양장 디자인으로 소장 가치를 높였다.,https://image.aladin.co.kr/product/24706/49/cover500/8925556286_1.jpg, 황농문 지음, RHK(알에이치코리아),2020
사회과학,유연함의 힘,예상치 못한 장애물을 만났거나 성장을 위해 대인 기술을 개발하고 싶다면 더 이상 고민할 필요가 없다. ‘유연함의 기술’을 적용하면 누구나 성장과 자기 계발의 주인이 될 수 있다. 애쉬포드가 안내하는 성장 여정의 첫 번째 단계는 유연성 강화 목표를 설정하는 것이다.,https://image.aladin.co.kr/product/31629/80/cover500/k922833876_2.jpg, 수잔 애쉬포드 지음;김정혜 옮김, 상상스퀘어,2023
사회과학,"챗GPT, 질문이 돈이 되는 세상","챗GPT의 기능만이 아니라 인공지능이 바꾸어갈 우리의 생활상을 미래의 삶, 미래의 직업, 미래의 교육, 그리고 미래의 사회로 나누어 구체적인 변화를 보여주면서 미래 생존 전략을 제시했다. 달라지는 세상에서의 지식을 재정의하고 직업의식의을 재정의했으며 세대를 재정의했다.",https://image.aladin.co.kr/product/31540/83/cover500/k362832547_1.jpg, 전상훈;최서연 [공]지음, 미디어숲,2023
사회과학,결혼은 모르겠고 돈은 모으고 싶어,"혼자인 삶의 든든한 버팀목이 되어줄 36가지 1인 가구 돈 관리 법칙을 소개한다. 지금 당장 실천할 수 있는 재테크 방법부터, 목돈을 모은 후 주식과 부동산에 투자하는 노하우와 노후를 대비해 큰돈을 굴리는 요령까지 혼자 벌어도 든든한 돈 관리의 모든 것을 담았다.",https://image.aladin.co.kr/product/16598/22/cover500/k412533052_1.jpg, 김경필 지음, 다산북스,2018
사회과학,여행을 바꾸는 여행 트렌드,"다시 문이 열리고, 이제 묵혀두었던 여행가방을 꺼낼 때가 다가오고 있다. 앞으로 우리가 만나게 될 여행은 어떤 모습일까? 사람들은 어떤 여행을 사랑하고 즐기게 될까? 그 변화 속에는 어떤 의미가 숨어 있을까? 모든 궁금증에 대한 답을 이 책에서 만나보자.",https://image.aladin.co.kr/product/29727/53/cover500/k092838498_2.jpg, 김다영 지음, 미래의창,2022
사회과학,어떻게 공부할지 막막한 너에게,"우리의 뇌를 ‘공부 잘하는 뇌’로 구조를 바꾼 뒤 올바른 공부법을 따라 하게 함으로써, 적은 시간 공부하고도 큰 효과를 얻을 수 있게 도와준다. 바버라 교수의 실질적 경험과 공부법을 세계적 뇌과학자인 테런스 세즈노스키 교수가 검증하고 새롭게 연구한 결과가 총망라되어 있다.",https://image.aladin.co.kr/product/27597/74/cover500/k222733827_1.jpg, 바버라 오클리;테런스 세즈노스키;앨리스테어 맥콘빌 [공]지음;백지선 옮김, 북로그컴퍼니,2021
사회과학,스스로 공부 잘하는 법,학생 스스로가 자신을 믿고 공부를 잘해나가는 데 꼭 필요한 환경 만들기라 할 수 있는 ‘자기주도학습의 실천 루틴 61가지’를 담고 있다. 이는 권승호 저자가 오랜 시간 교직 생활을 하며 여러 생각과 연구를 거듭해 몸소 얻어낸 결과물이기에 더욱 값지고 신뢰가 간다.,https://image.aladin.co.kr/product/29863/16/cover500/k312838228_1.jpg, 권승호 지음, 지노,2022
사회과학,10배의 법칙,"흙수저로 태어난 저자가 개인 파산과 마약중독을 극복하고 억만장자로 성공한 비법을 알려주는 책이다. 명문대 졸업장도, 운도 없었던 저자는 어떻게 자수성가로 엄청난 성공을 쌓고 탁월한 기업가, 투자자, 4000억 자산가, 세계적인 동기부여 강연가, 1300만 팬을 거느린 인플루언서가 되었을까?",https://image.aladin.co.kr/product/29168/76/cover500/8960519146_1.jpg, 그랜트 카돈 지음;최은아 옮김, 부키,2022
사회과학,(성공하는 사람들의)7가지 습관,"성공학교과서 25주년 기념 뉴에디션. 짐 콜린스 서문, 코비 가족 헌사, 스티븐 코비의 마지막 인터뷰 추가 수록. 선정 20세기 가장 영향력 있는 경제경영 도서 TOP 10. 간행물윤리위원회 청소년 권장도서.",https://image.aladin.co.kr/product/10826/79/cover500/8934977914_1.jpg, 스티븐 코비 지음;김경섭 옮김, 김영사,2017
사회과학,세계 경제학 필독서 50,필독서 시리즈 7권. 200년 경제학 역사에서 50권의 명저를 엄선해 한 권에 담은 책이 출간됐다. ‘경제학의 아버지’ 애덤 스미스부터 ‘21세기 자본론’ 토마 피케티까지 경제학 역사에서 놓쳐서는 안 될 인물과 그들의 핵심 사상을 담은 대표작을 한 권당 10분이면 이해할 수 있도록 쉽게 설명한 책이다.,https://image.aladin.co.kr/product/31740/47/cover500/k082833802_1.jpg, 톰 버틀러 보던 지음;서정아 옮김, 센시오,2023
사회과학,벤 버냉키의 21세기 통화 정책,"2022년 노벨경제학상 수상자이자 미국 연방준비제도의 의장이었던 벤 버냉키의 내공이 집결된 책이다. 버냉키는 이 책을 통해 20세기 동안 이루어진 통화 정책의 역사를 설명하고, 21세기에 이루어질 통화 정책과 경제의 변화를 예측한다.",https://image.aladin.co.kr/product/31817/8/cover500/k782833411_1.jpg, 벤 S. 버냉키 지음;김동규 옮김, 상상스퀘어,2023
사회과학,회사생활에도 예절이 필요합니다,"급변하는 세상 속에서 공과 사를 구분하며 실적을 쌓으려면 실력만큼이나 인성을 모두 갖추어야 한다. 슬기로운 회사생활을 하려면 함부로 선을 넘는 무개념, 무매너, 무지성을 구분해야 한다.",https://image.aladin.co.kr/product/31675/58/cover500/k682833677_1.jpg, 명대성 지음, 팬덤북스,2023
사회과학,당신의 매력을 브랜딩하라,"이미지 브랜딩에 관한 이론, 성공인에게 배우는 이미지 메이킹, 자신의 이미지를 진단해보는 진단표, 실무에 적용하는 커뮤니케이션과 소통법 등 이미지 브랜딩에 관한 모든 것을 담고 있다. 이 책은 매력적인 이미지 메이킹을 통해 자신의 일과 인간관계에서 성공을 일구도록 실질적이고 친절한 가이드가 되어줄 것이다.",https://image.aladin.co.kr/product/30860/29/cover500/k282831476_1.jpg, 송은영 지음, 보아스,2023
사회과학,모사드,"이스라엘 첩보분야의 최고 전문가 미카엘 바르조하르의 작품. 우리가 어렴풋이 알고 있었고, 반면 전혀 알지 못했던 모사드의 가장 위대한 작전들과 영웅들, 세계 최고 비밀정보기관의 이미지를 추락시키고 기반을 뒤흔든 실패들도 사실에 근거하여 상세히 밝혔다.",https://image.aladin.co.kr/product/2894/76/cover500/8992114877_1.jpg, 미카엘 바르조하르;니심 미샬 [공] 지음;채은진 옮김, 말글빛냄,2013
사회과학,청소년 경제 특강,청소년들의 생활과 경제 지식을 밀착시킨 ‘경제 레시피’라는 콘셉트로 꼭 알아야 할 경제개념과 이론을 자연스럽게 익힐 수 있게 구성하였다. 자신의 경제생활을 되돌아보는 건 물론 스스로 경제생활을 계획할 수 있게 도와준다.,https://image.aladin.co.kr/product/2994/68/cover500/8976776925_1.jpg, 조준현 지음, 명진출판사,2013
사회과학,공부하는 힘,"몰입 전문가 황농문 교수가 전하는 궁극의 학습법. 배우는 사람을 무기력하게 만드는 잘못된 공부법을 바로잡는 출발점이자, 경쟁력을 갖추는 동시에 행복과 자아실현이라는 열쇠를 모두 거머쥐게 하는 책이다.",https://image.aladin.co.kr/product/2941/74/cover500/s842531514_2.jpg, 황농문 지음, 위즈덤하우스,2013
사회과학,대통령의 위트,"밥돌 전 상원의원이 조지 워싱턴 초대 대통령부터 21세기의 첫 대통령에 이르기까지 대통령이 한 이야기, 또는 대통령에 관한 일화 중 자신이 가장 좋아하는 부분을 선별하여 구성한 책. 역대 미국 대통령들의 재치와 유머 뿐만 아니라 정치의 새로운 면 또한 발견할 수 있을 것이다.",https://image.aladin.co.kr/product/2632/7/cover500/8994305033_1.jpg, 밥 돌 지음;김병찬 옮김, 아테네,2013
사회과학,무엇이 청춘을 힘들게 하는가,"어른들은 ‘곱게 자라 배부른 소리한다’ ‘우리 젊었을 때는 아무것도 없어서 더 힘들었다’며 혀를 끌끌 찬다. 이런 이야기를 들을 때면, 우리는 “그래, 내가 열심히 살지 않아서 이렇지.” “더 아끼고 더 부지런히 살아야 해.”라며 자책한다.",https://image.aladin.co.kr/product/2781/62/cover500/896167112x_1.jpg, 허영진 지음, 돋을새김,2013
사회과학,돌아온 외규장각 의궤와 외교관 이야기,"외세에 약탈되어 145년의 유랑을 마치고 우리 곁에 돌아온 외규장각 의궤, 그 반환협상의 최전선에서 실무를 담당했던 외교관 유복렬이 십수 년간 협상에 참여하면서 겪었던 일들을 담은 에세이이다.",https://image.aladin.co.kr/product/2999/59/cover500/899062066x_1.jpg, 유복렬 지음, 눌와,2013
사회과학,행복한 교실을 만드는 희망의 심리학,"김현수 저자는 치유적 대안 학교인 성장 학교 ‘별’을 설립하여 상처받은 아이들과 10여년간 바글바글, 아옹다옹 지내면서 많은 공교육, 대안교육 교사와 함께 교실이라는 현장을 새롭게 이해하고 상처받은 아이들이 모여 함께 성장하는 교육 운동의 새로운 지평을 열고 있다.",https://image.aladin.co.kr/product/1673/94/cover500/8956080100_1.jpg, 김현수 지음, 에듀니티,2012
사회과학,서울대 리더십 강의,,https://image.aladin.co.kr/product/1351/96/cover500/8950933594_1.jpg, 김광웅 지음, 21세기북스,2011
사회과학,뇌기반 자기주도적 학습의 이론과 실제,"이 책은 두뇌와 자기주도적 학습의 관계를 탐색하여 두뇌에 기반한 자기주도적 학습의 방법 및 전략을 내용으로 구성하였으므로, 학부모, 교사, 학생, 교육전문가 등에게 매우 유용할 뿐만 아니라, 실제 사례를 중심으로 구성되어 있어 누구든지 쉽게 이해할 수 있다.",https://image.aladin.co.kr/product/7965/30/cover500/8925410435_1.jpg, 신재한 지음, 교육과학사,2016
사회과학,장학이의 교육이야기,"장학사를 꿈꾸는 선생님과 현직 장학사들에게 전하는 8년간의 교육행정 실천기. 장학사를 꿈꾸는 독자는 실전 노하우를, 현재 장학사인 독자는 업무 계획서 적는 팁과 양식을, 일반 독자는 장학사가 실제로 무슨 일을 하며 교육계에서 어떤 역할을 하는지 배울 수 있다.",https://image.aladin.co.kr/product/7902/35/cover500/k532434831_1.jpg, 이병만 지음, 북랩,2016
사회과학,이토록 공부가 재미있어지는 순간,,https://image.aladin.co.kr/product/28170/33/cover500/k562835560_1.jpg, 박성혁 지음, 다산3.0,2015
사회과학,이토록 공부가 재미있어지는 순간,2015년 2월 출간되어 5년이 넘는 시간 동안 ‘전국 서점 청소년 분야 스테디셀러 1위’를 기록하며 수많은 청소년에게 꿈과 희망을 심어준 책이다. 그 이유는 바로 이 책이 ‘공부의 본질’을 전하기 때문이다.,https://image.aladin.co.kr/product/28170/33/cover500/k562835560_1.jpg, 박성혁 지음, 다산3.0,2015
사회과학,최고의 선택,"숫자에만 밝은 헛똑똑이 리더들을 위한 지적인 철학수업이자, 경영이론서에서는 배울 수 없는 적나라한 현실특강이다. 경영자들이라면 반드시 부딪치게 되는 현실 문제에 대한 답을 철학자의 눈과 입으로 풀어나간다.",https://image.aladin.co.kr/product/16236/24/cover500/8901221802_1.jpg, 김형철 지음, 리더스북,2018
사회과학,민본경제. 1: 따뜻한 마음 냉철한 이성,"“국민은 나라의 근본이니 근본이 든든해야 나라도 평안하다”는《서경》의 ‘민본’ 사상에 기반하여, 실용주의적 관점에서 현재의 경제현실을 분석하고 이를 해결할 수 있는 정책적 대안을 일반 국민의 시각에서 제시하고자 노력하였다.",https://image.aladin.co.kr/product/16234/14/cover500/s502534779_1.jpg, 정창영 지음, 나남,2018
사회과학,10대의 꿈을 실현해주는 진로 코칭,"10대의 진로 지도에 관심을 가지고 있는 학부모, 교사들을 위한 진로 지도서. 진로 코치로 수많은 중고등학생들과 일선 교사들을 만나온 하영목 박사의 저술이다. 그는 단순한 '직업'의 선택을 넘어 '직능'과 '역할' 중심의 매트릭스적 사고를 강조했다.",https://image.aladin.co.kr/product/59/40/cover500/8956051380_1.jpg, 하영목 지음, 북하우스,2007
사회과학,기획서 제안서 작성법,,https://image.aladin.co.kr/product/86/34/cover500/895897057x_2.jpg," 사이토, 마코토 지음;양영철 옮김", 삼양미디어,2008
사회과학,기획서 제안서 작성법,,https://image.aladin.co.kr/product/86/34/cover500/895897057x_2.jpg," 사이토, 마코토 지음;양영철 옮김", 삼양미디어,2008
사회과학,내 안의 빛나는 1%를 믿어준 사람,"선생님의 사랑과 격려를 통해 자신 안에 잠재된 가능성을 모두 발견해낼 수 있었던 사람들의 이야기 모음. 따스한 눈길, 미소, 관심, 신뢰와 같은 평범함이 주는 영향은 뜻밖에도 크다. 지은이는 선생님의 역할이 중요하다는 믿음의 증거를 모으기 위해 이 책을 쓰게 되었다고 한다.",https://image.aladin.co.kr/product/270/84/cover500/8971847891_1.jpg, 제인 블루스틴 지음;도솔 옮김, 푸른숲,2008
사회과학,선생님으로 산다는 것,"20여 년 동안 교단에서 학생들을 가르쳐온 교사의 교육칼럼과 수필을 담은 책. 조선일보, 경향신문, 한겨레신문 등에 기고한 칼럼과 아이들과 함께 울고 웃었던 사연들을 담았다. 책은 어른들의 작은 관심으로 아이들의 마음의 문을 열어 그 속에 커다란 희망을 새기고자 하는 메시지를 담고 있다. 잊혀지지 않은 옛 선생님들의 참모습과 우리나라 교육 현장의 실상도 알려준다.",https://image.aladin.co.kr/product/211/28/cover500/895220882x_1.jpg, 이석범 지음, 살림,2008
사회과학,열공모드,"학생들에게 공부의 본질은 물론 공부의 목적과 의미, 그리고 무엇보다 공부의 매력을 설득력 있게 설명하는 '공부 처방전'. 지은이는 “공부하지 않은 인생은 결코 자유로울 수 없다.”고 힘주어 말한다. 공부를 덜 하는 것이 자유가 아니라 열린 마음으로 공부를 받아들임으로써 깊은 지식을 갖추는 것이 진정한 자유라는 것.",https://image.aladin.co.kr/product/246/33/cover500/8952209702_1.jpg," 사이토, 다카시 지음;황소연 옮김", 살림Friends,2008
사회과학,자녀의 진로지도는 20년을 내다보고 하라,,https://image.aladin.co.kr/product/99/94/cover500/8981341095_1.jpg, 김애련;윤덕균 옮김, 민영사,2007
사회과학,진로탐색과 생애설계,,https://image.aladin.co.kr/product/58/22/cover500/8958911786_1.jpg, 황매향 지음, 학지사,2008
사회과학,윤석철 : 문학에서 경영을 배우다,서울대학교출판문화원의 기획으로 진행된 ‘관악초청강연’은 강연의 현장성을 생생하게 옮기는 데 주력했다. 1부 ‘강연’에 이어 2부에서 이어지는 ‘패널 질문과 토론’에서는 해당 분야의 전문가를 중심으로 구성한 패널들의 날카로운 안목이 돋보인다. 특히 3부 ‘보면서 읽다’에서는 강연자가 직접 제공한 사진과 코멘트를 통해 인물의 인생을 강연과 함께 짚어보며 음미할 수 있도록 하였다.,https://image.aladin.co.kr/product/849/23/cover500/8952111540_1.jpg, 윤석철 지음;서울대학교 관악초청강연 운영위원회 기획, 서울대학교 출판문화원,2011
사회과학,디케의 눈,법과 대중을 가까이 묶기 위한 노력의 일환으로 일반 국민들을 비롯하여 약자와 소수를 위한 법체계가 진정 어떠해야 하는지에 대한 질문을 던진다. 흥미로운 사건과 처리 결과 등 구체적인 사례들을 소개해 일반인들이 쉽게 법에 대해 알 수 있도록 적었다.,https://image.aladin.co.kr/product/201/30/cover500/895820124x_1.jpg, 금태섭 지음, 궁리,2011
사회과학,불황을 넘어서,"'제3물결'을 예견했던 금세기 최고의 미래학자 앨빈 토플러가 최근 닥친 최악의 경제 불황을 진단하고 해법을 모색한다. 돈과 광기가 지배하던 70년대 당시, 「에스콰이어」지에 기고하여 큰 반향을 일으켰던 특집기사 '불황을 넘어서'를 기반으로 하여 2009년 최근 경제위기에 관한 진단까지 추가하여 보완한 저작이다.",https://image.aladin.co.kr/product/321/45/cover500/893520773x_1.jpg, 앨빈 토플러 지음;김원호 옮김, 청림,2009
사회과학,빵 굽는 CEO,"'타워팰리스 사람들의 전용 빵집' 김영모 과자점은 무엇으로 사람들을 사로잡았을까? 사람들은 왜 이 집의 빵을 사러 몰려드는 걸까? 고교 1년 중퇴 후 빵집 보조로 시작, 한국 최고의 빵 장인으로 우뚝 선 김영모의 눈물 젖은 빵 인생, 그리고 빵처럼 맛있는 경영이야기가 담겨 있다.",https://image.aladin.co.kr/product/58/36/cover500/8934919280_1.jpg, 김영모 지음, 김영사,2010
사회과학,들꽃학교 문학시간,"30여 년 동안 중, 고등학교에서 아이들을 가르쳐 온 국어선생님의 대안교육 에세이. 저자가 문학을 사랑하는 소녀들을 가르쳤던 기록이다. 저자는 그동안 제자들과 나눴던 편지들을 들춰내서 제자들의 이야기를 담았다. 이미 마흔이 다 되어가는 제자들의 이야기가 시간을 거슬러 올라간다. 저자 주변을 맴돌던 문학소녀들과 서로 부대끼고 애달파했던 기억이다.",https://image.aladin.co.kr/product/234/94/cover500/8985467662_1.jpg, 이원구 지음, 동연,2008
사회과학,(수준차가 다양한 교실에서의)효율적인 개별화 수업,,https://image.aladin.co.kr/product/448/45/cover500/8925402998_1.jpg, Carol Ann Tomlinson 지음;황윤한;조영임 [공]옮김, 교육과학사,2009
사회과학,명강의를 위한 40가지 이야기,,https://image.aladin.co.kr/product/606/75/cover500/8925403323_2.jpg, 차갑부 지음, 교육과학사,2011
사회과학,강의를 풍요롭게 하는 방법,"독일은 시민교육 활성화를 위해 다양한 교육 방법 모델을 개발했는데 실제 학습 과정에서 활용 가능한 방법이 많다. 이 책은 독일 정치(시민)교육 방법론을 토대로 익힌 방법론을 한국의 교육 현장에 맞게 보완, 수정하여 엮은 책이다.",https://image.aladin.co.kr/product/407/2/cover500/8996266302_1.jpg, 김성학 지음, 새로운디자인,2010
사회과학,스티브 잡스 이야기,"컴퓨터 영화 음악 산업의 아이콘이 된 스티브 잡스의 예측불허 인생을 청소년 눈높이에 맞춰 생생하게 풀어낸 책이다. 미국 컴퓨터 산업의 한 축을 이루고 있는 애플사의 시작과 고난, 그리고 재도약에 이르기까지 스티브의 탁월한 선택과 호기심이 어떻게 작용하는지를 알 수 있다.",https://image.aladin.co.kr/product/598/4/cover500/8976776178_1.jpg, 짐 코리건 지음;권오열 옮김, 명진,2011
사회과학,스티브 잡스 이야기,"컴퓨터 영화 음악 산업의 아이콘이 된 스티브 잡스의 예측불허 인생을 청소년 눈높이에 맞춰 생생하게 풀어낸 책이다. 미국 컴퓨터 산업의 한 축을 이루고 있는 애플사의 시작과 고난, 그리고 재도약에 이르기까지 스티브의 탁월한 선택과 호기심이 어떻게 작용하는지를 알 수 있다.",https://image.aladin.co.kr/product/598/4/cover500/8976776178_1.jpg, 짐 코리건 지음;권오열 옮김, 명진,2011
사회과학,스티브 잡스 이야기,"컴퓨터 영화 음악 산업의 아이콘이 된 스티브 잡스의 예측불허 인생을 청소년 눈높이에 맞춰 생생하게 풀어낸 책이다. 미국 컴퓨터 산업의 한 축을 이루고 있는 애플사의 시작과 고난, 그리고 재도약에 이르기까지 스티브의 탁월한 선택과 호기심이 어떻게 작용하는지를 알 수 있다.",https://image.aladin.co.kr/product/598/4/cover500/8976776178_1.jpg, 짐 코리건 지음;권오열 옮김, 명진,2011
사회과학,(2010년 도전해 볼 만한)이색직업,,https://image.aladin.co.kr/product/638/32/cover500/8960400408_1.jpg, 21세기재테크연구소 지음, 큰방,2010
사회과학,기적을 만드는 공부법,"EBS [공부의 왕도]를 통해 소개된 '최상위권으로 도약하는 전과목 10회독법'으로 최고의 조회 수, 최고의 추천수를 기록한 저자가 평범한 수험생에서 언수외 100이 되기까지의 기적의 수기 및 공부법을 담아 책으로 펴냈다. 수만휘와 EBS를 통해 미처 말하지 못한 그녀의 감동적인 수험 수기와 10회독법을 포함한 그녀만의 특별한 공부 비법 전체를 수록하였다.",https://image.aladin.co.kr/product/841/96/cover500/8956604347_1.jpg, 이연정 지음, 지공신공,2011
사회과학,자기주도학습이 1등급을 만든다,'에듀웰' 시리즈. 인터넷 신문 프레시안에서 인기리에 연재했던 <학원 절대로 가지 마라>를 에세이 식으로 엮은 것이다. 대부분의 학생들이 잘못된 방식으로 공부해 온 것에 안타까워하는 교육자의 마음이 잘 담겨 있다. 특히 사교육의 불필요성을 이야기하며 학원보다 학교수업에 충실한 학생이 오히려 좋은 결과를 얻는다는 것을 강조하고 있다.,https://image.aladin.co.kr/product/843/44/cover500/8926817679_1.jpg, 권승호 지음, 한국학술정보,2010
사회과학,스토리 건배사,"장소별 주제별로 대표적인 105개의 건배사가 담겨 있다. 언제 어디서든 활용이 가능하다. 이제 생일, 결혼, 격려, 성공, 실패, 가족 모임, 회사 모임, 회식, 이벤트, 송년/신년, 부부 모임, 친목 모임, 세대별 모임에 맞는 건배사 사례가 들어 있다. 이 책 한 권을 읽고 나면 이제는 그렇게 피하고만 싶었던 건배사의 순간이 기다려질 것이다.",https://image.aladin.co.kr/product/814/99/cover500/8950927195_1.jpg, 김미경 지음;허달재 그림, 21세기북스,2010
사회과학,나는 이렇게 될 것이다,"변화경영 사상가 구본형이 남긴 604편의 글에서 선별한 60편의 대표 유고작 모음집. 그가 가장 활발하게 집필과 강연, 교육을 하던 2002년부터 2013년 세상을 떠날 때까지 썼던 그의 변화경영 사상의 대표작들을 모은 것이다.",https://image.aladin.co.kr/product/3089/86/cover500/8934964316_1.jpg, 구본형 지음, 김영사,2013
사회과학,내일도 출근하는 딸에게,"유인경 경향신문 부국장이 딸에게 들려줬던 따뜻한 격려와 시원한 조언을 담은 책이다. 거창한 직장 생활 성공법을 가르쳐준다기보다, 직장 생활 초기 가장 필요하지만 상사에게 물어보기에는 어렵고 동료들에게 물어보기에는 애매한, 사소한 태도에 대한 것들을 담았다.",https://image.aladin.co.kr/product/22170/96/cover500/k722636418_1.jpg, 유인경 지음, 위즈덤경향,2014
사회과학,(좀)다르게 살아도 괜찮아,"인생 면면을 고찰한 색다른 인생 오디세이. 사회생활을 할 때, 연인과 가족을 사랑할 때, 지식을 얻고 활용할 때, 다른 사람과 커뮤니케이션할 때, 여가를 보낼 때, 조직을 이끌 때 등 인생의 다양한 순간들에 남과 다른 방식으로 인생을 대하는 방법을 제안한다.",https://image.aladin.co.kr/product/2996/70/cover500/8994612742_1.jpg, 유종필 지음, 메디치미디어,2013
사회과학,"변화의 시작, 비우고 채우기",,https://image.aladin.co.kr/product/3318/59/cover500/1155420608_1.jpg, 박정민 지음, 매경출판(주),2013
사회과학,삼성의 임원은 어떻게 일하는가,"2005년에 발간한 &l;변화경영 7가지 성공법칙> 집필에 참여하면서 지난 10년간 삼성의 경영 방식과 전략을 연구해 온 김종원 저자의 책. 삼성 임원 개개인의 경쟁력은 그들이 생각하고, 행동하는 방법에서 나온다고 저자는 말한다.",https://image.aladin.co.kr/product/3624/34/cover500/8998454246_1.jpg, 김종원 지음, 넥서스BIZ,2014
사회과학,왜 따르는가,"스티브 잡스가 직접 고용해 자신의 멘토로 삼았던 제이 엘리엇. 잡스를 곁에서 직접 경험했던 그가 잡스의 이면을 이야기하고, 특별히 그가 조직 안팎에서 그토록 사람들을 열광시킬 수 있던 비법을 집중적으로 조명한다.",https://image.aladin.co.kr/product/3159/8/cover500/8965960878_1.jpg, 제이 엘리엇;윌리엄 사이먼 [공]지음;이현주 옮김, 흐름,2013
사회과학,왜 팔리는가,"마케터와 기획자는 항상 묻는다. “왜 저 제품은 팔리는데, 우리 것은 안 팔리는가? 무엇 때문일까?” 이것을 한 문장으로 줄이면 ‘왜 팔리는가?’이다. 소비자 입장에서 보면 ‘왜 샀을까?’가 된다.",https://image.aladin.co.kr/product/2862/0/cover500/895462197x_1.jpg, 조현준 지음, 아템포(문학동네),2013
사회과학,이것은 일기가 아니다,"이 시대가 가장 주목하는 ‘탈근대’ 사상가 지그문트 바우만. 이번 책은 그의 일기다. 일기라고 해서 시시콜콜 ‘오늘의 일’에 대해 기록한 것이 아니다. 바우만이 ‘오늘의 사유’에 대해 기록한 책으로, 그의 전신과도 같다.",https://image.aladin.co.kr/product/3316/97/cover500/895707788x_1.jpg, 지그문트 바우만 지음;이택광;박성훈 [공]옮김, 자음과모음(이룸),2013
사회과학,파는 것이 인간이다,"세계적인 미래학자 다니엘 핑크가 제시하는 새로운 시대의 생존 방식. 모두가 세일즈하는 시대의 도래를 진단하고, 새로운 세상에서 우리에게 요구되는 자질은 무엇인지, 어떻게 해야 이 시대를 헤쳐갈 수 있는지에 대한 날카로운 통찰력과 제언이 담긴 책이다.",https://image.aladin.co.kr/product/2956/10/cover500/8935209740_1.jpg, 다니엘 핑크 지음;김명철 옮김, 청림,2013
사회과학,함께 일해요,세계적인 남녀관계 전문가이자 최고의 베스트셀러 작가인 저자는 “도대체 왜 남녀는 한 직장에서 ‘함께’ 일하지 못하는 걸까?” 라는 질문에 반기를 들고 현실적인 방법을 제안한다. 여덟 가지 사각지대를 통해 서로에 대한 잘못된 추정과 견해를 살펴본다.,https://image.aladin.co.kr/product/3247/17/cover500/8984057363_1.jpg, 존 그레이;바바라 애니스 [공]지음;나선숙 옮김, 더난,2013
사회과학,(핵심현장에서)동아시아를 다시 묻다,전작 『동아시아의 귀환』 출간 이후 10여 년이 지나 펴낸 이번 책은 ‘동아시아란 무엇인가’라는 여전히 논쟁적인 질문을 던진다. 동아시아는 기존의 ‘한·중·일 더하기 몇몇 국가’ 식의 고정된 지리 개념이 아니다.,https://image.aladin.co.kr/product/3302/32/cover500/8936482688_1.jpg, 백영서 지음, 창비,2013
사회과학,명작의 경제,저자 조원경은 경제학을 전공하고 20여 년 동안 현 기획재정부에 몸담으며 쌓은 실무경험에 국제금융기구에서 근무한 경험까지 갖추고 있는 경제 전문가다. 이러한 저자의 경력에서 나오는 살아있는 경제지식이 세계의 명작들과 만났다.,https://image.aladin.co.kr/product/3300/9/cover500/8996656992_1.jpg, 조원경 저, 책밭,2013
사회과학,한 권으로 읽는 국부론,,https://image.aladin.co.kr/product/30084/1/cover500/k002839570_1.jpg, 애덤 스미스 지음;안재욱 옮김, 박영사,2022
사회과학,(유수연의)독설,"2012년 2월과 5월 두 차례에 걸쳐 tvN [스타 특강쇼]에 출연하여 젊은이들에게 여과 없는 독설을 퍼부었던 유수연. 오늘의 2030 세대들에게 퍼붓는 유수연의 쓴소리는 달콤한 위로보다 강력하고 진실하며, 진정성을 가지고 폭넓은 공감대를 형성한다.",https://image.aladin.co.kr/product/1789/41/cover500/8960865486_2.jpg, 유수연 지음, 위즈덤하우스,2013
사회과학,일의 기쁨과 슬픔,"사랑, 불안, 여행, 건축, 종교 등 현대인과 관련된 다양한 개념들에 대해 자신만의 논의를 펼치고 있는 알랭 드 보통. 글을 쓰는 일을 직업으로 하고 있는 저자가 다양한 일의 현장을 찾아나서 보고 느낀 것을 르포 형식으로 쓴 에세이다. 그리고 그는 각기 다른 일 안에서 흔히 경제적 개념으로밖에 보지 않는 '일'이 줄 수 있는 기쁨과 일이 우리 삶에 갖는 의미를 면밀하게 파헤친다.",https://image.aladin.co.kr/product/1539/83/cover500/8956605734_1.jpg, 알랭 드 보통 지음;정영목 옮김, 은행나무,2012
사회과학,가장 낮은 데서 피는 꽃,"세계 3대 빈민 도시, 필리핀 톤도의 파롤라 마을. <리딩으로 리드하라>의 저자 이지성은 2012년 초 톤도 교육센터가 제정적 어려움을 이유로 문을 닫게 될지 모른다는 기사를 접한 뒤, 톤도 교육센터를 돕기 위한 대책을 마련하기로 결심했다.",https://image.aladin.co.kr/product/2098/21/cover500/8954619630_1.jpg, 이지성;김종원 지음;유별남 사진, 문학동네,2013
사회과학,뭘 해도 괜찮아,"사계절 지식소설 시리즈 8권. 청소년 독자가 자신을 돌아보도록 하기 위해 지식소설의 형식을 갖추고 있다. 오늘날 청소년들의 상황과 그들이 입는 상처를 인상적으로 묘사하고, 그것을 극복할 수 있도록 심리학의 원리와 지혜를 잘 담아냈다.",https://image.aladin.co.kr/product/2039/67/cover500/8958286407_1.jpg, 이남석 지음, 사계절,2013
사회과학,(우석훈 선대인의)누나를 위한 경제,"‘나는 꼼수다’ 경제편 격인 대한민국 99%를 위한 편파방송 ‘나는 꼽사리다 - 에피소드 1'을 엮은 책. 그동안 방송된 1편부터 10편을 편집한 것으로, 중복된 내용은 덜어내고 흩어진 내용은 한데 모아 주제별로 깔끔하게 정리했다.",https://image.aladin.co.kr/product/1848/0/cover500/8994973095_1.jpg, 우석훈 외 지음, 시사IN북,2012
사회과학,이것이 완전한 국가다,"즐거운 지식 시리즈 24권. 플라톤, 모어, 마르크스와 엥겔스, 헉슬리 등 12인의 정치 사상가들이 꿈꾼 새로운 사회상과 국가론을 소개함으로써 인간에게 가장 좋은 세상이란 어떤 형태인지 고찰한다. 인류 역사 속의 다양한 이상 사회론을 통해 오늘날 우리가 바라는 최선의 국가에 대한 물음을 던지고 있다.",https://image.aladin.co.kr/product/1694/62/cover500/8949187183_1.jpg, 만프레트 마이 지음;아메바피쉬 그림, 비룡소,2012
사회과학,"원피스식, 세계 최강의 팀을 만드는 힘","일본의 국민 만화 원피스 속에서 '동료 파워'를 찾아보는 책. 원피스의 주인공 루피처럼 동료를 모으고, 인연을 맺고, 동료와 함께 큰 꿈을 실현시키는 방법을 연구한다.",https://image.aladin.co.kr/product/2176/57/cover500/8998342006_1.jpg, 야스다 유키 지음;곽지현 옮김, 에이지21,2013
사회과학,나는 내일을 기다리지 않는다,20대 여성이 가장 존경하는 리더 1위. 왜 우리는 발레리나 강수진을 존경하고 만나고 싶어 하는가? 이 책에는 자신의 한계를 매일 높이며 성장을 거듭하고 있는 강수진의 성장에 대한 비밀이 담겨 있다.,https://image.aladin.co.kr/product/2247/46/cover500/8996991309_3.jpg, 강수진 지음, 인플루엔셜,2013
사회과학,세상을 바꾸는 천 개의 직업,"지난 5년간 전 세계 구석구석을 종횡무진하며 만난 재미난 사람들의 이야기, 다가올 미래를 선도할 유망 직업들, 세상을 바꾸고 있는 소셜 비즈니스를 한 데 모아 제시하고, 주눅 든 청춘들에게 희망과 도전정신을 불어넣고자 전국을 돌며 박람회를 개최하는 소셜디자이너 박원순의 [천 개의 직업] 프로젝트를 집대성한 책. 박원순이 완성해낸 1000가지 블루오션 창업 아이템이 낱낱이 공개되며 돈과 남들의 시선에 얽매여 있는 기존의 직업관을 시원하게 뒤엎는 박원순만의 ‘돌연변이 잡종 직업의 세계’가 펼쳐진다.",https://image.aladin.co.kr/product/1313/42/cover500/8954616186_3.jpg, 박원순 지음, 문학동네,2013
사회과학,How to English,"국내파 영어 달인 김현수의 말.글.시험.대회짱 되는 영어 비법을 공개하는 책. 한국에서 태어나 이민이나 유학 경험이 없는데도, 토익.토플.SSAT 만점, IET 대상 4회 수상, World Scholar's Cup 주니어 챔피언, 프랭클린 스펠 이벤트 세계 챔피언이라는 놀라운 성과를 거둔 토종 여중생 김현수가 어렸을 때 접한 영어 환경을 포함하여, 어휘부터 디베이트까지, PELT부터 SSAT까지, IET부터 The World Scholar's Cup까지, 영어에 관한 모든 비법을 샘플과 함께 자세히 들려준다.",https://image.aladin.co.kr/product/1320/89/cover500/898394675x_1.jpg, 김현수 지음, 미래인,2013
사회과학,당신은 전략가입니까,전세계 0.1% 글로벌 리더에게만 허락된 하버드 최고의 전략 강의를 한 권으로 엮은 책. “앞으로 미래는 ‘살아있는 전략가’의 존재 여부로 그 성패가 판가름날 것”이라 조언하며 이 책을 통해 리더 스스로가 진정한 전략가로 탈바꿈될 수 있음을 약속한다.,https://image.aladin.co.kr/product/2353/19/cover500/8901153777_1.jpg, 신시아 A. 몽고메리 지음;이현주 옮김, 리더스북,2013
사회과학,(만화로 보는)경제학의 거의 모든 것,자본주의 탄생부터 전 세계의 경제위기까지 경제학과 경제사상의 흐름을 한 권으로 빠르고 재미있게 정리하는 책. 만화책으로는 이례적으로 뉴욕 타임스와 아마존의 경제 분야 베스트셀러에 오른 이 책은 경제학 초심자를 위한 맞춤책이다.,https://image.aladin.co.kr/product/2416/28/cover500/8992711468_2.jpg, 마이클 굿윈 지음;댄 E. 버 그림;김남수 옮김, 다른,2013
사회과학,어깨동무,"국가인권위원회가 1년여 기간의 기획을 거쳐 완성해낸 인권만화이다. 국가인권위원회는 영화, 동화, 사진집 같은 다양한 매체를 통해 ‘차별’ 없는 세상의 가치를 전파하는 프로젝트를 꾸준히 진행해왔다.",https://image.aladin.co.kr/product/2393/12/cover500/8936472259_1.jpg, 정훈이 외 지음, 창비,2013
사회과학,독서경영,"독서경영을 실시하고 있는 많은 기업들을 직접 탐방하고 조사해서 탄생한 책이다. 기업들이 독서경영을 기업의 경영에 즉시 활용할 수 있도록 구체적이고 현실적인 지침들을 제시함으로써, 의례적인 책 읽기에서 벗어나 경영과 독서를 결합하여 최고의 시너지 효과를 내는 방법을 보여준다.",https://image.aladin.co.kr/product/82/94/cover500/8989313910_1.jpg, 박희준;김용출;황현택 지음, 위즈덤하우스,2006
사회과학,돈보다 소중한 아버지의 선물,"십여 년 전부터 이런 고민을 해온 아버지가 세상에 나설 준비를 하는 아들에게 전하는 이야기. 세상이라는 거친 바다에서 이미 오랜 세월을 보낸 아버지의 진짜 이야기가 언젠가 내 아이에게 필요할 것이라는 생각으로 차곡차곡 준비한 글이요, 아버지의 사랑이다.",https://image.aladin.co.kr/product/2576/18/cover500/8997296272_1.jpg, 이영현 지음, 북스코프,2013
사회과학,용과 춤을 추자,"지금 한국 사회에는 중국이 주변국을 조공국으로 만들 것이라는 신중화질서론, 막연한 소망을 담은 중국붕괴론, 근거 없는 자신감에 기초한 중국기회론 등 수많은 오해들이 난무하고 있다. 중국의 현재와 미래를 정확히 파악하기 위해서는 먼저 중국에 대한 편견들부터 바로잡아야 한다. 중국 정치 권위자 조영남 교수와 함께 10년 후, 20년 후 중국의 미래를 들여다본다.",https://image.aladin.co.kr/product/1781/5/cover500/8937484846_1.jpg, 조영남 지음, 민음사,2012
사회과학,어떻게 흔들리지 않고 살 것인가,삶의 기반이 무너지고 다양한 가치관이 난무하는 이 혼란스러운 시대에 내면의 중심을 잡고 행복한 삶을 살아가도록 돕는 책이다.,https://image.aladin.co.kr/product/6050/78/cover500/8960179477_1.jpg, 크리스 프렌티스;김지영, 판미동(민음인),2015
사회과학,시골빵집에서 자본론을 굽다,"일본 변방 가쓰야마의 작은 시골빵집 다루마리에서 일어난 소리없는 경제혁명 이야기를 다루고 있다. 빵집 다루마리에서 찾아낸 ‘부패하여 순환하는 경제’의 핵심은 발효와 순환, 이윤 남기지 않기, 빵과 사람 키우기, 이 4가지로, 이 모든 것을 지향하며 실천하고 있다.",https://image.aladin.co.kr/product/4150/17/cover500/8994418733_2.jpg, 와타나베이타루 지음;정문주 옮김, 더숲,2014
사회과학,이어령의 가위바위보 문명론,"일본 신조사에서 2005년 4월 간행된 <ジャンケン文明論>을 우리말로 옮긴 것으로, 출간 당시 ‘가위바위보’라는 세 나라의 놀이 문화로 동양은 물론 서양의 역사와 문화, 정치까지 해석하는 기발한 내용이라는 평과 함께 베스트셀러 반열에 올랐다.",https://image.aladin.co.kr/product/6400/77/cover500/8960533734_2.jpg, 이어령, 마로니에북스,2015
사회과학,치사한 공부법,"합격하고 싶다는 열망 하나만으로 책상 앞에서 세월을 보내는 불안한 수험생들과 매번 문턱에서 실패하는 장기 공시생들에게 단기 합격을 위한 가성비 높은 공부 노하우를 제시한다. 공부의 효율을 극대화하는 전략을 생활 관리, 공부법, 마인드 컨트롤 등 다방면에서 알려준다.",https://image.aladin.co.kr/product/7543/0/cover500/8925558408_1.jpg, 이슬기 지음, 알에이치코리아,2016
사회과학,내일의 부. 2: 오메가편,"저자가 직접 지난 수십년 간을 하루도 빼놓지 않고 분석하고, 그 자신이 직접 이 방법으로 투자하고 있으며, 그가 운영하는 다음 카페 ‘JD 부자연구소’에서 회원들이 투자에 활용하고 있고, 큰 효과를 보고 있는 세상에 단 하나뿐인 완벽한 부자 되기 비법이다.",https://image.aladin.co.kr/product/22780/17/cover500/k432636430_1.jpg, 김장섭 지음, 트러스트북스,2020
사회과학,(1타 7피)주식 초보 최고 계략,초보 투자자라도 누구나 그 노하우를 따라 할 수 있도록 일목요연하게 정리했다. 분할한 계좌별로 언제 얼마의 주식을 매수하고 보유하며 매도해야 하는지 친절하게 알려준다.,https://image.aladin.co.kr/product/25400/6/cover500/k392633011_1.jpg, 박성현 지음, 에프엔미디어,2020
사회과학,존리의 금융문맹 탈출,"존 리가 지금까지 진행한 다양한 강연 내용을 모으고, 청중으로부터 받은 질문들에 답한다. 그리고 제대로, 넉넉하게 설명할 기회를 얻지 못했던 ‘금융문맹’이라는 개념에 초점을 맞추어 아직도 금융을 어려워하는 분들에게 금융에 보다 쉽게 접근할 수 있도록 책을 집필했다.",https://image.aladin.co.kr/product/25244/1/cover500/k542633100_1.jpg, 존 리 지음, 베가북스,2020
사회과학,존리의 금융문맹 탈출,"존 리가 지금까지 진행한 다양한 강연 내용을 모으고, 청중으로부터 받은 질문들에 답한다. 그리고 제대로, 넉넉하게 설명할 기회를 얻지 못했던 ‘금융문맹’이라는 개념에 초점을 맞추어 아직도 금융을 어려워하는 분들에게 금융에 보다 쉽게 접근할 수 있도록 책을 집필했다.",https://image.aladin.co.kr/product/25244/1/cover500/k542633100_1.jpg, 존 리 지음, 베가북스,2020
사회과학,이기적 네트워크관리사 1·2급 필기(이론+기출문제)(2021),네트워크관리사 1급과 2급 필기 시험을 준비하는 분들이 효과적으로 시험에 대비할 수 있도록 구성된 도서다.,https://image.aladin.co.kr/product/24421/37/cover500/8931462050_1.jpg, 임호진 지음, 영진닷컴,2020
사회과학,트렌드 코리아 2021,"팬데믹 속에서도 평정심을 유지하자는 뜻, 백신의 기원이 된 소의 해, 현실을 직시하되 희망을 잃지 말자는 의미에서 COWBOY HERO를 2021의 10대 트렌드 키워드로 선정했다. 날뛰는 소를 마침내 길들이는 멋진 카우보이처럼, 시의적절한 전략으로 팬데믹의 위기를 헤쳐나가기를 기원하는 뜻을 담았다.",https://image.aladin.co.kr/product/25208/12/cover500/8959896837_3.jpg, 김난도 외 지음, 미래의창,2020
사회과학,어서와! 공기업은 처음이지?,"공기업 입사를 희망하는 ‘취업준비생’ 및 입사 2년 미만의 신입사원을 위한 ‘공기업 사용 설명서’. 공기업에는 어떤 기업들이 있는지, 그 기업들은 어떤 특성을 갖고 있는지를 알려주고 민간기업과도 비교한 책이다.",https://image.aladin.co.kr/product/22908/94/cover500/8964951565_1.jpg, 임재선 지음, BG북갤러리,2020
사회과학,다가오는 폭풍과 새로운 미국의 세기,"늘날 대부분의 미국인들이 품고 있는 하나의 의문, 즉 어떻게 미국이 이토록 분열되고 혼란스러운 순간에 처하게 되었는가에서 시작되었다. 조지 프리드먼은 2020년대에 미국은 전례 없는 국가적 불화와 분열의 위기에 직면하게 된다고 말한다.",https://image.aladin.co.kr/product/25151/43/cover500/8989566797_1.jpg, 조지 프리드먼 지음;홍지수 옮김, 김앤김북스,2020
사회과학,내가 꿈꾸는 회사가 지구에 없다면,"22살 대학생이 취업 대신 사업을 시작해서 자신들이 원하는 인생을 쟁취하기까지의 과정을 담은 인생 실험기다. 안전한 울타리였던 학교 밖의 사회는 결코 호락호락하지도, 뜻대로 되는 법도 없지만 좋아하는 일을 좋아하는 사람들과 함께하며 자유롭게 일하는 행복을 마음껏 누리고 있다.",https://image.aladin.co.kr/product/25425/28/cover500/8947546410_1.jpg, 박기연 지음, 한국경제신문,2020
사회과학,호모 이밸루쿠스,"수학능력시험 도중에는 항공기 이착륙마저 멈추는 나라. 시험의 난이도는 전 국민의 관심을 받고, 그 결과에 모든 사람이 울고 웃는 나는 평가지배사회 대한민국에 살고 있는 시험 인간, 호모 이밸루쿠스다.",https://image.aladin.co.kr/product/25313/23/cover500/8920037957_1.jpg, 김민주 지음, 지식의날개,2020
사회과학,도대체 페미니즘이 뭐야?,"한국뿐만 아니라 전 세계적으로 매일매일 뉴스와 온라인 게시판을 뜨겁게 달구는 논란의 중심, 페미니즘. 페미니즘이 우리 사회의 중요한 의제로 떠오르면서 다양한 목소리가 쏟아져 나오는 이 시점에, 정확하고 핵심적인 이론을 필요로 할 청소년들을 위해 만들어졌다.",https://image.aladin.co.kr/product/24690/60/cover500/8949152991_1.jpg, 율리아네 프리세 지음;우다민 그림;전은경 옮김, 비룡소,2020
사회과학,팀장의 탄생,페이스북 인턴으로 들어가 3년 만에 팀장이 되고 현재 디자인 부문 부사장을 맡고 있는 줄리 주오가 쓴 ‘변화하는 시대에 초보 팀장이 알아야 할 모든 것’을 다룬 책이다.,https://image.aladin.co.kr/product/25092/75/cover500/k712632857_1.jpg, 줄리 주오 지음;김고명 옮김, 더퀘스트,2020
사회과학,"(30대 흙수저,)기적의 강남 입성기","내 집 마련조차 버겁던 30대 흙수저가 5년 만에 ‘강남 아파트 입성과 건물주’라는 목표를 이룰 수 있었던 비결을 담았다. VIP 전담 자산관리사인 저자 강남흙수저는 상위 1% 부자들을 만나면서 그들이 시장을 읽는 방법과 자세, 그리고 투자원칙에 관한 핵심 비밀을 알게 됐다. 그건 바로 ‘투자의 본질은 확률을 높이는 것에 있다’는 사실이었다.",https://image.aladin.co.kr/product/25101/76/cover500/k752632955_1.jpg," 강남흙수저,부동삶,자수성부 지음", 토네이도,2020
사회과학,코로나19 × 미국대선 그 이후의 세계,"코로나19 팬데믹과 2020 미국 대선 결과가 바꿔놓을 국제질서, 중국과의 패권전쟁, 우리나라 정치, 경제, 외교, 사회 부문의 변화를 전망한다.",https://image.aladin.co.kr/product/25210/57/cover500/8973435264_1.jpg, 김준형 지음, 평단,2020
사회과학,(2021)한국이 열광할 세계 트렌드,세계 각지의 참신한 비즈니스 사례를 발굴하여 세계 경제의 불확실성 속에서 우리 기업들이 어디로 가야 하는지 이정표를 제시하기 위해 기획되었다. 이를 위해 KOTRA에서는 84개국 129개 도시에 소재한 해외무역관 직원들이 현지에서 포착한 최신 비즈니스 사례 34개를 10개의 키워드로 엮어서 이번 책을 출간하게 되었다.,https://image.aladin.co.kr/product/25268/82/cover500/k462633203_3.jpg, KOTRA 지음, 알키,2020
사회과학,법정의 고수,20년 차 변호사인 저자는 사람에 대한 애정과 끊임없는 관찰로 사건을 구성하고 빈틈을 메워나가며 공감과 용기로 사건을 풀어나간다.,https://image.aladin.co.kr/product/25310/33/cover500/k802633307_3.jpg, 신주영 지음, 솔,2020
사회과학,학교에서 가르쳐 주지 않는 노동 이야기,"청소년 노동자들이 충분한 노동 교육을 받지 못한 채 현장 실습을 나가거나 아르바이트를 할 때 예상치 못한 상황들에 잘 대처할 수 있도록 구성했다. 청소년 노동자 스스로 먼저 노동이란 무엇이고, 자신이 찾아야 할 권리가 무엇인지 분명히 알 수 있다.",https://image.aladin.co.kr/product/25037/92/cover500/8968306087_1.jpg, 오승현 글;안다연 그림, 개암나무,2020
사회과학,"아들아, 주식 투자할 때 이것만은 꼭 기억하렴","투자를 좀 해본 엄마이자, 뉴욕 특파원을 거치며 오랫동안 기자로서 성공적인 커리어를 쌓은 한 경제부 기자가 청년 세대를 위해 쓴 주식투자 입문서다. 성인이 된 아들에게 이야기를 들려주듯 주식투자의 기본 태도와 지식, 투자의 요령 등을 조곤조곤 쉽게 풀어썼다.",https://image.aladin.co.kr/product/25040/16/cover500/k732632927_1.jpg, 권성희 지음, 메이트북스,2020
사회과학,진작 아이한테 이렇게 했더라면,"엄마들이 후회를 발판 삼아 아이와 더 잘 지내면서 더 잘 키울 수 있는, 지속 가능하면서도 현실적인 방법과 생생한 사례가 가득 담겨 있다. 23년 차 부모이자 11년 차 부모 교육 전문가인 안정희 저자는 육아에 정답은 없지만 ‘현답’은 있다며, 그 길로 가려면 엄마가 아이와의 본질적인 사랑 회복에 집중해야 한다고 이야기한다.",https://image.aladin.co.kr/product/25073/23/cover500/k532632851_1.jpg, 안정희 지음, 카시오페아,2020
사회과학,(스마트 클래스를 위한)슬기로운 온라인 수업,"슬기로운 교사를 만드는 온라인 원격 수업·스마트 스쿨 가이드북. 변화한 환경에 적응하기 힘들어하는 일선 교사들에게 효율적인 현장 솔루션을 제공함은 물론, 시스템 개선을 고민 중인 교육 당국에 적절한 방향을 제시한다.",https://image.aladin.co.kr/product/25063/37/cover500/8958077662_1.jpg, 김서영 외 지음, 뜨인돌,2020
사회과학,10일만에 배우는 MBA,최근 경영환경 변화에 직면한 국내기업들이 기업 인력양성을 위해 도입하고 있는 MBA 프로그램을 설명한 책. 무한경쟁시대를 살면서 경영관리자들이 오랜 시간과 많은 비용을 투자해야만 얻을 수 있다고 여겨온 까다로운 경영실무지식을 저렴하고도 손쉽게 접근할 수 있도록 한다는 의도에서 씌어졌다.,https://image.aladin.co.kr/product/0/1/cover500/8981200289_1.gif, 스티븐 실비거 지음;김종한;임성규 옮김, 새로운사람들,2002
사회과학,붕어빵에도 족보가 있다,"우리나라 사람들이 좋아하는 거리음식의 역사에 관한 이야기다. 붕어빵에서부터 순대, 떡볶이와 김밥 그리고 족발과 닭발에 이르기까지 재래시장에서, 길거리 포장마차에서 우리가 즐겨먹는 거리음식의 기원과 유래를 추적한다. 그리고 단팥빵과 와플, 찐빵과 호떡, 쫄면과 단무지 등 동네 제과점과 분식집, 구멍가게에서 흔히 볼 수 있는 간식의 역사를 다루고 있다.",https://image.aladin.co.kr/product/849/48/cover500/899650212x_1.jpg, 윤덕노 지음, 청보리미디어,2011
사회과학,워렌 버핏 평전. 1: 인물,"지상 최대의 부자이자 투자 세계의 최고 거인인 워렌 버핏의 거의 모든 역사를 담은 책. 1권은 인물편으로 버핏의 출생과 가족사, 성장 과정 등 개인적인 이력과 버핏과 밀접한 관계를 맺고 있는 주변 인물들의 이야기, 자연인 버핏의 면모를 충분히 살펴볼 수 있는 비공개 에피소드들을 담고 있다.",https://image.aladin.co.kr/product/226/21/cover500/8991141390_3.jpg, 앤드류 킬패트릭 지음;안진환;김기준 옮김, 윌북,2009
사회과학,장인,2010년 스피노자상을 수상한 세계적 석학 리처드 세넷의 신작. 저자는 장인의 모습을 단지 목공이 하는 육체적인 기능으로만 인식하는 것은 아주 편협한 생각이라고 말한다. “만드는 일이 곧 생각의 과정이다”라고 말하며 우리 생각 속 틀에 박힌 장인의 모습을 여지없이 깨뜨린다.,https://image.aladin.co.kr/product/747/77/cover500/8950925575_1.jpg, 리처드 세넷 지음;김홍식 옮김, 21세기북스,2010
사회과학,경제지리 만화 교과서,,https://image.aladin.co.kr/product/323/56/cover500/8960980692_1.jpg, 전국지리교사모임 지음;최명구 그림, 씨앤톡,2009
사회과학,도둑에게 고소당한 알리바바,"어렵고 딱딱하다고 여겨지는 법을 어린이의 눈높이에 맞춰 재미있게 알려주고 있다. 어린이들과는 법은 별 상관이 없어 보이지만, 법을 안다는 것은 무척 중요한 일이다. 사회 속에서 사람이 안전하게 지낼 수 있는 것은 바로 '법'이라는 약속을 지키고 있기 때문이다.",https://image.aladin.co.kr/product/45/40/cover500/893781370x_1.gif, 장수하늘소 지음;김마늘 그림, 아이세움,2010
사회과학,(청소년을 위한)경제의 역사,"이 책은 농경의 시작에서부터 자본주의의 성립까지, 역사를 뒤바꾼 34가지 경제 이야기를 담아낸 청소년 경제 학습서이다. 2003년 독일 청소년 문학상 논픽션 부문 수상작으로 역사를 통해 경제 원리와 개념을 쉽고 재미있게 설명한다.",https://image.aladin.co.kr/product/65/86/cover500/8949190729_2.jpg, 니콜라우스 피퍼 지음;알요샤 블라우 그림, 비룡소,2010
사회과학,(청소년을 위한)경제의 역사,"이 책은 농경의 시작에서부터 자본주의의 성립까지, 역사를 뒤바꾼 34가지 경제 이야기를 담아낸 청소년 경제 학습서이다. 2003년 독일 청소년 문학상 논픽션 부문 수상작으로 역사를 통해 경제 원리와 개념을 쉽고 재미있게 설명한다.",https://image.aladin.co.kr/product/65/86/cover500/8949190729_2.jpg, 니콜라우스 피퍼 지음;알요샤 블라우 그림, 비룡소,2010
사회과학,(우리 앞의)세계화 이야기,"세계화란 무엇인지, 나와는 어떤 연관을 갖는지, 세계화 추세에서 내가 생각해야 할 문제는 어떤 것이 있는지 안내한다. 중국산 콩과 칠레산 오렌지, 인도네시아산 조기로 채워지는 밥상, 5개의 나라가 협력해서 만드는 티셔츠, 보스니아에 세워진 이소룡의 동상 등 경제, 정치, 문화를 넘나드는 세계화 사례를 찾았다.",https://image.aladin.co.kr/product/244/0/cover500/8937844664_1.jpg, 정희용 지음;이현주 그림, 아이세움,2010
사회과학,남자다움에 관하여,"미국 우파 학계의 거물이자 학계와 정치, 언론계의 핵심 요직에 수많은 제자들을 배출한 바 있는 하비 맨스필드의 저작. 맨스필드는 남자다움을 “위험 앞에서의 자기 확신”으로 정의한다. 남자다운 남자는 자기 자신이 중요하다고 생각하는 문제를 쟁점으로 만드는 능력이 탁월하며, 이는 이슈를 만들어 내는 행위 즉, 정치적 행위와 밀접하게 연결된다는 것이 저자의 설명이다.",https://image.aladin.co.kr/product/729/2/cover500/8961570382_1.jpg, 하비 맨스필드 지음;이광조 옮김, 이후,2010
사회과학,될 수 있다 : 자유직업 편,,https://image.aladin.co.kr/product/20/79/cover500/8972781673_1.gif, 이선희 지음, 청년사,2002
사회과학,(내 인생을 특별하게 만들어 줄)멋진 직업,"500가지 국내외 다양한 직업이 수록되어 나에게 딱 맞는 직업을 찾게 해주는 글로벌 직업선택 가이드북. 저자는 직업선택의 기준과 목적을 냉철히 살펴보고, 자신이 진정으로 원하는 직업을 선택해야 한다고 말한다. 일반적으로 널리 알려진 직업을 벗어나 진정한 흥미와 능력, 열정을 발산할 수 있는 멋진 직업을 찾는 방법을 알려준다.",https://image.aladin.co.kr/product/471/65/cover500/8992714467_1.jpg, 캐롤린 보이스 지음;조세형 옮김, 행간,2010
사회과학,궁금해요! 디자이너가 사는 세상,"직업 탐색 보고서 시리즈. '디자이너' 편에서는 디자이너를 꿈꾸는 십대 여학생 두 명이 학교와 현장에서 활발하게 활동하는 디자이너 이나미를 만나 본다. 디자인의 영역 구분이 중요하지 않게 된 오늘날, 삶의 질을 개선하는 모든 것이 ‘디자인’이 된다는 디자이너의 확고한 자기철학이 바탕을 이룬다. 진지하고 명쾌한 답변과 글을 통해, 분야를 막론하고 디자이너란 직업은 화려하고 매력 있다는 막연한 환상을 벗어나 직업인으로서 디자이너의 세계가 한층 현실감 있게 다가온다.",https://image.aladin.co.kr/product/733/8/cover500/8936458108_1.jpg, 이나미;김수현;한솔이 지음, 창비,2010
사회과학,준비가 알차면 직업이 즐겁다,철학자 탁석산이 청소년과 대학생들에게 들려주는 직업에 관한 고찰. 지은이는 직업을 찾기까지 좌충우돌했던 자신의 경험을 밑바탕 삼아 직업과 인생에 대한 이야기를 들려준다. 좋은 직업인이 되려면 구체적으로 어떤 준비를 해야 하는지 살펴본다. 지은이는 우선 나에게 맞는 직업을 찾아 가는 방법으로 세 가지 기준을 제시한다.,https://image.aladin.co.kr/product/482/66/cover500/8936458051_1.jpg, 탁석산 지음, 창비,2011
사회과학,(학교에서 가르쳐 주지 않는)학과 선택법,"인생의 주인공인 본인이 무엇을 하고 싶고, 무엇을 잘하는지를 파악한다면 학과와 직업도 손쉽게 연결될 수 있다. '탐색하기'에서는 진로 탐색을 위한 상담기관, 직업 적성 검사 서비스를 제공하는 곳을 안내한다.",https://image.aladin.co.kr/product/101/81/cover500/8995497580_1.jpg, 강성국;이언영 지음, 케이펍,2007
사회과학,나에게 꼭 맞는 직업을 찾는 책,"이 책은 이 선정한 500대 기업과 삼성, 현대 등 국내 대기업에서 활용하고 있는 MBIT 성격 테스트를 통해, 나에게 꼭 맞는 직업을 찾는 방법을 제시한다. 출판된 지 10여년이 지났지만, 수많은 직업 전문 컨설턴트들과 일반인들에게 꾸준히 읽히고 있는 구직 가이드의 고전이다.",https://image.aladin.co.kr/product/32/89/cover500/898273340x_2.jpg, 폴 D. 티거;바바라 배런-티거 지음;백영미;최석순 옮김, 황금가지,2009
사회과학,(내게 맞는 직업과 전공)너의 꿈은 무슨 색깔이니,"세계에서 가장 많이 쓰이는 성격검사를 통해 성격유형을 진단해 보고, 이상적인 직업과 전공을 찾기위한 가이드북.",https://image.aladin.co.kr/product/32/75/cover500/8988933273_2.jpg, 하영목 지음, 가산출판사,2006
사회과학,국가대표 공학도에게 진로를 묻다,,https://image.aladin.co.kr/product/481/54/cover500/8984980102_1.jpg," YEHS 외, 지음", 생각의나무,2009
사회과학,불편해도 괜찮아,"그동안 법, 양심에 따른 병역거부, 기독교 등의 문제를 종횡무진 파헤쳐온 김두식 경북대 법학전문대학원 교수가 이번에는 ‘인권’을 들고 왔다. “또 인권이야?” 혹은 “인권은 늘 뻔한 소리”라는 섣부른 판단은 금물. 이것은 김두식만이 쓸 수 있는 인권 이야기이기 때문이다. 주지하듯이 김두식 교수는 자타가 공인하는 ‘영화광’이다. 이 책에서 저자는 약 80여편에 이르는 영화, 드라마, 다큐멘터리를 인용하며 촌철살인의 말솜씨로 인권을 맛깔스럽게 풀어내고 있다.",https://image.aladin.co.kr/product/735/82/cover500/8936471899_2.jpg, 김두식 지음, 창비,2011
사회과학,"난, 입학 사정관제로 대학간다!","2011학년도 105개로 늘어난 입학사정관 전형 대학들에 대비하여 주요 49개 대학의 전형 특징 및 입시전략을 수록하였다. 면접 및 구술고사에 대비할 수 있도록 자주 출제되는 질문 예상문제를 선별하여 그에 맞는 예시답안을 수록하였으며, 입학사정관 전형을 준비하는 수험생 및 학부모, 교사들이 참고할 수 있도록 자기소개서, 학업계획서, 추천서 등 모든 관련 자료를 총망라하였다.",https://image.aladin.co.kr/product/757/22/cover500/896473288x_1.jpg, 이향우 지음, 시대교육,2010
사회과학,포트폴리오로 대학가기,"수험생들이 고교생활을 보내면서 교과 및 비교과 활동, 다양한 학교 교육활동 참여, 자기주도적 학습 사례 및 내용, 체험 학습, 자격증과 인증, 미술 활동, 독서·토론·논술 능력 향상을 위한 수험생의 노력과 실적, 신문 활용 교육 등을 포트폴리오로 변형시키고 활용해야하는 방법을 제시한다. 마지막 제10장에서는 대학별 입학사정관제 전형과 깊은 관련이 있는 주요 대학의 자기소개서 양식 및 실제 작성 사례를 10여 가지 이상 소개하였다.",https://image.aladin.co.kr/product/705/53/cover500/8992386494_1.jpg, 이만석 지음, 네오씽크,2010
사회과학,"공부, 피할 수 없다면 즐겨라!","월간 조선에서 오랫동안 인물 탐구를 진행했던 신문기자인 지은이가 공부를 매개로 라이프 스토리를 끄집어냈다. 이 책은 2008년부터 2009년까지 진행한 '명사멘토들의 열공특강'이라는 칼럼을 모아 엮은 것이다. 오랫동안 인물 탐구를 진행해 왔던 지은이가, 많은 사람들이 궁금해하는 각양각층의 명사들을 만나보고 삶과 공부에 대한 생각과 이야기를 담담한 필체로 풀어냈다.",https://image.aladin.co.kr/product/362/65/cover500/8996064998_1.jpg, 김태완 지음, 맛있는공부,2010
사회과학,광고천재 이제석,"최고 권위의 뉴욕 원쇼 페스티벌 최우수상, 광고계의 오스카상이라 불리는 클리오 어워드 동상, 미국광고협회가 수여하는 애디 어워드 금상……. 뉴욕으로 건너간 지 2년만에 세계 유수의 국제 광고제에서 무려 29개의 메달을 휩쓴 한국인 이제석. 이 책은 광고천재라는 별명을 얻은 이제석의 광고 세계와 아이디어 필살기, 뉴욕에서의 삶과 직업정신에 대한 단상을 모두 4개장으로 나눠 다룬다. 다소 거칠고 직설적이지만 유쾌하고 기발한 에피소드와 창의력 넘치는 발상법 등을 고스란히 펼쳐 보인다.",https://image.aladin.co.kr/product/673/13/cover500/895625107x_1.jpg, 이제석 지음, 학고재,2011
사회과학,10명의 사람들이 노무현을 말하다,"이해찬, 한명숙, 유시민, 문성근, 문재인, 이정우, 정찬용, 정연주, 도종환, 박원순 등 10명의 사람들이 노무현을 추억하면서 ‘노무현’이라는 이름에 담긴 시대 정신을 되새긴 기록. 우리 사회의 실천적 지식인, 정치인, 언론인, 시민운동가, 배우, 시인 등 대중적으로도 잘 알려진 민주개혁 인사들과 참여정부 사람들이 ‘노무현의 정신과 가치, 우리사회의 민주주의, 진보의 미래’를 각 분야별로 나누어 이야기한다.",https://image.aladin.co.kr/product/692/11/cover500/8996430501_1.jpg," 이해찬 외, 지음", 오마이북,2010
사회과학,운명이다,"인간 노무현, 인권운동가 노무현, 대통령 노무현의 삶을 한 권의 책으로 읽는다. 고인이 남긴 저서, 미발표 원고, 메모, 편지 등과 각종 인터뷰 및 구술 기록을 토대로 출생부터 서거까지를 일목요연하게 시간순으로 정리하고 일관된 문체로 정리하는 작업을 유시민 전 보건복지부 장관이 맡았다. 또 퇴임 후 서거 직전의 미완성 회고록 노트를 기본으로 문체를 통일하는 작업을 거쳤다.",https://image.aladin.co.kr/product/685/48/cover500/8971993871_1.jpg, 노무현 지음;사람사는세상 노무현재단 엮음, 돌베개,2011
사회과학,십대를 위한 경제학 이야기,"10대를 청소년교양 시리즈 9권. 경제학자가 딸에게 들려주는 형식으로 쓰여진 책으로, 프랑스 비소설부문 장기베스트셀러에 오른 책이기도 하다. 화폐와 은행, 국가의 부, 이자율과 금융 시장들, 국가의 성장과 고용, 범죄에 대한 경제학, 실업과 경제호황, 결혼에 대한 경제학적 이론 등 무미건조해 보이는 경제 원리들과 경제학에 관계된 중요한 문제들을 대화체로 설명한다.",https://image.aladin.co.kr/product/868/58/cover500/8934942010_1.jpg, 앙드레 푸르상 지음;김주경 옮김, 주니어김영사,2011
사회과학,아저씨 도감,"일러스트레이터인 나카무라 루미가 4년간 길거리와 술집, 동네 골목 등 주변에서 마주친 다양한 아저씨들을 관찰하고 취재하여 48가지 유형으로 분류하였다. 출간 5일 만에 아마존닷컴의 재고가 동이 났고, 그해 아마존이 집계한 상반기 베스트셀러 목록에 오른 책이다.",https://image.aladin.co.kr/product/9720/72/cover500/k672535142_1.jpg, 나카무라 루미 지음;이지수 옮김, 윌북,2016
사회과학,하버드 첫 강의 시간관리 수업,"시간의 선택과 집중, 효율적인 일 처리뿐 아니라 인생의 목표와 계획에 이르기까지 하버드 시간관리 프로젝트 연구원들이 하버드 출신들의 사례를 통해 일과 여유로운 삶의 균형을 이루고, 원하는 목표를 실현할 수 있는 비법을 선사한다.",https://image.aladin.co.kr/product/13677/92/cover500/8972773204_1.jpg, 쉬셴장 지음;하정희 옮김, 리드리드,2018
사회과학,완벽한 공부법,"교육학, 인지심리학, 뇌과학, 행동경제학 등이 밝혀낸 이론을 통한 과학적 접근뿐만 아니라 실제 수천 명의 학생 및 직장인들과의 상담을 통해 축적된 실전적 노하우가 함께 녹여져 있다. 공부의 본질에 그 어떤 책보다 가깝게 다가선다.",https://image.aladin.co.kr/product/9860/58/cover500/k652535357_1.jpg," 고영성,신영준 [공]지음", 로크미디어,2017
사회과학,입버릇을 바꾸니 행운이 시작됐다,"자신도 눈치채지 못한 부정적인 입버릇을 깨닫는 방법에서부터 성공과 기회를 부르고 매력적인 사람으로 거듭날 수 있는 53가지 긍정의 주문을 알려준다. 직장, 학교, 일상에서 자주 나타나는 부정적인 말과 행동을 긍정적으로 바꿀 수 있는 대처법과 함께 입버릇의 효과를 극대화할 수 있는 노트 쓰기의 기술도 부록으로 소개한다.",https://image.aladin.co.kr/product/13510/17/cover500/k262532718_1.jpg, 야마나 유코 지음;정은지 옮김, 예문아카이브,2018
사회과학,호모 데우스,"인류는 어디로 갈 것인가. <사피엔스> 저자 유발 하라리의 후속작. 역사의 시간 동안 인류의 가장 큰 과제이던 굶주림, 질병 그리고 전쟁을 밀어내고 그 자리를 차지한 것은 무엇인가? 10만 년간 지속되어온 호모 사피엔스의 믿음을 한순간에 뒤엎은 역사 탐구서이다.",https://image.aladin.co.kr/product/10044/18/cover500/8934977841_2.jpg, 유발 하라리 지음;김명주 옮김, 김영사,2017
사회과학,(문재인의)운명,저자가 처음 노무현 변호사를 만나 함께 노동-인권변호사로 활동하던 시기부터 정치적 파트너로서 뿐만 아니라 친구이자 한 사람의 인간이었던 그들의 30여년 세월 동안의 인연과 그 이면의 이야기를 상세히 기록하고 있다.,https://image.aladin.co.kr/product/10906/22/cover500/k872531268_2.jpg, 문재인 지음, 북팔,2017
사회과학,"총, 균, 쇠",왜 어떤 민족들은 다른 민족들의 정복과 지배의 대상으로 전락하고 말았는가. 왜 원주민들은 유라시아인들에 의해 도태되고 말았는가. 왜 각 대륙들마다 문명의 발달 속도에 차이가 생겨났는가. “인간 사회의 다양한 문명은 어디서 비롯되는가?”라는 의문을 명쾌하게 분석한 명저.,https://image.aladin.co.kr/product/30192/3/cover500/k142839095_1.jpg, 재레드 다이아몬드 지음;김진준 옮김, 문학사상사,2005
사회과학,기획 천재가 된 홍 대리,"기획의 ‘기’자도 모르던 홍대리가 어느 날 갑자기 기획마케팅부로 발령받아 좌충우돌하며 기획의 노하우를 터득하는 과정을 재미있는 소설로 그린 책이다. ‘이거 완전 내 이야기야!’ 하고 무릎을 칠 만큼 공감력이 높은 스토리는 독자로 하여금 마치 홍대리가 자기 자신인 것처럼 몰입하게 만들고, 홍대리에게 주어진 기획의 미션을 풀기 위해 자기도 모르게 집중하게 만든다.",https://image.aladin.co.kr/product/1634/49/cover500/8963708489_1.jpg, 하우석 지음, 다산북스,2012
사회과학,(대한민국 핵심인재를 위한) 기획특강,"실전 기획의 기초부터 전략 에센스까지, 프로강사 김영민이 기획의 모든 노하우를 소개한다. 기획의 개념에서 스킬에 이르는 구체적인 내용을 크고 작은 실습과 게임으로 풀었다. 기획서 작성에 필요한 지식과 역량, 스킬 개발에 대한 내용을 다룬다.",https://image.aladin.co.kr/product/296/10/cover500/8955332947_1.jpg, 김영민 지음, 새로운제안,2009
사회과학,린 인,"구글과 페이스북의 폭발적 성장을 견인한 실리콘밸리의 아이콘 셰릴 샌드버그가 들려주는 여성과 일, 그리고 리더십의 모든 것이 담긴 책. 저자의 2010년 TED 강연에서 못다 풀어낸 ‘여성과 일, 리더십’에 대한 다양한 조언과 자신의 경험을 들려준다.",https://image.aladin.co.kr/product/2670/54/cover500/8937834189_2.jpg, 셰릴 샌드버그 지음;안기순 옮김, 와이즈베리,2013
사회과학,내 이름은 욤비,"욤비 토나 씨는 용케 294명의 문턱을 넘은 난민 가운데 한 명이다. 2002년 여름, 콩고민주공화국에서 정부의 박해를 피해 한국에 왔고 난민 신청을 했다. 난민 인정을 받고 가족들을 다시 만나기까지, 무려 6년이라는 시간이 걸렸다.",https://image.aladin.co.kr/product/2228/18/cover500/8961570641_1.jpg, 욤비 토나;박진숙 [공] 지음, 이후,2013
사회과학,창의융합 콘서트,‘기술(technology)’과 ‘인문(liberal arts)’의 융합을 테마로 지식의 경계를 허물고 차이를 포용하는 관점의 교차를 통해 급변하는 세상에 대한 통찰력과 미래에 대한 혜안을 제공한다.,https://image.aladin.co.kr/product/2853/23/cover500/8901158507_1.jpg, 최재천 외 지음, 엘도라도,2013
사회과학,리더십과 동기부여,"중국의 경영학 전문 잡지 [경영학자(管理學者)]에 경영학사 100년에 빛나는 경영학자들을 소개한 커버스토리를 하나로 엮어 책으로 펴낸 경영학 이론과 인물 시리즈 4권. 강화 이론의 권위자 스키너, 리더십 모델의 권위자 로버트 타넨바움, 웨렌 슈미트, 로버트 블레이크, 제인 모튼, 렌시스 리커트, 폴 허시, 켄 블랜차드, 빅터 브룸, 쿠르트 레빈, 프레드 피들러, 로버트 하우스, 리더십과 변혁의 권위자 존 코터, 성취동기 이론의 권위자 데이비드 맥클레랜드의 이론을 정리했다.",https://image.aladin.co.kr/product/1296/69/cover500/8984454451_1.jpg, 시요우민;무윈우;류원뤼 [공] 엮음;이영주 옮김, 시그마북스,2011
사회과학,학교상담과 생활지도,"최근 10년 동안 일어난 변화들, 즉 관련 법령의 제정 공포, 상담사 양성 및 임용제도, 상담전문기관의 설립, 상담 관련 학회들의 운영과 활동 그리고 새로 나온 상담 이론과 기법들을 가급적 많이 담아내고자 하였다.",https://image.aladin.co.kr/product/438/46/cover500/8963300722_1.jpg, 김계현;김동일;김봉환;김창대;김혜숙;남상인;천성문 공저, 학지사,2009
사회과학,스승,,https://image.aladin.co.kr/product/8/58/cover500/8982871411_1.gif, 오천석 지음, 교육과학사,2008
사회과학,안목,"보는 눈이 왜 중요한지, 무엇을 보아야 하는지 그리고 어떻게 해야 제대로 볼 수 있는지에 대한 답을 제시함으로써 이기는 ‘안목’을 가지는 방법을 알려주는 책. 자신을 온전히 들여다볼 줄 알고, 자신 주변의 관계를 제대로 살피고, 문제가 아닌 목표 등 무엇을 보아야 할지에 대해 다룬다. 또한 눈에 보이는 쓸데없는 것을 통제하고 마음의 눈을 멀게 하는 탐욕 등을 제거함으로써 관심을 효율적으로 관리하고 창의적으로 관찰할 수 있는 방법을 통해 어떻게 제대로 볼 수 있는지에 대해 소개한다.",https://image.aladin.co.kr/product/785/98/cover500/8950926377_1.jpg, 강일수 지음, 21세기북스,2010
사회과학,훈화집,,https://image.aladin.co.kr/product/1453/80/cover500/8975693678_1.jpg, 박춘길 지음, 청연,2005
사회과학,새로운 미래가 온다,하이컨셉 & 하이터치의 시대가 오고 있음을 주장했던 다니엘 핑크의 <새로운 미래가 온다>의 2012년 개정증보판. 자신의 미래를 스스로 책임지는 독립 노동자인 프리에이전트에 대해 언급하여 신선한 충격을 안겨줬던 세계적인 석학 다니엘 핑크는 이 책에서 아주 특별하고 새로운 미래를 선사한다. 저자는 기존에 출간된 미래예측서와는 달리 현재의 실마리를 통해 새로운 미래의 패러다임을 제시하여 고정관념에 빠져 있는 우리의 인식을 전환시켜준다.,https://image.aladin.co.kr/product/1541/71/cover500/8947528250_1.jpg, 다니엘 핑크 지음;김명철 옮김, 한국경제신문,2012
사회과학,축적의 시간,"우리 산업의 당면 문제를 진단하기 위해 객관적이면서 전문적인 의견을 줄 수 있는 26명의 서울대학교 공과대학 교수들을 멘토로 선정하였다. 이들은 모두 국내외 학계를 리드해 왔고, 활발한 산학협력 연구로 산업계의 현실에 대해 누구보다 많은 통찰을 제공해줄 수 있는 우리나라의 멘토들이다.",https://image.aladin.co.kr/product/6671/72/cover500/8993322813_1.jpg, 서울대학교 공과대학 지음, 지식노마드,2015
사회과학,"명견만리. 1: 인구, 경제, 북한, 의료 편","'명견만리'가 다룬 미래 사회의 주요 키워드들을 2편으로 나눈 것 중 그 첫 번째 결과물이다. 이번 1편에서는 인구, 경제, 북한, 의료 문제를, 2편에서는 교육, 기술, 중국, 윤리 문제를 다루고 있다.",https://image.aladin.co.kr/product/8468/10/cover500/k362535362_3.jpg, KBS〈명견만리〉제작진 지음, 인플루엔셜,2016
사회과학,"명견만리. 3: 정치, 생애, 직업 탐구 편","에서는 ‘정치, 생애, 직업, 탐구’ 네 주제를 통해 과거와 확연히 다른 모습으로 다가올 새로운 사회를 조명하고, 내일을 열어가기 위한 인류의 노력과 지혜를 모두 모았다.",https://image.aladin.co.kr/product/10951/46/cover500/k612531467_3.jpg, KBS〈명견만리〉제작팀 지음, 인플루엔셜,2017
사회과학,인공지능이 인간을 죽이는 날,인공지능 유저들이 반드시 알아야 할 인공지능의 메커니즘과 개발회사들의 소비자 대응 매뉴얼을 소개하는 데 초점을 맞추고 있다. 인공지능의 핵심 원리에 관해 과학에 문외한인 일반 독자들도 알기 쉽게 설명하고 있다.,https://image.aladin.co.kr/product/16831/11/cover500/8955335555_1.jpg, 고바야시 마사카즈 지음;한진아 옮김, 새로운제안,2018
사회과학,백성의 무게를 견뎌라,"다산 정약용의 학자이자 법조인으로서 면모에 주목해 그의 생애를 조명하며, 그의 법률관과 법사상, 법을 집행하는 관청에서 활동, 그리고 다산 정약용 저술 가운데 우리나라 최초 판례 연구서로서 가치를 지니는 <흠흠신서>의 내용을 중점적으로 살펴본 책이다.",https://image.aladin.co.kr/product/16871/27/cover500/899006287x_1.jpg, 심재우 지음, 산처럼,2018
사회과학,(중·고교 선생님을 위한)토론 수업 34차시,웬만큼 수업 경력이 있는 교사들도 토론 수업을 할 엄두를 쉽게 내지 못한다. 제대로 하려면 얼마나 많은 공력을 들여야 하는지 잘 알기 때문이다. 이 책은 이런 어려움을 겪는 교사들을 위한 맞춤형 지도서라고 할 수 있다.,https://image.aladin.co.kr/product/10217/49/cover500/8958076267_1.jpg, 배광호 지음, 뜨인돌,2017
사회과학,공감 생활예절,관계의 기본이 되는 생활예절을 쉽고 실천적인 관점에서 정리한다. 성균예절차문화연구소에서 예절과 다도문화를 연구해온 전문 연구진들이 모여 지금의 한국 사회를 살아가는 데 필요한 예의와 교양을 빠짐없이 담았다.,https://image.aladin.co.kr/product/5157/70/cover500/1185346082_1.jpg, 성균예절차문화연구소 지음, 시간여행,2018
사회과학,픽미,"비즈니스 커뮤니케이션 최고의 전문가가 선택 잘 받는 27가지 비밀습관을 소개한다. 세련되고 계산된 자기표현은 원하는 결과를 얻을 확률을 높인다. 자신의 강점과 역량을 키우는 것에서 나아가, 어떻게 디테일의 관리를 통해 잘 보여주느냐를 알려준다. 모든 게 2초 안에 판단되는 세상에, “사람은 천천히 알아가면 돼”를 말해도 공허하기 때문이다.",https://image.aladin.co.kr/product/16839/28/cover500/8970656545_1.jpg, 김범준 지음, 홍익,2018
사회과학,기획서 제안서 작성법,,https://image.aladin.co.kr/product/86/34/cover500/895897057x_2.jpg," 사이토, 마코토 지음;양영철 옮김", 삼양미디어,2008
사회과학,(사례로 배우는)진로 및 직업상담,,https://image.aladin.co.kr/product/58/32/cover500/8958911832_1.jpg," Jane L. Swanson, 외 지음;황매향 옮김", 학지사,2005
사회과학,소금꽃 나무,"하종강의 에 이어 현장의 관점에서 노동문제를 고민코자 하는 후마니타스의 2007년 노동절을 기념 기획물. 권위주의, 민주화, 세계화로 이어지는 공식 역사의 이면에서, 고단한 노동의 현실을 당차게 감당해 낸 한 여성 노동자의 삶과 투쟁이 고스란히 드러나 있다.",https://image.aladin.co.kr/product/91/38/cover500/8990106389_3.jpg, 김진숙 지음, 후마니타스,2008
사회과학,일본은 죽어도 모르는 독도 이야기 88,독도에 대한 역사적.현재적 자료와 기록을 이야기 형식으로 집대성한 책. 독도의 과거와 현재를 한 눈으로 바라볼 뿐만 아니라 독도에 얽힌 일본의 주장과 입장을 상세한 역사적 전거를 바탕으로 비판한다. 독도의 아름다운 사진과 관련 자료들이 풍성하게 실려 있다.,https://image.aladin.co.kr/product/57/89/cover500/8995695900_2.jpg," 이예균,김성호 지음", 예나루,2008
사회과학,그레이트 리셋,"[블룸버그닷컴]에서 선정한 2010년 ‘올해의 비즈니스 도서’. 위기는 피할 수 없는 경제 사이클의 일부이고, 위기를 계기로 우리는 무엇에 문제가 없고, 무엇에는 문제가 있는지 점검할 수가 있다. 그런 점에서 이번 위기는 우리의 더 밝은 미래는 어떠한 모습을 하고 있으며, 그 미래로 더 빨리 나아갈 방법은 무엇인지 생각해볼 수 있는 절호의 기회라고 볼 수 있다. 특유의 위트와 솔직한 화법에 엄격한 연구 분석 결과를 덧붙여 리처드 플로리다는 미래에 대한 낙관적이면서도 이성적인 비전을 제시한다.",https://image.aladin.co.kr/product/839/92/cover500/8962602571_1.jpg, 리처드 플로리다 지음;김민주;송희령 [공]옮김, 비즈니스맵,2010
사회과학,공달신공,"자신만의 창의적인 공부 노하우를 가지고 있는 8인의 공부 달인들을 소개하고 그들의 공부법을 알려준다. 공신들은 공통적으로 하루 24시간의 대부분을 공부만 생각하며, 효율적인 공부법을 찾기 위해 부단히 노력했다. 책에 담긴 공부법을 통해 더 많은 시간을, 더 효율적인 방법으로 공부에 투자할 수 있다면 누구라도 공신이 될 수 있을 것이다.",https://image.aladin.co.kr/product/870/16/cover500/8989897491_1.jpg, 김태광 지음, 하늘아래,2011
사회과학,세상에 환상을 입혀라,"미국 디즈니랜드와 롯데월드와 에버랜드 등 유명 테마파크를 성공적으로 디자인한 니나 안. 그녀의 삶 속에서 특별하고 독특한 성공 키워드를 찾아 책으로 엮었다. 자신의 꿈을 위해 맨땅에 헤딩하듯 미국으로 건너가, 수많은 역경 속에서 결국 인정받는 디자이너가 된 사연과 함께, 니나 안이 밝히는 4가지 성공 키워드를 소개한다.",https://image.aladin.co.kr/product/456/66/cover500/8974426056_1.jpg, 니나 안 지음, 매일경제신문사,2009
사회과학,나는 영원한 대한민국 군인이다,,https://image.aladin.co.kr/product/59/7/cover500/8979197012_1.jpg, 전관 지음, 창해,2005
사회과학,(당하기 전에 꼭 알아야 할)생활법률 상식사전,"일반인을 위한 사례중심의 생활법률 상식책. 저자는 자신의 경험을 살려 초등학교만 나온 사람이라도 이해할 수 있도록 철저하게 사례 중심으로 생활법률을 풀어헤친다. 저자가 이 책을 쓰면서 세운 원칙은 ‘쉽게’ ‘재밌게’ ‘실생활에 도움이 되게’였다. 이를 위해 저자는 수천 건의 판례를 뒤져 일반인들이 가장 많이 맞닥뜨리는 사례를 선별하고, 법률용어와 전문용어는 사례를 설명하는 과정에서 쉽게 이해할 수 있도록 풀이하고 있다.",https://image.aladin.co.kr/product/621/29/cover500/8960862320_1.jpg, 김용국 지음, 위즈덤하우스,2011
사회과학,경제용어상식사전,경제를 정확하게 이해하기 위해서는 먼저 가장 기본적인 경제용어를 정복해야 한다. 이 책은 경제에 문외한일지라도 경제를 보는 안목을 키우고 제대로 이해하는 능력을 향상시킬 수 있도록 꼭 필요한 경제용어를 엄선하여 알기 쉽고 명쾌하게 해설한 경제용어상식사전이다.,https://image.aladin.co.kr/product/485/99/cover500/8960006653_1.jpg, 넥서스콘텐츠개발팀 지음, 넥서스BIZ,2009
사회과학,(마이클 샌델)왜 도덕인가?,"<정의란 무엇인가>로 한국사회에 신선한 돌풍을 일으킨 베스트셀러 작가 하버드대 마이클 샌델 교수가 이번에는 우리에게 보다 근본적이고 중요한 가치인 ‘도덕’을 말한다. 샌델 교수는 아리스토텔레스와 칸트의 철학 전통을 통해 ‘정치, 경제, 사회, 교육, 종교라는 사회를 구성하는 각 분야가 도덕에 기반해야 한다’고 역설한다.",https://image.aladin.co.kr/product/789/11/cover500/8947527750_2.jpg, 마이클 샌델 지음;안진환 옮김, 한국경제신문(한경비피),2010
사회과학,공기업 NCS basic 통합기본서. 대졸,공사공단 채용을 대비하여 공사공단 맞춤형으로 구성하였다. 공사공단 온라인 모의고사를 무료로 응시할 수 있는 쿠폰을 발급하여 공사공단 문제 유형에 대한 연습과 함께 자신의 실력을 최종 점검할 수 있도록 하였다.,https://image.aladin.co.kr/product/30609/8/cover500/k772830618_1.jpg, 엔씨에스NCS직무능력연구소 편저, SD에듀(시대고시기획),2023
사회과학,(2023)에듀윌 코레일 한국철도공사 NCS+전공 봉투모의고사 6+2회,NCS+전공 100% 새 문항! NCS+전공 기출복원 수록! 2022년 4월 / 10월 기출복원 모의고사 3회분+실전모의고사 3회분 수록으로 직업기초능력평가 맞춤형 실전 대비 가능! 전 직렬 기출복원 포함 전공 모의고사 2회분 제공!,https://image.aladin.co.kr/product/30845/18/cover500/k632831471_1.jpg, 에듀윌 취업연구소 지음, 에듀윌,2023
사회과학,(최신판 에듀윌 공기업)한국수력원자력 All NCS 최최종 봉투모의고사,행동과학연구소 유형의 고난도 PSAT형으로 출제되는 한수원 필기시험에 최적화된 문항 구성의 모의고사 3회와 온라인 모의고사 1회분을 제공하여 단기간에 벼락치기가 가능할 수 있도록 하였다.,https://image.aladin.co.kr/product/30275/4/cover500/k072839723_1.jpg, 에듀윌 취업연구소 지음, 에듀윌,2023
사회과학,시대예보,"학벌 인플레이션, 돌봄 과도기, 투명 사회, 과잠 계급, 돌봄 과도기, 효도의 종말, 이연된 보상 등 지금 시대를 살펴본다. 동시에 한국인보다 서울러, 5분 존경 사회, 글로벌 계급장, AI 동료, 권위자와의 직거래, 마이크로 커뮤니티, 미정산 세대 등 앞으로 우리가 맞이할 핵개인 시대를 예보한다.",https://image.aladin.co.kr/product/32462/56/cover500/k942935205_3.jpg, 송길영 저, 교보문고,2023
사회과학,이기적 시간관리,"하늘을 날고 있는 새들이 날갯짓 치지 않으면 추락하듯, 물 위의 오리들이 수면 아래에서 거세게 발놀림하지 않으면 가라앉듯 우리 인생도 마찬가지다. 일생에서 한 번은 폭발적으로 시간을 압축시켜서 전력질주해야 한다. 그렇게 질주한 후에는 그 속도를 유지하기 위해 달려야 한다. 이 모든 일에 필요한 건 결국 ‘시간’이다.",https://image.aladin.co.kr/product/32220/64/cover500/k172834629_1.jpg, 이임복 지음, 천그루숲,2023
사회과학,차가운 자본주의,"반년 만에 40만 경제 유튜버가 된 윤루카스 저자의 《차가운 자본주의》가 개정판으로 출간되었다. 초판 출간 불과 이틀 만에 경제경영 분야 베스트셀러 1위를 달성한 《차가운 자본주의》는 자본주의 시장경제에 대한 저자의 뛰어난 지식과 깊은 통찰은 물론, 세상의 진실에 대한 직설적이고 날카로운 내용으로 수많은 이들의 공감과 지지를 받았다.",https://image.aladin.co.kr/product/32069/40/cover500/k762834992_1.jpg, 윤루카스 지음, RISE(떠오름),2023
사회과학,공부머리의 발견,"유초등기부터 고등기까지 아이의 공부머리와 재능을 알아볼 수 있는 4가지 검사를 제시한다. 아이의 시험 경쟁력을 알아볼 수 있는 공부머리 테스트, 자신의 강점 지능을 파악할 수 있는 다중지능 검사, 멘탈과 마음 근력을 객관적으로 볼 수 있는 회복탄력성 검사, 행동 성향을 파악해서 자신에게 맞는 진로와 공부법을 알 수 있는 DiSC 행동유형 검사가 바로 그것이다.",https://image.aladin.co.kr/product/32228/69/cover500/k842834732_1.jpg, 심정섭 지음, 거인의정원,2023
사회과학,(강원국의)진짜 공부,강원국 작가의 신작 『강원국의 진짜 공부: 10대를 위한 30가지 공부 이야기』가 출간되었다. 강원국은 말하기와 글쓰기를 도구 삼아 성인 독자들을 만나 왔던 전작과 달리 이번 책을 통해 처음으로 청소년 독자에게 공부 이야기를 들려준다.,https://image.aladin.co.kr/product/32115/40/cover500/k832834203_2.jpg, 강원국 지음, 창비교육,2023
사회과학,(10대를 위한)총균쇠 수업,"재레드 다이아몬드의 명저 《총 균 쇠》를 대한민국 청소년들의 눈높이와 니즈에 맞게 해설했다. 역사의 흐름 속 강자와 패자를 결정지은 결정적 비밀, 그리고 한반도가 세계 문명사에서 자리 잡을 수 있었던 이유에 관하여 알아본다.",https://image.aladin.co.kr/product/32319/34/cover500/k972834556_1.jpg, 김정진 지음, 넥스트씨,2023
사회과학,퓨처 셀프,"‘미래의 나는 어떤 모습일까?’라는 질문은 우리가 인생에서 쉽게 놓치는 중요한 진실에 이르게 한다. 즉, 미래의 나와 연결될수록 현재 더 나은 삶을 살게 된다는 것이다. 이 책은 미래의 내가 어떤 모습일지 깊이 생각해보고, 지금 그 사람이 되는 방법을 구체적으로 알려주는 인생 지침서이다.",https://image.aladin.co.kr/product/32354/81/cover500/k342935366_1.jpg, 벤저민 하디 지음;최은아 옮김, 상상스퀘어,2023
사회과학,숫자 사회,여러 나라의 빈곤과 불평등 등 사회 문제를 다룬 ODA 전문가 임의진 저자는 믿을 구석이 돈밖에 없다는 인식이 깔린 한국의 ‘숫자 사회’에서 우리가 얻을 상실값이란 무엇인지를 논한다. 또한 자산 축적에만 온 힘을 쏟고 있는 현시대의 모습은 어디서 왔는지를 낱낱이 파헤쳐보고자 한다.,https://image.aladin.co.kr/product/31891/97/cover500/k252833636_1.jpg, 임의진 지음, Whale Books(웨일북),2023
사회과학,스태그플레이션 2024 경제전망,"세계 경제의 동향과 스태그플레이션의 주요 원인들을 탐구한다. 또한, 윤석렬 정부의 ‘신성장 4.0’ 전략을 포함한 대응 전략과 2024년 산업의 핵심 이슈들을 다룬다. 2024년 경제전망의 키워드는 '상흔점'이다.",https://image.aladin.co.kr/product/32531/70/cover500/k592935025_1.jpg, 김광석 지음, 이든하우스,2023
사회과학,라이프 트렌드 2024 OLD MONEY,국내 유일의 라이프스타일 트렌드 전문 시리즈인 《라이프 트렌드》의 12번째 시즌이 돌아왔다. 이번 《라이프 트렌드 2024: OLD MONEY》에서 가장 핵심이 되는 트렌드는 '올드 머니(Old Money)'다.,https://image.aladin.co.kr/product/32464/8/cover500/8960511331_3.jpg, 김용섭 지음, 부키,2023
사회과학,(단기합격)해커스 NCS,"2018 하반기까지의 출제경향을 철저히 분석 및 반영하였다. 한 권으로 NCS의 모든 것을 대비할 수 있는 통합 기본서로, NCS 기출유형부터 실전모의고사까지 한 번에 끝내는 구성이다. 직업기초능력평가 + 직무수행능력평가 학습 내용을 모두 수록하였다.",https://image.aladin.co.kr/product/17668/0/cover500/8969651217_1.jpg, 김소원 외 저, 해커스공기업,2019
사회과학,(단기합격)해커스 NCS,"2018 하반기까지의 출제경향을 철저히 분석 및 반영하였다. 한 권으로 NCS의 모든 것을 대비할 수 있는 통합 기본서로, NCS 기출유형부터 실전모의고사까지 한 번에 끝내는 구성이다. 직업기초능력평가 + 직무수행능력평가 학습 내용을 모두 수록하였다.",https://image.aladin.co.kr/product/17668/0/cover500/8969651217_1.jpg, 김소원 외 저, 해커스공기업,2019
사회과학,(Light)기출이 답이다! 9급 공무원 공통과목(국어 영어 한국사) 3개년 기출문제집(2019)(Light 기출이 답이다!):국가직/지방직/서울시/사회복지직/주요 공무원 시험 대비,"시행처별로 철저히 분석한 최신기출 출제 리포트를 수록하였다. 언제 어디서나 편리하게 학습할 수 있도록 문제편과 해설편을 분리 구성하였다. 합격을 위한 핵심 테마로 구성한 공통과목 Power 노트와, 시대에듀 공무원 교수진과 함께 하는 최신기출 무료특강을 제공한다.",https://image.aladin.co.kr/product/16321/74/cover500/k582533345_1.jpg, SD 공무원시험연구소 지음, 시대고시기획,2018
사회과학,(Light)기출이 답이다! 9급 공무원 공통과목(국어 영어 한국사) 3개년 기출문제집(2019)(Light 기출이 답이다!):국가직/지방직/서울시/사회복지직/주요 공무원 시험 대비,"시행처별로 철저히 분석한 최신기출 출제 리포트를 수록하였다. 언제 어디서나 편리하게 학습할 수 있도록 문제편과 해설편을 분리 구성하였다. 합격을 위한 핵심 테마로 구성한 공통과목 Power 노트와, 시대에듀 공무원 교수진과 함께 하는 최신기출 무료특강을 제공한다.",https://image.aladin.co.kr/product/16321/74/cover500/k582533345_1.jpg, SD 공무원시험연구소 지음, 시대고시기획,2018
사회과학,(청소년이 꼭 알아야 할)2030 뜨는 직업 지는 직업,"미래를 살아갈 청소년이 반드시 읽고 준비해야 할 직업, 진로 필독서이다. 구체적으로 각 직업에 대한 소개는 물론 그 직업을 갖기 위한 자격 조건과 공부할 수 있는 대학이나 전공학과, 졸업 후 진출하는 분야 등을 알기 쉽게 설명해 놓았다.",https://image.aladin.co.kr/product/16751/10/cover500/k492534566_1.jpg, 최정원 지음, 동아엠앤비,2018
사회과학,팩트풀니스,"전 세계적으로 확증편향이 기승을 부리는 탈진실의 시대에, 막연한 두려움과 편견을 이기는 팩트의 중요성을 일깨우는 세계적 역작이다. ‘느낌’을 ‘사실’로 인식하는 인간의 비합리적 본능 10가지를 밝히고, 우리의 착각과 달리 세상이 나날이 진보하고 있음을 명확한 데이터와 통계로 증명한 통찰을 담았다.",https://image.aladin.co.kr/product/18456/45/cover500/s382636510_1.jpg, 한스 로슬링;올라 로슬링;안나 로슬링 뢴룬드 [같이]지음;이창신 옮김, 김영사,2019
사회과학,지리의 힘,영국 <파이낸셜 타임스>의 터키 특파원과 스카이 뉴스 외교 부문 에디터와 BBC 기자로도 일하는 등 25년 이상 30개 이상의 분쟁 지역을 직접 현장에서 취재하면서 국제 문제 전문 저널리스트로 활동해온 저자가 '지리라는 렌즈'를 통해 세계를 조망한 책이다.,https://image.aladin.co.kr/product/8864/8/cover500/8993178690_2.jpg, 팀 마샬 지음;김미선 옮김, 사이,2016
사회과학,셰일 혁명과 미국 없는 세계,"피터 자이한의 21세기 지정학의 교과서다. 전 세계 모든 곳에서 벌어지고 있는 모든 정치군사, 경제적 사태들이 지정학적 맥락에서 일관되게 설명되고 이해된다. 특히 한국, 중국, 일본의 지정학적 여건에 대해 깊이 있게 다루고 있다. 한국의 미래를 걱정하는 모든 분들에게 이 책의 일독을 권한다.",https://image.aladin.co.kr/product/17970/72/cover500/8989566754_1.jpg, 피터 자이한 지음;홍지수 옮김, 김앤김북스,2019
사회과학,"명견만리. 4: 불평등, 병리, 금융, 지역 편","새로운 시대를 내다보는 밝은 지혜와 과감한 상상력을 나눠온 〈명견만리〉. 이번 《명견만리: 공존의 시대 편》에서는 기울어진 사회 풍경을 조명하고, 인류가 지속 가능하기 위해 필수 불가결한 선택지가 된 ‘공존’과 ‘공생’의 길에 주목했다.",https://image.aladin.co.kr/product/18180/23/cover500/k182534242_1.jpg, KBS<명견만리>제작팀 지음, 인플루엔셜,2019
사회과학,"명견만리. 4: 불평등, 병리, 금융, 지역 편","새로운 시대를 내다보는 밝은 지혜와 과감한 상상력을 나눠온 〈명견만리〉. 이번 《명견만리: 공존의 시대 편》에서는 기울어진 사회 풍경을 조명하고, 인류가 지속 가능하기 위해 필수 불가결한 선택지가 된 ‘공존’과 ‘공생’의 길에 주목했다.",https://image.aladin.co.kr/product/18180/23/cover500/k182534242_1.jpg, KBS<명견만리>제작팀 지음, 인플루엔셜,2019
사회과학,돈 공부는 처음이라,"사람들이 잘못 알고 있는 돈에 대한 상식을 짚어주고, 잘못된 상식으로 지금까지 돈 모으는 데 어려움을 겪던 사람들에게 도움이 되는 정보를 알려준다. 단순히 이론적인 정보만을 알려주는 것이 아니라, 돈 불리는 데 직접적인 도움이 되는 습관을 자산에 따라 4단계로 나누어 소개하여 누구나 따라 할 수 있다.",https://image.aladin.co.kr/product/18418/50/cover500/k852534252_1.jpg, 김종봉;제갈현열 지음, 다산북스,2019
사회과학,앞으로 5년 한국의 미래 시나리오,"앞으로 5년 한국의 상황에 영향을 미칠 대외적 요인과 대내적 요인, 그리고 부동산 시장을 덮칠 큰 변화와 그 속에서 대안적 투자 기회를 잡는 법까지 세밀하게 시나리오를 검토한다. 그리고 방대한 데이터를 분석하여 핵심을 설명하고, 중요한 정보를 알기 쉽게 그림으로 한눈에 알 수 있도록 해서 독자들이 미래를 통찰할 수 있도록 하고 있다.",https://image.aladin.co.kr/product/18020/65/cover500/k572534747_1.jpg, 최윤식;최현식 지음, 지식노마드,2019
사회과학,1日 1行의 기적,"실행력 하나로 180도 다른 삶을 살게 된 노하우를 담았다. 책 한 권 읽지 않던 저자가 1년에 520권을 읽기까지의 비결, 매일 자전거 타기로 15킬로그램을 감량한 다이어트 성공 비법, 재테크 책을 읽고 실행에 옮겨 열흘 만에 토지 입찰에 성공한 사연까지, 공부·운동·재테크 등 다양한 분야에서 실행력을 무기로 성공한 사례가 담겨 있다.",https://image.aladin.co.kr/product/18627/80/cover500/k292635166_1.jpg, 유근용 지음, 비즈니스북스,2019
사회과학,그릿,"2016년 출간 즉시 아마존 베스트셀러 1위에 오르며 교육, 산업, 방송할 것 없이 전세계적으로 신드롬을 일으킨 책 《그릿》이 국내 50만 부 돌파, 150쇄를 기념한 골드 에디션으로 다시 우리를 찾아왔다. 이번 리커버는 고급스러운 하드커버로 소장 가치를 높였다.",https://image.aladin.co.kr/product/30657/56/cover500/k272830938_1.jpg, 앤절라 더크워스 지음;김미정 옮김, 비즈니스북스,2019
사회과학,하버드 행동력 수업,"내가 진정으로 원하는 삶을 살고 싶다면 무엇보다 주어진 시간을 효율적으로 사용할 수 있어야 하며, 생각, 정보, 인간관계 등을 최대한 간소화해야 한다. 나를 찾는다는 것은 곧 나의 꿈을 이룰 수 있는 ‘행동’을 한다는 뜻이다. 이를 위해서는 먼저 행동을 가로막는 장벽부터 깨달아야 한다.",https://image.aladin.co.kr/product/17636/5/cover500/8957369937_1.jpg, 가오위안 지음;김정자 옮김, 가나,2018
사회과학,나는 아마존에서 미래를 다녔다,"아마존의 성장과 성공의 원리를 고스란히 체득해 생생히 담아냈다. 아마존의 14가지 리더십 원칙 같은 경영철학과 주요 성장원리뿐 아니라 아마존 절약정신의 상징인 도어 데스크, 기업 브랜드 광고를 하지 않고 파워포인트를 쓰지 않는 아마존, 사내 이직이 제도화된 아마존 등 이 책을 통해 우리는 내부자만 아는 아마존의 속살을 제대로 엿볼 수 있다.",https://image.aladin.co.kr/product/18415/55/cover500/k242534259_1.jpg, 박정준 지음, 한빛비즈,2019
사회과학,삼성전자의 빅픽처,"반세기만에 세계 1위 반도체 회사, 세계 3위의 이익을 창출하는 전자 ‘제국’ 삼성전자의 저력은 무엇인가? 이 책은 삼성전자라는 대한민국 굴지의 기업을 큰 시야에서 개괄할 뿐만 아니라, IT 업계 전반의 흐름과 경쟁 기업에 관한 정보도 풍부하게 담고 있다.",https://image.aladin.co.kr/product/17968/9/cover500/k402534335_1.jpg, 이재운 지음, 미지biz,2019
사회과학,플랫폼 제국의 미래,"뉴욕대학교 스턴 경영대학원 교수이자, 현재 영미권에서 가장 주목받는 지식인인 스콧 갤러웨이는 이 책에서 지금까지와는 다른 시각으로 이들 기업을 바라볼 필요가 있다고 이야기한다. 저자는 이 회사들이 퍼트리는 신화를 곧이곧대로 받아들이지 않고 의심스러운 눈으로 바라보며 본질적인 질문들을 제기한다.",https://image.aladin.co.kr/product/14215/53/cover500/k692532538_1.jpg, 스콧 갤러웨이 지음;이경식 옮김, 비즈니스북스,2018
사회과학,트렌드 코리아 2019,"12간지의 마지막인 '돼지'의 해를 장식할 <트렌드 코리아 2019>. 지난 한 해의 트렌드를 되짚어보는 2018년 소비트렌드 회고 편과 내년도 트렌드의 흐름을 예상해보는 2019년 소비트렌드 전망 편, 그리고 <트렌드 코리아> 선정 2018 대한민국 10대 트렌드 상품 편으로 구성했다.",https://image.aladin.co.kr/product/17046/71/cover500/8959895520_2.jpg, 김난도 외 지음, 미래의창,2018
사회과학,모바일 트렌드 2019,"한국은 1994년의 세계 최초 CDMA 상용화, 2007년 스마트폰 시대를 연 W-CDMA 상용화, 2011년 세계 최초 LTE 전국망 상용화를 통한 모바일 산업 급성장 등 지난 ‘세대’ 동안 늘 모바일 시장을 선도하는 국가였다. 그리고 지금 5G 시대를 맞이하며, 모바일 기술 선도 국가로서의 위상을 지키기 위해 치열한 싸움을 벌이고 있다.",https://image.aladin.co.kr/product/17110/9/cover500/8959895539_2.jpg, 커넥팅랩 지음, 미래의창,2018
사회과학,(쉽게 배우는)블록체인의 미래,"은행서비스, 사이버보안, 보험, 개인 운송, 자선, 투표, 정부, 사회 보장 시스템, 건강/에너지 관리, 음악, 쇼핑, 부동산 등 사회 모든 분야에서 사용될 블록체인은 단연코 미래를 읽는 기술이라 할 수 있다. 이 책은 블록체인 개념, 용어부터 4차 산업혁명, 블록체인의 미래 전망에 대한 각종 응용분야와 사례를 차례대로 소개한다.",https://image.aladin.co.kr/product/18581/48/cover500/8960882496_1.jpg, 민문희 외 저, 디지털북스,2019
사회과학,특수교육의 이해,"우리나라 특수교육의 변화를 중심으로 최근 외국 특수교육의 흐름에 맞추어 우리나라 특수교육을 이해하기 위한 자료를 제시하고, 앞으로 특수교육의 방향을 논의하는 책이다. 전통적인 특수교육 이론과 최신 특수교육의 전반적인 연구 동향과 그에 따른 실천적 지식을 담아내고 있다.",https://image.aladin.co.kr/product/8224/85/cover500/8999405478_1.jpg, 공주대학교 특수교육연구소 편, 양서원,2012
사회과학,"앞으로 10년, 대한민국 부동산","대한민국 부동산에 불어닥칠 최악의 시나리오를 먼저 점검하고, 미래가 없는 부동산에서는 하루라도 빨리 탈출하기를 권유하며, 최악의 시나리오에서도 살아남을 부동산은 어디인지 알아본다. 또한 최상의 시나리오를 통해 대한민국 부동산의 탈출구는 어디인지 고민한다. 그리고 더하여 최악과 최상의 시나리오에서 모두 살아남을 핵심 지역과 투자 전략을 제시한다.",https://image.aladin.co.kr/product/17851/76/cover500/k482534525_1.jpg, 김장섭 지음, 트러스트북스,2019
사회과학,(인지심리학자 김경일 교수가 제안하는)십 대를 위한 공부 사전,"하우 투(how to)만을 제시하고 강조하는 것이 아닌, 인지심리학이라는 과학적 접근을 통해 인간의 특성을 먼저 파악하고 그 행동을 왜 해야 하는지, 왜 그 방법이 효과가 있는 것인지 등의 구체적인 이유나 근거에 대해 설명해 청소년들이 자신만의 공부법을 찾는 데 실질적인 도움을 준다.",https://image.aladin.co.kr/product/17670/83/cover500/8961771868_1.jpg, 김경일 지음, 다림,2018
사회과학,핵과 인간,"핵이 한반도의 현대사에 어떤 작용을 해왔으며, 국제관계를 어떻게 바꾸어왔는지 알아보기 위해, 1939년 아인슈타인의 편지에서부터 2018년 김정은과 트럼프의 ‘세기의 담판’에 이르기까지 핵과 인간의 약 80년 동안의 상호작용을 면밀히 훑어보았다.",https://image.aladin.co.kr/product/15835/3/cover500/8974839466_1.jpg, 정욱식 지음, 서해문집,2018
사회과학,김영란의 열린 법 이야기,"대한민국 최초의 여성 대법관 김영란이 청소년들에게 ‘정의로운 법, 참여하는 법’에 대해 들려주는 법 교양서이다. 생각하는 열린 법을 말하기 위해, 그는 법의 기원부터 살핀다. 법이 태초에 등장하게 된 배경을 말한 뒤 법이 발전하게 되는 역사적 경로를 차근히 밟아 나간다.",https://image.aladin.co.kr/product/7653/72/cover500/8974747812_1.jpg, 김영란 지음;어진선 그림, 풀빛,2016
사회과학,우리가 몰랐던 노동 이야기,"하종강 성공회대 교수의 노동 인권 이야기. 노동이라고 하면 ‘막노동’을 먼저 떠올리고, 자신이 노동자가 되리라고는 꿈에도 생각하지 못하는 청소년들에게 노동의 진정한 의미와 희망을 전한다.",https://image.aladin.co.kr/product/14334/14/cover500/k332532049_1.jpg, 하종강 지음, 나무야,2018
사회과학,공부에 미친 사람들,지난 10여 년간 선현의 독서법과 공부법을 탐구해온 저자가 동서고금을 통틀어 ‘공부에 미친 사람들’의 삶과 철학을 추적해 그들이 배움의 끝에서 마주한 공부의 기쁨이 무엇인지 그 정수를 모았다.,https://image.aladin.co.kr/product/17889/67/cover500/k102534737_1.jpg, 김병완 지음, 다산북스,2019
사회과학,왜 일하는가,"부도 직전의 중소기업에 간신히 취업해 하루하루 패잔병처럼 살던 한 젊은이가, 세계 100대 기업 중 하나가 된 첨단 전자부품 제조회사를 세워 연매출 16조 원 조직의 총수가 되기까지 60여 년의 시간 동안 마음속에 차곡차곡 담아온 일과 삶에 대한 절절한 고민과 태도를 엮은 책이다.",https://image.aladin.co.kr/product/26913/35/cover500/k102730602_1.jpg, 이나모리 가즈오 지음;김윤경 옮김, 다산북스,2021
사회과학,신의 화살,"2020년, 신은 왜 우리에게 죽음의 화살을 쏘았고, 그 화살은 우리에게 어떤 질문을 남겼는가? 이 질문에 응답하기 위해 의학, 사회학, 역학, 데이터과학, 유전학을 넘나들며 포스트 코로나 시대를 앞둔 우리에게 필요한 지혜를 전한다.",https://image.aladin.co.kr/product/27558/14/cover500/k572733503_1.jpg, 니컬러스 A. 크리스타키스 지음;홍한결 옮김, 윌북,2021
사회과학,일의 격,페이스북에서 일과 삶에 대한 경험과 통찰로 수많은 직업인들에게 공감과 열광적 지지를 받으며 '선한 영향력'을 실천하는 KT 신수정 부사장의 글을 엮은 책이다. 오랜 시간 축적해온 다양한 현장 경험과 수 천권에 달하는 독서의 흔적으로 채워져 있다.,https://image.aladin.co.kr/product/27450/48/cover500/k712733478_1.jpg, 신수정 지음, 턴어라운드,2021
사회과학,일 잘하고 일찍 퇴근하겠습니다,국내 3대 대기업 HRD 부서를 거쳐 현재 IT 기업에서 커뮤니케이션과 교육 업무를 담당하고 있는 저자가 20년간의 실전 경험을 토대로 풀어낸 ‘일 잘하기’ 노하우를 담고 있다. 일에 파묻혀 방향을 잡지 못하는 당신에게 지금 꼭 필요한 책이다.,https://image.aladin.co.kr/product/27685/15/cover500/k062733336_1.jpg, 하하부장 지음, 이야기가있는집,2021
사회과학,코딩 진로,"현직 엔지니어, IT 취업 컨설턴트, HR 담당자 세 사람이 모여 만든 《코딩 진로》는 코딩으로 취업하는 방법에 관해 현업 종사자들이 알려주는 현실적인 조언과 꿀팁으로 가득하다.",https://image.aladin.co.kr/product/26351/98/cover500/k152738023_1.jpg, 류채윤;맹윤호;박민수 [공]지음, 호모루덴스,2021
사회과학,실리콘밸리 리더십,"베테랑 엔지니어링 리더인 마이클 롭은 이 책에 자신의 경험을 총망라했다. 넷스케이프의 관리자, 애플의 고위 관리자 및 임원, 슬랙의 경영자로서 롭이 겪은 실제 경험을 통해 리더십 기술을 쌓는 데 도움을 줄 습관들을 제시한다.",https://image.aladin.co.kr/product/27590/47/cover500/k302733110_1.jpg, 마이클 롭 지음;김정혜 옮김, 한빛미디어,2021
사회과학,비커밍,"예약 판매로 아마존 1위에 오른 올해 최고의 화제작, 미국 최초의 흑인 퍼스트레이디 미셸 오바마의 첫 자서전. 어린 시절 가족의 이야기와 학창 시절, 법률 회사에서 젊은 오바마를 만나 사랑하고 결혼하게 된 과정, 그리고 그 후 미국을 넘어 전 세계인이 주목하는 여성들의 롤모델로 거듭나기까지의 스토리를 솔직하고 유머러스하게 담아냈다.",https://image.aladin.co.kr/product/27644/27/cover500/8901251876_1.jpg, 미셸 오바마 지음;김명남 옮김, 웅진지식하우스(웅진씽크빅),2021
사회과학,(서울 자가에 대기업 다니는)김부장 이야기. 1: 김 부장 편,"언제든 다른 부속품으로 대체될 수 있는 직장생활에 관한 현실을, ‘있는 자’와 ‘없는 자’로 전 국민을 양분화한 대한민국 부동산에 얽힌 이야기를 김 부장, 송 과장, 정 대리, 권 사원 등의 캐릭터를 통해 참으로 적나라하게 팩션 형태로 풀어냈다.",https://image.aladin.co.kr/product/27794/22/cover500/k862734063_1.jpg, 송희구 지음, 서삼독,2021
사회과학,엘리트 세습,"마코비츠 교수는 자신이 마주해온 미국 엘리트 사회가 어떻게 변해왔는지, 그 변화가 미국 사회를 어떻게 바꾸었는지 탁월하게 추적한다.",https://image.aladin.co.kr/product/25453/96/cover500/8984078018_1.jpg, 대니얼 마코비츠 지음;서정아 옮김, 세종서적,2020
사회과학,위대한 시크릿,대표작 《시크릿》으로 세상을 뒤흔들고 수많은 이들의 인생을 성공과 부로 이끌었던 론다 번은 이제 그 성공과 부를 넘어선 완전한 자유와 충만함이 가득한 세계로 당신을 인도한다. 론다 번이 14년간 진지한 마음 탐구와 자기 탐색의 시간을 거쳐 내놓은 신작을 통해서다.,https://image.aladin.co.kr/product/26736/99/cover500/8925588994_2.jpg, 론다 번 지음;임현경 옮김, 알에이치코리아(RHK),2021
사회과학,눈 떠보니 선진국,"저자는 IT 전문가로서 지금 한국 사회가 어느 지점에 와 있는지, 선진국으로 판단할 핵심 지표는 무엇인지, 우리의 사회 시스템은 무엇이 문제이며, 우리나라가 진정한 선진국으로 가기 위해서는 어떻게 변화시켜야 하는지를 다양한 팩트와 인사이트로 날카롭게 짚어낸다.",https://image.aladin.co.kr/product/27569/19/cover500/k542733010_2.jpg, 박태웅 지음, 한빛비즈,2021
사회과학,규제의 역설,"역사와 현실을 종횡무진하며 다양한 규제의 세목과 그 이면들을 살핀다. 수백 년 역사를 넘나들며, 미국, 영국, 프랑스부터 루마니아, 리비아, 베네수엘라, 그리고 대한민국까지 세계 각지의 엉뚱하고 황당한 규제 정책들을 다룬다. ‘하룻밤에 읽는 규제의 역사’라 할 정도로 사례들 하나하나가 흥미진진하다.",https://image.aladin.co.kr/product/24615/24/cover500/k202631271_1.jpg, 최성락 지음, 페이퍼로드,2020
사회과학,우리 국방의 논리,,https://image.aladin.co.kr/product/20714/65/cover500/k532636464_1.jpg, 한용섭 지음, 박영사,2019
사회과학,멀티플라이어,"팀의 역량을 고갈시키는 리더와 팀의 역량을 증폭시켜 뛰어난 성과를 만들어내는 리더의 차이를 분석한 아마존 최장기 베스트셀러 《멀티플라이어》의 개정증보판. 이번 개정증보판에는 전 세계 멀티플라이어의 새로운 사례를 추가했으며, ‘의도치 않은 디미니셔’에 관한 내용과 디미니셔에 대응하는 법을 소개한 2개 장을 새로 수록했다.",https://image.aladin.co.kr/product/17973/99/cover500/8947544426_1.jpg, 리즈 와이즈먼 지음;이수경 옮김, 한국경제신문(한경BP),2019
사회과학,메타버스,메타버스의 기본 개념과 각 영역을 알기 쉽게 실제 IT서비스와 기업의 사례를 들어 소개한다. 인간에게 새로운 기회이자 흥미/재미를 제공하는 뜨는 것들의 세상으로써 메타버스를 보여준다. 반면에 현실세계의 인간에게 영향을 미칠 수 있는 부분에 대해서도 질문과 스토리를 통해 생각해볼 수 있도록 한다.,https://image.aladin.co.kr/product/25795/42/cover500/k432736724_1.jpg, 김상균 지음, 플랜비디자인,2020
사회과학,법의 정신,“가장 넓은 의미에서의 법은 사물의 성격에서 유래하는 필연적 관계다” 하는 유명한 정의로 시작되는'법의 정신'은 프랑스의 위대한 철학자 몽테스키외가 20여 년이라는 오랜 세월에 걸쳐 쓴 필생의 대작이다.,https://image.aladin.co.kr/product/6051/65/cover500/893100950x_1.jpg, 몽테스키외 지음;이재형 옮김, 문예,2015
사회과학,(주식 초보자를 위한 재미있는)주식어휘사전,주식 초보자들이 실패하지 않고 주식시장에 오래 남아 있을 수 있도록 꼭 알아야 할 내용들을 아낌없이 담았다. 특히나 수익을 내기 위해 공부를 하고 싶은데 어떤 것부터 해야 할지 모르는 사람들이 꼭 읽어야 할 책이다.,https://image.aladin.co.kr/product/27308/38/cover500/k732732129_2.jpg, 황족 지음, 메이트북스(원앤원콘텐츠그룹),2021
사회과학,"조 바이든, 지켜야 할 약속",말더듬증으로 친구들에게 놀림받던 작은 체구의 소년에서 2020년 미국 대통령 민주당 후보가 되기까지의 파란만장한 삶. 롤러코스터 같은 거친 여정 끝에 그가 지켜내려는 약속은 무엇인가? 최연소 상원의원에서 최고령 대통령에 도전하기까지 조 바이든의 50년 정치 여정을 조망한다.,https://image.aladin.co.kr/product/25399/50/cover500/8934986646_1.jpg, 조 바이든 지음;양진성;박진서 [공]옮김, 김영사,2020
사회과학,진보와 빈곤,현대지성 클래식 26권. 헨리 조지의 대표작 『진보와 빈곤』의 완역본이다. 궁극적으로 빈부격차를 해소하고 함께 잘사는 사회를 만들기 위해 고심했던 헨리 조지의 사상은 오늘날에도 많은 이들에게 적절한 해결책을 제시해 줄 수 있을 것이다.,https://image.aladin.co.kr/product/19225/27/cover500/k572635102_1.jpg, 헨리 조지 지음;이종인 옮김, 현대지성,2019
사회과학,미래철도 전망 2040,미래 철도기술 발전 로드맵 및 철도 미래상 제시. 기술개발 전략 및 정책수립 자료를 제시하여 철도산업의 글로벌 강화에 기여하고자 집필되었다.,https://image.aladin.co.kr/product/12783/95/cover500/k362532884_1.jpg, 국토교통과학기술진흥원 지음, 진한엠앤비,2017
사회과학,조국의 시간,"2019년 8월 9일, 조국이 법무부장관 후보로 지명된 이후 벌어진 일련의 사태를 정리하고 자신의 솔직한 심정을 기록한 책이다.",https://image.aladin.co.kr/product/27235/46/cover500/8935668664_1.jpg, 조국 지음, 한길사,2021
사회과학,B의 일기. 1,"페미니즘 물결을 이끌어온 《탈코일기》의 후속작. 《탈코일기》가 외형적 코르셋을 벗는 것에 초점을 맞추었다면, 《B의 일기》는 한 걸음 더 나아가 여성들의 심리적·정신적 코르셋으로 작용해온 ‘결혼’ 문제, 정확하게는 ‘비혼’ 이야기를 다룬다.",https://image.aladin.co.kr/product/27319/22/cover500/k232732229_1.jpg, 작가1 지음, 북로그컴퍼니,2021
사회과학,(해커스)쉽게 합격하는 취업 면접,"'5가지 핵심 면접 유형' 및 '10가지 면접 성공 전략'으로 효과적인 면접 정보를 파악할 수 있고, '100가지 실전 면접 질문' 및 'Best & Worst 답변'으로 실전에서 막힘없는 모범 답변을 연습할 수 있다. '20대 대기업.20대 공공기관 면접 기출 질문 리스트'로 기업별 면접 특징 파악 및 맞춤 대비가 가능하다.",https://image.aladin.co.kr/product/23767/63/cover500/s592839304_1.jpg, 신길자;임영찬;주일돈 공저, 챔프스터디,2020
사회과학,1만 시간의 법칙,"이 책은 우리가 천재라고 생각하는 인물들의 사례를 풍부하게 조명함으로써 그들이 1만 시간 동안 어떤 단계를 거쳤으며, 어떤 실천전략으로 성공을 완성했는지 집중 분석한다. 이를 통해 하루아침에 이뤄지는 성공은 없으며 땀 흘리는 ‘절대 시간’과 끈질긴 인내가 대기만성을 위해 필요함을 다시 한 번 깨닫게 될 것이다.",https://image.aladin.co.kr/product/651/8/cover500/8960862371_2.jpg, 이상훈 지음, 위즈덤하우스,2014
사회과학,2030 대담한 미래,2008년 미국에서 시작돼 여전히 전 세계를 불안하게 만들고 있는 글로벌 경제위기는 언제 끝날까? 그리고 이번 위기를 거치며 한국과 세계 판도는 어떻게 바뀔까? 미래학자 최윤식이 5년 동안의 변화를 연구한 결과를 종합했다.,https://image.aladin.co.kr/product/2926/70/cover500/8993322570_1.jpg, 최윤식 지음, 지식노마드,2013
사회과학,가업을 잇는 청년들,"2013년 우수출판기획안 공모 대상작. 모두가 취직을 위해 대도시·대기업을 향해 정신없이 달려갈 때, 자기만의 소신으로 다른 길을 걷는 청년들이 있다.",https://image.aladin.co.kr/product/3360/99/cover500/8996922269_1.jpg, 백창화;장혜원;정은영 [공]글;이진하;정환정 [공]사진, 남해의봄날,2013
사회과학,나는 이렇게 될 것이다,"변화경영 사상가 구본형이 남긴 604편의 글에서 선별한 60편의 대표 유고작 모음집. 그가 가장 활발하게 집필과 강연, 교육을 하던 2002년부터 2013년 세상을 떠날 때까지 썼던 그의 변화경영 사상의 대표작들을 모은 것이다.",https://image.aladin.co.kr/product/3089/86/cover500/8934964316_1.jpg, 구본형 지음, 김영사,2013
사회과학,나스닥으로 가라,"이스라엘의 대표적인 창조경제 기업, 뉴 디멘션 소프트웨어 설립자 로니 A. 에이나브가 기업을 운영하면서 겪은 파란만장한 스토리를 담고 있다. 이스라엘은 어떻게 전 세계 첨단 산업의 리더가 될 수 있었을까? 이 책을 읽으면 그 해답을 얻을 수 있을 것이다.",https://image.aladin.co.kr/product/2997/44/cover500/8998241234_2.jpg, 로니 A. 에이나브 지음;미리암 야힐-왁스 엮음;이원재 옮김, 아라크네,2013
사회과학,대한민국 사생활의 비밀,"지금까지 개인정보라고 하면 주민등록번호나 집 주소, 전화번호, 인터넷 댓글 등 존재를 인식하기 쉬운 것들이라고 생각했다. 이제 개인정보의 우선순위가 바뀌고 있다. 과거에는 상상조차 할 수 없었던 정보들을 수집한다.",https://image.aladin.co.kr/product/3289/82/cover500/8934004029_1.jpg, 김주완;이승우;임원기 [공]지음, 거름,2013
사회과학,런던 비즈니스 책,저자가 런던의 비즈니스 환경을 온몸으로 부대끼면서 런더너의 독특하고 참신한 비즈니스 방식을 씨줄과 날줄로 분석해낸 기록물이다. 이 책은 지금까지 우리가 알고 있던 런던에 대한 상식을 뒤엎는다. 그리고 런던이 뿜어내는 무한한 창조력을 우리에게 보여준다.,https://image.aladin.co.kr/product/3361/56/cover500/899412070x_2.jpg, 박지영 지음, 한빛비즈,2013
사회과학,명문대 포트폴리오,"공부법 멘토링 사이트 ‘공신닷컴’에서 활약하고 있는 대표 공신 3인방의 초.중.고 12년 동안 만들어온 포트폴리오를 담았고, 그 방법을 구체적으로 소개한다. 저자 3인의 경험을 바탕으로 중학교 때부터 인생을 맵핑하고, 진로를 모색하고 입시를 준비할 수 있는 방법을 포트폴리오를 통해 알려주고 있다.",https://image.aladin.co.kr/product/1484/55/cover500/8964561627_1.jpg, 박주홍;이경빈;장호근 [공]지음, 중앙m&b,2012
사회과학,(기업의 매출을 올려주는)바이럴 마케팅,"바이럴 마케팅이 무엇이고, 어떻게 실행하는지, 성공하려면 무엇이 필요한지 등 현장에서 마케터들이 바로 활용할 수 있는 내용들이 담긴 책. 실무에서 어떻게 스토리를 만들고 어떻게 소통해야 감동과 재미를 줄 수 있는지 쉽게 설명한다.",https://image.aladin.co.kr/product/2986/10/cover500/8994502165_1.jpg, 이광성 지음, 생각비행,2013
사회과학,복잡성과의 전쟁,"2009년 갑작스럽게 불어 닥친 세계적 경기 침체로 많은 기업들이 어려움을 겪고 있던 시기에, 미국과 유럽의 기업들을 염두에 두고 집필된 책이다. 당시 많은 미국 기업들이 한국과 같은 신흥 국가의 기업들에게 설 자리를 내주고 도태될 위기에 놓였다.",https://image.aladin.co.kr/product/3300/87/cover500/8991761682_1.jpg, 스티븐 윌슨;안드레이 페루말 [공]지음;김만수;김시정 [공]옮김, W 미디어,2013
사회과학,사람을 위한 경제학,실비아 나사르가 이 책에서 추적하는 것은 경제학자들의 업적이 아니다. 저자는 독특하고도 위대한 하나의 아이디어가 진화하는 과정을 추적한다.,https://image.aladin.co.kr/product/2940/25/cover500/8983716088_1.jpg, 실비아 나사르 지음;김정아 옮김, 반비,2013
사회과학,청년학개론,불투명한 현실을 정면 돌파해 새로운 기회를 찾아내고 꿈의 영토를 확장하는 청년 리더를 위한 지침서. 대한민국 청년의 과거와 현재 그리고 미래를 체계적으로 분석하고 이를 토대로 미래 창조형 인재가 되는 아홉 가지 조건을 제시한다.,https://image.aladin.co.kr/product/3096/61/cover500/8935209805_1.jpg, 이종식 지음, 청림,2013
사회과학,"청춘, 착한 기업 시작했습니다",청년 실업 100만 시대에 좌절 대신 열정과 도전 정신으로 사회적기업을 창업한 청춘 12인이 있다. 열정과 도전 정신으로 똘똘 뭉친 청년 사회적기업가들이 경쾌하면서도 진솔하게 사회적기업가로서의 삶과 고충을 털어놓았다.,https://image.aladin.co.kr/product/3299/43/cover500/8960513547_1.jpg, 이회수 엮음, 부키,2013
사회과학,트렌드 차이나,"김난도 교수와 서울대 소비트렌드분석센터가 중국에 의욕적으로 진출하고 있는 한국의 대표적 소비재기업인 아모레퍼시픽과 CJ제일제당 등의 기업으로부터 최근 중국의 소비트렌드 변화흐름을 분석해달라는 의뢰를 받고, 3년간 진행한 프로젝트를 정리한 결과물이다.",https://image.aladin.co.kr/product/3161/98/cover500/8954621775_2.jpg, 김난도;전미영;김서영 [공]지음, 오우아(문학동네),2013
사회과학,(명문대가 좋아하는)포트폴리오는 따로 있다,"수시 전형의 비중이 높아지는 대입의 흐름이 어떻게 진행될 것인지를 조망하고, 대학이 인재 선발을 하는 데 각자의 독자성을 인정해주는 ‘입학사정관제’의 의미와 그 안에서 학생들이 원하는 대학에 합격하기 위한 최적의 솔루션을 제공하는 책이다.",https://image.aladin.co.kr/product/2415/38/cover500/8964710789_1.jpg, 이시한;백종환 [공]지음, 미디어윌,2013
사회과학,여행을 팝니다,"미국의 유명 저널리스트 엘리자베스 베커는 폭발적으로 성장하고 있는 여행과 관광이 한 국가와 문화와 환경의 지형, 또는 우리의 삶을 어떻게 변화시키고 있는지에 주목한다. 여행과 관광이 우리 삶의 다양한 영역에 얼마나 깊이 뿌리내리고 있는지 보여주고 있다.",https://image.aladin.co.kr/product/3087/23/cover500/899791703x_1.jpg, 엘리자베스 베커 지음;유영훈 옮김, 명랑한지성,2013
사회과학,춤추는 세일즈,세일즈 커뮤니케이션에 주어진 정답은 없다. 하지만 더 좋은 성과를 올리는 커뮤니케이션 방법은 분명 있다. 이 책은 어떤 고객에게 어떤 방식으로 어프로치해야 하는지에 관한 특별하고도 구체적인 방법을 소개한다.,https://image.aladin.co.kr/product/3001/16/cover500/8993027463_1.jpg, 황영규 지음, 올림,2013
사회과학,플랫,"한국YWCA연합회는 사회생활을 막 시작하는 2030세대들과 여성의 리더십에 관해 소통하려는 기획으로, 지난 10년 동안의 수상자들 가운데 젊은지도자 부문의 수상자 8명의 걸어온 길과 현재를 인터뷰해 책으로 묶었다.",https://image.aladin.co.kr/product/3317/13/cover500/8992371209_1.jpg, 한국YWCA;이현정 [공]지음, 시금치,2013
사회과학,다시 하이힐을 신다,"출산 이후 아이 양육을 위해 직장을 그만 둔 고학력 여성인력들이 다시 일터로 복귀하는 데에 도움을 주는 실전 지침서로, 집에서 살림만 하던 엘리트 맘들이 용기를 내어 각자 주어진 현실에 따라 새 인생을 준비해 가는 7단계 프로젝트를 제시하고 있다.",https://image.aladin.co.kr/product/3120/55/cover500/8996899380_1.jpg, 캐롤 피시맨 코헨;비비안 스티어 라빈 [공]지음;나은경 옮김, 애플미디어,2013
사회과학,승리의 경영전략,"전략적 사고와 그 실천의 핵심을 담고 있는 책으로, 크고 작은 모든 조직의 리더들에게 대담한 전략적 목표를 일상 속에서 실행하는 방법을 보여주고 있다. 그것은 바로 ‘어디에서 사업을 해야 하고’, ‘어떻게 승리할 것인가’에 대한 해답을 찾는 것이다.",https://image.aladin.co.kr/product/2920/55/cover500/8997743074_3.jpg, A.G. 래플리;R.L. 마틴 [공]지음;김주권;박광태;박상진 [공]옮김, 진성북스,2013
사회과학,경제학 콘서트,높은 가격의 스타벅스 커피가 잘 팔리는 이유는 무엇일까? 마트에 가면 왜 항상 예상했던 것보다 많은 돈을 쓰게 될까? 보험에 가입하고 나면 사고가 많이 발생하는 원인은? 이 책은 현대인에게 꼭 필요한 경제원리를 쉽게 알려주는 동시에 경제학적 사고방식으로 세상을 보는 법을 알려주는 경제학 안내서다.,https://image.aladin.co.kr/product/62/12/cover500/8901054884_1.jpg, 팀 하포드 지음;김명철 옮김, 웅진지식하우스,2006
사회과학,외국의 국어 교육과정 2. 2: 캐나다·미국·호주의 교육과정,,https://image.aladin.co.kr/product/5636/67/cover500/6000837232_1.jpg, 우리말교육연구소 엮음, 나라말,2004
사회과학,생각을 키우는 이야기: 함께 생각하고 활동하는 읽기 자료집,,https://image.aladin.co.kr/product/34/68/cover500/8987402223_2.jpg, 충북국어교사모임 지음, 나라말,2002
사회과학,그후 아이들은 어떻게 되었을까,"아이들 생일날이 돌아오면 밤을 새워 생일 축하 시를 준비하는 선생님, 가출한 아이에게 끊임없이 이메일로 말을 거는 선생님, '아이들을 쉽게 만나지 말자'는 초심을 잃지 않으려고 해마다 아이들 앞에서 친절 서약을 하는 선생님. 인터넷 신문 '오마이뉴스'에 3년간 연재한 의 내용을 추리고 다듬어, 학교와 아이들 사이에 존재하는 서른 여덟개의 키워드에 담았다.",https://image.aladin.co.kr/product/49/5/cover500/8980406150_1.gif, 안준철 지음, 우리교육,2006
사회과학,(우리 반)집단상담,"한국교원대학교에서 상담을 전공한 교사들이 실제로 교실에서 아이들과 함께 활동할 수 있는 집단상담 프로그램을 모아 책으로 엮었다. 36가지 활동을 마음열기, 본 활동, 마무리로 나누어 실었고, 아이들의 눈높이에 맞춘 재미있는 활동과 바로 뽑아 쓸 수 있는 활동지를 넣어서 활용도를 높였다. 부록으로 바로바로 뽑아 쓸 수 있는 활동지 CD를 제공한다.",https://image.aladin.co.kr/product/49/52/cover500/8980406142_2.jpg, 강태심 외 지음, 우리교육,2004
사회과학,(재레드 다이아몬드의)나와 세계,"50여 년간 문명의 발생, 이동, 성장과 몰락을 탐구해온 재레드 다이아몬드가 이번에는 전 세계가 직면한 7가지 중대한 문제들의 원인을 분석하고 해법을 제시한다. '왜 어떤 국가는 부유하고 어떤 국가는 가난한가'를 심도 있게 비교분석하고 있다.",https://image.aladin.co.kr/product/7492/7/cover500/8934974370_1.jpg, 재레드 다이아몬드 지음;강주헌 옮김, 김영사,2016
사회과학,(누구나 경험하지만 누구도 잘 모르는)수업,"교사라면 누구나 경험하지만, 자신있게 잘 안다고 말할 수 없는 수업. 왜 학교 수업을 바꾸려는 시도는 번번이 실패하며, 교실은 아직도 교사 중심의 주입식 수업이 지배하고 있을까? 우리가 직면한 교육의 위기를 극복하기 위해서는 낯설게 보기가 필요하다.",https://image.aladin.co.kr/product/2451/47/cover500/8968800006_1.jpg, 이혁규 지음, 교육공동체 벗,2016
사회과학,1등의 통찰,"전략 컨설턴트 히라이 다카시의 책. 저자는 MIT 명강의를 충실하게 되살리되, 자신이 직접 경험하거나 통찰한 비즈니스 현장의 사례를 들어 독자 누구나 실전에서 적용해볼 수 있도록 현실적인 도움을 준다.",https://image.aladin.co.kr/product/8623/91/cover500/k882535575_3.jpg, 히라이 다카시 지음;이선희 옮김, 다산북3.0,2016
사회과학,액션러닝으로 수업하기,"저자들이 액션러닝으로 수업을 하고, 다른 교수자들에게 액션러닝으로 수업할 수 있는 방법을 가르치면서 모은 직·간접적 경험의 기록이다. 또한 자신의 수업을 액션러닝으로 운영하길 원하는 교수자들이 수업을 설계하고 운영하는 데 필요한 도움을 주기 위한 것이다.",https://image.aladin.co.kr/product/3508/16/cover500/8999702650_1.jpg," 장경원,고수일 공저", 학지사,2016
사회과학,(청소년을 위한)음식의 사회학,"수백 수천 년 전으로 거슬러 올라가 어딘가에서 출발한 음식이 오늘날 우리에게 오기까지의 흥미로운 이야기를 담았다. 음식의 시작부터 음식 문화의 발전, 그 발전이 우리 삶에 미친 영향, 먹어야할 음식과 피해야할 음식 등 매일 먹는 음식에 담긴 다양한 이야기를 들려 준다.",https://image.aladin.co.kr/product/8306/79/cover500/8955883188_1.jpg, 폴라 에이어 글;이라 올레니나 그림;김아람 옮김, 그린북,2016
사회과학,"3일 후, 기적이 일어나는 일기",‘자신을 닮은 사물의 본질’을 끌어당기는 우주 전체에 작용하는 에너지 구조. 이것이 아브라함이 주장한 ‘끌어당김의 법칙’이다. 평범한 계약직 사원이었던 저자는 이 ‘끌어당김의 법칙’에 매료되어 이를 토대로 꿈을 이루기로 결심한다.,https://image.aladin.co.kr/product/8193/70/cover500/8994175563_1.jpg, 해피 지음;최윤영 옮김, 멜론,2016
사회과학,"10대, 나만의 꿈과 마주하라","꿈이 아닌 것에 대해, 진짜 꿈이 무엇인지에 대해, 그리고 꿈을 찾기 위해서는 어떻게 해야 하는지에 대해 따뜻하게 이야기하는 책이다. 더불어 인생을 풍요롭게 만들어주는 5가지 마음가짐을 소개하며 ‘지금’에 충실하길 유도한다.",https://image.aladin.co.kr/product/8192/85/cover500/k842434546_1.jpg, 강다현 지음, 글라이더,2016
사회과학,첫 번째 질문,"대한민국 최고의 성과 창출 전문가 류랑도 대표가 오랫동안 쌓아온 자신의 노하우를 WHY라는 한 단어에 응축하여 온전히 담아낸 책이다. 이 책은 가장 쉽지만 동시에 가장 어려운, 첫 번째 질문 WHY의 중요성과 가치를 여러 사례를 통해 일깨워준다.",https://image.aladin.co.kr/product/3127/65/cover500/8996947431_1.jpg, 류랑도 지음, 에이트포인트,2013
사회과학,(반드시 한 번에 합격하는)초압축 암기법,"모든 시험의 합격 공식은 단 하나다. 방대한 분량 중 시험에 나올 것만, 간단하게 압축해 기억하고, 문제를 보기만 해도 답을 찾을 수 있도록 하는 것이다. 그렇기에 핵심만 단순화하여 효율적으로 암기하는 《반드시 한 번에 합격하는 초압축 암기법》은 합격으로 직행하는 최고의 비책이다.",https://image.aladin.co.kr/product/32776/86/cover500/k222936287_1.jpg, 이형재 지음, 빅피시,2023
사회과학,전세지옥,"파일럿을 꿈꾸며 하루하루를 착실히 살아가던 한 청년이 하루아침에 전세 사기로 전 재산을 잃은 뒤 시청, 법원, 경찰서, HUG, 주거복지재단을 쫓아다니며 써내려간 820일의 기록을 담았다.",https://image.aladin.co.kr/product/32700/77/cover500/8984078220_1.jpg, 최지수 지음, 세종(세종서적),2023
사회과학,(2024 초등.중등.비교과)임용 면접 레시피 기출문제집,2017~2023학년도 7개년 기출문제를 수록한 수험서다. 자세한 예시답안 및 실전과 유사한 평가항목을 제공한다. 답변의 방향성을 잡아주는 기출문제 분석을 수록하였다.,https://image.aladin.co.kr/product/32882/61/cover500/k942936217_1.jpg, 류은진;양왕경;이광한 지음, 미래가치,2023
사회과학,100일 아침 습관의 기적,20만 독자가 사랑하고 3년 연속 베스트셀러로 선정된 『웰씽킹』의 저자 켈리 최가 신작 『100일 아침 습관의 기적』으로 돌아왔다. 수조 원대 누적 매출을 달성한 글로벌 사업가 켈리 최가 부와 성공을 거머쥔 결정적 비결로 자신만의 아침 루틴을 소개한다.,https://image.aladin.co.kr/product/32928/20/cover500/k612936843_2.jpg, 켈리 최 지음, 다산북스,2023
사회과학,경제금융용어 700선,,https://image.aladin.co.kr/product/24922/20/cover500/k012632571_1.jpg, [한국은행 편], 한국은행,2020
사회과학,IB를 말한다,"IB는 우리 교육의 혁신을 이끌 전략적 대안이 될 수 있을까? 국내에 IB를 소개하고, IB 연구 프로젝트를 주도해 온 교육학자와 교사 들이 IB에 관한 모든 것을 상세히 밝힌 책이다.",https://image.aladin.co.kr/product/19678/92/cover500/k592635830_2.jpg, 이혜정 외 지음, 창비교육,2019
사회과학,"(16번의 사업을 성공시킨)사업의 신 고등학교 자퇴 22세 그녀는 어떻게 한 달에 6,000만 원을 벌까?","14살 중학교 1학년 어린 나이 때부터 재미와 소질을 살려 기발한 사업 아이템 구상·선정, 좌충우돌식 도전과 치밀한 실행으로 22세에 부를 이룬 주인공의 신선한 충격과 감동을 전하는 책이 출간되었다.",https://image.aladin.co.kr/product/32497/96/cover500/k582935510_1.jpg, 임지흔 지음, 파르페북스,2023
사회과학,더플래닝,기획의 본질이 ‘질문’에 있다고 강조한다. 대부분 기획이 실패로 돌아가는 이유는 성급하게 답을 찾으려는 데 있다고 설명한다. 우리는 기획의 목표가 무엇인지 정확하게 파악하고 이를 달성하는 데 근본적인 핵심 질문을 할 수 있어야 구체적인 실행방안을 도출할 수 있다.,https://image.aladin.co.kr/product/32592/10/cover500/k412935549_1.jpg, 박성후;나석규 [공]지음, 더페이지,2023
사회과학,연결된 위기,우리가 처한 제약이 무엇인지 명확히 인식하려는 두터운 노력의 산물이다. 그와 동시에 더 많은 정보와 깊이 있는 이해로 무장한다면 상이한 역사 경로를 찾아낼 수 있을지에 관한 사고 실험이기도 하다. 책에 가득한 논의는 새로운 시대에 필요한 새로운 세계질서 논의에 상상력을 제공한다.,https://image.aladin.co.kr/product/32464/94/cover500/k112935302_1.jpg, 백승욱 지음, 생각의힘,2023
사회과학,진짜 공부 vs. 가짜 공부,"공부만을 강요받는 무기력한 학생들에게 ‘왜 공부를 해야 하는지, 좋은 성적을 받는 것만이 공부의 목적인지’에 대한 본질적인 물음을 던지며, ‘진짜 공부’가 시작되는 7단계 공부법을 제시해 ‘나도 할 수 있다’는 도전의식과 동기부여를 제공한다.",https://image.aladin.co.kr/product/32706/81/cover500/k442936776_2.jpg, 정승익 지음, Mindset(바이포엠스튜디오),2023
사회과학,죄와 벌,스펙터클한 대한민국. 하루라도 조용한 날이 없다. 이 책은 권력에 눈이 멀어 국민의 삶을 유린했던 이들이 뿌렸던 가짜 뉴스를 완전히 뒤집으며 손상된 존재의 역경을 정교하게 재배열하는 저자의 저널리즘이 돋보이는 책이다.,https://image.aladin.co.kr/product/32634/78/cover500/k772935557_1.jpg, 이동재 지음, 지우,2023
사회과학,(51개 주제로 정리하는)한입 경제 상식사전,"경제 공부 시작에 반드시 필요한 준비물이 된 『한입 경제 상식사전』이 개정판으로 돌아왔다. 개념을 설명하는 예시들이 최신 사례로 업데이트되었고, 코로나19 팬데믹 이후의 경제적 흐름과 가상자산 시장의 현황과 위기 내용이 추가되었다.",https://image.aladin.co.kr/product/32975/15/cover500/k652936559_1.jpg, 장민제;김태헌 [공]지음, 파지트,2023
사회과학,감정 경제학,일상 속에서 자연스럽게 마주하는 경제 현상을 바탕으로 자본주의 사회에서 쏟아지는 여러 메시지에 휘둘리지 않고 자신답게 살 수 있도록 중심을 잡아준다. 이 책을 통해 감정과 경제의 연결고리를 이해하고 세상을 더욱 날카로운 눈으로 바라보는 안목을 길러보자.,https://image.aladin.co.kr/product/32904/2/cover500/k492936734_1.jpg, 조원경 지음, page2,2023
사회과학,청소년을 위한 인권 수업,"우리가 일상에서 늘 오가며 이용하고 생활하는 공간에서 일어나는 차별과 혐오 사례를 ‘노동, 젠더, 인종 차별, 장애, 국가폭력’이라는 다섯 가지 분야로 나누어 살펴본다. 공간을 새로운 눈으로 들여다본다는 것은, 다른 삶을 꿈꾸게 한다.",https://image.aladin.co.kr/product/32821/11/cover500/k112936803_1.jpg, 박혜영 외 지음, 보리,2023
사회과학,책상 위의 데일 카네기,세계 최고의 자기 계발서라 불리는 데일 카네기의 <인간관계론>과 <자기관리론>을 제대로 읽으려면 여러 번 읽고 가슴에 새기고 핵심 내용을 자신의 것으로 만들어야 한다. 이 책은 두 권의 합본으로 독자들이 손 닿는 곳에 세워두고 매일 읽고 또 읽으며 인생의 나침반으로 삼을 수 있게 365일 만년일력으로 만들어졌다.,https://image.aladin.co.kr/product/32702/25/cover500/k802936771_1.jpg, 데일 카네기 지음;양부현 편역, 알투스,2023
사회과학,히든 포텐셜,"출간하는 책마다 센세이셔널한 반향을 불러일으키며 세계적인 베스트셀러로 자리매김한 《기브 앤 테이크》, 《오리지널스》, 《싱크 어게인》의 저자이자 와튼스쿨 조직심리학과 최연소 종신교수인 애덤 그랜트가 우리 자신과 다른 사람들을 예상치 못한 수준으로까지 끌어올릴 수 있는 방법에 대한 이야기를 담은 《히든 포텐셜》을 펴냈다.",https://image.aladin.co.kr/product/33206/42/cover500/8947549363_1.jpg, 애덤 그랜트 지음;홍지수 옮김, 한국경제신문,2024
사회과학,물질의 세계,"저자이자 영국의 저널리스트 에드 콘웨이는 우리가 알지 못했고 볼 수 없었던 물질이 가진 경이로운 세계로 독자들을 안내한다. 무더운 유럽의 가장 깊은 광산부터 티끌 하나 없는 대만의 반도체 공장, 칠레 아타카마 사막의 소금호수까지. 전 세계 곳곳을 탐험하는 과정 속에 인간의 새로운 미래를 가져다 줄 대체 불가능한 여섯 가지 물질의 비밀이 밝혀진다.",https://image.aladin.co.kr/product/33478/66/cover500/k992938150_2.jpg, 에드 콘웨이 지음;이종인 옮김, 인플루엔셜,2024
사회과학,불변의 법칙,"《돈의 심리학》의 저자 모건 하우절이 3년 만에 세상에 내놓은 신작.‘절대 변하지 않는 것들에 대한 23가지 이야기’를 전한다. 이번 책은 돈과 투자 영역은 물론이고, 인간의 본성과 세상의 이치에 관한 이야기를 두루 다루어 한층 더 다층적이고 복합적인 메시지를 담아냈다는 평가를 받는다.",https://image.aladin.co.kr/product/33406/14/cover500/k272938139_1.jpg, 모건 하우절 지음;이수경 옮김, 서삼독,2024
사회과학,엘리어트 파동이론,"엘리어트의 주식시장에 관한 모든 저작물이 담겨 있는 전집이라 할 수 있다. 1부는 국내에 《파동 이론》으로 출간된 《The Wave Principle》의 번역본이 실려 있고, 2부에는 엘리어트가 <파이낸셜 월드>에 기고한 글을 모았다.",https://image.aladin.co.kr/product/33535/67/cover500/k842939678_1.jpg," R. N. 엘리어트 지음;로빈 창,윤지민 [공]옮김", 이레미디어,2024
사회과학,우리는 미국을 모른다,"“혈맹 미국이 한국에 정말로 원하는 것은 무엇인가?” 신냉전 패권 경쟁 시대, 달라진 미국과 한반도 안보의 미래를 통찰하다!",https://image.aladin.co.kr/product/32994/8/cover500/k652937768_1.jpg, 김동현 지음, 부키,2023
사회과학,공부가 설렘이 되는 순간,"서울대 졸업생의 합격 비밀 노트가 아니다. 성적, 대학을 말하기 이전에 ‘나는 어떤 삶을 살 것인가, 내 인생의 계획 안에 공부라는 두 글자가 있는가’를 치열하게 고민하고, 무한한 잠재력과 가능성을 펼쳐갈 수 있도록 이끄는 인생 참고서다. 자신의 꿈을 이루기 위해 공부라는 길을 선택한 이들에게 보내는 진심 어린 응원이자 뜨거운 격려다.",https://image.aladin.co.kr/product/33438/92/cover500/k992938633_2.jpg, 조승우 지음, 포레스트북스,2024
사회과학,강요된 소멸,지역문제를 연구하고 실천하는 학자들과 현장 활동가들이 1998년 만든 ‘지역을 생각하는 모임’을 모태로 2004년 지역재단을 창립해 올해로 20주년을 맞이한다. 자치와 협동에 기초한 순환과 공생의 지역사회 실현을 목표로 지역리더 육성과 정책을 선도하고 실천적 싱크탱크이자 네트워크 역할을 하는 지역재단에서 이를 기념해 『강요된 소멸: 국민총행복을 위한 지역재생의 길』을 내놓았다.,https://image.aladin.co.kr/product/33661/51/cover500/8946083069_1.jpg, 박진도 지음, 한울,2024
사회과학,남자다운 게 뭔데?,사회 속 당연하게 자리하고 있는 ‘남자다움’ ‘남성성’ 개념에 의문을 제기하며 시작하는 이 책은 페미니즘을 기반으로 성 역할 고정 관념에 대해 살피면서 특히 남성 청소년이 실제로 겪는 어려움에 초점을 두어 남성 성교육에 맞추었다.,https://image.aladin.co.kr/product/33465/72/cover500/8936452436_1.jpg, 저스틴 밸도니 지음;이강룡 옮김, 창비,2024
사회과학,퍼스널 MBA,"저자가 수천 권이 넘는 경영 서적을 읽고, 수백 명의 경영 전문가를 인터뷰하고, <포춘>지 선정 세계 500대 기업에서 일한 뒤, 1인 사업체서부터 수십만 명의 직원과 수십억 달러의 매출 규모를 지닌 다국적 기업에 이르기까지 다양한 기업을 컨설팅하며 배우고 경험한 지식을 모으고 정제하여 다듬은 뒤 몇 가지 개념으로 정리한, 경영 전반에 대한 핵심을 한 권에 집대성한 책이다",https://image.aladin.co.kr/product/33275/70/cover500/8997743600_1.jpg," 조쉬 카우프만 지음;박상진,이상호 옮김", 진성북스,2024
사회과학,(10대를 위한)총균쇠 수업,"재레드 다이아몬드의 명저 《총 균 쇠》를 대한민국 청소년들의 눈높이와 니즈에 맞게 해설했다. 역사의 흐름 속 강자와 패자를 결정지은 결정적 비밀, 그리고 한반도가 세계 문명사에서 자리 잡을 수 있었던 이유에 관하여 알아본다.",https://image.aladin.co.kr/product/32319/34/cover500/k972834556_1.jpg, 김정진 지음, 넥스트씨,2023
사회과학,한국 요약 금지,"한국은 어떤 나라일까? 전쟁의 아픔을 딛고 한강의 기적을 이뤄낸 나라? 민주화와 경제발전을 달성한 나라? BTS와 블랙핑크의 나라? K-팝부터 K-뷰티까지, 전 세계를 매료시킨 K 브랜드의 종주국? 하지만 이런 설명이 곧 한국이라고 말할 수 있을까.",https://image.aladin.co.kr/product/33398/8/cover500/k472938512_1.jpg, 콜린 마샬 지음, 어크로스,2024
사회과학,(유목민의)투자의 정석,"직장인 개미들의 필독서, 가장 현실적인 주식투자 가이드로 손꼽히는 『나의 월급 독립 프로젝트』 『나의 투자는 새벽 4시에 시작된다』의 저자. 500만 원으로 시작해 7년 만에 거둔 누적 수익 300억 원에 대한 계좌 이력을 공개 인증해 화제를 불러일으켰던 ‘개미의 전설’ 유목민의 신작이 출간되었다.",https://image.aladin.co.kr/product/33195/80/cover500/8901279282_1.jpg, 유목민 지음, 리더스북,2024
사회과학,행복은 전염된다,"[뉴욕타임스], [워싱턴 포스트] 등 전세계 언론이 극찬한 인간심리서. 이 책은 우리와 다른 사람과의 관계, 그리고 그런 관계가 감정과 섹스, 건강, 정치, 돈, 진화, 기술에 어떤 영향을 미치는지에 대해 살펴본다. 사람들을 이해하는 열쇠는 바로 그들 사이의 유대를 이해하는 데 있다.",https://image.aladin.co.kr/product/816/57/cover500/8934941936_1.jpg," 니컬러스 크리스태키스,제임스 파울러 [공]지음;이충호 옮김", 김영사,2015
사회과학,이주하는 인류,"깊고 복잡한 인류 이주의 역사를 에덴동산, 노아의 방주, 선사시대 네안데르탈인과 호모 사피엔스의 이동, 그리스 로마의 정착지 건설, 북유럽의 바이킹, 콜럼버스의 아메리카 대륙 이주, 노예무역, 황색 위협, 유대인, 남북전쟁, 이주 노동자 등 다양하고 흥미로운 이야기를 바탕으로 오늘날 우리가 마주한 이주와 이민의 문제를 어떻게 풀 것인지를 제안한다.",https://image.aladin.co.kr/product/32095/25/cover500/k622834900_2.jpg, 샘 밀러 지음 ;최정숙 옮김, 미래의창,2023
사회과학,AI x 인간지능의 시대,"수년 전부터 ‘AI가 만들어 낼 미래’에 대해 예측하던 김상균 교수는 이번 책에서 ‘인간이 AI를 활용하여 만들어 낼 미래’에 대해 말한다. 삼성, 현대, LG, SK, 메르세데스 벤츠 등 몇몇 기업에만 전달하던 인사이트를 녹여내고, 1만 명에게 받은 질문에 답한다.",https://image.aladin.co.kr/product/33748/51/cover500/k292930960_1.jpg, 김상균 지음, 베가북스,2024
사회과학,개복치 직장인 생존 가이드,"긴장, 스트레스, 감정 조절 실패, 분노, 불안으로 고통받는 직장인들에게 마음의 힘을 기르는 법을 알려주며 다시 일어날 수 있도록 돕는다. 오노 모에코는 산업카운슬러로서의 풍부한 이력과, 실무에서의 경험을 바탕으로 직장인들이 가장 많이 하는 고민이 무엇인지 꼽고, 이러한 부정적인 감정을 긍정적 에너지로 전환하는 구체적인 방법을 설명한다.",https://image.aladin.co.kr/product/33994/43/cover500/k272930644_1.jpg, 오노 모에코 지음, 크루,2024
사회과학,어떻게 극단적 소수가 다수를 지배하는가,정치 분야 최장기 스테디셀러 《어떻게 민주주의는 무너지는가》 후속작. 하버드대 정치학자 스티븐 레비츠키와 대니얼 지블랫이 극단적 사상을 가진 소수가 상식적 다수를 지배하게 되는 현대 민주주의 체제의 한계를 분석한다.,https://image.aladin.co.kr/product/33934/72/cover500/k402930238_1.jpg, 스티븐 레비츠키;대니얼 지블랫 [공] 지음 ;;박세연 옮김, 어크로스,2024
사회과학,자살하는 대한민국,"‘모두가 아프지만, 아무도 치료비를 내지 않으려는’ 나라에 관한 심층적인 보고서이며, 그럼에도 냉소나 체념에 그칠 것이 아니라 구체적인 해결책을 함께 모색하길 권하는 뜨거운 희망의 기록이다.",https://image.aladin.co.kr/product/33856/52/cover500/k592930301_1.jpg, 김현성 지음, 사이드웨이,2024
사회과학,필립 코틀러 마켓 6.0,"마케팅의 아버지, 비즈니스계의 구루로 불리는 필립 코틀러 박사와 독보적인 마케팅 인사이트를 전하기로 유명한 허마원 카타자야, 이완 세티아완 저자가 다시 뭉쳐 《필립 코틀러 마켓 6.0》을 출간했다.",https://image.aladin.co.kr/product/33915/35/cover500/k282930926_2.jpg," 필립 코틀러;허마원 카타자야,;이완 세티아완 [공] 지음 ;;방영호 옮김", 더퀘스트,2024
사회과학,두려움 없는 조직,"하버드 경영대학원 종신교수이자 세계적인 경영학 구루 에이미 에드먼슨이 25년 연구 끝에 집대성한 책 『두려움 없는 조직』은 리더와 팀을 위한 가장 실용적인 경영 지침서로, 지식과 혁신을 불러일으키는 ‘심리적 안정감’을 조직 문화에 녹이는 법을 알려준다.",https://image.aladin.co.kr/product/21011/79/cover500/k502636376_1.jpg, 에이미 에드먼슨 지음 ;최윤영 옮김, 다산북스,2019
사회과학,플랜B는 없다,"저자 맷 히긴스는 자신의 경험, 고대부터 이어져 온 선인들의 지혜, 그리고 현대의 과학적 연구 결과에서 발견한 노하우를 이 책에서 9단계로 나누어 설명한다. 저성장 시대, 긴 불황의 늪, 더 치열해지는 경쟁 속에서 이 책이 전하는 메시지가 새로운 돌파구가 되어줄 것이다.",https://image.aladin.co.kr/product/34002/13/cover500/k912930651_1.jpg, 맷 히긴스 지음 ;방진이 옮김, 교보문고,2024
사회과학,"단단한 자소서, 탄탄한 면접 하루 완성",자기소개서와 면접의 목적에 맞추어 글쓰기와 말하기의 공식을 친절하게 알려 주고 있다. 항목별 구성은 한 방에 이해할 수 있는 일상생활의 예시들과 상황별 실전에 응용할 수 있는 방식들로 채워져 있다.,https://image.aladin.co.kr/product/33364/93/cover500/k442938009_1.jpg, 이수연;황유선 [공] 지음, 다반,2024
사회과학,너는 생각보다 자소서를 잘 쓴다,"쉽고 빠른 자소서 작성을 도와온 취업준비생들의 필독서 가 개정판으로 돌아왔다. 구판의 장점을 그대로 살리고, 취업 시장 변화에 따른 채용 트렌드를 반영한 개정판에서 내 상황에 맞는 자소서 작성법을 자세하게 안내한다.",https://image.aladin.co.kr/product/31015/24/cover500/k352831316_1.jpg, 인싸담당자 제이콥 지음, 주식회사 디3(Mind3),2023
사회과학,강인함의 힘,"유명한 성과 전문가이자 경영 코치, 《피크 퍼모먼스》와 《열정 패러독스》의 공동 저자인 스티브 매그니스는 《강인함의 힘》을 통해 최신 스포츠 과학과 심리학에 바탕을 둔 새로운 회복탄력성 모델을 제안한다. 역경과 도전을 극복하는 데 도움이 되는 새로운 종류의 강인함, 즉 진정한 강인함을 처방한다.",https://image.aladin.co.kr/product/33613/59/cover500/k722939915_2.jpg, 스티브 매그니스 지음 ;이주만 옮김, 상상스퀘어,2024
사회과학,일류의 조건,"《일류의 조건》이 국내 첫 출간 후 18년 만에 필름출판사에서 복간되었다. 이 책은 한 분야에 있어 통달한 전문가, 즉 ‘일류’가 되기 위해서는 근본적인 조건 세 가지인 ‘훔치는 힘’, ‘요약하는 힘’, ‘추진하는 힘’을 갖추어야 함을 전하는 실용적인 자기계발서다.",https://image.aladin.co.kr/product/33626/89/cover500/k662939214_1.jpg, 사이토 다카시 지음 ;정현 옮김, 필름(Feelm),2024
사회과학,과일로 읽는 세계사,"과일은 당대를 살아갔던 사람들의 희노애락과 가치관을 대변하면서 정치, 사회, 문화적으로 커다란 영향력을 행사해왔고, 그런 만큼 동서양 곳곳에서 다양한 화젯거리를 만들어냈다. 은밀히 세상을 움직였던 25가지 과일을 통해서 그동안 감춰져 있던 역사의 뒷이야기들을 살펴본다.",https://image.aladin.co.kr/product/28271/20/cover500/k042835998_1.jpg, 윤덕노 지음, 타인의사유,2021
사회과학,이제는 대기업이 아니라 강소기업이다,"능력에 맞춘 직업 선택과 직업의 전문성을 높이기 위한 진짜 공부를 화두로 던졌던 저자가 ‘창업(創業), 창직(創織), 창작(創作)’의 다양한 대안을 제시하며 ‘진짜 일’ 찾기를 강조한다.",https://image.aladin.co.kr/product/26364/11/cover500/k752738126_2.jpg, 손영배 지음, 생각비행,2021
사회과학,모든 제국은 몰락한다,"그야말로 글로벌 패권국가로 스스로를 일컬으며 소련의 붕괴 이후 세계 최강대국으로 군림해 온 미 제국이 맞닥뜨린, 당황스런 현실에 대한 냉철한 진단이자 폭로요 직설적인 비판을 담은 책이다.",https://image.aladin.co.kr/product/33915/89/cover500/k492930028_1.jpg, 안드레이 마르티아노프 지음 ;서경주 옮김, 진지,2024
사회과학,직장 생활이 최고의 수행이다,"대기업 직장인으로 29년, 그중 임원으로 9년의 직장생활을 경험한 저자는 임원들의 스트레스 대응이나 멘탈관리 방식이 그 과정은 달랐지만, 결과값은 마음공부의 그것과 동일하다는 점을 이 책을 통해 주장한다.",https://image.aladin.co.kr/product/33973/47/cover500/k542930443_1.jpg, 정해승 지음, 헤르몬하우스,2024
사회과학,피크아웃 코리아,"채상욱은 우리 사회의 어떤 문제가, 젊은 부부들이 마음 편히 자녀를 낳지 못하게 만드는지, 오히려 세계 최고 수준의 자살률을 기록하게 하는지에 천착했다. 우리 사회 전반적인 문제점을 하나씩 정리하고 분석하기 시작했다. 그리고 그 결과물이 이 책으로 탄생했다.",https://image.aladin.co.kr/product/33840/55/cover500/k242930098_1.jpg, 채상욱;김정훈 [공] 지음, 커넥티드그라운드,2024
사회과학,뉴딜과 신자유주의,"『뉴딜 질서의 흥망』에 이어 34년 만에 후속작으로 펴낸 ‘The Rise and Fall of the Neoliberal Order’(2022)는, 직역하면 ‘신자유주의 질서의 흥망’으로 국내에서는 『뉴딜과 신자유주의: 새로운 정치 질서는 어떻게 탄생하는가』 (아르테 필로스 시리즈 28번)라는 제목으로 출간되었다.",https://image.aladin.co.kr/product/33934/21/cover500/k992930137_1.jpg, 게리 거스틀 지음 ;홍기빈 옮김, arte(아르테),2024
사회과학,부자의 마지막 가르침,"독자들이 선택하는 비즈니스 종합 그랑프리 1위, 출간 90일 만에 15만 부, 아마존 재팬 종합 1위 기록. 골드만삭스 출신의 금융 전문가이자 사회 금융 교육가로서 활발한 강연과 집필을 펼치고 있는 베스트셀러 작가 다우치 마나부의 부자학 정수가 담긴 경제경영 교양서이다.",https://image.aladin.co.kr/product/33899/15/cover500/k962930826_1.jpg, 다우치 마나부 지음 ;김슬기 옮김, 북모먼트,2024
사회과학,(세상에서 가장) 쓸모 있는 경제학,"자녀들이 어릴 때부터 쉽고 재미있게 경제를 이해할 수 있는 경제 책이 없는 게 안타까워 글을 쓰기 시작해, 그동안 수십 권의 책을 출간하신 석혜원 작가님이 오로지 청소년들을 위해서 쓴 가장 최신의 경제학 이론서이다.",https://image.aladin.co.kr/product/33850/71/cover500/k372930105_1.jpg, 석혜원 글 ;신병근 그림, 풀빛,2024
사회과학,협력의 진화,"호혜주의를 기반으로 하는 이타주의가 자연적으로 진화될 수 있음을 과학적으로 증명한다. 『협력의 진화』는 죄수의 딜레마에 대한 획기적인 컴퓨터 모의실험으로 일시에 유명해졌으며, 1984년에 초판이 나온 이래 2006년 개정판, 2024년 40주년 특별판이 출간되기까지 과학, 사회, 정치, 경제, 문학 등 다양한 분야에 막대한 영향을 끼쳤다.",https://image.aladin.co.kr/product/33973/96/cover500/k832930444_1.jpg, 로버트 액설로드 지음 ;이경식 옮김, 시스테마,2024
사회과학,훌륭한 교장은 무엇이 다른가,"매년 수십 개의 학교에 컨설팅을 제공하는 저자는 학교의 성패를 가르는 가장 결정적인 요소로 훌륭한 교장의 존재 여부를 꼽는다. 이 책에는 그가 연구와 컨설팅, 그리고 교사와 교장직 경험을 통해 발견한 훌륭한 교장과 그렇지 못한 교장의 차이점 20가지가 정리되어 있다.",https://image.aladin.co.kr/product/29612/58/cover500/8920043698_1.jpg, 토드 휘태커 지음 ;송형호 옮김, 지식의 날개,2022
사회과학,집단 착각,"사회적 본능이 생물학적인 것이지만, 본능에 대한 대응은 우리 스스로가 통제할 수 있다. 이 책의 목적은 우리가 왜 그리고 어떻게 집단에 순응하는지, 그러한 순응이 어떻게 집단 착각을 낳는지 이해하고, 사회적 영향력이 작동하는 방식을 완전히 파악하여 휘둘리지 않도록 하는 것이다.",https://image.aladin.co.kr/product/31635/45/cover500/8950910942_1.jpg, 토드 로즈 지음 ;노정태 옮김, 21세기북스,2023
사회과학,왓 두유 원트?,"대기업 CEO와 임원들이 중요한 의사결정을 앞두고 찾아가는 국내 최정상 퍼스널 코치 김호 대표의 책이 도서출판 푸른숲에서 출간되었다. 늘 같은 고민을 반복하고 결정 앞에서 주저하며 스트레스 받는 사람이라면, ‘한 번뿐인 인생을 어떻게 살아야 할까? 나는 잘 살고 있는 걸까? 잘 산다는 것은 과연 무엇일까?’ 고민해본 독자들이라면 필독을 권한다.",https://image.aladin.co.kr/product/33839/95/cover500/k202930996_1.jpg, 김호 지음, 푸른숲,2024
사회과학,경제금융용어 700선,,https://image.aladin.co.kr/product/24922/20/cover500/k012632571_1.jpg, [한국은행 편], 한국은행,2020
사회과학,1000대 1의 경쟁률을 뚫는 자기소개서,"삼성그룹 관계사에서 27년간 신입사원을 선발 육성하고, 12년간 전국 대학 100여 곳에서 취업준비생들의 취업컨설팅을 담당했던 (사)한국취업컨설턴트협회 대표 컨설턴트인 문창준 강사가 40여 년간의 직장, 취업컨설팅 경험을 녹여냈다.",https://image.aladin.co.kr/product/29869/57/cover500/k012838620_1.jpg, 문창준 지음, 마인드큐브,2022
사회과학,취업의 신 자기소개서 혁명,"저스펙으로 취업에 성공한 저자만의 노하우, 채용 대행 서비스를 통하여 기업 인사담당자들의 예리한 시선에 대한 통찰, 그리고 직접 회사를 설립하여 운영하면서 직원을 실제로 채용한 다양한 현장 실무 경험 등을 담아낸 책이다.",https://shopping-phinf.pstatic.net/main_3815226/38152264050.20230313183734.jpg, 박장호 지음, BM성안북스,2023
사회과학,너는 생각보다 자소서를 잘 쓴다,"쉽고 빠른 자소서 작성을 도와온 취업준비생들의 필독서 가 개정판으로 돌아왔다. 구판의 장점을 그대로 살리고, 취업 시장 변화에 따른 채용 트렌드를 반영한 개정판에서 내 상황에 맞는 자소서 작성법을 자세하게 안내한다.",https://shopping-phinf.pstatic.net/main_3764199/37641993624.20230214163647.jpg, 인싸담당자 제이콥 지음, 주식회사 디3(Mind3),2023
사회과학,너는 생각보다 자소서를 잘 쓴다,"쉽고 빠른 자소서 작성을 도와온 취업준비생들의 필독서 가 개정판으로 돌아왔다. 구판의 장점을 그대로 살리고, 취업 시장 변화에 따른 채용 트렌드를 반영한 개정판에서 내 상황에 맞는 자소서 작성법을 자세하게 안내한다.",https://shopping-phinf.pstatic.net/main_3764199/37641993624.20230214163647.jpg, 인싸담당자 제이콥 지음, 주식회사 디3(Mind3),2023
사회과학,질문을 알면 면접이 보인다,"면접의 다양한 준비 공략 노하우를 수록하여 취업준비생들에게 면접 준비에 대한 정보를 제공한다. 또한, 면접 질문의 6가지 기본 패턴과 그 대표 유형 50가지를 수록하여 취업준비생들이 본인의 상황을 대입하여 면접 답변을 연습할 수 있도록 하였다.",https://shopping-phinf.pstatic.net/main_4021258/40212589622.20230919123325.jpg, 이성호;최명의 [공]지음, 시대고시기획,2023
사회과학,1000대 1의 경쟁률을 뚫는 자기소개서,"삼성그룹 관계사에서 27년간 신입사원을 선발 육성하고, 12년간 전국 대학 100여 곳에서 취업준비생들의 취업컨설팅을 담당했던 (사)한국취업컨설턴트협회 대표 컨설턴트인 문창준 강사가 40여 년간의 직장, 취업컨설팅 경험을 녹여냈다.",https://shopping-phinf.pstatic.net/main_3372347/33723473618.20221019150838.jpg, 문창준 지음, 마인드큐브,2022
사회과학,(한 권으로 마무리하는)추업자소서 완전정복,,https://shopping-phinf.pstatic.net/main_3723344/37233444619.20230919130037.jpg," 이은규,황석범,이바름", 에이원북스,2023
사회과학,취업해킹:채용담당자의 취업 공식,"현역 대기업 인사팀장의 20년 채용 노하우를 한 권에 담은 취업가이드. 채용 담당자가 어떤 기준으로 사람을 뽑는지, 출제자의 의도와 채용의 원리는 무엇인지를 파악해 취업에 성공하는 방법을 알려준다.",https://shopping-phinf.pstatic.net/main_4057870/40578706622.20230912083433.jpg, 정민홍, 성신미디어,2023
사회과학,취업해킹:채용담당자의 취업 공식,"현역 대기업 인사팀장의 20년 채용 노하우를 한 권에 담은 취업가이드. 채용 담당자가 어떤 기준으로 사람을 뽑는지, 출제자의 의도와 채용의 원리는 무엇인지를 파악해 취업에 성공하는 방법을 알려준다.",https://shopping-phinf.pstatic.net/main_4057870/40578706622.20230912083433.jpg, 정민홍, 성신미디어,2023
사회과학,길 하나 건너면 벼랑 끝,"열여덟 살에 성매매 업소에 유입된 후 빠져나오기까지 20여 년간 겪은 삶의 경험을 증언한다 책이다. 빈곤, 가정폭력, 가족 내 성차별, 성폭력과 잘못된 사건 처리 등, 저자가 겪은 경험들이 한꺼번에 얽히면서 한 여성이 성매매에 유입되고, 또 빠져나오기 힘들어지는 과정을 보여준다.",https://shopping-phinf.pstatic.net/main_3247667/32476674963.20221228074039.jpg, 봄날, 반비,2019
사회과학,집중력의 배신,"뇌과학 연구와 심리 이론, 임상을 토대로 주체적 삶을 만드는 ‘능동적 집중력’에 대해 되짚어 본다. 과몰입 주치의 한덕현 교수는 중독과 몰입은 어쩌면 고래와 고래상어처럼 서로 다른 ‘류’의 것이라고 이야기한다.",https://shopping-phinf.pstatic.net/main_4835503/48355039630.20240612092148.jpg, 한덕현, 21세기북스,2024
사회과학,너는 생각보다 자소서를 잘 쓴다,"쉽고 빠른 자소서 작성을 도와온 취업준비생들의 필독서 가 개정판으로 돌아왔다. 구판의 장점을 그대로 살리고, 취업 시장 변화에 따른 채용 트렌드를 반영한 개정판에서 내 상황에 맞는 자소서 작성법을 자세하게 안내한다.",https://shopping-phinf.pstatic.net/main_3764199/37641993624.20230214163647.jpg, 인싸담당자 제이콥 지음, 주식회사 디3(Mind3),2023
사회과학,"아니야, 우리가 미안하다",차가운 법정에서 따뜻한 신념으로 희망을 일구어낸 열정 넘치는 저자가 우리 사회에 건네는 진심어린 고백이자 땀과 눈물로 빚어낸 작은 기적에 관한 이야기이다.,https://image.aladin.co.kr/product/2390/65/cover500/8994103473_2.jpg, 천종호 지음, 우리학교,2013
사회과학,"아니야, 우리가 미안하다",차가운 법정에서 따뜻한 신념으로 희망을 일구어낸 열정 넘치는 저자가 우리 사회에 건네는 진심어린 고백이자 땀과 눈물로 빚어낸 작은 기적에 관한 이야기이다.,https://image.aladin.co.kr/product/2390/65/cover500/8994103473_2.jpg, 천종호 지음, 우리학교,2013
사회과학,10대를 위한 머니 레슨,"꿈을 가진 아이들에게 ‘돈’이 걸림돌이 되지 않도록, 10대들의 평생 자산이 되어 줄 ‘돈해력’ 수업. 인생을 살아가는 데 꼭 필요한 경제관념을 갖고 실생활에 바로 써먹을 수 있는 현실적이고 실용적인 지침서다.",https://image.aladin.co.kr/product/31479/77/cover500/k692832524_1.jpg, 샘 베크베신저 지음;오수원 옮김, 현대지성,2023
사회과학,체부 : 한국 근·현대 우편사 징비 사료집 : 1884~1948,140여 년이 지난 구한말 우편사 자료를 수집하는 과정에서 비운의 피침 역사와 잊혀져 가는 대한제국과 일제강점기 쓰라린 역사를 ‘체부’를 통하여 다각적으로 살펴보는 책이다. 저자가 직접 수집한 우편사 실체 자료들을 수록하였다.,https://shopping-phinf.pstatic.net/main_3248502/32485027301.20221019131756.jpg, 나봉주, 박영사,2022
사회과학,하루 하나 [Branding] 브랜딩,"퍼스널 브랜드는 누구나 가지고 있다. 자신의 이름이 브랜드이고, 자신이 하는 일이 바로 브랜드이기 때문이다. 하지만 진정 ‘브랜드’라 부르기는 어렵다. 브랜딩 되어 다른 사람들에게 알려지고 이를 통해서 더 많은 일과 더 높은 목표를 달성하며, ‘OO하면 OOO’라고 인식되어 대표할 수 있을 때 비로소 퍼스널 브랜드라 할 수 있기 때문이다.",https://image.aladin.co.kr/product/32226/37/cover500/k282834626_1.jpg, 조연심 지음, HCbooks(힘찬북스),2023
사회과학,하루 하나 [Branding] 브랜딩,"퍼스널 브랜드는 누구나 가지고 있다. 자신의 이름이 브랜드이고, 자신이 하는 일이 바로 브랜드이기 때문이다. 하지만 진정 ‘브랜드’라 부르기는 어렵다. 브랜딩 되어 다른 사람들에게 알려지고 이를 통해서 더 많은 일과 더 높은 목표를 달성하며, ‘OO하면 OOO’라고 인식되어 대표할 수 있을 때 비로소 퍼스널 브랜드라 할 수 있기 때문이다.",https://image.aladin.co.kr/product/32226/37/cover500/k282834626_1.jpg, 조연심 지음, HCbooks(힘찬북스),2023
사회과학,하루 하나 [Branding] 브랜딩,"퍼스널 브랜드는 누구나 가지고 있다. 자신의 이름이 브랜드이고, 자신이 하는 일이 바로 브랜드이기 때문이다. 하지만 진정 ‘브랜드’라 부르기는 어렵다. 브랜딩 되어 다른 사람들에게 알려지고 이를 통해서 더 많은 일과 더 높은 목표를 달성하며, ‘OO하면 OOO’라고 인식되어 대표할 수 있을 때 비로소 퍼스널 브랜드라 할 수 있기 때문이다.",https://image.aladin.co.kr/product/32226/37/cover500/k282834626_1.jpg, 조연심 지음, HCbooks(힘찬북스),2023
사회과학,(공부가 쉬워지는) 청소년 문해력 특강,"중학교의 핵심 과목인 국어, 사회, 과학, 역사 교과서에 나오는 필수 개념어들을 엄선한 뒤, 그것이 왜 그런 이름으로 불리는지, 그 개념이 교과서의 학습 내용과 어떻게 연관되어 있는지를 설명해준다.",https://shopping-phinf.pstatic.net/main_3254583/32545830741.20230920071922.jpg, 김송, 더,2022
사회과학,읽었다는 착각 : 어른들을 위한 문해력 수업,"원문보다 요약본을 찾고 글보다 영상이 더 쉬운, 게으른 세상에 던져진 위험한 어른들을 위한 대한민국 최고 리터러시 전문가들의 문해력 처방전.",https://shopping-phinf.pstatic.net/main_3599439/35994399621.20231004072405.jpg, 조병영 외, EBS Books,2022
사회과학,"(빅데이터 시대, 잘 먹고 잘 사는 현대인의) 필수 교양 정보 문해력","‘정보를 잘 다루는 법’이 뭐냐고 하면, 선뜻 말하기 어렵다. 여기 저명 미래학자 로스 도슨이 25년 간의 연구를 토대로 정리한 명쾌한 답이 있다.",https://shopping-phinf.pstatic.net/main_4220278/42202780645.20230927071121.jpg, 로스 도슨, 프리렉,2023
사회과학,문해력 특강,"문해력이 여전히 화두다. 문해력 저하를 우려하는 목소리가 계속적으로 나오고 있고, 문해력 향상을 위한 각종 교재와 책들이 쏟아지고 있는 요즘의 상황에서 먼저 ‘문해력’이 무엇인지 그리고 왜 중요한지 제대로 알자며, 우리나라 국어교육 연구와 발전에 큰 역할을 해온 정혜승 경인교육대학교 국어교육과 교수와 서수현 광주교육대학교 국어교육과 교수가 의기투합하여 우리 모두를 위한 문해력 길잡이를 내놓았다.",https://shopping-phinf.pstatic.net/main_4996659/49966597623.20240827090218.jpg, 정혜승, 노르웨이숲,2024
사회과학,(연봉 앞자리를 바꾸는)개발자 기술 면접 노트,합격하는 포트폴리오는 무엇이 다를까? 기술 면접에서는 어떤 답변이 최선일까? 이 책은 저자가 SI 업체에서 빅테크 기업으로 이직한 경험과 쿠팡과 카카오 면접관으로 임하며 쌓은 인사이트를 바탕으로 IT 기업 취업과 이직 전략을 상세하게 다룬다. 지원자가 알고 있으면 도움이 될 지식과 정보를 면접관의 관점에서 카테고리별로 정리하였다.,https://shopping-phinf.pstatic.net/main_4649334/46493341619.20240321071030.jpg, 이남희 지음, 한빛미디어,2024
사회과학,10대를 위한 세계 분쟁지역 이야기,"세계의 분쟁지역을 취재하며, 뉴스와 책, 다큐멘터리 등을 통해 그 참상을 전하는 종군기자 프란체스카 만노키가 분쟁지역의 역사와 분쟁의 양상을 이해하기 쉽게 설명해주고, 전쟁이 벌어지거나 그 흔적이 남아 있는 일상 속의 사람들을 만나 그 생생한 이야기를 전한다.",https://shopping-phinf.pstatic.net/main_4327632/43276326618.20231017083424.jpg, 프란체스카 만노키 지음;김현주 옮김, 롤러코스터,2023
사회과학,(자본주의 + 사회주의 세상을 탐험하는)지적인 여성을 위한 안내서,버나드 쇼는 자신의 처제는 물론이고 세상의 모든 지적인 여성을 위해 남자들이 독점하다시피 한 경제와 정치의 세계를 친절하게 안내한다. “노벨문학상과 오스카상을 모두 수상한 작가”라는 명성에 걸맞게 딱딱한 경제 이야기를 유쾌하게 풀어내며 경제의 핵심을 꿰뚫는다.,https://shopping-phinf.pstatic.net/main_4980032/49800320627.20240816071113.jpg, 조지 버나드 쇼 지음;김일기;김지연 [공]옮김, Tendedero(뗀데데로),2024
사회과학,경제학 천재들의 자본주의 워크숍,"스미스, 마르크스, 케인스는 자본주의의 발전 과정을 목격하면서 각각 『국부론』, 『자본론』, 『일반 이론』이라는 기념비적 저서를 남겼다. 경제학 천재들의 삶과 사상을 살펴보며 자본주의의 특징과 대안을 고찰하는 경제 안내서이다.",https://shopping-phinf.pstatic.net/main_4986116/49861164635.20240820090145.jpg, 울리케 헤르만 지음;박종대 옮김, 갈라파고스,2024
사회과학,지도로 보아야 보인다,"아시아, 유럽, 아메리카, 중동, 아프리카 등 5대륙 28개국의 21세기 지정학적 현황을 120개의 생생하고 스펙터클한 지도와 함께 설명하는 책으로, 저자는 프랑스에서 7년째 매주 토요일 저녁 아르테(Arte) TV에서 방영되는 지정학 프로그램인 「Le Dessous des cartes(지도의 이면)」의 진행과 총괄 책임을 맡고 있는 저널리스트다.",https://shopping-phinf.pstatic.net/main_4925594/49255948618.20240720092109.jpg, 에밀리 오브리;프랭크 테타르;토마 앙사르 [공]지음;이수진 옮김, 사이,2024
사회과학,이제는 알아야 할 저작권법,"“이 한 권의 책이 콘텐츠 창작자들의 강력한 무기가 될 것이다!” 한 권으로 마스터하는 저작권법의 모든 것. 누구나 창작자가 되는 콘텐츠의 시대, 저작권에 대한 지식은 필수다. 이 한 권의 책이 콘텐츠 창작자들의 가장 강력한 무기가 될 것이다.",https://shopping-phinf.pstatic.net/main_4082738/40827389636.20230704085559.jpg, 정지우;정유경 [공]지음, 마름모,2023
사회과학,매직 스플릿,"100억대 자산가이자 베스트셀러 작가 박성현의 신간 『매직 스플릿』이 출간되었다. 매직 스플릿은 자산과 현금흐름이 동시에 불어나는 새로운 투자 시스템으로, 가치투자와 단기투자의 단점을 보완하고 장점을 강화해 수익을 극대화한 투자법이다.",https://shopping-phinf.pstatic.net/main_4964421/49644215626.20240815214243.jpg, 박성현 지음, 경이로움,2024
사회과학,재앙의 지리학,제로웨이스트나 플라스틱 사용 줄이기 같은 이른바 ‘착한 소비’가 기후위기를 막을 수 있을까? 시종일관 노동의 관점에서 이 책을 써내려간 지리학자 로리 파슨스는 그런 ‘녹색 전망’에 강한 의혹을 제기하며 글로벌 공급망이 감추고 있는 진실을 파헤친다.,https://shopping-phinf.pstatic.net/main_5003270/50032709627.20240831071032.jpg, 로리 파슨스 지음;추선영 옮김, 오월의봄,2024
사회과학,(10대를 위한)공부머리 문해력,"인공지능이 우리 삶에 깊이 들어오고 있는 요즘, 지금의 10대는 미래에 인공지능과 함께 일할 뿐만 아니라, 그들과 일자리 경쟁도 해야 하다. 이때 인공지능과 차별화되는 인간 고유의 능력이 바로 문해력이다. 문해력이야말로 학교 시험은 물론 수능, 그리고 직장생활까지, 한번 익히면 평생 써먹을 수 있는 궁극의 능력이다.",https://shopping-phinf.pstatic.net/main_4919444/49194445620.20240719071050.jpg, 송숙희 지음, 교보문고,2024
사회과학,바빌론의 부자 멘토와 꼬마 제자,"전 세계에서 가장 많이 읽혔으며 가장 오랫동안 사랑받은 고전, ‘바빌론 최고의 부자는 기업가이자 문학가, 조지 S. 클레이튼이 실제로 발견된 고대 점토판에서 영감을 받아 집필한 책으로, 고대 도시 바빌론을 배경으로 ‘돈을 모으고, 지키고, 불리는 지혜’를 알려주는 보석 같은 우화들을 담고 있다.",https://shopping-phinf.pstatic.net/main_4785947/47859470618.20240824075306.jpg, 조지 S. 클레이슨 지음;김용준 옮김, 퍼스트펭귄,2024
사회과학,협력의 진화,"호혜주의를 기반으로 하는 이타주의가 자연적으로 진화될 수 있음을 과학적으로 증명한다. 『협력의 진화』는 죄수의 딜레마에 대한 획기적인 컴퓨터 모의실험으로 일시에 유명해졌으며, 1984년에 초판이 나온 이래 2006년 개정판, 2024년 40주년 특별판이 출간되기까지 과학, 사회, 정치, 경제, 문학 등 다양한 분야에 막대한 영향을 끼쳤다.",https://image.aladin.co.kr/product/33973/96/cover500/k832930444_1.jpg, 로버트 액설로드 지음 ;이경식 옮김, 시스테마,2024
사회과학,그의 운명에 대한 아주 개인적인 생각,"우리가 묻고 싶었던 것, 그리고 유시민의 답. 우리가 겪어낸 지난 2년을 정리하고 다시 해체해 냉철하게 원인과 결과를 분석하며 개인과 사회가 겪어야 했던 변화들을 일목요연하게 보여준다.",https://shopping-phinf.pstatic.net/main_4837703/48377038621.20240613092330.jpg, 유시민 지음, 생각의길(아름다운사람들),2024
사회과학,"고교학점제, 어떻게 대비할 것인가",새롭게 변화하는 교육체계가 낯선 학부모와 교육자들을 위해 현직 교사이자 엄마들이 고교학점제의 핵심 정보를 전달한다. 초·중·고 단계별 구체적인 준비 방법부터 가정에서 우리 아이 강점을 발견하고 개발하는 활동까지 다루고 있어 학부모와 학생들이 가질 수 있는 의문점들에 명쾌한 해답을 제공한다.,https://shopping-phinf.pstatic.net/main_4962261/49622612622.20240806090146.jpg, 김성아;허인선;조설아 [공]지음, 유아이북스,2024
사회과학,애플 엔비디아 쇼크웨이브,"애플과 엔비디아가 반도체 시장에 뛰어들며 벌어진 격변의 현장과 새로운 반도체 질서의 형성을 다룬다. 이들 기업과 엮이며 새로운 역사를 쓰고 있는 TSMC, 인텔, ARM, 퀄컴, 삼성, 구글, 테슬라 등 반도체 10대 기업도 전격 해부했다.",https://shopping-phinf.pstatic.net/main_4715695/47156956618.20240420070949.jpg, 백종민 지음, 세종,2024
사회과학,AI 반도체 혁명,"반도체 패러다임 변화부터 산업을 좌우하는 핵심 기술들, 현 상황과 미래 시나리오, 지속가능한 인공지능을 위한 네이버의 고민까지 담은 이 책은 AI 반도체를 처음으로 접하는 초보자들에게 최고의 길잡이가 되어줄 것이다.",https://shopping-phinf.pstatic.net/main_4996659/49966599621.20240827090944.jpg, 권순우 외 지음, 페이지2,2024
사회과학,세계미래보고서 2025-2035,"《세계미래보고서》 시리즈는 약 10년 전부터 AI 기술을 중점적으로 소개해왔다. 그리고 이번 《세계미래보고서2025-2035》에서는 세 가지 주요 주제를 소개한다. 티핑포인트에 다다른 기후비상사태의 현황과 두 갈래의 미래, 생성형 AI 2년의 궤적과 AGI의 도래, 그리고 스마트폰처럼 우리 삶의 일상 가전이 될 안드로이드다. 10년 후의 미래를 예상하고 싶다면 이 세 가지 기술에 주목해야 할 것이다.",https://shopping-phinf.pstatic.net/main_5101830/51018307618.20241026071032.jpg, 박영숙;제롬 글렌 [공]지음, 교보문고,2024
사회과학,피벗의 시대 2025년 경제전망,"2024년 8월 5일, 엔 캐리 청산으로 세계 주식시장이 급락했다. 미국 경제 침체에 대한 우려가 커졌지만, 다음 날 긍정적인 경제지표가 발표되면서 시장은 진정되었다. 그러나 '미국 경제 침체'에 대한 불안은 여전히 깊이 남아 있다.",https://shopping-phinf.pstatic.net/main_5019670/50196701618.20240908071007.jpg, 김광석 지음, Eden House(이든하우스),2024
사회과학,IT 트렌드 2025,"《IT 트렌드 2023》부터 시작한 'IT 트렌드' 세 번째 시리즈 《IT 트렌드 2025》에서는 IT 기술과 산업의 흐름을 파악하고 개인, 기업, 정부 등이 꼭 알아야 할 실질적인 가치와 전망을 담았다. 책에서 제시하는 개인이 갖춰야 할 IT 지식, 기업이 만들어야 할 비즈니스 모델, 정부가 실행해야 할 역할을 따라가면 AI 시대에 앞서나가는 돌파구를 찾을 수 있을 것이다.",https://shopping-phinf.pstatic.net/main_5029984/50299845624.20240914071413.jpg, 김지현 지음, CRETA,2024
사회과학,하버드 새벽 4시 반,"중국 CCTV 다큐멘터리 〈세계 유명 대학〉 ‘하버드’ 편의 내용을 바탕으로 출간한 베스트셀러로, 하버드의 특별한 정신과 더불어 하버드생들이 실천하는 시간관리·자기관리의 비법을 ‘노력, 자신감, 열정, 실행력, 배움, 유연한 사고력, 시간관리력, 자기관리력, 꿈, 기회’ 등으로 나눠 총 10장에 걸쳐 소개한다.",https://shopping-phinf.pstatic.net/main_4987793/49877933641.20240822070947.jpg, 웨이슈잉 지음;이정은 옮김, 정민미디어,2024
사회과학,언제부터 사람이 미워졌습니까,"극단적인 주장들이 날을 세우고 자신과 조금이라도 다르면 곧바로 공격하는 세상에서 속단하지 않고 한 걸음 물러나 객관적으로 성찰한다. 그는 사람들이 자신과 다른 이들을 비난하고 배제하고 질투하는 감정은 ‘마음’에서 비롯된다고 지적하며, 다양한 사례를 통해 그 해결책을 제시한다.",https://shopping-phinf.pstatic.net/main_5086576/50865766618.20241017071537.jpg, 박선화 지음, 한길사,2024
사회과학,입소스 더 트렌드 2025,"미래는 불확실하고 이 순간에도 트렌드는 바뀐다. 많은 사람들이 요즘의 변화는 빠르고 급작스럽다고 이야기하지만 사실 이 트렌드를 만드는 시그널들은 있었다. 《입소스 마켓 트렌드 2025》를 통해 현재 어떤 시그널이 우리 주변에서 일어나는지, 향후 어떤 흐름을 만들어 갈지 전망할 수 있을 것이다.",https://shopping-phinf.pstatic.net/main_5066844/50668447630.20241006071236.jpg, 엄기홍;유은혜 [공]지음, 한국경제신문,2024
사회과학,말문이 막힐 때 나를 구하는 한마디,"저자는 다양한 대화법들을 소개하기에 앞서 왜 말문이 막히는 것인지, 어떻게 하면 말문이 트이는지에 대한 여러 단서를 제시한다. 이는 곧 어떻게 하면 뛰어난 순발력을 갖출 수 있을지에 대한 비밀을 풀 수 있는 열쇠가 될 것이다.",https://shopping-phinf.pstatic.net/main_5066846/50668468636.20241006071238.jpg, 마티아스 뇔케 지음;장혜경 옮김, 갈매나무,2024
사회과학,성적을 부탁해 티처스,"지독한 공부 권태기에서 모두를 구원하기 위해 스타 강사 정승제×조정식 선생님이 뭉쳤다. 수학에 발목 잡힌 전교권 학생부터 외고 진학 후 성적 침체기에서 빠져나오지 못해 고민하는 학생, 부모와의 불안정한 관계가 성적에 영향을 미치는 학생 등 다양한 학생들의 학습 과정을 면밀하게 살피고, 문제점을 콕 집어 발견하여 그에 맞는 맞춤 솔루션을 안내한다.",https://shopping-phinf.pstatic.net/main_5079165/50791654635.20241013071126.jpg, 정승제;조정식;<성적을 부탁해 티처스> 제작팀 [공]지음, 다산에듀(다산북스),2024
사회과학,2025 한국이 열광할 세계 트렌드,,https://shopping-phinf.pstatic.net/main_5025960/50259605621.20240911092300.jpg, KOTRA 지음, 시공사,2024
사회과학,요즘 소비 트렌드 2025,"생성형 AI, 챗GPT, 웰니스, 인스타그래머블, 디지털 캠프파이어, 숏폼 등 마케터의 시각으로 본 ‘핫’한 소비 트렌드 읽기! 트렌드가 말하는 메시지를 제대로 이해하는 법을 담은 책이다.",https://shopping-phinf.pstatic.net/main_5051747/50517473618.20240929052154.jpg, 노준영 지음, 슬로디미디어,2024
사회과학,시대예보 호명사회,"‘핵개인의 시대’에 이은 송길영의 두 번째 시대예보는 ‘호명사회’다. 핵개인들이 서로의 이름을 부르는 호명사회는 조직의 이름 뒤에 숨을 수도, 숨을 필요도 없는 사회다. 자신이 한 일을 책임지고 온전히 자신이 한 일에 보상을 받는 새로운 공정한 시대인 호명사회는 어디까지 왔으며, 이 시대에 생존하기 위해 우리는 무엇을 준비하고 어떤 선택을 해야 할까?",https://shopping-phinf.pstatic.net/main_5019946/50199466618.20240910090607.jpg, 송길영 저, 교보문고,2024
사회과학,광고의 모든 것,"광고의 탄생과 역사부터, 다양한 광고 매체와 광고 기법, 오늘날 광고를 담당하는 광고대행사, 광고계의 주요 인물들, 나아가 마케팅과 광고 심리학, 미래의 광고에 이르는 전 과정을 다룬다. 또한, 이해를 돕는 일러스트가 더해져 광고에 대한 다양한 예시들을 곁들여 가며 읽을 수 있을 것이다.",https://shopping-phinf.pstatic.net/main_4502520/45025208619.20240104153804.jpg, 김재인 지음;위수연 그림, 그림씨,2024
사회과학,영원한 젊음의 땅과 미녀의 무적 함대,"‘세계설화를 읽다’ 시리즈는 휴머니스트 출판사에서 세계 최초로 펴낸 청소년을 위한 세계설화 모음집이다. 5권의 주제는 ‘도전과 모험’로, 낯설고 새로운 세계로 나아가서 삶의 새 경지를 이뤄낸 다양한 인물들의 특별한 이야기들이 담겨 있다.",https://shopping-phinf.pstatic.net/main_4715694/47156948623.20240420070958.jpg, 신동흔 지음;순미 그림, 휴머니스트,2024
사회과학,태양과 달을 얻은 사르센바이,‘세계설화를 읽다’ 시리즈는 휴머니스트 출판사에서 세계 최초로 펴낸 청소년을 위한 세계설화 모음집이다. 구비문학 연구자로 이름 높은 신동흔 교수님이 세계 곳곳의 가치 있는 설화들을 가려뽑아 주제별로 각 권을 구성하고 청소년이 눈높이에 맞추어 쉽게 풀어썼다.,https://shopping-phinf.pstatic.net/main_4594433/45944337620.20240222090857.jpg, 신동흔 지음;최아영 그림, 휴머니스트,2024
사회과학,솔직하고 대담한 에너지 이야기,"시프트 프로젝트의 창립자인 기후와 에너지 분야 전문가와 앙굴렘국제만화페스티벌 최우수 작품상 수상 작가의 만남으로 탄생했다. 장마크르와 크리스토프는 에너지가 무엇인지부터, 우리 사회가 에너지를 어떻게 쓰고 있는지, 사는 방식을 바꾸기 위해 무엇을 해야 하는지까지 자세하게 짚어 준다.",https://shopping-phinf.pstatic.net/main_4477838/44778380626.20231221092303.jpg, 장마르크 장코비시;크리스토프 블랭 [공]글;크리스토프 블랭 그림;장한라 옮김, 탐(토토북),2023
사회과학,평등에 숨겨진 이야기,"‘평등’이라는 이상에 가려진 우리 사회의 불평등한 현실을 고발하는 책이다. 평등의 개념, 불평등의 원인, 불평등을 정당화하는 주장들, 불평등의 폐해, 현실을 바꿀 해법 등을 여섯 장에 걸쳐 세세히 짚어내고 있다.",https://shopping-phinf.pstatic.net/main_4083853/40838539621.20230927071304.jpg, 황규성 글, 내일을여는책,2023
사회과학,학교 폭력에 관한 모든 질문,"괴롭힘의 뿌리부터 현재 양상까지 알차게 다룬다. 학생, 양육자, 학교 상담사, 보건 교사, 교장, 교사, 교육자, 심리 상담사 등 학교 내 괴롭힘을 끝내고 싶은 모든 이에게 요긴한 지침서이자 기본서가 되어 줄 것이다.",https://shopping-phinf.pstatic.net/main_4714365/47143658619.20240419071113.jpg, 에마뉘엘 피케 지음;장한라 옮김, 주니어태학,2024
사회과학,젊치인을 키우고 있습니다,"만 39세 이하의 정치인을 키우는 정당 밖 인재팀, ‘뉴웨이즈’가 2021년부터 지방선거와 총선을 겪으며 고군분투한 실험과 도전의 기록이다. ‘젊치인’이란 용어를 만든 이유, 젊치인을 성장시키는 정치학습 커뮤니티 ‘뉴웨이즈 메이트’와 정치인을 위한 2030 유권자 연결 플랫폼 ‘뉴웨이즈 피드’의 탄생기, 2만 8700명의 2030세대 유권자를 불러모은 비법을 한 권의 책에 꾹꾹 눌러 담았다.",https://shopping-phinf.pstatic.net/main_4802532/48025321620.20240529101551.jpg, 뉴웨이즈 지음, 위즈덤하우스,2024
사회과학,내일은 내 일이 가까워질 거야,"12명의 직업인이 언젠가 일터의 동료가 될 청소년에게 들려주는 다정하고 생생한 일 이야기가 담겨 있다. 최신 과학 기술을 이용하는 일부터 콘텐츠를 기획하는 일까지, 다양한 사람을 연결하는 일부터 손과 발을 움직여 나만의 노하우를 쌓는 일까지 모두 만날 수 있다.",https://shopping-phinf.pstatic.net/main_4281698/42816988620.20230928092010.jpg, 김시원 외 지음, 휴머니스트,2023
사회과학,꼬리에 꼬리를 무는 경제 이야기,"경제의 흐름을 주축으로 경제 전반에 관해 알려 주는 경제 입문서다. 고대의 물물교환부터 현재의 암호화폐까지 경제의 역사를 줄기 삼아 환율, 은행, 암호화폐 등 경제의 핵심 가지들도 쉽고 흥미롭게 알려 준다. 경제를 인류사라는 큰 틀에서 다룬 후 한국의 경제사를 따로 조명함으로써 독자들이 한국의 경제를 큰 시각에서 바라볼 힘도 길러 준다.",https://shopping-phinf.pstatic.net/main_4833338/48333386618.20240611102224.jpg, 석혜원;연유진 [공]지음, 주니어태학,2024
사회과학,기계 속의 유령,"AI의 괄목할 발전이 인간 삶에 미치는 영향과 미래 전망을 AI의 역사와 함께 담아낸 책이다. 저술과 강연, 유튜브 채널 등을 통해 과학커뮤니케이터로 활동해온 저자는 AI 혁명을 탄생시킨 인류 문명사를 인문사회와 과학기술을 넘나들며 들려준다.",https://shopping-phinf.pstatic.net/main_4603062/46030620619.20240227095134.jpg, 원종우 글, 내일을여는책,2024
사회과학,국제기구 없으면 세계가 망할까?,"제목의 단순한 물음에 답이 되어 주는 청소년 인문 교양서다. 세계화 시대, 우리가 발붙이고 살아가는 지구촌을 이해하기 위해 꼭 알아야 할 지식으로서 국제기구를 깊이 들여다본다. 국제기구의 설립 배경, 목표, 주요 활동을 소개하는 것은 기본이고, 과거부터 현재에 이르기까지 국제 이슈도 되짚어 본다.",https://shopping-phinf.pstatic.net/main_5002326/50023269643.20240829071751.jpg, 김미조 지음, 다른,2024
사회과학,나는 포기를 모른다,"아놀드의 조언과 인생 이야기는 다소 돌직구처럼 거칠고 꾸밈이 없지만, 그것이 바로 가공되지 않은 그만의 매력이다. 이 책은 아놀드의 78년 인생의 빛나는 업적을 나열하기보다, 평범한 인간이 어떻게 비범한 삶을 살았는지에 대한 진솔한 고백록이다.",https://shopping-phinf.pstatic.net/main_4980036/49800365770.20240816071302.jpg, 아놀드 슈워제네거 지음;정지현 옮김, 현대지성,2024
사회과학,라이프 트렌드 2025 : 조용한 사람들,"2013년 첫선을 보인 《라이프 트렌드》는 국내 최고의 라이프스타일 트렌드 전문 시리즈로 매해 핵심 트렌드를 날카롭고 흥미진진하게 전망, 분석하면서 12년 연속 베스트셀러 자리를 지켜왔다. 이번 《라이프 트렌드 2025: 조용한 사람들》에서는 ‘조용함(Quiet & Silent)’을 가장 중요한 트렌드로 주목한다.",https://shopping-phinf.pstatic.net/main_5025653/50256537630.20241006071243.jpg, 김용섭 지음, 부키,2024
사회과학,머니코치 최준호의 네이버 3대장 마케팅,"저자의 10년 이상 네이버 마케팅 경력을 눌러 담은 책으로, 네이버 블로그를 어떻게 꾸미는지, 스킨을 어떻게 바꾸는지와 같은 기초적인 내용은 다루지 않는다. 네이버 로직에 대한 자세한 설명, 최적화와 씨랭크를 만드는 구체적인 방법, 상위 노출을 위한 키워드 추출 방법, 내가 운영하는 네이버 채널의 경쟁력을 파악하는 방법 등 진정한 네이버 마케팅에 필요한 정보들만 명확하게 제공한다.",https://shopping-phinf.pstatic.net/main_5097015/50970154623.20241024071201.jpg, 최준호 지음, 한빛미디어,2024
사회과학,가난한 찰리의 연감,"현자들의 현자, 가치 투자의 귀재, 기업계의 거인… 워런 버핏과 함께 버크셔 해서웨이를 시가총액 1조 달러(2024년 9월 기준)가 넘는 지주회사로 성장시킨 찰리 멍거를 수식하는 말이다. 찰리 멍거는 워런 버핏이 “맹목적으로 따랐던” 가장 신뢰하고 의지했던 친구이자 동업자로, 100세 생일을 한 달여 앞둔 2023년 11월 28일 세상을 떠났다. 하지만 그의 통찰은 《가난한 찰리의 연감》으로 남았다.",https://shopping-phinf.pstatic.net/main_5103243/51032432618.20241027071121.jpg, 찰리 멍거 지음;피터 코프먼 엮음;김태훈 옮김, 김영사,2024
사회과학,자유로부터의 도피,"<소유냐, 존재냐>, <사랑의 기술> 등을 통해, 수많은 독자를 확보하고 있는 철학자이자 심리학자 에리히 프롬의 주저가 번역가 김석희의 정확하고 유려한 번역으로 새로 태어났다.",https://shopping-phinf.pstatic.net/main_3248547/32485479344.20231003084415.jpg, 에리히 프롬 지음;김석희 옮김, 휴머니스트,2020
사회과학,(왕초보도 바로 돈 버는)부동산 경매의 기술,"일찍부터 경매에 뛰어든 두 저자가 좀 더 많은 사람들이 경매 투자로 부를 얻는 데 도움이 되고자 부린이를 위한 경매 입문서를 출간했다. 아파트, 빌라, 지식산업센터뿐 아니라 토지, 자동차까지 다양한 종류의 경매와 공매 투자 전략을 알려준다.",https://shopping-phinf.pstatic.net/main_3244100/32441008981.20240827082522.jpg, 정민우;유근용 [공]지음, 비즈니스북스,2021
사회과학,경매 권리분석 이렇게 쉬웠어?,"대부분의 초보들이 권리분석 공부가 어려워 경매 투자를 중도 포기하는데, 그것은 권리분석이 어려워서가 아니라 어렵게 공부하기 때문이다. 저자는 그동안 자신이 직접 투자했던 물건을 바탕으로, 실수하지 않고 쉽게 권리분석하는 방법과 쉬운 물건만으로도 부를 쌓은 자신의 노하우를 진하게 담아냈다.",https://shopping-phinf.pstatic.net/main_3244151/32441514676.20230321163553.jpg, 박희철(파이팅팔콘) 지음, 지혜로,2019
사회과학,송사무장의 부동산 경매의 기술,고수는 감정가에 얽매이지 않고 자유롭게 수익을 만들어낸다. 송사무장만이 들려줄 수 있는 유쾌하고도 명쾌한 경매 이야기가 당신을 경매 투자 고수의 길로 이끌 것이다.,https://shopping-phinf.pstatic.net/main_3243640/32436403627.20230321162618.jpg, 송희창 지음, 지혜로,2017
사회과학,유튜브가 우리에게 없었다면,"영남대학교 미디어커뮤니케이션학과 교수인 저자는 과거로 거슬러 올라가 숱하게 나타나고, 발전하고, 사라지고, 다시 나타났던 온갖 미디어의 생애를 보여 주며 우리에게 묻는다. 10년 후에도 유튜브나 인스타그램이 필수일까? 미디어는 우리 삶에 어떤 존재이며, 또 어떤 모습으로 변해 갈까?",https://shopping-phinf.pstatic.net/main_5088070/50880708626.20241017092227.jpg, 주형일 지음, 다른,2024
사회과학,고스트 티처의 밀착 과외,"고1, 첫 시험, 수학 48점. 이 세 가지 키워드만 들으면 우리의 주인공 ‘정우주’가 얼마나 평범한 학생일지는 모두 짐작할 수 있을 것이다. 이 책은 우주가 수상하게 공부를 잘하는 정체불명의 존재 ‘지니’를 우연히 마주하며 벌어지는 코믹 감동 일상 판타지를 담고 있다.",https://shopping-phinf.pstatic.net/main_4997380/49973806626.20240827090536.jpg, 로서하;이윤원 [공]지음, 우리학교,2024
사회과학,무심코 댓글을 달았던 십대에게,"별 고민 없이 올리고 쓴 글 때문에 명예훼손죄, 모욕죄로 처벌받을 수 있음을 알려 준다. 명예훼손죄, 모욕죄가 무엇이고, 어떤 조건에서 죄가 성립하고, 그 경우 어떤 처벌을 받는지 변호사인 저자들이 직접 맡았거나 자주 일어나는 사건들을 놓고 찬찬히 설명해 나간다.",https://shopping-phinf.pstatic.net/main_4378432/43784329659.20231103092136.jpg, 송시현;현서유 [공]지음, 주니어태학(태학사),2023
사회과학,(2025)에듀윌 취업 GSAT 삼성직무적성검사 통합 기본서,온라인 필기시험으로 변경된 GSAT에 완벽히 대비할 수 있도록 최근 시행된 2024년 상·하반기 GSAT의 난이도를 전격 반영하였고 출제 유형별 정석적인 풀이 방법과 실전에서 사용할 수 있는 빠른 문제 풀이 방법을 수록하여 문제 풀이 시간을 단축할 수 있도록 하였다.,https://shopping-phinf.pstatic.net/main_5204354/52043549625.20241224071119.jpg, 에듀윌 취업연구소 지음, 에듀윌,2025
사회과학,(2025)해커스 GSAT 삼성직무적성검사 통합 기본서 최신기출유형 + 실전모의고사,최신 출제경향을 반영한 이론과 문제로 수리/추리 영역의 빈출 유형과 유형별 공략법을 파악하고 효율적으로 학습할 수 있다. 이후 최신기출동형문제 및 출제예상문제와 실전모의고사를 풀어보며 한 권으로 GSAT 최신기출유형을 완전 정복할 수 있다.,https://shopping-phinf.pstatic.net/main_5204573/52045733618.20241223072626.jpg, 해커스 GSAT 취업교육연구소 지음, 해커스잡,2025
사회과학,특권계급론,특권이 작동하는 방식을 본격 추적한다. 부와 영향력을 가진 특권계급에게 왜 사회는 혜택을 부여하는가? 엘리트 특권은 다양한 방식으로 사회에 해를 끼치는데 왜 수정되지 않는가? 엘리트들은 어떤 걸 활용해서 자신의 특권을 유지하고 재생산하는가?,https://shopping-phinf.pstatic.net/main_5324830/53248302320.20250228092326.jpg," 클라이브 해밀턴,마이라 해밀턴 지음;유강은 옮김", 오월의봄,2025
사회과학,넥스트 인텔리전스,"인공 지능의 발달로 인간 지능의 역할과 지위가 근본적으로 바뀌면서, 우리는 모든 영역에서 새로운 도전과 선택을 마주하고 있다. 이런 상황에서 우리가 궁금한 것은 하나다. 인공 지능의 시대를 어떻게 대비해야 하는가? 이 책의 저자 로랑 알렉상드르는 막연한 디스토피아적 우려나 상상 대신 초지능 시대에 인류가 직면할 기회와 위기를 심도 있게 분석한다.",https://shopping-phinf.pstatic.net/main_5346617/53466174466.20250314093229.jpg, 로랑 알렉상드르 지음;임호경 옮김, 열린책들,2025
사회과학,ETF 투자 7일 완성,"12년간 펀드매니저로 일했고, 투자상품 전략과 ETF 기초지수 개발까지 두루 전문성을 쌓아온 저자에게 ETF 투자의 정석을 들어본다. ETF의 구성 원리부터 종류, 세금과 수수료, 구체적인 투자 섹터, 포트폴리오 구성 방법, 국가별 지수 ETF의 특징 등을 쉽고 너르게 알려준다.",https://shopping-phinf.pstatic.net/main_5190469/51904693618.20241213092151.jpg, 신성호 지음, 한국경제신문,2024
사회과학,뉴스를 전합니다 빅데이터와 인공지능,"디지털투데이, 한국경제, 아시아경제, 아시아투데이 등에 게재된 칼럼을 엮어 만든 이 책은 우리 생활 속에 빅데이터와 인공지능이 어떻게 스며들어 있는지 구체적으로 이야기하며 국내 IT 현황을 생생하게 전달한다.",https://shopping-phinf.pstatic.net/main_3244102/32441026003.20230919123216.jpg, 김동철 지음, 영진.com,2021
사회과학,챗GPT 자기소개서,취준생에게 챗GPT를 활용한 구직 방법을 제시한다. AI를 적절히 활용한다면 어색한 표현을 수정할 수 있고 더 나은 표현을 찾을 수도 있다. 또한 챗봇의 추천을 맹신하고 그대로 제출하기보다 자기만의 표현을 가미해 낼 것을 조언한다.,https://shopping-phinf.pstatic.net/main_4132107/41321078618.20230919123432.jpg," 윤영돈,김영재 공저", 지식공감,2023
사회과학,자발적 공부법 코칭 전략,"스스로 계획하고 스스로 실천하는 공부, 즉 자기주도 학습의 중요성을 알면서도 어떻게 해야 할지를 몰라 어려움을 겪는 학생과 부모, 그리고 교육 전문가를 위해 구체적이고 실질적인 원칙과 사례를 소개한다.",https://shopping-phinf.pstatic.net/main_5346761/53467610139.20250311092603.jpg, 김소연 지음, 프롬북스,2025
사회과학,국민이 먼저입니다,새로운 시대로 나아가는 한동훈의 국민을 위한 ‘선택’과 ‘생각’이 담겨 있는 책이다.,https://shopping-phinf.pstatic.net/main_5309545/53095453159.20250220092234.jpg, 한동훈 지음, 메디치,2025
사회과학,이게 되네? 챗GPT 미친 활용법 71제,"챗GPT 분야 25주 연속 베스트셀러인 《이게 되네? 챗GPT 미친 활용법 51제》가 최신 챗GPT 업데이트를 반영하여 완전히 새로운 개정판으로 다시 찾아왔다. 인공지능 시대에 일잘러, 작가, 영상 편집자, 현인으로서 살아갈 여러분의 마법의 지팡이가 되어줄 것이다.",https://shopping-phinf.pstatic.net/main_5219299/52192991632.20250101071732.jpg, 오힘찬 저, Golden Rabbit(골든래빗),2025
사회과학,린치핀,"세상은 변하고 있으며 삶과 일은 그 어느 때보다도 어려워졌다. AI가 일으키는 혁명을 눈앞에서 목격하며, 대체 나는 어떻게 해야 하고 세상에 내가 설 자리는 있는 것인지 두렵고 혼란스럽다. 이때 우리는 어떤 선택을 해야 할까? 세계에서 가장 영향력 있는 마케팅 전략가이자 30여 년간 마케팅의 최전선에서 혁명을 이끌어온 세스 고딘은 15년 전 《린치핀》을 출간하며, 대체 불가능한 인재의 중요성을 역설했다.",https://shopping-phinf.pstatic.net/main_5114180/51141809623.20241102071337.jpg, 세스 고딘 지음;윤영삼 옮김, 필름,2024
사회과학,행동하지 않으면 인생은 바뀌지 않는다,"어제보다 1% 더 나아진 행동이 무기력을 쾌감으로 바꾸고 잠자던 성장 본능을 깨우며 마침내 당신을 성공으로 이끈다. 당신의 출신과 환경은 중요하지 않다. 오직 행동만이 당신을 원하는 곳으로 데려갈 것이다. 이 책에는 목표 시각화부터 시간의 마법 같은 활용법까지, 저자가 평생 연구하고 증명한 성공 전략이 빼곡히 담겨 있다.",https://shopping-phinf.pstatic.net/main_5134392/51343921621.20241112081326.jpg, 브라이언 트레이시 지음;정지현 옮김, 현대지성,2024
사회과학,미국주식 처음공부,"이레미디어에서 처음 선보인 ‘처음공부’ 시리즈다. 월급만으로는 자산 증식을 꿈꾸기 어려운 시대, 미국주식에 투자하고 싶지만 무엇을 어떻게 시작해야 할지 막막한 초보자들이 믿고 따라할 수 있도록 2030의 눈높이 맞춘 《미국주식 처음공부》가 첫 번째로 나왔다.",https://shopping-phinf.pstatic.net/main_4514877/45148773618.20240111070929.jpg, 수미숨 지음;애나정 공저, 이레미디어,2024
사회과학,부자 아빠 가난한 아빠,『부자 아빠 가난한 아빠 1』의 내용에 세계 금융 변화에 맞춘 41개의 ‘20년 전 그리고 오늘’과 토론과 실천을 위한 10가지 ‘스터디세션’ 등 원고지 500매 분량이 추가된 업그레이드 에디션.,https://image.aladin.co.kr/product/13492/56/cover500/k162532501_2.jpg, 로버트 기요사키 지음;안진환 옮김, 민음인,2018
사회과학,부자는 왜 더 부자가 되는가,"불확실성이 증가하고 부자와 중산층, 빈곤층의 빈부격차가 심화되는 시대에 꼭 필요한 ‘진정한 금융 교육’의 핵심을 담은 『부자는 왜 더 부자가 되는가』. 이 책은 전 세계에서 4천만 부 이상 판매된 재테크 밀리언셀러 ‘부자 아빠 가난한 아빠’ 시리즈로, 중산층과 빈곤층이 위기에 처할 때도 부자가 더욱 부유해지는 차이점이 세금, 시장의 폭락, 부채를 적극적으로 활용하는 부자들의 금융 마인드에 있음을 밝힌다.",https://shopping-phinf.pstatic.net/main_5274047/52740471909.20250201092504.jpg, 로버트 기요사키 지음;오웅석 옮김, 민음인(민음사),2025
사회과학,나라를 위해서 일한다는 거짓말,"한국 공직사회와 공무원에 관한 폭탄과 같은 책이 출간되었다. 행정고시를 패스하고 문화체육관광부에서 10년을 일하다가 스스로 그만둔 전직 서기관 노한동이 쓴 책이다. 그는 공직사회에서 오랫동안 몸담은 내부자만이 가질 수 있는 시각으로 정부와 관료 조직을 생생하게 폭로하고, 그 조직 구성원들이 ‘나라를 위해서 일한다는 거짓말’을 심층적으로 비판한다.",https://shopping-phinf.pstatic.net/main_5208087/52080873618.20241224084518.jpg, 노한동 지음, 사이드웨이,2024
사회과학,나는 AI와 공부한다,"전작 《나는 공짜로 공부한다》 이후 12년이 지난 지금, 살만 칸은 AI 개인교사가 아이들의 창조성을 자극하고 잠재력을 끌어올릴 거라고 긍정적으로 전망한다. 이 책에서 교육의 미래를 한눈에 확인할 수 있다. 우리는 지금 교육의 전환점에 서 있다.",https://shopping-phinf.pstatic.net/main_5238336/52383362622.20250111114158.jpg, 살만 칸 지음;박세연 옮김, RHK(알에이치코리아),2025
사회과학,10대와 통하는 생활 속 법률 문해력,"10대를 위한 책도둑 시리즈 45권. SNS, 노동, 범죄, 인권, 환경권, 정치, 교육, 손해배상, 독도에 이르기까지 다양한 분야를 주제로 청소년들이 실생활에서 겪게 되는 법률 문제를 법조문과 판례를 통해 쉽게 다루고 있다.",https://shopping-phinf.pstatic.net/main_4809580/48095803620.20240602071005.jpg, 서창효 외 지음;나유진 그림, 철수와영희,2024
사회과학,법에 숨겨진 이야기,"청소년에게 친숙한 에피소드를 통해 법의 기본 체계와 지식 등 법의 이모저모를 풀어낸 책이다. 방송, 강연 등을 통해 법을 쉽게 알리는 데 매진해온 양지열 변호사가 집필했다. 일상에 스며 있는 법의 원리를 소개하며 청소년 독자들에게 ‘법의 주인이 국민’임을 일깨워준다.",https://shopping-phinf.pstatic.net/main_5184243/51842438618.20241210081832.jpg, 양지열 지음, 내일을여는책,2024
사회과학,엔비디아 레볼루션,"젠슨 황과 엔비디아 관계자 100여 명을 직접 인터뷰하여 그들의 생생한 목소리와 엔비디아 일대기를 엮어낸 책이다. 엔비디아 31년의 이야기를 1년 이상의 심층 취재를 거쳐 448페이지의 가장 완전한 형태로 정리한 다큐 스토리이자, 젠슨 황의 기업철학을 담아낸 경영서이다.",https://shopping-phinf.pstatic.net/main_5346725/53467256355.20250311092612.jpg, 태 킴 지음;김정민 옮김, 서삼독,2025
사회과학,별별 직업 상담소,"어느 날 지구에 외계인이 불시착했다. 지구에 정착해서 살아가기 위해선 ‘직업’을 구해야 한단 생각에 외계인은 ‘별별 직업 상담소’에 찾아와, 세상 속 별별 특이한 직업들을 소개받으며 일과 직업의 세계를 탐구한다. 이 책은 요시타케 신스케 특유의 통찰력으로 일의 본질을 콕 찌르는 대사들이 나온다.",https://shopping-phinf.pstatic.net/main_5368394/53683947977.20250322071228.jpg, 요시타케 신스케 지음;권남희 옮김, 주니어김영사,2025
사회과학,"릿LIT, 완전한 몰입","‘릿’은 고도의 몰입으로 뇌가 활성화되어 높은 에너지를 내는 상태를 말한다. 우리 뇌가 깨달음, 경외감, 흥분에 도달하면 뇌 신경세포가 활성화되면서 기능적 자기공명영상(fMRI)으로 봤을 때 불이 밝혀진 상태가 된다. 릿을 활용하면 이처럼 우리 뇌에도 불을 켤 수 있다.",https://shopping-phinf.pstatic.net/main_5339376/53393761436.20250307093714.jpg, 제프 카프 지음;김미정 옮김, 비즈니스북스,2025
사회과학,오늘도 무사히 퇴근했습니다,"회사라는 낯선 사회, 그곳에 적응하려면 약간의 눈치 챙김과 적당한 위선, 아무것도 모르겠다는 듯한 능청이 필요하다고 말하는 《오늘도 무사히 퇴근했습니다》가 김영사에서 출간되었다. 1월 1일부터 12월 31일까지, ‘요즘’ 직장인이 갖춰야 할 태도와 마인드, 소소한 지식 365개를 소개한다.",https://shopping-phinf.pstatic.net/main_5202647/52026477621.20241221072027.jpg, 하야시 유지 글;요시타케 신스케 그림;양지연 옮김, 김영사,2024
사회과학,(2025)에듀윌 취업 GSAT 삼성직무적성검사 통합 기본서,온라인 필기시험으로 변경된 GSAT에 완벽히 대비할 수 있도록 최근 시행된 2024년 상·하반기 GSAT의 난이도를 전격 반영하였고 출제 유형별 정석적인 풀이 방법과 실전에서 사용할 수 있는 빠른 문제 풀이 방법을 수록하여 문제 풀이 시간을 단축할 수 있도록 하였다.,https://shopping-phinf.pstatic.net/main_5204354/52043549625.20241224071119.jpg, 에듀윌 취업연구소 지음, 에듀윌,2025
사회과학,(2025)해커스 GSAT 삼성직무적성검사 통합 기본서 최신기출유형 + 실전모의고사,최신 출제경향을 반영한 이론과 문제로 수리/추리 영역의 빈출 유형과 유형별 공략법을 파악하고 효율적으로 학습할 수 있다. 이후 최신기출동형문제 및 출제예상문제와 실전모의고사를 풀어보며 한 권으로 GSAT 최신기출유형을 완전 정복할 수 있다.,https://shopping-phinf.pstatic.net/main_5204573/52045733618.20241223072626.jpg, 해커스 GSAT 취업교육연구소 지음, 해커스잡,2025
사회과학,(2025)해커스 GSAT 삼성직무적성검사 통합 기본서 최신기출유형 + 실전모의고사,최신 출제경향을 반영한 이론과 문제로 수리/추리 영역의 빈출 유형과 유형별 공략법을 파악하고 효율적으로 학습할 수 있다. 이후 최신기출동형문제 및 출제예상문제와 실전모의고사를 풀어보며 한 권으로 GSAT 최신기출유형을 완전 정복할 수 있다.,https://shopping-phinf.pstatic.net/main_5204573/52045733618.20241223072626.jpg, 해커스 GSAT 취업교육연구소 지음, 해커스잡,2025
사회과학,(2025)해커스 GSAT 삼성직무적성검사 통합 기본서 최신기출유형 + 실전모의고사,최신 출제경향을 반영한 이론과 문제로 수리/추리 영역의 빈출 유형과 유형별 공략법을 파악하고 효율적으로 학습할 수 있다. 이후 최신기출동형문제 및 출제예상문제와 실전모의고사를 풀어보며 한 권으로 GSAT 최신기출유형을 완전 정복할 수 있다.,https://shopping-phinf.pstatic.net/main_5204573/52045733618.20241223072626.jpg, 해커스 GSAT 취업교육연구소 지음, 해커스잡,2025
사회과학,(2025)해커스 GSAT 삼성직무적성검사 통합 기본서 최신기출유형 + 실전모의고사,최신 출제경향을 반영한 이론과 문제로 수리/추리 영역의 빈출 유형과 유형별 공략법을 파악하고 효율적으로 학습할 수 있다. 이후 최신기출동형문제 및 출제예상문제와 실전모의고사를 풀어보며 한 권으로 GSAT 최신기출유형을 완전 정복할 수 있다.,https://shopping-phinf.pstatic.net/main_5204573/52045733618.20241223072626.jpg, 해커스 GSAT 취업교육연구소 지음, 해커스잡,2025
사회과학,뉴스를 전합니다 빅데이터와 인공지능,"디지털투데이, 한국경제, 아시아경제, 아시아투데이 등에 게재된 칼럼을 엮어 만든 이 책은 우리 생활 속에 빅데이터와 인공지능이 어떻게 스며들어 있는지 구체적으로 이야기하며 국내 IT 현황을 생생하게 전달한다.",https://shopping-phinf.pstatic.net/main_3244102/32441026003.20230919123216.jpg, 김동철 지음, 영진.com,2021
사회과학,뉴스를 전합니다 빅데이터와 인공지능,"디지털투데이, 한국경제, 아시아경제, 아시아투데이 등에 게재된 칼럼을 엮어 만든 이 책은 우리 생활 속에 빅데이터와 인공지능이 어떻게 스며들어 있는지 구체적으로 이야기하며 국내 IT 현황을 생생하게 전달한다.",https://shopping-phinf.pstatic.net/main_3244102/32441026003.20230919123216.jpg, 김동철 지음, 영진.com,2021
사회과학,뉴스를 전합니다 빅데이터와 인공지능,"디지털투데이, 한국경제, 아시아경제, 아시아투데이 등에 게재된 칼럼을 엮어 만든 이 책은 우리 생활 속에 빅데이터와 인공지능이 어떻게 스며들어 있는지 구체적으로 이야기하며 국내 IT 현황을 생생하게 전달한다.",https://shopping-phinf.pstatic.net/main_3244102/32441026003.20230919123216.jpg, 김동철 지음, 영진.com,2021
사회과학,"로봇 시대, 인간의 일",저자는 인공지능 로봇 시대라는 문명사적 전환에 대해 우리가 맞닥뜨릴 현실을 구체적으로 질문한다. 10가지의 미시적 질문들이 엮어낸 미래에 관한 생생한 지도는 새로운 기술 정보와 떠오르는 이슈에 대한 파편적 접근을 뛰어넘어 우리에게 거시적 안목과 실질적 교양을 제공한다.,https://shopping-phinf.pstatic.net/main_3244496/32444968349.20230919130546.jpg, 구본권 지음, 어크로스,2020
사회과학,"로봇 시대, 인간의 일",저자는 인공지능 로봇 시대라는 문명사적 전환에 대해 우리가 맞닥뜨릴 현실을 구체적으로 질문한다. 10가지의 미시적 질문들이 엮어낸 미래에 관한 생생한 지도는 새로운 기술 정보와 떠오르는 이슈에 대한 파편적 접근을 뛰어넘어 우리에게 거시적 안목과 실질적 교양을 제공한다.,https://shopping-phinf.pstatic.net/main_3244496/32444968349.20230919130546.jpg, 구본권 지음, 어크로스,2020
사회과학,챗GPT 자기소개서,취준생에게 챗GPT를 활용한 구직 방법을 제시한다. AI를 적절히 활용한다면 어색한 표현을 수정할 수 있고 더 나은 표현을 찾을 수도 있다. 또한 챗봇의 추천을 맹신하고 그대로 제출하기보다 자기만의 표현을 가미해 낼 것을 조언한다.,https://shopping-phinf.pstatic.net/main_4132107/41321078618.20230919123432.jpg," 윤영돈,김영재 공저", 지식공감,2023
사회과학,YES를 이끌어내는 협상법,"싫든 좋든 우리는 협상하지 않을 수 없다. 전형적인 협상 전략을 사용할 경우, 때로 불만족스럽거나 지치거나 사람들로부터 따돌림을 당할 수도 있다. 이 책에서는 제3의 협상법으로 하버드 협상 프로젝트에서 개발한 '원칙화된 협상 방법'을 다룬다.",https://shopping-phinf.pstatic.net/main_3248717/32487171157.20230919131741.jpg," 윌리엄 유리,브루스 패튼,로저 피셔 지음;박영환,이성대 옮김", 장락,2014
사회과학,YES를 이끌어내는 협상법,"싫든 좋든 우리는 협상하지 않을 수 없다. 전형적인 협상 전략을 사용할 경우, 때로 불만족스럽거나 지치거나 사람들로부터 따돌림을 당할 수도 있다. 이 책에서는 제3의 협상법으로 하버드 협상 프로젝트에서 개발한 '원칙화된 협상 방법'을 다룬다.",https://shopping-phinf.pstatic.net/main_3248717/32487171157.20230919131741.jpg," 윌리엄 유리,브루스 패튼,로저 피셔 지음;박영환,이성대 옮김", 장락,2014
사회과학,(위포트 공기업)엔NCS 통합기본서,,https://dls2.edunet.net/DLS/api/homepage/holding/getCoverImage.do?prov_code=E10&neis_code=E100000276&bib_key=34206344911, 위포트 연구소 지음, Weport(위포트),2025
사회과학,(챗대리의)따라하면 바로 되는 AI 마케팅 자동화,"따라하면 바로 되는 AI 마케팅 자동화 실습서다. 저자가 실무에 활용할 수 있도록 수많은 학습과 시행착오를 거쳐 만들었다. 몇십 분이면 자동화가 가능할 것을 몇 시간, 하루 종일 시름하는 독자라면, 이 책으로 생산성 향상을 이뤄보기 바란다.",https://dls2.edunet.net/DLS/api/homepage/holding/getCoverImage.do?prov_code=E10&neis_code=E100000276&bib_key=34206466946, 챗대리(박진주) 지음, 로드북,2025
사회과학,챗GPT는 내 비서,"일상생활이 바뀌면 비즈니스가 바뀌고 산업이 바뀐다. <챗GPT는 내 비서>는 생성형 AI, 특히 챗GPT를 비즈니스와 일상생활에서 어떻게 활용할 수 있는지 체계적으로 안내하는 책이다.",https://dls2.edunet.net/DLS/api/homepage/holding/getCoverImage.do?prov_code=E10&neis_code=E100000276&bib_key=34206468271, 이경상;최봉;챗GPT [공]지음, 지식노마드,2024
사회과학,공감 지능 시대,"AI는 놀라운 지식과 분석력을 보여 주지만 인간의 내면에 숨겨진 복잡성은 읽어 내지 못한다. 편안함을 추구하면서도 도전을 원하고, 독립을 갈망하지만 외로움은 피하고 싶어 하는 인간의 심리를 ‘공감 능력’으로 설명한다.",https://dls2.edunet.net/DLS/api/homepage/holding/getCoverImage.do?prov_code=E10&neis_code=E100000276&bib_key=34206474914, 김희연 지음, 이든하우스,2025
사회과학,(한 권으로 끝내는)만만한 자소서,"자소서 작성법뿐만 아니라 나의 강점을 분석하는 법, 채용 공고 속에서 기업이 원하는 인재상을 파악하는 법, 챗GPT를 활용하여 똑똑하게 자소서 쓰는 법, 합격률을 높이는 면접 답변 공식, 연봉 협상 전략, 그리고 취준 과정에서 자신감과 자존감을 끌어올리는 마인드셋까지, 취업의 모든 과정을 하나하나 소개한다.",https://dls2.edunet.net/DLS/api/homepage/holding/getCoverImage.do?prov_code=E10&neis_code=E100000276&bib_key=34206504642, 취업왕 이쌤 지음, 한빛미디어,2025
사회과학,"미래사회, 공감이 진짜 실력이다","교사로서의 카리스마로 학급을 이끌다 스스로의 부족한 공감 능력과 한계를 느끼면서 공감교육에 관심을 가지게 된 저자가 오랜 시간 다양한 고민과 공부, 시도를 거듭하며 교실에서 적용하고 실천해 온 공감교육 활동을 체계적으로 정리하여 구체적으로 안내하고 있다.",https://dls2.edunet.net/DLS/api/homepage/holding/getCoverImage.do?prov_code=E10&neis_code=E100000276&bib_key=34206508518, 도대영 지음, 푸른칠판,2023
사회과학,(엔비디아 젠슨 황)생각하는 기계,"현대 AI 발전의 역사를 써 내려간 엔비디아와 젠슨 황의 모든 인사이트를 담은 책이다. <뉴요커> 기자인 저자는 젠슨 황의 요청으로 이 책을 집필하기 시작했고, 3년간 젠슨 황을 밀착 취재하고, 엔비디아의 핵심 관계자 300여 명을 인터뷰해 엔비디아의 심장인 젠슨 황의 비전, 리더십, 경영 철학은 물론 인간적인 면모까지 속속들이 보여준다.",https://dls2.edunet.net/DLS/api/homepage/holding/getCoverImage.do?prov_code=E10&neis_code=E100000276&bib_key=34206519229, 스티븐 위트 지음;백우진 옮김, RHK(알에이치코리아),2025
사회과학,기울어진 평등,"2024년 5월, 세계적인 두 사상가 토마 피케티와 마이클 샌델이 파리경제대학에서 만났다. 두 사람은 불평등의 세 가지 측면, 즉 경제적 불평등, 정치적 불평등, 사회적 불평등을 다각도로 조명하면서 지금 우리를 둘러싼 세계화와 능력주의, 불평등한 기본재 접근권, 기울어진 정치 참여, 사라진 노동의 존엄성 등 다양한 문제를 심도 있게 파헤친다.",https://dls2.edunet.net/DLS/api/homepage/holding/getCoverImage.do?prov_code=E10&neis_code=E100000276&bib_key=34206521334, 토마 피케티;마이클 샌델 [공]지음;장경덕 옮김, 와이즈베리(미래엔),2025
사회과학,외우지 않는 공부법,교과서를 읽을 때 단 5분도 집중하지 못했던 수험생에서 최상위권 의대생이 된 저자 손의찬이 수백 가지 공부법을 분석하며 완성한 실전 전략서다.,https://dls2.edunet.net/DLS/api/homepage/holding/getCoverImage.do?prov_code=E10&neis_code=E100000276&bib_key=34206545080, 손의찬(메디소드) 지음, 빅피시,2025
사회과학,죽음은 통제할 수 없지만 인생은 설계할 수 있다,"스토아 철학을 바탕으로, 감정적 회복력과 자기 통제력을 기르는 법, 흔들리지 않는 내면을 구축하는 법, 그리고 돈과 욕망에 휘둘리지 않고 스스로의 길을 설계하는 법을 이야기한다. 이 책은 불확실한 세상 속에서 자신만의 철학을 세우고, 보다 의미 있는 인생을 살고자 하는 모든 이들에게 소중한 나침반이 되어줄 것이다.",https://dls2.edunet.net/DLS/api/homepage/holding/getCoverImage.do?prov_code=E10&neis_code=E100000276&bib_key=34206545248, 비탈리 카스넬슨 지음;함희영 옮김, 필름,2025
사회과학,(경제신문이 말하지 않는)경제 이야기,"경제 칼럼니스트인 저자는 우리 주변에 세테리스 패러버스로 계산된 무수한 경제적 주장들을 들여다보며 사실에 근거해 낱낱이 반박해 나간다. 잔인한 ‘대격차의 시대’를 마주한 지금, 각자도생을 위하여 반드시 알아야 할 진짜 경제 이야기를 이 책에서 만날 수 있다.",https://dls2.edunet.net/DLS/api/homepage/holding/getCoverImage.do?prov_code=E10&neis_code=E100000276&bib_key=34206608053, 임주영 지음, 민들레북,2025
사회과학,이데올로기 브레인,"생물학과 환경 사이의 복잡한 상호작용을 통해 극단주의의 영향을 받을 잠재력이 있는 사람이 누구인지, 다시 말해 어떤 뇌가 이념적 사고에 특별히 취약하고 또 어떤 뇌가 유연하며 자유롭게 사고할 수 있는지 그 이유를 조명한다.",https://shopping-phinf.pstatic.net/main_5419005/54190052195.20250415093027.jpg, 레오르 즈미그로드 지음;김아림 옮김, 어크로스,2025
사회과학,대통령 윤석열 탄핵 사건 선고 결정문,＼헌법재판소의 대통령 탄핵 결정에 맞춰 ‘대통령 윤석열 탄핵 사건 선고 결정문’ 전문을 기존의 『대한민국헌법』과 함께 묶어 『대통령 윤석열 탄핵 사건 선고 결정문』이라는 하나의 책으로 만들었다.,https://dls2.edunet.net/DLS/api/homepage/holding/getCoverImage.do?prov_code=E10&neis_code=E100000276&bib_key=34206609529, 헌법재판소 지음, 더휴먼,2025
사회과학,줬으면 그만이지,아름다운 부자 김장하를 취재한 기록이다. ‘아름다운 부자 김장하 취재기’이기도 하지만 ‘허락받지 못한 취재기’이기도 하다. 전직 기자인 김주완 작가는 허락받지 않은 취재를 하면서 놀라운 경험을 했다고 밝혔다.,https://dls2.edunet.net/DLS/api/homepage/holding/getCoverImage.do?prov_code=E10&neis_code=E100000276&bib_key=34206639635, 김주완 지음, 피플파워,2025
사회과학,손실은 짧게 수익은 길게,"인기 블로거 깡토의 첫 저서로, 저자의 특이점이라면 가치투자자면서 추세추종도 하는 ‘테크노펀더멘털리스트’라는 데 있다. 테크노펀더멘털리스트는 ‘펀더멘털 분석으로 관심 종목군을 꾸린 후 관심 종목이 추세추종 매매 측면에서 돌파를 하면 매수하는 투자자’라고 할 수 있다. 모든 투자자를 위한 책이지만 특히 가치투자자 입장에서 솔깃한 책이다.",https://dls2.edunet.net/DLS/api/homepage/holding/getCoverImage.do?prov_code=E10&neis_code=E100000276&bib_key=34206641840, 깡토 지음, 이레미디어,2025
사회과학,모임의 기술,"누구나 모임을 시작할 수는 있다. 하지만 사람을 다시 오게 만들고, 모임이 쌓여 커뮤니티가 되고, 브랜드가 되는 경험은 아무나 할 수 없다. 《모임의 기술》은 단순한 친목 모임을 넘어 지속 가능한 커뮤니티를 만들어내기까지의 기획, 운영, 성장 전략을 실제 실행 경험을 바탕으로 구체화한 책이다.",https://dls2.edunet.net/DLS/api/homepage/holding/getCoverImage.do?prov_code=E10&neis_code=E100000276&bib_key=34206765062, 서준원;김소연 [공]지음, 리드앤두(READNDO),2025
사회과학,공부머리 뇌과학,,https://dls2.edunet.net/DLS/api/homepage/holding/getCoverImage.do?prov_code=E10&neis_code=E100000276&bib_key=34206776830, 가와시마 류타 지음;이효진 옮김, 부키,2025
사회과학,(나는 무조건 합격하는)공부만 한다,"독자들의 성원에 힘입어 출간된 이번 개정증보판은, 초판 이후 공부법학회를 결성한 저자가 학습기술(교육심리학의 한 분야) 전문가, 현장 교육자, 멘탈 관리 전문의 등과 함께 함께 연구하고 검증한 공부법을 토대로 책 전체를 재검토하고 일부 내용을 수정‧추가해 더욱 완성도를 높였다.",https://dls2.edunet.net/DLS/api/homepage/holding/getCoverImage.do?prov_code=E10&neis_code=E100000276&bib_key=34206779622, 이윤규 지음, 더퀘스트(길벗),2025
사회과학,코어 씽킹,"실패와 좌절을 반복하는 과정 속에서 끝까지 버틴 한 사람이 일의 본질과 자신만의 기준을 세워가는 과정을 진솔하게 담아냈다. 기획보다 실행을, 트렌드보다 방향을, 겉보다 중심을 택한 그의 선택들 속에는 성장의 원동력은 결국 마음가짐과 생각의 힘에서 비롯된다는 깨달음이 녹아 있다.",https://dls2.edunet.net/DLS/api/homepage/holding/getCoverImage.do?prov_code=E10&neis_code=E100000276&bib_key=34206781759, 김범섭 지음, 북플레저,2025
사회과학,경험의 멸종,"문화 비평가이자 역사학자인 크리스틴 로젠은 《경험의 멸종》에서 경험이 소멸하는 21세기적 현상을 탐구하고 그 소멸이 갖는 의미를 철학적으로 분석한다. 대중문화, 과학, 정치, 법률 등 수많은 사례를 탐사하는 로젠의 작업은 인간의 조건이 되었던 경험들이 사라져가는 지금, 우리에게 이 흐름을 전복할 지적 근거를 제공한다.",https://dls2.edunet.net/DLS/api/homepage/holding/getCoverImage.do?prov_code=E10&neis_code=E100000276&bib_key=34206782019, 크리스틴 로젠 지음;이영래 옮김, 어크로스,2025
사회과학,고등학생을 위한 경제학 입문,"등학생 수준에서 이해할 수 있게, 쉽게 쓰인 책이다. 경제학을 처음 접하거나 기초적인 경제학 개념을 산발적으로 이해하고 있어 이번 기회에 경제 전체를 큰 틀에서 한 번에 이해하고 싶다는 독자들에게 적합하다. 기존의 교과적인 경제학 책들과는 달리 이 책은 용어 정의나 사례를 들어 우선 경제학이 참 쉽다는 생각이 들게 만든다. 그러다 점점 이해가 깊어지면서 경제 전체의 그림이 머릿속으로 그려지는 형태로 구성되어 있다.",https://dls2.edunet.net/DLS/api/homepage/holding/getCoverImage.do?prov_code=E10&neis_code=E100000276&bib_key=34206804035, 오시오 타카시 지음;정유진 옮김, 노엔북,2024
사회과학,최신판 에듀윌 공기업 NCS 6대 출제사 찐기출문제집 + 무료특강,"6대 출제사의 최신 기출복원 문항으로 구성된 50개 주요 빈출유형과 접근법을 통해, 자주 출제되는 유형과 최근 출제경향을 파악할 수 있다. 상세한 설명과 함께 각 출제사별 특징 및 접근법이 제공되어 보다 전략적으로 학습 방향을 설정할 수 있다.",https://shopping-phinf.pstatic.net/main_5508027/55080274936.20250629072326.jpg, 에듀윌 취업연구소 지음, 에듀윌,2025
사회과학,오피스 문해력,"비즈니스라이팅 분야의 전문가, tvN <유퀴즈온더블럭>의 ‘문서의 신’ 백승권 대표가 MZ세대를 위한 오피스 문해력 비법을 책으로 펴냈다. 이 책은 미팅, 회의, 발표, 보고서, 기획서, 보도자료, 이메일, 문자메시지에 이르기까지 직장생활에서 필수인 업무 글쓰기의 핵심과 문해력의 본질, 각종 보고서 작성 요령 등을 총망라한다.",https://shopping-phinf.pstatic.net/main_4391667/43916670620.20231118075403.jpg, 백승권 지음, EBS BOOKS,2023
사회과학,우리가 기다린 건 바로 우리다,한국사회의 고질적이고 구조적인 문제를 ‘88만원 세대’ ‘한국의 능력주의’라는 개념으로 정리하며 한국사회 청년들의 불안정한 삶을 사회 의제로 제기한 미디어 사회학자 박권일. 그가 빈틈없는 논리와 ‘한국의 능력주의’라는 일관된 기조로 근 10년 동안 연재한 칼럼 약 70개 모은 칼럼집이다.,https://shopping-phinf.pstatic.net/main_5595282/55952821203.20250729073740.jpg, 박권일 지음, 사계절,2025
사회과학,워런 버핏 삶의 원칙,"가치투자의 대가이자 수많은 사람들이 선망하는 워런 버핏의 신념과 행동, 그리고 철학이 어떻게 거대한 성공을 만들어냈는지를 보여주는 일종의 일대기다.",https://shopping-phinf.pstatic.net/main_5590537/55905370886.20250723101024.jpg, 구와바라 데루야 지음;지소연 옮김, 필름,2025
사회과학,공급망 붕괴의 시대,팬데믹 당시 크리스마스 시즌에 맞춰 장난감을 미국 시장에 대려는 한 업체 헤이건 워커가 중국에서 생산한 제품을 컨테이너선에 실어 미국으로 들여오는 과정을 따라간다. 베테랑 기자 굿맨의 물 흐르는 듯한 스토리텔링은 독자들을 정교한 공급망 시스템의 내부로 안내한다.,https://shopping-phinf.pstatic.net/main_5246916/52469166488.20250626093023.jpg, 피터 굿맨 지음;장용원 옮김, 세종,2025
사회과학,인생을 바꾸는 최고의 ETF,"시장을 추종하는 SPY와 같은 대표적인 상품에서부터 스마트베타, 배당성장, 기술성장, 커버드콜, 리츠 등 주요 ETF들의 기간별 수익률과 변동성을 낱낱이 분석해서 알려준다. 나아가 독자들이 자신만의 ‘맞춤형 투자전략’을 짤 수 있도록 다양한 비율로 ETF를 조합했을 때의 변동성과 수익률은 물론 주식과 채권을 혼합하는 전통적인 전략인 60/40 포트폴리오, 서울 아파트와, 금과 같은 다른 자산군들과의 비교까지 제공한다.",https://shopping-phinf.pstatic.net/main_5548525/55485250993.20250626103202.jpg, 잼투리 지음, 거인의정원,2025
사회과학,사랑 없이 우리가 법을 말할 수 있을까,"법이라고 하면 어렵고 딱딱하게만 느껴지고, 살면서 변호사를 만날 일 같은 건 없길 바라는 사람이 대부분일 것이다. 하지만 아무리 열심히 살아도 어느 날 갑자기 예고도 없이 닥치는 불행은 누구도 피할 수 없다. 그럴 때 법보다 사람 편에 서서 내 이야기에 귀 기울여 주는 친구 같은 변호사가 곁에 있다면 어떨까.",https://shopping-phinf.pstatic.net/main_5232771/52327712629.20250107084047.jpg, 천수이 지음, 부키,2025
사회과학,왜 우리는 차별과 혐오에 지배당하는가?,"이 책은 권력, 정치, 장애, 인종주의, 오리엔탈리즘, 학교 인권 등 다양한 주제를 중심으로 일곱 분의 인권 전문가들이 우리 사회가 어떻게 차별과 혐오에 지배당하고 있는지, 차별과 혐오를 넘어서기 위해서는 무엇을 해야 하는지 알려준다.",https://shopping-phinf.pstatic.net/main_5120945/51209457621.20241105085140.jpg, 이라영 외 글, 철수와영희,2024
사회과학,내가 법을 새로 만든다면,"법이란 무엇인지, 법을 왜 알아야 하는지 청소년의 눈높이로 쉽게 설명한다. 인류의 역사를 훑으며 법의 큰 틀을 먼저 이해하고 기초 지식을 쌓도록 이끈다. 아울러 국회의원, 대통령, 판사, 검사 등 법을 만들고 집행하는 다양한 직업 세계를 소개하면서 올바른 법의식을 갖도록 도와준다.",https://shopping-phinf.pstatic.net/main_5203961/52039614619.20241224071111.jpg, 이지현 지음, 다른,2024
사회과학,보고서 기획서 고민 없이 시작해서 30분 만에 끝내주는 프롬프트 책,"20여 년의 회사 생활을 굵고 길게 버텨온 업무 달인이 다양한 생성형 AI를 직접 써보고 정리한 책으로, 단순한 도구 소개를 넘어 실제 업무에 최적화된 생성형 AI 20개를 엄선해 17단계 워크플로우와 만능 프롬프트를 함께 제안한다.",https://shopping-phinf.pstatic.net/main_5595009/55950098212.20250726092125.jpg, 박경수 지음, 한빛비즈,2025
사회과학,패권,"AI 경쟁은 지금 이 순간에도 국가와 자본이 짝을 이루며 점점 더 극으로 치닫고 있다. 나날이 급변하는 AI시대, 과연 누가 패권을 잡을 것인가? 『패권』은 이러한 질문에 답을 찾기 위한 촘촘한 단서를 제시한다.",https://shopping-phinf.pstatic.net/main_5540159/55401591020.20250621110233.jpg, 파미 올슨 지음;이수경 옮김, 문학동네,2025
사회과학,군주론,『군주론』은 이미 다양한 형태의 번역본이 출간되어 있지만 이 책의 본질을 제대로 독자에게 알리고자 책의 구성과 편집에 정성을 담았다. 마키아벨리 전기를 집필한 연세대학교 신과대학 김상근 교수의 해제를 장별로 제공하고 있다.,https://shopping-phinf.pstatic.net/main_4320556/43205565630.20231014094210.jpg, 니콜로 마키아벨리 지음;최현주 옮김, 페이지2,2023
사회과학,마이크로스킬,"하버드 의과대학교 응급의학과 조교수 아다이라 랜드리와 앨라배마대학교 응급의학과 교수 리사 E. 루이스가 공동 집필한 책으로, 저자들은 성공한 사람들의 특징이라 할 만한 요인들은 타고나는 것이 아니라 작고 구체적으로 쪼개어 계발할 수 있다고 말한다.",https://shopping-phinf.pstatic.net/main_5581704/55817043907.20250718093602.jpg, 아다이라 랜드리;리사 E. 루이스 [공]지음;김경영;이정미 [공]옮김, 푸른숲,2025
사회과학,우리는 이야기로 이루어져 있다,"독자들에게 ‘이야기 주체’로서의 자각을 촉구하는 책이다. 수동적인 정보 수용자가 아닌, 자신의 삶과 세상의 서사를 능동적으로 재구성하라고 말이다. 심리학자 조디 잭슨이 말한 것처럼 ‘당신이 읽는 것이 바로 당신’이며, SNS와 유튜브 시대에 적용한다면 ‘당신이 보는 것이 바로 당신’이기 때문이다.",https://shopping-phinf.pstatic.net/main_5595191/55951914950.20250726092101.jpg, 로냐 폰 부름프자이벨 지음;유영미 옮김, 지베르니,2025
사회과학,전학생,"웅진주니어 문학상 수상, 『내가 모르는 사이에』로 어린이 독자들의 열렬한 지지를 얻은 김화요 작가의 신작 『전학생』이 이지북 고학년 시리즈 '책 읽는 샤미' 쉰두 번째 이야기로 출간되었다.",https://shopping-phinf.pstatic.net/main_5603134/56031341921.20250801091433.jpg, 김화요 지음;sujan 그림, 이지북,2025
사회과학,법정 밖의 이름들,"범죄 피해자의 변호사는 오늘도 바쁘다. 법원에서, 검찰청에서, 경찰서에서, 병원에서 피해자를 만나고, 설명하고, 설득하며 함께 걸어야 한다. 으레 그렇듯 법조인은 감정을 절제하고 객관성을 유지해야 하지만 피해자의 변호사라면 이야기가 달라진다. 그렇다. 이 책의 저자 서혜진은 분노하는 변호사이다.",https://shopping-phinf.pstatic.net/main_5598591/55985916586.20250729091125.jpg, 서혜진 지음, 흐름,2025
사회과학,(세계 최고의 투자 수업)워런 버핏과 찰리 멍거,"전문 투자자 알렉스 모리스는 투자와 비즈니스의 보물 창고와 같은 버핏과 멍거의 주주총회 내용을 모두 청취했고, 두 사람의 발언 중 지금도 유효한 조언들을 선별했다. 이 책은 지난 30년간 버핏과 멍거가 주주총회에서 수천 건의 질문에 친절하게 답변한 내용을 주제별로 정리한 것이다.",https://shopping-phinf.pstatic.net/main_5623115/56231158367.20250814071437.jpg, 워런 버핏;찰리 멍거 [공]원저;알렉스 모리스 편저;임경은 옮김, 교보문고,2025
사회과학,새를 초대하는 방법,"인류 최대의 위기로 떠오르고 있는 현재의 기후문제에 대한 대응을 단순한 기술적인 해결책이 아니라 도시 공간과 건축의 공공성 문제로 접근하며, 건축가이자 기후위기 시대의 탐구자로서 성찰과 독창적 시각을 담았다.",https://shopping-phinf.pstatic.net/main_5606188/56061883629.20250802092105.jpg, 남상문 지음, 현암사,2025
사회과학,무한의 부,"14세에 폐결핵으로 가장이 된 소년이 세계적인 비즈니스 거인으로 성장한 이야기를 담고 있다. 이 책은 리카싱의 어린 시절부터 글로벌 기업인으로 성공하기까지의 여정과 그의 투자 원칙, 경영 철학을 소개한다. 워런 버핏이 ‘현대 경영의 교과서’라 칭송한 리카싱의 삶은 단순한 자기 자랑이나 돈 이야기를 넘어선다. 52조 원 자산가로서 그가 내린 중요한 결정들과 혁신적인 비즈니스 철학을 생생하게 보여준다.",https://shopping-phinf.pstatic.net/main_5020033/50200335629.20240907071326.jpg, 왕징 지음;김우성 옮김, ㅍㄹㅌ(라이프해킹),2024
사회과학,피할 수 없는 듣기 싫은 말 백배 활용법,"저연차 직장인부터 임원까지, 일하는 사람은 피드백을 피할 수 없다. 모두 누군가로부터 피드백을 받기도 하고 주기도 한다. 긍정적인 피드백만 주고받으면 좋겠지만 현실은 그렇지 못하다. 이 책은 부정적인 피드백을 어떻게 다뤄야 하는지에 대해 말하고 있다.",https://shopping-phinf.pstatic.net/main_5623119/56231191090.20250814071613.jpg, 이윤경 지음, 한빛비즈,2025
사회과학,우리 본성의 선한 천사,"《프로스펙트 매거진》 선정 ‘세계 100대 사상가’, 《타임》 선정 ‘세계에서 가장 영향력 있는 100인’, 《포린폴리시》 선정 ‘세계 100대 지식인’에 빛나는 이 시대 최고의 지성 스티븐 핑커는 우리 사회를 지배하고 있는 ‘폭력을 둘러싼 통념들’에 도전한다.",https://shopping-phinf.pstatic.net/main_3244164/32441648222.20250705083054.jpg, 스티븐 핑커 지음;김명남 옮김, 사이언스북스,2014
사회과학,팩트풀니스,"‘느낌’을 ‘사실’로 인식하는 인간의 비합리적 본능 10가지를 밝히고, 우리의 착각과 달리 세상이 나날이 진보하고 있음을 명확한 데이터와 통계로 증명한 놀라운 통찰을 담았다. 세상을 바라보는 방식을 바꾸고 미래의 위기와 기회에 대처하기 위해 반드시 읽어야 할 필독서다.",https://shopping-phinf.pstatic.net/main_4987793/49877935627.20240822070953.jpg, 한스 로슬링;올라 로슬링;안나 로슬링 뢴룬드 [공]지음;이창신 옮김, 김영사,2024
사회과학,2025 고시넷 삼성 온라인 GSAT 5급 고졸채용 최신기출유형 모의고사,2025 삼성그룹 고졸채용 온라인 GSAT 5급 대비서. GSAT 5급 영역(수리|추리|지각)별 자주 출제되는 이론을 수록하였다. 시험과 동일한 구성의 모의고사 3회분으로 GSAT 완벽 마스터한다. 인성검사와 면접까지 한 권으로 모두 준비할 수 있도록 구성하였다.,https://shopping-phinf.pstatic.net/main_5039519/50395193620.20240921071308.jpg, 고시넷 인적성 연구소 지음, 고시넷,2025
사회과학,오늘의 꿈이 내일이 되는 학교,,https://shopping-phinf.pstatic.net/main_5202717/52027174629.20250619092541.jpg, 박신숙 지음, 다인아트,2024
사회과학,오늘의 꿈이 내일이 되는 학교,,https://shopping-phinf.pstatic.net/main_5202717/52027174629.20250619092541.jpg, 박신숙 지음, 다인아트,2024
사회과학,오늘의 꿈이 내일이 되는 학교,,https://shopping-phinf.pstatic.net/main_5202717/52027174629.20250619092541.jpg, 박신숙 지음, 다인아트,2024
사회과학,오늘의 꿈이 내일이 되는 학교,,https://shopping-phinf.pstatic.net/main_5202717/52027174629.20250619092541.jpg, 박신숙 지음, 다인아트,2024
사회과학,오늘의 꿈이 내일이 되는 학교,,https://shopping-phinf.pstatic.net/main_5202717/52027174629.20250619092541.jpg, 박신숙 지음, 다인아트,2024
사회과학,(청소년 진로 탐색)나에게 맞는 학과일까?,"막연한 진로 고민에 빠진 청소년들이 자신의 적성과 흥미에 맞는 학과를 찾을 수 있도록 도와주는 학과 적성 테스트 + 진로탐색 워크북이다. 새로운 교과서 및 고교학점제 선택과목을 반영했으며, 진로진학을 지도하는 선생님을 위한 수업용 자료도 알차게 제공한다.",https://shopping-phinf.pstatic.net/main_5571221/55712210943.20250711072023.jpg, 한국진로교육센터 기획·제작, 한국콘텐츠미디어,2025
사회과학,AI 경영,"AI 기술의 다층적 변화에 대한 분석과 더불어, AI 시대를 살아가는 인간과 조직, 그리고 기업이 마주한 새로운 도전과 기회를 깊이 있게 탐구하는 책이다. 저자는 지뢰밭을 해체하는 소년병의 사례와 아인슈타인의 직관에서 이야기를 풀어낸다.",https://shopping-phinf.pstatic.net/main_5686479/56864797940.20250923092944.jpg, 여현덕 지음, 드러커마인드,2025
사회과학,스테이블코인 전쟁 2026년 경제전망,"2026년은 전쟁의 일상화와 공급망의 파편화, 그리고 새로운 화폐체제의 실험이 동시에 전개되는 해다. 『스테이블코인 전쟁 2026년 경제전망』은 이러한 변화를 ‘세계 분절의 시대’로 규정하며, 지경학·경제·금융·산업·기술의 총체적 분절화를 날카롭게 진단한다.",https://shopping-phinf.pstatic.net/main_5647097/56470974590.20250829092958.jpg, 김광석 지음, 이든하우스,2025
사회과학,"AGI, 천사인가 악마인가","불과 몇 년 전까지만 해도 SF에나 나올법한 이야기라고 치부되었던 범용인공지능(AGI). 하지만 지금은 테크 거물들이 “5년 안에 현실화된다”라고 호언장담하고 있다. 『AGI, 천사인가 악마인가』는 유사 이래 가장 강력한 기술인 AGI의 등장이 변화시킬 미래에 대해 날카롭게 탐구한다.",https://shopping-phinf.pstatic.net/main_5632011/56320116297.20250819085144.jpg, 김대식 지음, 동아시아,2025
사회과학,왜의 쓸모,"일상적 대화부터 복잡한 정치적 논쟁까지, 우리는 매일매일 누군가의 말을 듣고 또 전하며 살아간다. 21세기 사회학의 창시자로 불리는 사회학자 찰스 틸리는 이 책을 통해 우리 대화에 가득한 ‘이유’에 주목했다.",https://shopping-phinf.pstatic.net/main_5592191/55921912003.20250801091415.jpg, 찰스 틸리 지음;최지원 옮김, 유유,2025
사회과학,제로 투 원,"페이팔 공동 창업자이자 벤처캐피탈 투자자인 피터 틸이 새로운 것을 창조하는 회사를 만들고, 미래의 흐름을 읽어 성공하는 법에 대해 말하는 책. 저자는 경쟁자를 따돌리고 새로운 시장을 개척하는 ‘독점’이야 말로 진정한 성공과 진보의 필요조건이라 말한다.",https://shopping-phinf.pstatic.net/main_3248370/32483707626.20230912083942.jpg, 피터 틸;블레이크 매스터스 [공]지음;이지연 옮김, 한국경제신문,2021
사회과학,비트코인 없는 미래는 없다,"한양대학교 인문과학대학 비트코인 화폐철학과 교수와 학생들의 치열한 토론을 바탕으로 만들어진 책으로, 새로운 자산으로서의 비트코인을 넘어 신뢰와, 질서의 조건에 대한 철학적 탐구를 담으면서 비트코인에 대한 진정한 이해로 우리를 이끈다.",https://shopping-phinf.pstatic.net/main_5668145/56681454511.20250911093554.jpg, 오태민;손혜민;김유정 [공]지음, 거인의정원,2025
사회과학,나를 발견하는 인류학 수업,"하자센터 ‘10대 연구소’에서 청소년들을 만나고, 청소년의 삶과 문화를 연구해 온 저자가 ‘청소년은 이렇다, 이래야 한다’는 뻔한 결론에 숨어 있는 사회문화적 맥락을 탐색한다. 현장에서 접한 청소년의 생생한 목소리와 경험을 바탕으로 어른들이, 사회가 ‘정상’ 혹은 ‘상식’이라고 말하는 틀이 얼마나 좁은지 드러내며, 당연한 것들을 낯설게 보게 하는 인류학의 개념들을 소개한다.",https://shopping-phinf.pstatic.net/main_5595010/55950101735.20250726092122.jpg, 함세정 지음, 사계절,2025
사회과학,(청소년을 위한)헌법 에세이,,https://shopping-phinf.pstatic.net/main_5534095/55340956243.20250621110420.jpg, 정필운 지음, 해냄,2025
사회과학,학교는 어떻게 문해력을 강화할 수 있는가,"기초 해독 능력을 넘어, 세상을 읽고 이해하며 스스로의 삶을 새롭게 구성해나가는 힘으로서의 문해력을 조명한다. 저자들은 결국 우리가 할 수 있는 일이란 학교와 가정, 그리고 지역사회가 협력하여 꾸준히 독서량을 늘리는 수밖에 없다고 말하며, 명시적이고 구체적인 지침을 제시한다.",https://shopping-phinf.pstatic.net/main_5525800/55258002544.20250612091951.jpg, Margaret Vaughn;Seth A. Parsons [공]지음;김영민;조현희;최진;황미향 [공]옮김, 학지사,2025
사회과학,질서 없음,"러우 전쟁, 미중 패권 경쟁, 중동의 분쟁, 민주주의의 위기 등 파편적으로 보이던 지정학적·경제적·정치적 충격들이 사실은 ‘에너지’, ‘금융’, ‘민주정치’라는 세 가지 거대한 역사의 물줄기가 복합적으로 얽히며 만들어낸 필연적 결과임을 입증했다.",https://shopping-phinf.pstatic.net/main_5692681/56926813115.20250927071303.jpg, 헬렌 톰슨 지음;김승진 옮김, 윌북,2025
사회과학,창조적 파괴의 힘,"필리프 아기옹은 새로운 성장 이론의 창시자 중 한 명이다. 이 이론은 기술 발전의 힘과 그 영향을 중심에 둔다. 30여 년간 연구를 바탕으로 한 이번 저작은 그러한 접근 방식이 얼마나 풍성하고 유용한지를 증명하며, 성장의 본질을 고찰하고 산업 정책과 노동 시장의 구조 등을 고민하는 데 근간이 될 책이다.",https://shopping-phinf.pstatic.net/main_3312447/33124476622.20230815075944.jpg, 필리프 아기옹;셀린 앙토냉;시몽 뷔넬 [공]지음;이민주 옮김, 에코리브르,2022
사회과학,빅데이터로 직업을 고른다면,지식 더하기 진로 시리즈 7권. 4차 산업혁명 기술을 쉽고 현실적으로 설명해 주는 책이다. 무엇보다 단순히 정보만 전달하는 것이 아니라 현재 변화를 이해할 수 있도록 큰 맥락을 제시한다.,https://shopping-phinf.pstatic.net/main_3244163/32441639635.20250814102143.jpg, 신지나 지음, 다른,2020
사회과학,복지로 모두의 인권을 지킨다면,"복지 제도가 사회 구성원이 인간다운 삶을 살게 하는 데 구체적으로 어떤 역할을 하고 있는지 살펴보는 책이다. 특별히 지금 우리 사회에서 활발하게 논의되고 있는 제도를 의료, 주거, 교육, 여성, 아동, 노인, 노동이라는 7가지 영역에서 알아본다.",https://shopping-phinf.pstatic.net/main_3248335/32483359742.20230620095551.jpg, 박성민;승지홍 [공]지음, 다른,2021
사회과학,유튜브가 우리에게 없었다면,"영남대학교 미디어커뮤니케이션학과 교수인 저자는 과거로 거슬러 올라가 숱하게 나타나고, 발전하고, 사라지고, 다시 나타났던 온갖 미디어의 생애를 보여 주며 우리에게 묻는다. 10년 후에도 유튜브나 인스타그램이 필수일까? 미디어는 우리 삶에 어떤 존재이며, 또 어떤 모습으로 변해 갈까?",https://shopping-phinf.pstatic.net/main_5088070/50880708626.20241017092227.jpg, 주형일 지음, 다른,2024
사회과학,이 책은 돈 버는 법에 관한 이야기,"부읽남TV, 월급쟁이부자들TV, 스터디언 등 320만 채널이 추천하고 송은이, 홍석천, 이랑주가 “돈을 주고라도 배워야 한다”며 강력 추천하는 책. 10년간 꾸준히 연매출 10억 원 이상을 만드는 ‘골목 장사의 고수’이자, 장사-집필-강연-진행-공연 등으로 돈의 선순환을 만들어 ‘돈으로부터 해방된 자’ 고명환의 《이 책은 돈 버는 법에 관한 이야기》다.",https://shopping-phinf.pstatic.net/main_3472855/34728550621.20230109162910.jpg, 고명환 지음, 라곰,2022
사회과학,정치 쫌 아는 10대,정치는 내 삶을 좌우하는 규칙을 바꾸는 일이라는 질문에서 출발한다. 만 16세 정당 가입과 실제 사례를 통해 청소년도 민주주의의 주체임을 보여 준다. 정당정치로 정치의 기본 개념과 현실 구조를 이해하게 돕는다.,https://shopping-phinf.pstatic.net/main_5823085/58230851724.20260331122349.jpg, 오준호 글;이혜원 그림, 풀빛,2025
사회과학,(눈에 보이지 않는)전쟁과 돈의 역사,"1000년 전 바이킹 시대의 약탈부터 현대의 러시아-우크라이나 전쟁까지, 인류사를 뒤흔든 폭력과 전쟁을 ‘유인’과 ‘제도’라는 경제학 개념으로 독특하게 재해석한 책이다. 단순한 도덕적 광기나 지도자의 폭거가 아닌 그 시대 사람들의 ‘합리적인 선택’으로 바라봄으로써, 전쟁이 그토록 무수한 피를 흘리고 금전적 비용을 치르는데도 왜 지금까지 끊이질 않는지 이해할 수 있다.",https://shopping-phinf.pstatic.net/main_5882571/58825718596.20260331122439.jpg, 던컨 웰던 지음;윤종은 옮김, 윌북,2026
사회과학,(요즘 시민을 위한)최소한의 외교,"정치에 큰 관심이 없어도 외교를 이해할 수 있도록 일상과 연결해 설명한다. 외교를 국가 전략이자 시민의 교양으로 짚으며, 경제와 안보를 좌우하는 선택의 기준을 묻는다. 뉴스를 보는 눈을 바꾸는 외교 입문서다.",https://shopping-phinf.pstatic.net/main_5879930/58799307555.20260331105911.jpg, 최재혁 지음, 슬로디미디어,2026
사회과학,"헌법재판소, 한국 현대사를 말하다. 1: 불의에 맞선 칼날","대통령 탄핵심판 선고 이슈로 시끄러운 요즘, 헌법재판소는 태풍의 눈 같은 존재가 되었다. 법조전문기자로 헌법학 박사이기도 한 이범준 기자가 2009년에 펴낸 『헌법재판소, 한국 현대사를 말하다』를 새로운 장정과 디자인으로 선보인다.",https://shopping-phinf.pstatic.net/main_5364856/53648562124.20260331114908.jpg, 이범준 지음, 궁리,2025
사회과학,고전이 답했다,"많은 사람들의 고민이자 가장 관심 있는 주제 ‘돈’에 관해 말한다. 나는 부자가 될 수 있는지, 얼마만큼 가져야 하는지, 부자가 되려면 무엇을 해야하는지 등 돈과 관련된 질문을 던지고 고전에서 그 답을 찾아간다.",https://shopping-phinf.pstatic.net/main_5536038/55360387586.20260331104035.jpg, 고명환 지음, 라곰(타인의취향),2025
사회과학,완벽한 원시인,『역행자』로 60만 독자의 삶을 변화시킨 자청이 이번에는 인류의 기원을 붙잡고 돌아왔다. 전작이 전략을 다뤘다면 『완벽한 원시인』은 그 전략을 끝까지 실행할 수 있는 인간의 조건을 묻는다.,https://shopping-phinf.pstatic.net/main_5901387/59013875679.20260331111645.jpg, 자청 지음, 필로틱,2026
사회과학,최재천의 희망 수업,"사회생물학자로서 책과 강연, 칼럼 등을 통해 환경·생태 문제뿐 아니라 사회적 현안에 대해 새로운 시각과 화두를 끊임없이 제시해 온 최재천 교수가 ‘그럼에도 오늘을 살아가고 내일을 꿈꿔야 하는 이유’에 대해 말한다. 즉, 이 책은 어떻게 살아야 할지 막막하고 지금 내가 선택한 길이 맞는지 불안한 이들에게 최재천 교수가 전하는 ‘희망 수업’인 것이다.",https://shopping-phinf.pstatic.net/main_5277856/52778567860.20260331120302.jpg, 최재천 지음, 샘터(샘터사),2025
사회과학,최상위권의 생기부,"서울대, 의약학대학 등 최상위 대학에 합격한 23명의 실제 생기부 원문을 수록하고, 서울대 입학사정관 출신 저자가 평가자의 시선으로 분석한 생기부 전략서다. 단순한 활동의 나열이 아닌, 학생의 탐구 과정과 사고 흐름이 생기부 속 기록으로 어떻게 남겨져야 하는지를 보여 준다.",https://shopping-phinf.pstatic.net/main_5880261/58802616002.20260331104154.jpg, 정성민;김혜린;임혁기 [공] 편저, 길벗,2026
사회과학,미루는 습관 극복하기,"많은 이가 미루기병 때문에 해야 할 일을 번번이 끝내지 못한다. 이로부터 분노하고 좌절하고 후회하길 반복하며 고통스러워한다. 지금 당신은 어떤가? 이 책은 미루기병의 형성 원인, 각종 유형 및 증상 등을 다루면서 이해하기 쉬운 이론과 실사례를 곁들여 전방위적인 이해를 돕고 있다.",https://shopping-phinf.pstatic.net/main_3702183/37021837621.20260331112359.jpg, 리스창 지음;홍민경 옮김, 정민미디어,2023
사회과학,왜 읽고 쓰고 걸어야 하는가,"일정 정도 교육을 받고 사회생활을 하며 신체적 정신적 장애가 있지 않은 이상, 이 시대 사람들은 읽고 쓰고 걷는 행위에 낯섦을 느끼진 않을 것이다. 우리는 늘 문자를 읽고 글자를 쓰며, 거리를 다닌다. 특별한 일이 아니어도 일상에서 일어나는 행위인데 이 책에서는 그 행위의 의미를 조목조목 분석한다.",https://shopping-phinf.pstatic.net/main_4707068/47070687619.20260331100922.jpg, 김태정 지음, 살림터,2024
사회과학,"공고 선생, 지한구","특목고, 자율고와 영재고, 인문계고의 대학 진학률 통계에는 나타나지 않는 우리 시대 ‘공고생’들을 찾아서. 나무가 아니라 학생을 키워야겠다고 결심한 농대생 그렇다고 공고에서 가르치게 될 줄은 몰랐던 어느 국어 선생의 좌충우돌 분투기다.",https://shopping-phinf.pstatic.net/main_5734515/57345154803.20260331115036.jpg, 지한구 지음, 후마니타스,2025
사회과학,아름다운 선택,,/img/no_book.805feab5.png, KBS강태원복지재단 편저, KBS강태원복지재단,2007
사회과학,소리없이 세상을 움직인다,,https://image.aladin.co.kr/product/46/82/cover500/6000103109_1.gif, 송성수 지음, 지성사,2004
사회과학,소리없이 세상을 움직인다,,https://image.aladin.co.kr/product/46/82/cover500/6000103109_1.gif, 송성수 지음, 지성사,2004
사회과학,(변은주와 함께하는)전문상담,"전문상담교사 임용을 대비하는 사람들을 위한 이론서. 상담의 이론과 실제, 성격심리, 가족상담, 집단상담, 진료상담, 특수아 상담, 심리검사 등 임용시험 7과목을 모두 담았다. 또한 각 과목의 이론정리 후 '이론다지기'라는 별도의 장을 마련하여 각 과목에서 놓쳐서는 안 되는 핵심적인 내용을 한 눈에 볼 수 있도록 정리했다.",https://image.aladin.co.kr/product/89/37/cover500/8941444190_1.jpg, 변은주 지음, 박문각,2007
사회과학,아틀라스 세계는 지금 : 정치지리의 세계사,"프랑스와 독일의 합작 방송사인 아르테에서 약 17년간 방영된 다큐멘터리 에서 주요 주제 50개를 뽑아 펴낸 책. 자연지리에 치중해온 기존 지도책들의 체계와 구성에서 벗어나, 지도를 통해 시사적인 문제를 접근해 세계를 새로운 눈으로 바라보게 해준다.",https://image.aladin.co.kr/product/91/10/cover500/8991221262_1.jpg, 장 크리스토프 빅토르 지음;김희균 옮김, 책과함께,2007
사회과학,짧은 이야기 새로운 이야기,,/img/no_book.805feab5.png, 이세영 지음, 미래교육연구소,2007
사회과학,(기능 한국인 12인의)인생을 바꾸는 기술,,/img/no_book.805feab5.png," 고용노동부, 한국인력공단", 한국애드(생각을 나누는 나무),2013
사회과학,부자의 그릇,,/img/no_book.805feab5.png, 이즈미 마사토 지음;김윤수 옮김, 다산3.0,2015
사회과학,될 수 있다 : 디자이너 편,,https://image.aladin.co.kr/product/20/79/cover500/8972781665_1.gif, 정미진 지음, 청년사,2006
사회과학,한국의 공부벌레들,"이상적 교육학을 배제하고 철저히 실용적으로 접근한 학습지침서. 전국 성적 1%안에 든다는 공부 벌레들의 학습 비결을 연구해 실었다. 수재들과 일반학생들과의 차이점을 설명하고, 특목고에 도전할 것을 권유하는 등 적나라하게 '공부 잘하는 법'을 소개한다. 언어, 수학, 영어 등 세밀하게 나눈 과목별 학습 노하우까지 정리했다.",https://image.aladin.co.kr/product/58/10/cover500/8947525359_1.jpg, 와이즈멘토 지음, 한국경제신문,2010
사회과학,넥타이 푸는법,,/img/no_book.805feab5.png, 손홍재, 수필과비평사,2009
사회과학,교과서에 실린 문학작품을 어떻게 가르칠 것인가,,/img/no_book.805feab5.png, 이남호, 현대문학,
사회과학,미국은 과연 특별한 나라인가,,/img/no_book.805feab5.png, 김봉중, 소나무,
사회과학,(중·고등학생을 위한)집단상담 프로그램,,https://image.aladin.co.kr/product/51/42/cover500/8975482413_2.jpg, 천성문 [외편저], 학지사,2004
사회과학,부시맨과 레비스트로스,,/img/no_book.805feab5.png, 최협, 풀빛,
사회과학,애덤 스미스 경제학,,https://shopping-phinf.pstatic.net/main_5335226/53352268947.20250530073847.jpg, 김광수 외 지음, 해남,2025
사회과학,5000p 시대를 위한 투자 대전환,"‘코스피 5000포인트’는 단순한 주식시장 활성화 정책이 아니라, 한국 자본시장이 반드시 넘어야 할 구조적 장벽이자 부의 질서가 재편되는 변곡점의 신호다. 이 책은 그 장벽을 뛰어넘을 전략과 태도를 제시하며, 투자자들에게 부의 질서를 꿰뚫는 통찰을 선사한다.",https://shopping-phinf.pstatic.net/main_5642460/56424604712.20250826081252.jpg, 김학균 지음, 어바웃어북,2025
사회과학,문해력 교육 용어 사전: 읽기편,"‘문해력, 텍스트, 담화, 맥락’의 총론을 시작으로 ‘읽기 능력, 읽기 이론, 읽기 요소, 독해 수준, 읽기 기능, 읽기 전략, 읽기 종류, 읽기 교수학습, 한글깨치기, 읽기 평가’를 한 흐름으로 묶어, 용어의 정의뿐 아니라 교육적 적용과 한계, 관련 개념까지 함께 제시한다.",https://shopping-phinf.pstatic.net/main_5660911/56609114980.20250909084418.jpg, 서혁 [외]지음, 사회평론아카데미,2025
사회과학,기업의 생존을 위한 시스템 콘셉트 개발 방법론,,https://image.aladin.co.kr/product/24147/23/cover500/k392639540_1.jpg, 변보석 지음, 북랩,2020
사회과학,아! 그렇구나,,/img/no_book.805feab5.png, 최종설 지음, 동아사,2011
사회과학,나는 순응주의자가 아닙니다,"김윤식 교수의 표절 제기, 문학권력에 대한 도전, 학문후속세대를 짓누르는 학계 부조리 폭로 등을 감행한 세 명의 ‘불량청년들’(이명원, 오창은, 하승우)이 꾸린 지행네트워크. 이 책은 2007년 7월 30일 연구자, 현장활동가, 시민들을 아우르는 실천하는 앎의 연대를 표방하며 결성된 지행네트워크가 지난 2년간 얻은 성과와 시행착오의 기록이자, ‘처음 가는 길이되 함께 걸을 수 있는 길’을 제안하는 초청장이다.",https://image.aladin.co.kr/product/429/28/cover500/8996126853_1.jpg, 지행네트워크 지음, 난장,2009
사회과학,"대한민국, 복지국가를 부탁해","복지국가 눈으로 들여다 본 한국사회의 이슈와 대안. 복지국가소사이어티의 지난 1년여 칼럼과 논평들 중 선별하여, 정치, 경제, 노동과 사회복지, 보육과 교육, 보건의료, 조세재정 6개의 주제별로 묶었다. 또한, 우리사회에 무슨 일이 어떤 맥락에서 일어난 것인지, 현실성 있는 해법과 대안이 무엇인지 한눈에 알 수 있으며, 역동적 복지국가를 목표로 진보대통합을 제안하며, 그 정책 내용을 담고 있다.",https://image.aladin.co.kr/product/636/33/cover500/899411503x_1.jpg, 복지국가소사이어티 편저, 밈,2010
사회과학,NCS 한국전력공사 직무능력검사 고졸채용,"한국전력공사에서 최종학력이 고등학교 졸업, 또는 고등학교 졸업예정자에 한하여 지원을 받는 고졸수준 채용형 인턴 시험에 대비하기 위한 기본서로 사무, ICT, 전기 세 전형에서 공통평가요소인 의사소통능력, 수리능력, 문제해결능력과 지원 전형에 따라 달라지는 추가평가요소인 자원관리능력, 정보능력, 기술능력에 대한 내용을 담고 있다.",https://image.aladin.co.kr/product/26730/17/cover500/k272730388_1.jpg, JH적성검사연구소 지음, 미디어정훈,2021
사회과학,내 꿈에 국경은 없다,,/img/no_book.805feab5.png, 박희정 지음, 이덴슬리벨,2009
사회과학,(답답하고 막막한 임용 면접엔)사이다 면접. [2]: Output 전략으로 실전에서 사이다!,,/img/no_book.805feab5.png," 이지수,;구영모 공저", 박문각,2023
사회과학,(답답하고 막막한 임용 면접엔)사이다 면접. [1]: Input 전략으로 실전에서 사이다!,,/img/no_book.805feab5.png, 이지수;구영모 공저, 박문각,2023
사회과학,혼자 살기 열두 달,,https://shopping-phinf.pstatic.net/main_5015322/50153228623.20240906071127.jpg, 빈보경 ;최여진 ;전보영 [공]지음, 청림출판,2024
사회과학,AI 앞에 선 경영자의 선택 리버럴 아트,"기존의 경영자를 위한 인문학 안내서가 주로 동서양의 고전을 소개하고 현대적으로 해석한 내용이 주를 이루었다면, 이 책에서 저자는 ‘인공지능(AI) 시대, 제2차 지식노동 혁명 시기에 맞춰 새로운 경영의 해법을 고민하는 경영자의 관점에서 리버럴 아트가 왜 중요한가, 그것을 어떻게 성찰하고, 어떻게 적용할 것인가’에 초점을 맞추고 있다.",https://shopping-phinf.pstatic.net/main_5128332/51283321633.20241109071243.jpg, 송경모 지음, 트로이목마,2024
사회과학,(해커스공기업) PSAT 기출로 끝내는 NCS,"출제 빈도가 높고 어려운 NCS 문제해결능력과 자원관리능력을 한 번에 대비할 수 있다. 다양한 유형과 난도의 문제를 풀면서 문제해결능력과 자원관리능력 문제 풀이에 필요한 핵심 역량을 키울 수 있고, 다양한 구성의 [실전모의고사 4회분]을 풀어보며 실전에 철저하게 대비할 수 있다.",https://dls2.edunet.net/DLS/api/homepage/holding/getCoverImage.do?prov_code=E10&neis_code=E100000276&bib_key=34206351146, 복지훈;김동민 지음, 해커스공기업,2024
사회과학,(2025 고시넷 공기업 NCS 문제집)초록이. 2: 모듈형/피듈형,"가장 확실한 NCS 완전정복 시리즈 초록이 문제편. 공기업 필기시험에 출제되는 모든 문제 유형을 다룬 문제집이다. 최신 NCS 대표기출 유형을 수록하였고, 모의고사와 OMR 응답용지를 수록하여 실제 시험과 같이 연습할 수 있도록 하였다.",https://dls2.edunet.net/DLS/api/homepage/holding/getCoverImage.do?prov_code=E10&neis_code=E100000276&bib_key=34206372094, 고시넷 NCS 연구소 지음, 고시넷,2025
사회과학,원샷 원킬 업무력,마케터가 평생 한 번도 해내기 힘든 매출 턴어라운드를 세 번이나 달성하고 초고속 승진을 할 수 있었던 최희진의 업무 노하우를 빠짐없이 담았다. 모두 노력은 한다. 그 노력을 실력으로 바꾸기 위해서는 다른 방법이 필요하다.,https://dls2.edunet.net/DLS/api/homepage/holding/getCoverImage.do?prov_code=E10&neis_code=E100000276&bib_key=34206482366, 최희진 지음, 김영사,2025
사회과학,관계는 틈이다,"관계에서 입은 상처를 돌아보며 스스로의 감정과 마주하는 법, 불안을 받아들이고 내려놓는 법, 그리고 다시 관계를 맺는 용기, 나를 잃지 않으면서도 타인과 따뜻하게 연결되는 법을 탐색한다. 애써 붙잡지 않아도 무너지지 않는 관계, 거절해도 멀어지지 않는 거리, 그리고 단단한 나로 서기 위한 38편의 따뜻한 깨달음. 단순한 위로를 넘어서, 관계의 기술과 삶의 균형을 되찾기 위한 실질적인 성찰의 이야기.",https://dls2.edunet.net/DLS/api/homepage/holding/getCoverImage.do?prov_code=E10&neis_code=E100000276&bib_key=34206522439, 차이유린 지음;김경숙 옮김, 밀리언서재,2025
사회과학,2025 최신판 시대에듀 All-New 사이다 모의고사 삼성 온라인 GSAT 4급 전문대졸 채용,삼성직무적성검사를 대비할 수 있는 수험서다. 수리 / 추리 / 지각 총 3개의 출제영역으로 구성된 모의고사 4회분을 수록하여 매일 1회씩 풀며 시험 전 4일 동안 자신의 실력을 최종적으로 점검할 수 있도록 하였다. 전 회차에 도서 동형 온라인 실전연습 서비스를 제공한다.,https://shopping-phinf.pstatic.net/main_5393376/53933762338.20250403094123.jpg, SDC 지음, 시대에듀,2025
사회과학,(해커스 PSAT 기출로 끝내는)금융 NCS 330제,"엄선된 PSAT 기출 문제 풀이를 통해 실전에 빈틈없이 대비할 수 있다. [유형공략 30제]를 통한 유형별 접근으로, 금융 NCS를 효율적으로 학습할 수 있으며, 금융 NCS 시험 경향에 맞춘 [실전공략 300제]를 통해 실전에 철저하게 대비할 수 있다.",https://shopping-phinf.pstatic.net/main_5018759/50187595657.20250627083402.jpg, 해커스 NCS 취업교육연구소 지음, 해커스공기업,2024
사회과학,2026 일본에서 유행하는 것들,"일본 트렌드에 관심 있는 독자들을 위해 『2026 일본에서 유행하는 것들』이 돌아왔다. 전작과 마찬가지로 무겁지 않으면서도 가볍지 않게, 일본의 변화를 한눈에 파악할 수 있는 경제·경영 트렌드 리포트다.",https://shopping-phinf.pstatic.net/main_5818863/58188630083.20260331102616.jpg, 재팬코리아데일리 지음, BS(브레인스토어),2026
사회과학,(직업능력개발의) 비전과 과제,,https://image.aladin.co.kr/product/2358/23/cover500/8963554090_1.jpg, 박양밤, 한국직업능력개발원,2012
사회과학,인재가 미래다,,/img/no_book.805feab5.png, 중소기업청·중소기업진흥공단, 북오디세이,2014
사회과학,인재가 미래다,,/img/no_book.805feab5.png, 중소기업청·중소기업진흥공단, 북오디세이,2014
사회과학,잠자기 전 읽기만 해도 나쁜 기분이 사라지는 마음의 법칙 26,,/img/no_book.805feab5.png, 나카무라 마사루 지음;김동섭 옮김, 인빅투스,2014
사회과학,교육리더십,,https://image.aladin.co.kr/product/48/28/cover500/9788982877940_1.jpg, 윤정일 외 지음, 교육과학사,2004
사회과학,(예술의 달인)호모 아르텍스,"인문학의 여러 분야를 각각 4권의 책에서 말하는 '인문학 인생역전 프로젝트!' 시리즈가 출간되었다. 인문학 분야의 재기발랄한 젊은 학자들이 모여 각각 예술과 학문, 글쓰기와 자기표현으로서의 '언어', 즐거움과 욕망, 삶의 여유를 반영하는 '놀이' 의 4가지 주제를 이야기하고 있다.",https://image.aladin.co.kr/product/91/79/cover500/8976828046_2.jpg, 채운 지음, 그린비,2007
사회과학,한 번은 독해져라,,/img/no_book.805feab5.png, 김진애 지음, 다산북스,2014
사회과학,아! 그렇구나,,/img/no_book.805feab5.png, 최종설 지음, 동아사,2011
사회과학,아! 그렇구나,,/img/no_book.805feab5.png, 최종설 지음, 동아사,2011
사회과학,아! 그렇구나,,/img/no_book.805feab5.png, 최종설 지음, 동아사,2011
사회과학,아! 그렇구나,,/img/no_book.805feab5.png, 최종설 지음, 동아사,2011
사회과학,대한민국은 왜 대통령다운 대통령을 가질 수 없는가?,"우리는 왜 대통령다운 대통령을 누리지 못하고 있는 걸까? 저자는 오랫동안 자신을 매료시켰던 오바마의 어제와 오늘을 다시 들여다보고, 다른 한편으로 권력의 현실을 얄밉게도 정확히 간파했던 마키아벨리를 되짚어본다.",https://image.aladin.co.kr/product/424/67/cover500/8992309244_1.jpg, 박성래 지음, 베가북스,2009
사회과학,NCS 한국전력공사 직무능력검사 고졸채용,"한국전력공사에서 최종학력이 고등학교 졸업, 또는 고등학교 졸업예정자에 한하여 지원을 받는 고졸수준 채용형 인턴 시험에 대비하기 위한 기본서로 사무, ICT, 전기 세 전형에서 공통평가요소인 의사소통능력, 수리능력, 문제해결능력과 지원 전형에 따라 달라지는 추가평가요소인 자원관리능력, 정보능력, 기술능력에 대한 내용을 담고 있다.",https://image.aladin.co.kr/product/26730/17/cover500/k272730388_1.jpg, JH적성검사연구소 지음, 미디어정훈,2021
사회과학,(2023 NCS)한국수력원자력 직업기초능력평가 봉투모의고사,한국수력원자력 신입사원 채용 필기시험에 대비하기 위한 봉투모의고사 문제집이다. 시험을 보기 전 최종적으로 시험 유형 및 실력을 점검할 수 있도록 하기 위해 최신 출제경향을 철저히 분석하고 이와 가장 부합하는 문제들로 구성하였다.,https://image.aladin.co.kr/product/31657/98/cover500/k202833678_1.jpg, 박문각 취업연구소 지음, 박문각,2023
사회과학,회계 천재가 된 홍대리. 1,,/img/no_book.805feab5.png, 손봉석 지음, 다산북스,2007
사회과학,작은 학교가 아름답다,,/img/no_book.805feab5.png, 보리편집부, 보리,
사회과학,한국인 이야기 1. 1: 여자 싫어하는 사내 없더라,,/img/no_book.805feab5.png, 김현룡, 자유문학사,
사회과학,한국인 이야기 2. 2: 달걀과 여자는 굴리면 깨진다,,/img/no_book.805feab5.png, 김현룡, 자유문학사,
사회과학,해리포터와 치히로 세대의 요즘 아이들,,/img/no_book.805feab5.png, 야마나카야스히로, 사람인,
사회과학,Made in USA: 미국 문명에 대한 새로운 시선,"전 세계 사람들이 친미와 반미라는 극단의 감정을 표출하는 이유는 무엇인가? 미국의 제국적 패권주의 때문인가? 신자유주의란 이름으로 진행되는 세계화에 대한 반감 때문인가? 아니면 상대성을 인정하지 않는 획일적인 미국 문화 탓인가? 책은 미국 사회에 대해, 미국을 이해할 수 있는 시선을 제시했다.",https://image.aladin.co.kr/product/51/34/cover500/8970753141_1.gif, 기 소르망 지음;민유기;조윤경 옮김, 문학세계사,2004
사회과학,"중국도시, 중국 사람",,/img/no_book.805feab5.png, 이중텐 글;유소영;심규호 옮김, 풀빛,
사회과학,카네기 인간관계론,"1937년 초판이 발행된 이래, 전 세계 수많은 언어로 번역되어 인간관계로 고민하는 사람들에게 유용한 해결의 실마리를 제공해준 인간경영의 영원한 고전, 사람의 마음을 열고, 그 마음을 움직이게 하여 스스로의 의지에 따라 따르게 만드는 인간관계의 영원한 숙제에 대해 명쾌하고 실제적인 해답을 전한다.",https://image.aladin.co.kr/product/52/89/cover500/8956370958_2.jpg, 데일 카네기 지음;최염순 옮김, 씨앗을뿌리는사람,2004
사회과학,(10대를 위한)재미있는 경제 동화,"10대들이 반드시 알아야 할 경제 지식을 동화로 풀어 쉽고 재미있게 알려준다. CEO로 거듭난 백설공주는 기업가 정신과 올바른 생산-소비에 대해서 알려주고, 각고의 노력 끝에 프로그래머가 된 신데렐라는 선택과 기회 비용, 지적재산권과 특허의 개념을 설명해준다. 아이들이 익히 알고 있는 동화 7편을 각색했다.",https://image.aladin.co.kr/product/49/71/cover500/8976771788_1.gif, 톰 브라운 지음;조영희 옮김, 명진,2004
사회과학,(신문이 보이고 뉴스가 들리는)재미있는 경제 이야기4. 4,"이 책은 어린이들이 신문과 뉴스를 보면서 한 번쯤 궁금해 해 보았을 만한 경제 상식으로 구성되어 있다. 집값에 대한 이야기, 신용 불량자 문제, 보이지 않는 손에 대한 논리, 재테크와 펀드의 유행 등 실질적이고 유익한 정보가 주를 이루고 있어, 뉴스에서 자주 다루는 화제들을 이해하는 데 도움을 준다.",https://image.aladin.co.kr/product/65/98/cover500/8957363696_1.jpg, 이연주 지음;조봉현 그림, 가나출판사,2006
사회과학,기획을 설계하는 생각 도구 100,"실제로 광고 분야의 전문가인 저자가 업무 현장에서 써 온 아이디어 도출 방법으로, 30여 년이라는 시간을 들여 단련한 기술의 집대성이다. 생각 도구를 설명한 ‘100가지 공식’은 경험을 통해 도출한 업무에 활용할 수 있는 방법으로 총 4장으로 구성돼 있다.",https://shopping-phinf.pstatic.net/main_5590463/55904632190.20250723100743.jpg, 고니시 도시유키 지음;고정아 옮김, 21세기북스,2025
사회과학,한국수력원자력,"한국수력원자력 7개년(2024~2018년) 기출복원문제를 수록하였다. 직업기초능력 대표기출유형 및 기출응용문제, 사무직 전공(법학·행정학·경제학·경영학) 적중예상문제 수록, 한수원 회사상식·한국사 등 일반상식 적중예상문제 및 기출복원문제 등도 수록하였다.",https://shopping-phinf.pstatic.net/main_5254896/52548967795.20250123071241.jpg, SDC 편저, 시대고시기획,2025
사회과학,커스터머 커뮤니티,"커뮤니티는 개인의 삶을 넘어 비즈니스에서도 중요한 역할을 하며, 특히 SaaS(Software-as-a-Service) 기업들이 고객 커뮤니티를 활용해 지속 가능한 성장을 이끌고 있다. 이 책은 이러한 고객 커뮤니티를 효과적으로 구축하고 운영하기 위한 실질적인 방법과 전략을 제시한다.",https://shopping-phinf.pstatic.net/main_5678179/56781799415.20250918115121.jpg, 닉 메타;로빈 판 리샤우트 [공]지음;정서은;박예진 [공]옮김, 예미,2025
사회과학,(2025)고졸 NCS 의사소통능력,"일반계·특성화고·마이스터고 과목별 수업에 최적화된 교재다. 최신 기출유형문제와 풍부한 해설로 시험을 대비할 수 있다. NCS 의사소통능력을 한 권으로 완벽하게 마스터할 수 있으며, NCS 학습모듈을 분석한 개념 총정리로 부족한 이론을 학습할 수 있다.",https://shopping-phinf.pstatic.net/main_5072170/50721702618.20241008075740.jpg, 타임 NCS 연구소 지음, 시스컴 출판사,2025
사회과학,(2025)고졸 NCS 문제해결능력,"과목별 수업에 최적화된 학교 채택 교재. 최신 기출유형문제와 풍부한 해설로 시험을 완벽 대비한다. NCS 문제해결능력을 한 권으로 완벽하게 마스터할 수 있고, NCS 학습모듈을 분석한 개념 총정리로 부족한 이론을 학습한다.",https://shopping-phinf.pstatic.net/main_5072170/50721701618.20241008075730.jpg, 타임 NCS 연구소 편저, 시스컴,2024
사회과학,하루 3분 교육학 : 2024 교원임용시험 대비,"유치원, 초등, 중등 기출문제를 다양한 양식으로 분석하고 그에 대한 답안 서술 방향을 제공하고 있으며, 핵심개념 마인드맵, 또출문제 마인드맵, 교재 내 마인드맵, 이해를 돕는 그림자료 등을 활용하여 선생님들의 효율적인 암기를 돕고 있다.",https://image.aladin.co.kr/product/30701/0/cover500/k012830946_1.jpg, 김영익, 나무미디어,2024
사회과학,관광통역안내사 핵심기출 100제,"2014~2019년 기출문제의 일부를 복원하여 수록하였다. 목소리 크기와 말하는 속도, 면접 문항의 유형들, 면접일 직전 체크사항 등 2차 면접 완벽 대비를 위한 필수사항을 12가지로 정리하여 수록하였다. 2010~2019년까지 자주 출제되었던 핵심기출 100제를 제공한다.",https://image.aladin.co.kr/product/24254/34/cover500/k142630578_1.jpg, 백문주 지음, 시대고시기획,2020
사회과학,보이지 않는 주인,"미국의 사회 평론가 더글러스 러시코프가 쓴 책으로, 현대 사회의 ‘기업 지배(코포라티즘)’ 현상이 어떻게 경제와 문화를 왜곡하고 있는지 보여 준다. 책은 집값에 대한 집착 같은 일상적인 에피소드부터 월마트의 상권 장악 같은 지역 경제 문제까지 다양한 측면에서 ‘새로운 경제 주체’의 부상을 드러낸다. 특히 이 책은 르네상스 시기, 빅토리아 시대를 거쳐 신자유주의에 이르기까지, 탄탄한 경제사적 논거들을 통해 지난 자본주의의 발전사를 전혀 다른 시각으로 재편해 낸다.",https://image.aladin.co.kr/product/1119/36/cover500/8901119129_1.jpg, 더글라스 러시코프 지음;오준호 옮김, 웅진지식하우스,2011
사회과학,한국의 공부벌레들,"이상적 교육학을 배제하고 철저히 실용적으로 접근한 학습지침서. 전국 성적 1%안에 든다는 공부 벌레들의 학습 비결을 연구해 실었다. 수재들과 일반학생들과의 차이점을 설명하고, 특목고에 도전할 것을 권유하는 등 적나라하게 '공부 잘하는 법'을 소개한다. 언어, 수학, 영어 등 세밀하게 나눈 과목별 학습 노하우까지 정리했다.",https://image.aladin.co.kr/product/58/10/cover500/8947525359_1.jpg, 와이즈멘토 지음, 한국경제신문,2010
사회과학,PSAT 원래 이렇게 푸는 거야,"PSAT 평균 93.3점 사무관의 독학 노하우를 알려주는 책이다. 그간 잘못된 공부법을 지적하며 PSAT용 공부법을 언어논리, 자료해석, 상황판단 과목별로 정리하여 소개한다. 나아가 시험 당일 결국 가장 중요한 멘탈관리까지 다룬다.",https://dls2.edunet.net/DLS/api/homepage/holding/getCoverImage.do?prov_code=E10&neis_code=E100000276&bib_key=34206340764, 할때하자 지음, 렛츠북,2024
사회과학,헌법 필사,"독자들이 헌법을 쉽고 가벼운 기분으로 읽고 써 보면 좋겠다는 생각에서 기획했다. 헌법 전체를 조문 순서대로 제시했으므로, 필사를 통해 그 속에 담긴 속뜻까지 쉽게 파악할 수 있다.",https://dls2.edunet.net/DLS/api/homepage/holding/getCoverImage.do?prov_code=E10&neis_code=E100000276&bib_key=34206490652, 대한민국 지음, 더휴먼(미르북컴퍼니),2025
사회과학,시민 없는 민주주의,"민주주의에 대한 논문과 책은 하루가 멀다 하고 새롭게 등장한다. 하지만 시민이 쓴, 시민을 주인으로 둔 민주주의에 대한 책은 의외로 드물다. 이 책은 시민의 관점에서 ‘시민민주주의’ 특히 ‘시민판단 민주주의’를 위한 다양한 논의를 전개한다.",https://dls2.edunet.net/DLS/api/homepage/holding/getCoverImage.do?prov_code=E10&neis_code=E100000276&bib_key=34206512540, 정병설 지음, 문학동네,2025
사회과학,일류로 만드는 운의 공식,운은 기회이기도 하다. 흔히들 찬스를 잡은 사람이 운이 좋은 사람이라고 한다. 하지만 누구에게나 있는 기회를 찬스로 바꾸는 것은 자신의 힘으로도 가능하다. 여러 번 실패해도 포기하지 않고 계속해서 기회를 찬스로 바꾸려고 노력하다 보면 어느새 운이 자신에게 온다. 이 책에서는 어떻게 운의 방향을 내 쪽으로 돌려 기회를 찬스로 바꿀 수 있는지 그 방법을 수많은 성공 사례를 통해 설명한다.,https://dls2.edunet.net/DLS/api/homepage/holding/getCoverImage.do?prov_code=E10&neis_code=E100000276&bib_key=34206513172, 사이토 다카시 지음;민경욱 옮김, 드림셀러,2025
사회과학,제2차 냉전 시대,,https://dls2.edunet.net/DLS/api/homepage/holding/getCoverImage.do?prov_code=E10&neis_code=E100000276&bib_key=34206539929, 제이슨 솅커 지음;김문주 옮김, 더페이지,2025
사회과학,(해커스 공기업 PSAT 기출로 끝내는)NCS 의사소통능력,"해커스공기업 PSAT를 대비할 수 있는 교재다. 매일 20분, 지문 풀이로 독해 능력을 완성할 수 있다. 유형별 접근으로 독해 문제를 효율적으로 학습할 수 있다. NCS 전문가가 엄선한 핵심 문제로 실전에 빈틈없이 대비할 수 있다. 상세한 해설로 문제 해결 노하우를 습득할 수 있다.",https://shopping-phinf.pstatic.net/main_5618412/56184127499.20250809085214.jpg, 해커스 NCS 취업교육연구소 지음, 해커스공기업,2025
사회과학,"2030년, 남북은 왜 만나야 하는가?","불확실한 미래 속에서도 방향을 잃지 않기 위한 나침반, 남북이 다시 만나는 그날을 향해 모두가 함께 걸어가는 데 필요한 사유의 지도다. 그리고 그 길은 아직 늦지 않았다. 지금, 여기서부터 다시 시작하면 된다.",https://shopping-phinf.pstatic.net/main_5574830/55748300348.20250717092116.jpg, 김수한 지음, 바른북스,2025
사회과학,요점 정리의 기술,"저자가 직접 개발하고 효과를 증명한 요점 정리 기술 37가지 노하우와 M-C-M, S-Canvas, S-P-S 공식이 담겨 있다. 이를 통해 문해력, 사고력, 표현력을 모두 갖춘 글쓰기와 말하기를 할 수 있다.",https://shopping-phinf.pstatic.net/main_5569612/55696123483.20250709092530.jpg, 박경수 지음, 유노북스,2025
사회과학,흔들리지 말고 나답게,,https://shopping-phinf.pstatic.net/main_5861707/58617077180.20260331101658.jpg, 김회수 지음, RHK(알에이치코리아),2026
사회과학,고전의 시작 사회과학,,/img/no_book.805feab5.png, 황광우 저, 생각학교,2015
사회과학,아! 그렇구나,,/img/no_book.805feab5.png, 최종설 지음, 동아사,2011
사회과학,아! 그렇구나,,/img/no_book.805feab5.png, 최종설 지음, 동아사,2011
사회과학,아! 그렇구나,,/img/no_book.805feab5.png, 최종설 지음, 동아사,2011
사회과학,아! 그렇구나,,/img/no_book.805feab5.png, 최종설 지음, 동아사,2011
사회과학,아! 그렇구나,,/img/no_book.805feab5.png, 최종설 지음, 동아사,2011
사회과학,대한민국 60년의 기적,,/img/no_book.805feab5.png, KBS, KBS(지식경제부&한국공학한림원),2011
사회과학,인권의 발명,린 헌트는 포스트모더니즘 역사학의 새로운 흐름으로 시작된 신문화사의 대가이다. 특히 18세기 프랑스사의 최고의 전문가로 손꼽힌다. 이 책에서 저자는 오늘날 우리가 관습적으로 받아들이는 인권의 역사를 독특한 문화사적 관점으로 서술한다.,https://image.aladin.co.kr/product/431/72/cover500/8971993464_1.jpg, 린 헌트 지음;전진성 옮김, 돌베개,2009
사회과학,(인류의 역사를 뒤바꾼)위대한 생각들,<철학 콘서트>의 저자 황광우가 펼치는 세계 사상의 지형도. <인류의 역사를 뒤바꾼 위대한 생각들>은 역사의 흐름을 뒤바꾼 대표적인 정치사상을 소개하는 책이다.,https://image.aladin.co.kr/product/443/65/cover500/8993642079_1.jpg, 황광우 지음, 비아북,2010
사회과학,세계 1위 메이드 인 코리아,"삼성전자를 중심으로 우리나라가 세계적인 '반도체 강국'으로 성장하는 과정을 다룬 책. 1부에서는 반도체에 관해 소개하며, 어떻게 제작되는지 설명했다. 2부에서는 우리나라를 반도체 강국으로 끌어올린 삼성전자의 성장 과정과 성장 요인을 분석했다.",https://image.aladin.co.kr/product/51/75/cover500/897889108x_2.jpg, 최영락;이은경 지음, 지성사,2004
사회과학,세계 1위 메이드 인 코리아,"삼성전자를 중심으로 우리나라가 세계적인 '반도체 강국'으로 성장하는 과정을 다룬 책. 1부에서는 반도체에 관해 소개하며, 어떻게 제작되는지 설명했다. 2부에서는 우리나라를 반도체 강국으로 끌어올린 삼성전자의 성장 과정과 성장 요인을 분석했다.",https://image.aladin.co.kr/product/51/75/cover500/897889108x_2.jpg, 최영락;이은경 지음, 지성사,2004
사회과학,(뇌기능과 학습력 향상을 위한)브레인짐,"브레인짐에 대한 전반적인 내용을 다루고 있는 책. 브레인짐은 뇌기능을 전체적으로 활성화하기 위해 고안된 간단한 몸동작인데, 지은이는 이러한 브레인짐이 아주 단순한 동작들로 이루어져 있지만 남녀노소 관계없이 누구에게나 효과적이며, 모든 인지적 노력의 학습과 수행을 촉진시킨다고 말하고 있다.",https://image.aladin.co.kr/product/93/17/cover500/8958914602_3.jpg, 정종진 지음, 학지사,2007
사회과학,짧은 이야기 새로운 이야기,,/img/no_book.805feab5.png, 이세영 지음, 미래교육연구소,2007
사회과학,짧은 이야기 새로운 이야기,,/img/no_book.805feab5.png, 이세영 지음, 미래교육연구소,2007
사회과학,월요일 아침 선생님의 작은 이야기,,/img/no_book.805feab5.png, 이세영 지음, 미래교육연구소,2007
사회과학,키위 교육학 마인드 맵(2020)(키위),"중등교사.보건교사.영양교사.사서교사.교원임용 시험 대비서다. 교육학 점수를 '키'우기 '위'한 책으로, 논술형 교육학 시험을 대비한다. 교육학 최종정리를 위한 마인드 맵을 수록하였고, 출제 가능성이 높은 영역의 엄선된 논술모의고사 4회를 수록했다.",https://image.aladin.co.kr/product/17864/50/cover500/k532534738_1.jpg, 김현 지음, 북이그잼,2019
사회과학,우리 역사 어떻게 가르칠까 . 1,중·고등학교에서 역사과목을 가르치는 현직 교사들이 자신의 수업경험을 모아 직접 작성한 교사용 지침서다. 지난 88년 전국역사교사모임 창립 때부터 회보와 수업지도안 자료집에 실린 내용들을 모은 것이다. ...,https://image.aladin.co.kr/product/11/2/cover500/8974144182_1.jpg, 전국역사교사모임 엮음, 푸른나무,1995
사회과학,문득 떠오른 내 아이디어 돈이 될 수 있을까?,,/img/no_book.805feab5.png, 구정민;김기환 지음, 포르체,2019
사회과학,한국도로공사 NCS+전공+실전모의고사 3회(2021),"상세한 해설로 혼자서도 학습이 가능하도록 하였으며, 온라인 모의고사를 무료로 응시할 수 있는 쿠폰을 제공하여 한국도로공사 문제 유형에 대한 연습과 함께 자신의 실력을 최종 점검할 수 있도록 하였다.",https://image.aladin.co.kr/product/26701/77/cover500/k412730987_1.jpg, NCS직무능력연구소 지음, 시대고시기획,2021
사회과학,地方敎育自治論,,/img/no_book.805feab5.png, 許元基 지음, 서해,2008
사회과학,한국의 장사꾼들,,/img/no_book.805feab5.png, 신동일 지음, 리더스북,2013
사회과학,"넘버스, 숫자가 당신을 지배한다","인지조작의 마술을 보여준 디즈니월드의 통계학자들, 신종플루나 구제역 같은 전염병의 원인을 밝히는 방법, 운동선수들을 괴롭히는 도핑테스트의 기막힌 허점, 100년 만의 허리케인에 파산해버린 거대 보험사, 근거 없는 비행기 공포…. 다양한 사건 뒤에 숨어있는 흥미로운 통계의 비밀을 파헤친다. 수많은 정보에 둘러싸인 현대인들에게 놀라운 통찰력을 선물한다.",https://image.aladin.co.kr/product/1101/87/cover500/8928602947_1.jpg, 카이저 펑 지음;황덕창 옮김, 타임북스,2011
사회과학,한국인 이야기 3. 3,,/img/no_book.805feab5.png, 김현룡, 자유문학사,
사회과학,(강수돌 교수의)＇나 부터＇교육혁명: 엄마 아빠가 달라져야 교육이 살아요!!,"세 학생의 학부모이자 경영학 박사인 강수돌은 오늘날 교육 문제의 원인이 '돈벌이 패러다임'에 있다고 본다. 1999년 조치원으로 내려가 귀틀집을 짓고 살아온 그는, 생태적 삶이 얼마나 인간을 풍요롭게 하는가 설명한 뒤 생태적 삶을 통해 교육문제를 풀어가자고 권유한다.",https://image.aladin.co.kr/product/42/41/cover500/8976829328_2.jpg, 강수돌 지음, 그린비,2003
사회과학,(세계사를 지배한)경제학자 이야기,,/img/no_book.805feab5.png, 우에노 이타루 외, 국일증권경제연구소,
사회과학,처음 만나는 문화인류학,,/img/no_book.805feab5.png, 한국문화인류학회, 일조각,
사회과학,빛나는 우리 문화유산5. 5: 훌륭한 여성편,,https://image.aladin.co.kr/product/65/9/cover500/8990420938_1.jpg, 장수하늘소 글;이현주 그림, 배동바지,2005
사회과학,팀장은 처음이라,"초보 팀장들을 위한 ‘팀장의 대화법’을 담았다. 커뮤니케이션 훈련 전문가이자 팀장, 리더 코칭 경험을 가진 저자가 팀장과 팀원 사이의 여러 문제를 역할극으로 다루며 면담에서 바로 활용할 수 있는 스킬을 전수한다.",https://shopping-phinf.pstatic.net/main_5285697/52856970836.20250209071352.jpg," 남관희,윤수환 공저", 교보문고,2025
사회과학,(공기업·공사·공단)채용시험 대비 독끝 NCS 문제해결능력·자원관리능력(PSAT) 460제: 시간단축비법,"공기업 NCS 문제해결능력 + NCS 자원관리능력 과목의 출제 경향과 PSAT 유형에서 NCS에 자주 출제되는 핵심 유형을 완벽히 반영한 수험서다. 총 15일차로 구성된 ""독학으로 끝내는 Daily 460문항""을 제공한다. 문제당 이론과 해설을 삽화와 함께 아주 자세하게 작성했다.",https://dls2.edunet.net/DLS/api/homepage/holding/getCoverImage.do?prov_code=E10&neis_code=E100000276&bib_key=34206388076, 길잡이연구소;애드투북스 지음, 애드투북스,2025
사회과학,결국 문제를 뚫고 성장하는 사람,"성장의 핵심은 ‘문제 해결’에 있다. 《결국 문제를 뚫고 성장하는 사람》의 저자 서현직은 20대에 처음 팀장을 맡은 이래 토스, 샌드박스, 마이리얼트립, 무신사/29CM까지 누구나 알 만한 조직에서 10년 가까이 팀장으로 좌충우돌 일했다. 그가 말하는 커리어는 ‘문제 해결의 역사’다.",https://dls2.edunet.net/DLS/api/homepage/holding/getCoverImage.do?prov_code=E10&neis_code=E100000276&bib_key=34206484904, 서현직 지음, 김영사,2025
사회과학,기획의 말들,,https://dls2.edunet.net/DLS/api/homepage/holding/getCoverImage.do?prov_code=E10&neis_code=E100000276&bib_key=34206514043, 김도영 지음, 위즈덤하우스,2025
사회과학,부의 전략 수업,,https://dls2.edunet.net/DLS/api/homepage/holding/getCoverImage.do?prov_code=E10&neis_code=E100000276&bib_key=34206625118, 폴 포돌스키 지음;고영훈 옮김, 필름,2025
사회과학,2025 원큐패스 삼성직무적성검사 GSAT 5급 고졸채용,"GSAT 5급 고졸채용 인적성시험을 준비하는 교재다. 690제의 기출유형 문제로 기출문제를 익히고, 총 5회분의 실전모의고사로 실전에 딱맞는 학습이 가능하다. 또한 쉽고 빠르게 풀 수 있는 풀이 방법과 학습 전략을 제시해서 혼자서도 독학이 가능하다.",https://shopping-phinf.pstatic.net/main_5405077/54050774950.20250409094904.jpg, e북혁명 취업연구소 지음, 다락원,2025
사회과학,넥서스 혁명,"기후 변화, 자원 고갈, 생태계 파괴, 인구 구조 변화,…. 현대 사회가 직면한 이러한 위기는 서로 얽혀 영향을 주고받는 복합적 위기다. 『넥서스 혁명』은 이를 해결할 새로운 방안을 제시하는 책이다.",https://shopping-phinf.pstatic.net/main_5636000/56360001744.20250821091847.jpg, 명광민 외 지음, 에이퍼브프레스,2025
사회과학,"결국, 멘탈","인생은 생각보다 단순하다. 방향이 바로 잡히면, 속도는 자연스럽게 붙는다. 삶을 간단하게 만들고 싶다면, 먼저 내가 무엇을 위해 움직이고 있는지를 명확히 하는 것부터 시작해야 한다. 이 책은 그런 삶을 위한 시작점이다.",https://shopping-phinf.pstatic.net/main_5591371/55913711820.20250723101028.jpg, 박세니 지음, 차선책,2025
사회과학,"디지털 마케팅, AI로 날개를 달다","디지털 마케팅의 핵심 지식부터 최신 기술까지, 빠르게 변하는 시대에 꼭 필요한 전략과 도구를 한 권에 담았다. 디지털 마케팅의 역사와 흐름을 짚는 것으로 시작해, 마케터라면 반드시 알아야 할 서드파티 툴, 측정 아이디, 캠페인 유형, KPI 해석법, 데이터 분석과 이슈 대응 방법까지 폭넓게 다룬다.",https://shopping-phinf.pstatic.net/main_5678239/56782392744.20250919091902.jpg, 김유영 지음, 위키북스,2025
사회과학,워런 버핏 바이블,,https://shopping-phinf.pstatic.net/main_5626471/56264710438.20250816071352.jpg, 워런 버핏;리처드 코너스 [공]지음;이건 편역, 에프엔미디어,2025
사회과학,인간은 노동해야 하는가,,https://shopping-phinf.pstatic.net/main_5674927/56749275960.20250919071309.jpg, 정문헌 지음, 매봉,2025
사회과학,책 읽어주는 교실,"점점 책과 멀어지는 아이들을 다시 독서의 세계로 이끌기 위한 방법으로, ‘책 읽어주기 중심의 독서교육’에 주목한다. 왜 지금 교실에서 책 읽어주기가 필요한지에 대한 교육적 근거부터, 실제 수업에서 적용할 수 있는 구체적인 방법까지 체계적으로 담아낸 교사용 독서교육 실천서다.",https://shopping-phinf.pstatic.net/main_5823121/58231219160.20260331112033.jpg, 박성우 지음, 미다스북스,2026
사회과학,생각하는 공부는 다르다,"외우는 공부로는 미래를 대비할 수 없다는 질문에서 출발한다. AI 시대에 아이에게 필요한 역량은 무엇인지, 암기 중심 교육의 한계와 사고력·문해력·탐구력의 중요성을 짚고 생각하는 공부를 훈련하는 방법을 제시한다.",https://shopping-phinf.pstatic.net/main_5852206/58522068791.20260331094557.jpg, 허선 지음, 프로방스,2026
