book_type,book_name,book_desc,book_img_link,author,publisher,published_y
기술과학,(영화 속의)바이오 테크놀로지,"DNA 지문, 유전자 재조합, 인간복제 등 다양한 생명공학 기본 지식들을 관련 영화를 통해 설명한다. 생명공학에 대한 기본적인 지식을 쌓으며 생명공학이 우리 삶에 어떻게 관여하고 우리 삶을 어떻게 바꿀 수 있는지 파악하게 한다. 또한 생명공학의 전망을 탐색하고 사회적 윤리에 대한 자기만의 기준을 모색하게 한다.",https://image.aladin.co.kr/product/235/90/cover500/898498857x_1.jpg, 박태현 지음, 생각의 나무,2009
기술과학,미래를 나르는 배,,https://image.aladin.co.kr/product/46/82/cover500/8978890989_2.jpg, 채수종 지음, 지성사,2008
기술과학,도로 위의 과학,"도로 구조와 신호 체계, 환경도로 등 도로와 관련된 다양한 과학적 요소들을 다루는 책. 좋은 도로와 나쁜 도로에 대해 소개하고, 도로의 평면과 종단면, 횡단면 등 도로 구조를 세세히 뜯어보면서 도로포장과 도로 계획도 아울러 설명한다.",https://image.aladin.co.kr/product/60/68/cover500/8978891268_1.jpg, 신부용;유경수 지음, 지성사,2005
기술과학,전통 속의 첨단 공학기술,,https://image.aladin.co.kr/product/34/82/cover500/8934909544_1.gif, 남문현;손욱 지음, 김영사,2007
기술과학,21세기를 지배하는 10대 공학기술,,https://image.aladin.co.kr/product/34/88/cover500/8934909528_1.gif," 장호남 외, 지음", 김영사,2009
기술과학,(우리가 정말 알아야 할)우리 농작물 백가지,,https://image.aladin.co.kr/product/280/9/cover500/893231344x_1.jpg, 이철수 지음;이원규 사진, 현암사,2005
기술과학,(우리가 정말 알아야 할)음식 상식 백가지,,https://image.aladin.co.kr/product/66/88/cover500/8932313849_1.jpg, 한영실 지음, 현암사,2009
기술과학,역사를 수놓은 발명 250가지,"세상을 완전히 뒤바꾼 놀라운 발명과 발견의 역사, 발명가들의 이야기. 고대의 물감에서부터 20세기 인터넷까지 인간의 창의성과 문제 해결 능력을 입증하는 대표적인 발명과 발견 250가지를 선별하여 소개한다. 현대인의 일상생활에까지 꼭 필요하고 가장 쓸모 있으며 어디서나 볼 수 있는 역사적 발명품이 총망라되어 있다.",https://image.aladin.co.kr/product/855/40/cover500/8932315698_1.jpg, 토머스 J. 크로웰 지음;박우정 옮김, 현암사,2011
기술과학,죽기 전에 꼭 알아야 할 세상을 바꾼 발명품 1001,“사람들이 발명의 필요성을 느끼고 무언가를 만들어내기 시작한 때는 언제인가”라는 질문에 대한 친절한 해설서다. 전체 여덟 장에 걸쳐 인간의 삶을 바꾼 발명품 1001개를 소개한다.,https://image.aladin.co.kr/product/614/52/cover500/8960531693_1.jpg, 잭 첼로너 책임편집;트레버 베이리스 서문편집;이사빈;이제학;이민희 [공]옮김, 마로니에북스,2010
기술과학,(Win-Q)전기기능사. [1]: 필기,"EBS 교육방송 교재다. 제1편은 핵심이론+핵심예제로, 제2편은 과년도+최근 기출복원문제로 구성되었다. 이외에 학생들이 꼭 알고 시험에 응시해야 할 핵심키워드만을 엄선한 합격비법 핵심요약집 빨간키를 수록하였다.",https://image.aladin.co.kr/product/16867/52/cover500/k362534978_1.jpg, 김대범;한규철 편저, 시대고시기획,2018
기술과학,(영화 속의)바이오 테크놀로지,"DNA 지문, 유전자 재조합, 인간복제 등 다양한 생명공학 기본 지식들을 관련 영화를 통해 설명한다. 생명공학에 대한 기본적인 지식을 쌓으며 생명공학이 우리 삶에 어떻게 관여하고 우리 삶을 어떻게 바꿀 수 있는지 파악하게 한다. 또한 생명공학의 전망을 탐색하고 사회적 윤리에 대한 자기만의 기준을 모색하게 한다.",https://image.aladin.co.kr/product/235/90/cover500/898498857x_1.jpg, 박태현 지음, 생각의 나무,2009
기술과학,(Win-Q)전기기능사. [2]: 실기,"전기기능사 실기를 대비할 수 있는 교재다. 시험에 꼭 나오는 기기와 회로들을 정리 및 수록하였다. 또한 정확한 작업과 올바른 규칙을 지켜 현장에서의 안전은 물론, 기초회로에서 응용회로까지 해석할 수 있도록 동작을 상세히 설명하였다.",https://image.aladin.co.kr/product/16364/28/cover500/k982533543_1.jpg, 박성운 편저, 시대고시기획,2019
기술과학,(Win-Q)전기기능사. [2]: 실기,"전기기능사 실기를 대비할 수 있는 교재다. 시험에 꼭 나오는 기기와 회로들을 정리 및 수록하였다. 또한 정확한 작업과 올바른 규칙을 지켜 현장에서의 안전은 물론, 기초회로에서 응용회로까지 해석할 수 있도록 동작을 상세히 설명하였다.",https://image.aladin.co.kr/product/16364/28/cover500/k982533543_1.jpg, 박성운 편저, 시대고시기획,2019
기술과학,나의 첫 다이어트 근육 홈트,"동작을 한 번만 하더라도 효과가 바로 나타나는, 초보 다이어터들도 쉽게 할 수 있는 딱 20가지 근육 운동이 실려 있다. 또한 어느 부분에 자극을 주어야 하는지, 운동 효과가 나지 않는 이유와 잘못된 동작 등을 일러스트로 친절하게 설명해준다.",https://image.aladin.co.kr/product/19358/47/cover500/k232635913_1.jpg, 도가와 아이 지음;최서희 옮김, 비타북스,2019
기술과학,스트레칭,34개의 주요 관절 스트레칭 동작을 상세히 소개하고 이들 개별 동작을 엮은 일상활동별.만성질환별.주제별.운동별 스트레칭 프로그램을 총망라한 이 책은 활기차고 독립적인 삶을 위한 필수 가이드북이다.,https://image.aladin.co.kr/product/19184/38/cover500/k752635801_1.jpg, 제시카 매튜스 지음;박서령 옮김, 동양북스,2019
기술과학,하늘아! 미세먼지 어떡해?,미세먼지는 우리나라 모든 국민들에 건강을 위협하고 있는 심각한 문제이다. 저자는 미세먼지의 정체와 그 대책에 대하여 말할 뿐 아니라 미세먼지를 어떻게 극복하고 찬란하게 생존할 수 있느냐에 대하여 과학적이고 임상적인 경험을 바탕으로 이야기한다.,https://image.aladin.co.kr/product/18852/86/cover500/k752635985_1.jpg, 진성림 지음, 지식과감성&#35,2019
기술과학,(유진홍 교수의)이야기로 풀어보는 감염학,"교과서라기보다 전문성이 함유되어 있는 과학 에세이에 가깝다. 이는 평소에 전공의, 학과원, 감염관리 간호사들에게 10~15분씩 토막 강의해 주던 내용들을 시간 날 때마다 블로그(http://blog.naver.com/mogulkor)에 연재하던 것을 엮은 것이다.",https://image.aladin.co.kr/product/16833/94/cover500/k962534770_2.jpg, 유진홍 지음, 군자출판사,2018
기술과학,세계사를 바꾼 12가지 신소재,베스트셀러 <세계사를 바꾼 10가지 약>에서 '약'이라는 독특한 소재로 인류 생존의 역사를 맛깔나게 풀어낸 사토 겐타로가 이번에는 범위를 넓혀 '세상을 만든 12가지 대표적인 물질'을 들고 찾아왔다.,https://image.aladin.co.kr/product/19522/42/cover500/k162635925_1.jpg, 사토 겐타로 지음;송은애 옮김, 북라이프,2019
기술과학,버섯종균기능사 필기 실기(최신개정판)(2019)(개정판):핵심 필기 요약 / 작업형 실기 정리,버섯종균기능사의 필기부터 실기까지 최신 시험 출제 기준에 부합하여 새롭게 개정하여 내용과 더불어 컬러사진을 넣어 설명함으로써 버섯에 입문하는 초보자부터 전문가에 이르기까지 참고서로 활용하도록 쓰였다.,https://image.aladin.co.kr/product/16966/93/cover500/k502534579_1.jpg, 장현유 지음, 푸른행복,2019
기술과학,최신 정신건강간호학: 개론(최신),,https://image.aladin.co.kr/product/18649/45/cover500/8960697591_1.jpg, 김희숙 지음, 학지사메디컬,2019
기술과학,(Win-Q)전기기능사. [1]: 필기,"EBS 교육방송 교재다. 제1편은 핵심이론+핵심예제로, 제2편은 과년도+최근 기출복원문제로 구성되었다. 이외에 학생들이 꼭 알고 시험에 응시해야 할 핵심키워드만을 엄선한 합격비법 핵심요약집 빨간키를 수록하였다.",https://image.aladin.co.kr/product/16867/52/cover500/k362534978_1.jpg, 김대범;한규철 편저, 시대고시기획,2018
기술과학,(Hello! 처음 만나는) 회로이론,"IT CookBook 354권. 이 책은 회로이론을 처음 배우는 공학계열 학생들을 위한 입문서로, 회로의 기초부터 회로 해석까지 꼭 필요한 내용을 엄선하여 담았다.",https://image.aladin.co.kr/product/7518/56/cover500/k032434913_1.jpg, 방성완 지음, 한빛아카데미,2016
기술과학,전자기사,"40여 년간 전자 관련 공학도들을 대상으로 강의하여 오면서 학생들이 어렵게만 느끼고 있는 전자공학 부분을 어떻게 하면 보다 알기 쉽고, 확실히 이해할 수 있는 방법을 찾고자 노력한 결과를 수록하였고, 단원별 핵심 이론 및 최근 7개년 기출문제를 해설하였다.",https://image.aladin.co.kr/product/10151/7/cover500/k052536475_1.jpg, 이광수;이기수;이선곤 [공]지음, 건기원,2017
기술과학,(두근두근 손뜨개 인형 레슨) 시끌벅적 나만의 미니 동물원 100,"북극곰, 기린 등 몸집이 큰 동물과 토끼, 다람쥐 등 몸집이 작은 동물뿐만 아니라 아기 사슴, 사자와 같은 초식동물과 육식동물 그리고 악어, 거북처럼 물가에 사는 동물과 앵무새, 플라밍고 등 몸빛이 화려한 새까지 다양한 동물들을 손뜨개 인형으로 뜨는 방법이 담겨 있다.",https://image.aladin.co.kr/product/9535/95/cover500/8998317869_1.jpg, applemints 지음;구연경 옮김, 참돌,2016
기술과학,(대한민국 건강 지킴이 이재성 박사의)살찌지 않는 습관,"2014 상반기 최고의 건강 베스트셀러 <우리 가족은 안녕하십니까>가 온 가족의 질병 상식과 치료법의 모든 것을 담아냈다면, 이번 <살찌지 않는 습관>은 성인병의 근원인 비만의 위협에서 어떻게 벗어날 수 있을까를 담아낸 책이다.",https://image.aladin.co.kr/product/4283/93/cover500/1195180950_1.jpg, 이재성 지음, 소라주,2014
기술과학,(옷장에서 나온)인문학,'푸른들녘 인문교양' 시리즈. 첫 번째로 소개되는 주제는 '옷'이다. 부제가 가리키듯이 '옷'이라는 작은 사물 속에는 우리가 미처 몰랐던거나 어렴풋이 알면서도 간과해왔던 큰 이야기들이 가득 들어 있다.,https://image.aladin.co.kr/product/3918/62/cover500/8975276392_1.jpg, 이민정 지음, 들녘,2014
기술과학,스트레스 사용설명서,"스트레스에 관한 정석 매뉴얼. 스트레스의 원인과 증상을 정리한 후, 독자 개개인의 라이프스타일에 따른 스트레스 요인을 분석하며, 그에 따른 신체 증상을 자세히 살펴본 후 진단까지 내린다.",https://image.aladin.co.kr/product/2357/27/cover500/8927804147_1.jpg, 조셉 슈랜드;리 M. 디바인 [공]지음;김한규;김무겸 [공]옮김, 중앙books,2013
기술과학,"뜯고 태우고 맛보고, 몸으로 배우는 짜릿짜릿 전자회로 DIY",'발견'이라는 것은 쉽게 설명되지 않는 어떤 현상을 관찰했을 때 시작된다. 발견이 먼저고 그 다음에 이론을 정립하는 과정이 따른다. 이 책은 이런 발견의 원리를 적용하여 전자회로를 발견에 의해서 배워나갈 수 있도록 구성했다. 청소년도 즐겁게 볼 수 있도록 쉽게 쓴 실험 위주의 책이지만 중요한 개념 설명도 재밌게 풀어 곳곳에 등장시켰다.,https://image.aladin.co.kr/product/1567/82/cover500/8966260160_1.jpg, 찰스 플랫 지음;김현규 옮김, 인사이트,2012
기술과학,"컵케이크, 달콤한 내 인생","2009년 출간된 <컵케이크, 달콤한 내 인생>의 개정판이다. 기존 도서에 포함되어 있던 21종 컵케이크 레시피는 저자의 두 번째 책이자 컵케이크 레시피 책 <컵케이크 데이즈>에 담았다.",https://image.aladin.co.kr/product/2076/10/cover500/8956056129_1.jpg, 이샘 지음;이과용;이근영 [공]사진;송유나 일러스트레이션, 북하우스,2012
기술과학,(Win-Q)전기기능사 필기 단기완성,제1편은 핵심이론+핵심예제로 구성되었다. 필수적으로 학습해야 하는 중요한 핵심이론들을 각 과목별로 분류하여 수록하였고 시험에 자주 나오는 핵심예제를 엄선해 이론과 문제를 한 번에 학습할 수 있다. 제2편은 과년도+최근 기출복원문제로 구성되었다.,https://image.aladin.co.kr/product/21266/16/cover500/k192636287_1.jpg, 김대범;한규철 편저, 시대고시기획,2020
기술과학,요리하는 도시농부,"누적 방문자 230만 명, 하루 방문자 5,000명에 달하는 네이버 블로거이자 푸드 스타일리스트, 플로리스트, 천연 발효빵 베이킹 연구가, 매크로바이오틱 요리 연구가로 활동하고 있는 다재다능한 저자의 텃밭 예찬론.",https://image.aladin.co.kr/product/9491/29/cover500/k652535731_1.jpg, 박선홍 지음, 나무의철학,2016
기술과학,하버드 부모들은 어떻게 키웠을까,"자녀를 성공적으로 키우는 부모의 8가지 결정적 역할을 알려준다. 수많은 실제 사례와 검증된 학습이론, 뇌 과학과 아동발달 등 최근 과학적 연구를 바탕으로 한 이 양육 공식은 ‘아이를 어떻게 키워야 하는가’에 대한 가장 분석적이고 전략적인 방법을 알려준다.",https://image.aladin.co.kr/product/21108/7/cover500/8901237237_1.jpg, 로널드 F. 퍼거슨;타샤 로버트슨 지음;정미나 옮김, 웅진지식하우스,2019
기술과학,당신은 뇌를 고칠 수 있다,뇌 건강과 면역 질환을 30년 넘게 연구해온 톰 브라이언 박사는 뇌 건강을 개선하기 위해 구체적인 단계를 밟아갈 수 있는 방법을 제시하고 동기 부여한다. 이 책은 일시적인 개선책이 아니라 근본적인 문제 해결책을 제시한다.,https://image.aladin.co.kr/product/20406/89/cover500/k462635253_1.jpg, 톰 오브라이언 지음;이시은 옮김, 브론스테인,2019
기술과학,믿는 만큼 자라는 아이들,1996년에 출간되어 23년간 중판을 거듭한 이 책은 박혜란 저자의 교육 철학을 아이들이 자라면서 겪은 다양한 에피소드들을 통해 설득력 있게 담아냈다. 아이들은 부모가 믿는 만큼 크기 때문에 부모가 해야 할 일은 끝까지 아이를 믿고 지켜보는 일뿐이라는 저자의 메시지는 수많은 부모들에게 위로와 격려가 된다.,https://image.aladin.co.kr/product/21355/13/cover500/k902636799_2.jpg, 박혜란 지음, 나무를심는사람들,2019
기술과학,빈티지 인더스트리얼 디자인,"기계시대 즉 산업혁명의 결과로서 사회의 전반적인 구조를 기계가 지배하던 시기, 바로 1900년부터 1950년 사이에 디자인 된, 단순하지만 그 기능성과 형식미가 돋보이는 인더스트리얼 가구 및 소품들을 소개한다.",https://image.aladin.co.kr/product/21514/14/cover500/k522636297_1.jpg, 미샤 드 포테스타 지음, 북커스,2019
기술과학,AutoCAD 2021,"기계 설계 업무 수행 혹은 도면 작도를 위해서 AutoCAD오토캐드 프로그램을 배우고자 하는 초보자들에게 AutoCAD오토캐드에서 지원하고, 이용할 수 있는 중요한 명령들의 옵션 및 사용법을 설명하고, 그 특성들을 소개해서 스스로 그 기능들을 습득할 수 있는 기초 학습 안내서이다.",https://image.aladin.co.kr/product/24410/38/cover500/8994636072_1.jpg, 박석용 저, 청담북스,2020
기술과학,AutoCAD 2021,"기계 설계 업무 수행 혹은 도면 작도를 위해서 AutoCAD오토캐드 프로그램을 배우고자 하는 초보자들에게 AutoCAD오토캐드에서 지원하고, 이용할 수 있는 중요한 명령들의 옵션 및 사용법을 설명하고, 그 특성들을 소개해서 스스로 그 기능들을 습득할 수 있는 기초 학습 안내서이다.",https://image.aladin.co.kr/product/24410/38/cover500/8994636072_1.jpg, 박석용 저, 청담북스,2020
기술과학,전산응용(CAD) 기계제도 실기 실무,"기계설계제도의 기본에서 기하공차 적용 부분까지 자격증취득은 물론 실무에서도 활용할 수 있도록 심도 있게 구성해 놓았으며, 과제도면은 유형별 분류 및 부품명 해설을 통해 도면 분석에 보다 쉽게 접근할 수 있도록 하였다.",https://image.aladin.co.kr/product/24692/77/cover500/8927436547_1.jpg, 권신혁 지음, 예문사,2020
기술과학,전산응용(CAD) 기계제도 실기 실무,"기계설계제도의 기본에서 기하공차 적용 부분까지 자격증취득은 물론 실무에서도 활용할 수 있도록 심도 있게 구성해 놓았으며, 과제도면은 유형별 분류 및 부품명 해설을 통해 도면 분석에 보다 쉽게 접근할 수 있도록 하였다.",https://image.aladin.co.kr/product/24692/77/cover500/8927436547_1.jpg, 권신혁 지음, 예문사,2020
기술과학,백년운동,서울대 의대 재활의학과 정선근 교수의 새로운 책. ‘백년운동’을 통해서 100세 인생을 건강하고 멋지게 살고 싶은 이들에게 그 방법을 의학적으로 제시한다.,https://image.aladin.co.kr/product/21648/31/cover500/k812636693_1.jpg, 정선근 저, 언탱글링,2019
기술과학,말하지 않고 동물과 대화하는 법,"동물과 더 깊은 관계를 만들기 위한 단계별 입문 가이드북. 저자가 겪은 재미있는 실제 사례들과 함께 동물과 깊고 친밀한 관계를 형성하기 위한 5단계 준비 과정과 23가지의 흥미로운 연습법, 보다 깊은 체험을 돕는 4가지 명상법을 체계적으로 안내한다.",https://image.aladin.co.kr/product/23728/61/cover500/8934995505_1.jpg, 피 호슬리 지음;정지인 옮김, 김영사,2020
기술과학,(대한민국)식객요리 . 1: 봄철백미편,"절대미각 허영만과 요리지존 식객이 소개하는 봄맞이 진수성찬 80선. 새싹비빔밥, 냉이바지락국, 봄나물무침, 꽃게간장게장, 봄동겉절이, 진달래화채 등 입 안 가득 퍼지는 봄철백미의 향연이 펼쳐진다.",https://image.aladin.co.kr/product/197/73/cover500/8934926376_1.jpg, 허영만 지음;식객요리팀 지음, 김영사,2008
기술과학,(대한민국)식객요리. 2: 여름보양식편,"한국적 요리만화의 새로운 경지를 개척한 만화 <식객>에 나온 요리를 춘하추동 사계절의 제철요리로 재연한 '대한민국 식객요리' 시리즈 여름편. 이열치열 매운탕과 제육감자매운찜, 여름대표 보양식 삼계탕과 장어구이, 임금님만 드셨다던 임자수탕, 시원하고 달콤한 복숭아화채와 수박칵테일, 고소한 국물이 일품인 콩국수와 열무국수까지 우리 입맛에 꼭 맞는 다양한 여름 요리들이 등장한다.",https://image.aladin.co.kr/product/206/91/cover500/8934926384_1.jpg, 허영만 지음;식객요리팀 지음, 김영사,2008
기술과학,(말 한마디로 아이를 크게 키우는)칭찬과 꾸중의 힘,"<칭찬과 꾸중의 힘>은 적절한 말 한마디로 아이의 인성과 습관을 바로 잡을 수 있는 자녀 교육 노하우를 담은 책이다. 지나친 칭찬과 잘못된 꾸중이 오히려 자녀의 인성과 습관을 망친다고 말하는 이 책은 적절한 칭찬 한마디, 꾸중 한마디로 자녀를 변화시킬 수 있다는 메시지를 담고 있다.",https://image.aladin.co.kr/product/210/28/cover500/892551916x_1.jpg, 상진아 지음, 랜덤하우스,2008
기술과학,전자부품 백과사전. 1: 전력 전원 및 변환,,https://image.aladin.co.kr/product/5057/79/cover500/8968481504_1.jpg, 찰스 플랫 지음;배지은 옮김, 한빛미디어,2015
기술과학,전자부품 백과사전. 2: 신호 처리,"전자공학이나 취미공학 등에서 자주 사용되는 대표적인 부품들을 장 별로 정리하였으며, 해당 부품의 역할과 작동 원리, 사용법, 주의사항 등이 사전식으로 구성되어 있어 누구나 쉽게 전자부품에 대해 궁금한 점을 곧바로 찾아볼 수 있다.",https://image.aladin.co.kr/product/7129/12/cover500/8968482373_1.jpg," 찰스 플랫 지음;배지은,이하영 옮김", 한빛미디어,2015
기술과학,한글 Auto CAD 2011,"AutoCAD를 처음 접하는 사람들이 빠른 시간 내에 습득이 가능하도록 가이드 역할을 하고, 기존 이용자들도 새로운 버전에 대한 이해도를 높여 각 분야에서 유용하게 활용할 수 있도록 하였다. 특히 초보자의 경우에도 책을 교재 삼아 명령어의 입력부터 차근차근 따라한다면 보다 쉽게 다룰 수 있도록 배려하였다.",https://image.aladin.co.kr/product/1421/32/cover500/8926828123_1.jpg," 김재수,고경민 지음", 한국학술정보,2011
기술과학,책 읽는 뇌,터프츠 대학에서 인지신경과학과 아동발달을 연구하는 매리언 울프는 말한다. “인류는 책을 읽도록 태어나지 않았다. 독서는 뇌가 새로운 것을 배워 스스로를 재편성하는 과정에서 탄생한 인류의 기적적인 발명이다.”,https://image.aladin.co.kr/product/417/6/cover500/8952211936_1.jpg, 매리언 울프 지음;이희수 옮김, 살림,2017
기술과학,모터제어,"현재 전동기 구동시스템은 가전기기, 사무기기로부터 수송, 산업기기에 이르기까지 우리 생활의 편리함을 뒷받침해주는 중요한 역할을 하고 있다. 이러한 시스템들의 안정적이고 효율적인 제어를 위한 전동기의 제어 기술을 제공하는 것이 이 책의 중요 목적이다.",https://image.aladin.co.kr/product/7905/95/cover500/k962434837_1.jpg, 김상훈 지음, 복두출판사,2016
기술과학,Altium Designer 완전정복:초급편,,https://image.aladin.co.kr/product/11337/64/cover500/k772531298_1.jpg," 이상창,김남수 지음", 복두출판사,2017
기술과학,(Altium Designer를 이용한)PCB 설계하기,,https://image.aladin.co.kr/product/5625/81/cover500/896587128x_1.jpg, 남상엽 외 지음, 상학당,2015
기술과학,전기전자통신공학 개론. 1,"전기, 전자, 전파, 정보 등의 분야를 전공하는 대학교 1학년 학생들이 전기전자통신공학의 전반을 이해하는데 필요한 핵심 개념을 위주로 다룬 개론서이다. 수학적인 내용은 최소한으로 줄이고, 많은 그림과 함께 핵심 개념을 위주로 설명하는 것에 중점을 두었다.",https://image.aladin.co.kr/product/10147/73/cover500/8970508953_2.jpg, 현승엽 지음, 생능출판사,2017
기술과학,공업수학,,https://image.aladin.co.kr/product/6728/38/cover500/k692434167_1.jpg," 김성덕,김은원,임동균 지음", 복두,2015
기술과학,(공학도를 위한)기초 회로이론 및 실습,기본을 중요시하여 수동 소자로 구성된 기초 회로이론을 토대로 가장 기본적인 이론과 실험으로 구성하였다. 또한 사진과 그림을 수록하여 이론을 보다 쉽게 이해할 수 있도록 하였고 각 장마다 예제와 상세한 풀이 과정으로 이론 확인 및 응용이 가능하도록 하였다.,https://image.aladin.co.kr/product/11754/99/cover500/8931525885_1.jpg, 백주기 지음, BM성안당,2017
기술과학,모두의 아두이노,"아두이노가 무엇인지 알아보고, 기울기 센서, 온도 센서, 가속도 센서, LED, LCD, DC 팬 등을 활용한 예제로 프로그래밍과 전자 회로 공작을 확실하게 배운다. 전자 부품과 아두이노 보드가 없어도 예제를 실습해 볼 수 있는 프로그램까지 소개한다.",https://image.aladin.co.kr/product/8514/37/cover500/k742535778_1.jpg, 다카모토 다카요리 지음;장진희 옮김, 길벗,2018
기술과학,도시생활자의 식탁,글 쓰는 이들과 사진 찍는 이들이 요즘 부쩍 많이 모여들고 있는 커뮤니티인 다음 카카오 ‘브런치(brunch.co.kr)’에서 활동하고 있는 ‘Sustain Life’의 에세이가 있는 요리책이다.,https://image.aladin.co.kr/product/13282/23/cover500/k362532800_1.jpg," 장보현,김진호 지음", 한스미디어,2018
기술과학,(반드시 봐야 하는)전기기사 실기,"전기기사, 전기공사기사, 전기산업기사, 전기공사산업기사 실기를 대비할 수 있는 교재다. 이론 + 실전문제 + 해답으로 구성되어 있으며, 전기 대표강사들이 반드시 알아야 하는 기초실기문제를 직접 설명하였다. 쉽고 편리한 해설을 수록하였다.",https://image.aladin.co.kr/product/13680/13/cover500/k892532515_1.jpg, 이종칠 외 지음, 세진사,2018
기술과학,Allegro OrCAD PCB designer,"PCB 산업은 최근 High-Speed Board의 수요가 급격하게 증가하고 있으며, Cadence사는 High-Speed화 된 산업 트랜드를 선도하고 있다. 총 8장으로 구성되어 있으며 기본화면 구성에서 4Layer PCB설계하기 까지를 수록하였다.",https://image.aladin.co.kr/product/13379/98/cover500/k182532106_1.jpg, 김우성 지음, 복두출판사,2018
기술과학,Allegro OrCAD PCB designer,"PCB 산업은 최근 High-Speed Board의 수요가 급격하게 증가하고 있으며, Cadence사는 High-Speed화 된 산업 트랜드를 선도하고 있다. 총 8장으로 구성되어 있으며 기본화면 구성에서 4Layer PCB설계하기 까지를 수록하였다.",https://image.aladin.co.kr/product/13379/98/cover500/k182532106_1.jpg, 김우성 지음, 복두출판사,2018
기술과학,마음은 파란데 체온은 정상입니다,일인칭 시리즈 1권. 인스타그램에서 연재된 인기 만화 <사예의 우울증 일지>와 미공개 에피소드 10편까지 수록한 단행본. 겉은 멀쩡해 보이지만 속은 파랗게 물들어버린 우울함에 관해 무겁지 않게 풀어낸 이야기이다.,https://image.aladin.co.kr/product/27404/57/cover500/k762732454_1.jpg, 사예 글·그림;윤성 그림, 동양북스(동양문고),2021
기술과학,오래된 기억들의 방,우리 내면을 완성하는 기억과 뇌과학의 세계를 깊이 있게 파헤친 가장 최신의 뇌과학 연구서다. 30년 이상 기분과 정신병적 장애를 연구해온 저자는 정신과 의사로서 환자들을 만나며 기억에 대해 완전히 새롭게 이해하게 되면서 기억이 뇌에 남긴 흔적을 하나씩 따라간다.,https://image.aladin.co.kr/product/29686/84/cover500/8925578131_1.jpg, 베로니카 오킨 지음;김병화 옮김, RHK(알에치코리아),2022
기술과학,(2023 7개년 과년도)소방설비기사 실기 기계 4-7,7개년 과년도 출제문제(2016～2022년)를 수록하여 짧은 시간 안에 출제 경향 및 출제 빈도가 높은 문제를 파악할 수 있도록 하였다. 또한 문제마다 상세하게 해설하여 중요 이론을 반복 학습할 수 있으며 문제와 이론을 동시에 효과적으로 학습할 수 있도록 구성하였다.,https://image.aladin.co.kr/product/31267/19/cover500/8931528000_1.jpg, 공하성, 성안당,2023
기술과학,그림이 나에게 말을 걸다,그동안 베스트셀러 <그림의 힘>과 <화해> 등 다수의 저서로 그림이 지닌 변화의 힘을 전파해 온 국내 미술치료 최고 전문가 김선현 교수가 이번에는 ‘사랑이 서툴고 버거워 힘든 마음’을 그림으로 위로하고자 한다.,https://image.aladin.co.kr/product/30962/50/cover500/8968334153_1.jpg, 김선현 지음, 허밍버드(백도씨),2023
기술과학,지구를 위한 소비 수업,"곰곰문고 22권. 사회 교사가 청소년의 눈높이에 맞춰 집필한 책으로, 일상의 익숙한 장면에서 출발해 생활 속 소비재들이 품고 있는 환경문제와 그 대안을 구체적인 자료와 함께 살펴본다.",https://image.aladin.co.kr/product/31005/6/cover500/k732831216_1.jpg, 선보라;전진현;최혜연 [공]지음, 곰곰(휴머니스트),2023
기술과학,주말엔 여섯 평 농막으로 갑니다,"저자는 세종시에서 살며 직장 생활을 하고 있고, 수년간의 준비 끝에 충남 공주시 의당면의 190평 땅에 농막을 올려놓았다. 이 책은 그렇게 자신의 밭을 마련하고 농막을 지어본 뒤 그 경험을 하나도 빠짐없이, 꼼꼼하고 상세하게 옮겨둔 ‘농막사용설명서’다.",https://image.aladin.co.kr/product/31191/43/cover500/k162831952_1.jpg, 장한별 지음, Sideways(사이드웨이),2023
기술과학,반도체 공정과 장비의 기초,,https://image.aladin.co.kr/product/1940/32/cover500/899757034x_1.jpg, 김&#54623;동 외 지음, 홍릉과학,2012
기술과학,(타샤 튜더)나의 정원,"타샤의 정원을 보다 깊이 들여다볼 수 있는 사진 일기 같은 책이다. 이번 특별판은 평소 타샤 튜더를 사랑하고 존경해왔던 드로잉메리가 타샤의 정원을 화폭에 담은 아트 에디션으로, 한 편의 작품과도 같은 특별한 아름다움이 깃들어 있다.",https://image.aladin.co.kr/product/19024/89/cover500/k152635198_1.jpg, 타샤 튜더 지음;리처드 브라운 사진, 윌북,2012
기술과학,체온 1도가 내 몸을 살린다,"<골프가 내 몸을 망친다>의 저자 사이토 마사시가 제안하는 '체온 업 건강법'. 이 책에서 저자 사이토 마사시는 저체온이 왜 해로운지, 어떠한 악영향을 미치는가에 대해서 알기 쉽게 설명하고, 여러 가지 '체온 업 건강법'을 구체적으로 제안한다.",https://image.aladin.co.kr/product/673/16/cover500/8970342087_1.jpg, 사이토 마사시 지음;이진후 옮김, 나라원,2013
기술과학,72시간,죽음의 문턱에서 구조된 한 강아지와 진실을 좇는 그 주인의 기나긴 여정. 저널리스트이자 자유 기고가인 킴 캐빈이 직접 취재하고 마음을 담아낸 책이다. 미국에서 올바른 저널리즘으로뿐만 아니라 많은 사람들에게 깊은 감동을 주는 작품으로서도 인정을 받았다.,https://image.aladin.co.kr/product/2447/77/cover500/8963010791_1.jpg, 킴 캐빈 지음;안지은 옮김, 가치창조,2013
기술과학,나는 천국을 보았다,"치밀하고 논리적인 과학적 탐구와 의학적 검증으로 뇌, 의식, 생명의 미스터리를 생생히 밝힌 책. 누구보다도 가장 물질적이고 과학적인 세계관으로 살던 최고의 신경외과 의사가 실제로 겪은 임사체험의 보고서로, 의학사를 고쳐 쓸 만큼 독보적인 가치를 지닌다.",https://image.aladin.co.kr/product/2554/6/cover500/8934962585_3.jpg, 이븐 알렉산더 지음;고미라 옮김, 김영사,2013
기술과학,(훔쳐보고 싶은)프랑스 여자들의 서랍,"피부 관리법, 화장법, 헤어스타일링, 식이요법, 옷 입는 법, 액세서리 등 실용적인 뷰티 비법부터, 상대에게 매력적으로 다가가는 프랑스 여자들의 대화법과 그들의 철학까지, 저자가 직접 체험하고 효과적이라고 생각한 매우 실용적인 정보를 제공하고 있다.",https://image.aladin.co.kr/product/5051/2/cover500/8991310672_1.jpg, 티시 제트;나선숙, 이덴슬리벨,2014
기술과학,전기전자공학개론,"전기.전자공학에 대한 넓고 방대한 개념들을 분야별로 이해하기 쉽게 소개하는 책이다. 이전 5판의 장점은 그대로 살리고, 여기에 새로운 전문가를 투입하여 아두이노, 마이크로컨트롤러, 스위칭 전원 공급 장치 등의 최신 이슈를 더했다.",https://image.aladin.co.kr/product/12524/41/cover500/k112532263_1.jpg," Stan Gibilisco,Simon Monk 지음;권기영,조성재,유태훈 옮김", 한빛아카데미,2017
기술과학,아쉬탕가 요가의 힘. 2,"아쉬탕가 요가 인터미디어트 시리즈의 수련법과 철학을 알기 쉬우면서도 깊이 있게 설명하는 종합 안내서로, 안전하고 효과적으로 수련할 수 있도록 250여 매의 사진을 곁들여 비할 수 없이 친절하고 자세하게 설명한다.",https://image.aladin.co.kr/product/24702/16/cover500/8989590833_1.jpg, 키노 맥그레거 지음;서여진 옮김, 침묵의향기,2020
기술과학,어떻게 말해줘야 할까,‘국민 육아멘토’ ‘대한민국 엄마·아빠들의 엄마’ 오은영 박사의 신간. 누구나 쉽게 따라 할 수 있는 ‘부모의 말 한마디’를 친절하게 알려주는 책이다. 아이에게 하는 부모의 말이 잔소리가 아니라 효과적인 훈육이 되는 방법을 소개한다. 차상미 작가의 그림을 여럿 더하여 따스함과 친근한 분위기도 느껴진다.,https://image.aladin.co.kr/product/25313/30/cover500/8934986654_1.jpg, 오은영 글;차상미 그림, 김영사,2020
기술과학,어떻게 말해줘야 할까,‘국민 육아멘토’ ‘대한민국 엄마·아빠들의 엄마’ 오은영 박사의 신간. 누구나 쉽게 따라 할 수 있는 ‘부모의 말 한마디’를 친절하게 알려주는 책이다. 아이에게 하는 부모의 말이 잔소리가 아니라 효과적인 훈육이 되는 방법을 소개한다. 차상미 작가의 그림을 여럿 더하여 따스함과 친근한 분위기도 느껴진다.,https://image.aladin.co.kr/product/25313/30/cover500/8934986654_1.jpg, 오은영 글;차상미 그림, 김영사,2020
기술과학,문을 여는 첫 번째 사람,푸르른 숲 25권. 자폐증을 안고 살아가는 삶이 어떠한지를 가감 없이 보여 주는 책이다. 아서 플라이슈만은 두 살에 자폐증과 발달 장애 진단을 받은 딸 칼리 플라이슈만의 실제 이야기를 회고록으로 담았다.,https://image.aladin.co.kr/product/20778/52/cover500/k802636664_1.jpg, 아서 플라이슈만;칼리 플라이슈만 지음;김보영 옮김, 씨드북,2019
기술과학,서은영이 사랑하는 101가지,"베스트셀러 <스타일 북>의 저자이자 '올리브 쇼'의 진행자인 톱 스타일리스트, 서은영이 사랑하는 101가지는 무엇일까. 프라다 드레스에서 갭 스트라이프 티셔츠까지 단순히 명품이나 패션 아이템을 소개하는데 그치는 것이 아니라 브랜드를 대하는 마음과 열정, 그 속에 숨겨진 ‘스타일’에 관한 이야기를 들려준다. 진정한 ‘스타일’이 궁금하다면, 달콤한 꿈과 행복이 느껴지는 <서은영이 사랑하는 101가지>를 읽어볼 것.",https://image.aladin.co.kr/product/673/16/cover500/8994040056_1.jpg, 서은영 지음, 그책,2010
기술과학,(초 speed)전기기능사,"2017년 전기기능사 1~4회 CBT 기출복원문제 및 해설을 수록하였다. 각 과목별로 정리되는 중요한 공식과 요약 등을 되도록 쉽게 이해할 수 있도록 서술하였으며, 출제 빈도가 높은 유형의 문제 등을 기출 연도를 표기함으로써 수험생이 되도록 짧은 시간 내에 공부할 수 있도록 하였다.",https://image.aladin.co.kr/product/12524/62/cover500/8931525907_1.jpg, 전기자격시험연구회 지음, BM성안당,2018
기술과학,도구와 기계의 원리 Now,"보스턴 글로브-혼 북 논픽션 분야 최우수 도서상, 영국 더 타임즈 교육 분야 최우수 도서상, COPUS 과학 도서상, 각종 과학 도서상 수상, 전 세계에서 28년간 판매된 초대형 베스트셀러. 이번 개정판에는 최신 기계들이 새롭게 소개된다.",https://image.aladin.co.kr/product/9830/80/cover500/k022535156_1.jpg," 데이비드 맥컬레이 글·그림, 닐 아들리 글; 박영재, 박은숙 공역", 크래들,2016
기술과학,(천 번을 미안해도 나는 엄마다)엄마의 자존감 공부,"<언니의 독설>에서 흔들리는 30대 여성들에게 거침없는 독설을 날리고, <꿈이 있는 아내는 늙지 않는다>에서 아내들에게 잃어버린 꿈을 되찾아준 김미경의 신작.",https://image.aladin.co.kr/product/12093/91/cover500/s902531547_1.jpg, 김미경 지음, 21세기북스,2017
기술과학,지구가 뿔났다,"청소년 교양서 시리즈 '꿈의 비행' 4권. 미래 환경을 삶의 터전으로 삼아야 할 청소년들이 꼭 알아야 할 지구와 환경 이야기를 담은 책이다. 이상 기후와 멸종 사태, 동물 복지, 환경 파괴, 식품 문제 등 핵심적인 환경 문제를 두루 살핀다.",https://image.aladin.co.kr/product/2602/41/cover500/8998400030_3.jpg, 남종영 지음, 꿈결,2013
기술과학,(일러스트로 보는) 기초전기전자,,https://image.aladin.co.kr/product/57/45/cover500/8986412543_2.jpg, 사카이 마사요시 지음 ;이태원 ;임양구 ;정주윤 [같이]엮음, 한진,2005
기술과학,PLC 제어 실습,LS산전 PLC(XGT XEC-DR32H)와 MELSEC PLC CPU는 (Q03UDV)이고 위치 결정 카드는 QD75MH1에 대해서 설명할 것이며 터치패널은 GP4501 TW를 사용하여 MELSEC PLC와의 통신을 통하여 기술한다.,https://image.aladin.co.kr/product/10552/99/cover500/8970938419_1.jpg, 홍교의 지음, 光文閣,2017
기술과학,뇌가 건강한 아이,"부모가 내 아이를 위해 해줄 수 있는 가장 중요한 두뇌 계발을 생활 속 산 지식으로 전달한다. 생활의 기본인 수면, 식사, 인사, 운동과 학습의 기본인 손놀이, 음악, 직감 교육 등 일상 속 작은 습관들이 두뇌에 어떤 영향을 주며, 이러한 것들을 아이들이 바르게 익히는 방법을 알려준다.",https://image.aladin.co.kr/product/9207/77/cover500/k812535018_1.jpg, 구보타 기소 지음;조민정 옮김, 니들북,2018
기술과학,둘째는 다르다,"둘 이상의 자녀를 키울 때 아이들이 질투와 경쟁 속에서 어떻게 자신의 특성과 자기주도성을 발휘하는지 살펴보고, 형제자매 사이의 갈등을 최소화하면서 아이들 각자의 재능도 살리는 형제 육아법을 소개한다. 덧붙여, 쌍둥이, 남매, 자매, 형제를 키우는 부모들의 칼럼을 통해 다양한 형제 유형에서 취할 수 있는 양육법에 대한 힌트를 얻을 수 있다.",https://image.aladin.co.kr/product/15134/36/cover500/k742533267_1.jpg, 김영훈 지음, 한빛라이프,2018
기술과학,(십 대가 알아야 할)인공지능과 4차 산업혁명의 미래,"4차 산업혁명에 대해 미래의 주역 청소년들이 반드시 알아야만 하는 디지털 과학 지식과 그로 인한 삶의 변화를 이야기한다. 기술과 미래 세상이 함께 만들어지는 과정과, 그 흐름을 보는 안목을 키워주고 있어, 청소년들이 맨 처음 만나는 디지털인문학 책이라고도 할 수 있다.",https://image.aladin.co.kr/product/14522/88/cover500/k712532540_1.jpg, 전승민 지음, 팜파스,2018
기술과학,게으른 요리,"한 끼 차리려면 밥 말고도 국, 밑반찬까지 만들어야 하는 주부들을 위해 똑똑하게 게으른 한 그릇 요리책을 만들었다. 한 주를 시작하는 월요일부터 여유 있는 주말까지 든든하게 책임질 밥 요리와 면 요리를 모두 담아 소개했다.",https://image.aladin.co.kr/product/7715/56/cover500/8997686704_1.jpg, 유경아;김보은 [공]지음, 그리고책,2016
기술과학,(내 아이를 위한)감정코칭,가트맨 박사가 인정한 상담과 현장 코칭을 통한 감정코칭 실전법을 갖고 있는 최성애 박사가 그동안 경험을 통해 효과를 본 구체적인 사례를 통해 감정코칭의 노하우를 담은 책이다. 생생하고 공감 가는 수많은 실제 사례는 감정코칭의 중요성을 알고 있지만 어떻게 자녀양육 및 아동교육에 적용해야 될지 모르는 학부모와 교사들에게 현장에서 바로 사용해서 효과를 볼 수 있는 감정코칭 방법을 알려준다.,https://image.aladin.co.kr/product/866/1/cover500/8947527890_1.jpg, 존 가트맨;최성애;조벽 [공]지음, 한국경제신문,2011
기술과학,(문과생도 알아두면 쓸모있는)반도체 지식,반도체의 기본 기술에 대해 쉽고 자세하게 설명한다. 또한 반도체 기술 하나하나가 왜 필요해졌는지에 대한 흐름을 반도체 기술의 태동기부터 일목요연하게 파악할 수 있도록 구성되어 있다. ‘반도체에는 어떤 것이 있을까?’ ‘반도체는 어떻게 사용되고 있을까?’ 등 반도체에 관한 가장 기본적인 지식부터 반도체 기술에 대한 모든 것을 속속들이 알고 싶은 독자들에게 유익한 길라잡이가 될 것이다.,https://image.aladin.co.kr/product/32530/40/cover500/k102935022_1.jpg, 이노우에 노부오;구라모토 다카후미 [공]지음;김지예 옮김, 동아엠앤비,2023
기술과학,전기기기(기술직 공무원):시험 전에 꼭 풀어봐야 할 문제. [2],"기술직 공무원 시험 전기기기 과목을 대비할 수 있는 교재다. 단원별 출제예상문제와 실력평가모의고사 5회가 실려 있다. 상세한 해설 및 2016년 시행 국가직, 지방직, 서울시 기출문제분석이 수록되었다.",https://image.aladin.co.kr/product/10419/33/cover500/k882536293_1.jpg, 주한종 지음, 서원각,2017
기술과학,전자캐드 기능사 필기(2019),"전자 CAD는 단순한 설계가 아니라 설계된 회로의 오류검사와 인쇄회로기판의 배선과 그에 따른 오류의 검사 등의 작업을 수행할 수 있어, 전자산업분야에서는 기업의 경쟁력 향상과 기술력의 향상에 필요한 분야로 대두되고 있다.",https://image.aladin.co.kr/product/17334/64/cover500/8968132488_1.jpg, 문제연구회 지음, 엔플북스,2019
기술과학,잔소리의 품격,'한국형 12성품교육'의 창시자 이영숙 박사의 <잔소리의 품격>. 아이가 바른 인성을 갖추어 성장하기를 간절히 원하지만 접근법을 알지 못하는 부모들을 위해 십대를 대하는 필수지식과 사춘기 이론을 바탕으로 최고의 훈계 길잡이가 되어줄 책을 출간했다.,https://image.aladin.co.kr/product/6893/82/cover500/8998480581_1.jpg, 이영숙 지음, 시루,2015
기술과학,10대의 뇌,"오랫동안 과학자들은 청소년의 뇌가 성인의 뇌와 다르지 않다고 믿었다. 하지만 신경학과 신경과학에서는 10대가 뇌 성장에 대단히 중요한 시기이며, 이때 결정적인 변화가 일어난다는 사실을 지난 10년 동안 밝혀냈다. 그 최전선에 있는 학자가 바로 저자 프랜시스 젠슨 박사다. 책 전반에 걸쳐 젠슨은 10대들이 외계인이 아니라 다만 제대로 이해되지 못한 존재일 뿐임을 강조하며, 아이들조차 자신의 변덕스러운 도구인 뇌 때문에 어리둥절해 있음을 알아야 한다고 말한다.",https://image.aladin.co.kr/product/17729/47/cover500/8901228769_1.jpg, 프랜시스 젠슨;에이미 엘리스 넛 지음;김성훈 옮김, 웅진지식하우스,2018
기술과학,반쪽이 별꼴,"10cm가 넘는 강판까지도 잘라낼 수 있는 고압물분사절삭기로 휴대용 카세트부터 권투장갑, 카메라, 비디오 게임기, 소라고둥, 오일필터에 이르기까지 모두 58가지 물건들을 반으로 잘랐다. 그렇게 잘린 물건들의 안쪽을 들여다보고 각각의 작동원리 및 재료들을 설명하고 감춰진 수수께끼를 알려준다.",https://image.aladin.co.kr/product/17663/24/cover500/8965550769_1.jpg, 마이크 워렌 지음;조나단 우드워드 사진;조영은 옮김, 늘봄,2018
기술과학,아름다운 정원 조경 레시피 85,주택 건축과 정원 조경의 조화로운 관계를 탐구하는 일본의 조경 전문가 오기노 도시야의 조경 철학을 다양한 팁과 아이디어가 담긴 실제 사례로 알기 쉽게 정리했다. 아름다운 풍취를 만들기 위한 수목과 화초 등 식물을 배치하는 방법에서부터 정원 조성 후 손질 및 관리법에 이르기까지 정원 조경에 관한 저자의 거의 모든 생각을 담았다.,https://image.aladin.co.kr/product/14576/82/cover500/k042532644_1.jpg, 오시노 도시야 지음;방현희 옮김, 한스미디어,2018
기술과학,텃밭정원 가이드북,"처음 해보는 텃밭정원, 여럿이 함께 만드는 텃밭정원, 도심 어린이집 벽을 따라 만드는 텃밭정원, 걸어다니는 텃밭정원까지 텃밭정원을 어떻게 설계하고 만드는지 사진과 함께 그 과정을 친절하게 안내해 주고 있다.",https://image.aladin.co.kr/product/3123/86/cover500/8990090865_1.jpg, 오도 지음;김시용 사진, 그물코,2013
기술과학,(도시농부 올빼미의)텃밭 가이드. 3: 허브 재배와 활용 편,"네이버 파워블로그 <올빼미화원>의 13년 허브 재배의 기록으로, 《도시농부 올빼미의 텃밭가이드》 시리즈 3권이다. 3권은 허브 작물을 기르고 활용하는 전 과정을 담고 있다.",https://image.aladin.co.kr/product/6241/12/cover500/8972207446_1.jpg, 유다경 글·그림·사진, 시골생활(도솔),2015
기술과학,정원생활자의 열두 달,"그림으로 쉽게 배우는 실내외 가드닝 실전 수업. 정원생활을 하고 있거나 꿈꾸는 이들을 위한 열두 달 안내서이다. 정원 일을 처음 시작하고 있는 초보자들도 ‘아, 도전해볼 만하다!’ 하는 느낌이 들도록 가능하면 쉽고, 가능하면 바로 적용할 수 있도록 정원 일의 노하우를 담았다.",https://image.aladin.co.kr/product/13659/78/cover500/8958205148_2.jpg, 오경아 지음, 궁리,2018
기술과학,(한의학 박사가 본)김형석 교수의 백세 건강,"저자 박진호 원장은 한의사로서 김형석 교수와 오래도록 교제하고 진료하면서, 유달리 허약한 체질을 타고났던 송촌이 어떻게 세계에서 그 유래를 찾기 힘들 정도로 의미 있는 장수의 삶을 누리고 있는지, 그 비결을 연구해 보고자 했다.",https://image.aladin.co.kr/product/26038/16/cover500/k842737957_1.jpg, 박진호 지음, 비전과리더십,2021
기술과학,동명 양과자점의 아메리칸 쿠키 레시피,"투박한 모양 속에 초콜릿이 가득 들어간 클래식 초콜릿 쿠키, 크림치즈가 가득 차 부드러움과 달콤함을 느낄 수 있는 쿠키, 상큼하고 달달한 콩포트가 들어간 쿠키, 흑임자와 인절미가 들어가 할매입맛을 저격한 쿠키 등 32가지의 특별하고 맛있는 조합의 쿠키 레시피를 선보인다.",https://image.aladin.co.kr/product/27876/90/cover500/8931465777_1.jpg, 소이현;윤재진 [공]지음, 영진닷컴,2021
기술과학,신도시 경관과 도시경쟁력,행동경제학에서 사람들은 미래의 이익보다는 현재의 손실을 더 크게 인식한다고 설명한다. 이제 도시경관을 도시 경제 발전의 수단의 하나로 인식해야 할 시점에 이르른 지금 우리에게 도움을 주는 책이다.,https://image.aladin.co.kr/product/23987/68/cover500/k982639111_1.jpg, 이재혁 지음, 좋은땅,2020
기술과학,치약에서 나노까지 대한민국 화학 산업 이야기,,https://image.aladin.co.kr/product/3455/26/cover500/1185351043_1.jpg, 이경윤 지음;김경찬 그림, 씨마스커뮤니케이션,2013
기술과학,아이스크림의 지구사,"고대인이 발견한 차가운 얼음이 냉동기술과 만나 지금의 아이스크림의 모습으로 탄생한 과정과 더불어, 구대륙에서 사랑받던 디저트가 신대륙을 거쳐 세계화된 여정을 살펴봄으로써 발명에서 발견으로, 구대륙에서 신대륙으로 전파된 아이스크림의 오래된 역사를 들려준다.",https://image.aladin.co.kr/product/3027/48/cover500/8958626356_1.jpg, 로라 B. 와이스 지음;김현희 옮김, 휴머니스트,2013
기술과학,오색섭생,,/img/no_book.805feab5.png, 홍영재 지음, MID,2013
기술과학,자꾸 아파서 미안해,18년간의 암으로 투병한 환자부터 불과 6개월 전에 발병한 젊은 청년까지. 47인의 암환자와 그 가족이 용기를 내어 자신들의 내밀한 이야기를 책으로 엮었다.,https://image.aladin.co.kr/product/3126/22/cover500/1185053034_1.jpg, 루 산우회 지음, 책읽는달,2013
기술과학,플라스틱 바다,"북태평양 한가운데, 바람과 파도가 잔잔한 곳. 배들도 기피하는 외딴 바다에 수십 톤의 플라스틱 조각이 수프처럼 둥둥 떠다니고 있다는 사실을 믿을 수 있을까? 찰스 무어 선장은 우연히 아름다운 수면 아래 플라스틱 조각이 흩뿌려 있는 모습을 목격하게 된다.",https://image.aladin.co.kr/product/3131/77/cover500/8994142304_1.jpg, 찰스 무어;커샌드라 필립스 [공]지음;이지연 옮김, 미지북스,2013
기술과학,전자회로 시뮬레이션,전기·전자·통신 분야에서 필수적으로 학습해야 할 과목인 회로이론 및 전자회로에 관한 내용을 학생들이 보다 쉽고 효율적으로 이해할 수 있도록 하기 위해서 우선 기본 이론을 소개하고 병행하여 컴퓨터 시뮬레이션을 통한 회로 해석에 의해 현상론적 고찰이 가능하도록 주안점을 두었다.,https://image.aladin.co.kr/product/3543/67/cover500/8938109070_1.jpg, 박건호 지음, 동일출판사,2014
기술과학,ATmega128 마이크로컨트롤러 실습,,https://image.aladin.co.kr/product/2504/94/cover500/8980008589_1.jpg, 박민상;이희찬;김경연 공저, 복두출판사,2013
기술과학,콜터,미국의 소설가이자 수필가인 릭 배스가 사냥개 콜터와 나눈 우정과 사랑 이야기. 담백하지만 애정이 담북 담긴 필치로 콜터와 함께 했던 시간을 그려나간다.,https://image.aladin.co.kr/product/43/4/cover500/8989799228_1.gif, 릭 배스 지음;김홍옥 옮김, 해나무,2003
기술과학,뇌가 멈추기 전에,"우리 인생에서 영원히 뇌졸중이 사라지게 만들겠다는 저자의 진실한 마음과 함께, 모든 사람이 실패 없이 자신에게 적용 가능한 ‘뇌졸중 완벽 예방법’이 정리되어 있다. 뇌졸중에 대한 막연한 두려움으로부터 우리를 해방시켜줄 이 책은 단순한 의학 해설서가 아니다. 뇌가 멈추기 전, 삶을 멈추지 않기 위한 가장 확실한 가이드다.",https://shopping-phinf.pstatic.net/main_5557754/55577541943.20250702092601.jpg, 이승훈 지음, 21세기북스,2025
기술과학,전기의 요정,"전기라는 개념이 어떻게 태어나고, 인간의 삶과 과학 기술을 어떻게 바꾸어 놓았는지를 인물, ‘전기의 요정’들을 중심으로 되짚는다. 탈레스의 호박부터 시작하여, 맥스웰의 전자기 방정식, 테슬라와 에디슨의 전류 전쟁, 그리고 양자역학의 서막까지—전기와 자기, 전자기력의 역사를 시간의 흐름 속에서 유기적으로 엮어내며, 기술 진화의 모든 갈래를 하나의 큰 줄기로 통합시킨다.",https://shopping-phinf.pstatic.net/main_5609311/56093119216.20250805093050.jpg, 이태연 지음, 동아시아,2025
기술과학,저속노화 마인드셋,“왜 사람들은 저속노화에 대해 알면서도 실천하지 못할까?” 한국 사회에 ‘저속노화’라는 화두를 일으킨 서울아산병원 노년내과 정희원 교수가 새로운 질문과 함께 《저속노화 마인드셋》으로 돌아왔다.,https://shopping-phinf.pstatic.net/main_5523320/55233201844.20250613093905.jpg, 정희원 지음, Whale books(웨일북),2025
기술과학,기술은 우리를 구원하지 않는다,"기후위기와 전쟁, 생태계 파괴와 인공지능 무한경쟁. 우리는 이 위기의 한가운데에서 늘 ‘기술’과 마주한다. 그런데 정말로 기술은 위기에서 우리를 구원할 수 있을까? 이 책은 이 물음에서 출발한다. 기술문화연구자 박승일은 기술을 한낱 중립적 도구나 수단으로 여기는 익숙한 관점에서 벗어나, 기술 자체를 깊이 사유하고 현재의 기술 환경에 질문을 던질 것을 제안한다.",https://shopping-phinf.pstatic.net/main_5527175/55271755066.20250617092830.jpg, 박승일 지음, 사월의책,2025
기술과학,정리가 쉬워졌습니다,"집과 회사에서 보내는 시간이 대부분인 현대인에게 10분만 투자하면 모두가 만족할 수 있는 정리법을 아주 쉽고 간단히 안내한다. 단시간에 주변을 정리하는 방법부터 물건이 가야 할 곳의 루틴은 어떻게 만드는지, 또 가구 재배치를 통해 온 가족이 행복할 수 있는 공간 활용 팁까지 담았다.",https://shopping-phinf.pstatic.net/main_3498738/34987388647.20230523090211.jpg, 윤주희 지음, 아이스크림미디어,2022
기술과학,혼자살기의 정석,자신의 공간을 산뜻하게 유지하는 사람은 집이 자신을 따뜻하게 맞아 주는 느낌을 받는다고 한다. 그런 사람에게 집은 휴식과 재충전의 공간이다. 하지만 집을 쾌적하게 유지하는 데에는 시간과 기술이 필요하다. 이 책은 이제 막 독립해 자취를 시작한 사람에게도 집이 더없이 좋은 공간이 되도록 살림의 노하우를 알려준다.,https://shopping-phinf.pstatic.net/main_5623119/56231195938.20250814071638.jpg, 주부의벗 지음;유나현 옮김, 어떤책,2025
기술과학,(전기/전자/통신/제어/계측공학도를 위한)기초실험,"기초부터 회로의 응용력까지 세밀하게 집필한 교재다. 각 장마다 실험에 필요한 관련지식을 충분히 강조한 뒤, 실험을 행하기 전 보기문제로 이론적 지식을 강화하고 실험을 용이하도록 하였으며, 실험후 과제 및 검토사항에서 복습과 응용문제를 통해 완벽한 이해가 되도록 하였다.",https://shopping-phinf.pstatic.net/main_4475613/44756133620.20231221070815.jpg, 최수열 지음, 복두출판사,2024
기술과학,자동차에 관한 거의 모든 이야기,"구찌, 입생로랑, 발렌시아가 등을 보유한 프랑스 럭셔리 그룹 케링의 CEO인 루카 데 메오가 그간 르노, 토요타 유럽, 피아트 그룹, 폭스바겐 그룹 등을 거치며 쌓아온 자동차에 관한 거의 모든 이야기를 들려준다.",https://shopping-phinf.pstatic.net/main_5665317/56653173428.20250910092326.jpg, 루카 데 메오 지음;유상희 옮김, 미래의창,2025
기술과학,미니멀 라이프청소와 정리법,인기 인스타그래머 25인의 청소와 정리 아이디어를 담았다. 10만 팔로어를 자랑하는 이들은 미니멀리스트이자 청소와 정리의 달인들이다. 다양한 청소와 정리 노하우가 담겨있어 각자의 상황과 공간에 맞게 적용해 볼 수 있다.,https://shopping-phinf.pstatic.net/main_3246666/32466667718.20221019105317.jpg, 주부의벗사 지음;김수정 옮김, 즐거운상상,2018
기술과학,우리 문화의 수수께끼. 1,"1996년 발간된 이래 꾸준히 사랑받았던 책의 컬러개정판이다. 책에 실린 400여 장의 사진을 모두 컬러로 바꾸었고, 맞지 않는 부분은 시대의 변화에 따라 수정, 보완했다.",https://image.aladin.co.kr/product/48/17/cover500/8984311154_1.gif, 주강현 지음, 한겨레신문사,2006
기술과학,(운동과 함께하는) 생리학 여행,,https://image.aladin.co.kr/product/1768/76/cover500/8996866903_1.jpg, 정준호 지음, 푸른북,2012
기술과학,"(아이의 두뇌를 깨우는)하루 15분, 책 읽어 주기의 힘",저자 자신과 다른 많은 부모의 살아 있는 경험을 토대로 찬찬히 설명함으로써 아이를 책을 좋아하는 사람으로 키우는 방법을 전하고 있다.,https://image.aladin.co.kr/product/88/44/cover500/898984746x_1.jpg, 짐 트렐리즈 지음;눈사람 옮김, 북라인,2008
기술과학,(전자공학도의 실전능력 배양을 위한) Proteus와 실험을 통한 전자회로실습,,https://image.aladin.co.kr/product/1561/37/cover500/8973933965_1.jpg, 최현칠 저, 문운당,2007
기술과학,(공학도를 위한)전기전자공학,,https://image.aladin.co.kr/product/3785/80/cover500/8998338491_1.jpg, Thomas L. Floyd;David M. Buchla, 카오스북,2014
기술과학,기초 전기전자,,https://image.aladin.co.kr/product/192/52/cover500/8989088984_1.jpg, 이태원 저, 오토테크,2008
기술과학,아픈 몸을 살리는 1분 스트레칭,"올림픽 운동선수의 수석 코치이자 재활치료사로 활동한 저자의 30년 노하우를 집대성해 가장 짧고, 효과가 좋은 통증 해결 방법을 담았다. 우리가 자주 불편함을 느끼는 고질적인 10개 부위의 통증을 다스리고 바로 통증이 해소되는 스트레칭을 소개하고 있다.",https://image.aladin.co.kr/product/29679/61/cover500/k342838280_1.jpg, 후지모리 요시히로 지음;전지혜 옮김, 북라이프,2022
기술과학,(700만이 뽑은)초간단 인생 요리 120,"요리책 베스트셀러 《700만이 뽑은 인생 반찬 120》에 이은 두 번째 책, 《700만이 뽑은 초간단 인생 요리》에는 시간은 없지만 맛있는 집밥은 먹고 싶은 바쁜 직장인, 자취생, 맞벌이 부부를 위한 레시피를 가득 담았다.",https://image.aladin.co.kr/product/18576/81/cover500/k822635860_1.jpg, 만개의 레시피 지음, 만개의레시피,2019
기술과학,착한 소비는 없다,"이제껏 우리가 무분별하게 소비해 온 방식이 어떻게 폭염과 한파, 미세 먼지, 빙하 감소, 물과 식량 부족, 생물 멸종, 방사능 피폭, 노동 착취, 성 테러 등과 이어지는지를 일상 속 사례를 들어 차근히 짚어 주는 책이다.",https://image.aladin.co.kr/product/25317/44/cover500/k402633405_1.jpg, 최원형 지음, 자연과생태,2020
기술과학,(2023 에듀윌)전기기능사,"본권 학습에 앞서 초보수학, CBT빈출, KEC핵심 내용을 공부할 수 있도록 [애피타이저 Book]도 함께 구성하였다. 2021년부터 적용된 한국전기설비규정(KEC)을 반영한 이론 및 문제로 시험을 완벽하게 대비할 수 있도록 구성하였다.",https://image.aladin.co.kr/product/29440/13/cover500/k082837528_1.jpg, 유치형;홍석묵;최대규 지음, 에듀윌,2022
기술과학,(2023 에듀윌)전기기능사 실기 한권끝장,"전기기능사 국가 기술자격증 취득을 위한 실기 수험서다. 2022년 최신 버전의 공개 문제 18개를 수록하였으며, 이에 관한 넘버링을 참고 자료 서비스로 제공하였다. 이를 통해 반드시 출제되는 공개 문제를 완벽하게 대비할 수 있도록 구성하였다.",https://image.aladin.co.kr/product/29767/15/cover500/k292838400_1.jpg, 최재규;유치형;홍석묵 지음, 에듀윌,2022
기술과학,(2023 에듀윌)전기기능사 실기 한권끝장,"전기기능사 국가 기술자격증 취득을 위한 실기 수험서다. 2022년 최신 버전의 공개 문제 18개를 수록하였으며, 이에 관한 넘버링을 참고 자료 서비스로 제공하였다. 이를 통해 반드시 출제되는 공개 문제를 완벽하게 대비할 수 있도록 구성하였다.",https://image.aladin.co.kr/product/29767/15/cover500/k292838400_1.jpg, 최재규;유치형;홍석묵 지음, 에듀윌,2022
기술과학,(USB전원을 이용한)DIY 전자회로 프로젝트,우리 주변에서 자주 사용하는 USB 전원을 이용하여 편리하게 사용할 수 있는 전자회를 재미있게 만들어볼 수 있는 DIY 서적이다. 업그레이드 되었다고 어려운 전자회로에 관련된 내용만을 다루는 것이 아니라 여전히 우리가 전자회로에 쉽게 다가갈 수 있도록 배려해 주고 있다.,https://image.aladin.co.kr/product/5530/19/cover500/1185949054_1.jpg, 이동준, 참과학,2015
기술과학,놀이만한 공부는 없다,"아빠학교 교장 권오진의 놀이 육아 완결판으로 저자는 놀이가 버거운 아빠들에게 하루 5분만 아이와 꾸준히 놀면 충분하다고 말한다. 이 책에서 소개되는 놀이들은 누구나 따라할 수 있으며, 꾸준히 실천한다면 아이의 놀이 지능과 아빠의 육아 잠재력을 키우는 효과를 볼 수 있다.",https://image.aladin.co.kr/product/5142/58/cover500/1186117087_1.jpg, 권오진 지음;권규리 본문일러스트, 예담friend,2015
기술과학,혁명의 맛,"오늘날 아시아는 물론이고 유럽, 아메리카, 아프리카까지 세계인의 입맛을 사로잡은 중국 음식의 저력은 어디서 나오는 것일까? <혁명의 맛>은 한족, 몽골족, 여진족, 후이족 등 여러 민족의 대립과 융합의 역사가 중국의 깊고 넓은 음식 문화로 이어졌음을 보여준다.",https://image.aladin.co.kr/product/5135/96/cover500/8991799027_1.jpg, 가쓰미요이치 지음;임정은 옮김, 교양인,2015
기술과학,헬스케어 인공지능과 머신러닝,저자는 diabetes.co.uk라는 당뇨병 커뮤니티에서 환자들이 자신의 당뇨를 잘 관리할 수 있도록 도와주는 인공지능 개발 전문가이다. 그 경험을 살려 헬스케어 종사자들과 헬스케어에 관심이 있는 사람들을 위해 헬스케어 인공지능의 이모저모를 어렵지 않게 설명한다.,https://image.aladin.co.kr/product/23538/16/cover500/k372638924_1.jpg, 아르준 파네사르 지음;고석범 옮김, 에이콘,2020
기술과학,과학으로 만드는 자동차,이 책은 그동안 우리가 알지 못했던 자동차의 모든 과학적 원리를 자세히 풀어내면서도 아빠가 아이에게 이야기를 들려주듯 자연스럽고 쉽게 들려주는 과학 교양서다. 자동차가 처음에 만들어진 역사적 배경에서부터 자동차를 움직이는 과학 이야기를 거쳐 도로 이야기에 이르기까지 끊임없이 풀어내는 저자의 이야기를 따라가다 보면 어느새 앞으로 만들어질 미래의 자동차를 상상하는 자신을 발견할 수 있다.,https://image.aladin.co.kr/product/838/25/cover500/8978892299_1.jpg, 박영기 지음, 지성사,2010
기술과학,"건설산업, 왜 아직도 혁신인가?","건설산업의 현주소를 분석하고 앞으로의 지향점을 체계적으로 제시하는 책. 특히 기존의 건설관련 책들과 다르게 ‘환경파괴’를 탈피한 ‘환경건설’이라는 새로운 캐치프레이즈를 통해 건설 분야의 변화 과정을 강조하고, 최근 핵심 키워드인 유비쿼터스 정보화 도시와 콤팩트 시티에 대한 첨단 프로그램을 조명한다.",https://image.aladin.co.kr/product/714/23/cover500/8964600355_1.jpg, 김수삼 편저, 생각의나무,2010
기술과학,"청소년을 위한 미래과학 교과서 더 오래, 더 깨끗하게, 더 편리하게 신재생에너지","석유 시대 이후 에너지 재앙에서 살아남기 위한 14가지 질문과 그 대안. 자연을 파괴하지도 않고, 자원을 소비하거나 오염시키지도 않고, 영원히 인간을 풍요롭게 해줄 수 있는 마술 같은 에너지가 있다.",https://image.aladin.co.kr/product/479/48/cover500/8934935448_1.jpg," 손재익, 강용혁 지음", 김영사,2009
기술과학,전자부품을 활용하자. II,,https://image.aladin.co.kr/product/22/99/cover500/8986412225_1.gif, 김보연 저, 한진,2000
기술과학,힐링맘,"엄마들의 창조적 능력 활용과 삶의 균형 향상 그리고 자기 배려의 힘 등을 다룬 책으로, 엄마들에게 진정한 자신을 찾을 수 있도록 도와준다.세상 모든 엄마들의 상실감을 치유하고, 인격적으로 성장해 의지력을 갖추는 데 필요한 촉매제.",https://image.aladin.co.kr/product/446/23/cover500/8996146358_2.jpg, 르네 피터슨 트뤼도 지음;서우다 옮김, 베스트프렌드,2009
기술과학,직류전동기 제어 기술,이미 학술적으로 전동기 제어기술을 다루고 있는 대학 및 대학원의 교재는 상당히 많이 나와 있으므로 이 실용 모터제어 시리즈의 책에서는 실제로 전동기 제어 시스템의 하드웨어를 설계하고 제어 프로그램을 작성하는 실용적인 기술을 다루고자 한다.,https://image.aladin.co.kr/product/5895/41/cover500/8971017929_1.jpg, 윤덕용 저, Ohm사,2015
기술과학,(USB전원을 이용한)DIY 전자회로 프로젝트,우리 주변에서 자주 사용하는 USB 전원을 이용하여 편리하게 사용할 수 있는 전자회를 재미있게 만들어볼 수 있는 DIY 서적이다. 업그레이드 되었다고 어려운 전자회로에 관련된 내용만을 다루는 것이 아니라 여전히 우리가 전자회로에 쉽게 다가갈 수 있도록 배려해 주고 있다.,https://image.aladin.co.kr/product/5530/19/cover500/1185949054_1.jpg, 이동준, 참과학,2015
기술과학,환자 H.M.,"영화 [메멘토]의 모티프가 된 실제 주인공 헨리 몰래슨의 이야기. 우리는 이 책에 담긴 ‘환자 H.M.’의 이야기를 통해 신경외과, 정신외과의 역사를 살펴볼 수 있으며, 동시에 과학의 업적과 한계, 정신의 가능성과 한계도 알 수 있다",https://image.aladin.co.kr/product/10044/19/cover500/8990247667_1.jpg, 루크 디트리치 지음;김한영 옮김, 동녘사이언스,2018
기술과학,(스포츠재활전문가 문훈기 박사)통증 잡는 스트레칭,"저자 문훈기 박사는 스포츠재활전문가로 20년 넘게 각 부위의 다양한 통증을 가진 환자들의 재활을 담당해 오면서 통증을 확실하게 줄여주는 재활 스트레칭 프로그램을 꾸준히 연구해 왔고, 그 노하우를 이 책에 고스란히 담았다.",https://image.aladin.co.kr/product/9568/46/cover500/k892535338_1.jpg, 문훈기 지음, 예문아카이브,2016
기술과학,전기기능사 필기,풍부한 강의경험과 실무지식을 바탕으로 최근출제경향에 맞추어 내용을 체계적으로 구성하여 수험자가 쉽게 공부할 수 있도록 구성한 책이다. 전기에 대한 기초지식이 없이도 누구나 쉽게 접근할 수 있도록 강의식 내용구성으로 전기에 대한 흥미를 가질 수 있도록 하였다.,https://image.aladin.co.kr/product/24403/56/cover500/8927436288_1.jpg," 김종남,이현옥,한상욱 [공]지음", 예문사,2020
기술과학,전기기능사 필기,풍부한 강의경험과 실무지식을 바탕으로 최근출제경향에 맞추어 내용을 체계적으로 구성하여 수험자가 쉽게 공부할 수 있도록 구성한 책이다. 전기에 대한 기초지식이 없이도 누구나 쉽게 접근할 수 있도록 강의식 내용구성으로 전기에 대한 흥미를 가질 수 있도록 하였다.,https://image.aladin.co.kr/product/24403/56/cover500/8927436288_1.jpg," 김종남,이현옥,한상욱 [공]지음", 예문사,2020
기술과학,전기기능사 필기,풍부한 강의경험과 실무지식을 바탕으로 최근출제경향에 맞추어 내용을 체계적으로 구성하여 수험자가 쉽게 공부할 수 있도록 구성한 책이다. 전기에 대한 기초지식이 없이도 누구나 쉽게 접근할 수 있도록 강의식 내용구성으로 전기에 대한 흥미를 가질 수 있도록 하였다.,https://image.aladin.co.kr/product/24403/56/cover500/8927436288_1.jpg," 김종남,이현옥,한상욱 [공]지음", 예문사,2020
기술과학,(2020 초Speed)전기 기능사:필기,각 과목별로 정리되는 중요한 공식과 요약 등을 되도록 쉽게 이해할 수 있도록 서술한 교재다. 출제 빈도가 높은 유형의 문제 등을 표기하였다. 또한 자주 출제되는 핵심이론으로 먼저 기본이론을 학습한 후 Key Point를 통해 한 번 더 기본개념을 학습할 수 있도록 구성하였다.,https://image.aladin.co.kr/product/22673/50/cover500/s622636932_1.jpg, 전기자격시험연구회 지음, BM성안당,2019
기술과학,우울할 땐 뇌과학,"아마존 심리 분야 장기 베스트셀러. UCLA에서 뇌 과학으로 박사학위를 받고, 15년간 뇌 과학을 도구 삼아 ‘우울증’만 연구해온 우울증 덕후, 앨릭스 코브 박사가 그동안의 연구 성과를 집대성한 책이다.",https://image.aladin.co.kr/product/13494/71/cover500/k052532504_2.jpg, 알렉스 코브 지음;정지인 옮김, 심심,2018
기술과학,아이 몸에 독이 쌓이고 있다,"한 번 몸속에 들어온 독성물질은 뇌와 간, 뼈와 근육, 정액과 모유에까지 쌓여 신체를 오염시키고 아이들에게 전달된다. 그래서 부모부터 독성물질을 멀리하고 아이가 유해 환경에 노출되지 않도록 생활을 재정비해야 한다. 그렇다면 과연 독으로 가득 찬 도시에서 어떻게 아이를 키울 수 있을까.",https://image.aladin.co.kr/product/8769/14/cover500/k522535686_1.jpg, 임종한 지음, 예담friend,2016
기술과학,영혼이 강한 아이로 키워라,대한민국 대표 엄마 멘토 조선미 박사는 지금껏 부모들이 ‘사랑’이라는 이름으로 행했던 잘못된 자녀 양육 행태를 낱낱이 지적하며 아이가 자존감을 높이면서도 사회의 일원으로 훌륭히 성장할 수 있는 자녀의 ‘영혼교육’에 대한 모든 궁금증을 해결해준다.,https://image.aladin.co.kr/product/2646/7/cover500/896570149x_3.jpg, 조선미 지음, 쌤앤파커스,2013
기술과학,(문과생도 볼 수 있는)모터란 무엇인가,"모터를 연구하거나 직업의 일환으로 매진하려는 전기, 기계과 학생들은 물론, 문과생들까지도 납득할 수 있도록 알기 쉽게 구성하였다. 모터를 발명한 패러데이도 놀랄 만큼 일러스트와 함께 아주 쉽게 표현하였다.",https://image.aladin.co.kr/product/19149/29/cover500/k432635491_1.jpg, GB기획센터 지음;유병용 그림, 골든벨,2019
기술과학,공학의 눈으로 미래를 설계하라,"끊임없이 생각하고, 새롭게 도전하라! 대한민국 대표 공학자들이 우리 시대 청년들에게 전하는 제언을 담은 책이다. 빠르게 변화하는 사회, 상상을 현실로 만드는 미래 기술, 그리고 내 삶의 바탕에서 만나는 공학을 소개한다.",https://image.aladin.co.kr/product/18595/65/cover500/8965746795_1.jpg, 연세대학교 공과대학 지음, 해냄,2020
기술과학,2030 반도체 지정학,반도체를 둘러싼 세계 각국의 패권 경쟁과 국제 정세를 지정학적 관점에서 바라본 책이다. 특히 기술이나 반도체 전문가가 아닌 언론인이 쓴 책으로 복잡하게 얽힌 사회적 이슈와 현안을 쉽고 명쾌하게 다루고 있다.,https://image.aladin.co.kr/product/29989/82/cover500/8931558937_1.jpg, 오타 야스히코 지음;임재덕 옮김, 성안당,2022
기술과학,전국김밥일주,"국내 유일 김밥큐레이터의 전국 김밥 맛집 가이드. 총 7개 지역으로 구성된 이 책은 김밥집별로 기본 정보와 추천 메뉴, 한줄꿀팁, 고객 리뷰 등을 알차게 소개하였다. 김밥큐레이터가 직접 맛보고 엄선한 136곳의 김밥집 평을 함께 실었다.",https://image.aladin.co.kr/product/31517/6/cover500/k742832534_1.jpg, 정다현(김밥큐레이터) 지음, 가디언,2023
기술과학,(OrCAD 17.2를 기본으로 한)전자캐드기능사 실기,OrCAD 17.2를 기본으로 하여 전자캐드를 처음 접하는 초보자도 단기간에 국가기술자격증을 취득할 수 있도록 구성한 교재다. OrCAD를 공부하는 학생뿐만 아니라 전자캐드 경진대회를 준비하는 학생도 쉽고 빠르게 접근할 수 있도록 구성하였다.,https://image.aladin.co.kr/product/27542/89/cover500/k132733393_1.jpg, 김종일 지음, 건기원,2021
기술과학,(2023 Win-Q)전자캐드기능사 실기,"PCB 설계 시 필요한 회로 도면을 작성하는 프로그램으로, 기본적인 사용방법을 수록하였다. 전자캐드기능사 공개문제에 제시된 회로도를 이용하여 설명하였으며, 회로 도면을 작성할 때 발생하는 에러의 유형 및 해결방법을 수록하였다.",https://image.aladin.co.kr/product/31017/39/cover500/k902831412_1.jpg, 박정열 지음, 시대고시기획,2023
기술과학,평생 써먹는 기적의 운동 20,게으른 우리들을 위한 기쁜 소식이 있다. 운동선수가 아닌 이상 일반 생활을 하는 이들이 건강한 몸과 마음을 유지하려면 ‘최소한의 운동’만 하면 된다는 것이다. 오늘도 야식을 먹으며 살 빼는 법을 찾는 게으른 당신을 위한 기적의 운동법을 만나보자!,https://image.aladin.co.kr/product/31656/46/cover500/k492833575_1.jpg, 카르스텐 레쿠타트 지음;이은미 옮김, Fika life(피카),2023
기술과학,코바늘 패턴＆배색 아이디어 578,"아름다운 코바늘 패턴과 배색 아이디어를 가득 담은 컬러 패턴북. 사각형, 원형, 다각형, 꽃 모양의 124가지 모티프 패턴과 블랭킷, 코스터, 쿠션 등 9가지 뜨개 작품 만드는 법을 소개한다.",https://image.aladin.co.kr/product/5021/18/cover500/897221888x_1.jpg, 더 헐레이션스 지음;배혜영 옮김, 진선아트북,2014
기술과학,걷는 법을 바꾸면 통증이 사라진다,"지금 몸의 어떤 부위가 아프다면 그것은 생각지도 못하게 ‘걸음걸이’의 문제일 수 있다. 《걷는 법을 바꾸면 통증이 사라진다》에서는 다양한 상황별, 통증별 원인이 되는 잘못된 걸음걸이를 파악하고 해결법을 제시한다.",https://image.aladin.co.kr/product/31463/40/cover500/k412832420_1.jpg, 기데라 에이시 지음;지소연 옮김, 길벗,2023
기술과학,"Oh, My Image","각자의 신체적인 특성을 파악하게 하고, 자신의 신체 조건을 기반으로 원하는 이미지를 구현해가는 방법을 제시해주고 있다. 한마디로 내가 원하는 이미지를 내게 맞게 찾아주는 것이다. 이제 저자의 안내에 따라 다른 누구도 아닌 나만의 이미지를 만들어보자.",https://image.aladin.co.kr/product/1975/34/cover500/8996417327_1.jpg, 박선영 지음, 미니멈,2012
기술과학,(문과생도 볼 수 있는)모터란 무엇인가,"모터를 연구하거나 직업의 일환으로 매진하려는 전기, 기계과 학생들은 물론, 문과생들까지도 납득할 수 있도록 알기 쉽게 구성하였다. 모터를 발명한 패러데이도 놀랄 만큼 일러스트와 함께 아주 쉽게 표현하였다.",https://image.aladin.co.kr/product/19149/29/cover500/k432635491_1.jpg, GB기획센터 지음;유병용 그림, 골든벨,2019
기술과학,사물인터넷을 품은 아두이노,"아두이노와 주변장치와의 연결, 아두이노와 컴퓨터와의 연결, 아두이노와 다른 아두이노 또는 마이크로컨트롤러와의 연결, 아두이노와 스마트폰의 연결, 그리고 아두이노와 인터넷의 연결 등 흔히 사용되는 연결 방법들을 다루고 있다.",https://image.aladin.co.kr/product/7497/28/cover500/k032434714_1.jpg, 허경용 지음, Jpub,2016
기술과학,희망의 밥상,"세계적인 영장류학자이자 환경 운동가인 제인 구달이 지구 생태계와 인류의 건강한 미래를 위한 제안을 담아 쓴 책이다. 우리가 매일매일 먹고 있는 음식들이 어떻게 생산되고 있으며 어떤 경로로 우리 밥상에까지 올라왔는지를 밝힌다. 또한 우리의 건강, 나아가 지구의 건강에는 어떠한 영향을 미치고 있는지를 이야기한다.",https://image.aladin.co.kr/product/62/31/cover500/8983711752_2.jpg, 제인 구달;게리 매커보이;게일 허드슨 [공]지음;김은영 옮김, 사이언스북스,2014
기술과학,운명을 바꾸는 인테리어 tip 30,"이번에 선보이게 된 30일 풍수인테리어 프로그램은 우리 생활의 토대를 이루고 있는 풍수인테리어를 현대풍수로 재해석하고, 작가만이 가지고 있는 알찬 풍수인테리어 팁을 실생활에 적용해가는 과정을 담고 있다.",https://image.aladin.co.kr/product/5585/77/cover500/6000828061_2.jpg, 박성준 지음, 대원씨아이,2015
기술과학,최강의 육아,"아이의 잠재력이 결정되는 중요한 시기인 0-5세를 기준으로 부모가 아이에게 꼭 해줘야 할 수면 교육, 배변 훈련, 식습관과 같은 생활습관부터 아이의 기질과 성장발달에 따른 훈육, 창의력을 키우는 놀이 방법, IQ와 어휘력을 키우는 대화법 등 육아의 모든 것을 한 권에 담아냈다.",https://image.aladin.co.kr/product/14791/14/cover500/k112532151_1.jpg, 트레이시 커크로 지음;정세영 옮김, 앵글북스,2018
기술과학,(당황하지 않고 웃으면서)아들 성교육 하는 법,가부장적인 아버지와 남편 사이에서 ‘아들만큼은 좋은 남자로 키우겠다’는 생각으로 그동안 실천해 온 성교육과 부모교육 노하우를 모조리 담았다. 부모와 교육관계자들은 새로운 시대에 맞는 새로운 성교육 방법을 파악하고 젠더교육까지 이해할 수 있다. 나아가 당황하지 않고 웃으면서 아들 성교육하는 해답을 찾을 수 있다.,https://image.aladin.co.kr/product/13821/88/cover500/k002532125_2.jpg, 손경이 지음, 다산에듀,2018
기술과학,하루 10분 감정 하브루타,"질문과 토론으로 요약되는 유대인의 전통적인 공부법 ‘하브루타’를 이용하여 아이와 엄마의 감정에 ‘왜?’라는 질문을 던진다. 아이에게 늘 질문할 수 있는 환경을 만들어주고, 스스로 답을 찾게 유도한다. 이 과정을 통해 아이는 스스로의 감정에 대해 생각해보고, 다른 사람의 감정을 이해할 수 있는 힘을 기르게 된다.",https://image.aladin.co.kr/product/16608/59/cover500/8966376002_1.jpg, 임보연 지음, 미다스북스,2018
기술과학,진짜 기본 요리책,"출간 즉시 모든 온라인 서점 요리책 1위가 되며 베스트셀러에 오른 <진짜 기본 요리책>의 완전개정판. 생생한 리뷰를 토대로 기존의 좋은 것은 더 빛나게, 부족한 점은 더 탄탄하게 보강했으며, 기존 레시피는 물론이고 요즘 사람들이 배우고 싶어하는 요리까지 총 320개의 기본 메뉴와 100여개의 응용 방법까지 만날 수 있다.",https://image.aladin.co.kr/product/16234/14/cover500/k402533851_2.jpg, 요리잡지 &lt수퍼레시피&gt 지음;김덕창;박형인 [공]사진, 레시피팩토리,2018
기술과학,엄마 반성문,"초등학교 교장 선생님이자 ‘1등 교사’-‘1등 엄마’로 자신만만했던 저자는, ‘전교 1등’ 고3아들의 느닷없는 자퇴선언을 시작으로 악몽 같은 사건을 연이어 겪는다. 그리고 ‘아이들을 살리고 봐야겠다’는 절박한 심정으로 시작한 코칭을 통해서 무엇이 잘못되었는지 깨닫게 된다.",https://image.aladin.co.kr/product/11690/51/cover500/k882531514_1.jpg, 이유남 지음, Denstory,2017
기술과학,아이는 99% 엄마의 노력으로 완성된다,"흔들리는 엄마들에게 용기와 희망을 전하는 자녀 교육 지침서. 40년 간 미국과 일본의 교육계에 커다란 발자취를 남기고, 세 아이들 모두를 미국을 움직이는 리더로 키워낸 장병혜 박사만의 자녀 교육 노하우를 담아낸 책이다. 2003년 출간되어 베스트셀러로 자리매김했던 <아이는 99% 엄마의 노력으로 완성된다>의 혁신 업그레이드 개정판이다.",https://image.aladin.co.kr/product/1100/63/cover500/892780192x_1.jpg, 장병혜 지음, 중앙books,2011
기술과학,"노라노, 열정을 디자인하다","1956년 서울 반도호텔에서 한국 최초의 패션쇼를 연 디자이너 '노라 노'의 자서전. 자신의 꿈을 버리고 가족을 위해 희생하는 것이 여성의 미덕이라 여겨지던 시절, 열정과 특유의 긍정적인 마인드로 '패션'이라는 꿈을 향해 도전하고 성공을 거두기까지의 이야기를 담았다. 함께 실린 사진 자료들도 풍부한 볼거리를 제공한다.",https://image.aladin.co.kr/product/96/71/cover500/8992483236_1.jpg, 노라 노 지음, 황금나침반,2007
기술과학,(세계를 이끄는 한국의 창조적)공학자들,,https://image.aladin.co.kr/product/334/39/cover500/8952109759_1.jpg," 오헌석 외,지음", 서울대학교 출판부,2009
기술과학,(치매에 대한 불안과 공포를 해결해주는)나 치매 아냐?,"저자가 지난 24년간 병원과 연구소에서 치매 환자를 진료하고 또 원인을 밝히는 연구를 해오면서 얻어진 경험을 토대로 쓴 책이다. 뇌기능의 이해, 치매 전 단계, 초기 증상, 치매의 종류, 진단 방법, 치료 방법, 예방법, 가족지침, 사회제도 등을 상세히 설명하였다.",https://image.aladin.co.kr/product/3121/6/cover500/8997125346_1.jpg, 한설희 지음, 싸이프레스,2013
기술과학,내 몸 아프지 않은 습관,"최근 우리나라 사람들이 척추, 관절, 허리, 통증질환 등에 1인당 평균 400만 원을 지출한다는 통계 결과가 발표되었다. 버스나 옥외 광고를 보면 유명 스타가 홍보하는 각종 전문병원들 역시 매우 많아졌음을 알 수 있다.",https://image.aladin.co.kr/product/3268/98/cover500/8928622913_1.jpg, 황윤권 글·그림, 에이미팩토리,2013
기술과학,8초만 누르면 통증이 사라진다!,"TV조선 <내 몸 사용 설명서>, KBS <아침 뉴스타임> 등에서 소개되며 매 방송마다 장안의 화제가 되었던 ‘8초 통증 마사지’를 책으로 만난다.",https://image.aladin.co.kr/product/6868/7/cover500/k932434179_1.jpg, 장민제 지음;김범경 사진;영수 일러스트, 비타북스,2015
기술과학,옷을 사지 않기로 했습니다,"패션업계 안팎의 현실에 대한 고발뿐 아니라 저자의 딜레마와 노하우도 두루 담겨 있어, 스타일과 환경 보호를 나란히 추구하려는 독자들이 거창한 결심이나 배경지식 없이도 공감하며 읽을 수 있는 이야기로 가득하다.",https://image.aladin.co.kr/product/32756/32/cover500/k882936083_1.jpg, 이소연 지음, 돌고래,2023
기술과학,(일생에 한 번)내 집을 고친다면,"마음먹고 내 집을 고쳐보려는 이들을 위한 인테리어 실전서다. 인테리어를 계획할 때 어떤 형태의 공사를 선택할지 스스로를 점검할 수 있게 해주고, 군더더기 없이 기본에 충실한 ‘미니멀 인테리어의 비밀’도 알려준다.",https://image.aladin.co.kr/product/32503/9/cover500/k412935614_1.jpg, 오아시스 지음, 터치아트,2023
기술과학,전자캐드 기능사 필기,필수적으로 학습해야 하는 중요한 핵심이론들을 각 과목별로 분류하여 수록하였고 시험에 자주 나오는 핵심예제를 엄선해 이론과 문제를 한 번에 학습할 수 있도록 하였다. 과년도 기출문제의 상세한 해설을 통해 핵심이론만으로는 아쉬운 내용을 보충 학습할 수 있다.,https://dls2.edunet.net/DLS/api/homepage/holding/getCoverImage.do?prov_code=E10&neis_code=E100000276&bib_key=34030502307, 정도건 외, (주)시대고시기획,2024
기술과학,전자캐드 기능사 필기,필수적으로 학습해야 하는 중요한 핵심이론들을 각 과목별로 분류하여 수록하였고 시험에 자주 나오는 핵심예제를 엄선해 이론과 문제를 한 번에 학습할 수 있도록 하였다. 과년도 기출문제의 상세한 해설을 통해 핵심이론만으로는 아쉬운 내용을 보충 학습할 수 있다.,https://dls2.edunet.net/DLS/api/homepage/holding/getCoverImage.do?prov_code=E10&neis_code=E100000276&bib_key=34030502307, 정도건 외, (주)시대고시기획,2024
기술과학,전자캐드 기능사 필기,필수적으로 학습해야 하는 중요한 핵심이론들을 각 과목별로 분류하여 수록하였고 시험에 자주 나오는 핵심예제를 엄선해 이론과 문제를 한 번에 학습할 수 있도록 하였다. 과년도 기출문제의 상세한 해설을 통해 핵심이론만으로는 아쉬운 내용을 보충 학습할 수 있다.,https://dls2.edunet.net/DLS/api/homepage/holding/getCoverImage.do?prov_code=E10&neis_code=E100000276&bib_key=34030502307, 정도건 외, (주)시대고시기획,2024
기술과학,전자캐드 기능사 필기,최근 개정된 출제기준과 기출문제 유형 분석을 통하여 핵심적인 이론 내용을 정리하고 이에 따른 출제예상문제를 엄선하여 수록하였다. 풍부한 삽화 및 일러스트를 본문에 삽입하여 이론 내용을 좀 더 효과적으로 습득할 수 있도록 하였다.,https://shopping-phinf.pstatic.net/main_4451684/44516840619.20231214070849.jpg, 홍승희, 책과 상상,2024
기술과학,전자캐드 기능사 기출문제 필기,"최근 개정된 출제기준과 기출문제 유형 분석을 통하여 핵심적인 이론 내용을 앞부분에 수록하였다. 본문 이해가 쉽도록 풍부한 삽화 및 일러스트, 회로도 등을 사용하였다.",https://shopping-phinf.pstatic.net/main_4451682/44516826624.20231214070904.jpg," 이태현, 홍승희", 책과 상상,2024
기술과학,(2024)에듀윌 전기기사 : 필기 : 7개년 기출문제집,"2023년 최신 CBT 기출을 포함한 7개년 복원 문제를 수록하였다. 에듀윌만의 특별혜택, 실전 감각을 키우는 온라인 CBT 모의고사 3회분을 제공한다. 가장 중요한 이론만을 선별한 핵심이론 요약집 PDF와 학습의 길라잡이가 되어주는 질문방 서비스도 제공한다.",https://shopping-phinf.pstatic.net/main_4519421/45194212618.20240113070907.jpg, 에듀윌 전기수험연구소 편저, 에듀윌,2024
기술과학,2024 전기기사 20개년 기출문제집(실기),"20개년 기출 전체를 효과적으로 학습하고 암기하기 위한 3회독 시스템으로 구성된 교재다. 최신 10개년 기출문제(1권) + PLUS 10개년 기출문제(2권)으로 분권하였고, 가장 중요한 이론만을 모아둔 ‘핵심이론만 싹!’과 실기 기출문제를 유형별로 분류한 ‘출제 유형 3(쓰리)’로 구성하였다.",https://shopping-phinf.pstatic.net/main_4663956/46639560621.20240328081833.jpg, 에듀윌, 에듀윌,2024
기술과학,초전도체,"초전도 현상 연구의 역사, 원리를 규명하기 위한 이론과 실험, 미확인 초전도 물체(USO) 등 초전도체를 둘러싼 해프닝과 스캔들, 초전도체가 현재 사용되는 분야와 앞으로 불러올 미래까지, 초전도체를 둘러싼 모든 것을 설명한다.",https://image.aladin.co.kr/product/33536/14/cover500/8934941510_1.jpg, 김기덕 지음, 김영사,2024
기술과학,백종원의 우리술,전국 방방곡곡에서 만난 100년 전통의 양조장부터 신생양조장까지 각자의 자리에서 ‘우리술’을 위해 묵묵히 최선을 다하는 양조장 39곳과 누룩과 효모를 만드는 5곳을 소개한다. 양조인들의 생생한 목소리를 들으며 그들이 만든 다채롭고 매력적인 술도 보여준다.,https://image.aladin.co.kr/product/33028/95/cover500/8934917741_1.jpg, 백종원 지음, 김영사,2023
기술과학,(2024 완벽대비)전기기사 필기 5주완성. 1,"36년간 출제문제를 각 단원별로 완전 분석하였다. 필수 핵심정리, 확인문제, 예상문제의 3간계를 통한 완전 학습체계를 구축하여 과목별 출제빈도에 따른 핵심정리.예제문제를 풀어볼 수 있도록 정리하였다.",https://image.aladin.co.kr/product/32425/16/cover500/k682935091_1.jpg, 전기기사수험연구회 지음, 한솔아카데미,2023
기술과학,(Win-Q)전자캐드기능사 : 필기,필수적으로 학습해야 하는 중요한 핵심이론들을 각 과목별로 분류하여 수록하였고 시험에 자주 나오는 핵심예제를 엄선해 이론과 문제를 한 번에 학습할 수 있도록 하였다. 과년도 기출문제의 상세한 해설을 통해 핵심이론만으로는 아쉬운 내용을 보충 학습할 수 있다.,https://image.aladin.co.kr/product/32752/1/cover500/k602936987_1.jpg," 정도건,이희준 편저", 시대고시기획,2024
기술과학,(Win-Q)전자캐드기능사 : 필기,필수적으로 학습해야 하는 중요한 핵심이론들을 각 과목별로 분류하여 수록하였고 시험에 자주 나오는 핵심예제를 엄선해 이론과 문제를 한 번에 학습할 수 있도록 하였다. 과년도 기출문제의 상세한 해설을 통해 핵심이론만으로는 아쉬운 내용을 보충 학습할 수 있다.,https://image.aladin.co.kr/product/32752/1/cover500/k602936987_1.jpg," 정도건,이희준 편저", 시대고시기획,2024
기술과학,좋아하는 모양으로 뜨는 가방,"나만의 개성을 살려 만들 수 있는 가방 패턴을 3000개나 제공한다. 바닥 패턴 5개, 본체에 사용하는 뜨개 무늬 100개, 손잡이의 종류 6개. 마음에 드는 패턴을 고르고 뜨기만 하면 가방 완성! 책에 나온 패턴으로 다양한 실을 사용해 또 다른 느낌을 만들어보자.",https://image.aladin.co.kr/product/31679/24/cover500/k992833784_1.jpg, 로니크 지음 ;방현희 옮김, 미호,2023
기술과학,똑똑한 뇌는 어떻게 만들어지는가,두뇌 골든타임을 사수하고 효율적으로 육아하고 싶은 부모라면 《똑똑한 뇌는 어떻게 만들어지는가》에 주목하자. 아이 나이가 몇 살이든 똑똑해질 수 있다. 아이 뇌가 진짜 성장을 멈추는 때는 부모가 포기하는 순간이기 때문이다. 이 책은 아직 자라는 중인 아이 뇌를 위해 부모가 만들어줘야 할 최적의 환경과 공부 습관에 대해 촘촘하게 담았다.,https://image.aladin.co.kr/product/33645/21/cover500/k792939317_1.jpg, 다키 야스유키;고 가즈키 [공] 지음 ;;신현호 옮김, 길벗,2024
기술과학,(세상에서 가장 알기 쉬운) 근육연결도감,현역 스트레칭 트레이너로 활동하는 작가가 직접 그린 컬러 일러스트로 근육끼리의 연동과 몸의 구조를 누구나 한눈에 알기 쉽도록 전달한다. 저자는 현업에서 환자들을 치료하면서 근육의 연결을 설명하는 데 늘 애를 먹었다고 한다.,https://image.aladin.co.kr/product/33698/18/cover500/8927880323_1.jpg, 키마타 료 지음 ;장하나 옮김, 중앙books,2024
기술과학,'나'라는 착각,"신경과학, 심리학, 사회학 등 다양한 학문을 오가며 ‘자아 정체성’이란 개념이 실은 뇌가 만들어낸 허구임을 밝힌다. 자아는 수많은 사건 중에서 특정한 부분을 편집하고 맥락을 이어붙인 기억의 집합이다.",https://image.aladin.co.kr/product/33516/87/cover500/8965966191_1.jpg, 그레고리 번스 지음 ;홍우진 옮김, 흐름출판,2024
기술과학,스페이스X의 비밀,"과학 저널리스트이자 편집자인 브래드 버건은 이 책에서 200장 이상의 멋진 미공개 사진과 간결하고 정돈된 문장으로 캘리포니아, 텍사스, 플로리다에 위치한 우주선과 주요 시설, 핵심 인사들의 이야기를 비롯한 우주를 향한 끊임없는 도전의 역사를 들려준다.",https://image.aladin.co.kr/product/33786/83/cover500/k972930476_1.jpg, 브래드 버건 지음 ;김민경 옮김, 미디어숲,2024
기술과학,(비울수록 사랑을 더 채우는) 엄마의 말 그릇,"50만 부 이상 판매된 《말 그릇》 시리즈의 완결판! ‘마음을 체크해서 자신의 말 습관을 변화시킨다’는 시리즈의 주제 아래, 이번에는 부모들의 말 습관, 특히 아이들과 가장 밀착되어 생활하는 엄마들의 말을 변화시키기 위한 지침들을 담았다.",https://image.aladin.co.kr/product/33900/46/cover500/k052930928_1.jpg, 김윤나 지음, 카시오페아,2024
기술과학,알록달록 소품 컬랙션,"정말 작고 깜찍해서 ‘너무너무 귀여워요!’라고 호평을 받고 있는 핸드메이드 작품 모음집이다. 저자 스기노 미오코는 핸드메이드 분야에서 수위를 다투는, 일본의 인기 블로거로 이번에도 자신의 노하우를 아낌없이 공개했다.",https://image.aladin.co.kr/product/34010/71/cover500/k592931969_1.jpg, 스기노 미오코 지음 ;배혜영 옮김, 봄봄스쿨,2024
기술과학,"쓸모의 과학, 신소재","새로운 소재의 발견과 발명은 이 세상을 변화시키는 원동력이 되어 왔다. 즉, 오늘날까지 유용하게 쓰이고 있는 것들은 ‘쓸모’에 의해 선택된, 살아남은 소재들이라고 할 수 있다. 이 책은 변화무쌍한 미래 사회를 예측하기 위한 가장 완벽한 안내서라고 할 수 있다.",https://image.aladin.co.kr/product/33782/89/cover500/k962930478_1.jpg, 조용수 지음, 교보문고,2024
기술과학,나는 다정한 관찰자가 되기로 했다,"‘교육전문가는 아이를 어떻게 키울까?’ 일명 이은경쌤은 누적조회수 3,000만 뷰를 기록한 교육전문가면서 수많은 자녀교육서와 학습서를 출간한 베스트셀러 작가이다. 이 책은 저자가 또래 엄마들과 온, 오프에서 만나 고민을 나누면서 관심이 높았던 주제를 모아 에세이 형식으로 쓴 책이다.",https://image.aladin.co.kr/product/33949/55/cover500/k702930338_1.jpg, 이은경 지음, 서교책방,2024
기술과학,전자회로,,https://image.aladin.co.kr/product/18454/10/cover500/k272534356_1.jpg, Thomas L. Floyd 지음 ;손상희 [외] 옮김, First Book(퍼스트 북),2019
기술과학,전투기·군용기 백과사전,항공기종에 대한 전문적 분석을 기반으로 최상의 분류 체계를 확보했으며 일러스트는 실물 기종의 특징을 정확히 반영하고 있다.,https://shopping-phinf.pstatic.net/main_3250688/32506884632.20221229073116.jpg, 짐 윈체스터 저 ; 이재익 옮김, Human&Books,2017
기술과학,탱크·장갑차·군용차 백과사전,"제1차 세계 대전 이후 비약적으로 진화해 온 탱크·전차 등 기갑 및 군용 차량의 계보를 총망라하고 엄밀한 고증을 거쳐 이미지로 복원한 책이다. 총 1,000여 점을 컬러 일러스트로 제공하며 이들의 재원은 물론 전시의 쓰임새와 실재 활약상에 관한 포괄적이고 전문적인 해설을 곁들였다.",https://shopping-phinf.pstatic.net/main_3246683/32466839287.20221229074409.jpg, 로버트 잭슨 저 ; 김혜연 옮김, Human&Books,2018
기술과학,소나네 도시락 레시피,"가족 나들이나 모임이 잦은 시기, 온 가족을 심쿵하게 할 비주얼의 도시락 요리책이 출간되었다. 귀엽고 깜찍한 도시락을 SNS에 게시해 많은 사랑과 관심을 받아온 ‘소나네도쿄라이프’의 첫 책 <소나네 도시락 레시피>이다.",https://shopping-phinf.pstatic.net/main_4787928/47879286619.20240523070952.jpg, 박선희, 책밥,2024
기술과학,탐정이 된 과학자들,감염의 위험과 세상의 조롱을 무릅쓰고 전염병의 비밀을 파헤친 전염병학자들의 이야기다. 전염병학자들이 최초 감염자인 ‘페이션트 제로’를 추적해 전염병의 비밀을 밝히는 과정을 추리소설처럼 펼쳐낸다.,https://shopping-phinf.pstatic.net/main_3244484/32444846938.20230214163639.jpg, 마릴리 피터스 지음 ; 지여울 옮김, 다른,2021
기술과학,탐정이 된 과학자들,감염의 위험과 세상의 조롱을 무릅쓰고 전염병의 비밀을 파헤친 전염병학자들의 이야기다. 전염병학자들이 최초 감염자인 ‘페이션트 제로’를 추적해 전염병의 비밀을 밝히는 과정을 추리소설처럼 펼쳐낸다.,https://shopping-phinf.pstatic.net/main_3244484/32444846938.20230214163639.jpg, 마릴리 피터스 지음 ; 지여울 옮김, 다른,2021
기술과학,탐정이 된 과학자들,감염의 위험과 세상의 조롱을 무릅쓰고 전염병의 비밀을 파헤친 전염병학자들의 이야기다. 전염병학자들이 최초 감염자인 ‘페이션트 제로’를 추적해 전염병의 비밀을 밝히는 과정을 추리소설처럼 펼쳐낸다.,https://shopping-phinf.pstatic.net/main_3244484/32444846938.20230214163639.jpg, 마릴리 피터스 지음 ; 지여울 옮김, 다른,2021
기술과학,탐정이 된 과학자들,감염의 위험과 세상의 조롱을 무릅쓰고 전염병의 비밀을 파헤친 전염병학자들의 이야기다. 전염병학자들이 최초 감염자인 ‘페이션트 제로’를 추적해 전염병의 비밀을 밝히는 과정을 추리소설처럼 펼쳐낸다.,https://shopping-phinf.pstatic.net/main_3244484/32444846938.20230214163639.jpg, 마릴리 피터스 지음 ; 지여울 옮김, 다른,2021
기술과학,(십대를 위한)미래과학 콘서트,"정재승 교수와 각 분야 전문가들과 함께 인공지능 시대의 삶과 변화, 미래과학을 알아본다. 이 책은 청소년에게 과학의 즐거움을 알리기 위해 시작된 '10월의 하늘'에서 행사에서 선보인 재미있는 강연을 골라 묶은 것으로 '10월의 하늘' 시리즈의 다섯 번째 책이다.",https://image.aladin.co.kr/product/17123/23/cover500/s132635355_1.jpg, 정재승 외 지음, 청어람미디어,2019
기술과학,(십대를 위한)미래과학 콘서트,"정재승 교수와 각 분야 전문가들과 함께 인공지능 시대의 삶과 변화, 미래과학을 알아본다. 이 책은 청소년에게 과학의 즐거움을 알리기 위해 시작된 '10월의 하늘'에서 행사에서 선보인 재미있는 강연을 골라 묶은 것으로 '10월의 하늘' 시리즈의 다섯 번째 책이다.",https://image.aladin.co.kr/product/17123/23/cover500/s132635355_1.jpg, 정재승 외 지음, 청어람미디어,2019
기술과학,(2025) 전기기능사 : 필기 : 초단기CBT 10개년 1400문제 기출문제집,"전기설비와 전기기기의 단순 암기형 주제들을 전면에 배치하여 전기 설비와 전기기기에서 반드시 기본을 다져 50점 이상을 획득하고, 학습 도중에 시간부족으로 전기이론 계산문제를 다 공부하지 못했더라도 실제 시험장에서 충분히 합격권 점수를 획득할 수 있도록 전략적으로 구성하였다.",https://shopping-phinf.pstatic.net/main_4883321/48833216622.20240703071014.jpg, 파이팅혼공TV 컨텐츠 개발팀, 종이향기,2024
기술과학,(2025) 전기기능사 : 필기 : 초단기CBT 10개년 1400문제 기출문제집,"전기설비와 전기기기의 단순 암기형 주제들을 전면에 배치하여 전기 설비와 전기기기에서 반드시 기본을 다져 50점 이상을 획득하고, 학습 도중에 시간부족으로 전기이론 계산문제를 다 공부하지 못했더라도 실제 시험장에서 충분히 합격권 점수를 획득할 수 있도록 전략적으로 구성하였다.",https://shopping-phinf.pstatic.net/main_4883321/48833216622.20240703071014.jpg, 파이팅혼공TV 컨텐츠 개발팀, 종이향기,2024
기술과학,(2025) 전기기능사 : 필기 : 초단기CBT 10개년 1400문제 기출문제집,"전기설비와 전기기기의 단순 암기형 주제들을 전면에 배치하여 전기 설비와 전기기기에서 반드시 기본을 다져 50점 이상을 획득하고, 학습 도중에 시간부족으로 전기이론 계산문제를 다 공부하지 못했더라도 실제 시험장에서 충분히 합격권 점수를 획득할 수 있도록 전략적으로 구성하였다.",https://shopping-phinf.pstatic.net/main_4883321/48833216622.20240703071014.jpg, 파이팅혼공TV 컨텐츠 개발팀, 종이향기,2024
기술과학,(2025) 전기기능사 : 필기 : 초단기CBT 10개년 1400문제 기출문제집,"전기설비와 전기기기의 단순 암기형 주제들을 전면에 배치하여 전기 설비와 전기기기에서 반드시 기본을 다져 50점 이상을 획득하고, 학습 도중에 시간부족으로 전기이론 계산문제를 다 공부하지 못했더라도 실제 시험장에서 충분히 합격권 점수를 획득할 수 있도록 전략적으로 구성하였다.",https://shopping-phinf.pstatic.net/main_4883321/48833216622.20240703071014.jpg, 파이팅혼공TV 컨텐츠 개발팀, 종이향기,2024
기술과학,(2025) 전기기능사 : 필기 : 초단기CBT 10개년 1400문제 기출문제집,"전기설비와 전기기기의 단순 암기형 주제들을 전면에 배치하여 전기 설비와 전기기기에서 반드시 기본을 다져 50점 이상을 획득하고, 학습 도중에 시간부족으로 전기이론 계산문제를 다 공부하지 못했더라도 실제 시험장에서 충분히 합격권 점수를 획득할 수 있도록 전략적으로 구성하였다.",https://shopping-phinf.pstatic.net/main_4883321/48833216622.20240703071014.jpg, 파이팅혼공TV 컨텐츠 개발팀, 종이향기,2024
기술과학,(2024) 에듀월 전기기능사 : 필기 : 한권끝장,,https://shopping-phinf.pstatic.net/main_4423680/44236803620.20231126071042.jpg," 유치형 , 홍석묵, 최대규 편저", 에듀윌,2024
기술과학,(2024) 에듀월 전기기능사 : 필기 : 한권끝장,,https://shopping-phinf.pstatic.net/main_4423680/44236803620.20231126071042.jpg," 유치형 , 홍석묵, 최대규 편저", 에듀윌,2024
기술과학,(2024) 에듀월 전기기능사 : 필기 : 한권끝장,,https://shopping-phinf.pstatic.net/main_4423680/44236803620.20231126071042.jpg," 유치형 , 홍석묵, 최대규 편저", 에듀윌,2024
기술과학,개념이 잡히는 디지털 전자회로,"통신분야 기사/산업기사 자격증에 출제되는 목차를 중심으로 구성한 ‘디지털 전자회로’ 이론서다. 단순히 개념을 요약해 놓은 수험서가 아닌, 선후연계를 고려하여 개념을 충실히 소개한 후 필수 핵심이론 기반의 예제와 기출문제 기반의 연습문제를 풀어봄으로써 개념을 이해하도록 돕는다.",https://shopping-phinf.pstatic.net/main_3247609/32476092618.20240904070952.jpg, 강영국, 한빛아카데미,2017
기술과학,고체전자공학,,https://shopping-phinf.pstatic.net/main_3247335/32473358985.20221227204843.jpg, Ben G. Streetman;Sanjay Kumar Banerjee [공]지음;곽계달;김성준;전국진 [공]옮김, 성진미디어,2015
기술과학,전기전자공학영어,"기초적인 전기 지식뿐만 아니라 기초 대수학 내용을 이해하기 쉽도록 집필하였다. 삼각함수와 사인파 개념으로부터 발전기와 변압기의 원리 등을 다루었으며, 에너지 축적 소자인 인덕터와 캐패시터의 개념으로부터 공진현상을 이해하도록 집필하였다.",https://shopping-phinf.pstatic.net/main_3244066/32440667739.20230928091947.jpg, 정도영 저, 복두출판사,2022
기술과학,전자공학 만능 레시피,"전자공학을 전문적으로 공부하지 않은 메이커, 취미공학자를 위한 전자공학 활용백서를 소개한다. 공신력을 인증받은 오라일리 쿡북 방식에 따라 전자공학 활용법을 세분화했기 때문에 원하는 부분을 바로 펼쳐서 레시피를 따라할 수 있다.",https://shopping-phinf.pstatic.net/main_3249189/32491891294.20231004072327.jpg, 사이먼 몽크 지음;이하영 옮김, 인사이트,2018
기술과학,퍼펙트 게스,"학습과 기억을 관장하는 뇌, 특히 해마 연구의 세계적 권위자인 서울대 이인아 교수는 『퍼펙트 게스』에서 내 삶의 경험과 선택을 통해 복잡한 세상에 적응적이고 생존 가능한 최적의 뇌를 설계할 수 있다고 말한다.",https://shopping-phinf.pstatic.net/main_4500450/45004502619.20240103153808.jpg, 이인아 지음, 21세기북스(북이십일),2024
기술과학,소울 무비 소울 푸드,"인생 영화 속 소울 푸드를 만들어 먹으며 일상 속 잔잔한 행복과 힐링을 느껴보자! 이 책에서는 <이웃집 토토로>의 미야자키 하야오, <카모메 식당>의 오기가미 나오코, <너의 이름은> 신카이 마코토 등 전 세계인의 사랑을 받는 일본 감독의 작품 28편을 소개한다.",https://shopping-phinf.pstatic.net/main_4986826/49868260625.20240822070950.jpg, 하라다 사치요 지음;장한라 옮김, 영림카디널,2024
기술과학,조금씩 몸을 바꾸며 살아갑니다,"우리 시대 최고의 과학 커뮤니케이터 하리하라 이은희의 신작. 저술과 강연, 방송, 유튜브 등 다양한 매체를 넘나들며 현대 과학의 이슈와 쟁점을 일상의 언어로 알기 쉽게 소개해온 저자 이은희는 이번 책에서 인간이 발명해낸 가장 멋진 발명품 ‘제2의 몸’에 대한 놀랍고도 흥미로운 이야기를 펼쳐 보인다.",https://shopping-phinf.pstatic.net/main_4963298/49632986620.20240806090709.jpg, 이은희 지음, 문학과지성사,2024
기술과학,필라테스로 배우는 근육의 세계,"매트만 있으면 집에서도 쉽게 따라 할 수 있는 필라테스 동작 13가지와 해당 동작을 수행할 때 사용되는 31개의 근육을 콕 집어 소개한다. 필라테스 동작과 효과에만 초점을 맞추지 않고, 필라테스 동작 하나에 사용되는 근육들을 하나하나 자세하게 담았다.",https://shopping-phinf.pstatic.net/main_3243624/32436245435.20230905101412.jpg, 김다은 지음, 시대인,2022
기술과학,폭염 살인,"진화의 속도를 넘어 폭주하는 더위, 그리고 그것이 불러올 예측 불허의 재앙 앞에서 에어컨의 냉기가 과연 언제까지 우리를 지켜줄 수 있을까. 분명한 건 극한 더위가 불러올 죽음의 연쇄 반응 앞에 그 누구도 자유로울 수 없다는 사실이다.",https://shopping-phinf.pstatic.net/main_4795555/47955553625.20240526095747.jpg, 제프 구델 지음;왕수민 옮김, 웅진지식하우스(웅진씽크빅),2024
기술과학,해독 혁명,"피부과 전문의이자 미국 IFM 기능의학 인증의인 저자가 제안하는 체내 독소 배출 솔루션을 담고 있다. 먼저 저자는 우리 몸에 내재되어 있는 간, 담즙, 위, 장내세균, 세포로 이어지는 우리 몸에서 일어나는 독소 배출의 경로를 설명하며 독소들이 우리 몸의 어떤 부분에서 어떻게 처리되어 어디를 통해 나가는지 보여준다.",https://shopping-phinf.pstatic.net/main_4870388/48703888627.20240627091051.jpg, 닥터 라이블리(최지영) 지음, 웅진지식하우스(웅진씽크빅),2024
기술과학,(라즈베리파이 5로 배우는)AI 인공지능 자율주행 자동차 만들기 + 데이터 수집·학습 + 딥러닝,기존의 라즈베리파이 4 기반에서 라즈베리파이 5 기반으로 전면 업그레이드하였다. 개정판 책은 다음 6단계의 과정을 통해 자율주행 자동차를 완성시키고 성능 향상과 물체 감지 등 인공지능 딥러닝을 라즈베리파이를 이용해 직접 실습해볼 수 있도록 구성하였다.,https://shopping-phinf.pstatic.net/main_4844177/48441776620.20240616071151.jpg, 장문철 저, 앤써북,2024
기술과학,현대 센서공학,센서의 물리적 원리와 입력신호에 따른 다양한 센서의 작동 원리를 다룬다. 풍부한 시각 자료와 친절한 설명을 통해 센서의 이론을 쉽게 풀어냄으로써 센서공학을 처음 배우는 학부생 및 센서 설계자가 센서를 보다 깊게 이해할 수 있도록 하였다.,https://shopping-phinf.pstatic.net/main_3246315/32463153635.20221230074702.jpg, Jacob Fraden 지음;김윤 옮김;김혁 옮김;박동욱 옮김, 한빛아카데미,2021
기술과학,반도체가 그렇게 중요한가요?,"청소년을 위한 최초의 반도체 안내서다. 반도체의 과학적 원리와 제조 공정, 재료, 종류 같은 전문적 내용에 머물지 않고, 반도체를 둘러싼 세계 패권 경쟁과 반도체의 역사와 미래, 한국 반도체 산업의 역사, 반도체 관련 직업을 위한 진로 안내까지 모두 담았다.",https://shopping-phinf.pstatic.net/main_4237755/42377557621.20230912083522.jpg, 김보미;채인택 [공]글;주노 그림, 서해문집,2023
기술과학,코끼리는 암에 걸리지 않는다,"뉴욕타임스 베스트셀러 『질병의 종말』을 통해 건강에 관한 새로운 패러다임을 제시하고, 의료계에 돌풍을 일으켰던 데이비드 B. 아구스가 최신 화제작 『코끼리는 암에 걸리지 않는다』로 돌아왔다.",https://shopping-phinf.pstatic.net/main_5073787/50737876618.20241010071027.jpg, 데이비드 B. 아구스 지음;허성심 옮김, 현암사,2024
기술과학,운동하는 사피엔스,"아마존, 뉴욕타임스 과학 및 건강 베스트셀러. 저자는 하버드대 인간진화생물학과 교수로, 고생물학과 해부학, 생리학, 실험 생체역학 등을 종횡무진하며 독특한 운동의 과학을 제시한다.",https://shopping-phinf.pstatic.net/main_5068305/50683059632.20241008084042.jpg, 대니얼 리버먼 지음;왕수민 옮김, 프시케의숲,2024
기술과학,미니멀라이프 집안일 쉽게 하는 법,"미니멀라이프 실천을 위한 구체적 방법을 제시해서 좋은 반응을 얻고 있는 ‘for simple life 시리즈’ 5번째. 집안일, 그냥 무작정 열심히 하지 말고 시스템화하면 한결 쉽게 해낼 수 있다. 생활 속에서 차곡차곡 쌓아온 살림 고수들의 빛나는 집안일 아이디어를 만나보자.",https://shopping-phinf.pstatic.net/main_3244532/32445321652.20221019105113.jpg, 주부의 벗 지음;김수정 옮김, 즐거운상상,2020
기술과학,살림습관,"하기 싫은 살림이 아닌 ‘즐거운’ 살림을 예쁘게 보여주는 트윙폼의 첫 책이 출간되었다. 블로그와 인스타그램, 유튜브 〈트윙폼 감성살림한스푼〉을 통해 많은 주부들과 소통을 해온 트윙폼 문정임 작가는 책을 통해 ‘불필요한 노동을 줄이고’ ‘시간과 돈을 버는’ 살림의 세계로 친절하게 안내하고 있다.",https://shopping-phinf.pstatic.net/main_4491961/44919618640.20231230070737.jpg, 문정임 지음, 더블,2023
기술과학,영어책 읽기로 수능 만점 갑시다,"10년 동안 영어도서관에서 영어원서와 교수법을 연구하고, 아이와 학부모를 만나 온 영어 독서 전문 강사인 엘렌쌤은 <영어책 읽고 수능 만점 갑시다≫에서 제대로 영어책을 읽는 것만으로도 현재 학부모들이 가진 영어에 대한 고민을 해결할 수 있다고 귀띔해준다.",https://shopping-phinf.pstatic.net/main_5014342/50143425619.20240905074237.jpg, 엘렌쌤 지음, 마음세상,2024
기술과학,쓰레기의 세계사,쓰레기를 모르고서는 쓰레기 문제를 해결할 수 없다. 2차 세계대전 이후 쓰레기 경제의 전문가인 저자 로만 쾨스터는 자본주의와 긴밀하게 연결된 쓰레기 생산과 처리 방식을 중심으로 기후 위기의 시대에 “우리가 쓰고 버린 부작용의 역사”를 써 내려간다.,https://shopping-phinf.pstatic.net/main_5024355/50243551618.20240911013713.jpg, 로만 쾨스터 지음;김지현 옮김, 흐름출판,2024
기술과학,로봇랜드,"이미 널리 보급된 로봇 청소기부터 음식점에 가면 어렵지 않게 만날 수 있는 서빙 로봇까지.... 이제 로봇은 더 이상 뉴스나 특별한 행사장에서만 볼 수 있는 낯선 존재가 아니다. 그러나 이렇게 되기까지, 즉 로봇이 우리에게 손만 뻗으면 닿을 수 있는 친근하고 가까운 존재가 되기까지는 수많은 형태의 로봇들이 만들어 낸 기나긴 로봇의 역사가 있다.",https://shopping-phinf.pstatic.net/main_4777409/47774096618.20240622070935.jpg, 베르타 파라모 지음;성소희 옮김, 그림씨,2024
기술과학,일회용 지구에 관한 9가지 질문,"환경 분야에서의 지은이의 폭넓은 과학적 연구를 바탕으로 복잡한 이슈들을 명쾌하게 설명한다. 기후변화와 환경오염, 생물 다양성과 미래를 위한 에너지 등에 관한 다양한 주제를 다루면서 관련 문제들에서 시각이 엇갈리는 원인과 영향, 해법을 전한다.",https://shopping-phinf.pstatic.net/main_5068304/50683047618.20241006071243.jpg, 정종수 지음, 플루토,2024
기술과학,천 번을 흔들리며 아이는 어른이 됩니다,"서울대병원 소아청소년정신과 김붕년 교수가 신작 『천 번을 흔들리며 아이는 어른이 됩니다』를 통해 지난 30년간 쌓아온 임상 경험을 아낌없이 풀어낸다. 양육에 관한 뇌과학적 이해라는 부모교육의 새로운 지평을 열며 전폭적인 지지와 신뢰를 받아온 김붕년 교수는, 이 책을 통해 부모뿐 아니라 아이도 쉽게 이해할 수 있도록 사춘기의 뇌와 마음이 혼란스러울 수밖에 없는 이유와 뇌 발달 과정을 설명한다.",https://shopping-phinf.pstatic.net/main_5107977/51079777618.20241030095041.jpg, 김붕년 지음, 21세기북스(북이십일),2024
기술과학,"인간이 만든 물질, 물질이 만든 인간","신재료로 만들어진 현대의 물건들이 어떻게 우리의 감각과 정신을 변화시켰는지 살펴본다. 어떻게 시계는 우리의 수면패턴을, 철도는 국가라는 개념을, 전보는 문체를, 사진필름은 차별적인 제도를, 실리콘 칩은 뇌의 배선방식을 바꾸었을까?",https://shopping-phinf.pstatic.net/main_3617734/36177341636.20221213162304.jpg, 아이니사 라미레즈 지음;김명주 옮김, 김영사,2022
기술과학,"지구는 괜찮아, 우리가 문제지","SF, 고전 설화 등 다양한 이야기를 넘나들며 기후변화에 대한 오해부터 위기 대응 기술의 최전선에서 이루어지는 혁신까지, 기후변화의 시대 우리가 알아야 할 상식과 정보를 알기 쉽게 들려준다.",https://shopping-phinf.pstatic.net/main_3248330/32483309915.20230912083820.jpg, 곽재식 지음, 어크로스,2022
기술과학,인스타 브레인,"어느 날, 좀처럼 책에 몰두하지 못하고, 자꾸만 별 이유 없이 스마트폰을 만지는 자기 자신의 모습을 ‘깨닫고’ 충격을 받은 나머지 이 문제에 대해 뇌 과학적인 분석을 하기 시작했고, 이 책을 쓰게 되었다.",https://image.aladin.co.kr/product/23973/11/cover500/k422639014_2.jpg, 안데르스 한센 지음;김아영 옮김, 동양북스,2020
기술과학,채소로 채소를 키워요,10년이상 경력의 식집사 생활로 터득한 채소 키우기 노하우를 담았다. 귀엽지만 상세한 그림과 함께 채소를 기르는 법을 따라해보자.,https://shopping-phinf.pstatic.net/main_4817670/48176705716.20240604083905.jpg, 나나용 글·그림, 나나용북스,2024
기술과학,(스포츠의학이 쉬워지는)해부학 도감,"인간의 움직임과 관련된 모든 전문가들이 쉽고 빠르게 해부학의 핵심을 이해하는 데 최적화된 실용적인 참고서다. 머리부터 발끝까지 근육과 뼈를 세분화한 100개 이상의 일러스트와 명쾌한 해설은 인체 구조를 한눈에 이해하도록 돕는다. 또한, 각 근육의 시작점과 끝점, 작용을 중심으로 주요 뼈대와 근육을 쉽게 기억할 수 있다.",https://shopping-phinf.pstatic.net/main_5138393/51383936622.20241114092147.jpg, 우에하라 다케시 지음;이진원 옮김, 현익,2024
기술과학,초월하는 뇌,"물리학자이자 인문학자, 소설가인 앨런 라이트먼은 신작 『초월하는 뇌』에서 물질적인 뇌가 어떻게 인간의 고유한 경험과 의식을 만들어내는지 심도 있게 탐구한다. 이 책은 “물질적인 뇌가 어떻게 자아, 영혼 같은 비물질적이고 초월적인 경험을 만들어내는가?”라는 까다로운 질문에 대한 라이트먼의 응답이다.",https://shopping-phinf.pstatic.net/main_5227034/52270348618.20250105072516.jpg, 앨런 라이트먼 지음;김성훈 옮김, 다산초당,2025
기술과학,대통령 탄핵과 체제전쟁,"지금 대한민국은 대통령의 비상계엄과 탄핵사태를 통해 드러났듯이, 공산화로 가는 천길 낭떠러지 위에 처해 있다. 이 책은 대한민국세력이 공산주의, 종북 반대한민국세력과의 체제전쟁에서 승리하기 위한 필승비법을 간단 명료하게 제시하고 있다.",https://shopping-phinf.pstatic.net/main_5282579/52825793032.20250206092547.jpg, 이희천 지음, 대추나무,2025
기술과학,우리가 지혜라고 부르는 것의 비밀,20년 이상 ‘건강한 노화’와 ‘지혜’를 함께 연구하며 “세계에서 가장 많이 인용된 저자”(ISI)로 선정된 인지 노화 분야의 세계적 석학이자 신경정신과 전문의인 저자가 신화와 종교에서 주로 다뤄지던 지혜를 과학의 자리로 옮겨온다.,https://dls2.edunet.net/DLS/api/homepage/holding/getCoverImage.do?prov_code=E10&neis_code=E100000276&bib_key=34206483502, 딜립 제스테;스콧 라피 [공]지음;제효영 옮김, 김영사,2025
기술과학,작업실 301 쿠키 베이킹북,홍대 인기 베이킹 스튜디오 ‘작업실 301’ 수업을 책으로 만난다. 책에는 총 33개의 다양한 쿠키 레시피가 수록되어 있다. 가장 주목해야할 점은 버터와 밀가루의 비율로 쿠키를 구분한다는 것이다.,https://dls2.edunet.net/DLS/api/homepage/holding/getCoverImage.do?prov_code=E10&neis_code=E100000276&bib_key=34206506749, 권향미 지음, 동양북스,2023
기술과학,위베이크 쿠키,"효창동 쿠키 맛집 ‘위베이크러브’의 김애경 셰프가 상상치 못한 조합과 독보적인 비주얼로 완성한 개성만점 쿠키 레시피 북이다. 두툼하고 꾸덕함이 매력인 르뱅스타일 쿠키를 베이스로, 실제 매장에서 판매중인 40가지 쿠키 레시피를 상세한 공정사진, 친절한 팁과 함께 꼼꼼하게 담았다.",https://dls2.edunet.net/DLS/api/homepage/holding/getCoverImage.do?prov_code=E10&neis_code=E100000276&bib_key=34206506997, 김애경 지음, BnCworld(비앤씨월드),2024
기술과학,(지속가능한 미래를 위한)기후변화 데이터북,"기후위기의 시대, 우리 모두가 알아야 할 최신 기후변화 데이터를 담은 『기후변화 데이터북』은 2021년에 첫 출간되었다. 이후 최신 데이터라는 말이 무색해질 정도로 기후는 예측치를 넘어 빠르게 변했고, 기후변화를 나타내는 그래프들은 일제히 더 가파르게 조정되어야 했다. 안타깝게도, 좀 더 좋지 않은 쪽으로.",https://dls2.edunet.net/DLS/api/homepage/holding/getCoverImage.do?prov_code=E10&neis_code=E100000276&bib_key=34206508900, 박훈 지음, 사회평론아카데미,2024
기술과학,(블루리본서베이)전국의 맛집 2025,"우리나라 최초의 맛집 안내서 <블루리본서베이>는 올해도 <전국의 맛집> 2025년 판을 선보인다. 2007년부터 발행된 <블루리본서베이: 전국의 맛집>은 올해로 20번째 되는 해를 맞으며, 매년 3만 명이 넘는 독자의 평가를 바탕으로 서울을 제외한 전국의 수준 높은 맛집을 지역별로 소개하고 있다.",https://dls2.edunet.net/DLS/api/homepage/holding/getCoverImage.do?prov_code=E10&neis_code=E100000276&bib_key=34206512030, 블루리본 서베이 지음, BR미디어,2025
기술과학,사피엔스의 의식,"《루시의 발자국》과 《사피엔스의 죽음》을 잇는, 뇌의 진화와 인간 의식의 기원을 탐구하는 여행. 스페인 베스트셀러 시리즈의 세 번째 책으로 인간의 진화와 죽음을 다룬 전작에 이어 인간의 뇌와 의식을 탐구한다.",https://dls2.edunet.net/DLS/api/homepage/holding/getCoverImage.do?prov_code=E10&neis_code=E100000276&bib_key=34206512779, 후안 호세 미야스;후안 루이스 아르수아가 [공]지음;남진희 옮김, 틈새책방,2025
기술과학,(건축잡지)미로. 2: 일본(2025 봄),연 3회 발간되는 건축잡지 『미로』는 한국 현대 건축의 담론을 발굴하고 기록하는 것을 목표로 삼는다. 매호 선정한 주제에 집중하는 글로만 구성되는 텍스트 중심의 잡지로 2호의 주제는 “일본”이다.,https://dls2.edunet.net/DLS/api/homepage/holding/getCoverImage.do?prov_code=E10&neis_code=E100000276&bib_key=34206549686, 고재협 [외]지음;미로 편집실;정림건축문화재단 [공]엮음, 마티,2025
기술과학,나답게 살고 싶어서 뇌과학을 읽습니다,"우리는 단순히 뇌의 작용에 끌려다닐 수밖에 없는 존재가 아니다. 『나답게 살고 싶어서 뇌과학을 읽습니다』는 뇌과학을 단순한 지식이 아니라 삶을 더 나은 방향으로 이끄는 도구로 활용하는 법을 알려주며, 출간 직후 일본 아마존 뇌과학 베스트셀러에 올라 그 가치를 인정받았다.",https://dls2.edunet.net/DLS/api/homepage/holding/getCoverImage.do?prov_code=E10&neis_code=E100000276&bib_key=34206609990, 이케가야 유지 지음;김현정 옮김, 포레스트북스(콘텐츠그룹 포레스트),2025
기술과학,부모의 내면이 아이의 세상이 된다,"과학적 근거를 바탕으로 부모와 자녀 사이의 친밀한 관계가 자녀의 두뇌와 정서 발달에 미치는 영향을 설명하며, 안정적인 부모-자녀 관계를 형성하는 데 필요한 9가지 핵심 요소를 제시한다. 또한 자녀와의 경험, 유대감, 애착, 대화법 등 다양한 요소를 하나하나 짚어 보며, 부모가 자신의 내면을 이해하고 존중할 때 자녀와의 관계도 더욱 건강해질 수 있음을 강조한다.",https://dls2.edunet.net/DLS/api/homepage/holding/getCoverImage.do?prov_code=E10&neis_code=E100000276&bib_key=34206611016, 대니얼 J. 시겔;메리 하첼 [공]지음;신유희 옮김, page2(페이지2),2025
기술과학,회복탄력성의 뇌과학,스트레스를 단순히 없애야 할 만병의 근원으로만 보지 않는다. 오히려 건전한 스트레스는 자연스러운 생물학적 현상이자 회복탄력성을 높여줄 잠재된 에너지라고 주장한다.,https://dls2.edunet.net/DLS/api/homepage/holding/getCoverImage.do?prov_code=E10&neis_code=E100000276&bib_key=34206707060, 아디티 네루카 지음;박미경 옮김, 현대지성,2025
기술과학,식물 자수 도감,"28명의 자수 작가가 참여해 51가지 식물을 소재로 저마다 다른 특징이 돋보이는 285개 자수 작품을 선보이며, 누구나 쉽게 따라 해볼 수 있도록 실제 크기 도안을 수록했다. 흔한 장미나 딸기라고 해도 어떤 실과 어떤 기법을 택하느냐에 따라 다양한 작품이 완성된다.",https://dls2.edunet.net/DLS/api/homepage/holding/getCoverImage.do?prov_code=E10&neis_code=E100000276&bib_key=34206769228, 가와데쇼보신샤 편집부 엮음;김한나 옮김, 지금이책,2024
기술과학,(디자인이 한눈에 보이는)책방도감,동네를 살린 아름다운 일본 서점 40곳에 주목한 책이다. 각기 다른 개성과 철학으로 꾸며진 서점들의 특색을 설명하며 실제 사진과 평면도를 함께 실어 공간 조성과 연출을 집중적으로 탐구했다.,https://dls2.edunet.net/DLS/api/homepage/holding/getCoverImage.do?prov_code=E10&neis_code=E100000276&bib_key=34206770198, 건축지식 편집부 지음;정지영 옮김, 현익(골드스미스),2024
기술과학,집안일이 쉬워지는 장끼남 살림법,10년 넘게 살림에 대해 고민해 온 장끼남의 생각을 담은 책이다. 그는 ‘살림력이 또 하나의 스펙’임을 강조한다. 살림 잘하는 것도 스펙이 되느냐고 되묻겠지만 나의 일상을 돌보는 ‘살림력’이야말로 중요한 능력이라는 이야기다. ‘나를 살리고 가족을 구하는’ 장끼남 살림법을 만나보자.,https://shopping-phinf.pstatic.net/main_5149015/51490159618.20241121071125.jpg, 장끼남(김진선) 지음, 즐거운상상,2024
기술과학,일주일 식비 절약 반찬 만들기,"외식 물가가 너무 올라 식비 절약을 위한 집밥이 필수인 시대이다. 예산에 맞게, 재료를 남기지 않고 일주일에 한 번 미리 반찬을 만들어 두면 어떨까? ‘오늘은 어떤 반찬을 준비할까?’로 매일 저녁 냉장고 앞을 서성일 필요가 없다.",https://shopping-phinf.pstatic.net/main_5532526/55325268001.20250617094527.jpg, 지미테이블 지음, 길벗,2025
기술과학,(2022 초스피드)전기기능사 실기,"전기인이 되기 위한 첫 번째 자격증인 전기기능사 실기를 준비하기 위한 전문교재로, 누구라도 이해하기 쉽게 설명한 기초적인 이론과 표준화된 작업방법을 제시하여 순서대로 학습하다 보면 학습의 메커니즘과 시퀀스 제어의 원리를 스스로 깨우치게 구성하였다.",https://image.aladin.co.kr/product/28711/32/cover500/8931527543_1.jpg, 유인종 지음, 성안당,2022
기술과학,기초 회로이론,"이번 개정판에서는 연산증폭기와 에너지 저장소자, 푸리에 변환 등 중요한 소자 및 개념에 대한 설명을 강화했고, 더욱 다양하고 명확한 예제와 연습문제를 수록하여 회로이론의 핵심 원리를 빠르게 습득할 수 있도록 구성했다. 특히 전기기사, 변리사, 행정고시 기술직 등의 자격시험을 준비하는 학생들을 위해 출제 빈도가 높은 최신 기출문제를 수록하였다.",https://image.aladin.co.kr/product/4443/54/cover500/1156641292_1.jpg, 최윤식 지음;박진희 일러스트, 한빛아카데미,2016
기술과학,(무료 동영상과 함께하는) 전자기사 산업기사,"새로운 전자(산업)기사 실기 국가기술자격시험의 기준안에 맞도록 구성되었으며, 시각적인 그림과 해설을 기본으로 과년도 문제의 완벽한 내용을 수록하였다. 단기간에 전자(산업)기사 실기를 취득하고자 하는 분들이나 전자통신 분야에서 다루는 원리나 방법 등을 공부하고자 하는 분들에게 적합한 교재이다.",https://image.aladin.co.kr/product/8050/7/cover500/k612434840_1.jpg, 김일태;이문우;이은영 [공]지음, Sejin Books(세진북스),2016
기술과학,(2017) 의료전자 기능사,"의료전자기능사(의공기능사)는 의학과 공학의 융합에 따라 기초 의공학과 의료기기의 원리와 운용 및 전자, 전기, 기계 등에 관한 폭 넓은 지식을 필요로 한다. 상세한 문제의 해설을 통하여 유사한 문제들을 쉽게 풀 수 있도록 구성한 기출문제 해설집이다.",https://image.aladin.co.kr/product/10044/76/cover500/8968131813_1.jpg, 박상철 엮음, 엔플북스,2017
기술과학,(마법의 손뜨개 인형) 아미구루미,"손뜨개 인형을 초보자들도 뜰 수 있게 몇 가지 기본 기법과 간단한 재료만으로 만드는 방법을 소개한다. 초보자들이 어려워하는 코바늘 뜨개 기법은 명확한 사진으로 친절하게 설명한다. 뜨개 기호에 익숙하지 않은 사람을 고려하여 정확하게 설명하는 글 도안을 메인으로 하고, 콧수뿐만 아니라 해당 실색도 알아볼 수 있게 정리한 콧수표도 추가하였다.",https://image.aladin.co.kr/product/9715/91/cover500/k222535046_1.jpg, 마리 리스 릴 지음;최수이 옮김, 도림북스,2016
기술과학,뇌는 어떻게 나를 조종하는가,"신경심리학자 크리스 나이바우어 박사는 2500년 전 선불교에서 다뤄 온 무아(無我) 사상이 현대 신경과학의 수많은 실험 결과와 놀라울 정도로 유사하다는 점을 발견한다. 신경심리학자로서 22년간 좌우뇌의 작동 원리를 연구하고, 수행자로서 동양의 영적 가르침을 몸소 실천한 그의 실험적 행보는 의미를 과잉 생산하고 자신의 존재 가치를 의심하는 현대인들에게 욕망의 덧없음을 일깨우는 동시에 ‘나’를 바라보는 신선한 관점을 제안한다.",https://shopping-phinf.pstatic.net/main_5832006/58320062987.20260331105513.jpg, 크리스 나이바우어 지음;김윤종 옮김, 클랩북스,2026
기술과학,남의 집 정원 구경,"유튜브 가드닝 크리에이터 ‘양평서정이네’ 박희영의 첫번째 책이다. 따뜻한 이야기와 아름다운 정원 풍경으로 큰 사랑을 받아온, 단일 영상 100만 뷰 이상의 시리즈 ‘남의집정원식물구경’을 새롭게 엮었다. 정원을 가꾸는 이들과 언젠가 자신만의 정원을 꿈꾸는 이들에게 꼭 필요한 16곳의 실용적인 노하우를 전한다.",https://shopping-phinf.pstatic.net/main_5923676/59236766181.20260331122523.jpg, 박희영(양평서정이네)지음, 클,2026
기술과학,최소한의 뇌과학,"복잡한 세상을 이해하는 데 도움이 되는 뇌과학 필수 지식만 뽑아 한 권에 정리하는 데 중점을 두었다. 이유를 모른 채 막연했던 현상들을 뇌과학의 언어로 설명할 수 있게 되며 나와 타인, 세상을 보다 명확하게 바라볼 수 있다.",https://shopping-phinf.pstatic.net/main_5905227/59052278211.20260331101331.jpg, 양은우 지음, 오아시스,2026
기술과학,교토에서 뭐 먹을까?,"아름다운 풍경과 미식이 공존하는 교토의 맛집을 신상, 아침, 점심, 저녁 등 다양한 테마로 나누어 소개한다. 일식은 물론 한식, 중식, 양식, 아시아 등 다양한 나라의 음식뿐만 아니라 커피, 베이커리, 초콜릿, 말차, 빙수, 아이스크림 등이 유명한 카페와 디저트 가게도 알차게 담았다.",https://shopping-phinf.pstatic.net/main_5816458/58164589222.20260331095640.jpg, 아사히신문출판 지음;문지원 옮김, 삼호미디어,2025
기술과학,샘 킴의 맛있는 브런치,"스타 셰프 샘킴이 자신의 레시피 노트에서 누구나 쉽고 빠르게 따라 할 수 있는 브런치 메뉴를 공개한 책이다. 뜨라또리아샘킴, 오스테리아샘킴의 오너셰프이며, TV 프로그램 <흑백요리사 2> <냉장고를 부탁해> <셰프들의 치킨 전쟁>등에서 활동해 온 샘킴. 그의 솔직담백한 말과 행동은 보는 사람의 마음을 움직이고, 그가 하는 요리에서는 진정성을 느낄 수 있다.",https://shopping-phinf.pstatic.net/main_5867208/58672085730.20260331101843.jpg, 샘 킴 지음, 이덴슬리벨,2026
기술과학,경복궁 환상 여행,"150여 년 전 경복궁이 중건되었을 때, 옛사람들이 궁궐 곳곳에 숨겨둔 동물들을 찾아 떠나는 여행 가이드서다. 《백제금동대향로 동물백과》 출간으로 ‘본격 한국 유물 입덕’을 이끌었던 ‘유물시선’이 이번엔 경복궁의 동물과 그들의 의미, 전각에 얽힌 사연과 조선의 이상세계로 우리를 안내한다.",https://shopping-phinf.pstatic.net/main_5346617/53466174452.20260331102602.jpg, 유물시선 지음, 위즈덤하우스,2025
기술과학,(한 권으로 끝내는)발명대회의 모든 것,저자는 발명대회에서 수상한 발명가이자 여러 발명대회의 심사위원으로 활동했다. 특히 자신이 경험한 발명의 즐거움을 더욱 많은 청소년에게 전하고자 발명과 발명대회에 대해 가르치는 일을 해 왔다. 이 책은 저자가 경험에서 얻은 노하우를 바탕으로 발명대회의 모든 것을 담아 집필했다.,https://shopping-phinf.pstatic.net/main_4483143/44831436618.20260331101621.jpg, 문혜진 지음, 플루토,2024
기술과학,AI에게 건강을 맡겨도 될까요?,"AI로 인해 변화하는 의료 현장을 청소년의 눈높이에서 탐구하는 책이다. ‘AI가 인간 의사를 대체할까?’와 같이 진로 선택에 영향을 미치는 대표적인 궁금증은 물론, 헬스케어 AI가 만들어 내는 기회와 한계, 윤리적 과제를 함께 짚어 준다.",https://shopping-phinf.pstatic.net/main_5775647/57756476758.20260331112636.jpg, 김준혁 지음;최혜령 일러스트, 곰곰,2025
기술과학,김대석 셰프의 집밥 레시피. 1,"요리를 처음 시작한 사람이나, 요리가 꽤 손에 익은 사람이나 늘 어떤 음식을 해야 할지, 제대로 맛을 내려면 어떻게 해야 할지 고민한다. 이 책에는 가정과 음식점에서 ‘더 맛있는 한 끼 식사’를 위해 필요한 한식 레시피들을 소개했다. 한국인이라면 누구나 좋아하는 메뉴들이다.",https://shopping-phinf.pstatic.net/main_3943474/39434741619.20260331095812.jpg, 김대석 지음, 경향BP,2023
기술과학,기술의 한계를 넘어,"작은 인간이 만들어낸 큰 것들의 박진감 넘치는 역사, 지구상의 대형 구조물에 얽힌 흥미로운 공학기술 탐험. 우리 생활 깊숙이 파고들어 있는 구조공학의 진정한 의미와 가치를 알려주고 우리가 살아가는 건물들에 대해 좀더 깊은 관심을 가지고 이해할 수 있는 기회를 주는 책이다.",https://image.aladin.co.kr/product/57/14/cover500/8984984507_1.jpg, 헨리 페트로스키 지음;이은선 옮김, 생각의 나무,2009
기술과학,교양있는 엔지니어,"뉴욕 한 중견 건설회사의 CEO이자 뉴욕 과학 아카데미에서 활동하고 있는 새뮤엘 C.플러먼의 저작. 한 사람이 '엔지니어가 되기까지의 과정'을 개인사에 비추어 설명한 뒤, 인문정신을 자양분 삼아 기술적 창조성을 꽃피웠던 공학의 역사를 추적한다.",https://image.aladin.co.kr/product/91/35/cover500/8984986925_1.jpg, 새뮤얼 C. 플러먼 지음;문은실 옮김, 생각의 나무,2007
기술과학,진화하는 테크놀로지,"테크놀로지의 정점으로 향하는 융복합기술의 현주소, 전망, 그리고 과제를 담은 책이다. 미래 신성장동력의 핵심이라 할 수 있는 융복합기술이 학계 및 산업현장에서 어떻게 전개되고 있으며 무엇을 전망할 수 있는지를 담고 있다. 또한 경쟁력을 갖추기 위한 정부 · 학계 · 기업의 과제는 무엇인지를 다룬다.",https://image.aladin.co.kr/product/367/44/cover500/8984989428_1.jpg," 박영준 외, 지음", 생각의나무,2009
기술과학,다시 기술이 미래다,"이 책은 앞으로 당면하게 될 세기적 문제들을 10가지로 정리하고, 문제의 극복방안 - 10가지 공학기술 -을 제시한다. 이 10가지 공학기술을 이후의 문제들에 차례로 대치시켜 문제와 기술간의 역학관계를 설명한다. 아울러 10가지 공학기술의 선정 이유를 그간의 공학기술 업적과 성과에 비추어 상세히 설명한다.",https://image.aladin.co.kr/product/59/43/cover500/8984984906_1.jpg," 김수삼 외, 지음", 생각의 나무,2007
기술과학,(미래를 들려주는)생물공학 이야기,"일반인과 젊은 학생들을 위한 생물공학 입문서. 생명복제와 줄기세포 논란 등으로 21세기 과학의 한 중심축으로 등장한 생물공학의 이모저모를 소개한다. 수십 년간 축적된 정보 및 이론과 최신 기술을 함께 반영, 생물공학의 전문적인 핵심기술을 쉽고 재미있게 읽을 수 있도록 하는데 중점을 두었다.",https://image.aladin.co.kr/product/62/11/cover500/8984985287_1.jpg," 유영제 외, 지음", 생각의 나무,2009
기술과학,"호모 모빌리언스, 휴대폰으로 세상을 열다","우리나라 휴대폰이 세계 휴대폰 시장의 베스트셀러로 등극하기까지, 그 살아있는 신화의 순간들을 기록한 교양과학서이다. 휴대폰의 과거와 현재 그리고 미래를 한눈에 확인할 수 있는 백과사전으로, 휴대폰 분야의 전문 용어와 기술, 휴대폰 및 이동통신의 역사, 휴대폰 시장 등 휴대폰에 대한 모든 것을 다루었다.",https://image.aladin.co.kr/product/198/38/cover500/8978891675_1.jpg, 김원석 지음, 지성사,2008
기술과학,대한민국 건설 : 불가능은 가능이다,"우리나라가 빚어낸 세계 일등의 상품과 기술들을 소개하는 ‘월드 베스트 시리즈’의 일곱 번째 책, 우리나라가 건설 분야의 최강자로 서기까지 그 살아있는 신화의 순간들을 기록했다. 리비아 대수로, 카룬 댐, 페트로나스 트윈 타워 등 세계 건설 역사의 한 획을 그은 대공사의 과정과 건설 현장의 숨은 얘기들이 펼쳐진다. 또한, ‘토목을 중심으로 풀어쓴 우리나라 역사와 경제’ 등을 통해 우리나라의 토목 발달사와 토목이 가져온 눈부신 경제성장에 대해서도 살폈다.",https://image.aladin.co.kr/product/292/26/cover500/8978891845_1.jpg, 박길숙 지음, 지성사,2008
기술과학,한국의 미래기술혁명,"교수, 공학인, 언론인, 경제학자, 기업인 등 과학기술계를 이끄는 공학지성들의 모임, 한국공학한림원 미래위원회가 3년 동안 “미래”라는 화두 아래 모여 미래를 진단하고 새로운 성장대안을 마련하기 위해 이 책을 집필하였다. 미래 한국의 로드맵을 담은 책이다.",https://image.aladin.co.kr/product/295/0/cover500/8934932740_1.jpg," 김수삼 외, 지음", 김영사,2008
기술과학,전통 속의 첨단 공학기술,,https://image.aladin.co.kr/product/34/82/cover500/8934909544_1.gif, 남문현;손욱 지음, 김영사,2007
기술과학,미래를 위한 공학 실패에서 배운다,,https://image.aladin.co.kr/product/41/13/cover500/893491274x_1.gif," 김수삼 외, 지음", 김영사,2005
기술과학,(한눈에 보는)전자공작,"전자공작으로 무언가 만들어보고 싶지만, 배울 것도 너무 많고 어떻게 시작해야 좋을지 모르겠다는 분들을 위한 책. 이 책에서는 먼저 전기의 발견부터 현재까지 역사를 되짚어보면서 그때마다 발견된 원리나 특성, 관계 등을 설명하여 이해를 돕는다.",https://image.aladin.co.kr/product/6833/90/cover500/8965401119_1.jpg," 고칸 테츠야 지음 ,최지연 옮김", 프리렉,2015
기술과학,역사를 수놓은 발명 250가지,"세상을 완전히 뒤바꾼 놀라운 발명과 발견의 역사, 발명가들의 이야기. 고대의 물감에서부터 20세기 인터넷까지 인간의 창의성과 문제 해결 능력을 입증하는 대표적인 발명과 발견 250가지를 선별하여 소개한다. 현대인의 일상생활에까지 꼭 필요하고 가장 쓸모 있으며 어디서나 볼 수 있는 역사적 발명품이 총망라되어 있다.",https://image.aladin.co.kr/product/855/40/cover500/8932315698_1.jpg, 토머스 J. 크로웰 지음;박우정 옮김, 현암사,2011
기술과학,(Win-Q)전기기능사. [1]: 필기,"EBS 교육방송 교재다. 제1편은 핵심이론+핵심예제로, 제2편은 과년도+최근 기출복원문제로 구성되었다. 이외에 학생들이 꼭 알고 시험에 응시해야 할 핵심키워드만을 엄선한 합격비법 핵심요약집 빨간키를 수록하였다.",https://image.aladin.co.kr/product/16867/52/cover500/k362534978_1.jpg, 김대범;한규철 편저, 시대고시기획,2018
기술과학,(Win-Q)전기기능사. [2]: 실기,"전기기능사 실기를 대비할 수 있는 교재다. 시험에 꼭 나오는 기기와 회로들을 정리 및 수록하였다. 또한 정확한 작업과 올바른 규칙을 지켜 현장에서의 안전은 물론, 기초회로에서 응용회로까지 해석할 수 있도록 동작을 상세히 설명하였다.",https://image.aladin.co.kr/product/16364/28/cover500/k982533543_1.jpg, 박성운 편저, 시대고시기획,2019
기술과학,(Win-Q)전기기능사. [2]: 실기,"전기기능사 실기를 대비할 수 있는 교재다. 시험에 꼭 나오는 기기와 회로들을 정리 및 수록하였다. 또한 정확한 작업과 올바른 규칙을 지켜 현장에서의 안전은 물론, 기초회로에서 응용회로까지 해석할 수 있도록 동작을 상세히 설명하였다.",https://image.aladin.co.kr/product/16364/28/cover500/k982533543_1.jpg, 박성운 편저, 시대고시기획,2019
기술과학,(Win-Q)전기기능사. [2]: 실기,"전기기능사 실기를 대비할 수 있는 교재다. 시험에 꼭 나오는 기기와 회로들을 정리 및 수록하였다. 또한 정확한 작업과 올바른 규칙을 지켜 현장에서의 안전은 물론, 기초회로에서 응용회로까지 해석할 수 있도록 동작을 상세히 설명하였다.",https://image.aladin.co.kr/product/16364/28/cover500/k982533543_1.jpg, 박성운 편저, 시대고시기획,2019
기술과학,(창의성과 사회적 기술 항상을 위한)미술치료 열두 달 프로그램. 2,,https://image.aladin.co.kr/product/2094/78/cover500/8963307808_1.jpg, 최외선 외 지음, 학지사,2012
기술과학,바른자세 홈요가 127,요가 자세를 중점적으로 소개하고 해설하는 아사나 전문 안내서. 요가의 여러 유파를 통틀어 널리 행해지는 대표적인 자세 127가지를 선별해 400여 컷에 이르는 풍부한 컬러 사진과 부위별 핵심 포인트를 꼼꼼히 짚어줌으로써 독자들이 바르고 정확한 자세를 쉽게 이해하고 따라할 수 있다.,https://image.aladin.co.kr/product/18155/29/cover500/8978495966_1.jpg," 사토리 산카라, 구보 레이코 감수;이소담 옮김", 삼호미디어,2019
기술과학,바른자세 홈요가 127,요가 자세를 중점적으로 소개하고 해설하는 아사나 전문 안내서. 요가의 여러 유파를 통틀어 널리 행해지는 대표적인 자세 127가지를 선별해 400여 컷에 이르는 풍부한 컬러 사진과 부위별 핵심 포인트를 꼼꼼히 짚어줌으로써 독자들이 바르고 정확한 자세를 쉽게 이해하고 따라할 수 있다.,https://image.aladin.co.kr/product/18155/29/cover500/8978495966_1.jpg," 사토리 산카라, 구보 레이코 감수;이소담 옮김", 삼호미디어,2019
기술과학,(Alexander의)회로이론,,https://image.aladin.co.kr/product/9793/25/cover500/k322535851_1.jpg, Charles K. Alexander;Matthew N.O. Sadiku 공저;심귀보 [등]공역, 맥그로힐에듀케이션코리아,2017
기술과학,당신의 집을 편집해드립니다,"일본 최고의 편집매장 빔스 직원 130인의 집과 옷장, 책장, 가방 속 애장품까지, 그들의 취향과 아이디어의 원천을 낱낱이 공개한다. 일본에서는 출간 즉시 5만 부를 돌파하며 화제를 모았고 연이어 2권이 출간되었다.",https://image.aladin.co.kr/product/8139/39/cover500/8998010461_1.jpg, 빔스 지음;김영희 옮김, 위즈덤스타일,2016
기술과학,(WinAVR 컴파일러를 사용한)AVR ATmega128 마이크로 컨트롤러 활용,"입문부터 장비제어까지 상세하게 살펴보는 책. 마이크로컨트롤러를 배우는 동시에 C-언어의 프로그래밍 능력을 향상 시킬 수 있게 한 교재. 마이크로컨트롤러의 기본사항을 살펴보고, C-언어를 사용한 마이크로컨트롤러 활용 기초를 살펴본다.",https://image.aladin.co.kr/product/759/90/cover500/8972838691_1.jpg, 이인석 지음, 홍릉과학출판사,2011
기술과학,너의 마음을 들려줘,누구나 애니멀 커뮤니케이션을 배우고 사용할 수 있다고 말하면서 그 방법들을 구체적으로 소개한다. 많은 이들에게 애니멀 커뮤니케이션을 가르치고 있는 저자는 누구나 동물과 교감할 수 있는 능력이 있는데 단지 사용하지 않아 그 능력을 잊고 살 뿐이라고 말한다.,https://image.aladin.co.kr/product/15540/26/cover500/k632533624_1.jpg, 혜별 지음, 샨티,2018
기술과학,노후주택 리모델링,"노후주택 리모델링에 도전하고자 하는 이들을 위한 안내서. 구옥 매입 노하우부터 민원 대처법, 상세한 건축 개요 및 자재, 건축 법규, 공사 전 체크리스트까지, 반드시 알아야 할 기본 사항과 초보 건축주들이 궁금해할 알짜 정보를 알기 쉽게 정리했다.",https://image.aladin.co.kr/product/18117/20/cover500/8966030440_1.jpg, 전원속의 내집 편집부 지음, 주택문화사,2019
기술과학,느리게 살살 운동합시다,4050 세대에서 적당히 운동하는 방법을 담은 이 책은 14년간 재활/스포츠 분야에서 다양한 근골격계 환자들의 재활을 도운 재활 전문 물리치료사가 최초로 공개하는 맞춤 운동 안내서다.,https://image.aladin.co.kr/product/29141/64/cover500/k912837076_1.jpg, 안병택 지음, 크루,2022
기술과학,당신의 백년을 설계하라,"저자 박상철 원장은 앞으로 슈퍼노인들의 활약은 더욱 두드러질 것이라 예상한다. 빠르게 늘어나는 ‘100세인 현상’에 대해 그는 전 세계적으로 노화혁명은 이미 시작되었으며, 우리나라에도 100세 장수시대가 활짝 열렸다고 말한다.",https://image.aladin.co.kr/product/2133/45/cover500/8996525340_1.jpg, 박상철 지음, 생각속의 집,2012
기술과학,암의 역습,"암 전문의로 50여 년간 4만 명 이상의 암 환자를 진료하고 경험했던 것 중 ‘암 표준치료로 죽어간 사람들’의 사례를 낱낱이 밝힌다. 이 책을 통해 독자들은 암에 관해 올바르게 알고, 과학적이고 실천적인 마음가짐으로 ‘암의 역습’을 당하지 않기 위한 노하우를 터득할 수 있다.",https://image.aladin.co.kr/product/29065/17/cover500/k542836559_1.jpg, 곤도 마코토 지음;배영진 옮김, 전나무숲,2022
기술과학,암의 역습,"암 전문의로 50여 년간 4만 명 이상의 암 환자를 진료하고 경험했던 것 중 ‘암 표준치료로 죽어간 사람들’의 사례를 낱낱이 밝힌다. 이 책을 통해 독자들은 암에 관해 올바르게 알고, 과학적이고 실천적인 마음가짐으로 ‘암의 역습’을 당하지 않기 위한 노하우를 터득할 수 있다.",https://image.aladin.co.kr/product/29065/17/cover500/k542836559_1.jpg, 곤도 마코토 지음;배영진 옮김, 전나무숲,2022
기술과학,코딩 호러의 이펙티브 프로그래밍,소프트웨어 개발 분야에서 가장 영향력 있는 블로그인 [코딩 호러]의 운영자이자 스택 오버플로우 공동 창업자가 알려주는 소프트웨어 개발의 비밀이 담긴 책. 저자의 소프트웨어 개발과 관련된 지혜와 조언이 가감 없이 담겨 있다.,https://image.aladin.co.kr/product/2481/71/cover500/8998139170_1.jpg, 제프 앳우드 지음;임백준 옮김, 위키북스,2013
기술과학,맨즈헬스 홈닥터,"의사로서 15년, 운동선수로서 30년을 보낸 저자의 모든 경험과 지혜가 응축되어 있는 책이다. 각 신체 부위의 건강을 챙기고, 혹시 모를 부상에서 재빨리 벗어날 방법을 알려준다. 그리고 궁극적으로 강한 체력과 탁월한 운동 실력을 얻기 위한 여러 프로그램과 지침을 제공한다.",https://image.aladin.co.kr/product/4442/97/cover500/8964941446_1.jpg, 조던 D. 메츨 지음;최가영 옮김, 보누스,2014
기술과학,대한민국 대표엄마 11인의 자녀교육법,"이웃 엄마들과 다른 자기만의 원칙으로 아이를 길러왔고, 엄마와 아이 모두 행복할 수 있는 방향을 찾으려 늘 애써왔다는 11명의 주인공. 덕분에 그녀들은 자녀와 가장 친한 친구처럼, 가끔은 경쟁자나 조력자처럼 서로의 인생에 지대한 영향을 미치며 살아가는 중이다.",https://image.aladin.co.kr/product/3748/14/cover500/8952740122_1.jpg, 김보영 지음, 지식너머,2014
기술과학,아버지 그림자밟기,"강압적 훈육이 아이에게 끼친 부정적 영향에 대한 아버지의 반성과 관계 개선 노력의 기록이자, 책읽기가 아이의 품성과 성적에 어떤 영향을 끼쳤는지 살펴본 책. 한의학 학습장애 치료에 대한 임상 경험도 함께 수록했다.",https://image.aladin.co.kr/product/3842/67/cover500/8997918125_1.jpg, 한일수 지음, 유리창,2014
기술과학,작은 도시 큰 기업,"여기에 등장하는 글로벌 대기업 10곳은 본사를 작은 도시에 두고 있다. 이들은 모두 지역 라이프스타일을 활용한 제품을 출시해 큰 성공을 거두었고, 대기업이 되어서도 소도시를 떠나지 않고 도시와 함께 지속적인 성장을 일구고 있다.",https://image.aladin.co.kr/product/4120/10/cover500/8925552868_1.jpg, 모종린 지음, RHK(알에이치코리아),2014
기술과학,훤히 보이는 RFID/USN,,https://image.aladin.co.kr/product/231/85/cover500/8992885059_1.jpg, 표철식 [외]지음, 전자신문사,2008
기술과학,(Win-Q)전기기능사 필기 단기완성,제1편은 핵심이론+핵심예제로 구성되었다. 필수적으로 학습해야 하는 중요한 핵심이론들을 각 과목별로 분류하여 수록하였고 시험에 자주 나오는 핵심예제를 엄선해 이론과 문제를 한 번에 학습할 수 있다. 제2편은 과년도+최근 기출복원문제로 구성되었다.,https://image.aladin.co.kr/product/21266/16/cover500/k192636287_1.jpg, 김대범;한규철 편저, 시대고시기획,2020
기술과학,(십대를 위한)미래과학 콘서트,"정재승 교수와 각 분야 전문가들과 함께 인공지능 시대의 삶과 변화, 미래과학을 알아본다. 이 책은 청소년에게 과학의 즐거움을 알리기 위해 시작된 '10월의 하늘'에서 행사에서 선보인 재미있는 강연을 골라 묶은 것으로 '10월의 하늘' 시리즈의 다섯 번째 책이다.",https://image.aladin.co.kr/product/17123/23/cover500/s132635355_1.jpg, 정재승 외 지음, 청어람미디어,2019
기술과학,환경과 생태 쫌 아는 10대,"과학 쫌 아는 십대 3권. 현대인이 쉽고도 흔하게 행하는 여덟 가지 소비 장면을 포착하여, 나의 소비가 어느 계층의 누구에게, 어디에 있는 어떤 생물에게 어떻게 영향을 미치는지 다양한 각도에서 살펴보고자 했다.",https://image.aladin.co.kr/product/19211/22/cover500/k112635902_1.jpg, 최원형 글;방상호 그림, 풀빛,2019
기술과학,소소하지만 확실한 건강 이야기,20년 경력의 현직 의사가 기존의 의료 상식에 반기를 들면서 기능의학의 새로운 패러다임을 제시하는 책이다. 미국에서 활동 중인 저자가 자신의 임상 경험과 연구를 바탕으로 현대 의학의 민낯에서부터 예방접종의 두 얼굴까지 다양한 주제의 건강 관련 내용을 쉽고 재미있게 엮었다.,https://image.aladin.co.kr/product/20404/80/cover500/8967442106_1.jpg, 오경석 지음, 에디터,2019
기술과학,모든 공간에는 비밀이 있다,"젊은 건축가가 있다. 그는 당신과 같은 도시 생활자이자, 공간을 사유하는 사람이며, 일상의 영감을 예민하게 포착하는 우리의 이웃이다. 여기 도시 건축이 품은 나름의 이유와 비밀을 풀기 위해 24개의 질문을 준비했다.",https://image.aladin.co.kr/product/21508/67/cover500/k872636299_1.jpg, 최경철 지음, 웨일북,2019
기술과학,내 강아지 마음 상담소,"강형욱 반려견 훈련사가 알려주는 강아지 마음에 대한 모든 것. 함께 먹고 함께 자고 함께 걷고, 반려견을 가족처럼 사랑하고 아끼지만 때론 내 강아지의 마음을 알아채는 것이 세상에서 가장 어려운 일처럼 느껴질 때도 많다. 저자는 그동안 공부하고 경험한 모든 것들을 바탕으로 성실하게 답을 준다.",https://image.aladin.co.kr/product/21421/78/cover500/k292636998_1.jpg, 강형욱 지음, 혜다,2019
기술과학,우파 루파의 지구별 살리기 프로젝트,"선생님 저자되기 프로젝트 선정도서. 서기 2200년 미르별에서 타임머신을 타고 온 외계인 우파와 루파가 지구별 서울에 착륙해서 벌이는 갖가지 에피소드를 담은 책이다. 에너지와 자원을 비롯한 환경문제를 고민해 보는 것은 물론, 도시에서 실천할 수 있는 손쉬운 환경보호 활동까지 알려 준다.",https://image.aladin.co.kr/product/1547/23/cover500/8952217365_1.jpg, 강주희;김영아, 살림어린이(살림출판사),2012
기술과학,하리하라의 청소년을 위한 의학 이야기,"살림청소년 융합형 수학 과학 총서 시리즈 41권. 과학분야 전문작가 ‘하리하라’ 이은희가 1901년부터 114년에 이르는 노벨 생리의학상 수상자 중에서, 과학사적으로나 인류사적으로나 의미 있고 관심이 높은 25개 분야를 선정해 청소년의 눈높이에 맞게 재미있게 풀어냈다.",https://image.aladin.co.kr/product/4386/28/cover500/8952228952_1.jpg, 이은희 지음, 살림FRIENDS,2014
기술과학,아침 5분 행복습관,"세로토닌 연구의 세계적 권위자인 아리타 히데호 교수가 말하는 건강법을 소개한 책이다. 세로토닌은 뇌내 신경의 하나이다. 세로토닌 신경의 수는 수만 개에 지나지 않지만, 그 영향력은 뇌뿐만 아니라 몸 전체에 영향을 미친다. 그래서 세로토닌 신경이 제 기능을 발휘하지 못하게 되면 당신의 소중한 건강을 잃게 될것이다.",https://image.aladin.co.kr/product/796/7/cover500/8989548985_1.jpg, 아리타 히데호 지음;국지홍 옮김, 미다스북스,2010
기술과학,부모라면 유대인처럼,"평범한 아이도 세계 최강의 인재로 키워내는 유대인들의 자녀교육 원칙을 52가지 키워드로 꼼꼼하게 소개한 책이다. 자녀의 지능과 창의력, 사회성 계발을 부모 책임이라고 자신있게 말하는 그들의 교육 원칙은 어떠한지 5개 영역(가정교육, 지능계발, 창의력, 인성교육, 진로상담)으로 나누어 살펴보고, 우리 가정에 적용할 방법을 알려준다.",https://image.aladin.co.kr/product/837/80/cover500/899173149x_2.jpg, 고재학 지음, 예담Friend,2010
기술과학,(의사가 말하는)의사,"다양한 직업의 세계에 대한 상세 보고서인 부키 전문직 리포트 시리즈의 세 번째 권. 각 분야에서 다양한 신분으로 일하는 의사 20명이 그들의 일과 생활, 애환과 고충, 보람 등에 대해 솔직하게 털어놓음으로써 일반인들이 가지고 있는 의사에 대한 환상 깨기를 시도하고 있다.",https://image.aladin.co.kr/product/52/27/cover500/8985989731_2.jpg, 김선 외 지음, 부키,2008
기술과학,(수의사가 말하는)수의사,"다양한 직업의 세계에 대한 상세 보고서인 부키 전문직 리포트 시리즈의 다섯 번째 권. 다양한 분야에서 일하는 22명의 수의사들이 수의사의 일과 생활, 보람과 고충, 급여 및 대우, 미래가치 등에 대해 자신들의 경험을 토대로 솔직히 털어놓았다.",https://image.aladin.co.kr/product/54/52/cover500/8985989782_1.jpg, 김영찬 외 지음, 부키,2008
기술과학,(수의사가 말하는)수의사,"다양한 직업의 세계에 대한 상세 보고서인 부키 전문직 리포트 시리즈의 다섯 번째 권. 다양한 분야에서 일하는 22명의 수의사들이 수의사의 일과 생활, 보람과 고충, 급여 및 대우, 미래가치 등에 대해 자신들의 경험을 토대로 솔직히 털어놓았다.",https://image.aladin.co.kr/product/54/52/cover500/8985989782_1.jpg, 김영찬 외 지음, 부키,2008
기술과학,"(아이의 두뇌를 깨우는)하루 15분, 책 읽어 주기의 힘",저자 자신과 다른 많은 부모의 살아 있는 경험을 토대로 찬찬히 설명함으로써 아이를 책을 좋아하는 사람으로 키우는 방법을 전하고 있다.,https://image.aladin.co.kr/product/88/44/cover500/898984746x_1.jpg, 짐 트렐리즈 지음;눈사람 옮김, 북라인,2008
기술과학,(알기쉽게배우는) AVR ATmega128 응용,,https://image.aladin.co.kr/product/719/75/cover500/8971017821_1.jpg, 신동욱 저, Ohm사,2010
기술과학,"뜯고 태우고 맛보고, 몸으로 배우는 짜릿짜릿 전자회로 DIY",'발견'이라는 것은 쉽게 설명되지 않는 어떤 현상을 관찰했을 때 시작된다. 발견이 먼저고 그 다음에 이론을 정립하는 과정이 따른다. 이 책은 이런 발견의 원리를 적용하여 전자회로를 발견에 의해서 배워나갈 수 있도록 구성했다. 청소년도 즐겁게 볼 수 있도록 쉽게 쓴 실험 위주의 책이지만 중요한 개념 설명도 재밌게 풀어 곳곳에 등장시켰다.,https://image.aladin.co.kr/product/1567/82/cover500/8966260160_1.jpg, 찰스 플랫 지음 ;김현규 옮김, 인사이트,2012
기술과학,아두이노,"피지컬 컴퓨팅, 기초 전자공학, 프로그래밍 분야에서 10년 넘게 일해온 전문가의 책. 이 책에는 자신만의 프로젝트를 만들기 위해 알아야 하는 다양한 기초적인 예제들이 수록되어 있다.",https://image.aladin.co.kr/product/3917/3/cover500/8960558370_1.jpg, 백토담 지음;허주연;박혜보 옮김, 한빛아카데미,2014
기술과학,(뇌를 자극하는) 하드웨어 입문,컬러풀한 3D 입체 화면식 구성의 하드웨어 실습 입문서. 직접 납땜하는 방법부터 아주 초급의 회로를 만들어가는 과정을 보여줌으로써 원초적 하드웨어의 동작 원리를 이해하게 해준다는 점이 가장 큰 장점이다.,https://image.aladin.co.kr/product/63/73/cover500/8979143362_2.jpg, 김범준 저, 한빛미디어,2011
기술과학,아두이노와 아드로이드로 45개 프로젝트 만들기,"비전공자들도 브레드 보드에 기본 전자 부품부터 센서 및 각종 표시 장치 등을 뚝딱 뚝딱 붙여서 아두이노 프로젝트 예제를 손쉽게 만들어보고, 안드로이드 ADK 앱으로 다양한 아두이노 프로젝트 예제를 만들어본 후, 사물인터넷(IoT)을 위한 실전 아두이노 프로젝트를 만들어본다.",https://image.aladin.co.kr/product/4586/26/cover500/1185553088_1.jpg, 서민우 지음, 앤써북,2014
기술과학,(알기 쉬운)최신 센서기술,,https://image.aladin.co.kr/product/3952/77/cover500/8980003900_1.jpg, 김종오;지일구, 복두출판사,2014
기술과학,기초 회로이론:선형회로해석의 기본 원리,"이번 개정판에서는 연산증폭기와 에너지 저장소자, 푸리에 변환 등 중요한 소자 및 개념에 대한 설명을 강화했고, 더욱 다양하고 명확한 예제와 연습문제를 수록하여 회로이론의 핵심 원리를 빠르게 습득할 수 있도록 구성했다. 특히 전기기사, 변리사, 행정고시 기술직 등의 자격시험을 준비하는 학생들을 위해 출제 빈도가 높은 최신 기출문제를 수록하였다.",https://image.aladin.co.kr/product/4443/54/cover500/1156641292_1.jpg, 최윤식 지음, 한빛미디어,2014
기술과학,전기기기,,https://image.aladin.co.kr/product/1785/17/cover500/8960552453_2.jpg, 스테판 J 챔프맨 지음;안진우;신판석;오석규 옮김, 한국맥그로힐,2012
기술과학,(알기쉬운)회로이론,,https://image.aladin.co.kr/product/464/76/cover500/8973935739_1.jpg, 朴松培 著, 문운당,2013
기술과학,센서 회로 설계 및 실험 실습,"전자 공학, 제어 공학, 자동화, 메카트로닉스 등을 공부하는 공학도들이 한 학기 동안 센서 회로를 실험할 수 있는 분량으로 정리하였다.",https://image.aladin.co.kr/product/36/35/cover500/8931531699_2.jpg, 지일구;김한구;김종오 지음, 성안당,2010
기술과학,골든아워. 1,"외상외과 의사 이국종 교수가 눌러쓴 삶과 죽음의 기록이다. 저자는 17년간 외상외과 의사로서 맞닥뜨린 냉혹한 현실, 고뇌와 사색, 의료 시스템에 대한 문제의식 등을 기록해왔다. 그 기록이 오랜 시간 갈고 다듬어져 두 권의 책으로 출간됐다.",https://image.aladin.co.kr/product/16891/57/cover500/896596282x_3.jpg, 이국종 지음, 흐름,2018
기술과학,(백종원이 추천하는)집밥 메뉴 55,"세번째 시리즈. 요리 초보자들도 쉽고 맛있는 요리를 만들 수 있는 지름길을 알려주는 백종원표 ‘만능시리즈’는 계속된다. 이번에는 만능된장, 만능오일, 만능고기소스의 재료 준비, 만들기, 보관 방법과 활용할 수 있는 다양한 메뉴들을 소개한다.",https://image.aladin.co.kr/product/10739/13/cover500/8926366022_1.jpg, 백종원 지음, 서울문화사,2017
기술과학,우리집 백신 백과,"소아청소년과 의사가 아이를 둔 부모들을 위해 쓴 백신 책이다. 대부분의 부모들은 예방접종이 무엇인지 정확하게 알지 못한 채, 정부가 지정한 대로, 의사가 권하는 대로 예방접종을 하게 된다. 맞아야 하는 주사의 종류도, 접종 방식도 다양하기 때문이다.",https://image.aladin.co.kr/product/3954/20/cover500/8963721078_1.jpg, 로버트 W. 시어스 지음;홍한별 옮김, 양철북,2014
기술과학,(2023 에듀윌)전기기능사,"본권 학습에 앞서 초보수학, CBT빈출, KEC핵심 내용을 공부할 수 있도록 [애피타이저 Book]도 함께 구성하였다. 2021년부터 적용된 한국전기설비규정(KEC)을 반영한 이론 및 문제로 시험을 완벽하게 대비할 수 있도록 구성하였다.",https://image.aladin.co.kr/product/29440/13/cover500/k082837528_1.jpg, 유치형;홍석묵;최대규 지음, 에듀윌,2022
기술과학,(무한상상 DIY)아두이노와 안드로이드로 45개 프로젝트 만들기,"비전공자들도 브레드 보드에 기본 전자 부품부터 센서 및 각종 표시 장치 등을 뚝딱 뚝딱 붙여서 아두이노 프로젝트 예제를 손쉽게 만들어보고, 안드로이드 ADK 앱으로 다양한 아두이노 프로젝트 예제를 만들어본 후, 사물인터넷(IoT)을 위한 실전 아두이노 프로젝트를 만들어본다.",https://image.aladin.co.kr/product/4586/26/cover500/1185553088_1.jpg, 서민우 지음, 앤써북,2014
기술과학,(만화로 쉽게 배우는)전자회로,"전자회로란 무엇인지 흥미를 유발하여 그림으로 재미있게 풀어낸 해설서. 저자가 대학에서 가르치고 있는 전자회로 강의를 바탕으로, 그 내용이 공업고등학교 학생이나 초보자들에게도 충분히 이해할 수 있는 쉬운 설명이 되도록 하였다. '전자회로란 무엇인가', '트랜지스터의 구조', '전기회로에 대한 지식', '동조 증폭 회로', '복조 회로', '저주파 증폭 회로' 모두 6장으로 구성되었다.",https://image.aladin.co.kr/product/1380/54/cover500/8931575394_1.jpg, Tanaka Kenichi 저;高山ヤマ 그림;이도희 역, BM성안당,2011
기술과학,(만화로 쉽게 배우는)전자회로,"전자회로란 무엇인지 흥미를 유발하여 그림으로 재미있게 풀어낸 해설서. 저자가 대학에서 가르치고 있는 전자회로 강의를 바탕으로, 그 내용이 공업고등학교 학생이나 초보자들에게도 충분히 이해할 수 있는 쉬운 설명이 되도록 하였다. '전자회로란 무엇인가', '트랜지스터의 구조', '전기회로에 대한 지식', '동조 증폭 회로', '복조 회로', '저주파 증폭 회로' 모두 6장으로 구성되었다.",https://image.aladin.co.kr/product/1380/54/cover500/8931575394_1.jpg, Tanaka Kenichi 저;高山ヤマ 그림;이도희 역, BM성안당,2011
기술과학,(하브루타로 세계 최고의 인재를 키워낸)유대인 엄마처럼,유대인 여성은 남다른 자존감과 사명감을 가지고 가정을 운영하고 자녀를 교육한다. 더 늦기 전에 세계 최고의 교육열을 가진 대한민국 엄마에게 권한다. 유대인 엄마처럼 온 가족이 식탁에 둘러앉아 서로 칭찬하고 토론하라.,https://image.aladin.co.kr/product/4407/8/cover500/8981652465_1.jpg, 전성수 지음, 국민출판,2014
기술과학,정보통신과 신소재,"과학동아 스페셜 시리즈 전 6권 완간. 과학동아 스페셜은 과학의 참모습을 보여주기 위해 최신 과학 교과서를 분석하여 크게 6개의 주제를 선정하여 정리하였다. 이번 책에서는 아날로그와 디지털, 네트워크, 반도체 및 신소재, 광물 자원 등을 다룬다.",https://image.aladin.co.kr/product/1865/29/cover500/8962860988_3.jpg, 과학동아편집부, 동아사이언스,2012
기술과학,전자부품을 활용하자. I,,https://image.aladin.co.kr/product/22/77/cover500/8986412217_1.gif, 김보연 저, 한진,2000
기술과학,미식견문록,"음식에 특별한 애정을 가진 저자가, 자신의 경험은 물론 음식에 관한 동서고금의 얘깃거리와 속담, 문화사까지 아우른 37편의 음식론이다. 책 곳곳에 스며든 저자 특유의 농담에 쿡쿡 웃음을 터트리다가도, 이 대단한 독서가가 꼼꼼히 안내하는 지식에 마음이 든든해진다. ‘읽어치우기’에 탐닉하던 지식여행자가 이번에는 ‘먹어치우기’를 주제로 인문학적인 지식을 곁들여 유머러스하게 풀어낸 것이다.",https://image.aladin.co.kr/product/418/24/cover500/8960900583_1.jpg, 요네하라마리 지음;이현진 옮김, 마음산책,2010
기술과학,프랑스 스타일,"프랑스의 고급 샴페인 제조사 ‘뵈브 클리코’의 최고경영자를 지냈으며, 현재 칼럼니스트와 강연자로 활약하고 있는 <프랑스 여자는 살찌지 않는다>의 저자 미레유 길리아노의 신작. 식생활뿐 아니라 프랑스 생활양식 전반을 다루었다. 장보기와 조리법, 와인 즐기기, 집 안 꾸미기, 정원 관리, 파티 준비, 피부 미용, 스타일 연출 등 일상에 생기 가득한 프랑스 스타일을 입히는 비법을 망라하여, ‘프랑스 스타일 백과사전’이라 할 만하다.",https://image.aladin.co.kr/product/625/92/cover500/8960900699_1.jpg, 미레유 길리아노 지음;조동섭 옮김, 마음산책,2010
기술과학,"기후, 에너지 그리고 녹색 이야기","전 교육과학기술부 장관·울산대학교 총장인 저자 김도연은 화석연료의 폭식이 가져온 기후변화와 에너지 위기의 과거·현재를 짚어보고 이에 대한 대안으로 녹색기술과 녹색산업, 녹색생활을 제시한다.",https://image.aladin.co.kr/product/641/76/cover500/8964600053_1.jpg, 김도연 지음, 생각의 나무,2010
기술과학,오래도록 젊음을 유지하고 건강하게 죽는 법,"베스트셀러 《플랜트 패러독스》의 저자, 스티븐 건드리 박사는 이 책을 통해 건강하게 잘 늙는 법을 새로운 각도에서 접근한다. 그리고 그 방법은 다름 아닌 우리 안에 있는 가장 오래된 존재인 우리 몸속에서 살아가는 미생물을 돌보는 것을 기초로 한다.",https://image.aladin.co.kr/product/21639/46/cover500/k342636692_1.jpg, 스티븐 R. 건드리 지음;박선영 옮김, Bronstein,2019
기술과학,(2020 초Speed)전기 기능사:필기,각 과목별로 정리되는 중요한 공식과 요약 등을 되도록 쉽게 이해할 수 있도록 서술한 교재다. 출제 빈도가 높은 유형의 문제 등을 표기하였다. 또한 자주 출제되는 핵심이론으로 먼저 기본이론을 학습한 후 Key Point를 통해 한 번 더 기본개념을 학습할 수 있도록 구성하였다.,https://image.aladin.co.kr/product/22673/50/cover500/s622636932_1.jpg, 전기자격시험연구회 지음, BM성안당,2019
기술과학,(2020 초Speed)전기 기능사:필기,각 과목별로 정리되는 중요한 공식과 요약 등을 되도록 쉽게 이해할 수 있도록 서술한 교재다. 출제 빈도가 높은 유형의 문제 등을 표기하였다. 또한 자주 출제되는 핵심이론으로 먼저 기본이론을 학습한 후 Key Point를 통해 한 번 더 기본개념을 학습할 수 있도록 구성하였다.,https://image.aladin.co.kr/product/22673/50/cover500/s622636932_1.jpg, 전기자격시험연구회 지음, BM성안당,2019
기술과학,(2020 초Speed)전기 기능사:필기,각 과목별로 정리되는 중요한 공식과 요약 등을 되도록 쉽게 이해할 수 있도록 서술한 교재다. 출제 빈도가 높은 유형의 문제 등을 표기하였다. 또한 자주 출제되는 핵심이론으로 먼저 기본이론을 학습한 후 Key Point를 통해 한 번 더 기본개념을 학습할 수 있도록 구성하였다.,https://image.aladin.co.kr/product/22673/50/cover500/s622636932_1.jpg, 전기자격시험연구회 지음, BM성안당,2019
기술과학,AutoCAD 2021,"기계 설계 업무 수행 혹은 도면 작도를 위해서 AutoCAD오토캐드 프로그램을 배우고자 하는 초보자들에게 AutoCAD오토캐드에서 지원하고, 이용할 수 있는 중요한 명령들의 옵션 및 사용법을 설명하고, 그 특성들을 소개해서 스스로 그 기능들을 습득할 수 있는 기초 학습 안내서이다.",https://image.aladin.co.kr/product/24410/38/cover500/8994636072_1.jpg, 박석용 저, 청담북스,2020
기술과학,AutoCAD 2021,"기계 설계 업무 수행 혹은 도면 작도를 위해서 AutoCAD오토캐드 프로그램을 배우고자 하는 초보자들에게 AutoCAD오토캐드에서 지원하고, 이용할 수 있는 중요한 명령들의 옵션 및 사용법을 설명하고, 그 특성들을 소개해서 스스로 그 기능들을 습득할 수 있는 기초 학습 안내서이다.",https://image.aladin.co.kr/product/24410/38/cover500/8994636072_1.jpg, 박석용 저, 청담북스,2020
기술과학,전산응용(CAD) 기계제도 실기 실무,"기계설계제도의 기본에서 기하공차 적용 부분까지 자격증취득은 물론 실무에서도 활용할 수 있도록 심도 있게 구성해 놓았으며, 과제도면은 유형별 분류 및 부품명 해설을 통해 도면 분석에 보다 쉽게 접근할 수 있도록 하였다.",https://image.aladin.co.kr/product/24692/77/cover500/8927436547_1.jpg, 권신혁 지음, 예문사,2020
기술과학,전산응용(CAD) 기계제도 실기 실무,"기계설계제도의 기본에서 기하공차 적용 부분까지 자격증취득은 물론 실무에서도 활용할 수 있도록 심도 있게 구성해 놓았으며, 과제도면은 유형별 분류 및 부품명 해설을 통해 도면 분석에 보다 쉽게 접근할 수 있도록 하였다.",https://image.aladin.co.kr/product/24692/77/cover500/8927436547_1.jpg, 권신혁 지음, 예문사,2020
기술과학,카즈딘 교육법,카즈딘 교육법은 예일대 심리학과 교수이자 예일대 육아센터 및 아동행동클리닉의 원장인 카즈딘 박사가 30년간 연구와 임상실험을 바탕으로 엄격하게 검증받아 100%에 가까운 성공률을 보이고 있는 아이변화 프로그램이다.,https://image.aladin.co.kr/product/236/85/cover500/8959751499_2.jpg, 앨런 카즈딘;카를로 로텔라 지음;이주혜 옮김, 한스미디어,2008
기술과학,전기수학의 정석 고급편 : 수학+전기+회로,"기초부터 응용까지 이론을 정리한 전기수학의 정석으로 초급, 중급, 고급으로, 나누어져 있다. 실전문제를 통하여 해당 이론 문제를 이해하기 쉽도록 자세히 설명하였으며 문제의 정확한 답과 명쾌한 해설이 수록하였으며, 계산문제는 공식부터 풀이과정을 상세하게 정리하였다.",https://image.aladin.co.kr/product/3956/16/cover500/8971218258_1.jpg, 원명수 지음, 세진사,2014
기술과학,종횡무진 밥상견문록,"역사와 민담, 문헌과 인문적 상상력을 넘나드는 흥미롭고 특별한 음식문화사. 한국과 중국, 일본 세 나라의 문화적 기질과 특색이 '음식'과 '요리'에 어떻게 반영되고, 발달해왔는지를 살펴본다.",https://image.aladin.co.kr/product/11462/69/cover500/8998822385_2.jpg, 윤덕노 지음, 깊은나무,2017
기술과학,한글 Auto CAD 2011,"AutoCAD를 처음 접하는 사람들이 빠른 시간 내에 습득이 가능하도록 가이드 역할을 하고, 기존 이용자들도 새로운 버전에 대한 이해도를 높여 각 분야에서 유용하게 활용할 수 있도록 하였다. 특히 초보자의 경우에도 책을 교재 삼아 명령어의 입력부터 차근차근 따라한다면 보다 쉽게 다룰 수 있도록 배려하였다.",https://image.aladin.co.kr/product/1421/32/cover500/8926828123_1.jpg," 김재수,고경민 지음", 한국학술정보,2011
기술과학,(2017)전자산업기사:필기,"전자공학 전공학습에 대한 정확한 개념 정리가 실려 있으며, 한국산업인력공단의 출제기준안에 의한 구성으로 과목별 체계적인 단원 분류 및 요약정리가 실려 있다. 이론문제 및 계산문제를 공식부터 풀이과정을 상세하게 정리하고 최근 과년도 문제를 수록하였다.",https://image.aladin.co.kr/product/10084/91/cover500/k742536976_1.jpg," 이광수,이기수,이선곤 지음", 건기원,2017
기술과학,전기전자통신공학 개론. 1,"전기, 전자, 전파, 정보 등의 분야를 전공하는 대학교 1학년 학생들이 전기전자통신공학의 전반을 이해하는데 필요한 핵심 개념을 위주로 다룬 개론서이다. 수학적인 내용은 최소한으로 줄이고, 많은 그림과 함께 핵심 개념을 위주로 설명하는 것에 중점을 두었다.",https://image.aladin.co.kr/product/10147/73/cover500/8970508953_2.jpg, 현승엽 지음, 생능출판사,2017
기술과학,"(설계능력 향상을 위한)전기, 전자, 통신, 컴퓨터공학 기초전공 실험",,https://image.aladin.co.kr/product/4681/62/cover500/6000767927_1.jpg, 민상원 저, 홍릉과학,2014
기술과학,전기 전자 통신공학,,https://image.aladin.co.kr/product/2515/38/cover500/8965870674_1.jpg, 나승권 지음, 상학당,2013
기술과학,(전기/전자/통신/제어/계측공학도를 위한)기초실험,,https://image.aladin.co.kr/product/5485/1/cover500/6000822336_1.jpg, 최수열 외 지음, 복두출판사,2015
기술과학,(문과생도 이해하는 Must have)전기전자수학,"전기전자공학을 배우는 데 꼭 필요한 수학에 관해 설명하는 책이다. 전기전자공학 학습에 꼭 필요한 수학 개념을 제시한다. 기본 개념도 심화 개념도 쉽고, 간결하게 설명하였다. 만화 스타일의 컷/삽화로 지루하지 않게 설명하고 있으며, 책에 실린 문제는 문제 풀이 및 정답을 제공한다.",https://image.aladin.co.kr/product/11387/91/cover500/k842531690_1.jpg," 야마시타 아키라 지음;박윤경,이현숙 옮김", 한빛아카데미,2017
기술과학,약은 우리 몸에 어떤 작용을 하는가,"'의학, 과학을 초대하다' 시리즈의 2권. 우리가 흔히 접하는 감기약, 두통약, 피부약 등 대표적인 약 10여 종을 들어 이들 약이 어떤 성분으로 구성되어 있고, 몸에 어떤 작용을 하는지와 약의 효력 및 부작용에 대해 상세하게 설명한 약에 대한 안내서이다.",https://image.aladin.co.kr/product/278/13/cover500/8991373372_2.jpg, 야자와 사이언스오피스 지음;이동희 옮김, 전나무숲,2008
기술과학,(실무와 예제를 중심으로 한)OrCAD PCB 설계,Cadence사의 OrCAD Capture는 오늘날 전자 회로 설계분야에서 업계 표준의 범용 회로설계 편집 도구로서 자리를 잡고 있다. Ver17.2의 기본적인 사용법과 실무예제를 통한 활용능력 배양에 중점을 두었다.,https://image.aladin.co.kr/product/11130/80/cover500/k602531889_1.jpg, 김종오 지음, 복두출판사,2017
기술과학,(실무와 예제를 중심으로 한)OrCAD PCB 설계,Cadence사의 OrCAD Capture는 오늘날 전자 회로 설계분야에서 업계 표준의 범용 회로설계 편집 도구로서 자리를 잡고 있다. Ver17.2의 기본적인 사용법과 실무예제를 통한 활용능력 배양에 중점을 두었다.,https://image.aladin.co.kr/product/11130/80/cover500/k602531889_1.jpg, 김종오 지음, 복두출판사,2017
기술과학,(실무와 예제를 중심으로 한)OrCAD PCB 설계,Cadence사의 OrCAD Capture는 오늘날 전자 회로 설계분야에서 업계 표준의 범용 회로설계 편집 도구로서 자리를 잡고 있다. Ver17.2의 기본적인 사용법과 실무예제를 통한 활용능력 배양에 중점을 두었다.,https://image.aladin.co.kr/product/11130/80/cover500/k602531889_1.jpg, 김종오 지음, 복두출판사,2017
기술과학,건강의 뇌과학,"뇌과학 분야의 최신 연구를 기반으로, 나이 들수록 더 지혜롭고 행복하고 건강한 뇌 상태를 유지하는 비결을 담고 있다. 나이에 상관없이 ‘행복한 인생 후반기’를 보내는 데 필요한 뇌 사용법을 체계적으로 정리해서 제안한다.",https://image.aladin.co.kr/product/29758/99/cover500/k302838204_2.jpg, 제임스 굿윈 지음;박세연 옮김, 현대지성,2022
기술과학,인스타 브레인,"어느 날, 좀처럼 책에 몰두하지 못하고, 자꾸만 별 이유 없이 스마트폰을 만지는 자기 자신의 모습을 ‘깨닫고’ 충격을 받은 나머지 이 문제에 대해 뇌 과학적인 분석을 하기 시작했고, 이 책을 쓰게 되었다.",https://image.aladin.co.kr/product/23973/11/cover500/k422639014_2.jpg, 안데르스 한센 지음;김아영 옮김, 동양북스,2020
기술과학,(2022 초스피드)전기기능사 실기,"전기인이 되기 위한 첫 번째 자격증인 전기기능사 실기를 준비하기 위한 전문교재로, 누구라도 이해하기 쉽게 설명한 기초적인 이론과 표준화된 작업방법을 제시하여 순서대로 학습하다 보면 학습의 메커니즘과 시퀀스 제어의 원리를 스스로 깨우치게 구성하였다.",https://image.aladin.co.kr/product/28711/32/cover500/8931527543_1.jpg, 유인종 지음, 성안당,2022
기술과학,(2022 초스피드)전기기능사 실기,"전기인이 되기 위한 첫 번째 자격증인 전기기능사 실기를 준비하기 위한 전문교재로, 누구라도 이해하기 쉽게 설명한 기초적인 이론과 표준화된 작업방법을 제시하여 순서대로 학습하다 보면 학습의 메커니즘과 시퀀스 제어의 원리를 스스로 깨우치게 구성하였다.",https://image.aladin.co.kr/product/28711/32/cover500/8931527543_1.jpg, 유인종 지음, 성안당,2022
기술과학,(동영상과 실무 예제로 쉽게 배우는) 스케치업 2016 ＆ V-Ray,"스케치업은 시간이 지날수록 그 기능이 매우 혁신적으로 발전하고 있다. 오토캐드, 3D 맥스, 라이노 3D, 기타 그래픽 프로그램과의 호환성뿐만 아니라 요즘 많이 대두되고 있는 3D 프린팅과의 연계적 활용 또한 발전하고 있다.",https://image.aladin.co.kr/product/8532/59/cover500/8956746885_1.jpg, 남현우 지음, 정보문화사,2016
기술과학,(예제를 통한 창조적 학습) AutoCAD 2010,이 책은 건축 인테리어 분야에서 꼭 필요한 다수의 예제를 수록하여 학습자 스스로가 단계적으로 실력을 연마할 수 있도록 구성되어 새로운 버전으로 교재를 편찬했다.,https://image.aladin.co.kr/product/655/72/cover500/8958434252_1.jpg, 장월상;조희라;양승룡 외 지음, 건기원,2010
기술과학,(전자기사 시험대비) 전자기사,"강의 경력 40년의 최상급 저자가 집필하였다. 전공학습에 대한 정확한 개념을 정리하였고, 한국산업인력공단의 출제기준안에 의한 구성이며, 이론문제 및 계산문제를 공식부터 풀이과정을 상세하게 정리하였다.",https://image.aladin.co.kr/product/10151/4/cover500/k922536475_1.jpg, 이광수;이기수;이선곤 [공]지음, 건기원,2017
기술과학,(인생이 빛나는)정리의 마법,"아무리 정리해도 1주일 후에는 방이 원래대로 뒤죽박죽… 정리 리바운드로 골치 아픈 경험이 있는가? 곤마리 식의 ‘정리 수납법’은 정리 리바운드(정리 후 다시 지저분해져서 정리를 매번 계속해야 하는 상황)로 계속 고민하던 저자가 15세부터 연구하던 정리 정돈 방법의 정수로서, ‘한 번 정리하면 두 번 다시 어지르지 않는 정리법’을 말한다. 이 책은 단순한 공간 정리법이나 수납법을 다루고 있지 않다. 정리 정돈 기술의 차원을 넘어 ‘설렘’이라는 감정을 기반으로 물건과 나 사이의 관계를 설정하는 방법을 알려준다.",https://image.aladin.co.kr/product/1619/41/cover500/8984056723_1.jpg, 곤도 마리에 지음;홍성민 옮김, 더난,2012
기술과학,"하루 세 줄, 마음정리법","영국왕립소아병원과 아일랜드 국립병원을 거쳐 준텐도대학 교수로 재직 중인 저자는 신경 면역 분야에서 20년 동안, 스트레스로 지친 몸과 마음을 효과적으로 다스리는 방법을 찾아 실험하고 연구해왔다. 수면법, 식사법, 운동, 호흡법, 명상법, 시간활용법 등 여러 방법을 검토하고 직접 해보았다.",https://image.aladin.co.kr/product/6958/59/cover500/8997142364_1.jpg, 고바야시 히로유키 지음;정선희 옮김, 지식공간,2015
기술과학,국경 없는 과학기술자들,국경없는과학기술자회에서 실무자로 활동했던 글쓴이가 그 동안의 다양한 경험들을 바탕으로 우리나라 적정기술의 현주소를 짚어 보고 나아갈 방향을 밝힌 책이다. 2009년에 설립된 SEWB는 개발도상국에 적정기술을 전파하기 위해 노력하고 있는 단체다.,https://image.aladin.co.kr/product/3336/84/cover500/8958074876_1.jpg, 이경선 글, 뜨인돌,2013
기술과학,반도체 공정의 이해,,https://image.aladin.co.kr/product/17598/84/cover500/k842534918_1.jpg, 임상우 지음, 청송,2018
기술과학,엔지니어 정약용,"정약용을 실학자로 한정지어 바라보는 시각에서 과감히 벗어나 실천가로서 조선의 엔지니어로 재조명한 책이다. 정약용의 업적을 토목.건축.도시.기계.자동차.조선 공학 등 여섯 개 분야로 나누어 200여 개의 도판과 함께 구체적으로 살펴보고, 정약용이 활동하던 시기에 태동하던 근대 공학의 움직임을 날카롭게 짚어낸다.",https://image.aladin.co.kr/product/11683/46/cover500/k612531518_1.jpg, 김평원 지음, 다산초당,2018
기술과학,(문과생도 볼 수 있는)모터란 무엇인가,"모터를 연구하거나 직업의 일환으로 매진하려는 전기, 기계과 학생들은 물론, 문과생들까지도 납득할 수 있도록 알기 쉽게 구성하였다. 모터를 발명한 패러데이도 놀랄 만큼 일러스트와 함께 아주 쉽게 표현하였다.",https://image.aladin.co.kr/product/19149/29/cover500/k432635491_1.jpg, GB기획센터 지음;유병용 그림, 골든벨,2019
기술과학,탄탄한 기초를 위한 PLC프로그래밍(XGB series),"PLC 기초를 익힌 초급자가 프로그래밍 응용력을 키울 수 있도록 PLC프로그래밍 기초뿐만 아니라, 기본 실습문제, 응용 실습문제를 통해 PLC 중급자로 발전할 수 있도록 기초부터 응용까지의 내용을 수록한 교재다.",https://image.aladin.co.kr/product/26666/29/cover500/892743952x_1.jpg, 김진태 지음, 예문사,2021
기술과학,탄탄한 기초를 위한 PLC프로그래밍(XGB series),"PLC 기초를 익힌 초급자가 프로그래밍 응용력을 키울 수 있도록 PLC프로그래밍 기초뿐만 아니라, 기본 실습문제, 응용 실습문제를 통해 PLC 중급자로 발전할 수 있도록 기초부터 응용까지의 내용을 수록한 교재다.",https://image.aladin.co.kr/product/26666/29/cover500/892743952x_1.jpg, 김진태 지음, 예문사,2021
기술과학,공학의 눈으로 미래를 설계하라,"끊임없이 생각하고, 새롭게 도전하라! 대한민국 대표 공학자들이 우리 시대 청년들에게 전하는 제언을 담은 책이다. 빠르게 변화하는 사회, 상상을 현실로 만드는 미래 기술, 그리고 내 삶의 바탕에서 만나는 공학을 소개한다.",https://image.aladin.co.kr/product/18595/65/cover500/8965746795_1.jpg, 연세대학교 공과대학 지음, 해냄,2020
기술과학,반도체 대전 2030,훗날 ‘세계 제1차 반도체 대전’으로 기록될지도 모르는 치열한 반도체 패권 다툼 속에서 우리는 어떻게 대처하고 무엇을 준비해야 할까. 이 책을 통해 우리는 반도체 산업에 대한 정확한 이해와 k-반도체의 나아갈 방향을 예측할 수 있을 것이다.,https://image.aladin.co.kr/product/28544/43/cover500/8947547751_1.jpg, 황정수 지음, 한국경제신문,2021
기술과학,자율주행차와 반도체의 미래,최근 반도체 산업에서 불황이 심각하다. 하지만 차량용 반도체 사업은 예외이다. 이 책은 최근 차량용 반도체의 수요가 가파르게 증가하고 있는 상황에서 차량용 반도체 비즈니스가 어떤 식으로 진행되고 있는지 다양한 기업들을 통해 구체적으로 설명하고 있다.,https://image.aladin.co.kr/product/31332/28/cover500/8957753028_1.jpg, 권영화 지음, 이코노믹북스(집사재),2023
기술과학,청소년 발달과 정신의학,"2판은 청소년 발달과 정신건강의 차원에서 순서를 바꾸고 그간 발전된 부분을 소개하고자 장을 추가하였다. 전반적인 청소년 발달을 익히고 문화에 따른 청소년 변화를 다루며, 청소년의 정신건강(질환)에 대하여 알아볼 수 있다.",https://image.aladin.co.kr/product/28289/46/cover500/k352835996_1.jpg, 대한소아청소년정신의학회 지음, 군자출판사,2021
기술과학,사춘기 아이에게 어떻게 말해야 할까,"<십대들의 쪽지> 발행인이자 청소년 전문 상담가인 강금주 대표가 사춘기 아이와 대화가 힘든 부모들을 위해 쓴 책으로, 아이의 올바른 성장과 변화를 위해 꼭 알아야 할 대화 방법을 소개한다.",https://image.aladin.co.kr/product/31724/74/cover500/k212833893_1.jpg, 강금주 지음, 루미너스,2023
기술과학,우리는 행복을 진단한다,"검체를 들고 발로 뛰던 40년 전부터 세계 최고의 정확성과 속도를 자랑하는 현재에 이르기까지, SCL이 헤쳐 온 어려움과 도전의 기록이다. 종합 헬스케어 그룹으로 성장한 SCL의 성공 요인을 돌아보며 우리 의료산업의 미래를 그려 볼 수 있다.",https://image.aladin.co.kr/product/31699/5/cover500/k042833688_1.jpg, 이경률 지음, 예미,2023
기술과학,다이어트 사이언스,올해로 7년 째 다이어트를 연구하고 있는 건강 유튜버 최겸이 집필한 책. 그동안 다양한 해외 자료를 객관적으로 분석하고 연구하며 내린 통찰을 담았다.,https://image.aladin.co.kr/product/29252/67/cover500/k812837397_1.jpg, 최겸 지음, 린체인저스,2022
기술과학,"오늘부터, 처음 텃밭 가꾸기","베란다 한 편의 조그만 텃밭부터 100평 규모의 커다란 텃밭까지 실패하지 않고 수확하는 특급 비법. 저자는 베란다 텃밭부터 옥상 텃밭, 100평 규모의 노지 텃밭까지 17년간 크고 작은 텃밭에서 작물을 가꾸었다. 때로는 성공하고 때로는 실패하면서 얻은 노하우를 이 책에 담았다.",https://image.aladin.co.kr/product/28962/64/cover500/k302836617_1.jpg, 석동연 글·그림, 빌리버튼,2022
기술과학,반려견 증상 상식 사전,"서울대학교 동물병원 수의사가 보호자들이 일상생활에서 쉽게 관찰할 수 있는 반려견의 발병 초기 증상과 40여 가지 질병 예방과 관리 방법을 알려준다. 전문 지식이 없어도 누구나 이해할 수 있도록 철저히 보호자의 입장에서 쓰였고, 언제 어디서나 간편히 휴대할 수 있다.",https://image.aladin.co.kr/product/17328/33/cover500/k352534398_2.jpg, 김보윤 지음, 북라이프(비즈니스북스),2018
기술과학,"(입양, 생활, 습성, 문제행동까지 친절하게 알려주는)어서와 반려견은 처음이지?","아무 준비 없이 가벼운 마음으로 반려견을 맞았다가 뒤늦게 혼란스러워하는 일을 피하기 위해, 그리고 보호자도 반려견도 행복하게 지내기 위해 알아야 할 기본 지식들을 총망라했다.",https://image.aladin.co.kr/product/17349/82/cover500/8972773247_1.jpg, 최인영 지음, 리드리드,2018
기술과학,10대의 비밀 비밀의 10대,"성과 외모, 감정의 변화와 정체성 등 10대의 뜨거운 관심사를 익살스러운 일러스트와 유쾌한 설명으로 흥미진진하게 풀어냈다. 전 세계의 전문가들이 참여하고 최고의 저자들이 완성한 10대와 그 부모를 위한 완벽한 지침서이다.",https://image.aladin.co.kr/product/2104/85/cover500/893495969x_1.jpg, 마이클 로이젠;메맷 오즈;엘렌 롬 [공]지음;김성훈 옮김, 김영사,2012
기술과학,향수 그리고 향기,"향수의 고향과 도시를 찾아가는 향기 여행의 기록이다. 이 책에서는 도시와 패션디자이너라는 두 트렉으로 향수와 향기의 이야기를 풀어간다. 저자는 향기를 만드는 조향사로, 이 책을 통해 향기가 우리의 삶을 얼마나 아름답고 행복하게 만드는지를 보여주고자 한다.",https://image.aladin.co.kr/product/3032/21/cover500/8994597174_1.jpg, 임원철 지음, 이다미디어,2013
기술과학,(XGK_XGB 중심)PLC 프로그래밍,,https://image.aladin.co.kr/product/6192/91/cover500/8963542319_1.jpg," 김태평,장용해 공저", 태영문화사,2015
기술과학,(십 대가 알아야 할)인공지능과 4차 산업혁명의 미래,"4차 산업혁명에 대해 미래의 주역 청소년들이 반드시 알아야만 하는 디지털 과학 지식과 그로 인한 삶의 변화를 이야기한다. 기술과 미래 세상이 함께 만들어지는 과정과, 그 흐름을 보는 안목을 키워주고 있어, 청소년들이 맨 처음 만나는 디지털인문학 책이라고도 할 수 있다.",https://image.aladin.co.kr/product/14522/88/cover500/k712532540_1.jpg, 전승민 지음, 팜파스,2018
기술과학,(핵심이 보이는)전자회로,핵심을 짚어주는 충실한 이론 설명과 응용력을 높이는 PSPICE 실습을 한 권에 담았다. 각 장의 1절(기초 다지기)을 통해 해당 주제의 기초 개념을 확립할 수 있다. 핵심 내용을 [질문]과 [답변] 형태(Q & A)로 정리하여 학습 효과를 극대화하였다.,https://image.aladin.co.kr/product/14210/50/cover500/k002532435_1.jpg, 신경욱 지음, 한빛아카데미,2018
기술과학,반도체를 사랑한 남자,"문화인류학자의 시선으로 엮은 삼성전자 반도체의 혁신·성장의 과정이자 그 현장에서 땀 흘렸던 사람들에 관한 이야기다. 삼성전자 반도체가 초일류, 글로벌 기업으로 성장하기 위해 벌인 치열하고도 ‘위대한 여정’과 그 과정에서 조직구성원들이 어떻게 혁신에 발맞춰왔는가에 초점을 맞춘다.",https://image.aladin.co.kr/product/32293/4/cover500/k742834856_1.jpg, 박준영 지음, 북루덴스,2023
기술과학,아파트 속 과학,"아파트의 뼈와 살을 이루는 콘크리트에는 나노과학이, 건물 사이를 흐르는 바람에는 전산유체역학이, 벽과 바닥에는 재료공학이 숨어 있다. 오늘날 수많은 학문의 성취가 아파트에 담겨 있다. 과학의 시선으로 아파트를 구석구석 탐사하는 색다른 집들이에 여러분을 초대한다.",https://image.aladin.co.kr/product/31931/17/cover500/k352833957_1.jpg, 김홍재 지음, 어바웃어북,2023
기술과학,"약, 알고 먹는 거니?","저자는 접근하기 어렵지만 사실 누구에게나 필요한 정보가 약학이라는 생각이 들어, 기본적인 약 사용법을 그림으로 풀어서 그리기 시작했다. 이 책에서는 다양한 약 사용법을 그림으로 쉽고 재미있게 만날 수 있다.",https://image.aladin.co.kr/product/31961/59/cover500/k882833355_1.jpg, 그림 그리는 약사 최서연 지음, 소담,2023
기술과학,(무너진 자세를 바로 세우는)기적의 자세요정,"원인 모를 통증에 시달리는 많은 이가 스스로 몸을 이해하고 셀프케어 할 수 있도록, 이를 통해 더 건강하고 활기찬 삶을 만들기를 응원하는 마음을 담아 몸의 균형을 되찾는 기초 지식부터 세부 동작까지 상세히 안내한다.",https://image.aladin.co.kr/product/32628/9/cover500/k102935455_2.jpg, 자세요정 지음, 다산라이프,2023
기술과학,(Final Test)일반전기직 적중모의고사,합격 안정권의 점수 획득을 목표로 출제 가능성이 높은 적중문제를 엄선하였다. 물리. 전기이론. 전기기기 3과목을 수록한 경력경쟁 9급 일반전기직 시험대비 적중모의고사이다. 총 11회분의 적중모의고사에 상세한 해설과 함께 수록하여 최종정리가 될 수 있도록 하였다.,https://image.aladin.co.kr/product/14019/69/cover500/8970972188_1.jpg, 기술직공무원시험연구진 지음, 한국교육기획,2018
기술과학,(Final Test)일반전기직 적중모의고사,합격 안정권의 점수 획득을 목표로 출제 가능성이 높은 적중문제를 엄선하였다. 물리. 전기이론. 전기기기 3과목을 수록한 경력경쟁 9급 일반전기직 시험대비 적중모의고사이다. 총 11회분의 적중모의고사에 상세한 해설과 함께 수록하여 최종정리가 될 수 있도록 하였다.,https://image.aladin.co.kr/product/14019/69/cover500/8970972188_1.jpg, 기술직공무원시험연구진 지음, 한국교육기획,2018
기술과학,전기이론(기술직 공무원):시험 전에 꼭 풀어봐야 할 문제. [1],"단원별 출제예상문제, 실력평가모의고사, 상세한 해설, 최신기출문제 등이 수록된 교재다.",https://image.aladin.co.kr/product/10439/61/cover500/k192536391_1.jpg, 주한종 지음, 서원각,2017
기술과학,전기기기(기술직 공무원):시험 전에 꼭 풀어봐야 할 문제. [2],"기술직 공무원 시험 전기기기 과목을 대비할 수 있는 교재다. 단원별 출제예상문제와 실력평가모의고사 5회가 실려 있다. 상세한 해설 및 2016년 시행 국가직, 지방직, 서울시 기출문제분석이 수록되었다.",https://image.aladin.co.kr/product/10419/33/cover500/k882536293_1.jpg, 주한종 지음, 서원각,2017
기술과학,(AVR 초보자가 만드는)마이크로 프로세서 따라하기,"특별한 고가의 개발장비나, 컴파일러가 필요 없이 AVR를 사용할 수 있는 방법과 각종 응용회로 및 소스를 제공하여 단계적으로 실험을 통해 마이컴을 배울 수 있는 방법론을 제시하는 교재다. 전자소자에 대한 지식, AVR에 대한 사용법 등을 다루고 있다.",https://image.aladin.co.kr/product/11690/27/cover500/8931708939_1.jpg, 신대섭 지음, 세화,2017
기술과학,(AVR 초보자가 만드는)마이크로 프로세서 따라하기,"특별한 고가의 개발장비나, 컴파일러가 필요 없이 AVR를 사용할 수 있는 방법과 각종 응용회로 및 소스를 제공하여 단계적으로 실험을 통해 마이컴을 배울 수 있는 방법론을 제시하는 교재다. 전자소자에 대한 지식, AVR에 대한 사용법 등을 다루고 있다.",https://image.aladin.co.kr/product/11690/27/cover500/8931708939_1.jpg, 신대섭 지음, 세화,2017
기술과학,아이를 위한 하루 한 줄 인문학,"10만 부모가 극찬한 인문 교육의 대가, 김종원 저자의 자녀교육 지혜를 한 권으로 집약한 책이다. 아이의 내면의 힘을 탄탄하게 길러줄 ‘하루 한 줄 인문학’의 의미와 구체적인 방법을 소개하고 있다.",https://image.aladin.co.kr/product/17533/6/cover500/k632534304_1.jpg, 김종원 지음, 청림Life,2018
기술과학,(1／1)1일 1정리,"정리에도 공식이 있고 효율이 있다는 것을, 정리는 삶을 변화시킨다는 것을 10년 가까이 보고 듣고 경험한 저자의 노하우를 오롯이 담았다. 삶이 좀 가지런하게 다듬어지도록 하루에 한 가지, 불필요한 것들을 치우고 공간을 재정비하는 식으로 정리를 하다보면 내가 진짜로 무엇을 원하는지, 어떤 삶을 추구하는지 자신의 취향을 알게된다고 말한다.",https://image.aladin.co.kr/product/17399/89/cover500/k052534704_1.jpg, 심지은 지음, 포북,2018
기술과학,세계사를 바꾼 10가지 약,인류 역사를 '질병'이라는 창과 '약'이라는 방패의 투쟁 역사로 파악한다. 많은 국가와 사회를 치명적 위기에 빠뜨렸던 10가지 질병과 결정적 고비마다 인류를 무서운 질병의 위협에서 구한 10가지 약에 관한 흥미진진하고도 유익한 이야기로 빼곡하다.,https://image.aladin.co.kr/product/14315/57/cover500/k862532840_1.jpg, 사토 겐타로 지음;서수지 옮김, 사람과나무사이,2018
기술과학,(하루 15분)기적의 림프 청소,"채널A ‘나는 몸신이다’에서 소개되어 장안의 화제가 되었던 ‘하루 15분 림프 청소 마사지’를 책으로 만난다. 림프가 무엇이며 우리 몸에서 정확히 어떤 역할을 하는지, 각종 질병으로부터 벗어나는 림프 건강법 등 림프에 대한 모든 이야기를 담았다.",https://image.aladin.co.kr/product/8594/84/cover500/k242535471_1.jpg," 김성중,심정묘 [공]지음", 비타북스,2016
기술과학,(4차 산업혁명 시대)도시농업 힐링,"최근 도시농업은 주말농장 개념을 뛰어넘어 농작물.화초 재배, 양봉 등 다양한 취미와 여가 활동으로 발전했다. 도시농업에 대한 전반적인 내용을 쉽게 이해하고 바로 실천하도록 구성했으며, 미래성장 산업으로 도시농업의 발전 방안을 제시한 책이다.",https://image.aladin.co.kr/product/16727/11/cover500/8947543934_1.jpg, 이강오 지음, 한국경제신문i,2018
기술과학,내 아이를 믿는다는 것,"뇌 과학자이자 부모 상담 전문가이자 의사이자 네 아이의 아빠인 필자가 의사로서, 임상 심리사로서, 부모로서 진료와 상담과 육아를 한 경험을 바탕으로 하여 쓴 책으로 아이에 대한 믿음을 교육의 기본 방침으로 한 육아 방법을 구체적으로 제안한다.",https://image.aladin.co.kr/product/14787/42/cover500/k982532057_1.jpg, 다나카 시게키 지음;김현희 옮김, 다봄,2018
기술과학,아이의 떼 거부 고집을 다루다,"엄마들이 실제 육아에서 겪게 되는 막막한 육아 고민을 시원하게 해결해 주는, 아이를 다루는 방법을 제시한 훈육 레시피북이다. 훈육해야 할 행동을 걸러 내는 것부터 어떤 방식으로 접근해야 효과적인지, 케이스별 솔루션 제시까지 하나하나 자세히 설명해 준다.",https://image.aladin.co.kr/product/18597/94/cover500/k412635064_1.jpg, 정유진 글·그림, 미스터제이,2019
기술과학,내가 너라도 그랬을 거야,"어린 시절에 가족 회의를 꼭 하고 싶었고, 자유로운 학교 생활을 꿈꿨고, 많은 이야기를 들려주는 엄마가 되겠다는 약속을 했다. 그 오랜 꿈을 실천하며 ‘사랑, 자유, 공감’이라는 양육의 키워드를 가슴에 새기고 지금도 아이들과 함께 성장하고 있다. 그의 삶과 양육 철학을 한 권의 책에 담았다.",https://image.aladin.co.kr/product/18565/0/cover500/8934994886_1.jpg, 김나윤 지음, 김영사,2019
기술과학,(매일 만들어 먹고 싶은)식빵 샌드위치 & 토핑 핫도그,"맛보장 식빵 샌드위치 & 토핑 핫도그 레시피 50여 개뿐만 아니라 카페를 준비하거나 이미 운영 중인 분들을 위한 카페 메뉴 컨설턴트의 깨알 노하우도 가득 담았다. 여기저기 활용하기 좋은 기본 스프레드, 다양한 소스, 포장법, Q&A까지. 물론 가정에서도 맘껏 활용할 수 있다.",https://image.aladin.co.kr/product/27833/74/cover500/k042734674_2.jpg, 신아림 지음, 레시피팩토리,2021
기술과학,암은 병이 아니다,암에 관한 기존의 상식을 정면으로 비판하면서 암 치유의 새로운 해법을 제시하는 책이다. 대체의학 전문가가 다양한 연구 자료와 30여 년의 임상 경험을 통해 ‘암은 질병이 아니라 내 몸의 마지막 치유 전략’이라는 충격적인 내용을 설득력 있게 풀어내고 있다.,https://image.aladin.co.kr/product/27128/5/cover500/8967442319_1.jpg, 안드레아스 모리츠 지음;정진근 옮김, 에디터,2021
기술과학,(yes! I can do!)멜섹(melsec)PLC 프로그램 기초와 응용,산업 구조의 균형적인 발전이 중요하지만 우리나라와 같이 제조산업이 국가 경쟁력의 중심이 되고 있는 나라에서는 기술력이 곧 제조산업의 핵심이다. 생산자동화에 필수적인 멜섹(MELSEC) PLC에서 반드시 필요한 내용만을 엄선하여 수록하였다.,https://image.aladin.co.kr/product/12533/63/cover500/8970938656_1.jpg, 김학철;손덕수 공저, 光文閣,2017
기술과학,세계를 달리는 대한민국 자동차 이야기,청소년에게 대한민국의 산업 역사를 재미있게 알려주는 ‘History of Technology' 시리즈 3권. 산업 역사를 10개 이야기로 구성하여 아이가 질문하고 아빠가 대답하는 스토리텔링 방식을 채택해 읽기 쉽고 재미있게 구성하였다.,https://image.aladin.co.kr/product/3444/83/cover500/1185351027_1.jpg, 임경단 지음;오돌 그림, 씨마스커뮤니케이션,2013
기술과학,뇌력혁명,"대한민국 최고의 정신과 의사이자 뇌과학자인 이시형 박사가 한국인 뇌피로의 실체와 해결법을 담아 펴낸 책이다. 멈출 줄 모르고 질주하는 3040 샐러리맨, 5060 김사장족의 필독서로, 활력 넘치는 인생을 만들기 위한 이시형 박사의 뇌과학적 해법을 담았다.",https://image.aladin.co.kr/product/3274/62/cover500/1185020136_1.jpg, 이시형 지음;신지호 사진;영수 일러스트, 북클라우드,2013
기술과학,(뇌를 위한)파워 푸드,"미국 당뇨병의 권위자이자 '책임 있는 의료를 위한 의사회' 회장인 닐 D. 버나드 박사가 심각한 치매로 고생하다 돌아가신 외조부와 외모조를 보고는, 뇌졸중, 치매, 알츠하이머병에 대한 연구를 하여 그 결과물을 담은 책이다.",https://image.aladin.co.kr/product/3130/10/cover500/8960513423_1.jpg, 닐 D. 버나드 지음;김영선 옮김, 부키,2013
기술과학,"듣지 않는 의사, 믿지 않는 환자","진료실에서 벌어지는 의사와 환자 사이의 일들에 대한 것이다. 의사와 환자가 진료실에서 나누는 대화는 대부분 진단 및 ‘치료 결정’이기 마련인데, 이 책은 특히 치료 결정을 둘러싼 여러 혼란과 갈등을 파헤쳐 보고 있다.",https://image.aladin.co.kr/product/3058/43/cover500/8932316732_1.jpg, 제롬 그루프먼;패멀라 하츠밴드 [공]지음;박상곤 옮김, 현암사,2013
기술과학,슈퍼영,젊고 건강한 정신을 가지기 위해서는 빠릿빠릿한 두뇌와 젊은 마음가짐이 필요하다. 데이비드 윅스 박사의 연구 결과에 따르면 슈퍼영들은 놀랍게도 이 조건을 모두 충족했다. 이들의 특이한 사고방식이 자연스럽게 젊은 두뇌를 만들어냈다.,https://image.aladin.co.kr/product/3288/71/cover500/8997980629_1.jpg, 데이비드 윅스;제이미 제임스 [공]지음;박종윤 옮김, 내인생의책,2013
기술과학,"암에 지는 사람, 암을 이기는 사람","암 연구의 최전선 엠디 앤더슨 암센터에서 32년간 종신교수로 재직해온 김의신 박사의 책이 출간되었다. 현대인이라면 누구나 궁금해하는 현대암의 모든 것, 그리고 그가 경험한 암을 이긴 사람들의 이야기를 감동적으로 풀어놓은 책이라, 출간 전부터 많은 화제를 모았다.",https://image.aladin.co.kr/product/3295/33/cover500/8965701759_1.jpg, 김의신 지음, 쌤앤파커스,2013
기술과학,(전자캐드기능사를 위한)Cadence OrCAD/ Allegro V16.5,OrCAD Capture와 PCB Editor를 이용하여 전자캐드 기능사 실시 시험을 치르는 데 있어 반드시 알고 있어야 하는 기본적인 내용들을 수록하였다. 최신 기출문제를 꼼꼼히 분석하여 최단시간 내 합격할 수 있도록 따라하기 형태로 내용을 구성하였다.,https://image.aladin.co.kr/product/1814/42/cover500/8957173641_1.jpg, 김세현 지음, 내하,2012
기술과학,(기초)전자회로 실험,,https://image.aladin.co.kr/product/1129/94/cover500/8970936211_1.jpg, 김용민 [외]공저, 光文閣,2011
기술과학,디저트 인 서울,풍부한 자료와 정확한 평가로 독자들에게 권위를 인정 받아 온 <블루리본 서베이>에서 펴내는 <블루리본 愛食家 바이블> 시리즈의 첫 번째 책이다. 디저트 전문점 37곳과 디저트가 맛있는 레스토랑 7곳을 엄선해 소개하였다.,https://image.aladin.co.kr/product/3809/23/cover500/8993508224_1.jpg, 김은조 지음, BR미디어,2014
기술과학,(만화로 쉽게 배우는)전기회로,"가상의 세계를 여행하며 전기회로를 쉽고 재미있게 풀어낸 해설서. 전기회로란 무엇인지 흥미를 유발하여 재미있게 풀어내어 해설하였다. 직류회로부터 교류회로, 발전.송전까지 여러 가지 전기회로 문제에 도전해가며 레벨을 올리는 방식으로 기초부터 고급레벨까지 해설하였다.",https://image.aladin.co.kr/product/1399/39/cover500/8931575386_1.jpg, Iida Yoshikazu 지음;Yamada Gareki 그림;양나경 옮김, BM성안당,2011
기술과학,핵심이 보이는 전자회로,,https://image.aladin.co.kr/product/2256/0/cover500/8979144385_2.jpg, 신경욱 지음, 한빛미디어,2013
기술과학,졸업작품 만들기. 3: KUT-128 키트,,https://image.aladin.co.kr/product/373/33/cover500/8971017767_1.jpg, 신동욱 저, Ohm사,2008
기술과학,ATmega128 마이크로컨트롤러,,https://image.aladin.co.kr/product/4997/98/cover500/895727202x_1.jpg, 이시현 지음, 그린,2013
기술과학,AVR ATmega128 프로그래밍,ATmega128을 배우는데 있어 프로테우스라는 시뮬레이션 툴을 사용하여 응용회로를 설계한 다음에 C 언어에서 코딩을 한 후 동작 확인을 한다. 관심 있는 부분에 대해 독자 스스로 더 많은 정보를 수집하고 공부해 간다면 정말 가치 있는 지식을 얻게 되리라 확신한다.,https://image.aladin.co.kr/product/3045/50/cover500/8971017872_1.jpg, 류기주;임양구;서해준 공저, Ohm사,2013
기술과학,센서공학 입문,"센서를 이해하기 위해서는 여러 분야에 대한 상당한 지식이 요구된다. 그래서 각 센서와 관련된 물리적.화학적 현상이나 효과를 먼저 제시한 다음, 구조와 동작원리를 설명함으로써 가능한 다른 책의 도움 없이도 공부할 수 있도록 저술하였다.",https://image.aladin.co.kr/product/2376/6/cover500/8938108465_1.jpg, 민남기 저, 동일,2013
기술과학,센서를 활용하자,,https://image.aladin.co.kr/product/21/22/cover500/8986412209_1.gif, 김보연 저, 한진,1999
기술과학,(프로가 가르쳐 주는)센서란 무엇인가,"일러스트로 쉽게 설명한 센서 기초 입문서. 센서는 물리 센서, 화학 센서, 바이오 센서로 구별되어 사용되는데 이 책은 이 센서를 구체적이면서도 쉽게 설명하였다. 또한, 센서에 대해 알고 싶어 하는 누구라도 이해할 수 있도록 원리, 재료 및 응용에 많은 사례를 들어 설명한 센서 입문용 참고서이다.",https://image.aladin.co.kr/product/1504/33/cover500/8931523912_1.jpg, 도코 기요시;미야기 고이치로 지음;정재훈 옮김;마츠다 츠토무 일러스트, BM성안당,2012
기술과학,서양조경사,,https://image.aladin.co.kr/product/58/31/cover500/8973933353_1.jpg, 한국조경학회 편저, 문운당,2007
기술과학,편안함의 습격,"행동 변화 전문가이자 건강 분야 저널리스트인 마이클 이스터는 수천 명의 전문가를 인터뷰하면서 현대인의 건강과 행복, 의미 있는 삶을 탐구해왔다. 삶을 최적화하는 데 실질적인 도움이 되는 과학적 전략을 찾아온 그는 인류가 잃어버린 감각, ‘불편함’에서 해답을 찾았다.",https://shopping-phinf.pstatic.net/main_5532526/55325267761.20250617094438.jpg, 마이클 이스터 지음;김원진 옮김, 수오서재,2025
기술과학,전자회로,"반도체 소자, 회로 및 시스템의 전자 원리에 대한 명확하고 간결하며 깊이 있는 소개서다. 저자들은 대화 형식으로 반도체 소자와 회로를 실제적으로 응용할 수 있도록 돕는다. 회로동작 및 고장점검 기술을 온라인학습센터(OLC)의 Multisim 회로 시뮬레이션 파일을 통해서 실현해볼 수 있다.",https://shopping-phinf.pstatic.net/main_3429445/34294450620.20230919125246.jpg, Albert Malvino;David J. Bates;Patrick E. Hoppe [공]지음;권기영 [외]옮김, 한티에듀,2022
기술과학,호랑이는 숲에 살지 않는다,"국내 유일의 호랑이 연구자가 된 보전생물학자 임정은의 첫 에세이로, 생물다양성 위기와 기후위기에 맞서 세계 곳곳의 현장을 누비며 인간과 동물이 공존할 방법을 모색해 온 치열한 여정을 담았다. 누군가는 생태계 위기가 이미 인간의 손을 떠난 문제라고 비관하지만, 저자는 우리가 해야 할 일이 여전히 존재한다고 말한다.",https://shopping-phinf.pstatic.net/main_5621418/56214187862.20250812122746.jpg, 임정은 지음, 다산초당,2025
기술과학,읽는 아이가 미래를 지배한다,"한국 최고의 문해력 전문가이자 교육심리학자, EBS 〈미래교육 플러스: 문해력〉에 출연하기도 한 신종호 서울대 교육학과 교수는 아이들의 문해력 문제를 해결하기 위해 이 책 《읽는 아이가 미래를 지배한다》를 펴냈다.",https://shopping-phinf.pstatic.net/main_5380495/53804950380.20250328092507.jpg, 신종호 지음, 시원북스,2025
기술과학,도파민의 배신,"중독은 단순한 의지력의 문제가 아니다. 알코올, 마약, 도박, 스마트폰, 심지어 음식까지, 다양한 형태의 '사용 장애'는 현대인의 일상을 깊숙이 파고들고 있다. 하지만 우리는 왜 특정한 것들에 집착하게 될까? 『도파민의 배신』은 중독을 뇌과학과 사회적 맥락 속에서 분석하며, 우리가 멈출 수 없는 이유를 탐구한다.",https://shopping-phinf.pstatic.net/main_5319464/53194644466.20250225082405.jpg, 강웅구;박선영;안유석 [공]지음, 포르체,2025
기술과학,AVR ATmega128 프로그래밍,ATmega128을 배우는데 있어 프로테우스라는 시뮬레이션 툴을 사용하여 응용회로를 설계한 다음에 C 언어에서 코딩을 한 후 동작 확인을 한다. 관심 있는 부분에 대해 독자 스스로 더 많은 정보를 수집하고 공부해 간다면 정말 가치 있는 지식을 얻게 되리라 확신한다.,https://image.aladin.co.kr/product/3045/50/cover500/8971017872_1.jpg, 류기주;임양구;서해준 공저, Ohm사,2013
기술과학,드디어 만나는 해부학 수업,"20년 넘게 해부학을 강의해온 교수가 건강하게 살고 싶은 우리 모두를 위해 쉽게 쓴 해부학 입문서다. 피부와 뼈, 근육, 장기 등 인체를 이루는 구성 요소와 작동 원리부터 그에 따르는 질병과 장애까지 우리 몸에 관한 거의 모든 지식을 한 권에 정리했다.",https://shopping-phinf.pstatic.net/main_5538196/55381967544.20250621110212.jpg, 케빈 랭포드 지음;안은미 옮김, 현대지성,2025
기술과학,무의식의 뇌과학,"무의식을 단순한 본능이나 숨겨진 충동, 억눌린 욕망이라고 말하지 않는다. 대신 세계를 지각하고, 기억을 구성하며, 자아 정체성을 형성하는 총제적 인지 시스템이라고 설명한다. 이 책은 꿈, 습관, 환각, 다중인격, 외계인 납치 체험까지 인간이 경험하는 기묘하고도 흥미로운 현상들을 통해 무의식이 어떻게 현실을 재구성하는지 흥미롭게 탐구한다.",https://shopping-phinf.pstatic.net/main_5645653/56456532051.20250828092159.jpg, 엘리에저 J. 스턴버그 지음;조성숙 옮김, 다산초당(다산북스),2025
기술과학,재벌 회장들의 몸을 설계한 남자,"지난 20년간 대한민국 최정상 VVIP들의 건강과 일상을 가장 가까이에서 설계해 온 한 트레이너의 치열하고 감동적인 기록이다. 그 누구도 들여다볼 수 없었던 최상위 0.001%의 은밀한 세계, 그 곁을 지키며 목격하고 경험한 모든 것을 담아낸다.",https://shopping-phinf.pstatic.net/main_5665317/56653173020.20250910092338.jpg, 해준 지음, 힘찬북스,2025
기술과학,대단한 인체:,"우리는 평생을 함께할 몸에 대해 얼마나 제대로 알고 있을까? 건강한 몸과 병에 걸린 몸의 경계는 어디에 있으며, 사람은 무엇 때문에 목숨을 잃을까? 《대단한 인체》는 이러한 굵직한 질문부터 눈물이 날 때 코를 훌쩍이는 이유, 똥과 방귀를 기가 막히게 선별하는 항문의 기능까지 일상에서 대수롭지 않게 넘겨 온 몸의 비밀을 흥미롭게 풀어낸다.",https://shopping-phinf.pstatic.net/main_5679885/56798851910.20250920092403.jpg, 야마모토 다케히토 지음;서수지 옮김, 위즈덤하우스,2025
기술과학,종로미각,"과거부터 지금까지 대한민국 맛집 1번지라 할 수 있는 종로 부근에서 오래 사랑받아온 K-푸드의 역사를 톺아보는 책이다. 신문물이 모던걸, 모던보이를 사로잡은 명동부터 먹고살기 위해 노동자들이 분투한 동대문시장 일대 등 사대문 안은 우리 근현대사의 중심지였다.",https://shopping-phinf.pstatic.net/main_5633355/56333554848.20250820092212.jpg, 정유선 [외] 지음, 문학동네,2025
기술과학,운테리어,"풍수전문가이자 건축가 박성준 저자가 풍수와 인테리어의 접목으로 집의 내, 외부 모두를 좋은 운으로 가득한 집으로 만들 수 있다고 한다. 집 내부에는 생기와 복을 가득 담는 풍수의 비법을 알려주고, 집 외부는 인테리어의 기본에 대한 설명으로 두려움 없는 공사를 제안한다.",https://shopping-phinf.pstatic.net/main_3245498/32454988016.20230110163250.jpg, 박성준 지음, 소미미디어,2021
기술과학,(노고추 음식공방의)김치 수업,해마다 계절별로 노고추 음식공방에서 김치 강좌와 더불어 요리 강좌를 여는데 그 비법을 들으려는 수강생들이 전국 각지에서 찾아온다. 그렇게 쌓인 김치 레시피와 노하우를 노고추 음식공방의『김치 수업』에 담았다.,https://shopping-phinf.pstatic.net/main_3244103/32441035661.20230808084226.jpg, 배명자 지음, 상상,2021
기술과학,기생충 탐정이 된 과학자들,"20세기 초, 수백만 명을 병들게 했던 기생충에 대한 ‘의학 재난 실화’를 다룬다. 역사상 가장 충격적인 공중보건 문제를 파헤치는 ‘미스터리 논픽션’이다. 지금도 여전히 전 세계 어딘가에서, 보이지 않는 이 흡혈 괴물은 인간에게 저주를 내리고 있다.",https://shopping-phinf.pstatic.net/main_5486938/54869389648.20250521091349.jpg, 게일 재로 지음;조윤진 옮김, 다른,2025
기술과학,미니멀라이프 수납법,"일본의 인기 인스타그래머, 블로거 33인의 수납 아이디어를 담았다. 10만, 20만 팔로어를 자랑하는 이들은 미니멀리스트이자 수납의 달인들로, 이들의 다양한 수납 노하우는 각자의 상황과 공간에 맞게 적용해 볼 수 있다.",https://shopping-phinf.pstatic.net/main_3248267/32482670262.20221019150137.jpg, 주부의 벗 편집부 지음;김수정 옮김, 즐거운상상,2017
기술과학,미니멀라이프 시간과 돈 사용법,"일본의 인기 인스타그래머, 블로거 27인의 노하우가 담긴 책으로 청소, 요리, 세탁, 정리, 수납, 가계관리 등 살림 전반을 미니멀하게 바꿀 수 있는 방법을 담았다. 집안일에 들이는 부담스러운 시간을 줄일 수 있는 아이디어 등을 소개한다.",https://shopping-phinf.pstatic.net/main_3248553/32485537967.20221019145956.jpg, 주부의벗사 지음;김수정 옮김, 즐거운상상,2018
기술과학,중독은 뇌를 어떻게 바꾸는가,"우리는 왜 무언가에 중독되고, 나쁜 습관이라는 걸 알면서도 그 굴레에서 벗어나지 못할까? 《중독은 뇌를 어떻게 바꾸는가》의 저자 저드슨 브루어는 그 답을 ‘뇌’에서 찾고, 해결책을 ‘마음챙김’에서 찾는다.",https://shopping-phinf.pstatic.net/main_5654446/56544460330.20250902075839.jpg, 저드슨 브루어 지음;최호영 옮김, RHK(알에이치코리아),2025
기술과학,100% 뇌 활용법,이스라엘 최고의 이스라엘-테크니온 공과대학의 의과대학을 졸업하고 노벨 과학자상을 배출한 와이즈만 연구소에서 박수 후 의사이자 임상 신경과학자로 활발하게 활동하고 있는 저자가 최신 임상 신경과학을 통해 뇌를 100퍼센트 활용하는 방법을 담은 책을 출간했다.,https://shopping-phinf.pstatic.net/main_5632173/56321735753.20250819084708.jpg, 요시 할라미시 지음;박초월 옮김, 심심,2025
기술과학,내가 유전자를 고를 수 있다면,지식 더하기 진로 시리즈 1권. 생로병사(生老病死)의 과정 속에 드러나는 인체의 과학을 하나씩 살펴본다. 생명현상을 제대로 이해하는 것은 과학 교과목에 대한 흥미를 높이고 지식을 쌓도록 도울 뿐더러 개인의 삶의 질을 높이는 데 기여한다.,https://shopping-phinf.pstatic.net/main_3248130/32481308695.20230523085514.jpg, 예병일 지음, 다른,2019
기술과학,크루얼티프리,"무례함과 잔인함 대신 친절함과 책임감을 선택하기로 한 이들을 위한 산뜻한 생활 안내서이다. 동물실험을 거치지 않은 샴푸를 고르고, 플라스틱 소비를 줄이고, 우리가 먹는 고기가 어디서 오는지를 떠올려보는 일은 다른 생명에 대한 최소한의 예의를 지키려는 적극적인 마음의 실현이다.",https://image.aladin.co.kr/product/30388/51/cover500/k032830965_1.jpg, 린다 뉴베리 지음;송은주 옮김, 사계절,2022
기술과학,복뇌력,"‘뱃속에도 뇌가 있다’는 사실을 바탕으로 복뇌를 일깨우는 운동과 호흡, 마사지법, 명상법 등을 망라한 ‘복뇌건강법’을 소개한다. 장을 풀어주는 간단한 동작과 댄스워킹, 셀프 장기마사지, 배꼽호흡, 배꼽명상의 5단계로 이루어졌다.",https://image.aladin.co.kr/product/2381/80/cover500/8965701155_1.jpg, 이여명 지음, 쌤앤파커스,2013
기술과학,의사들에게는 비밀이 있다,과학의 영역으로서의 ‘의학’이 가지는 불완전성과 히포크라테스가 주장한 ‘예술로서의 의학’이 점차 상실되는 이유 등을 실제 임상 사례를 소개하며 살펴본다. 나아가 의사들조차 이해하지 못했던 ‘의학의 비밀’도 독자들에게 낱낱이 알려준다.,https://image.aladin.co.kr/product/2357/98/cover500/8925549727_1.jpg, 데이비드 뉴먼 지음;김성훈 옮김, 알에이치코리아,2013
기술과학,잡초의 재발견,"하찮은 잡초를 칭송하며 우리에게 잡초의 새로운 가치를 발견케 하고 기왕의 부정적인 인식을 바꾸어 보도록 권유하는 최초의 책이다. 그동안 환경관리, 농업경영관리에 효율을 떨어뜨리는 존재로서 잡초는 일방적으로 매도되어 왔다.",https://image.aladin.co.kr/product/2568/54/cover500/8991958699_1.jpg, 조지프 코캐너 지음;구자옥 옮김, 우물이 있는 집,2013
기술과학,"왜, 독감은 전쟁보다 독할까","세계 역사를 통틀어 발생했던 수천 개의 유행병 중에서, 사스 바이러스보다 수천 배나 파괴력을 지닌 6대 전염병 즉 흑사병, 천연두, 결핵, 콜레라, 황열병, 독감에 초점을 맞추었다. 단지 이 질병들에 대한 의학지식을 알려주기보다는 인류의 역사에 이것들이 어떻게 영향을 미쳐 왔는지를 명쾌하게 설명함으로써 전염병에 관한 기존 책들과 차별을 보여준다.",https://image.aladin.co.kr/product/1283/70/cover500/8992711484_3.jpg, 브린 바너드 글·그림;김율희 옮김, 다른,2012
기술과학,엄마가 믿는 만큼 크는 아이,"아들러 열풍을 몰고 온 『미움받을 용기』의 저자 기시미 이치로가 아들러 육아론을 바탕으로 쓴 육아서로, 아들과 딸을 어린이집에 등하원시키며 돌봤던 저자의 경험이 녹아 있다. 아들러 육아론은 과연 어떤 내용으로 부모들의 가치관을 뒤흔들어 놓을까?",https://image.aladin.co.kr/product/6054/9/cover500/8932473048_1.jpg, 기시미 이치로 지음;오시연 옮김, 을유문화사,2015
기술과학,"(먹기만 해도 만병통치,)생강의 힘","현대인이 겪는 다양한 질병과 증상 뒤에는 ‘냉증’이 있다. 냉증을 치료함으로써 만병을 다스리는 놀라운 생강의 효능과 활용법을 알아본다. 생강의 유효 성분과 효능, 생강을 이용한 음식 레시피, 생강 덕분에 건강을 회복한 사람들의 체험담 등이 담겨 있다.",https://image.aladin.co.kr/product/1983/45/cover500/8997484117_1.jpg, 이시하라유미 지음;성백희 옮김, 전나무숲,2012
기술과학,(홍혜걸의)닥터 콘서트,건강 100세 시대를 맞아 우리가 꼭 알아야 할 질병과 건강 상식을 쉽고 재미있게 풀어낸다. 국내 최초 의학전문기자 홍혜걸 박사가 각 분야 전문의들과 함께 1년 동안 만들어 온 본격 메디컬 토크쇼 <홍혜걸의 닥터 콘서트>에서 그 핵심 정보만을 간추렸다.,https://image.aladin.co.kr/product/3324/23/cover500/896666069x_1.jpg, 홍혜걸 지음, 조선Books(조선에듀케이션),2013
기술과학,(260개의 핵심 개념으로 이해하는)기초 전기전자 에센스,IT Cookbook 한빛 교재 시리즈. 전기·전자공학과 연계된 응용 과목을 이해하는 데 꼭 필요한 전기·전자공학의 기본 핵심 개념을 갖춘 입문서이다. 전기·전자공학의 방대한 개념 중 핵심 개념 260개를 뽑아 이를 토대로 비전공자들도 쉽게 이해할 수 있도록 간결하고 명확하게 서술했다.,https://image.aladin.co.kr/product/9950/95/cover500/k222536066_1.jpg," 모현선,장성용,홍익표 지음", 한빛아카데미,2017
기술과학,(260개의 핵심 개념으로 이해하는)기초 전기전자 에센스,IT Cookbook 한빛 교재 시리즈. 전기·전자공학과 연계된 응용 과목을 이해하는 데 꼭 필요한 전기·전자공학의 기본 핵심 개념을 갖춘 입문서이다. 전기·전자공학의 방대한 개념 중 핵심 개념 260개를 뽑아 이를 토대로 비전공자들도 쉽게 이해할 수 있도록 간결하고 명확하게 서술했다.,https://image.aladin.co.kr/product/9950/95/cover500/k222536066_1.jpg," 모현선,장성용,홍익표 지음", 한빛아카데미,2017
기술과학,중2병이 아니라 우울증입니다,오늘도 우울과 불안으로 괴로운 청소년을 위한 마음 처방전. 청소년 정신과 전문의인 제이컵 타워리는 ‘중2병이라서 그래’라며 치부해 왔던 것들의 원인이 사실은 ‘우울증’이라고 밝히면서 청소년들이 우울증에서 벗어날 수 있는 강력한 솔루션을 제시한다.,https://image.aladin.co.kr/product/24145/61/cover500/895807759x_1.jpg, 제이콥 타워리 지음;최설희 옮김, 뜨인돌,2020
기술과학,"궁금했어, 에너지","사이언스 틴스 4권. 에너지에 대한 개념이 없던 고대로부터 최근에 이르기까지 인류가 어떻게 에너지를 발견하고, 다루고, 활용하게 되었지를 살피면서 에너지의 원리와 중요성, 위험을 함께 다루고 있는 책이다.",https://image.aladin.co.kr/product/20566/35/cover500/k432635657_1.jpg, 정창훈 글;조에스더 그림, 나무생각,2019
기술과학,어업의 품격,"우리가 좋아하는 수산자원들이 살고 있는 바다가 처한 현실을 일목요연하게 설명해 줄 뿐만 아니라, 풍부한 사례를 곁들여 해양환경에 대해 모두에게 경각심을 일깨워 주는 알찬 내용으로 가득하다.",https://image.aladin.co.kr/product/25309/98/cover500/897889450x_1.jpg, 서종석 지음, 지성사,2020
기술과학,공학자의 세상 보는 눈,"우리 눈에 닿는 거의 모든 물건에 담긴 공학자의 골똘한 생각을 읽는다. 보리차 끓이는 주전자 뚜껑의 덜컹거림에서 증기기관, 선풍기 바람에서 로켓의 제트에 이르기까지 유만선 박사는 소소한 일상에서 출발해 세상을 바꾼 공학적 발명이나 성과를 찬찬히 설명한다.",https://image.aladin.co.kr/product/25189/95/cover500/k542633695_1.jpg, 유만선 지음, 시공사,2015
기술과학,감성 쌀 구움과자,더날케이크 베이킹 베스트 시리즈 2탄. 이번에는 쌀가루로 만든 구움과자만을 엄선했다. 책에 소개한 쌀구움과자는 총 40가지. 각각 만드는 난이도에 따라 초급/중급/고급으로 나뉘어 있어 단계별로 쌀베이킹 실력을 키우기에 알맞다.,https://image.aladin.co.kr/product/25224/69/cover500/8969930345_1.jpg, 더날케이크 지음, 수작걸다,2020
기술과학,햅틱스,"DEEP & BASIC 시리즈 네 번째 책. 촉각의 메커니즘부터 뇌에서 촉각 정보를 처리하는 과정, 촉각 일루전, 의수와 로봇 손의 개발, 다른 감각의 소실을 보완하는 감각 치환 시스템까지 햅틱스를 다양한 관점에서 살펴본다.",https://image.aladin.co.kr/product/25241/34/cover500/8934990104_1.jpg," 리넷 존스 지음;경기욱,최승문 옮김", 김영사,2020
기술과학,우린 일회용이 아니니까,환경단체에서 유해물질 담당 활동가로 일했던 저자가 쓰레기 덕후로 거듭난 이야기를 바탕으로 온라인커뮤니티 ‘쓰레기덕질’의 선한 영향력을 담은 책이다.,https://image.aladin.co.kr/product/19832/27/cover500/k632636377_1.jpg, 고금숙 지음;임정미 그림, 슬로비,2020
기술과학,(의과학으로 풀어보는)건강수명 100세,"미생물을 연구하는 치과의사이면서 서울대 교수이기도 한 저자는 이 책에서 호모 헌드레드 시대를 축복으로 맞기 위해 건강수명을 늘려야 한다고 지적하면서, 건강수명이 줄어드는 원인을 파헤치고 그에 대한 우리의 대처법을 구체적으로 제시한다.",https://image.aladin.co.kr/product/25010/80/cover500/k782632722_1.jpg, 김혜성 지음;김현진 그림, 파라사이언스,2020
기술과학,유기견 입양 교과서,유기견 입양을 꺼리는 사람들은 개에게 신체적·행동적 문제가 있어서 버려졌다고 생각한다. 하지만 대부분의 유기견은 아무 문제도 없다. 문제는 버린 사람에게 있다. 이 책은 버려진 개들에게 좋은 가족을 찾아주기 위해 노력하는 사람들을 위한 가이드북이다.,https://image.aladin.co.kr/product/25151/24/cover500/8997137425_1.jpg, 페르난도 카마초 지음;조윤경 옮김;홍화정 그림, 책공장더불어,2020
기술과학,쓰레기 산에 패랭이꽃이 피었어요,"환경이란 무엇인가, 우리는 왜 환경을 보호해야하는가 같은 기초적인 질문에서부터 시작하여 고엽제, 다이옥신의 문제까지, 그리고 세계 각지에서 환경 보호를 위해 노력하는 환경운동가들의 이야기까지 두루 알려준다.",https://image.aladin.co.kr/product/37/40/cover500/8937812150_1.gif, 장수하늘소 지음;백명식 그림, 아이세움,2009
기술과학,(최열 아저씨의)지구 온난화 이야기,"미국의 골드만환경상을 수상한 환경운동가인 저자가 갈수록 심각해지는 지구 온난화와 관련하여 환경 이야기를 쉽게 풀어썼다. 무분별한 개발, 더 편하고 빠른 것, 끝없는 소비만을 지향하는 현대인들로 인해 하나뿐인 지구가 점점 오염되어가고, 기후격변을 겪으며, 다양한 종의 생물들이 점점 멸종돼가는 현실을 고발하고 있다.",https://image.aladin.co.kr/product/99/94/cover500/8989831385_1.jpg, 최열 지음;이경아;이지연 그림, 도요새,2010
기술과학,(세상을 바꾸는)여성 엔지니어 3. 3,"한국의 공학계를 대표할만한 여성 엔지니어 18인이 모여 공학과 여성의 상관관계를 탐색한다. 왜 여성은 여전히 공학 분야에서 소수인지, 앞으로 여성이 진출할만한 매력적인 분야는 무엇인지 등 선결과제로 화두를 연 후 사회의 변화 추이, 우리 공학의 발전 방향 등 나아갈 방향을 모색한다.",https://image.aladin.co.kr/product/183/12/cover500/8984988251_1.jpg," 최순자 외, 지음", 생각의 나무,2008
기술과학,서민의 기생충 열전,착하거나 나쁘거나 이상한 기생충들에 얽힌 신비하고 독특한 이야기를 재미있게 풀어 가는 이 책은 100명 중 2.6명 ~ 3명이 감염된 결코 낮지 않은 현재의 감염률로 보거나 회나 정력 음식을 좋아하는 우리나라 식문화를 볼 때 꼭 필요한 교양서이다.,https://image.aladin.co.kr/product/2865/95/cover500/8932472130_1.jpg, 서민 지음, 을유문화사,2013
기술과학,모터제어 프로그래밍,"1장에서는 DC 모터의 종류별 제어회로 구성 및 프로그램에 의한 동작원리에 대하여 알아보고, 2장에서는 스테핑 모터의 종류별 제어회로 구성 및 프로그램에 의한 동작원리에 대하여 알 수 있으며 3장에서는 서보 모터의 제어회로 구성 및 프로그램에 의한 동작원리를 알 수 있다.",https://image.aladin.co.kr/product/7759/0/cover500/8971017945_1.jpg, 류기주;김동룡;서해준 공저, 연지출판사,2016
기술과학,스케치업 ＆ V-Ray 트레이닝 북,스케치업 모델링과 V-Ray 렌더링의 핵심 원리와 주요 기법을 집중적으로 연습하는 책. 스케치업을 처음 실행한 순간부터 건축 인테리어 실무 예제를 반복해서 모델링하고 실사 이미지를 구현하기 위해 스스로 고민하는 과정을 하나하나 밟아 나간다.,https://image.aladin.co.kr/product/11889/0/cover500/k732531130_1.jpg, 강석창 지음, 한빛미디어,2017
기술과학,의식의 강,"올리버 색스의 유작으로 저자가 생전에 집필한 원고를 타계 2주 전에 묶은 것이다. 기억, 마음, 진화, 발달 단계 등을 주제로 올리버 색스 특유의 글을 다시 맛볼 수 있다. 읽으면서 자연스럽게 뇌과학 연구를 하고 싶다고 느껴지는 매력 가득한 책.",https://image.aladin.co.kr/product/13124/10/cover500/k192532507_2.jpg, 올리버 색스 지음;양병찬 옮김, 알마,2018
기술과학,오늘 뭐 입지?,"'패션 희생자'에서 벗어나기 위한 5단계를 제시한다. 그 과정으로 정체성을 찾는 용감한 성찰자, ‘보다’의 냉정한 감상자, ‘사다’의 명민한 컬렉터, ‘입다’의 창의적 작가, 마지막으로 ‘진정한 나’의 다섯 단계를 저자의 경험을 담은 에세이, 조언을 답은 팁을 통해 이야기한다.",https://image.aladin.co.kr/product/11377/75/cover500/k082531599_1.jpg, 최유리 지음, 새잎,2017
기술과학,못 참는 아이 욱하는 부모,"대한정신건강의학회의 조사에 따르면, 우리나라 성인의 절반 이상이 분노조절장애를 경험했으며, 10명 중 1명은 치료가 필요한 상태라고 했다. 이렇게 불안한 사회에서 자녀를 키우고 있는 많은 대한민국 부모들을 위해 국민 육아 멘토로 불리는 오은영 박사가 긴급 처방을 내놓았다.",https://image.aladin.co.kr/product/31680/56/cover500/k102833787_1.jpg, 오은영 지음, Korea.com,2016
기술과학,전자회로 실험,,https://image.aladin.co.kr/product/16417/13/cover500/k422533648_1.jpg, Robert L. Boylestad 외 지음;이적식;예윤해;변진규 옮김, 홍릉과학,2018
기술과학,(엄청나게 똑똑하고 아주 가끔 엉뚱한)뇌 이야기,"호기심 가득한 독자들의 악동 같은 질문에 재미있으면서도 날카로운 답을 해주는 유쾌한 책. ‘주의집중의 메커니즘’에서 ‘수면의 신경과학’과 ‘ 미신의 심리학에 이르기까지, 매일의 일상에서 두뇌의 놀라운 역할과 더불어 두뇌가 어떻게 몸을 지배하며 엉뚱한 결과를 만들어내는지에 대한 인간의 행동을 탐색한다.",https://image.aladin.co.kr/product/10044/21/cover500/8959895180_2.jpg, 딘 버넷 지음;임수미 옮김, 미래의창,2018
기술과학,(마음까지 따듯해지는)북유럽 스타일 손뜨개 가방,"초보자도 쉽게 나만의 작품을 뜰 수 있도록 한 땀 한 땀의 전체 뜨개과정을 사진과 일러스트로 설명한 Point Lesson과 Basic Lesson, 가방의 디자인을 더욱 자세히 볼 수 있는 모델 컷, 친절한 설명을 담은 도안 등으로 구성됐다.",https://image.aladin.co.kr/product/3456/81/cover500/8998317095_1.jpg, applemints 지음;김수정 옮김, 참돌,2013
기술과학,(스스로 답을 찾는 아이로 키우는)유태인의 천재교육,"유태 어머니가 직접 밝히는 그들만의 남다른 자녀교육법 53가지. 5천 년 역사 속에서 탄탄하게 다져진 유태식 자녀교육법의 비밀을 알 수 있다. 유태인 어머니들이 5천 년간 쌓아 온 자녀교육법의 지혜를 총 53가지 키워드로 정리했다. 이는 지은이가 어렸을 때부터 경험하고, 또 그녀의 자녀들에게 실천하고 있는 실질적인 자녀교육법이다.",https://image.aladin.co.kr/product/489/73/cover500/8970342079_1.jpg, 루스 실로 지음;은영미 옮김, 나라원,2015
기술과학,OrCAD PCB 설계,"Cadence 사의 Allegro OrCAD CIS는 일반적으로 사용되는 설계 편집도구로 OrCAD Capture, OrCAD PCB Editor, PSpice AD 등에 의하여 다양한 제품을 설계, 제작, 시뮬레이션 등으로 전기, 전자, 통신기기 분야에서 적용 및 활용하고 있다.",https://image.aladin.co.kr/product/5406/0/cover500/8931553420_1.jpg," 김동룡,류기주 [공]지음", BM성안당,2015
기술과학,호모사피엔스 씨의 위험한 고민,이과생들도 쉽게 이해하는 8가지 과학 속 인문학 이야기. 현대 과학기술 사회는 과학의 폭주 시대를 맞이했다. 새로운 기술이 이끌어내는 파괴적인 사회적 변화가 점점 극명해지고 있음에도 불구하고 우리는 인간의 삶이 어떻게 바뀔지 무관심하다.,https://image.aladin.co.kr/product/6933/7/cover500/k522434575_1.jpg, 권복규 외 지음, 메디치미디어,2015
기술과학,완전 배출,"유튜브 5천만 뷰를 돌파하고 건강분야 40주 연속 1위를 차지한 <채소과일식>의 저자 조승우 원장이 새 책을 냈다. 비만과 질병의 원인을 세계 석학들의 명저들을 인용하며, 초등학생도 이해할 수 있을 정도의 쉬운 말로 분석하고 증명해낸다.",https://image.aladin.co.kr/product/32265/85/cover500/k042834842_2.jpg, 조승우 지음, 사이몬북스,2023
기술과학,(生生한)전자 실기 실습,"NCS에 따른 한국산업인력공단에 공개된 적중률 높은 회로도를 수록하였으며, 가장 최근의 기출문제를 교재에 반영하였다. 실기 작업에 필요한 구성 요소, 회로도, 동작 원리, 패턴도 등 핵심 내용만을 수록하여 내실을 기하였다.",https://image.aladin.co.kr/product/29108/97/cover500/k642837167_1.jpg, 우상득;김충식 공저, 일진사,2021
기술과학,전자캐드 기능사 필기,필수적으로 학습해야 하는 중요한 핵심이론들을 각 과목별로 분류하여 수록하였고 시험에 자주 나오는 핵심예제를 엄선해 이론과 문제를 한 번에 학습할 수 있도록 하였다. 과년도 기출문제의 상세한 해설을 통해 핵심이론만으로는 아쉬운 내용을 보충 학습할 수 있다.,https://dls2.edunet.net/DLS/api/homepage/holding/getCoverImage.do?prov_code=E10&neis_code=E100000276&bib_key=34030502307, 정도건 외, (주)시대고시기획,2024
기술과학,전자캐드 기능사 필기,필수적으로 학습해야 하는 중요한 핵심이론들을 각 과목별로 분류하여 수록하였고 시험에 자주 나오는 핵심예제를 엄선해 이론과 문제를 한 번에 학습할 수 있도록 하였다. 과년도 기출문제의 상세한 해설을 통해 핵심이론만으로는 아쉬운 내용을 보충 학습할 수 있다.,https://dls2.edunet.net/DLS/api/homepage/holding/getCoverImage.do?prov_code=E10&neis_code=E100000276&bib_key=34030502307, 정도건 외, (주)시대고시기획,2024
기술과학,전자캐드 기능사 기출문제 필기,"최근 개정된 출제기준과 기출문제 유형 분석을 통하여 핵심적인 이론 내용을 앞부분에 수록하였다. 본문 이해가 쉽도록 풍부한 삽화 및 일러스트, 회로도 등을 사용하였다.",https://shopping-phinf.pstatic.net/main_4451682/44516826624.20231214070904.jpg," 이태현, 홍승희", 책과 상상,2024
기술과학,(2024)에듀윌 전기기사 : 필기 : 7개년 기출문제집,"2023년 최신 CBT 기출을 포함한 7개년 복원 문제를 수록하였다. 에듀윌만의 특별혜택, 실전 감각을 키우는 온라인 CBT 모의고사 3회분을 제공한다. 가장 중요한 이론만을 선별한 핵심이론 요약집 PDF와 학습의 길라잡이가 되어주는 질문방 서비스도 제공한다.",https://shopping-phinf.pstatic.net/main_4519421/45194212618.20240113070907.jpg, 에듀윌 전기수험연구소 편저, 에듀윌,2024
기술과학,(2024)에듀윌 전기기사 : 필기 : 7개년 기출문제집,"2023년 최신 CBT 기출을 포함한 7개년 복원 문제를 수록하였다. 에듀윌만의 특별혜택, 실전 감각을 키우는 온라인 CBT 모의고사 3회분을 제공한다. 가장 중요한 이론만을 선별한 핵심이론 요약집 PDF와 학습의 길라잡이가 되어주는 질문방 서비스도 제공한다.",https://shopping-phinf.pstatic.net/main_4519421/45194212618.20240113070907.jpg, 에듀윌 전기수험연구소 편저, 에듀윌,2024
기술과학,2024 전자캐드기능사 필기 기출문제,"최근 개정된 출제기준과 기출문제 유형 분석을 통하여 핵심적인 이론 내용을 앞부분에 수록하였다. 본문 이해가 쉽도록 풍부한 삽화 및 일러스트, 회로도 등을 사용하였다.",https://image.aladin.co.kr/product/33038/67/cover500/k932937680_1.jpg," 이태현,홍승희 [공]지음", 책과상상,2024
기술과학,행복한 반려견 가족을 위한 필수 지침서,,https://image.aladin.co.kr/product/33623/81/cover500/k202939219_1.jpg, 위혜진 지음, 형설EMJ,2024
기술과학,(Win-Q)전자캐드기능사 : 필기,필수적으로 학습해야 하는 중요한 핵심이론들을 각 과목별로 분류하여 수록하였고 시험에 자주 나오는 핵심예제를 엄선해 이론과 문제를 한 번에 학습할 수 있도록 하였다. 과년도 기출문제의 상세한 해설을 통해 핵심이론만으로는 아쉬운 내용을 보충 학습할 수 있다.,https://image.aladin.co.kr/product/32752/1/cover500/k602936987_1.jpg," 정도건,이희준 편저", 시대고시기획,2024
기술과학,(Win-Q) 3D프린터개발산업기사,필수적으로 학습해야 하는 중요한 핵심이론들을 각 과목별로 분류하여 수록하였고 시험에 자주 나오는 핵심예제를 엄선해 이론과 문제를 한 번에 학습할 수 있다. 과년도 기출문제의 상세한 해설을 통해 핵심이론만으로는 부족한 내용을 보충 학습한다.,https://image.aladin.co.kr/product/29543/6/cover500/k592837051_1.jpg, 신원장 편저, 시대고시기획,2022
기술과학,아이는 무엇으로 자라는가,"세계적 가족 심리학자, 가족치료의 1인자 버지니아 사티어의 역작이자 누적 부수 100만 부를 돌파한 책 『아이는 무엇으로 자라는가가 국내에서 출간되었다. 유수의 언론과 아동, 청소년 전문 교육자와 심리학자들이 극찬하는 이 책은 1988년에 첫 출간된 이후 전 세계 15개국에 번역 출간되었으며, 오랫동안 아마존 베스트셀러의 자리를 지켜온 전설적인 육아의 바이블로 통한다.",https://image.aladin.co.kr/product/33273/25/cover500/k302938773_2.jpg, 버지니아 사티어 지음;강유리 옮김, 포레스트북스,2023
기술과학,2024 전기기사 필기 CBT 시험대비 블랙박스. 1: 핵심 블랙박스,"CBT 전기기사를 대비할 수 있는 수험서다. 1단계로 10개년 기출문제의 출제빈도별 우선순위와 핵심제목, 중요도, 출제문항수를 한 눈에 파악할 수 있다. 2단계로 2022년 이후 CBT 기반 출제문제를 복원하여 15회 복원 기출문제로 재구성하였다. 3단계로 기출문제 15회를 제공한다.",https://image.aladin.co.kr/product/33212/80/cover500/k692937054_1.jpg," 이승원,김승철,윤종식 지음", 한솔아카데미,2024
기술과학,(2024)산업안전 기사. 2,"오랜 강의 경험과 노하우를 통해 꼭 필요한 부분에 대한 꼼꼼한 설명을 실었고, 출제유형을 철저히 분석한 곳에서는 별표(★)로 표시하였다. 개정판에는 개정고시된 최신 법규를 적용하여 수험생들의 공부에 도움이 되도록 하였다.",https://image.aladin.co.kr/product/32917/76/cover500/k002936834_1.jpg, 최윤정 저, 구민사,2024
기술과학,(Win-Q)전자캐드기능사 : 필기,필수적으로 학습해야 하는 중요한 핵심이론들을 각 과목별로 분류하여 수록하였고 시험에 자주 나오는 핵심예제를 엄선해 이론과 문제를 한 번에 학습할 수 있도록 하였다. 과년도 기출문제의 상세한 해설을 통해 핵심이론만으로는 아쉬운 내용을 보충 학습할 수 있다.,https://image.aladin.co.kr/product/32752/1/cover500/k602936987_1.jpg," 정도건,이희준 편저", 시대고시기획,2024
기술과학,글루코스 혁명,우리 몸은 블랙박스와 같다. 블랙박스인 우리 몸에는 모든 시스템에 영향을 미치는 하나의 지표가 존재한다. 이 지표를 이해하고 최적화하기 위한 선택을 한다면 신체적으로 정신적으로 건강해진다. 그 지표가 바로 이 책에서 강조하고 있는 ‘글루코스(glucose)’ 이다.,https://image.aladin.co.kr/product/29768/33/cover500/k162838404_2.jpg, 제시 인차우스페 지음;조수빈 옮김, 아침사과,2022
기술과학,기생충 제국,"세상에서 가장 위험한 생물, 세상에서 가장 성공적인 생물, 그리고 세상에서 가장 비밀스런 생물 '기생충'에 대해서 다룬 책. 기생충에 매료된 과학 저널리스트인 저자는 기생충이 있는 세계 곳곳을 다니며 취재하여 이 생물의 알려지지 않은 삶에 대해 밝혔다.",https://image.aladin.co.kr/product/51/6/cover500/8958200146_2.jpg, 칼 짐머 지음;이석인 옮김, 궁리,2010
기술과학,2024 전기기사 필기 CBT 시험대비 블랙박스. 2: 복원 기출문제,"CBT 전기기사를 대비할 수 있는 수험서다. 1단계로 10개년 기출문제의 출제빈도별 우선순위와 핵심제목, 중요도, 출제문항수를 한 눈에 파악할 수 있다. 2단계로 2022년 이후 CBT 기반 출제문제를 복원하여 15회 복원 기출문제로 재구성하였다. 3단계로 기출문제 15회를 제공한다.",https://image.aladin.co.kr/product/33212/80/cover500/k692937054_1.jpg," 이승원,김승철,윤종식 지음", 한솔아카데미,2024
기술과학,삶이 흔들릴 때 뇌과학을 읽습니다,‘뇌과학’이라고 하면 어떤 느낌이 드는가? 비밀에 둘러싸인 뇌에 대한 궁금증이 생기기도 하지만 동시에 어렵고 거부감이 들기도 할 것이다. 그런데 이 뇌 이야기로 일본을 비롯한 아시아 전역에 뇌과학 열풍을 일으킨 사람이 있다. 바로 전세계가 주목하는 젊은 뇌과학자이자 도쿄대 교수인 이케가야 유지.,https://image.aladin.co.kr/product/33686/83/cover500/k422939932_2.jpg, 이케가야 유지 지음;김준기 옮김, 힉스,2024
기술과학,도심 속 펫티켓,"훈련에 대한 자세한 지침보다도, 훈련을 위해 어떠한 마음가짐으로 다가가야 하는지를 다루었다. 이와 더불어 다양한 반려동물 문화를 올바르게 이해하고 즐기는 방법 등을 전한다. 저자가 수많은 반려견 관련 프로젝트 또는 현장을 다니며 보고 듣고 느낀 내용 중 반려인이라면 필수적으로 인지하고 있다면 좋을 법한 내용을 담았다.",https://image.aladin.co.kr/product/33917/25/cover500/k232930022_1.jpg, 고영두 지음, 광문각출판미디어,2024
기술과학,(쉽게 배우는) 새로운 코바늘 손뜨개의 기초,"일본보그사 ‘수예 기초 시리즈’로서, 친절한 일러스트와 사진, 자세한 설명과 함께 최신 정보와 작품을 업데이트하여 수예 입문자들이 보다 쉽게 코바늘 손뜨개를 시작할 수 있도록 했다. 처음 코바늘뜨기를 시작하는 사람이라면 반드시 소장해야 할 코바늘 손뜨개의 결정판이다.",https://image.aladin.co.kr/product/30176/99/cover500/k492839795_1.jpg, 일본 보그사 지음 ;김현영 옮김, 한즈미디어(한스미디어),2022
기술과학,놀라운 몸과 마음의 힘,저자는 이 책에서 우리 내면 깊은 곳에 존재하는 영적 지혜에 대한 갈망을 깊이 있게 분석한다. 그러면서 고대로부터 전해지는 깊은 통찰을 통해 우리가 원하는 방향으로 인식을 변화시키는 원리와 기법을 소개한다.,https://image.aladin.co.kr/product/33927/99/cover500/8967442777_1.jpg, 안드레아스 모리츠 지음 ;이원기 옮김, 에디터,2024
기술과학,플랜테리어 101,국내 최초로 플랜테리어 도서를 집필한 라이프스타일 크리에이터 정재경 작가. 그간 작가는 언론과 강연을 통해 대중에게 식물과 함께 하는 삶의 이점에 대해 전파해왔다. 『플랜테리어 101』은 식물 전문가이자 인테리어 전문가인 작가의 노하우가 집약된 결과물이다.,https://image.aladin.co.kr/product/33878/17/cover500/k732930606_1.jpg, 정재경 지음, 베리북,2024
기술과학,칼만 필터는 어렵지 않아,수학적인 유도와 증명을 앞세우는 대신 칼만 필터의 핵심 알고리즘을 바로 제시하고 저주파 통과 필터와 연관 지어 작동 개념을 설명한다. 그 다음에는 간단한 예제를 통해 칼만 필터의 기능과 효과를 직접 확인해보도록 구성하였다.,https://image.aladin.co.kr/product/19304/31/cover500/k712635309_1.jpg, 김성필 지음, 한빛아카데미,2019
기술과학,전국 맛집 가이드북,"우리나라 최고의 여행 전문가들이 맛있는 국내여행을 위해 뭉쳤다. 전국팔도 곳곳에 이미 이름난 맛집들부터 현지인들 사이에서 유명한 숨겨진 맛집까지, 맛있는 곳이라면 어디든 떠나 직접 맛보고 엄선했다.",https://image.aladin.co.kr/product/33921/56/cover500/k552930930_1.jpg, (사)한국여행작가협회 지음, 상상출판,2024
기술과학,탄수화물과 헤어질 결심,,https://image.aladin.co.kr/product/33948/68/cover500/k992930236_1.jpg," 에베 코지 지음 ;박중환,;신유희 [공] 옮김", 세이버스,2024
기술과학,침묵의 봄,"2024년은 레이첼 카슨이 세상을 떠난 지 60주기가 되는 해다. 개정증보판은 ‘제2의 레이첼 카슨’으로 평가받는 샌드라 스타인그래버의 서문과 《침묵의 봄》 출간 이후 환경 관련 글, 연보 등을 추가했다. 《침묵의 봄》을 더 깊이 이해하고, 카슨을 좀더 알 수 있는 계기가 될 것이다.",https://image.aladin.co.kr/product/33853/72/cover500/8962632721_1.jpg, 레이첼 카슨 지음 ;김은령 옮김, 에코리브르,2024
기술과학,(2024) 운전면허 필기시험문제,"필기시험 응시 및 합격 요령을 수록하였고, PC학과시험 조작 요령을 수록하였다. 2024년 2월 26일 시행문제를 수록하였다.",https://image.aladin.co.kr/product/33648/77/cover500/k782939412_1.jpg, 도로교통공단 [편], 크라운출판사,2024
기술과학,뇌를 위한 최소한의 습관,일상에서 두뇌를 훈련하고 싶은 당신에게 뇌과학과 심리학이 내어준 답들. 미국에서 가장 사랑받는 심리학자이자 베스트셀러 작가 피터 홀린스는 인지력을 향상하고 행복한 기분을 가져다줄 생활 속 활동들을 한 권의 책으로 정리했다.,https://image.aladin.co.kr/product/33894/87/cover500/k302930828_1.jpg, 피터 홀린스 지음 ;김희정 옮김, 한빛비즈,2024
기술과학,마이크로전자회로,기초 이론에 대한 철저한 설명과 현대 집적회로 기술에 대한 소개를 결합시킨 교재다. 개정판에서는 두 명의 새로운 공저자들의 활발한 교육과 연구에서 얻은 새로운 시각을 첨가하였다. 장(Chapter)들을 건너뛰거나 다른 순서로 접근하기 쉽도록 교재 전반에 걸쳐 변화를 주었다.,https://image.aladin.co.kr/product/29186/7/cover500/8964214374_1.jpg, Adel S. Sedra [외] 지음 ;정원섭 [외] 옮김, 한티미디어,2022
기술과학,마이크로전자회로,"전기회로 이론을 바탕으로 다이오드, 바이폴라 트랜지스터, MOS 트랜지스터 등으로 구성된 다양한 아날로그 회로들의 여러 특성을 다루는 교재다. 앞으로 전자회로 의존도가 더 많아질 로봇공학, 생명공학 관련 사례를 추가하였고 각 장 말미의 연습문제들을 재배치하였다.",https://image.aladin.co.kr/product/31267/48/cover500/k312832462_1.jpg, Behzad Razavi 지음 ;김철우 [외] 옮김, 한티에듀,2023
기술과학,질병 해방,"출간 1주 만에 13만 부, 12개월 만에 150만 부를 돌파하며 아마존과 《뉴욕타임스》 모두에서 종합 베스트셀러 1위에 오르는 전례가 드문 기록을 세운 화제작, 피터 아티아 박사의 《질병 해방》이 마침내 한국에 출간되었다. 《뉴욕타임스매거진》의 표현대로 “폭주하는(타의 추종을 불허하는) 베스트셀러”가 되어 지금도 아마존과 《뉴욕타임스》에서 1년 넘게 베스트셀러 행진을 이어가며 센세이션을 불러일으키고 있다.",https://shopping-phinf.pstatic.net/main_4716454/47164548618.20240420071008.jpg," 피터 아티아,빌 기퍼드 저;이한음 옮", 부키,2024
기술과학,탐정이 된 과학자들,감염의 위험과 세상의 조롱을 무릅쓰고 전염병의 비밀을 파헤친 전염병학자들의 이야기다. 전염병학자들이 최초 감염자인 ‘페이션트 제로’를 추적해 전염병의 비밀을 밝히는 과정을 추리소설처럼 펼쳐낸다.,https://shopping-phinf.pstatic.net/main_3244484/32444846938.20230214163639.jpg, 마릴리 피터스 지음 ; 지여울 옮김, 다른,2021
기술과학,탐정이 된 과학자들,감염의 위험과 세상의 조롱을 무릅쓰고 전염병의 비밀을 파헤친 전염병학자들의 이야기다. 전염병학자들이 최초 감염자인 ‘페이션트 제로’를 추적해 전염병의 비밀을 밝히는 과정을 추리소설처럼 펼쳐낸다.,https://shopping-phinf.pstatic.net/main_3244484/32444846938.20230214163639.jpg, 마릴리 피터스 지음 ; 지여울 옮김, 다른,2021
기술과학,(십대를 위한)미래과학 콘서트,"정재승 교수와 각 분야 전문가들과 함께 인공지능 시대의 삶과 변화, 미래과학을 알아본다. 이 책은 청소년에게 과학의 즐거움을 알리기 위해 시작된 '10월의 하늘'에서 행사에서 선보인 재미있는 강연을 골라 묶은 것으로 '10월의 하늘' 시리즈의 다섯 번째 책이다.",https://image.aladin.co.kr/product/17123/23/cover500/s132635355_1.jpg, 정재승 외 지음, 청어람미디어,2019
기술과학,(2025) 전기기능사 : 필기 : 초단기CBT 10개년 1400문제 기출문제집,"전기설비와 전기기기의 단순 암기형 주제들을 전면에 배치하여 전기 설비와 전기기기에서 반드시 기본을 다져 50점 이상을 획득하고, 학습 도중에 시간부족으로 전기이론 계산문제를 다 공부하지 못했더라도 실제 시험장에서 충분히 합격권 점수를 획득할 수 있도록 전략적으로 구성하였다.",https://shopping-phinf.pstatic.net/main_4883321/48833216622.20240703071014.jpg, 파이팅혼공TV 컨텐츠 개발팀, 종이향기,2024
기술과학,(2025) 전기기능사 : 필기 : 초단기CBT 10개년 1400문제 기출문제집,"전기설비와 전기기기의 단순 암기형 주제들을 전면에 배치하여 전기 설비와 전기기기에서 반드시 기본을 다져 50점 이상을 획득하고, 학습 도중에 시간부족으로 전기이론 계산문제를 다 공부하지 못했더라도 실제 시험장에서 충분히 합격권 점수를 획득할 수 있도록 전략적으로 구성하였다.",https://shopping-phinf.pstatic.net/main_4883321/48833216622.20240703071014.jpg, 파이팅혼공TV 컨텐츠 개발팀, 종이향기,2024
기술과학,(2025) 전기기능사 : 필기 : 초단기CBT 10개년 1400문제 기출문제집,"전기설비와 전기기기의 단순 암기형 주제들을 전면에 배치하여 전기 설비와 전기기기에서 반드시 기본을 다져 50점 이상을 획득하고, 학습 도중에 시간부족으로 전기이론 계산문제를 다 공부하지 못했더라도 실제 시험장에서 충분히 합격권 점수를 획득할 수 있도록 전략적으로 구성하였다.",https://shopping-phinf.pstatic.net/main_4883321/48833216622.20240703071014.jpg, 파이팅혼공TV 컨텐츠 개발팀, 종이향기,2024
기술과학,(2025) 전기기능사 : 필기 : 초단기CBT 10개년 1400문제 기출문제집,"전기설비와 전기기기의 단순 암기형 주제들을 전면에 배치하여 전기 설비와 전기기기에서 반드시 기본을 다져 50점 이상을 획득하고, 학습 도중에 시간부족으로 전기이론 계산문제를 다 공부하지 못했더라도 실제 시험장에서 충분히 합격권 점수를 획득할 수 있도록 전략적으로 구성하였다.",https://shopping-phinf.pstatic.net/main_4883321/48833216622.20240703071014.jpg, 파이팅혼공TV 컨텐츠 개발팀, 종이향기,2024
기술과학,(2024) 에듀월 전기기능사 : 필기 : 한권끝장,,https://shopping-phinf.pstatic.net/main_4423680/44236803620.20231126071042.jpg," 유치형 , 홍석묵, 최대규 편저", 에듀윌,2024
기술과학,(2024) 에듀월 전기기능사 : 필기 : 한권끝장,,https://shopping-phinf.pstatic.net/main_4423680/44236803620.20231126071042.jpg," 유치형 , 홍석묵, 최대규 편저", 에듀윌,2024
기술과학,(2024) 에듀월 전기기능사 : 필기 : 한권끝장,,https://shopping-phinf.pstatic.net/main_4423680/44236803620.20231126071042.jpg," 유치형 , 홍석묵, 최대규 편저", 에듀윌,2024
기술과학,(2024) 에듀월 전기기능사 : 필기 : 한권끝장,,https://shopping-phinf.pstatic.net/main_4423680/44236803620.20231126071042.jpg," 유치형 , 홍석묵, 최대규 편저", 에듀윌,2024
기술과학,(2024) 에듀월 전기기능사 : 필기 : 한권끝장,,https://shopping-phinf.pstatic.net/main_4423680/44236803620.20231126071042.jpg," 유치형 , 홍석묵, 최대규 편저", 에듀윌,2024
기술과학,교양으로 읽는 반도체 상식,반도체라는 단어를 알아도 반도체가 무엇인지 정확히 설명하지 못하는 이들이 지적 대화가 필요한 상황이나 업무 현장에서 유용하게 활용할 수 있을 만한 내용을 담았다.,https://shopping-phinf.pstatic.net/main_4423679/44236798619.20231126071034.jpg, 고죠 마사유키 지음;정현 옮김, 시그마북스,2023
기술과학,하루 1분이면 시작하는 저속노화 건강 습관,"저속노화에 필요한 운동, 식단, 영양제, 스트레칭, 마사지, 건강 상식까지 건강한 하루를 보내기 위한 정보가 모두 담겨 있다. 느리게 늙기 위해 거창한 습관을 만들 필요는 없다. 시간을 길게 낼 필요도 없다. 하루 1분만 내키는 대로 이 책의 페이지를 펼쳐 바로 몸에 적용해보자.",https://shopping-phinf.pstatic.net/main_4999280/49992804626.20240829071801.jpg, 밸류어블라이프 지음, 위즈덤하우스,2024
기술과학,림프순환이 좋아지는 토르소 마사지,"우리 몸의 림프순환을 좋게 해서 피부, 팔뚝, 허리, 힙을 예쁘게 만들고, 어깨 통증, 두통, 생리통, 부종 등 갖가지 질환을 토르소 마사지를 통해 치료, 개선해서 인간적인 삶을 살아가는 방법을 알려주고 있다.",https://shopping-phinf.pstatic.net/main_3246669/32466699743.20221231084154.jpg, 이영숙 지음, 행복한마음,2020
기술과학,북극곰이 문제라고요,"북극곰이 어떻게 죽어갈지, 북극해의 얼음은 언제 다 녹을지, 남극은 지구온난화로부터 안전한지 등 평소의 궁금증을 가능한 한 객관적이고 자세히 풀어서 정리했다. 각 장 마다 구제체적인 자료, 그림, 예시를 통해 현재의 기후상황에 대해 적시하고 있다.",https://shopping-phinf.pstatic.net/main_4980031/49800310621.20240816071320.jpg, 안치용 지음, 마인드큐브,2024
기술과학,교토·오사카·고베! 일드 미식 가이드,"보고 있으면 배고파지는 일본 먹방 드라마 속 식당을 두 발로 직접 취재해 엮은 가이드북이다. ‘고독한 미식가’부터 ‘선생님의 주문배달’까지 12개 드라마에 출연한 간사이 식당 89곳과 영화·애니메이션에 등장한 맛집 40곳을 추가해 총 129곳을 알차게 소개한다. 드라마와 같은 메뉴를 파는지는 물론 가격과 위치정보를 담아 안내하고, 때로는 실제 주인장의 비하인드 스토리까지 가득 담아 재미를 더했다.",https://shopping-phinf.pstatic.net/main_4987261/49872610620.20240822070941.jpg, 이지성 지음, 크루(한국학술정보),2024
기술과학,나는 도대체 왜 피곤할까,"피로가 내 삶을 지배하게 둘 수는 없다. 하버드, 컬럼비아, 코넬, 알베르트아인슈타인 면역학/알레르기 전문가인 ‘에이미 샤’는 삶의 활력을 불어넣기 위해 과학적 통찰로 무장한 근본적인 해결책을 제시한다.",https://shopping-phinf.pstatic.net/main_4870387/48703879626.20240627091044.jpg, 에이미 샤 지음;김잔디 옮김, 북플레저(책읽어주는남자),2024
기술과학,진짜 기본 청소책,"청소를 주제로 16만여 명과 소통하는 살림 인플루언서 ‘두룸’. 그녀는 평소 간단한 청소팁이나 편리한 수납법, 신박한 살림용품을 찾아서 사용해 보기를 좋아했고, 이를 기록하고자 하나둘 SNS에 올렸다. 이런 다양한 경험과 노하우를 담은 책이 바로 <진짜 기본 청소책>이다.",https://shopping-phinf.pstatic.net/main_4908311/49083117619.20240712093708.jpg, 정두미 지음;조라 일러스트;정두미 사진, 레시피팩토리,2024
기술과학,반도체 구조 원리 교과서,"엔지니어가 직접 해설한 반도체 메커니즘 책이다. 철저하게 기술적 관점에서 반도체의 구조, 원리, 제조 공정을 폭넓게 다루며, 핵심 개념을 명확히 설명한다. 도해와 그래프를 활용해 쉽게 설명했으며, 이 덕분에 초보자나 업계에 관심 있는 사람들에게 적합하다.",https://shopping-phinf.pstatic.net/main_4432165/44321652625.20231130093316.jpg, 니시쿠보 야스히코 지음;김소영 옮김, 보누스,2023
기술과학,반도체 제조기술의 이해,종합적인 반도체 제조업체에서는 이미 패키지와 테스트에 관련된 실무 전문성 있는 책자를 2020년에 발간한 바 있으며 본 책자는 그 후속편이라 할 수 있다. 반도체업에 종사하는 모든 분들께 도움이 될 것으로 생각된다.,https://shopping-phinf.pstatic.net/main_3246351/32463518454.20230822103832.jpg, 곽노열 외 지음, 한올출판사,2021
기술과학,(미래 세대를 위한)건축과 국가 권력 이야기,"건축으로 살펴보는 세계 근현대사와 국가 권력. 자연사 박물관은 어떻게 만들어졌을까? 아파트는 어떻게 시작되었을까? 19세기부터 20세기까지 프랑스, 독일, 오스트리아, 이탈리아, 러시아, 일본, 한국 등의 주요 도시를 살펴보며 건축과 국가 권력의 관계에 대해 청소년 눈높이에서 쉽게 알려 준다.",https://shopping-phinf.pstatic.net/main_4480341/44803415645.20231223070739.jpg, 서윤영 글, 철수와영희,2024
기술과학,세상에서 제일 간단한 수납정리,"수납정리에 대한 모든 것을 담았다. 어수선하고 답답했던 공간을 깔끔하게 정리하고 유지하는 노하우를 알려준다. 생활용품점에는 다양한 수납 도구가 있다. 디자인만 보고 고르면, 사용도 안 하고 방치하게 된다. 수납 도구를 만드는 방법과 구매 요령을 알려준다.",https://shopping-phinf.pstatic.net/main_3246344/32463442644.20230905101231.jpg, 장이숙 지음, 마음상자,2021
기술과학,그림의 힘,"명화 보기의 새 흐름을 만든 『그림의 힘』이 빈센트 반 고흐(Vincent van Gogh) 리커버 에디션으로 싱그러운 계절에 어울리는 새 옷을 입고 찾아왔다. 이 책은 2015년 초판 발행 이후, 곁에 두고 바라보기만 하면 최상의 리듬을 찾게 되는 그림들을 소개하며 독자들에게 꾸준히 사랑받아왔다.",https://shopping-phinf.pstatic.net/main_3304450/33044502618.20240926095334.jpg, 김선현 지음, 세계사,2022
기술과학,해부학자의 세계,"우리 몸의 내부 작용은 어떻게 밝혀졌을까? 각 장기의 이름은 어떻게 붙여졌을까? 고대 이집트부터 르네상스 시대와 근대를 지나 21세기에 이르기까지, 약 5000년 동안 해부학자의 서재를 채운 책 속에는 인체 이해, 예술적 기법, 사회 변화의 역사가 담겨 있다.",https://shopping-phinf.pstatic.net/main_5048816/50488160658.20240927070957.jpg, 콜린 솔터 지음;조은영 옮김, 해나무(북하우스 퍼블리셔스),2024
기술과학,(2025)에듀윌 전기 전기기능사 필기 한권끝장 핵심이론+8개년 기출,,https://shopping-phinf.pstatic.net/main_5099996/50999962631.20241023201643.jpg," 유치형,홍석묵,최대규 지음", 에듀윌,2024
기술과학,(2025)에듀윌 전기 전기산업기사 실기 기출문제집 + 무료특강,"전기 전기산업기사를 대비할 수 있는 실기 기출문제집이다. 최신 기출 비중이 높은 전기산업기사 특성에 맞춰, 8개년 기출과 3회독 합격시스템을 통해 효율성을 극대화시켰다. 실기 시험 필수 이론만을 모아둔 '핵심이론만 싹!'으로 학습 이해력을 UP시킬 수 있다.",https://shopping-phinf.pstatic.net/main_5373989/53739898676.20250324202158.jpg, 에듀윌 전기수험연구소 지음, 에듀윌,2025
기술과학,스테로이드 인류,지금도 현장에서 의약품을 개발하고 있는 약학자 백승만 경상국립대학교 약학대학 교수가 해박한 지식을 바탕으로 스테로이드의 면면과 그 역사를 파헤친 책이다. 스테로이드 연구를 둘러싸고 벌어진 다양한 역사적 사건들을 통해 읽는 이들은 스테로이드라는 약이 무엇인지 그리고 어떤 위험성이 있는지 단번에 이해할 수 있다.,https://shopping-phinf.pstatic.net/main_5346617/53466174472.20250311084731.jpg, 백승만 지음, 히포크라테스,2025
기술과학,인스타 브레인,"어느 날, 좀처럼 책에 몰두하지 못하고, 자꾸만 별 이유 없이 스마트폰을 만지는 자기 자신의 모습을 ‘깨닫고’ 충격을 받은 나머지 이 문제에 대해 뇌 과학적인 분석을 하기 시작했고, 이 책을 쓰게 되었다.",https://image.aladin.co.kr/product/23973/11/cover500/k422639014_2.jpg, 안데르스 한센 지음;김아영 옮김, 동양북스,2020
기술과학,인스타 브레인,"어느 날, 좀처럼 책에 몰두하지 못하고, 자꾸만 별 이유 없이 스마트폰을 만지는 자기 자신의 모습을 ‘깨닫고’ 충격을 받은 나머지 이 문제에 대해 뇌 과학적인 분석을 하기 시작했고, 이 책을 쓰게 되었다.",https://image.aladin.co.kr/product/23973/11/cover500/k422639014_2.jpg, 안데르스 한센 지음;김아영 옮김, 동양북스,2020
기술과학,"몸은, 제멋대로 한다",산토리학예상 등을 수상한 일본에서 손꼽히는 인문학자 이토 아사가 최고의 과학자들과 함께 우리 몸의 ‘할 수 있음’에 대하여 고찰하는 책이다. 다섯 명의 이공계 연구자들을 인터뷰하며 무언가를 ‘할 수 있게 되는 과정’에서 드러나는 우리 몸의 숨은 가능성을 탐구한다.,https://shopping-phinf.pstatic.net/main_5314483/53144838782.20250222102249.jpg, 이토 아사 지음;김영현 옮김, 다다서재,2025
기술과학,최강록의 요리 노트,<마스터셰프 코리아 2> 우승자이자 현재 요리 유튜버로 활동 중인 셰프 최강록의 요리 에세이. 단순한 레시피나 맛집 소개가 아닌 주로 ‘재료와 맛’에 대한 설명을 담고 있다. 재료가 가진 맛을 제대로 이끌어낼 수 있도록 친절한 설명으로 독자들을 안내한다.,https://shopping-phinf.pstatic.net/main_4173629/41736297622.20230919130733.jpg, 최강록 지음, 클,2023
기술과학,무의식은 어떻게 나를 설계하는가,《우리는 각자의 세계가 된다》로 다시 한번 국내에 이름을 알린 신경과학자 데이비드 이글먼의 초기 연구서다. 2011년 출간 이후 10여 년이 지났지만 책이 주는 메시지는 유효하다. 뇌는 여전히 연구가 진행 중인 ‘정답이 없는’ 가능성의 세계이기 때문이다. 이글먼은 무의식에 대해 깊이 있게 들여다본다.,https://shopping-phinf.pstatic.net/main_5138240/51382407619.20241114092130.jpg, 데이비드 이글먼 지음;김승욱 옮김, RHK(알에이치코리아),2024
기술과학,아무도 아프지 않는 세상,"엔젤줄기세포의 치료 원리와 체험 사례를 알기 쉽게 담고 있으며, 책은 노화와 질병이 필수가 아니라 선택사항이라는 메시지를 전달한다. 현재 바이오산업 분야에서 가장 영향력 있는 권위자가 120세 시대를 건강하게 장수하기 위한 새로운 과학을 소개한다.",https://shopping-phinf.pstatic.net/main_5293819/52938199955.20250212092425.jpg, 라정찬 지음, 쌤앤파커스,2025
기술과학,미래 세대를 위한 우주 시대 이야기,"우주 개발 역사, 우주여행, SF 영화, 우주군, 빅뱅 등 다양한 주제를 통해 우주 시대에 꼭 알아야 할 우주에 관한 이야기를 청소년 눈높이에서 쉽게 알려 준다. 청소년들은 우주와 관련한 다채로운 영역에서 상상력을 발휘하는 데 도움이 되는 우주에 대한 통합적 지식과 지혜를 배울 수 있다.",https://shopping-phinf.pstatic.net/main_4662624/46626244618.20240326093152.jpg, 손석춘 글, 철수와영희,2024
기술과학,과학이 지구를 구할 수 있나요?,"청소년 여러분이 성장하며 꿈을 펼쳐갈 무대인 지구가 처한 커다란 위기에 대해 알아본다. 기후변화, 식량·에너지 위기, 환경오염, 그리고 생물의 대멸종까지. 나아가 그런 지구를 구하기 위해 무엇을 해야 할지, 지금껏 문명 발전을 이끌어온 과학의 역할을 중심으로 이야기한다.",https://shopping-phinf.pstatic.net/main_5004701/50047018627.20240831071030.jpg, 목정민 지음;도아마 그림, 서해문집,2024
기술과학,우리는 어떻게 움직이는가,"정형외과 의사가 직접 쓴, 근육에 대한 거의 모든 것을 담은 교양과학서다. 저자는 근육의 신비를 풀기 위해 해부학, 생리학, 생물학, 역사, 그리고 피트니스에 이르기까지 광범위한 분야를 탐험한다. 이 책을 통해 독자들은 근육의 종류와 작동 원리부터 근육 통증과 근육 건강 관리법까지 근육에 관한 과학 지식을 탄탄히 다질 수 있을 것이다.",https://shopping-phinf.pstatic.net/main_5160511/51605114632.20241126093037.jpg, 로이 밀스 지음;고현석 옮김, 해나무,2024
기술과학,기초와 응용 실습을 중심으로 한 Allegro OrCAD PCB 설계,Cadence사의 Allegro OrCAD Ver16.6을 기본으로 기본적인 사용법과 실무예제를 통해 활용능력 배양에 중점을 두었다. 이 교재는 크게 3개의 Part로 구성된다.,https://dls2.edunet.net/DLS/api/homepage/holding/getCoverImage.do?prov_code=E10&neis_code=E100000276&bib_key=34206337414, 차태호;허찬욱 공저, 복두출판사,2023
기술과학,블루밍니트의 코바늘 플라워 & 키링,"유튜브를 통해 내 손으로 만드는 하나뿐인 뜨개 꽃다발을 선보이는 ‘블루밍니트’의 첫 책이 출간되었다. 가장 많은 사랑을 받은 튤립, 장미, 해바라기, 카네이션부터 새롭게 선보이는 샤스타데이지, 거베라, 프리지아, 동백꽃 등 20종의 꽃을 담았다. 그뿐만 아니라 포인트 아이템으로 사랑받는 미니 키링 10종을 선보인다.",https://dls2.edunet.net/DLS/api/homepage/holding/getCoverImage.do?prov_code=E10&neis_code=E100000276&bib_key=34206548461, 블루밍니트 지음, 동양북스(동양문고),2025
기술과학,홀리의 코바늘 키링,"‘코바늘 뜨개사 홀리’는 인스타그램 7만, 유튜브 4만의 구독자를 보유한 지금 가장 핫한 뜨개 인플루언서로, 붕어빵 키링과 뜨냥이(뜨개+고양이), 뜨바오(뜨개+푸바오) 등 개성 넘치는 도안을 공유하며 독보적인 뜨개 인플루언서로 자리 잡았다. 그리고 지금까지 자신이 공유한 도안과 미공개 도안을 포함해 총 36가지 작품이 수록된 첫 번째 도안집을 출시했다.",https://dls2.edunet.net/DLS/api/homepage/holding/getCoverImage.do?prov_code=E10&neis_code=E100000276&bib_key=34206548958, 홀리 지음, 비타북스(헬스조선),2025
기술과학,(부모의)질문력,지난 20년 동안 120권의 책을 펴내고 매년 100회 이상 강연을 진행하며 대한민국 부모들에게 자녀 교육의 진정한 지혜를 전해온 김종원 작가는 “부모가 아이에게 건네는 수없이 많은 말이 아이의 세계를 형성하고 생각의 깊이를 창조한다”라고 강조한다. 그중에서도 특히 ‘부모의 질문’은 독립적인 주체로 성장해 나가는 아이와의 관계에 따뜻한 오작교가 되어줌은 물론 아이의 사고력을 무한히 확장한다.,https://dls2.edunet.net/DLS/api/homepage/holding/getCoverImage.do?prov_code=E10&neis_code=E100000276&bib_key=34206610558, 김종원 지음, 다산북스,2025
기술과학,한국 반도체의 미래 3년,"저자는 2027년을 반도체의 골든 타임이라 정의한다. 한국 반도체, 무엇을 준비하고 무엇을 실현할 것인가? 이 책은 바로 이 질문에 답하기 위해 썼다. 반도체 위기는 ‘수출’이었다. 이 책은 그동안 ‘초일류’ ‘초격차’라고 믿거나 알고 있었던 삼성의 반도체 현장과 그 위기의 핵심에 다가간다.",https://dls2.edunet.net/DLS/api/homepage/holding/getCoverImage.do?prov_code=E10&neis_code=E100000276&bib_key=34206720000, 박준영 지음, 북루덴스,2025
기술과학,2025 전자캐드기능사 필기 기출문제,"최근 개정된 출제기준과 기출문제 유형 분석을 통하여 핵심적인 이론 내용을 앞부분에 수록하였다. 본문 이해가 쉽도록 풍부한 삽화 및 일러스트, 회로도 등을 사용하였다.",https://shopping-phinf.pstatic.net/main_5103668/51036686629.20241027071124.jpg, 이태현;홍승희 [공]지음, 책과상상,2025
기술과학,50개 건축물로 읽는 세계사,"“인류는 건축과 계속 이어져 왔다!” 문명의 시작을 알리는 고대건축부터 시대를 앞서가는 획기적인 현대건축까지, 연대순으로 만나는 건축 세계사.",https://shopping-phinf.pstatic.net/main_4590607/45906076619.20240220081656.jpg, 정태종 지음, 스테이블,2024
기술과학,한 권으로 끝내는 아두이노 입문 + 실전,약 380쪽의 분량에 쉽고 단계적으로 130여개의 단계별 초수/중수/고수/실전 프로젝트 만들기까지 시작은 쉽게 그러나 끝은 프로그래밍 실력을 갖출 수 있도록 전면 개정판으로 출간되었다. 이번 전면 개정판은 아두이노 프로그래밍에 초점을 맞춰져 있다.,https://shopping-phinf.pstatic.net/main_5349116/53491161267.20250312091849.jpg, 서민우;코코랩스 [공]저, 앤써북,2025
기술과학,바쁜 당신도 지속 가능한 저탄건지 키토식,"저자가 강추하는 쉽고 맛있는 레시피들, 밀프렙 가능한 평일 식단들, 만들어 먹는 키토 소스.음료.간식은 물론 믿고 구매할 수 있는 시판 제품들, 외식이나 운동할 때도 키토식 유지하는 꿀팁까지 싹 담겨 있다.'매일 부담 없이 즐겁게 실천하는 키토생활 가이드'가 되어줄 것이다.",https://shopping-phinf.pstatic.net/main_3244499/32444997842.20250308155121.jpg, 박민 지음;김덕창 사진, 레시피팩토리,2021
기술과학,홀썸의 집밥 예찬,"유수 대학 논문과 책, 강의를 통해 얻은 건강 지식과 저자가 일상에서 쌓아온 다양한 경험을 바탕으로 직접 개발하고 실천 중인 레시피를 개발했다. 최대한 가공식품의 사용을 피하고, 누구나 손쉽게 따라 만들 수 있는 건강한 집밥 레시피를 꾸준히 개발하여 모두 소개했다.",https://image.aladin.co.kr/product/33970/91/cover500/k612930441_2.jpg, 홀썸모먼트 지음, 다산라이프,2024
기술과학,"몸, 내 안의 우주","복부 한복판에 다양한 장기들이 자리한 소화기부터 순환의 원동력인 심장을 거쳐, 인간의 고등한 사고능력을 관장하는 중추신경계까지, 몸의 구조와 기능, 작동 원리, 관련 질환 등을 풀어가며 우리 몸 구석구석을 면밀히 살핀다.",https://shopping-phinf.pstatic.net/main_5534325/55343252888.20250619120714.jpg, 남궁인 지음, 문학동네,2025
기술과학,마침내 특이점이 시작된다,"전 세계가 기다려 온 레이 커즈와일의 신작. AI의 놀라운 진전이 연일 세상을 놀라게 하는 가운데, 출간 즉시 베스트셀러에 오른 이 책에서 커즈와일은 오늘날 이미 현실이 된 그의 예측을 재평가하는 한편, 인간의 삶을 영원히 바꿀 ‘특이점’을 향한 발전의 다양한 사례를 제시한다.",https://shopping-phinf.pstatic.net/main_5513034/55130341184.20250610092453.jpg, 레이 커즈와일 지음;이충호 옮김, 비즈니스북스,2025
기술과학,조종당하는 인간,"신경과 전문의인 저자가 철학과 심리학을 바탕으로 지속해온 연구 활동을 대중의 눈높이에 맞추어 무척 쉽고 친근하게 풀어낸 책이다. 반복되는 충동, 끊지 못하는 중독적 습관, 갈수록 어려워지는 자기 통제의 문제를 철학, 심리학, 뇌과학의 관점에서 다채롭게 조명하며 풍성한 사례들로 친절하게 소개하고 있다.",https://shopping-phinf.pstatic.net/main_5580166/55801666894.20250717071733.jpg, 김석재 지음, SnowfoxP(스노우폭스북스P),2025
기술과학,(매일 가볍게)한 칸 도시락,"가볍고 맛있는 한 그릇 채소 요리로 11만 팔로워의 사랑을 받은 테이블민의 두 번째 책. 어디에도 공개하지 않은 건강 도시락 레시피가 출간된다. 채소 요리의 대가답게 건강한 저속노화 채소 도시락은 기본, 든든함이 필요한 직장인을 위해 닭가슴살, 훈제 오리, 소고기볶음을 활용해 균형 있게 채운 단백질 도시락 레시피를 담았다.",https://shopping-phinf.pstatic.net/main_5485740/54857406905.20250520082928.jpg, 김경민 지음, 래디시,2025
기술과학,"가로수, 도시에 서 있는 나무들","우리와 삶의 일부를 공유하는 이 거대한 나무들은 우리가 항상 꿈꿔 왔던 가장 친한 친구이다. 친구는 때때로 다투고, 서로를 무시하고, 놀리고, 화해하고, 또다시 함께 한다. 우리는 이 친구와 어떻게 하면 가능한 한 오랜 시간 공존할 수 있을까?",https://shopping-phinf.pstatic.net/main_5609523/56095237361.20250806102823.jpg, 사라 필리피 플로테게르 지음;최보민 옮김;조르지오 코르딘;줄리아 코르딘 [공]아이디어, 그림씨,2025
기술과학,악마의 원소,"매우 중요하고 위험하지만, 상대적으로 덜 알려진 수질 오염을 다룬다. 그 중심에 인(P), 주기율표의 15번째 원소가 있다. 이 책은 세상을 더 나은 인 균형으로 되돌리기 위한 잠재적 방법과 인의 역설을 소개한다.",https://shopping-phinf.pstatic.net/main_5592095/55920951204.20250724092152.jpg, 댄 이건 지음;한지환 옮김, 에코리브르,2025
기술과학,500가지 건축으로 읽는 세계사,인류 문명을 대표하는 건축물 500가지를 소개하는 건축 세계사 백과사전이 나왔다. 역사적 의미와 건축적 가치를 고려해 엄선한 건축물 목록은 180만 년 역사와 전 세계 문명권이라는 장대한 스케일을 아우른다. 연대순으로 나열된 건축물들을 따라가다 보면 세계사의 큰 물줄기가 자연스레 눈에 들어온다.,https://shopping-phinf.pstatic.net/main_5919176/59191763271.20260331104328.jpg, 소피 콜린스 지음;성소희 옮김, 현대지성,2026
기술과학,세계 유명 패션 디자이너 50인,"저자 박민지는 전작 『패션 디자이너, 미래가 찬란한 너에게』를 통해 패션을 꿈꾸는 이들에게 첫걸음을 내딛는 용기를 전했다. 이번 신간은 그 이후의 방향을 고민하는 이들에게 ‘그다음 단계’를 제시하는 책으로, 디자이너라는 직업을 넘어 '삶을 디자인하는 태도'에 대해 함께 고민해보자고 제안한다.",https://shopping-phinf.pstatic.net/main_5497100/54971006235.20250621095436.jpg, 박민지 글·그림, 크루(한국학술정보),2025
기술과학,이런 집에 살고 싶다,"현실에 발을 딛고 있으면서도 꿈을 잃지 않는 집을 기준으로, 김호민 건축가는 지난 5년간 전국 260여 채의 민가를 탐구하며 ‘평생 살고 싶은 공간의 조건’을 8가지 한국 주택 유전자로 정리한다.",https://shopping-phinf.pstatic.net/main_5850909/58509096451.20260331121454.jpg, 김호민 지음, 달고나,2026
기술과학,접시 위의 세계,"우리가 매일 먹는 밥 한 공기, 향긋한 커피 한 잔, 달콤한 초콜릿 한 조각 속에는 생각보다 많은 이야기가 담겨 있다. 『접시 위의 세계』는 그 이야기를 따라 세계를 여행하는 안내서이다.",https://shopping-phinf.pstatic.net/main_5573735/55737355797.20260331112034.jpg, 전국지리교사모임 지음, 인물과사상사,2025
기술과학,약이 듣는 이유를 과학으로 쉽게 설명했다,"우리가 일상적으로 접하는 약 한 알 속에 숨겨진 과학의 세계를 쉽고 흥미롭게 풀어냈다. 해열진통제, 위장약, 항생제, 향정신성 의약품, 항암제, 알레르기 약 등 주변에서 흔히 볼 수 있는 약들이 어떤 원리로 질병에 작용하고, 왜 증상을 완화하는지를 화학과 생명과학의 관점에서 알기 쉽게 설명한다.",https://shopping-phinf.pstatic.net/main_5861170/58611702722.20260331102924.jpg, 야마구치 사토루 지음;신찬 옮김, 더숲,2026
기술과학,장,"한식 파인다이닝 ‘밍글스’의 오너 셰프 강민구가 한식의 핵심인 ‘장’에 대한 깊은 애정을 가득 담아 이 책을 펴냈다. 장에 대한 신뢰, 장의 역사와 장의 명인을 향한 존중을 담은 이 책은 한국의 전통 발효 양념인 간장, 된장, 고추장의 전통에 현대적인 해석으로 한식의 새로운 가능성을 탐구하고자 한 그의 열정을 보여준다.",https://shopping-phinf.pstatic.net/main_5323279/53232799195.20260331110526.jpg, 강민구 지음, Bookers(북커스),2025
기술과학,더 푸드 랩,"요리를 잘 하는 것뿐 아니라 조리의 과정과 원리에 대해 납득하고 이해하며 요리를 할 수 있게 돕는 책이다. 잘못 알려진 요리 상식에 도전하고, 정확한 결과를 도출하기 위해 실험을 거듭하고, 그 결과 완성한 레시피들을 담았다.",https://shopping-phinf.pstatic.net/main_3246426/32464267105.20260331105201.jpg, J. 켄지 로페즈-알트 저;임현수 역, 영진닷컴,2017
기술과학,허균의 맛,저자 김풍기 강원대 교수는 대표적인 허균 연구자다. 허균의 산문을 모아 번역한 『누추한 내 방』(2003)을 비롯해 『독서광 허균』(2013)을 지었으며 이번에는 『허균의 맛』을 내놓았다. 이 책은 허균의 『도문대작屠門大嚼』을 번역하고 해설하며 저자 자신의 음식 추억과 결부시켜 풀어낸 기록이다.,https://shopping-phinf.pstatic.net/main_5876723/58767239457.20260331110454.jpg, 김풍기 지음, 글항아리,2026
기술과학,"(2026)김영북스 답만 봐도 합격! 운전면허 필기 1, 2종 공통","한국도로교통공단에서 제공하는 최신 학과시험 문제를 완벽 반영하였고, 실제 시험에서 100% 출제되는 문항을 수록하였다. 운전면허 0기초도 쉽게 합격할 수 있도록 발문과 정답을 직관적으로 표기하여 빠르게 확인하고 오래 기억할 수 있게 구성하였다.",https://shopping-phinf.pstatic.net/main_5734070/57340709721.20260331111530.jpg, 도로교통공단 저자(글), 김영북스,2026
기술과학,(너도나도 가능한)과학발명대회,"과학발명대회를 준비하는 모든 이들을 위한 친절한 길잡이가 될 것이다. 발명에 대한 지식이 부족한 학생들부터, 이미 여러 대회에 도전해본 경험이 있는 참가자들까지, 이 책을 통해 발명 대회 준비의 모든 과정에서 쉽게 필요한 정보를 얻을 수 있다.",https://shopping-phinf.pstatic.net/main_5250787/52507872349.20260331094024.jpg, 박진국 지음, 리얼슾(REALSOUP),2025
기술과학,"너는 꽃이야, 별이야, 바람이야","출간 요청이 쏟아진 필사집으로, 전작의 핵심 문장을 손으로 새기며 부모의 언어를 바꾸는 실천을 제안한다. 하루 10분, 다섯 단계 마음 새김과 기록으로 아이와 부모의 관계를 단단하게 만든다.",https://shopping-phinf.pstatic.net/main_5862725/58627251911.20260331113829.jpg, 오은영 지음, 김영사,2026
기술과학,김대석 셰프의 집밥 레시피. 2,"요리를 처음 시작한 사람이나, 요리가 꽤 손에 익은 사람이나 늘 어떤 음식을 해야 할지, 제대로 맛을 내려면 어떻게 해야 할지 고민한다. 이 책에는 가정과 음식점에서 ‘더 맛있는 한 끼 식사’를 위해 필요한 한식 레시피들을 소개했다.",https://shopping-phinf.pstatic.net/main_4866264/48662648626.20260331102444.jpg, 김대석 지음, 경향BP,2024
기술과학,전기차는 정말 친환경적일까요?,전기차의 역사와 구조는 물론 충전 등 사용법에 관한 설명과 에너지 관점에서도 여러 가지 대안을 제시했다. 또한 전기차가 다시 등장할 수밖에 없는 이유와 전기차 시대를 살아가는 우리들에게 전기차에 대한 이해와 비전 등을 청소년들이 알기 쉽게 풀어놓았다.,https://shopping-phinf.pstatic.net/main_4724976/47249767622.20260331102211.jpg, 이정원 지음, 글라이더,2024
기술과학,AutoCAD 2021,"기계 설계 업무 수행 혹은 도면 작도를 위해서 AutoCAD오토캐드 프로그램을 배우고자 하는 초보자들에게 AutoCAD오토캐드에서 지원하고, 이용할 수 있는 중요한 명령들의 옵션 및 사용법을 설명하고, 그 특성들을 소개해서 스스로 그 기능들을 습득할 수 있는 기초 학습 안내서이다.",https://image.aladin.co.kr/product/24410/38/cover500/8994636072_1.jpg, 박석용 저, 청담북스,2020
기술과학,전산응용(CAD) 기계제도 실기 실무,"기계설계제도의 기본에서 기하공차 적용 부분까지 자격증취득은 물론 실무에서도 활용할 수 있도록 심도 있게 구성해 놓았으며, 과제도면은 유형별 분류 및 부품명 해설을 통해 도면 분석에 보다 쉽게 접근할 수 있도록 하였다.",https://image.aladin.co.kr/product/24692/77/cover500/8927436547_1.jpg, 권신혁 지음, 예문사,2020
기술과학,(임종수의)STM32 Cortex-M 완벽활용서. 1,,https://image.aladin.co.kr/product/29042/91/cover500/k192836935_1.jpg, 임종수 지음, 버무림,2022
기술과학,전자부품 백과사전. 3: 감지 장치,"전자공학이나 취미공학 등에서 자주 사용되는 대표적인 부품들을 장 별로 정리하였으며, 해당 부품의 역할과 작동 원리, 사용법, 주의사항 등이 사전식으로 구성되어 있어 누구나 쉽게 전자부품에 대해 궁금한 점을 곧바로 찾아볼 수 있다.",https://image.aladin.co.kr/product/10788/0/cover500/8968483493_1.jpg," 찰스 플랫,프레드릭 얀슨 지음;배지은,이하영 옮김", 한빛미디어,2017
기술과학,50부터 시작하는 진짜 공부,"이 책은 대학교, 평생학습관, 문화센터, 평생교육원, 지자체 강좌 등 다양한 학습의 장에서 활약하고 있는 다양한 시니어들의 모습을 조명하면서 장년층에게는 배움의 진정한 효용을 알려준다. 아직 그 시기에 도달하지 않은 사람들에게는 미리미리 공부의 즐거움을 맛볼 수 있게 도와준다.",https://image.aladin.co.kr/product/11402/73/cover500/k122531700_1.jpg, 호사카 다카시 지음;류두진 옮김, 반니라이프,2017
기술과학,우리는 어떻게 화학물질에 중독되는가,"프랑스에서 숱한 화제를 일으키며 아마존 프랑스 건강 분야 1위에 오른 책. 케미포비아의 시대, 유해 화학물질의 세계에서 건강하게 살아가는 법을 알려준다. 합성 화학물질의 A부터 Z까지, 효능과 부작용에 대한 상세한 정보를 제공한다.",https://image.aladin.co.kr/product/12005/61/cover500/8965962374_1.jpg, 로랑 슈발리에 지음;이주영 옮김, 흐름,2017
기술과학,AVR ATmega128,자칫 지루해길 수 있는 컴퓨터구조에 대한 내용을 '라인 트레이서'라는 하드웨어의 제작을 통해 흥미롭게 학습하는 것에 주안점을 두었다. 기반 지식이 전무한 초보자라도 학습단계를 거치면서 최종적으로는 라인 트레이서를 제작할 수 있도록 기초부터 상세히 설명하고자 하였다.,https://image.aladin.co.kr/product/1474/82/cover500/6000521671_1.jpg, 정기철 저, 숭실대학교출판부,2012
기술과학,(만화로 쉽게 배우는)전자회로,"전자회로를 처음 배우는 사람들을 위해 ‘트랜지스터를 이용한 라디오’를 주제로, 그것이 어떤 구조로 소리가 날 수 있게 되는지를 만화로 알기 쉽게 설명하였다. 안테나를 통해 수신한 전파로 듣고 싶은 채널을 선택하고 소리로 들려오도록 하기까지를 흐름에 따라 설명하고 있다.",https://image.aladin.co.kr/product/13055/75/cover500/8931582013_1.jpg, 다나카 켄이치 지음;이도희 옮김, BM성안당,2018
기술과학,김치 견문록,"50년간 김치만 공부한 김치박사 김만조 선생님과 해박한 지식과 동서고금을 넘나드는 혜안으로 한국인의 뿌리를 찾는 데 한 평생을 바친 故 이규태 선생님이 힘을 모아 완성한 우리 김치에 관한 묵직한 사유와 지혜를 담았다. 매일 우리의 밥상머리에 오르는 김치를 맛있게, 아름답게, 인문학적으로 풀어 썼다.",https://image.aladin.co.kr/product/269/1/cover500/897041987x_1.jpg, 김만조;이규태 지음, 디자인하우스,2008
기술과학,(최범석의)아이디어,"<세상의 벽 하나를 빌리다>의 저자이자 '제너럴 아이디어'로 세계 무대에 진출한 디자이너 최범석. 열아홉에 홍대 외진 골목의 벽 하나를 빌려 장사를 시작해 파리의 5개 백화점에 매장을 오픈한데 이어, 2009년 2월 뉴욕 컬렉션을 앞두고 있는, 끝없이 진화하는 디자이너 최범석의 두 번째 에세이.",https://image.aladin.co.kr/product/268/47/cover500/8971847956_1.jpg, 최범석 지음, 푸른숲,2008
기술과학,전기산업기사 필기,"전기산업기사 대표강사들이 적중도 높은 문제를 직접 설명함으로써 수험생으로 하여금 부담을 느끼지 않고, 전기산업기사 필기를 학문적 접근이 아닌 현장처럼 쉽고 편리한 해설로 수록하여 기존 전기도서의 틀을 탈피하였다.",https://image.aladin.co.kr/product/12724/87/cover500/k442532274_1.jpg, 이종칠 외 지음, 세진사,2018
기술과학,오늘은 좀 매울지도 몰라,"부엌일 젬병이었던 인문학자가 부엌에서 홀로 서기를 한다. 병석에 있는 아내는 이제 어떤 음식도 제대로 소화시키지 못한다. 그나마 입에 대는 거라곤 남편이 마음을 다해 만든 요리뿐. 고통과 아픔 대신, 음식으로 만들어내는 짧은 기쁨의 순간을 붙잡아두기 위해 쓴 남편의 부엌 일기.",https://image.aladin.co.kr/product/14212/8/cover500/8954650945_3.jpg, 강창래 지음, 루페(문학동네),2018
기술과학,(2022 초스피드)전기기능사 실기,"전기인이 되기 위한 첫 번째 자격증인 전기기능사 실기를 준비하기 위한 전문교재로, 누구라도 이해하기 쉽게 설명한 기초적인 이론과 표준화된 작업방법을 제시하여 순서대로 학습하다 보면 학습의 메커니즘과 시퀀스 제어의 원리를 스스로 깨우치게 구성하였다.",https://image.aladin.co.kr/product/28711/32/cover500/8931527543_1.jpg, 유인종 지음, 성안당,2022
기술과학,(2022 초스피드)전기기능사 실기,"전기인이 되기 위한 첫 번째 자격증인 전기기능사 실기를 준비하기 위한 전문교재로, 누구라도 이해하기 쉽게 설명한 기초적인 이론과 표준화된 작업방법을 제시하여 순서대로 학습하다 보면 학습의 메커니즘과 시퀀스 제어의 원리를 스스로 깨우치게 구성하였다.",https://image.aladin.co.kr/product/28711/32/cover500/8931527543_1.jpg, 유인종 지음, 성안당,2022
기술과학,(2022 초스피드)전기기능사 실기,"전기인이 되기 위한 첫 번째 자격증인 전기기능사 실기를 준비하기 위한 전문교재로, 누구라도 이해하기 쉽게 설명한 기초적인 이론과 표준화된 작업방법을 제시하여 순서대로 학습하다 보면 학습의 메커니즘과 시퀀스 제어의 원리를 스스로 깨우치게 구성하였다.",https://image.aladin.co.kr/product/28711/32/cover500/8931527543_1.jpg, 유인종 지음, 성안당,2022
기술과학,기초 회로이론,"이번 개정판에서는 연산증폭기와 에너지 저장소자, 푸리에 변환 등 중요한 소자 및 개념에 대한 설명을 강화했고, 더욱 다양하고 명확한 예제와 연습문제를 수록하여 회로이론의 핵심 원리를 빠르게 습득할 수 있도록 구성했다. 특히 전기기사, 변리사, 행정고시 기술직 등의 자격시험을 준비하는 학생들을 위해 출제 빈도가 높은 최신 기출문제를 수록하였다.",https://image.aladin.co.kr/product/4443/54/cover500/1156641292_1.jpg, 최윤식 지음;박진희 일러스트, 한빛아카데미,2016
기술과학,OrCAD의 활용,,https://image.aladin.co.kr/product/42/39/cover500/8931705042_1.jpg, 박상철 지음, 세화,2005
기술과학,서서히 식물이 좋아집니다,"무턱대고 식물을 기르다가 우여곡절을 겪고 있는, 모든 게 답답하고 불안한 초보 가드너의 중간 점검을 위한 책이다. 그동안의 식물 생활을 돌아본 후 다시 식물과 건강한 관계를 맺자는 메시지를 담고 있다.",https://image.aladin.co.kr/product/29548/11/cover500/k072837152_1.jpg, 한진아 지음, 책밥,2022
기술과학,왜 바이러스가 문제일까?,"바이러스라는 소재를 한가운데 두고 다양한 시선으로 이를 해설하는 책이다. 과학교육을 공부한 저자는 과학부터 사회, 역사까지 여러 분야를 넘나들며 바이러스의 정체를 한 꺼풀씩 벗겨낸다.",https://image.aladin.co.kr/product/29619/93/cover500/k102838370_1.jpg, 유윤한 지음, 반니,2022
기술과학,통증의 90％는 고관절이 문제다,"고관절 상태를 확인할 수 있는 통증 자가 진단법부터 3분 만에 놀라운 변화를 얻을 수 있는 스트레칭, 바르게 앉고 서고 걷는 법까지, 통증으로부터 자유롭고 싶은 사람들에게 유용한 정보를 제공한다.",https://image.aladin.co.kr/product/19147/5/cover500/k142635499_1.jpg, 이시베 모토미 지음;이유라 옮김, 북라이프,2019
기술과학,맨발로 걸어라,“모든 운동 중에서 걷기가 최고다. 멀리 걷기를 습관화하라.” 이 책은 사람이 맨발로 땅을 밟거나 접지할 때 땅속의 음(-)전하를 띤 자유전자가 몸으로 올라와 우리 몸의 면역력을 높이고 각종 만성질병과 현대 문명병을 치유한다고 설명한다.,https://image.aladin.co.kr/product/27602/82/cover500/8974259931_2.jpg, 박동창 지음, 국일미디어,2021
기술과학,(백종원이 추천하는)집밥 메뉴 52,"자신감을 잃은 요리 초보자를 위해 꼭 알아두어야 할 핵심 집밥 메뉴 52가지를 담았다. 외식경영전문가인 백종원은 식당을 운영하면서 끊임없이 메뉴를 개발, 연구한 자신만의 노하우를 가장 기본이 되는 우리나라 집밥 메뉴 52가지를 통해 공개하고자 한다.",https://image.aladin.co.kr/product/4531/94/cover500/8926396673_1.jpg, 백종원 지음, 서울문화사,2014
기술과학,(백종원이 추천하는)집밥 메뉴 54,<백종원이 추천하는 집밥 메뉴 52>에 이어 '백종원이 추천하는 집밥 메뉴 2탄' <백종원이 추천하는 집밥 메뉴 54>. 대한민국을 들썩이던 메뉴를 고스란히 한 권의 책으로 담았다.,https://image.aladin.co.kr/product/7458/2/cover500/8926396851_2.jpg, 백종원 지음, 서울문화사,2016
기술과학,(백종원이 추천하는)집밥 메뉴 56,화제의 베스트셀러 ‘백종원이 추천하는 집밥 메뉴’ 시리즈의 완결판! 믿고 보는 ‘백종원이 추천하는 집밥 메뉴’ 4탄으로 외식 부럽지 않은 맛있고 간편한 백종원표 집밥 메뉴 레시피 56가지를 수록했다.,https://image.aladin.co.kr/product/19467/43/cover500/k562635610_2.jpg, 백종원 지음, 서울문화사,2019
기술과학,커피 과학,1996년에 '백커원 이라는 커피 관련 웹사이트를 개설해 지금까지 운영하고 있는 커피 오타쿠 탄베 박사가 지난 20여 년 동안 축적해온 커피 지식과 애정을 진하디 진한 에스프레소처럼 꽉꽉 눌러담았다.,https://image.aladin.co.kr/product/12725/88/cover500/k072532276_1.jpg, 탄베 유키히로 지음;윤선해 옮김, 황소자리,2017
기술과학,(2023 에듀윌)전기기능사,"본권 학습에 앞서 초보수학, CBT빈출, KEC핵심 내용을 공부할 수 있도록 [애피타이저 Book]도 함께 구성하였다. 2021년부터 적용된 한국전기설비규정(KEC)을 반영한 이론 및 문제로 시험을 완벽하게 대비할 수 있도록 구성하였다.",https://image.aladin.co.kr/product/29440/13/cover500/k082837528_1.jpg, 유치형;홍석묵;최대규 지음, 에듀윌,2022
기술과학,(2023 에듀윌)전기기능사 실기 한권끝장,"전기기능사 국가 기술자격증 취득을 위한 실기 수험서다. 2022년 최신 버전의 공개 문제 18개를 수록하였으며, 이에 관한 넘버링을 참고 자료 서비스로 제공하였다. 이를 통해 반드시 출제되는 공개 문제를 완벽하게 대비할 수 있도록 구성하였다.",https://image.aladin.co.kr/product/29767/15/cover500/k292838400_1.jpg, 최재규;유치형;홍석묵 지음, 에듀윌,2022
기술과학,아두이노 기반 스마트 홈 오토메이션,"IoT 기반 스마트 홈 DIY 주제에 대한 프로젝트들로 구성되어 있으며, 이와 관련된 새로운 기술들을 알려 준다. 이를 통해 유사한 프로젝트를 좀 더 빨리 배울 수 있으며, 자신의 집에 맞도록 홈 오토메이션 시스템을 만들 수 있는 도구들을 배우고 구비하게 될 것이다.",https://image.aladin.co.kr/product/5368/76/cover500/6000813007_1.jpg, Marco Schwartz;강태욱, 씨아이알,2014
기술과학,아두이노(Arduino) 상상을 스케치하다,"아이러브로봇(I♥Robot) 시리즈 6권. 이 책에서는 초보자를 위한 C/C++ 언어와 기본 함수, 유용한 라이브러리들을 프로젝트 예와 함께 친절하게 소개하고, 기본 전자 부품부터 센서 및 각종 표시 장치까지 아두이노를 사용하기 위한 거의 모든 내용을 다룬다.",https://image.aladin.co.kr/product/4113/28/cover500/8994506934_1.jpg, 허경용 지음, 제이펍,2014
기술과학,(100%! 실습)리얼 아두이노,"최근의 사물인터넷(IoT) 오픈소스 하드웨어 바람에 스크래치, 앱인벤터와 자주 입에 오르내리는 아두이노에 관한 책. 아두이노는 마이크로프로세서 보드 기초 실습이 가능한 오픈소스 피지컬 컴퓨팅 환경이다.",https://image.aladin.co.kr/product/5479/48/cover500/8931553471_1.jpg, 정길도 지음, 성안당,2015
기술과학,기적의 시력 회복법,"눈이 나빠지면 뇌의 능력도 급속히 떨어진다. 청소년이라면 성적 저하로 이어질 것이고, 사회인이라면 일의 능률이 떨어지게 된다. 중장년이라면 노안에서 비롯되는 기억력과 집중력 저하로 이어지게 될 것이다.",https://image.aladin.co.kr/product/2926/13/cover500/8997195328_1.jpg, 나카가와카즈히로 지음;오나영 옮김, 청림Life,2013
기술과학,새로운 종의 진화 로보사피엔스,"인류의 미래를 전망한 대중과학서다. 새로운 종의 진화를 주도하는 로봇공학자들의 연구실을 찾아 인터뷰하고 그들이 만드는 로봇의 모습을 담았다. 첨단 로봇공학이 예언하는 인류의 미래, 그 빛과 그림자는 우리에게 기대와 두려움을 함께 안겨준다. --대한매일신문",https://image.aladin.co.kr/product/38/32/cover500/8934911808_1.gif, 페이스 달루이시오 글;신상규 옮김, 김영사,2002
기술과학,세계를 바꾼 20가지 공학기술,"인류 최초의 발명물 돌도끼로부터 현대 산업기술의 총아 생명공학에 이르기까지, 인류문명을 획기적으로 발전시킨 공학기술 20가지를 정리한 책. 한국공학한림원 회원들이 선정한 20개 공학기술의 영향과 중요성을 담았다.",https://image.aladin.co.kr/product/50/81/cover500/8984983470_1.gif, 이인식...[등]지음, 생각의나무,2004
기술과학,세상을 향해 별을 쏘다,"대한민국 여성 공학도 22인의 열정과 혁신의 스토리가 담긴 책. 건축, 건설, 설계, 자동차, 화학, 소프트웨어, 전기 등 여성 불모지인 이공학계의 편견과 한계를 극복하고 우뚝 선 여성 엔지니어 22인의 멋진 승부가 생생하게 펼쳐진다.",https://image.aladin.co.kr/product/2294/49/cover500/893496099x_1.jpg, 한국여성공학기술인협회 펴냄, 김영사,2012
기술과학,(핵심 예제로 배우는)아두이노 프로그래밍,테크 러닝 시리즈 1권. 이 책은 아두이노를 배우려는 모든 독자에게 체계적인 학습 방향을 제시한다. 핵심 내용만 간추린 이론과 실습을 위한 회로도를 충분히 실어 아두이노를 처음 만져본 독자라도 어렵지 않게 책 내용을 따라 할 수 있을 것이다.,https://image.aladin.co.kr/product/5026/59/cover500/1185890092_1.jpg, 허경용 지음, 제이펍,2014
기술과학,전자부품을 활용하자. III,,https://image.aladin.co.kr/product/27/87/cover500/8986412276_1.gif, 김보연 저, 한진,2001
기술과학,시골똥 서울똥,육식을 주로 하는 서양인들이 냄새 나는 배설물을 치워버리기 위해 수세식 화장실을 발달시킨 데 비해 초식 문화권의 우리 조상들은 똥을 귀하게 여기고 소중하게 다뤘다. 똥이 먹을거리를 생산하는 데 꼭 필요한 거름의 재료로 쓰였기 때문이다. 오죽하면 “밥은 나가서 먹어도 똥은 집에 가서 싼다”고 했을까?,https://image.aladin.co.kr/product/418/76/cover500/8975278344_1.jpg, 안철환 지음, 들녘,2009
기술과학,사라진 내일,"우리가 버리는 그 많은 쓰레기는 어디서 왔으며, 어디로 가는 것일까? 이 책은 우리가 쓰레기 처리를 끝냈다고 생각하는 바로 그 시점이 사실은 쓰레기가 처리되는 과정의 시작일 뿐임을 폭로한다. 재활용되리라 믿으면서 애써 종류별로 나누어 버렸던 캔이나 종이가 대부분 결국은 그대로 쓰레기가 되고 만다는 것, 좀 더 정확히 말하면 매립되거나 소각되거나 먼 바다에 투기되고 있다는 사실을 밝혀낸다.",https://image.aladin.co.kr/product/427/3/cover500/8991097960_1.jpg, 헤더 로저스 지음;이수영 옮김, 삼인,2010
기술과학,행복한 독종,"《공부하는 독종이 살아남는다》의 이시형 박사가 제안하는 라이프사이클의 신패러다임. 달라진 라이프사이클을 분명하게 인지하고, 남은 미래를 똑똑하게 설계하는 법에 대해 얘기한다. 대한민국에 뇌과학의 대중화를 이끈 선구자이자 정신과 전문의인 이시형 박사는 ‘평생 자기계발 프로젝트’라는 부제답게 건강, 공부, 일, 사회생활 전반에 걸쳐 인생을 관리하는 법에 대해 조언한다.",https://image.aladin.co.kr/product/762/36/cover500/8901110865_1.jpg, 이시형 지음, 리더스북,2010
기술과학,(아이버릇 명쾌하게 잡아주는)슈퍼내니 따라하기,2004년 영국에서 처음 제작되었고 ABC-TV를 통해 미국판이 제작되어 전 세계 47개국에서 방영된 육아 다큐 프로그램 '슈퍼내니'의 카운슬러 조 프로스트가 정리한 자녀교육서이다. '못 말리는 악동'들을 사랑스런 아이들로 바꾸는 육아원리를 담은 이 책은 출간되자마자 뉴욕타임스 베스트셀러 1위에 올랐다.,https://image.aladin.co.kr/product/67/45/cover500/8990496292_1.jpg, 조 프로스트 지음;오혜경 옮김, 마고북스,2009
기술과학,기억을 찾아서,뇌에 기억이 저장되는 신경학적 메커니즘을 밝혀내 2000년 노벨 생리의학상을 수상한 우리 시대 가장 위대한 과학자 에릭 캔델의 자서전 『기억을 찾아서』가 새로운 디자인의 개정판으로 재출간되었다.,https://image.aladin.co.kr/product/4953/8/cover500/8925554712_1.jpg, 에릭 R. 캔델 지음;전대호 옮김, 알에이치코리아,2014
기술과학,"커넥톰, 뇌의 지도","게놈 프로젝트 이후 최대의 과학혁명이라 불리며 전 세계 과학계의 주목을 받고 있는 '커넥톰' 연구 분야의 세계적 권위자, MIT 교수 승현준 박사가 커넥톰 연구과정과 그 성과, 그리고 미래 비전에 대해 쓴 첫 번째 대중서이다.",https://image.aladin.co.kr/product/3931/85/cover500/8934967056_1.jpg, 승현준 지음;신상규 옮김, 김영사,2014
기술과학,(교양인을 위한)노벨상 강의,"노벨상이 이룬 기적과 성과를 다른 학문 연구자와 교류하고 교양인에게도 알려주고자 기획된 <교양인을 위한 노벨상 강의> 시리즈가 “물리학상 편”, “생리의학상 편”으로 나뉘어 김영사에서 출간되었다. 현대 과학의 새로운 흐름을 주도한 기라성 같은 석학들의 이론을 한눈에 펼쳐 보이며, 인류가 걸어온 지知의 발전사를 개괄한다.",https://image.aladin.co.kr/product/1402/82/cover500/8934955384_1.jpg, 야자와 사이언스 연구소 지음;박선영 옮김, 김영사,2011
기술과학,전기기능사 필기,풍부한 강의경험과 실무지식을 바탕으로 최근출제경향에 맞추어 내용을 체계적으로 구성하여 수험자가 쉽게 공부할 수 있도록 구성한 책이다. 전기에 대한 기초지식이 없이도 누구나 쉽게 접근할 수 있도록 강의식 내용구성으로 전기에 대한 흥미를 가질 수 있도록 하였다.,https://image.aladin.co.kr/product/24403/56/cover500/8927436288_1.jpg," 김종남,이현옥,한상욱 [공]지음", 예문사,2020
기술과학,전기기능사 필기,풍부한 강의경험과 실무지식을 바탕으로 최근출제경향에 맞추어 내용을 체계적으로 구성하여 수험자가 쉽게 공부할 수 있도록 구성한 책이다. 전기에 대한 기초지식이 없이도 누구나 쉽게 접근할 수 있도록 강의식 내용구성으로 전기에 대한 흥미를 가질 수 있도록 하였다.,https://image.aladin.co.kr/product/24403/56/cover500/8927436288_1.jpg," 김종남,이현옥,한상욱 [공]지음", 예문사,2020
기술과학,(2020 초Speed)전기 기능사:필기,각 과목별로 정리되는 중요한 공식과 요약 등을 되도록 쉽게 이해할 수 있도록 서술한 교재다. 출제 빈도가 높은 유형의 문제 등을 표기하였다. 또한 자주 출제되는 핵심이론으로 먼저 기본이론을 학습한 후 Key Point를 통해 한 번 더 기본개념을 학습할 수 있도록 구성하였다.,https://image.aladin.co.kr/product/22673/50/cover500/s622636932_1.jpg, 전기자격시험연구회 지음, BM성안당,2019
기술과학,디자인이 만든 세상,일상생활에서 마주치는 공간과 사물에 담긴 디자인 공학에 대한 이야기를 담고 있는 책이다. '디자인'과 그것의 '공학적 의미'를 사고의 중심에 두었을 때 세상을 얼마나 다르게 볼 수 있는지에 대한 경험을 선사한다.,https://image.aladin.co.kr/product/56/43/cover500/8984984418_1.jpg, 헨리 페트로스키 지음;문은실 옮김, 생각의 나무,2008
기술과학,테크놀로지의 걸작들,"수레바퀴에서 보잉777기에 이르기까지 지금 우리가 누리고 있는 각종 현대 기술들이 탄생하고 발전한 과정을 추적했다. 당대에 존재했던 각종 기계의 설계도와 삽화 등을 곁들여 이집트의 굴절 피라미드 건축, 고딕 성당을 지은 건축가와 공학자들의 훈련 과정, 레오나르도 다 빈치의 선구적인 아이디어 등의 에피소드를 흥미롭게 묘사했다.",https://image.aladin.co.kr/product/67/81/cover500/8984986054_1.jpg, 엘머 E. 루이스 지음;김은영 옮김, 생각의 나무,2006
기술과학,(세상을 바꾸는)여성 엔지니어,"한국의 공학계를 대표할만한 여성 엔지니어 18인이 모여 공학과 여성의 상관관계를 탐색한다. 사회의 변화 추이, 우리 공학의 발전 방향 등 나아갈 방향을 모색했고 그들의 현장 경험담까지 실었다.",https://image.aladin.co.kr/product/46/2/cover500/8984983047_1.gif," 최순자 외, 지음", 생각의 나무,2008
기술과학,미래를 나르는 배,,https://image.aladin.co.kr/product/46/82/cover500/8978890989_2.jpg, 채수종 지음, 지성사,2008
기술과학,대한민국 건설 : 불가능은 가능이다,"우리나라가 빚어낸 세계 일등의 상품과 기술들을 소개하는 ‘월드 베스트 시리즈’의 일곱 번째 책, 우리나라가 건설 분야의 최강자로 서기까지 그 살아있는 신화의 순간들을 기록했다. 리비아 대수로, 카룬 댐, 페트로나스 트윈 타워 등 세계 건설 역사의 한 획을 그은 대공사의 과정과 건설 현장의 숨은 얘기들이 펼쳐진다. 또한, ‘토목을 중심으로 풀어쓴 우리나라 역사와 경제’ 등을 통해 우리나라의 토목 발달사와 토목이 가져온 눈부신 경제성장에 대해서도 살폈다.",https://image.aladin.co.kr/product/292/26/cover500/8978891845_1.jpg, 박길숙 지음, 지성사,2008
기술과학,APARTMENT COMPLEX,,https://image.aladin.co.kr/product/42/39/cover500/8985507230_1.jpg, 조경편집부 편저, 조경,2003
기술과학,(우리가 정말 알아야 할)우리 김치 백 가지,"오랫동안 우리 음식을 연구하고 보급해온 저자가 우리의 대표적인 음식인, '김치'를 총망라한 책. 재료와 기후에 따라 전혀 다른 맛을 낼 수 있는 발표식품 김치의 맛을 제대로 살려내어 소개하면서, 한편으론 김치를 응용한 요리 24점을 선보인다.",https://image.aladin.co.kr/product/21/63/cover500/893231263x_1.jpg, 한복려 지음, 현암사,2009
기술과학,의학 오디세이,"앤 루니 저자가 이번에는 의학의 역사를 들고 왔다. <의학 오디세이>는 인류의 의학이 겪어온 거의 모든 이야기를 들려주는 책이다. 해부와 관찰, 경험에 따라 인체를 하나하나 알아가는 과정과 전 세계 인류의 역사를 뒤흔든 질병의 역사가 있다.",https://image.aladin.co.kr/product/3724/15/cover500/8961671235_1.jpg, 앤 루니;최석진, 돋을새김,2014
기술과학,디자인이 만든 세상,일상생활에서 마주치는 공간과 사물에 담긴 디자인 공학에 대한 이야기를 담고 있는 책이다. '디자인'과 그것의 '공학적 의미'를 사고의 중심에 두었을 때 세상을 얼마나 다르게 볼 수 있는지에 대한 경험을 선사한다.,https://image.aladin.co.kr/product/56/43/cover500/8984984418_1.jpg, 헨리 페트로스키 지음;문은실 옮김, 생각의나무,2009
기술과학,(작은 생각이)세상을 바꿨어요,"세상을 바꾼 위대한 발명과 숨은 뒷 이야기를 재미있고, 체계적으로 들려주는 책. 발명품들은 다른 세상으로 탐험할 수 있게 해 주고, 또 생활을 즐길 수 있도록 해 준다. 이 책에서는 이런 발명품을 '천재', '대단한 도구', '간편한 도구', '이동수단', '문화생활 도구'까지 5개의 테마로 나누어 알려준다.",https://image.aladin.co.kr/product/832/41/cover500/8993577129_1.jpg, 줄리에 페리스 외 지음;김성은 번역, 파인앤굿,2010
기술과학,(Win-Q)전기기능사. [1]: 필기,"EBS 교육방송 교재다. 제1편은 핵심이론+핵심예제로, 제2편은 과년도+최근 기출복원문제로 구성되었다. 이외에 학생들이 꼭 알고 시험에 응시해야 할 핵심키워드만을 엄선한 합격비법 핵심요약집 빨간키를 수록하였다.",https://image.aladin.co.kr/product/16867/52/cover500/k362534978_1.jpg, 김대범;한규철 편저, 시대고시기획,2018
기술과학,(Win-Q)전기기능사. [1]: 필기,"EBS 교육방송 교재다. 제1편은 핵심이론+핵심예제로, 제2편은 과년도+최근 기출복원문제로 구성되었다. 이외에 학생들이 꼭 알고 시험에 응시해야 할 핵심키워드만을 엄선한 합격비법 핵심요약집 빨간키를 수록하였다.",https://image.aladin.co.kr/product/16867/52/cover500/k362534978_1.jpg, 김대범;한규철 편저, 시대고시기획,2018
기술과학,우리 집이 숲이 된다면,"하루가 멀다 하고, 1급 발암물질 미세먼지 수치가 ‘매우 나쁨’을 넘나들고, 아침마다 마스크를 꼭 챙기라는 기상캐스터의 당부를 들으며 출근해야 하는 대한민국. 미세먼지 수치가 높은 날엔 어김없이 코피를 쏟는 아들을 보며 미세먼지와의 전쟁을 선포한 평범한 엄마의 고군분투 기록이다.",https://image.aladin.co.kr/product/14694/77/cover500/8925563762_1.jpg, 정재경 지음, 알에이치코리아,2018
기술과학,엄마 공부가 끝나면 아이 공부는 시작된다,"세 아이를 사교육 없이 영재로 키운 푸름이 닷컴의 육아 멘토 서안정 작가. 이 책은 개성 강한 세 아이들의 사춘기를 함께 통과하면서 육아가 무엇인지, 아이를 어떻게 키워야 하는지, 어떻게 하면 스스로 공부하는 아이로 키울 수 있는지 등 부모들에게 꼭 전달하고 싶은 이야기를 10개의 씨앗을 통해 알려준다.",https://image.aladin.co.kr/product/19211/1/cover500/8947544795_1.jpg, 서안정 지음, 한국경제신문,2019
기술과학,(임상 적용을 위한)미술 치료 기법,,https://image.aladin.co.kr/product/13925/55/cover500/8999715353_1.jpg, 김인선 외 지음, 학지사,2018
기술과학,"(우울, 불안, 외상후 스트레스장애와 만나는)미술치료 열두 달 프로그램. 5","미술치료 열두 달 프로그램 5권. 심리적으로 어려움을 겪는 이들과 만나 임상 현장에서 미술치료를 함께하며 경험하게 되는 다양한 사례, 그 사례들을 풀어 가며 마주하게 되는 치료사의 역할 등을 함께 나누고자 하는 마음에서 시작되었다.",https://image.aladin.co.kr/product/8715/95/cover500/8999709817_1.jpg, 최외선 외 지음, 학지사,2016
기술과학,의료 및 약학계열 종사자를 위한 항생제 열전(의료 및 약학계열 종사자를 위한):유진홍 교수의 이야기 경영학 시리즈 2,이야기 감염학 시리즈 제2권. 항생제가 초기의 모습으로 시작해서 어떻게 단점을 보완하고 어떻게 힘을 더 기르게 되었는지를 집중적으로 다루는 책이다. 항생제 각각의 종류마다 ‘왜’ 이런 능력을 갖추게 되었는가를 시대 순서에 따른 변천사로 설명하고 있다.,https://image.aladin.co.kr/product/18779/53/cover500/k362635376_1.jpg, 유진홍 지음, 군자출판사,2019
기술과학,최신 정신건강간호학: 각론(최신),,https://image.aladin.co.kr/product/18649/47/cover500/8960697605_1.jpg, 김희숙 지음, 학지사메디컬,2019
기술과학,응급간호학,,https://image.aladin.co.kr/product/18708/32/cover500/k452635875_1.jpg, 비키 스위트 외 지음, 메디컬사이언스,2019
기술과학,성인간호학. 1,,https://image.aladin.co.kr/product/13083/6/cover500/k702532991_1.jpg, 황옥남 외 지음, 현문사,2018
기술과학,(1일 1분!! 디톡스)림프 스트레칭,"우리 몸의 림프를 자극하여 순환을 돕는 '림프 스트레칭'은 여러 가지 건강 이상 신호에 효과적으로 대처하여 건강을 찾아주는 놀라운 프로그램이며, 이미 많은 분의 경험을 통계로 그 효과를 검증해 오고 있다. 이 책에서는 림프 스트레칭의 다양한 효능 중 '독소 배출'을 중점으로 소개한다.",https://image.aladin.co.kr/product/18153/15/cover500/8973233815_1.jpg, 카토 마사토시 지음;시사문화사 편집부 옮김, 시사문화사,2019
기술과학,성인간호학. 2,,https://image.aladin.co.kr/product/13083/11/cover500/k882532991_1.jpg, 황옥남 외 지음, 현문사,2018
기술과학,암의 역습,"암 전문의로 50여 년간 4만 명 이상의 암 환자를 진료하고 경험했던 것 중 ‘암 표준치료로 죽어간 사람들’의 사례를 낱낱이 밝힌다. 이 책을 통해 독자들은 암에 관해 올바르게 알고, 과학적이고 실천적인 마음가짐으로 ‘암의 역습’을 당하지 않기 위한 노하우를 터득할 수 있다.",https://image.aladin.co.kr/product/29065/17/cover500/k542836559_1.jpg, 곤도 마코토 지음;배영진 옮김, 전나무숲,2022
기술과학,우리나라 협소주택,"협소주택 짓기 가이드북. 도심 속 자투리땅을 찾아 작은 집을 짓고 사는 서른 채의 사례를 찾아 상세히 소개한다. 부지 선정 이유와 건물 배치 아이디어, 도로와 주변 집들로 인한 제한 사항들의 극복 방안, 동선과 수납을 고려한 공간 활용법까지 알차게 취재하였다.",https://image.aladin.co.kr/product/12456/5/cover500/8966030386_1.jpg, 전원속의 내집 편집부 지음, 주택문화사,2020
기술과학,전자회로 기초,"전자회로 분야를 처음 접하는 독자들이 전체적인 개념을 이해하고 싶을 때나, 전자회로를 공부하려는 2년제 학생들 또는 이제 막 관련 업무를 시작하는 엔지니어들이 짧은 시간에 전체적인 개념을 이해하고자 할 때 활용할 수 있도록 집필된 교재다.",https://image.aladin.co.kr/product/27666/51/cover500/k342733234_1.jpg, 하정우 지음, B.C.Info,2021
기술과학,(한 가지 조리법으로 식탁이 풍성해지는)솥밥보다 쉬운 후라이팬밥,"솥밥이 많은 사랑을 받는 요즘, 보다 새롭고 간단한 조리법으로 보기에도, 맛도 좋은 후라이팬밥을 소개한다. 친숙한 조리 도구인 후라이팬으로 쉽고 간단하게 완성되는 원팬 요리다. 재료만 준비되면 12분만에 완성되는 초간단 요리다.",https://image.aladin.co.kr/product/29261/83/cover500/k492837703_1.jpg, 김희종 지음, 맛있는책방,2022
기술과학,질병의 연금술,"우리와 가깝지만 낯선 독성학이라는 분야를 자세하게 소개하는 책이다. 세계적인 독성학자인 존 와이스너는 독성학의 기본 개념과 역사, 그리고 독성학의 눈부신 발전의 순간들을, 독성학 분야에 평생 몸담으며 직접 경험했던 자신의 개인적인 이야기들과 함께 능숙하게 엮어냈다.",https://image.aladin.co.kr/product/29205/37/cover500/897291763x_1.jpg, 존 와이스너 지음;이덕환 옮김, 까치,2022
기술과학,3D 프린터 101,"3D 프린터를 이용한 개인 제작에 관심이 있는 인문학도, 디자이너, 학생 등 일반인을 대상으로 하는 입문서. 작동시키는 데 필요한 실전 지식을 기초부터 활용까지 폭넓게 다루어, 3D 프린터를 아직 접하지 않은 입문자와 더 깊이 파고들고 싶은 사용자에게 유용하다.",https://image.aladin.co.kr/product/10332/14/cover500/8968483426_1.jpg, 안상준;정재학 [공]지음, 한빛미디어,2017
기술과학,종이가 만든 길,"철학과 경제학, 정치학과 인문 분야를 넘나드는 세계적 석학, 에릭 오르세나의 종이 이야기. 종이를 맨 처음 발명한 '사람들'에서 시작해 오랜 세월 동안 중국대륙 안에 머물러 있던 종이가 어떻게 아랍을 거쳐 유럽대륙으로, 더 나아가 전 세계로 퍼져 나갈 수 있었는지 이야기한다.",https://image.aladin.co.kr/product/3971/52/cover500/8964231686_1.jpg, 에릭 오르세나 지음;강현주 옮김, 작은씨앗,2014
기술과학,(Win-Q)전기기능사 필기 단기완성,제1편은 핵심이론+핵심예제로 구성되었다. 필수적으로 학습해야 하는 중요한 핵심이론들을 각 과목별로 분류하여 수록하였고 시험에 자주 나오는 핵심예제를 엄선해 이론과 문제를 한 번에 학습할 수 있다. 제2편은 과년도+최근 기출복원문제로 구성되었다.,https://image.aladin.co.kr/product/21266/16/cover500/k192636287_1.jpg, 김대범;한규철 편저, 시대고시기획,2020
기술과학,(Win-Q)전기기능사 필기 단기완성,제1편은 핵심이론+핵심예제로 구성되었다. 필수적으로 학습해야 하는 중요한 핵심이론들을 각 과목별로 분류하여 수록하였고 시험에 자주 나오는 핵심예제를 엄선해 이론과 문제를 한 번에 학습할 수 있다. 제2편은 과년도+최근 기출복원문제로 구성되었다.,https://image.aladin.co.kr/product/21266/16/cover500/k192636287_1.jpg, 김대범;한규철 편저, 시대고시기획,2020
기술과학,3분만 바라보면 눈이 좋아진다,"쉽고 간단해서 꾸준히 실천할 수 있고, 과학적으로 그 효과가 검증된 시력 개선법, 바로 ‘가보르 아이’를 소개한다. 노벨물리학상 수상자 데니스 가보르 박사가 발명해낸 ‘가보르 패치’를 이용해 게임처럼 트레이닝 할 수 있는 가보르 아이를 실천하면 하루 3분만 투자해도 눈이 좋아진다.",https://image.aladin.co.kr/product/20406/7/cover500/8965708516_1.jpg, 히라마쓰 루이 지음;김소영 옮김, 쌤앤파커스,2019
기술과학,일상이 예술이다:나만의 시선으로 일상의 아름다움 발견하기,"독자들을 ‘SEE FOR YOURSELF!, 즉 ‘창조적으로 바라보기’의 세계로 안내한다. 세상을 다르게 보는 예술적 시각, 바로 이 책의 핵심 주제이다. 한마디로 이 책은 시각적 경험을 위한 ‘D.I.Y. BOOK’이라고 할 수 있다.",https://image.aladin.co.kr/product/21533/88/cover500/8998690373_1.jpg, 랍 포브스 지음, 페이퍼스토리,2019
기술과학,도구과 기계의 원리,,https://image.aladin.co.kr/product/34/31/cover500/8953295513_1.gif, 데이비드 맥컬레이 지음;박영재 외 옮김, 서울문화사,2009
기술과학,(우리가 정말 알아야 할)환경 상식 백가지,환경문제 전문가인 저자가 환경에 관한 지식을 체계적으로 해설하고 있다. 전체 10장에 나눠 담은 환경 상식은 `지하철의 공기 오염은 얼마나 심각한가` `정수기를 올바르게 선택하려면 어떻게 해야 하나` `지구는 살아 있는 생명체인가`의 문제 등 생활에 필요한 지식에서부터 환경이론에 이르기까지 환경문제 전반을 다루고 있다..,https://image.aladin.co.kr/product/17/36/cover500/8932313660_1.jpg, 구자건 지음, 현암사,2009
기술과학,힐링 코드,10여 년간 우울증을 앓으며 자살 직전까지 갔던 아내를 치유하고자 전 세계를 헤매던 심리학자 알렉산더 로이드 박사. 그는 2001년 스트레스를 소멸시켜 체내기능을 활성화시키는 치유법 ‘힐링 코드’를 발견해내고 마침내 아내를 긴 고통의 터널에서 구해주었다. 힐링 코드는 간단한 동작을 통해 몸의 에너지를 회복시켜 모든 질병과 증상의 최대 95퍼센트의 원인이라 불리는 스트레스를 풀어주는 방법이다.,https://image.aladin.co.kr/product/1326/64/cover500/8952762975_1.jpg, 알렉산더 로이드;벤 존슨 [공]지음;이문영 옮김, 시공사,2011
기술과학,다기능 실험실습장비를 이용한 전자회로실습응용,,https://image.aladin.co.kr/product/1245/11/cover500/8965870283_1.jpg, 남상엽;신종렬;박정석 [공]지음, 상학당,2011
기술과학,(Proteus를 이용한)정보통신 전자회로 실습,,https://image.aladin.co.kr/product/1893/70/cover500/8997895125_1.jpg, 조문형;최성영 [공]저, 知&Book,2012
기술과학,솔리드 웍스 3차원 모델링 예제집,메카피아 3D CAD 활용서 시리즈. 이 책은 3D 모델링 실무기술교육 교재로 활용하기 위해 개발한 도서다. 이 책에 나오는 다양한 모델링 방식을 익히게 된다면 거의 대부분의 메이저급 3D CAD를 다루는데 많은 도움이 될 것이다.,https://image.aladin.co.kr/product/3777/98/cover500/118527605x_1.jpg, 조성일 지음, 메카피아,2014
기술과학,아두이노 프로젝트 65,아두이노 입문자와 중급자에게 적합한 도서이며 쉬운 수준의 프로젝트에서부터 실무적인 수준의 프로젝트까지 총 65개의 풍부한 프로젝트를 제공하기 때문에 입문자에게는 탄탄한 기초를 쌓을 수 있는 기회와 중급 이상의 수준으로 나아갈 수 있는 길을 제공한다.,https://image.aladin.co.kr/product/4071/70/cover500/899477467x_1.jpg, 존 복살 지음;전철 옮김, 비제이퍼블릭,2014
기술과학,디지털 논리회로 실험,,https://image.aladin.co.kr/product/170/33/cover500/8991656404_1.jpg, 김수욱;안종복;이동신;류근채 지음, 태영문화사,2010
기술과학,골든아워. 2,"외상외과 의사 이국종 교수가 눌러쓴 삶과 죽음의 기록이다. 저자는 17년간 외상외과 의사로서 맞닥뜨린 냉혹한 현실, 고뇌와 사색, 의료 시스템에 대한 문제의식 등을 기록해왔다. 2013~2018년간의 이야기인 2권의 개정증보판.",https://image.aladin.co.kr/product/28184/10/cover500/8965964709_1.jpg, 이국종 지음, 흐름,2021
기술과학,최원형의 청소년 소비 특강,"10대를 위한 인문학 특강 시리즈 2권. 쓰레기 때문에 병들고 있는 지구를 살리기 위해 청소년들에게 소비와 자원 낭비를 줄이는 자원 순환과 재생의 중요함을 알려주며, 일상생활 속에서 쉽게 실천할 수 있는 지혜로운 소비와 쓰레기 재활용 방법들에 대한 이야기를 담고 있다.",https://image.aladin.co.kr/product/12459/14/cover500/k032532765_1.jpg, 최원형 지음, 철수와영희,2017
기술과학,집 놀이,"전문가이자 생활인 김진애의 내공이 고스란히 담긴,‘공간 감수성’ 제고를 위한?집?에세이. 우리의?집을 집답게 만들기 위해서?전혀 새로운, 그러나 가장 시급하고 가장 현실적인 조언들이 가득하다.",https://image.aladin.co.kr/product/11380/16/cover500/8983718072_2.jpg, 김진애 지음, 반비,2018
기술과학,(SBS 스페셜)공기의 종말,,https://image.aladin.co.kr/product/13535/63/cover500/d802837197_1.jpg, SBS미디어센터 제작, SBS미디어센터,2018
기술과학,Make: 라즈베리 파이 로봇,"라즈베리 파이로 제어 가능한 탐사용 로봇, 로버를 만드는 하나의 프로젝트를 단계별로 다룬 책. 로버 한 대를 제작하는 데 필요한 모든 지식을 한 권의 책에 담았다.",https://image.aladin.co.kr/product/6555/67/cover500/8968482144_1.jpg, 볼프람 도낫 지음;이하영 옮김, 한빛미디어,2015
기술과학,Make: 센서,"다양한 센서를 두 종류의 마이크로컨트롤러 보드인 라즈베리 파이와 아두이노에 적용해 보고, 부품 테스트와 실전 프로젝트를 통해 센서의 사용법 및 활용법을 알려 준다.",https://image.aladin.co.kr/product/6730/37/cover500/8968482209_1.jpg, 테로 카르비넨;키모 카르비넨;빌리 발토카리 [공]지음;남기혁;지영민, 한빛미디어,2015
기술과학,"빌 게이츠, 기후 재앙을 피하는 법",빌 게이츠가 10년간 올인한 바로 그 주제! 기후재앙을 피하기 위한 명확한 목표와 근본적인 해법을 담은 책이다.,https://image.aladin.co.kr/product/26366/84/cover500/8934991364_2.jpg," 빌 게이츠 지음;김민주,이엽 옮김", 김영사,2021
기술과학,엔지니어 정약용,"정약용을 실학자로 한정지어 바라보는 시각에서 과감히 벗어나 실천가로서 조선의 엔지니어로 재조명한 책이다. 정약용의 업적을 토목.건축.도시.기계.자동차.조선 공학 등 여섯 개 분야로 나누어 200여 개의 도판과 함께 구체적으로 살펴보고, 정약용이 활동하던 시기에 태동하던 근대 공학의 움직임을 날카롭게 짚어낸다.",https://image.aladin.co.kr/product/11683/46/cover500/k612531518_1.jpg, 김평원 지음, 다산초당,2018
기술과학,질병이 바꾼 세계의 역사,"질병은 수많은 사람들의 생명을 위협하여 역사에 영향을 미쳤다. 이 책은 페스트와 천연두, 에이즈까지 인류를 위협한 전염병과 알렉산더 대왕부터 히틀러까지 최고 권력자들의 질병에 대한 기록이다.",https://image.aladin.co.kr/product/23465/52/cover500/8959896411_3.jpg, 로날트 D. 게르슈테 지음;강희진 옮김, 미래의창,2020
기술과학,질병이 바꾼 세계의 역사,"질병은 수많은 사람들의 생명을 위협하여 역사에 영향을 미쳤다. 이 책은 페스트와 천연두, 에이즈까지 인류를 위협한 전염병과 알렉산더 대왕부터 히틀러까지 최고 권력자들의 질병에 대한 기록이다.",https://image.aladin.co.kr/product/23465/52/cover500/8959896411_3.jpg, 로날트 D. 게르슈테 지음;강희진 옮김, 미래의창,2020
기술과학,(SK하이닉스 25년 반도체 전문가가 들려주는)반도체 특강: 소자편,"반도체 관련 학과 학생, 반도체 업종에서 근무하거나 반도체와 연관된 전문 분야에서 일하고자 하는 이들을 대상으로 집필된 책이다. 반도체에 대한 개념을 다지고 기본 원리를 이해하여 실무에 폭넓게 활용할 수 있도록 했다.",https://image.aladin.co.kr/product/30702/96/cover500/k022830044_2.jpg, 진종문 지음, 한빛아카데미,2022
기술과학,(쉽게 배우는)반도체 프로세스,반도체 비즈니스에 종사하고 있거나 반도체 산업 전반에 흥미를 가진 비전문가를 포함해 사회인과 학생을 대상으로 집필되었다. 오랜 시간 반도체 기업에 근무했던 필자는 그간의 경험을 살려 되도록 실무 위주의 현장 용어를 사용하려 했다.,https://image.aladin.co.kr/product/31708/69/cover500/k772833792_1.jpg, 사토 준이치 지음;조성환 옮김, 북스힐,2023
기술과학,(2022 쉽게 풀어쓴)전자캐드기능사 실기,"혼자서 쉽게 따라 연습하면서 익힐 수 있는 교재이고, 학교에서 수업 시간에 활용하기에도 적합하다. 무엇보다 2020년 3회 시험부터 개정된 실기시험에 대비하여 학습자 중심에서 이해하기 쉽고 따라하기 쉽도록 구성하는 데 중점을 두고 만들었다.",https://image.aladin.co.kr/product/27468/32/cover500/8931550626_1.jpg, 최미선 지음, 성안당,2021
기술과학,전자캐드기능사 실기,"현재 국내에서는 PC 기반의 다양한 ECAD 프로그램(OrCAD, PADS, Altium Designer 등)이 사용되고 있다. 일선 산업현장과 교육기관에 많이 보급되고 사용되고 있는 OrCAD 16.6 버전을 기준으로 회로의 설계와 PCB 설계를 쉽게 학습할 수 있도록 3개의 장으로 구성한 수험서다.",https://image.aladin.co.kr/product/28452/71/cover500/8968133506_1.jpg, 캐드문제연구회 지음, 엔플북스,2021
기술과학,(식객 허영만의)백반기행 베스트 500,대한민국 대표 미식가 식객 허영만. 〈식객 허영만의 백반기행〉 방영 200회를 기념해 4년 동안 맛본 900여 식당 중에서 '베스트 500곳'을 선정해 한 권에 담았다.,https://image.aladin.co.kr/product/31679/58/cover500/k552833785_1.jpg, 허영만;TV조선 제작팀 [공]지음, 가디언,2023
기술과학,코바늘 수세미 원데이 클래스,"코바늘의 매력을 꾹꾹 눌러 담았다. 뜨개를 시작하기 어렵고 두려워하는 초보자들을 위한 자세하고 친절한 설명은 물론, 귀엽고 실용적인 도안이 가득해 즐거움을 쫓아 수업을 함께 하다 보면 일상에 도움이 되는 유용함까지 함께 따라온다.",https://image.aladin.co.kr/product/28595/83/cover500/k842835751_1.jpg, 이서진 지음, 길벗,2022
기술과학,(Win-Q)3D프린터운용기능사. 2023,"3D프린터에 대한 전반적인 이론을 숙지하고 실전에서 활용할 수 있는 인력을 양성하기 위한 도서로, 핵심이론 및 핵심예제뿐만 아니라 적중모의고사를 한 권으로 구성해 단기간에 학습할 수 있도록 하였다.",https://image.aladin.co.kr/product/30104/68/cover500/k232839785_1.jpg, 김철희 편저, 시대고시기획,2023
기술과학,"로봇 다빈치, 꿈을 설계하다","「파퓰러사이언스」가 선정한 '젊은 천재 과학자 10인' 데니스 홍. 이 책은 그가 일곱 살에 품기 시작한 꿈을 어떻게 지키고 따라갔는지, 그 꿈의 탄생과 성장과 실현 그리고 세상을 위해 꿈을 전파한 과정을 온몸으로 써내려간 성장 에세이다.",https://image.aladin.co.kr/product/2476/47/cover500/8946418370_1.jpg, 데니스 홍 지음, 샘터사,2013
기술과학,(내 몸을 바꾸는) 365일 자전거 다이어트,"배불뚝이 아저씨가 자전거를 만나 다이어트에 성공한 비법을 알려주는 책. 자전거가 건강에 좋은 이유는 무엇인지, 자전거를 비롯한 각종 장비는 어떻게 마련하는지, 자전거 운동을 어떻게 실천해야 하는지, 음식은 어떻게 섭취해야 하는지 등을 구체적인 사진과 함께 친절하게 소개한다.",https://image.aladin.co.kr/product/394/30/cover500/8996161810_1.jpg, 이시와타리 야스시 지음;이서연 옮김;손현수 그림, 작은거인미디어,2009
기술과학,"오늘부터, 자전거","이제 막 자전거와 함께하는 생활을 꿈꾸는 이들, 혹은 이미 자전거를 타고 있지만 조금 더 즐거운 자전거 생활을 하고 싶은 이들을 위한 다정한 안내서이다. 자전거와 함께하는 평범한 일상들을 이야기하고 있다.",https://image.aladin.co.kr/product/2712/44/cover500/8996931225_1.jpg, 김희진 지음, 마호,2013
기술과학,Intel FPGA를 사용한 Processor / Logic 설계입문!,"FPGA 시스템 프로그램 개발 실전 가이드로, 입문에서 전문가 수준까지 친절하게 안내한다. VHDL/Verilog 개발 실전 코드를 제공하며, 단순 제어에서 카메라 디바이스 드라이버까지 광범위하게 체험할 수 있다.",https://image.aladin.co.kr/product/14645/22/cover500/k622532753_1.jpg, 이와타 토시오 지음;양준식 번역, CRZ,2018
기술과학,멋진롬 심플한 살림법,누구나 비우기로 심플라이프를 시작한다. 하지만 멋진롬이 주목 받은 이유는 오랜 시간 카페와 블로그에 글을 올리면서 인생 전체가 심플하게 바뀌고 많은 사람들이 그를 따라했기 때문이다. 일단 비우기를 시작하면 과소비를 반성하게 된다.,https://image.aladin.co.kr/product/8043/58/cover500/k842434745_1.jpg, 장새롬 지음, 진서원,2016
기술과학,네덜란드 소확행 육아,"새로운 육아 선진국으로 떠오르고 있는 네덜란드의 육아와 자녀교육의 풍경을 담았다. 최근 유니세프 조사에 의하면 세계에서 아동 행복지수가 가장 높은 나라는 네덜란드라는 결과가 있었다. 그것은 아동만 행복한 것이 아니라, 실제 육아를 담당하는 부모의 행복지수가 높다는 방증이기도 하다.",https://image.aladin.co.kr/product/16234/15/cover500/k212533758_1.jpg, 리나 메이 아코스타;미셸 허치슨 [공]지음;김진주 옮김, 예담Friend,2018
기술과학,전기기사 실기,"2001년~2017년까지 출제된 17개년 모든 기출문제를 자세한 해설과 퀄리티 높은 내용으로 구성하였다. 시험 내용만 정리한 담백한 이론을 담았으며, 시험시간도 거뜬한 넉넉한 문제 수를 수록하였다. 수험생 수준에 맞춘 학습관리시스템이다.",https://image.aladin.co.kr/product/13398/12/cover500/k582532209_1.jpg, 김상훈 지음, 한빛아카데미,2018
기술과학,최고의 엔지니어는 어떻게 성장하는가,기술이 변화하듯이 엔지니어로 성장하기 위해 갖추어야 할 것들도 변하고 있다. 2개 분야의 기술사 자격을 같은 해에 취득하여 화제가 되는 등 전통적인 기술 강국 일본에서 30년 경력의 베테랑 엔지니어이자 후배들의 멘토로 활동해 온 다쿠미 슈샤쿠가 들려주는 소모되지 않고 스스로 성장하는 엔지니어로 살아남는 법.,https://image.aladin.co.kr/product/16867/49/cover500/k262534978_1.jpg, 다쿠미 슈사쿠 지음;김윤정 옮김, 다산북스,2018
기술과학,졸업작품 만들기. 6,,https://image.aladin.co.kr/product/321/47/cover500/8971017805_1.jpg, 신동욱 지음, Ohm사,2009
기술과학,우리는 잘하고 있는 것일까,"세계의 다양한 관습과 문화를 연구하며 장기적인 트렌드를 예측, 전망하는 트렌드 분석가인 저자는 전 세계 교육 패러다임의 변화를 목격하며, 인류의 다음번 주인공들이 성공하기를 바라는 마음에서 이 책을 집필하기 시작했다.",https://image.aladin.co.kr/product/3103/73/cover500/8997132377_1.jpg, 송은주 지음, 행성비,2013
기술과학,대담한 작전,"유발 하라리의 《대담한 작전》 신장판이 출간되었다. 기존 표지 디자인을 전면 교체하는 것은 물론, 제본 방식도 양장으로 바꾸어 소장 가치를 더했다. 이 책에서 하라리는 자신의 전공인 중세 전쟁사를 본격적으로 다룬다.",https://image.aladin.co.kr/product/31833/69/cover500/k692833221_1.jpg, 유발 하라리 저자;김승욱 번역, 프시케의숲,2023
기술과학,Verilog HDL의 기초와 디지털 논리회로 설계,ASIC에 대한 개념과 ALTERA사에서 생산되는 디바이스를 소개하고 이를 이용하는 방법과 프로그램 사용법을 자세하게 설명하였다. 특히 초보자들이 독학으로 직접 만들어 보면서 CPLD와 FPGA의 개념을 습득하고 나아가 ASIC로 나갈 수 있는 기틀을 마련하고자 노력하였다.,https://image.aladin.co.kr/product/198/40/cover500/8931532059_1.jpg, 백주기 지음, 성안당,2008
기술과학,마흔에 읽는 동의보감,노화가 시작되는 시기인 40대에 맞춰 동의보감을 재해석한 책. 1부는 방대한 분량의 동의보감을 40대에 흔히 나타나는 몸과 마음의 병증에 초점을 맞춰 재구성했다. 2부는 동의보감 속에 녹아 있는 지혜를 바탕으로 마흔의 삶을 경영하는 법을 제시했다.,https://image.aladin.co.kr/product/2013/9/cover500/8901150824_1.jpg, 방성혜 지음, 리더스북,2012
기술과학,적정기술,,https://image.aladin.co.kr/product/1208/15/cover500/8992162324_1.jpg, 나눔과기술 지음, 허원미디어,2013
기술과학,(MP3 player 제작과 함께하는)ATmega 128 마이크로컨트롤러,,https://image.aladin.co.kr/product/88/26/cover500/8955500300_1.jpg, 이무영 외 지음, 사이텍미디어,2006
기술과학,북극곰은 걷고 싶다,"지구온난화로 바뀌고 있는 북극과 남극, 적도 등의 현장을 여행하고 취재한 환경에세이다. 저자는 ‘뜨거워서 아픈 지역’인 지구온난화의 최전선을 다니면서 꼼꼼히 자연과 인간의 변화상을 기록했다. 지구온난화로 인해 자기가 오랫동안 살아가던 주거지를 잃어가는 동물과 사람들의 이야기들을 조목조목 들려주면서, 과연 우리가 어떻게 해야 인간과 동물의 공존을 유지할 수 있는지를 돌아보게 해준다.",https://image.aladin.co.kr/product/454/71/cover500/8984313521_1.jpg, 남종영 지음, 한겨레,2010
기술과학,(브레드보드와 PSPICE를 이용한)전자회로 실험,,https://image.aladin.co.kr/product/799/19/cover500/8957172602_1.jpg, 정원섭 외 지음, 내하,2010
기술과학,"유럽, 빵의 위로","'유럽에서 만난 빵의 모든 것'이 담겨 있는 책이다. 저자는 독일에서 생활하는 4년 동안 매일 빵을 만나는 시간이 있었으며, 특히 이른 아침에 빵을 사러 가는 길은 하루 중 가장 좋아하는 순간이었다고 고백한다.",https://image.aladin.co.kr/product/2241/56/cover500/8959137146_1.jpg, 구현정 지음, 예담,2013
기술과학,(AVR) ATmega128A 바이블,저자는 그동안 AVR 마이크로컨트롤러에 관한 몇권의 책을 낸 바가 있다. 이러한 경험을 바탕으로 이번에는 고성능의 ATmega128A에 TFT-LCD 모듈을 결합하여 AVR의 기초부터 고급 응용까지를 단계적으로 익힐 수 있는 책을 쓰게 되었다.,https://image.aladin.co.kr/product/1195/59/cover500/8971017856_1.jpg, 尹德鏞 著, Ohm사,2011
기술과학,(소아정신과 의사 서천석의)그림책으로 읽는 아이들 마음,국내 및 해외의 그림책 100여 권을 망라하면서 오늘날 그림책의 지형도를 한눈에 볼 수 있도록 해 줄 뿐만 아니라 서천석 특유의 섬세하고 자상한 독법을 통해 육아에 지친 부모와 매 순간 성장의 단계를 넘어가려 애쓰는 아이들에게 보내는 위로와 격려의 시선을 느낄 수 있다.,https://image.aladin.co.kr/product/6069/2/cover500/8936472674_2.jpg, 서천석 지음, 창비,2015
기술과학,옷을 입다,,https://image.aladin.co.kr/product/12176/42/cover500/8958076658_1.jpg, 김혜정 지음, 뜨인돌,2017
기술과학,전자회로,,https://image.aladin.co.kr/product/2604/97/cover500/8945001654_1.jpg," Robert L. Boylestad,Louis Nashelsky 지음;김수원 외 옮김", 피어슨에듀케이션코리아,2015
기술과학,처음 만나는 전자회로,"책은 전자회로를 처음 배우는 공학계열 학생들을 위한 입문서로, 전자회로를 배울 때 가장 기본이 되는 중요한 내용을 엄선하여 담았다. 학생들이 어려워하는 회로해석 과정을 차근차근 다루었으며, 외워야 할 중요한 수식들은 직관적으로 보여준다.",https://image.aladin.co.kr/product/19788/12/cover500/k592635030_1.jpg, 황형수 지음, 한빛아카데미,2019
기술과학,(260개의 핵심 개념으로 이해하는)기초 전기전자 에센스,IT Cookbook 한빛 교재 시리즈. 전기·전자공학과 연계된 응용 과목을 이해하는 데 꼭 필요한 전기·전자공학의 기본 핵심 개념을 갖춘 입문서이다. 전기·전자공학의 방대한 개념 중 핵심 개념 260개를 뽑아 이를 토대로 비전공자들도 쉽게 이해할 수 있도록 간결하고 명확하게 서술했다.,https://image.aladin.co.kr/product/9950/95/cover500/k222536066_1.jpg," 모현선,장성용,홍익표 지음", 한빛아카데미,2017
기술과학,(260개의 핵심 개념으로 이해하는)기초 전기전자 에센스,IT Cookbook 한빛 교재 시리즈. 전기·전자공학과 연계된 응용 과목을 이해하는 데 꼭 필요한 전기·전자공학의 기본 핵심 개념을 갖춘 입문서이다. 전기·전자공학의 방대한 개념 중 핵심 개념 260개를 뽑아 이를 토대로 비전공자들도 쉽게 이해할 수 있도록 간결하고 명확하게 서술했다.,https://image.aladin.co.kr/product/9950/95/cover500/k222536066_1.jpg," 모현선,장성용,홍익표 지음", 한빛아카데미,2017
기술과학,나는 플랜트 엔지니어 입니다,"초보 플랜트 엔지니어가 5년에 걸쳐 하나의 프로젝트를 처음부터 끝까지 완수하며 성장하는 이야기이자, 플랜트 건설 프로젝트가 어떻게 시작하고 어떻게 마무리되는지 그 실무적인 과정을 현장감 있게 보여주는 상세한 기록이다.",https://image.aladin.co.kr/product/24790/60/cover500/k502633376_1.jpg, 박정호 지음, 플루토,2020
기술과학,집에서 즐기는 치즈,"치즈를 잘 알지 못하는 사람부터 더 깊이 있게 알고 싶은 중급자들까지 정확히 이해하고 즐길 수 있도록 도와준다. 또한 어떤 치즈를 구입해야 할지 망설여질 때, 구입한 치즈를 어떻게 먹을지 궁금할 때 곁에 두고 참고하기 좋은 친절한 안내서다.",https://image.aladin.co.kr/product/25211/70/cover500/8954674836_1.jpg, 조장현 지음;박재현 사진, 테이스트북스,2020
기술과학,아이를 위한 하루 한 줄 인문학: 유럽문화예술편,대한민국 대표 인문교육 멘토인 저자는 매년 철학의 본고장 유럽을 방문해 새롭고 낯선 자극 속으로 자신을 내던진다. 그리고 그 경험을 바탕으로 한 일상의 사색과 창작의 결과를 자신만의 독창적인 언어로 소개해왔다. 이번에는 유럽 최고의 건축물과 예술작품은 물론 그것을 창조해낸 예술가들의 생애를 따라가며 발견한 고전의 가치를 소개하고자 한다.,https://image.aladin.co.kr/product/25213/38/cover500/k212633705_1.jpg, 김종원 지음, 청림Life,2020
기술과학,눈·코·입·귀·촉,"우리가 가장 자연스럽고 쉽게 그리고 효과적으로 몸을 편안한 상태로 만드는 방법에 대해 이야기한다. ‘오감’이 바로 그 열쇠다. 눈으로 보는 것, 코로 숨 쉬는 것, 입으로 말하는 것, 귀로 듣는 것, 손으로 만지는 것, 이 다섯 가지를 몸이 편안해하는 상태로 만들어주면 거기부터 변화가 시작된다.",https://image.aladin.co.kr/product/25311/33/cover500/k322633409_1.jpg, 박지숙 지음, 쌤앤파커스,2020
기술과학,아이를 위한 정신 의학,"아동에 마음에 천착해 온 일본 아동 정신과 전문의, 임상 심리학자 다키카와 가즈히로의 <아동 정신 의학의 기본서>로 저자는 자신이 일생 연구해 오고 발전시켜 온 마음과 정신 발달에 대한 융합적 관점과 철학을 흥미롭게 풀어냈다.",https://image.aladin.co.kr/product/25177/19/cover500/8932920451_1.jpg, 다키카와 가즈히로 지음;김경원 옮김, 열린책들,2020
기술과학,반짝반짝 청소,"‘청소의 여왕’, ‘청소계의 에디슨’이란 별칭으로 불리며 각종 방송과 잡지의 러브콜을 받고 있는 파워블로거 ‘쎄씨주부’가 그녀만의 참 쉽고 만만한, 그러면서도 재기발랄한 청소 노하우를 낱낱이 공개했다.",https://image.aladin.co.kr/product/24219/6/cover500/8927811178_1.jpg, 박현정 지음;Studio sim 사진, 중앙books,2020
기술과학,(빙글빙글)비행의 역사,,https://image.aladin.co.kr/product/204/7/cover500/8934929243_1.jpg, 닉 아놀드 지음;토니 드 솔스 그림;이충호 옮김, 주니어김영사,2010
기술과학,(세상을 바꾸는)여성 엔지니어. 2,"한국의 공학계를 대표할만한 여성 엔지니어 18인이 모여 공학과 여성의 상관관계를 탐색한다. 사회의 변화 추이, 우리 공학의 발전 방향 등 나아갈 방향을 모색했고 그들의 현장 경험담까지 실었다.",https://image.aladin.co.kr/product/85/92/cover500/8984986534_1.jpg," 최순자 외, 지음", 생각의 나무,2007
기술과학,예능에 강한 아이가 공부도 잘한다,아노 연습을 꾸준히 해온 아이는 공부할 때 한 시간 정도는 너끈히 앉아 있을 수 있다. 그림을 많이 그려본 아이는 이야기 연습이 되어 있어 독서 활동과 논술에 유리하다. 음정과 리듬 익히기에 익숙해지면 영어의 억양과 악센트도 쉽게 흉내낼 수 있다.,https://image.aladin.co.kr/product/58/13/cover500/8991731023_1.jpg, 김강일;김명옥 지음, 예담,2008
기술과학,공유주택 은공 1호 이야기,"공유주택 은공1호에 대한 사람들의 관심이 높아지면서 은공1호를 직접 방문하거나 체험하려는 사람들이 줄을 섰고, 2019년 10월에는 방문객만 600명이 넘었다. 2023년 지금도 그 관심은 식지 않고 이어지고 있다. 무엇이 사람들을 은공1호로 이끌었을까.",https://image.aladin.co.kr/product/31034/1/cover500/k322831518_1.jpg, 은공1호사람들, 오늘,2023
기술과학,놀라운 인체의 원리,"맥컬레이는 머리끝에서 발끝까지 우리 몸을 구석구석 들여다보고 인체의 기본적인 작동 방식을 탐구한다. 원자에서 이야기를 시작해서 세포들의 구조와 작동 방식을 설명해 나가는데, 글에 담긴 정보량은 고등학교 생명과학 교과서에 맞먹을 정도다.",https://image.aladin.co.kr/product/12624/47/cover500/k252532072_2.jpg, 데이비드 맥컬레이 글·그림;김명남 옮김, 크래들,2017
기술과학,마음을 다해 대충 하는 미니멀 라이프,"미니멀 라이프에 관심을 가졌지만 어떻게 시작해야 할지 몰라 망설인다면, 미니멀 라이프를 실천하고 있지만 ‘내가 잘하고 있는 걸까’ 하는 의문이 든다면, 미니멀 라이프가 한 사람의 삶을 어떻게 바꾸는지 궁금하다면 이 책에서 의미 있는 답을 찾을 수 있을 것이다.",https://image.aladin.co.kr/product/13364/15/cover500/k152532000_1.jpg, 밀리카 지음, 나는북,2018
기술과학,세계 문학 속 지구 환경 이야기. 2,30년 넘게 환경 전문 기자로 활약해 온 이시 히로유키가 자연과 인간이 만들어 낸 재해와 파괴의 현장에서 얻은 그만의 눈으로 본 세계 문학들을 모았다. 다양한 시대와 지역을 아우르는 작품 24편이 등장하고 있다.,https://image.aladin.co.kr/product/3062/52/cover500/8983716193_1.jpg, 이시 히로유키 지음;안은별 옮김, 사이언스북스,2013
기술과학,Verilog HDL,,https://image.aladin.co.kr/product/58/65/cover500/8972835013_1.jpg, Samir Palnitkar 지음 ;장훈 옮김, 홍릉과학,2005
기술과학,작은 빵집이 맛있다,"서울의 맛있는 동네 빵집 25곳을 소개하는 책. 르 꼬르동 블루 숙명에서 디저트를 전공하고 현장에서 셰프로, F&B 매니저로 경험을 쌓은 저자가 맛있는 빵을 먹기 위해 시작했던 작은 발걸음을 책으로 엮었다.",https://image.aladin.co.kr/product/2757/59/cover500/8996356263_1.jpg, 김혜준 지음, 이스퀘어,2013
기술과학,모터제어 프로그래밍,"1장에서는 DC 모터의 종류별 제어회로 구성 및 프로그램에 의한 동작원리에 대하여 알아보고, 2장에서는 스테핑 모터의 종류별 제어회로 구성 및 프로그램에 의한 동작원리에 대하여 알 수 있으며 3장에서는 서보 모터의 제어회로 구성 및 프로그램에 의한 동작원리를 알 수 있다.",https://image.aladin.co.kr/product/7759/0/cover500/8971017945_1.jpg, 류기주;김동룡;서해준 공저, 연지출판사,2016
기술과학,"하루 10분, 내 아이를 생각하다","대부분의 부모는 아이를 키우면서 셀 수 없는 고민을 하고 어려움을 겪는다. 하지만 어떤 부모는 늘 비슷비슷한 고민을 반복하고, 또 어떤 부모는 문제를 하나둘씩 해결해가며 아이와 함께 성장한다. 소아청소년정신과 전문의 서천석은 그 해답을 ‘생각의 차이’에서 찾았다. 아이를 키우면서 ‘얘는 도대체 왜 이럴까’ 라는 생각 대신 ‘부모인 내가 무얼 어떻게 잘 도울 수 있을까’를 생각해야 부모와 아이 모두 행복해질 수 있다는 것.",https://image.aladin.co.kr/product/1300/24/cover500/8926399931_1.jpg, 서천석 지음, 서울문화사,2018
기술과학,나는 오늘 책상을 정리하기로 했다,"회사일은 늘 힘들고 지겹다고 생각하지만 실은 업무에서도 즐거움을 느끼는 순간이 많다. 이 책에는 일을 편하게 할 수 있는 아이디어가 가득하다. 책상 정리법, 시간 관리법, 자료 정리법, 일과 육아를 균형있게 해내는 노하우, 시간을 절약할 수 있는 물건 고르는 법, 소소한 스트레스 관리법까지 매일 바쁘게 돌아가는 일상의 무게를 덜어주는 아이디어들이다.",https://image.aladin.co.kr/product/16495/72/cover500/k052533852_1.jpg, Emi 지음;남궁가윤 옮김, 즐거운상상,2018
기술과학,(화내지 않고 상처 주지 않고 진심을 전하는)엄마의 말하기 연습,"육아에 지쳐 자신을 잃어버린 엄마들에게 자신을 이해하고 공감하는 법을 먼저 소개한다. 그런 다음 아이를 키우면서 만나게 되는 여러 가지 문제에 대해 실천 가능한 최소한의 행동 방침, 대화 방법을 일러준다.",https://image.aladin.co.kr/product/13536/68/cover500/k642532819_1.jpg, 박재연 지음, 한빛라이프,2018
기술과학,(십 대가 알아야 할)인공지능과 4차 산업혁명의 미래,"4차 산업혁명에 대해 미래의 주역 청소년들이 반드시 알아야만 하는 디지털 과학 지식과 그로 인한 삶의 변화를 이야기한다. 기술과 미래 세상이 함께 만들어지는 과정과, 그 흐름을 보는 안목을 키워주고 있어, 청소년들이 맨 처음 만나는 디지털인문학 책이라고도 할 수 있다.",https://image.aladin.co.kr/product/14522/88/cover500/k712532540_1.jpg, 전승민 지음, 팜파스,2018
기술과학,인듀어,"<뉴욕 타임스>, <러너스 월드> 칼럼니스트인 저자는 잠재력을 폭발시키고 인간의 가능성을 넓히는 지구력의 비밀에 다가가기 위해 10년 동안 전 세계를 돌아다니며 수백 명의 학자와 운동선수를 인터뷰했다. 그 연구 결과를 담은 책이다.",https://image.aladin.co.kr/product/16733/82/cover500/k382534562_1.jpg, 알렉스 허친슨 지음;서유라 옮김, 다산초당,2018
기술과학,(과학으로 만드는)비행기,"비행기라는 소재로 많은 주제를 넘나들며 과학의 재미를 알려준다. 1장에서는 비행기의 역사를 통해 비행기 기술의 발달 과정을 알아본다. 2장에서는 비행기가 어떤 원리로 날고, 어떤 장치들을 갖추고 있는지 살핀다. 3장에서는 가장 빠른 비행기, 가장 큰 비행기, 가장 높이 나는 비행기, 가장 오래 나는 비행기를 소개한다.",https://image.aladin.co.kr/product/235/55/cover500/8978891748_1.jpg, 박영기 지음, 지성사,2008
기술과학,인체 시장,"인간의 몸이 최소한의 존엄성을 인정받지 못한 채 상품화되어가는 전세계의 다양한 사례들을 소개하고, 기술이 사회적·문화적 가치보다 우선될 때 생겨나는 사회적·법적·윤리적 문제를 비판한다. 골수, 피부, 정액 샘플 등 신체조직이 최소한의 동의도 없이 과학적 연구나 상업적 이익 등을 위해 악용되는 문제에 대한 서구사회의 다양한 논쟁을 자세히 살폈다.",https://image.aladin.co.kr/product/64/67/cover500/895820057x_2.jpg, 로리 앤드루스;도로시 넬킨 지음;김명진;김병수 옮김, 궁리,2009
기술과학,'좋아요'는 어떻게 지구를 파괴하는가,‘좋아요’를 누를수록 지구는 무거워진다. 디지털 인프라를 둘러싼 영유권 전쟁이 새롭게 그려내는 세계지도를 포착한 책이다. 중국의 ‘디지털 실크로드’와 이를 저지하고자 하는 서구 국가들 간의 역학 관계에 대해 면밀히 분석하였다.,https://image.aladin.co.kr/product/31291/52/cover500/k952832672_1.jpg, 기욤 피트롱 지음;양영란 옮김, 갈라파고스,2023
기술과학,딸이 조용히 무너져 있었다,"엄마이자 의사인 저자가 정신질환을 앓는 딸을 보살피고, 가족으로서 삶을 함께 살아내고자 겪어온 숨 가쁜 여정의 기록이다.",https://image.aladin.co.kr/product/32384/37/cover500/8936479415_1.jpg, 김현아 지음, 창비,2023
기술과학,역노화,인류의 삶은 어떻게 변할까? 늙지도 병들지도 않으며 150년 넘게 사는 인생은 무엇을 필요로 할까? 생물학적·기술적·윤리적 관점에 이르기까지 노화 혁명을 완벽하게 다룬 이 책은 이러한 질문에 답하며 역노화 시대에 대비하기를 권한다.,https://image.aladin.co.kr/product/32207/94/cover500/k402834526_1.jpg, 세르게이 영 지음;이진구 옮김, 더퀘스트(길벗),2023
기술과학,(Final Test)일반전기직 적중모의고사,합격 안정권의 점수 획득을 목표로 출제 가능성이 높은 적중문제를 엄선하였다. 물리. 전기이론. 전기기기 3과목을 수록한 경력경쟁 9급 일반전기직 시험대비 적중모의고사이다. 총 11회분의 적중모의고사에 상세한 해설과 함께 수록하여 최종정리가 될 수 있도록 하였다.,https://image.aladin.co.kr/product/14019/69/cover500/8970972188_1.jpg, 기술직공무원시험연구진 지음, 한국교육기획,2018
기술과학,전기이론(기술직 공무원):시험 전에 꼭 풀어봐야 할 문제. [1],"단원별 출제예상문제, 실력평가모의고사, 상세한 해설, 최신기출문제 등이 수록된 교재다.",https://image.aladin.co.kr/product/10439/61/cover500/k192536391_1.jpg, 주한종 지음, 서원각,2017
기술과학,전기이론(기술직 공무원):시험 전에 꼭 풀어봐야 할 문제. [1],"단원별 출제예상문제, 실력평가모의고사, 상세한 해설, 최신기출문제 등이 수록된 교재다.",https://image.aladin.co.kr/product/10439/61/cover500/k192536391_1.jpg, 주한종 지음, 서원각,2017
기술과학,전기이론(기술직 공무원):시험 전에 꼭 풀어봐야 할 문제. [1],"단원별 출제예상문제, 실력평가모의고사, 상세한 해설, 최신기출문제 등이 수록된 교재다.",https://image.aladin.co.kr/product/10439/61/cover500/k192536391_1.jpg, 주한종 지음, 서원각,2017
기술과학,전기이론(기술직 공무원):시험 전에 꼭 풀어봐야 할 문제. [1],"단원별 출제예상문제, 실력평가모의고사, 상세한 해설, 최신기출문제 등이 수록된 교재다.",https://image.aladin.co.kr/product/10439/61/cover500/k192536391_1.jpg, 주한종 지음, 서원각,2017
기술과학,전기기기(기술직 공무원):시험 전에 꼭 풀어봐야 할 문제. [2],"기술직 공무원 시험 전기기기 과목을 대비할 수 있는 교재다. 단원별 출제예상문제와 실력평가모의고사 5회가 실려 있다. 상세한 해설 및 2016년 시행 국가직, 지방직, 서울시 기출문제분석이 수록되었다.",https://image.aladin.co.kr/product/10419/33/cover500/k882536293_1.jpg, 주한종 지음, 서원각,2017
기술과학,전기기기(기술직 공무원):시험 전에 꼭 풀어봐야 할 문제. [2],"기술직 공무원 시험 전기기기 과목을 대비할 수 있는 교재다. 단원별 출제예상문제와 실력평가모의고사 5회가 실려 있다. 상세한 해설 및 2016년 시행 국가직, 지방직, 서울시 기출문제분석이 수록되었다.",https://image.aladin.co.kr/product/10419/33/cover500/k882536293_1.jpg, 주한종 지음, 서원각,2017
기술과학,전기기기(기술직 공무원):시험 전에 꼭 풀어봐야 할 문제. [2],"기술직 공무원 시험 전기기기 과목을 대비할 수 있는 교재다. 단원별 출제예상문제와 실력평가모의고사 5회가 실려 있다. 상세한 해설 및 2016년 시행 국가직, 지방직, 서울시 기출문제분석이 수록되었다.",https://image.aladin.co.kr/product/10419/33/cover500/k882536293_1.jpg, 주한종 지음, 서원각,2017
기술과학,전기기기(기술직 공무원):시험 전에 꼭 풀어봐야 할 문제. [2],"기술직 공무원 시험 전기기기 과목을 대비할 수 있는 교재다. 단원별 출제예상문제와 실력평가모의고사 5회가 실려 있다. 상세한 해설 및 2016년 시행 국가직, 지방직, 서울시 기출문제분석이 수록되었다.",https://image.aladin.co.kr/product/10419/33/cover500/k882536293_1.jpg, 주한종 지음, 서원각,2017
기술과학,Hayt의 전자기학(9판),,https://image.aladin.co.kr/product/17757/88/cover500/k212534220_1.jpg," by William H. Hayt, jr", McGraw Hill Education,2019
기술과학,(한번에 끝내는)PLC제어 GMWIN,,https://image.aladin.co.kr/product/3900/40/cover500/8998338475_1.jpg, 정용섭;변지수 [공]지음, 카오스북,2014
기술과학,(Do it!)오토캐드 2019,"캐드에 대한 모든 것을 알려준다. 명령어 속의 유용한 기능, 상황에 따라 잘 활용하면 속도가 2배로 빨라지는 기능 등 24가지 상황별 ‘캐드 고수의 비밀’ 등이 실려 있다. 이지스퍼블리싱 홈페이지 [자료실]에서 모든 예제 파일들을 무료로 다운로드할 수 있다.",https://image.aladin.co.kr/product/14230/34/cover500/k642532633_1.jpg, 박한울 지음, 이지스퍼블리싱,2018
기술과학,AutoCAD 2019,"기계 설계 업무 수행 혹은 도면 작도를 위해서 AutoCAD오토캐드 프로그램을 배우고자 하는 초보자들에게 AutoCAD오토캐드에서 지원하고, 이용할 수 있는 중요한 명령들의 옵션 및 사용법을 설명하고, 그 특성들을 소개해서 스스로 그 기능들을 습득할 수 있는 기초 학습 안내서다.",https://image.aladin.co.kr/product/16577/67/cover500/8994636927_1.jpg, 박석용 저, 청담북스,2018
기술과학,피로를 모르는 최고의 몸,"일본 아마존 1위 초대형 베스트셀러. 피로가 쌓이는 원인으로 우리 몸의 기능장애에 대해 설명하면서, 일상 속에서 기능장애를 예방하고 관리하는 아주 간단한 운동법을 소개한다.",https://image.aladin.co.kr/product/18420/9/cover500/8947544485_1.jpg, 나카노 히로미치 지음;최서희 옮김, 한국경제신문,2019
기술과학,농촌마케팅:6차 산업 필독서 연봉1억 농부 만들기,도시인과 농촌을 연결하고 농촌의 6차 산업을 위한 방향을 제시하기 위한 책이다. 또한 농촌의 농부들이 자조적으로 일어설 수 있게 전문적인 툴을 제공하고 있다. 농촌의 문제를 다른 시각에서 접근하려고 노력하였다.,https://image.aladin.co.kr/product/16938/28/cover500/8947282901_1.jpg, 박진영 지음, 형설,2018
기술과학,착각하는 뇌 상식사전,동경대 교수이자 뇌 연구자인 저자는 유머와 위트 넘치는 80개의 퀴즈를 통해 어리석은 선택으로 유도하는 ‘인지 편향’의 순간을 밝혀낸다.,https://image.aladin.co.kr/product/18565/31/cover500/8934985313_1.jpg, 이케가야 유지 지음;박소현 옮김, 김영사,2019
기술과학,마음이 아닌 뇌를 치료하라,"‘뇌’에 초점을 맞춰 사춘기 아이들의 행동을 분석한다. 아이에게 정신적인 문제가 생겼을 때 어떤 행동을 하는지, 그때 아이들의 뇌에서는 어떤 일이 일어나는지, 그리고 이런 문제로 고통받고 있는 아이들에게 어떤 치료가 필요하며, 집에서 어떻게 도울 수 있는지를 알려준다.",https://image.aladin.co.kr/product/12350/53/cover500/894606398x_1.jpg, 김영화 지음, 한울,2017
기술과학,내가 너라도 그랬을 거야,"어린 시절에 가족 회의를 꼭 하고 싶었고, 자유로운 학교 생활을 꿈꿨고, 많은 이야기를 들려주는 엄마가 되겠다는 약속을 했다. 그 오랜 꿈을 실천하며 ‘사랑, 자유, 공감’이라는 양육의 키워드를 가슴에 새기고 지금도 아이들과 함께 성장하고 있다. 그의 삶과 양육 철학을 한 권의 책에 담았다.",https://image.aladin.co.kr/product/18565/0/cover500/8934994886_1.jpg, 김나윤 지음, 김영사,2019
기술과학,한국조경수목핸드북,,https://image.aladin.co.kr/product/853/90/cover500/8986752387_1.jpg, 김용식 [외] 지음, 광일문화사,2010
기술과학,가드너 다이어리,"국립수목원에서 전시원을 조성하고 운영하고 있는 가드닝 전문가들이 누구나 쉽고 재미있게 가드닝을 배울 수 있도록 손으로 직접 그린 그림으로 친절하게 설명한다. 가드닝이 아직 낯선 초보자도, 전문가의 조언이 필요한 가드너도 손쉽게 정원 관리 비법을 전수받을 수 있다.",https://image.aladin.co.kr/product/5688/22/cover500/899424235x_1.jpg, 국립수목원 지음;정진아 도해, 지오북,2015
기술과학,(청소년을 위한)환경 교과서,환경 분야에서 국제적인 경험과 풍부한 식견을 가진 두 저자가 최근 1세기 사이에 벌어진 환경 문제들을 미래 세대에게 물려줄 수 밖에 없는 안타까운 마음을 담아 청소년들을 위해 집필한 본격 환경 교양서이다.,https://image.aladin.co.kr/product/451/38/cover500/895828398x_1.jpg, 클라우스 퇴퍼;프리데리케 바우어 지음;박종대;이수영 옮김, 사계절,2012
기술과학,클라우드 네이티브를 위한 데이터 센터 네트워크 구축,모던 클라우드 네이티브 데이터 센터 네트워크에 대해 학습하고 구축 및 검증하는 방법을 다룬다. 클라우드 네이티브 운영 환경에서 견고하고 확장 가능한 데이터 센터 네트워크 설계 방법을 소개한다.,https://image.aladin.co.kr/product/27767/0/cover500/k062734965_1.jpg, 디네시 G. 더트 지음;정기훈 옮김, 한빛미디어,2021
기술과학,강하고 부드럽게 대한민국 철강 이야기,,https://image.aladin.co.kr/product/3455/25/cover500/1185351035_1.jpg, 강선영 지음;서춘경 그림, 씨마스커뮤니케이션,2013
기술과학,근대 엔지니어의 탄생,"근대 산업 사회를 형성한 주역이자 자본과 노동의 중재자로서, 새로운 생산 패러다임을 이끌어낸 혁신가로서 엔지니어를 조망한다. 상대적으로 주목받지 못한 엔지니어 집단을 성찰할 수 있는 계기를 제공하는 책이다.",https://image.aladin.co.kr/product/3108/55/cover500/8962631032_1.jpg," 김덕호 외, 지음", 에코리브르,2013
기술과학,앉는 자세 3cm로 내 몸이 확 바뀐다,저자는 자세 교정 전문가로 30년 가까이 5만 명이 넘는 사람들을 시술하면서 그 노하우를 한 권의 책으로 엮었다. 평소에 앉는 자세를 의식하고 바르게 앉는 방법만 익힌다면 지금까지 당신을 괴롭혀온 정체 모를 고통과 알 수 없는 짜증에서 벗어날 수 있다.,https://image.aladin.co.kr/product/3753/46/cover500/8960866571_1.jpg, 가타히라에츠코 지음;전선영 옮김, 위즈덤하우스,2014
기술과학,정원의 발견,"지은이이자 가든 디자이너 오경아는 식물을 단지 좋아하는 것만으로 원예의 노하우가 익혀지진 않는다고 말한다. 무조건 물만 잘 준다고, 관심을 가졌다고 식물이 건강하게 자라줄 리는 만무하다는 그는, 원예가 ‘과학의 공부’임을 강조한다.",https://image.aladin.co.kr/product/3314/24/cover500/8958202610_1.jpg, 오경아 지음, 궁리,2013
기술과학,FLOYD 전자회로실험,,https://image.aladin.co.kr/product/642/18/cover500/8963510131_1.jpg, David M. Buchla;Steven Wetterling 지음;강문상;최종운 옮김, ITC,2010
기술과학,(만화로 쉽게 배우는)전기회로,"가상의 세계를 여행하며 전기회로를 쉽고 재미있게 풀어낸 해설서. 전기회로란 무엇인지 흥미를 유발하여 재미있게 풀어내어 해설하였다. 직류회로부터 교류회로, 발전.송전까지 여러 가지 전기회로 문제에 도전해가며 레벨을 올리는 방식으로 기초부터 고급레벨까지 해설하였다.",https://image.aladin.co.kr/product/1399/39/cover500/8931575386_1.jpg, Iida Yoshikazu 지음;Yamada Gareki 그림;양나경 옮김, BM성안당,2011
기술과학,(한국산업인력공단의 출제기준에 따른)전자기기 기능사,보다 효율적인 전자기기기능사 자격취득을 위하여 공개도면 중에서도 엄선하여 회로도면과 관련 내용을 상세히 설명하여 이해가 쉽도록 하였다. 또한 기초기술을 무시할 수 없으므로 그에 따른 내용을 상세하게 다루었다.,https://image.aladin.co.kr/product/3649/11/cover500/8968130566_1.jpg, 박상철 엮음, 엔플북스,2014
기술과학,전자회로,"4년제 대학의 전자ㆍ전기ㆍ정보통신공학 학부생을 위한 전자회로 교재이다. 2-3학년 학부생이 꼭 알아야 할 핵심 내용만을 간추렸으며, 핵심 개념을 쉽게 이해할 수 있도록 자세한 설명과 함께 예제와 확인 문제를 제시했다.",https://image.aladin.co.kr/product/2999/18/cover500/899875648x_1.jpg, 강문식;신경욱 [공]지음, 한빛아카데미,2013
기술과학,센서를 활용하자,,https://image.aladin.co.kr/product/21/22/cover500/8986412209_1.gif, 김보연 저, 한진,1999
기술과학,전자회로 설계 및 실험,,https://image.aladin.co.kr/product/3066/88/cover500/8992887906_1.jpg, 백광렬 지음, 진샘미디어,2013
기술과학,(세상에서 가장 쉬운)실내 화초 기르기,"기본적인 화초 손질법에서부터 햇볕이 드는 양에 따라 놓아야 할 화초와 그 관리법, 화초로 실내를 꾸미는 독특한 아이디어 등을 풍부한 사진자료와 일러스트를 통해 상세히 소개하고 있다. 특히 화초의 선명한 색감과 다양한 연출이 돋보이는 사진 자료는 이 책을 읽는 즐거움을 배가시켜 준다.",https://image.aladin.co.kr/product/34/39/cover500/8988879481_1.gif, 안냐 플레미히 지음;박규호 옮김;김형득 감수, 베텔스만,2002
기술과학,남자 몸 만들기 4주 혁명,"대한민국 남성들의 체형을 외배엽, 내배엽, 중배엽 세 가지 기본 체형으로 분류한 다음, 각 체형별로 운동 프로그램을 소개한다. 남성들의 연령대별 운동과 신체적 특징, 개개인의 독자적인 체형의 특징에 맞는 진단과 프로그램으로 구성되어 있다.",https://image.aladin.co.kr/product/49/50/cover500/895757462x_1.jpg, 한동길;김연우 [공 지음], 램덤하우스중앙,2004
기술과학,(살림 감각을 높여 주는)생활의 지혜 888,"요리, 청소, 세탁, 수납, 가족의 건강 관리에서 화초 가꾸기까지 톡톡 튀는 생활 아이디어 888가지다. 주부들의 지혜와 아이디어를 모은 것이기 때문에 집 안의 친숙한 물건들을 이용한다는 것이 최대의 장점이다.",https://image.aladin.co.kr/product/60/71/cover500/8956810478_1.jpg, 주부의벗사편집팀 지음;최수진 옮김, 아카데미북,2006
기술과학,우리문화의 수수께끼. 2,,https://image.aladin.co.kr/product/48/18/cover500/8984311162_2.jpg, 주강현 지음, 한겨레출판,2009
기술과학,상처 주는 것도 습관이다,"일주일에 한 번, 심리치료실에서 한 시간씩 상담을 받는 것보다 하루에 30분만 엄마가 제대로 아이와 시간을 보내면 어떨까? 이 책의 저자는 엄마 출신 전문 상담사로서 집에서 할 수 있는 모든 심리치료의 기법을 전수한다.",https://image.aladin.co.kr/product/3791/99/cover500/1195012543_1.jpg, 이임숙 지음, 카시오페아,2016
기술과학,Allegro® OrCAD® PCB Designer를 이용한 PCB 설계,,https://image.aladin.co.kr/product/7929/17/cover500/k872434138_1.jpg, 허찬욱 외 공저, 복두출판사,2016
기술과학,(100세까지 통증 없이 살려면)속근육을 풀어라,한양대학교 건강노화센터장 김성민 교수가 동대학 겸임교수인 우지인 피트니스 전문가와 함께 만성 피로와 통증을 자가 관리할 수 있는 100세 시대 新건강서를 펴냈다. 이 책이 제시하는 통증해소법은 간명하다. 바로 속근육의 긴장과 뭉침을 풀어주는 것이다.,https://image.aladin.co.kr/product/8593/78/cover500/k152535470_2.jpg," 우지인,김성민 지음", 로그인,2016
기술과학,(프로가 가르쳐 주는)전자회로,일러스트로 쉽게 설명한 전자회로 기초 입문서. 전자공학에 취미가 있는 학생들이나 전자회로를 처음 학습하는 사람들이 알기 쉽도록 전자회로의 기본적인 사항에 대해 다루면서 전자회로의 내용을 깊게 알고자 할 때 실마리가 될 수 있도록 고려해 서술한 전자회로 입문용 참고서이다.,https://image.aladin.co.kr/product/3899/3/cover500/8931524706_1.jpg, 우다가와 히로시 지음;김성훈 역, BM성안당,2015
기술과학,(Orpian을 이용한)Verilog기초 설계 및 검증 실험,,https://image.aladin.co.kr/product/411/74/cover500/8990574579_1.jpg," 박인학,최진규;류광기,문대철 지음", 브레인코리아,2009
기술과학,얘들아 숲에서 놀자,"숲연구소를 운영하고 있는 지은이가 20여년간 숲을 연구하고 수년간 숲 생태 체험 교육을 진행하면서 쌓아온, 이른바 '숲 생태 놀이'의 모든 것을 집약한 책이다. 교육 프로그램 주제 정하기부터 실제 교육 진행과 평가에 이르기까지 생태 체험 교육의 전 과정을 체계적으로 안내하고 있다. 특히 실전에서 바로 응용할 수 있는 숲 체험 놀이 프로그램 109가지를 대거 실었다.",https://image.aladin.co.kr/product/64/43/cover500/899576872x_1.jpg, 남효창 지음, 추수밭,2012
기술과학,회복탄력성의 힘,"아동발달 전문가이자 교육자인 지니 킴(Jeanie Kim) 박사는 회복탄력성은 모두 갖고 태어나고, 어려서부터 반복과 연습을 통해 누구나 기를 수 있다고 강조하며, 긍정성, 자기 신뢰, 자기조절능력 같은 회복탄력성의 자원을 아이의 삶에 뿌리내리게 하는 방법들을 구체적으로 안내한다.",https://image.aladin.co.kr/product/31744/45/cover500/k862833807_1.jpg, 지니 킴 지음, 빅피시,2023
기술과학,행동,"“인간 본성에 대한 탁월한 안내자”라 칭하고 “우리 시대 최고의 과학 저술가”라 평한, 세계 최고의 신경과학자 로버트 M. 새폴스키의 저서로 ‘인간 행동의 과학을 개괄하려는 눈부신 시도’이자 ‘인간 본성의 복잡다단한 세계로 안내하는 명쾌한 가이드’이다.",https://image.aladin.co.kr/product/32921/16/cover500/895469635x_1.jpg, 로버트 M. 새폴스키 지음;김명남 옮김, 문학동네,2023
기술과학,브레인 키핑,"우리의 뇌가 가장 탁월했던 그 시절 그대로 평생 유지할 수 있는 방법을 담은 뇌 건강 실용서다. ‘늙지 않는 뇌’의 비밀을 풀어놓으며, 수면부터 운동, 식습관, 마음챙김 등 직접 실천해볼 수 있는 7가지 ‘습관 개선’을 통해 독자를 건강한 뇌의 세계로 초대한다.",https://image.aladin.co.kr/product/32901/47/cover500/890127714x_1.jpg, 마크 밀스테인 지음;박선령 옮김, 웅진지식하우스,2023
기술과학,영 포에버,"세계적인 기능의학 권위자이자 클리블랜드클리닉 기능의학센터의 창립자인 마크 하이먼 박사가 젊고 건강하게 오래 살 수 있는 방법을 알려주는 ‘노화 방지 가이드북’의 완전판이다. 영 포에버 프로그램의 핵심을 담아, 누구나 일상에서 쉽게 따라할 수 있도록 정리했다.",https://image.aladin.co.kr/product/32855/39/cover500/8984078239_1.jpg, 마크 하이먼 지음;황선영 옮김, 세종(세종서적),2023
기술과학,전자캐드 기능사 필기,필수적으로 학습해야 하는 중요한 핵심이론들을 각 과목별로 분류하여 수록하였고 시험에 자주 나오는 핵심예제를 엄선해 이론과 문제를 한 번에 학습할 수 있도록 하였다. 과년도 기출문제의 상세한 해설을 통해 핵심이론만으로는 아쉬운 내용을 보충 학습할 수 있다.,https://dls2.edunet.net/DLS/api/homepage/holding/getCoverImage.do?prov_code=E10&neis_code=E100000276&bib_key=34030502307, 정도건 외, (주)시대고시기획,2024
기술과학,전자캐드 기능사 필기,최근 개정된 출제기준과 기출문제 유형 분석을 통하여 핵심적인 이론 내용을 정리하고 이에 따른 출제예상문제를 엄선하여 수록하였다. 풍부한 삽화 및 일러스트를 본문에 삽입하여 이론 내용을 좀 더 효과적으로 습득할 수 있도록 하였다.,https://shopping-phinf.pstatic.net/main_4451684/44516840619.20231214070849.jpg, 홍승희, 책과 상상,2024
기술과학,2024 전기기사실기,"키워드를 선택하고 해당 키워드의 이론을 정리한다. 해당 키워드 속의 속성 암기법으로 기억에 도움을 줄 수 있도록 한다. 키워드 관련 문제를 직접 풀어 보고, 틀린 부분을 체크 하고, 앞 분의 이론과 해설부분을 다시 참고하여 학습 한다.",https://shopping-phinf.pstatic.net/main_4596448/45964486619.20240224093015.jpg, 김대호, 한솔,2024
기술과학,2024 전기기사실기,"키워드를 선택하고 해당 키워드의 이론을 정리한다. 해당 키워드 속의 속성 암기법으로 기억에 도움을 줄 수 있도록 한다. 키워드 관련 문제를 직접 풀어 보고, 틀린 부분을 체크 하고, 앞 분의 이론과 해설부분을 다시 참고하여 학습 한다.",https://shopping-phinf.pstatic.net/main_4596448/45964486619.20240224093015.jpg, 김대호, 한솔,2024
기술과학,2024 전기기사실기,"키워드를 선택하고 해당 키워드의 이론을 정리한다. 해당 키워드 속의 속성 암기법으로 기억에 도움을 줄 수 있도록 한다. 키워드 관련 문제를 직접 풀어 보고, 틀린 부분을 체크 하고, 앞 분의 이론과 해설부분을 다시 참고하여 학습 한다.",https://shopping-phinf.pstatic.net/main_4596448/45964486619.20240224093015.jpg, 김대호, 한솔,2024
기술과학,2024 전기기사 20개년 기출문제집(실기),"20개년 기출 전체를 효과적으로 학습하고 암기하기 위한 3회독 시스템으로 구성된 교재다. 최신 10개년 기출문제(1권) + PLUS 10개년 기출문제(2권)으로 분권하였고, 가장 중요한 이론만을 모아둔 ‘핵심이론만 싹!’과 실기 기출문제를 유형별로 분류한 ‘출제 유형 3(쓰리)’로 구성하였다.",https://shopping-phinf.pstatic.net/main_4663956/46639560621.20240328081833.jpg, 에듀윌, 에듀윌,2024
기술과학,2024 전기기사 20개년 기출문제집(실기),"20개년 기출 전체를 효과적으로 학습하고 암기하기 위한 3회독 시스템으로 구성된 교재다. 최신 10개년 기출문제(1권) + PLUS 10개년 기출문제(2권)으로 분권하였고, 가장 중요한 이론만을 모아둔 ‘핵심이론만 싹!’과 실기 기출문제를 유형별로 분류한 ‘출제 유형 3(쓰리)’로 구성하였다.",https://shopping-phinf.pstatic.net/main_4663956/46639560621.20240328081833.jpg, 에듀윌, 에듀윌,2024
기술과학,느리게 나이 드는 습관,"서울아산병원 노년내과 전문의가 작심하고 전하는 감속노화 실천법. 생애 주기에 따라 생활의 요소를 조절해 노화 속도를 느리게 만들고 내재역량을 강화할 수 있는 구체적인 방법을 이야기한다. 누구나 아프지 않고 건강하게, 또래보다 느리게 나이 들 수 있다.",https://image.aladin.co.kr/product/32941/79/cover500/k032936148_2.jpg, 정희원 지음, 한빛라이프,2023
기술과학,내몸혁명,"박용우 박사의 건강 라이프코칭이 한 권의 책으로 묶였다. 대사이상체중을 건강체중으로 되돌리는 방법을 비롯해 망가진 몸을 근본적으로 변화시키는 4주간의 프로그램, 살찌지 않는 건강한 몸을 위한 건강관리 노하우 등이 담겨 있다.",https://image.aladin.co.kr/product/33077/57/cover500/k312937406_1.jpg, 박용우 지음, 루미너스,2024
기술과학,(2024 완벽대비)전기기사 필기 5주완성. 2,"36년간 출제문제를 각 단원별로 완전 분석하였다. 필수 핵심정리, 확인문제, 예상문제의 3간계를 통한 완전 학습체계를 구축하여 과목별 출제빈도에 따른 핵심정리.예제문제를 풀어볼 수 있도록 정리하였다.",https://image.aladin.co.kr/product/32425/16/cover500/k682935091_1.jpg, 전기기사수험연구회 지음, 한솔아카데미,2023
기술과학,(2024)산업안전 기사. 1,"오랜 강의 경험과 노하우를 통해 꼭 필요한 부분에 대한 꼼꼼한 설명을 실었고, 출제유형을 철저히 분석한 곳에서는 별표(★)로 표시하였다. 개정판에는 개정고시된 최신 법규를 적용하여 수험생들의 공부에 도움이 되도록 하였다.",https://image.aladin.co.kr/product/32917/76/cover500/k002936834_1.jpg, 최윤정 저, 구민사,2024
기술과학,2024 전기기사 필기 CBT 시험대비 블랙박스. 3: 기출문제,"CBT 전기기사를 대비할 수 있는 수험서다. 1단계로 10개년 기출문제의 출제빈도별 우선순위와 핵심제목, 중요도, 출제문항수를 한 눈에 파악할 수 있다. 2단계로 2022년 이후 CBT 기반 출제문제를 복원하여 15회 복원 기출문제로 재구성하였다. 3단계로 기출문제 15회를 제공한다.",https://image.aladin.co.kr/product/33212/80/cover500/k692937054_1.jpg," 이승원,김승철,윤종식 지음", 한솔아카데미,2024
기술과학,생성형 AI 건축 디자인 인테리어.가구.조경까지,"챗GPT와 미드저니를 중심으로 스테이블 디퓨전, 디퓨전 비, 컴피 유아이, 베라스, 스케치업 등 최신 생성형 AI 도구들을 활용한 건축 디자인의 모든 것을 탐구한다. 건축가, 학생 그리고 건축에 관심 있는 모두에게 AI를 이용한 창의적 디자인의 가능성과 미래 건축 디자인의 새로운 지평을 열어준다.",https://image.aladin.co.kr/product/33843/76/cover500/k482930096_1.jpg, 김현수 지음, 책바세,2024
기술과학,호르몬은 어떻게 나를 움직이는가,"세계적인 내분비 전문의인 막스 니우도르프 교수는 《호르몬은 어떻게 나를 움직이는가》에서 임신과 출산을 통한 생명의 탄생부터 갱년기 이후의 새로운 호르몬 균형이 나타나는 시기까지, 삶의 각 단계마다 호르몬이 어떻게 다양한 신체 기능을 활성화하고 지시하는지 소개한다.",https://image.aladin.co.kr/product/33743/52/cover500/k232930862_1.jpg, 막스 니우도르프 지음 ;배명자 옮김, 어크로스,2024
기술과학,요요를 속이는 기적의 다이어트법,흔하디흔한 다이어트나 운동에 관한 책이 아니다. 과체중에 시달리던 저자 백정시가 고질적인 무릎 병을 비롯하여 각종 질병에 시달리다 살기 위해 시작했던 다이어트 과정을 진솔하게 풀어놓은 성공담이다.,https://image.aladin.co.kr/product/33950/13/cover500/8998913208_3.jpg, 백정시 지음, 소이연,2024
기술과학,닥터프렌즈의 오!마이갓 세계사,"구독자 120만 대한민국 대표 의학 채널 닥터프렌즈의 누적 6,000만 뷰 초인기 콘텐츠 〈의학의 역사〉가 출간됐다. 더 오래 더 건강하게 살고 싶었던 인류가 지금의 100세 시대를 맞이하기까지, 맨땅에 헤딩하던 고대부터 삽질이 난무하던 중세, 수많은 잔혹사가 펼쳐지던 근대, 최첨단 의료 서비스를 누리는 현대에 이르기까지.",https://image.aladin.co.kr/product/33761/89/cover500/893496507x_1.jpg, 이낙준 지음, 김영사,2024
기술과학,기후 돌봄,"기후 응급상황, 기후비상사태가 디폴트값이 되는 시대가 이미 시작된 걸까? 코페르니쿠스 기후변화국(CCCS)이 최근 발표한 지구평균온도 측정 결과, 기후 지체(climate lag) 현상에 관한 연구 결과 등은 ‘그렇다’는 답을 내놓고 있다.",https://image.aladin.co.kr/product/33915/41/cover500/k502930926_1.jpg, 신지혜 [외] 지음 ;우석영 엮음, 산현글방(산현재),2024
기술과학,홀썸의 집밥 예찬,"유수 대학 논문과 책, 강의를 통해 얻은 건강 지식과 저자가 일상에서 쌓아온 다양한 경험을 바탕으로 직접 개발하고 실천 중인 레시피를 개발했다. 최대한 가공식품의 사용을 피하고, 누구나 손쉽게 따라 만들 수 있는 건강한 집밥 레시피를 꾸준히 개발하여 모두 소개했다.",https://image.aladin.co.kr/product/33970/91/cover500/k612930441_2.jpg, 홀썸모먼트 지음, 다산라이프,2024
기술과학,신비로운 전자부품 매크로 포토그래피,"전자부품 내면에 숨은 디자인을 들여다보는 여정이다. 모래알만 한 부품 하나까지 자르고 깎고 닦아 지금껏 경험하지 못한 새로운 아름다움을 눈앞에 펼쳐놓는다. 저항기와 커패시터부터 회로기판과 진공관까지, 우리 주변의 전자부품 130여 개를 확대 촬영기법으로 생생히 담아냈다.",https://image.aladin.co.kr/product/32904/9/cover500/k552936734_1.jpg, 에릭 슐래퍼;윈델 H. 오스케이 [공] 지음 ;;이하영 옮김, 한빛미디어,2023
기술과학,전함.군함 백과사전,"바이킹 시대로부터 21세기까지 세계 해양 개척과 해전 역사에 등장한 1,200여 종류의 배(선박), 즉 민간의 일반 선박에서부터 군사용 범선.병선.군함.전함.구축함.잠수함, 초대형 수송선 및 여객선들을 전문가의 고증을 거친 컬러 도판으로 재현하고 그 재원을 보여준다.",https://shopping-phinf.pstatic.net/main_3243626/32436267527.20221227204303.jpg, 데이비드 로스 저;이동훈 옮, Human&Books,2018
기술과학,탐정이 된 과학자들,감염의 위험과 세상의 조롱을 무릅쓰고 전염병의 비밀을 파헤친 전염병학자들의 이야기다. 전염병학자들이 최초 감염자인 ‘페이션트 제로’를 추적해 전염병의 비밀을 밝히는 과정을 추리소설처럼 펼쳐낸다.,https://shopping-phinf.pstatic.net/main_3244484/32444846938.20230214163639.jpg, 마릴리 피터스 지음 ; 지여울 옮김, 다른,2021
기술과학,탐정이 된 과학자들,감염의 위험과 세상의 조롱을 무릅쓰고 전염병의 비밀을 파헤친 전염병학자들의 이야기다. 전염병학자들이 최초 감염자인 ‘페이션트 제로’를 추적해 전염병의 비밀을 밝히는 과정을 추리소설처럼 펼쳐낸다.,https://shopping-phinf.pstatic.net/main_3244484/32444846938.20230214163639.jpg, 마릴리 피터스 지음 ; 지여울 옮김, 다른,2021
기술과학,(십대를 위한)미래과학 콘서트,"정재승 교수와 각 분야 전문가들과 함께 인공지능 시대의 삶과 변화, 미래과학을 알아본다. 이 책은 청소년에게 과학의 즐거움을 알리기 위해 시작된 '10월의 하늘'에서 행사에서 선보인 재미있는 강연을 골라 묶은 것으로 '10월의 하늘' 시리즈의 다섯 번째 책이다.",https://image.aladin.co.kr/product/17123/23/cover500/s132635355_1.jpg, 정재승 외 지음, 청어람미디어,2019
기술과학,(십대를 위한)미래과학 콘서트,"정재승 교수와 각 분야 전문가들과 함께 인공지능 시대의 삶과 변화, 미래과학을 알아본다. 이 책은 청소년에게 과학의 즐거움을 알리기 위해 시작된 '10월의 하늘'에서 행사에서 선보인 재미있는 강연을 골라 묶은 것으로 '10월의 하늘' 시리즈의 다섯 번째 책이다.",https://image.aladin.co.kr/product/17123/23/cover500/s132635355_1.jpg, 정재승 외 지음, 청어람미디어,2019
기술과학,좋아하는 곳에 살고 있나요?,"자기만의 방 시리즈. 인기 인스타그래머이자 인기 블로그 '고요의 집'의 공간디렉터 최고요가 큰 공사 하지 않고도 내 공간을 가꾸는 방법을 소개한다. 당장 행복해지고 싶다면 내 집이 아니라고 행복을 미루지 말고 여기서, 오늘부터 내 공간을 바꿔보라고 그는 말한다.",https://shopping-phinf.pstatic.net/main_3249351/32493514081.20230725120730.jpg, 최고요, 휴머니스트,2018
기술과학,(2025) 전기기능사 : 필기 : 초단기CBT 10개년 1400문제 기출문제집,"전기설비와 전기기기의 단순 암기형 주제들을 전면에 배치하여 전기 설비와 전기기기에서 반드시 기본을 다져 50점 이상을 획득하고, 학습 도중에 시간부족으로 전기이론 계산문제를 다 공부하지 못했더라도 실제 시험장에서 충분히 합격권 점수를 획득할 수 있도록 전략적으로 구성하였다.",https://shopping-phinf.pstatic.net/main_4883321/48833216622.20240703071014.jpg, 파이팅혼공TV 컨텐츠 개발팀, 종이향기,2024
기술과학,(2024) 에듀월 전기기능사 : 필기 : 한권끝장,,https://shopping-phinf.pstatic.net/main_4423680/44236803620.20231126071042.jpg," 유치형 , 홍석묵, 최대규 편저", 에듀윌,2024
기술과학,(2024) 에듀월 전기기능사 : 필기 : 한권끝장,,https://shopping-phinf.pstatic.net/main_4423680/44236803620.20231126071042.jpg," 유치형 , 홍석묵, 최대규 편저", 에듀윌,2024
기술과학,Altium Designer 완전정복:초급편,,https://image.aladin.co.kr/product/11337/64/cover500/k772531298_1.jpg," 이상창,김남수 지음", 복두출판사,2017
기술과학,파워 일렉트로닉스 도감,파워 일렉트로닉스라는 말의 뜻부터 응용 기술 사용법까지 차근차근 설명하면서 누구나 쉽게 이해하고 현장에서 적용할 수 있도록 파워 일렉트로닉스의 모든 것을 정리한 교재다. 그림과 수식 그리고 그래프를 적절히 사용하여 이해를 돕기 위해 노력하였다.,https://shopping-phinf.pstatic.net/main_3317994/33179941618.20221019104958.jpg, 모리모토 마사유키 지음;김혜숙 옮김, 성안당,2022
기술과학,(모두를 위한)실용 전자공학,"초보 메이커는 물론 현업 종사자 모두에게 유용한, 완벽히 보강된 전자공학 바이블. 전자공학도로, 메이커로, 발명가로 한 걸음 더 내딛는 데 필요한 모든 지침과 구성도, 그림을 싣고 있다.",https://shopping-phinf.pstatic.net/main_3246711/32467119631.20221229072538.jpg, 폴 슈레즈;사이먼 몽크 [공]지음;박진수 옮김, Jpub(제이펍),2018
기술과학,시시콜콜 건축의 역사,"세계사의 딱딱한 내용을 미시적인 사건과 내용들을 가지고 써내려가는 “시시콜콜 세계사 시리즈”의 세 번째 책이다. 청소년들이 세계사에 흥미를 가질 수 있는 내용들로 정리하였다. 첫 번째 책에서는 ‘목욕’으로 세계사를 살펴보았고, 두 번째 책에서는 ‘탐험’으로 세계사를 살펴보았다. 이번에는 ‘건축’으로 세계사를 살펴본다.",https://shopping-phinf.pstatic.net/main_4531138/45311387618.20240118082614.jpg, 김결 지음, 써네스트,2024
기술과학,(당신의 5년을 절약해 줄)구움과자의 기술,구움과자로 많은 사랑을 받고 있는 ‘과자방’에서 실제로 판매했거나 판매중인 과자 가운데 소비자들의 검증을 거친 제품을 엄선해 실은 책이다. 그러나 단순히 숫자로 익히는 레시피 북은 아니다. 이름 그대로 매일 생산하는 제품을 균일하게 만들 수 있는 ‘기술’에 관한 책이다.,https://shopping-phinf.pstatic.net/main_4991281/49912818619.20240824075223.jpg, 정용현;강현지 [공]지음, BnCworld(비앤씨월드),2024
기술과학,부모의 어휘력,"대한민국 50만 학부모가 선택한 인문 교육 전문가 김종원 작가가 고르고 고른, 부모라면 꼭 알아야 할 필수 어휘 126가지를 한 권으로 정리한 어휘 공부 책이다.",https://shopping-phinf.pstatic.net/main_4833338/48333380620.20240611101955.jpg, 김종원 지음, 카시오페아,2024
기술과학,반도체 공학,"반도체의 기본 지식을 폭넓고 깊이 있게 학습하고자 하는 반도체 분야 전공자와 실무자를 위한 책으로, 반도체 물리와 소자에 대한 기초를 제대로 세울 수 있도록 구성하였다. 장마다 J=Q'Nv라는 일관된 컨셉으로 학습의 전체적인 구성과 흐름을 설명하고 있다.",https://shopping-phinf.pstatic.net/main_4568940/45689400618.20240208070933.jpg, 김동명 지음, 한빛아카데미,2024
기술과학,참 쉬운 핑거푸드 요리책,"케이터링을 하고 싶은데 무엇부터 시작할지 몰라 막막한 케.알.못(케이터링을 알지 못하는 사람)을 위한 경험자의 현실조언과 실전 꿀팁! 바이츠, 브루스케타, 유부초밥, 오니기리, 파이, 카나페, 샌드위치, ETC, 보틀케이크, 디저트, 음료로 챕터를 나눠 총 150가지의 요리를 소개하였다.",https://shopping-phinf.pstatic.net/main_5091787/50917872623.20241020071152.jpg, 노고은;강정욱;정지윤 [공]지음, 아마존북스,2024
기술과학,핵무기의 모든 것,"일러스토리아 illustoria 시리즈, 네 번째 이야기. 핵무기의 탄생부터 오늘날 한반도에 사는 우리, 나아가 세계 모든 인류가 겪고 있는 핵무기의 위협까지, 그야말로 우리가 알아야 할 ‘핵무기에 대한 모든 것’을 담고 있다.",https://shopping-phinf.pstatic.net/main_4217743/42177431631.20230919130904.jpg, 기획집단 MOIM 글;이크종 그림, 그림씨,2023
기술과학,패스트 패션,"현재를 살고 미래를 살아갈 우리가 꼭 알아야 할 이야기를 일러스트와 함께 풀어낸 시리즈다. 2권에서는 우리가 입고 있는 옷이 어떤 역사와 과정을 거쳐 우리에게 왔는지, 그리고 이 옷 한 벌에 담겨 있는 시사점이 무엇인지를 일깨워 준다.",https://shopping-phinf.pstatic.net/main_3398625/33986251619.20230919122808.jpg, 기획집단 MOIM 지음;이해정 그림, 그림씨,2022
기술과학,파이어 웨더,"2016년 5월, 캐나다 석유산업의 중심지이자 미국 최대 원유 공급업체가 있는 포트맥머리에 일어난 화재로 단 하루 만에 10만여 명이 대피하고 100억 달러에 이르는 재산 피해가 발생했다. 저자는 흡사 분 단위로 재난영화를 촬영하듯 그날의 화재를 집요하게 좇는다.",https://shopping-phinf.pstatic.net/main_5364985/53649853522.20250322092310.jpg, 존 베일런트 지음;제효영 옮김, 곰출판,2025
기술과학,처음 읽는 2차전지 이야기,"전지의 탄생부터 미래 전망까지, 또 기초원리부터 계속되는 혁신까지, 매우 다양한 전지들을 총망라하여 전지에 관해 거의 모든 것을 다룬 책이다. 건전지는 왜 ‘건’전지라고 불리는지, 왜 1차전지는 충전할 수 없는 건지 같은 전지와 관련된 정말 많은 궁금증도 저절로 풀릴 것이다.",https://shopping-phinf.pstatic.net/main_3245714/32457141012.20230926084947.jpg, 시라이시 다쿠 지음;이인호 옮김, 플루토,2021
기술과학,인스타 브레인,"어느 날, 좀처럼 책에 몰두하지 못하고, 자꾸만 별 이유 없이 스마트폰을 만지는 자기 자신의 모습을 ‘깨닫고’ 충격을 받은 나머지 이 문제에 대해 뇌 과학적인 분석을 하기 시작했고, 이 책을 쓰게 되었다.",https://image.aladin.co.kr/product/23973/11/cover500/k422639014_2.jpg, 안데르스 한센 지음;김아영 옮김, 동양북스,2020
기술과학,인스타 브레인,"어느 날, 좀처럼 책에 몰두하지 못하고, 자꾸만 별 이유 없이 스마트폰을 만지는 자기 자신의 모습을 ‘깨닫고’ 충격을 받은 나머지 이 문제에 대해 뇌 과학적인 분석을 하기 시작했고, 이 책을 쓰게 되었다.",https://image.aladin.co.kr/product/23973/11/cover500/k422639014_2.jpg, 안데르스 한센 지음;김아영 옮김, 동양북스,2020
기술과학,가깝고도 먼 일곱 살과 여덟 살,"세종시 교육청에서 세종형 초등학교 학력 신장을 위해 생각자람 초등교육 실천 사례를 발굴하고 도서로 출간하였다. 실천서 출간을 통해 전문적 학습 공동체 운영의 내실화로 교사의 전문성 신장, 공동성장, 신뢰 교육 문화 확산을 기대할 수 있다.",https://shopping-phinf.pstatic.net/main_3247434/32474345997.20230920071737.jpg, 김주현 외 지음, 수류화개,2021
기술과학,김대리의 취향 니트,"뜨는 것마다 화제, 발표하는 작품마다 베스트셀러. 뜨개인들이 가장 사랑하는 뜨개 작가 김대리의 신간이 출간됐다. 이번 책은 더 스타일리시하고 트렌디하다. 『김대리의 데일리 뜨개』 이후 1년 만에 더 업그레이드되어 매력적인 니트와 소품 10가지 작품으로 채웠다.",https://shopping-phinf.pstatic.net/main_5112398/51123980622.20241101072402.jpg, 바늘이야기 김대리 지음, 웅진리빙하우스,2024
기술과학,독서의 뇌과학,일본 뇌 과학계 최고 권위자인 가와시마 류타 교수는 다양한 독서 방법이 뇌에 미치는 영향을 면밀히 분석하면서 독서가 단순히 즐거움을 추구하는 행위만이 아니라 동시에 뇌를 활성화하는 최고의 자기계발 수단임을 알려준다.,https://shopping-phinf.pstatic.net/main_5112396/51123967654.20241101072433.jpg, 가와시마 류타 지음;황미숙 옮김, 현대지성,2024
기술과학,스트레칭의 과학,"『인체 완전판』, 『인체 원리』는 물론 앞선 다섯 권의 운동의 과학 시리즈에서 분석적이고 명료한 해부 인포그래픽을 선보인 영국 출판 명가 돌링 킨더슬리(Dorling Kindersley, DK)와 함께 펴낸 ㈜사이언스북스의 「운동의 과학」 시리즈 최신간인 『스트레칭의 과학』은 일상적인 신체 활동에 필요한 힘과 유연성을 과학적이고 체계적으로 강화해 주는 스트레칭에 대한 모든 것을 담은 입문서이다.",https://shopping-phinf.pstatic.net/main_5214278/52142781620.20241231072052.jpg, 리다 말렉 지음;권기호 옮김, 사이언스북스,2024
기술과학,스포츠의학으로 읽는 발의 과학,“발이 살아야 몸이 산다!” 족부 스포츠의학 최고 권위자의 발 건강 종합 솔루션. 움직임 전문가들이 극찬한 족부 건강 관리의 교과서라 할 수 있다.,https://shopping-phinf.pstatic.net/main_5285680/52856809970.20250311084755.jpg," 손성준,이재훈 지음", 현익,2025
기술과학,내가 의대에서 가르친 거짓말들,"저자는 입증되지 않은 거짓말이 확고한 ‘사실’로 받아들여진 지금의 현실을 우려하며, 수많은 논문과 통계 자료를 근거로 정확하게 검증된 최신 의학적 ‘팩트’를 조언한다. 과학적 데이터를 통해 비만, 당뇨, 암, 심장질환이 모두 대사 건강 불균형에서 비롯되었음을 입증하며, 만성질환을 극복하기 위한 혁신적이면서도 실천 가능한 해법을 제시한다.",https://shopping-phinf.pstatic.net/main_5201383/52013831627.20241220071431.jpg, 로버트 러프킨 지음;유영훈 옮김, 정말중요한,2024
기술과학,(미래 세대를 위한)건축과 기후 위기 이야기,"도시 소멸, 옥탑방과 반지하, 건축물 재활용, 제로 에너지 건물, 옥상정원, 에코 마을 등 건축과 관련된 주제를 중심으로 기후 위기를 살펴보며 청소년 눈높이에서 건축으로 지구 온난화를 막기 위한 다양한 방안들을 살펴본다.",https://dls2.edunet.net/DLS/api/homepage/holding/getCoverImage.do?prov_code=E10&neis_code=E100000276&bib_key=34206502896, 서윤영 글, 철수와영희,2025
기술과학,수납 못하는 사람을 위한 수납책,"《수납 못하는 사람을 위한 수납책》은 전문가가 ‘수납 시스템’ 만드는 방법을 알려주고, 마법의 3가지 수납법을 가르쳐준다. 띄우고, 세우고, 눕히는 수납법 3가지 중 하나를 골라 수납하기만 하면 더 넓어진 집에서 여유있는 생활을 누릴 수 있을 것이다.",https://dls2.edunet.net/DLS/api/homepage/holding/getCoverImage.do?prov_code=E10&neis_code=E100000276&bib_key=34206505466, 아카쿠 유리 지음;정문주 옮김, 즐거운상상,2024
기술과학,청소해부도감,"하우스클리닝 전문가만이 알고 있는 쉽고 효과적인 청소의 전략을 한눈에 쏙 들어오는 유쾌한 도감 형식으로 풀어낸 이 책은, 주방부터 거실, 침실, 욕실, 현관, 베란다에 이르기까지 살림꾼들을 위한 간단하고 실용적인 맞춤 청소법을 말랑말랑하고 재치 넘치는 수백 개의 일러스트와 함께 이해하기 쉽게 펼쳐 보인다.",https://dls2.edunet.net/DLS/api/homepage/holding/getCoverImage.do?prov_code=E10&neis_code=E100000276&bib_key=34206506354, NPO법인 일본하우스클리닝협회 지음;김현영 옮김, 더숲,2019
기술과학,연료전지의 활용,"연료전지는 전기를 저장하는 장치가 아니라 수소와 산소를 사용하여 전력을 생산하는 일종의 첨단 발전기이다. 연료전지를 공부하는 학생이나 연구자에게 연료전지의 의의, 구조와 동작원리, 성능, 종류오하 특징, 응용분야 및 최근의 개발 동향과 장래 전망을 안내하는 책이다.",https://dls2.edunet.net/DLS/api/homepage/holding/getCoverImage.do?prov_code=E10&neis_code=E100000276&bib_key=34206509614, 혼마 다쿠야 지음;윤실;정해상 [공]옮김, 전파과학사,2024
기술과학,(청소년이 함께 살아야 할)로봇과 AI,미래를 엿보는 핵심 키워드 ‘로봇기술’을 청소년의 시각으로 풀어낸 책이다. 과학 분야 베스트셀러 작가이자 과학기술 전문기자인 저자는 이 책에서 현실 속 로봇과 AI의 실상에 대해 상세하면서도 십대가 이해할 수 있도록 쉽게 풀어썼다.,https://dls2.edunet.net/DLS/api/homepage/holding/getCoverImage.do?prov_code=E10&neis_code=E100000276&bib_key=34206509906, 전승민 지음, 매경주니어북스(매경출판),2024
기술과학,(따뜻한 여사의)월간집밥,"옆집 언니가 천천히 알려 주는 요리 이야기처럼, 장 보기 노하우부터 냉장고 정리법, 밀프렙을 해 두면 좋은 요리들을 엮어 한 번 요리로 한 달이 편해질 수 있게 만들었다. 한 개 요리 당 4~6회분을 만들어 두어 냉동실에 쟁여 두면 원할 때마다 자유롭게 구성해서 해동하기만 하면 된다.",https://dls2.edunet.net/DLS/api/homepage/holding/getCoverImage.do?prov_code=E10&neis_code=E100000276&bib_key=34206547650, 따뜻한 여사(김수림) 지음, Cypress(싸이프레스),2025
기술과학,"질병 정복의 꿈, 바이오 사이언스",코로나19 mRNA 백신은 역사상 가장 짧은 기간에 개발된 백신으로 백신 개발사의 이정표를 세웠다. 이번 개정판에서 이러한 최신 연구 결과를 업데이트하여 최근 5년간의 질병과의 전쟁에서 인류가 얻은 혁신적인 치료제를 추가하여 서술하였다.,https://dls2.edunet.net/DLS/api/homepage/holding/getCoverImage.do?prov_code=E10&neis_code=E100000276&bib_key=34206617600, 이성규 지음, MID(엠아이디미디어),2024
기술과학,브레인폰을 켜라,"디지털 중독에서 벗어나는 명상과 감각 훈련, 몸·마음·뇌의 균형을 회복하는 브레인 스포츠 등을 통해 브레인폰을 활성화하고, AI 시대에 삶의 주인이 되는 뇌활용 기술을 제시한다.",https://dls2.edunet.net/DLS/api/homepage/holding/getCoverImage.do?prov_code=E10&neis_code=E100000276&bib_key=34206628474, 이승헌 지음, 한문화,2025
기술과학,브레인 에너지,"우리가 우울증에 걸리는 까닭은 무엇일까? 불안장애와 강박증, ADHD 등 여러 정신질환이 ‘발병’하는 명확한 이유는 무엇일까? 그저 어떤 사건이 있거나 혹은 그렇게 태어나서 앓는 줄 알았던 정신질환에 근본적인 원인이 있으며 이를 치료할 수 있는 새로운 패러다임을 제시하는 책이 출간됐다.",https://dls2.edunet.net/DLS/api/homepage/holding/getCoverImage.do?prov_code=E10&neis_code=E100000276&bib_key=34206637290, 크리스토퍼 M. 팔머 지음;이한나 옮김, 심심(푸른숲),2025
기술과학,나의 비거니즘 만화,"비건이 직접 쓰고 그린 비거니즘에 대한 만화가 처음으로 출간된다. <나의 비거니즘 만화>는 트위터에서 비건들끼리 정보를 주고받을 때 쓰는 해시태그 ""#나의_비거니즘_일기""에서 따온 제목이다.",https://dls2.edunet.net/DLS/api/homepage/holding/getCoverImage.do?prov_code=E10&neis_code=E100000276&bib_key=34206788985, 보선 글·그림, 푸른숲,2025
기술과학,상상을 현실로 만드는 아두이노,"코딩을 초보자도 쉽게 따라할 수 있고, 생각하고 응용할 수 있도록 구성했다. 아두이노의 경우 초보자가 접근하기 쉽고, 코딩의 원리를 가장 잘 이해할 수 있는 플랫폼이며, 깊이 있는 블루투스 4.0 통신, Wi-Fi를 이용한 사물인터넷 기기 제작 등을 직접 구현하고 활용할 수 있다.",https://shopping-phinf.pstatic.net/main_3247372/32473727916.20221019105205.jpg, 박경진 지음, 에듀아이,2019
기술과학,한 권으로 끝내는 아두이노와 파이썬으로 52개 작품 만들기,아두이노를 사용하여 하드웨어를 만들고 파이썬을 이용하여 PC에서 프로그램을 만든 후 서로 통신 및 융합하여 52가지 다양한 작품 만들기를 통해 재미와 학습 두 가지를 모두 할 수 있게 구성하였다.,https://shopping-phinf.pstatic.net/main_4087028/40870288618.20230718120711.jpg, 장문철;박준원 [공]지음, 앤써북,2023
기술과학,2030 기후적응 시대가 온다,"우리가 느끼는 것보다 훨씬 빨리 진행되고 있는 기후변화의 속도를 각종 데이터와 지구·인간이 겪고 있는 증상들로 실감 나게 보여주고, 최근 전 인류적인 차원에서 기후변화에 대응하기 위한 현실적인 전략으로 논의되고 있는 ‘적응대책’을 다각도로 소개한다.",https://shopping-phinf.pstatic.net/main_4755031/47550317620.20240509071028.jpg, 김기범 지음, 추수밭(청림출판),2024
기술과학,만찢남의 오타쿠 레시피,"넷플릭스 화제작 <흑백요리사>에서 ‘만찢남(만화책 찢어서 요리하는 남자)’으로 등장해 심사 위원은 물론 안방 시청자들의 침샘을 자극한 조광효 셰프가 첫 레시피북을 출간했다. 『만찢남의 오타쿠 레시피』에는 만화 속 명장면을 그대로 옮긴 듯한 요리는 물론, 만화에 등장하는 음식과 캐릭터의 성격, 세계관에서 영감을 받아 개발한 30가지 레시피가 담겨 있다.",https://shopping-phinf.pstatic.net/main_5606147/56061478564.20250802092107.jpg, 조광효 지음, 세미콜론,2025
기술과학,기억의 미래,"생물학적으로 따져봤을 때, 인간은 특출난 존재가 아니다. 그러나 지구상에서 문명을 발전시킨 생물종은 인간이 유일하다. 도대체 어떤 차이가 이런 결과를 만들어낸 걸까? 《기억의 미래》를 쓴 KAIST 정민환 교수는 그 이유를 인간의 ‘혁신 능력’에서 찾는다.",https://shopping-phinf.pstatic.net/main_5609523/56095237339.20250806102957.jpg, 정민환 지음, 심심(푸른숲),2025
기술과학,류수영의 평생 레시피,"너무 쉬워서 너무 맛있어서 대한민국 밥상을 발칵 뒤집어놓은, 자타공인 집밥 마스터 ‘어남선생‘ 류수영. 수년간 자체 개발한 300여 개의 레시피를 추리고 추리고 추려서 한 권의 책으로 펴낸다. 남녀노소 모두의 입맛을 사로잡을 메뉴부터 한껏 분위기를 낼 수 있는 특식까지, <편스토랑>을 비롯해 그동안 방송에서 소개했던 레시피 중에서 가장 사랑받은 79가지 메뉴를 엄선한 것이다.",https://shopping-phinf.pstatic.net/main_5548525/55485251026.20250626103301.jpg, 류수영 지음, 세미콜론,2025
기술과학,마운틴 하우스,"모로코 하이아틀라스산맥 흙집부터 알프스 숲속 오두막, 경기도 양평의 콘크리트 집까지 『마운틴 하우스』는 5대륙 12개국에 흩어진 21채의 산속 집을 찾아 나선다. 하지만 이 책은 단순히 아름다운 집을 보여주는 건축 화보가 아니다. 산이라는 고립된 장소에서 산과 함께 살아가는 법에 대한 서사이며 사람들의 삶과 자연의 관계를 탐구한 기록이다.",https://shopping-phinf.pstatic.net/main_5593772/55937723156.20250725092225.jpg, 니나 프루덴버거 지음;노유연 옮김, 한길사,2025
기술과학,전자회로실험,"대학에서 전자회로 과목의 1학기 이론 및 실험에 적합하도록 반도체 소자의 동작특성 및 회로 해석 등 이론 중심의 어려운 내용에서 벗어나 반도체 소자의 활용 및 응용 위주의 현장실무 기술을 이론 설명, 예제풀이, 실험검증의 단계로 쉽게 기술하였다.",https://shopping-phinf.pstatic.net/main_4585766/45857663635.20240218082914.jpg, 이은욱 지음, 복두출판사,2024
기술과학,1도의 가격,"이제 중요한 질문은 ‘기후변화가 실존하는가’가 아니라, ‘이미 닥친 기후변화에 적응할 수 있 느냐’다. 빌 게이츠가 자문을 구한 와튼스쿨 환경경제학자이자 주목받는 한국계 소장학자인 박지성 교수가 장기간의 연구를 통해 기후변화를 바라보는 새로운 렌즈를 제시한다.",https://shopping-phinf.pstatic.net/main_5557362/55573621636.20250703071449.jpg, 박지성 지음;강유리 옮김, 윌북,2025
기술과학,기후 환경 처음 공부,"중고등학교에서 20여 년간 환경 교사로 학생들을 가르친 저자는 우리 앞에 놓인 환경 위기를 정확히 진단하고, 이 위기 앞에서 우리가 ‘당장 해야 할 일’과 ‘앞으로 해야 할 일’이 무엇인지 분명하게 제시한다.",https://shopping-phinf.pstatic.net/main_5355057/53550577539.20250315093047.jpg, 안재정 지음, 체인지업,2025
기술과학,꼬리에 꼬리를 무는 신소재 이야기,"인류의 역사에 커다란 전환점이 된 소재들을 과학, 식량, 의복, 주거, 소통, 미래 기술이라는 여섯 개의 주제로 나누어 흥미진진하게 소개한다. 동시에 소재가 문명에 어떤 파장을 일으켰는지를 서사적으로 탐색한다. 소재는 결코 배경이 아니며 때로는 역사의 주인공이자 발명보다 더 위대한 발견의 중심에 서 있었다는 사실을 생생하게 드러낸다.",https://shopping-phinf.pstatic.net/main_5623119/56231190711.20250814071553.jpg, 홍완식 지음, 주니어태학,2025
기술과학,천재 로봇공학자 다니엘라 루스의 MIT 로봇 수업,"MIT 컴퓨터과학 및 인공지능연구소(CSAIL)의 소장이자, 오늘날 로봇공학의 현재와 미래를 동시에 조망할 수 있는 독보적인 연구자인 다니엘라 루스가 쓴 첫 대중서다. 로봇공학, 인공지능, 기계학습이라는 서로 연결된 분야들을 알기 쉽게 해설한다.",https://shopping-phinf.pstatic.net/main_5538197/55381978352.20250621110403.jpg, 다니엘라 루스;그레고리 몬 [공]지음;김성훈 옮김, 김영사,2025
기술과학,대바늘 손뜨개의 시작코 & 코막음 핸드북,"사소해 보이는 시작코과 코막음 기법이 작품 전체의 인상에 큰 영향을 미칠 뿐 아니라 용도에 따라 적합한 기법이 있음을 환기하며, 자주 쓰이고 알아두면 유용한 기법을 엄선해 핸드북으로 펴냈다.",https://shopping-phinf.pstatic.net/main_5642510/56425107632.20250827071441.jpg, 니시무라 도모코 지음;김한나 옮김, 지금이책,2025
기술과학,라이프코드,"독일 신경마케팅 최고 권위자, 한스-게오르크 호이젤 박사가 30년간의 뇌과학 연구를 집대성한 책이 출간되었다. 『뇌, 욕망의 비밀을 풀다』로 전 세계 27개국 독자를 열광시킨 그가 이번에는 마케팅을 넘어 우리 삶 전반을 관통하는 인간 본성의 비밀을 파헤친다.",https://shopping-phinf.pstatic.net/main_5658551/56585517570.20250904091716.jpg, 한스-게오르크 호이젤 지음;임다은 옮김, 필로틱,2025
기술과학,(청소년을 위한)위대한 발명·발견,"우리 생활을 바꾼 50여 가지 주요 과학기술의 발명과 발견을 쉽고 명확하게 설명한 교양서이다. 증기기관, 전화기, 백신, 전자기파 등 인류 문명을 진보시킨 과학적 순간들이 어떻게 이루어졌고, 어떤 원리로 작동하는지를 청소년 눈높이에 맞춰 풀어냈다.",https://shopping-phinf.pstatic.net/main_5581364/55813649677.20250717071746.jpg, 박익수 지음, 전파과학사,2025
기술과학,뇌의 하루,"한 거리에 사는 이웃들의 하루를 따라가며 그들의 뇌 속에서 무슨 일이 벌어지는지를 들여다본다. 삶의 단계도 모습도 다양한 이들은 때론 슬퍼하고 때론 기뻐하며 여느 때와 다름없는 날을 보내는 듯하지만 이들의 뇌에서 어떤 신경 전달 물질과 호르몬이 신호를 전하는지, 어떤 영역이 외부 자극에 반응하고 감정과 행동을 바꾸는지에 초점을 맞추면 하루가 새롭게 보인다.",https://shopping-phinf.pstatic.net/main_5689508/56895083808.20250926084014.jpg, 에벨리너 크로너 지음;곽지원 옮김, 에코리브르,2025
기술과학,냉동 집밥 대박과,"밀키트의 모든 것, 이를 테면 ‘냉동 집밥 밀키트 A~Z’를 담았다. 워킹맘으로서 실제 고민하고 힘들어했던 부분을 반영해 자신만의 밀프렙 레시피를 개발한 저자의 모든 노하우와 방법을 최대한 자세하게 담아, 요리 초보에게는 따라 하기만 하면 돼 쉽고 프로 살림러에게는 참고할 수 있는 새로운 팁과 노하우를 알게 돼 재미있는 책이 되도록 했다.",https://shopping-phinf.pstatic.net/main_5753485/57534859109.20260331121830.jpg, 요오리 지음, 용감한까치,2025
기술과학,상상하는 공학 진화하는 인간,"첨단 기술의 오늘을 알려주고 미래를 함께 고민하기 위해 KAIST 기계공학과 교수 27명의 지식을 한데 모은 책이다. 각자의 연구 분야에서 세계적 수준의 성과를 이뤄낸 공학자들이 필진으로 참여하여 한 권의 책 안에 첨단 기술의 원리, 적용 사례뿐 아니라 앞으로의 발전 가능성까지 깊이 있는 지식을 빼곡히 담았다.",https://shopping-phinf.pstatic.net/main_4778036/47780365622.20260331104222.jpg, KAIST기계공학과 [외]지음, 해냄(해냄출판사,2024
기술과학,기침 뚝 코가 뻥! 약국 과학,"약국에서 만날 수 있는 열네 가지 약과 도구 들에 숨은 과학원리를 찾아가는 청소년 교양서다. 누구나 한 번쯤 궁금해했을 일상 속 질문을 따라가다 보면, 작은 약 속에 얼마나 큰 과학이 담겨 있는지 새삼 놀라게 된다.",https://shopping-phinf.pstatic.net/main_5616669/56166690791.20260331105942.jpg, 이고은 지음;신미림 일러스트, 휴머니스트출판그룹,2025
기술과학,행복 호르몬,"임상심리사이자 신체심리학의 제일인자로 알려진 야마구치 하지메 박사의 책으로, 4가지 행복 호르몬의 기능과 역할을 소개하며 일상 속 작은 변화로 누구나 쉽게, 스스로 행복 호르몬을 만들어낼 수 있다고 말한다.",https://shopping-phinf.pstatic.net/main_5487363/54873634449.20260331110043.jpg, 야마구치 하지메 지음;곽범신 옮김, 동양북스,2025
기술과학,나폴리 맛피아 시크릿 레시피,흑백요리사 1등 셰프 권성준이 ALMA와 미슐랭 레스토랑을 거쳐 오너 셰프가 되기까지의 여정과 레시피를 담았다. 꿈 없던 학생이 ‘마이 파우라’를 외치며 버틴 이야기와 나폴리 소울 푸드부터 시크릿 레시피까지 공개하며 누구나 요리할 수 있다는 메시지를 전한다.,https://shopping-phinf.pstatic.net/main_5790217/57902176632.20260331104655.jpg, 권성준 지음, 용감한 까치,2026
기술과학,김대석 셰프의 집밥 레시피. 3,"요리를 처음 시작한 사람이나, 요리가 꽤 손에 익은 사람이나 늘 어떤 음식을 해야 할지, 제대로 맛을 내려면 어떻게 해야 할지 고민한다. 이 책에는 가정과 음식점에서 ‘더 맛있는 한 끼 식사’를 위해 필요한 한식 레시피들을 소개했다.",https://shopping-phinf.pstatic.net/main_5584805/55848053655.20260331122909.jpg, 김대석 지음, 경향BP,2025
기술과학,"나노 기술, 축복인가 재앙인가?","이 책은 나노 기술이 무엇이며 어떤 식으로 발전해 왔는지를 보여 준 후 이 엄청난 기술을 둘러싼 사회적 논란을 세세하게 소개한다. 나노 생명체 문제, 생체 칩을 통한 사생활 침해 문제 등을 다룬 후, 울리히 벡의 ‘위험 사회’ 이론을 통하여 과학 기술과 사회가 화해할 수 있는 새로운 길을 모색한다.",https://image.aladin.co.kr/product/63/32/cover500/8982731318_2.jpg, 루이 로랑;장클로드 프티 지음;이수지 옮김, 민음in,2009
기술과학,전기기능사 최근7년간 기출문제 필기:NCS기반 출제기준에 따른 2019년 최신판,문제은행을 통해 출제되는 전기기능사 필기시험에 확실하게 대비할 수 있는 교재다. 2012년부터 2018년까지 7년간 시행된 전기기능사 필기 기출 및 CBT 복원문제를 상세한 해설과 함께 수록하고 있다. 기출문제분석을 통해 반드시 알아두어야 할 핵심적인 이론을 앞부분에 다루고 있다.,https://image.aladin.co.kr/product/17581/89/cover500/8966765718_1.jpg, 이재원 지음, 책과상상,2019
기술과학,전기기능사 최근7년간 기출문제 필기:NCS기반 출제기준에 따른 2019년 최신판,문제은행을 통해 출제되는 전기기능사 필기시험에 확실하게 대비할 수 있는 교재다. 2012년부터 2018년까지 7년간 시행된 전기기능사 필기 기출 및 CBT 복원문제를 상세한 해설과 함께 수록하고 있다. 기출문제분석을 통해 반드시 알아두어야 할 핵심적인 이론을 앞부분에 다루고 있다.,https://image.aladin.co.kr/product/17581/89/cover500/8966765718_1.jpg, 이재원 지음, 책과상상,2019
기술과학,신제품 개발 프로세스. 1,,/img/no_book.805feab5.png, 이광수 지음, 이레테크,2019
기술과학,(삐딱한 행동 속에 숨겨진)우리 아이 속마음,"SBS <우리 아이가 달라졌어요!> 등 다양한 육아프로그램 자문위원으로 활약하면서 아이들의 문제행동을 말 한마디, 행동 하나로 가뿐하게 해결한 신철희 소장의 육아비책. 59가지 구체적인 문제행동 사례를 바탕으로 아이 행동의 심리적인 원인을 짚어보고, 부모들이 현명하게 대처할 수 있는 실천비법을 제시한다.",https://image.aladin.co.kr/product/102/19/cover500/8992555636_1.jpg, 신철희 지음, 다산에듀,2007
기술과학,(인터넷 게임중독에서)내 아이를 지키는 59가지 방법,"아이들에게 인터넷 게임에 중독되지 않고, 올바르게 인터넷 게임을 즐기는 법을 알려주는 길라잡이자, 부모들에게는 현명하게 내 아이를 키우는 방법을 가르쳐 주고 있다. 이제는 부모들도 아이들에게 인터넷 게임을 금지한다고 아이가 인터넷 게임중독에서 벗어나지 않는다는 것을 알게 되었다. 보다 이성적이고 체계적인 보호만이 자녀에게 도움을 된다는 것을 알게 되었다.",https://image.aladin.co.kr/product/240/84/cover500/8973432826_1.jpg, 김미화;장우민 지음, 평단문화사,2008
기술과학,(2021)전기기능사 필기,풍부한 강의경험과 실무지식을 바탕으로 최근출제경향에 맞추어 내용을 체계적으로 구성하여 수험자가 쉽게 공부할 수 있도록 하였다. 전기에 대한 기초지식이 없이도 누구나 쉽게 접근할 수 있도록 강의식 내용구성으로 전기에 대한 흥미를 가질 수 있도록 하였다.,https://image.aladin.co.kr/product/27458/39/cover500/8927440609_2.jpg, 김종남;이현옥;한상욱 [공] 지음, 예문사,2021
기술과학,과학기술이 우리의 미래다,,/img/no_book.805feab5.png, 전국경제인연합회, 전국경제인연합회;국가과학기술위원회,2011
기술과학,다시 아이를 키운다면,,/img/no_book.805feab5.png, 박혜란 지음, 나무를심는사람들,2013
기술과학,OP-Amp 및 Linear IC 실험,,/img/no_book.805feab5.png, 김정도;임덕규 공저, 文運堂,1999
기술과학,전기전자공학개론,,/img/no_book.805feab5.png, 황락훈 외 지음, 진샘미디어,2014
기술과학,최신 전자회로 실험,"전기, 전자, 정보통신 분야에서 필요로 하는 내용으로 기초회로, 전자회로, 응용전자회로 등에서 필수적인 내용으로 핵심 되는 부분을 선정하여 이론 수업에서 공부한 내용을 검토하고, 실험으로 확인할 수 있도록 구성한 교재다.",https://shopping-phinf.pstatic.net/main_4603305/46033053623.20240227095223.jpg, 신헌철 지음;윤찬근 공저, 광문각,2024
기술과학,다시 안 찌는 몸의 공식,"다이어트는 ‘의지’가 아니라 ‘공식’이다. 계획 없는 다이어트는 반드시 실패한다. 운동을 열심히 해도, 단식을 해도 살이 빠지지 않았다면, 방법이 아닌 ‘사고방식’부터 바꿔야 할 때다. 35년간 수천 명을 지도한 저자가 제시하는 로지컬 다이어트는 근거 없는 유행 다이어트를 넘어, 뇌와 몸의 원리를 활용한 과학적이고 합리적인 방법으로 ‘다시 안 찌는 몸’을 설계하는 법을 제시한다.",https://shopping-phinf.pstatic.net/main_5637137/56371374858.20250822091538.jpg, 시미즈 시노부 지음;최려진 옮김, 아침사과,2025
기술과학,개와 사람사이,,https://image.aladin.co.kr/product/56/79/cover500/8990408156_1.jpg, 현금호;여동완 지음, 가각본,2005
기술과학,PADS로 전자캐드기능사 실기 냉큼 따기: Ver 9.X~VX2.5,"OrCAD 프로그램을 이용하여, 예제를 통하여 회로와 PCB의 설계를 보다 쉽게 다룰 수 있도록 4편의 단원으로 구성한 교재다. 현재 OrCAD는 9.X 버전에서 16.5 버전까지 사용되고 있으나, 많은 사용자를 위하여 16.x(16.5) 버전을 중심으로 설명하였다.",https://image.aladin.co.kr/product/25415/58/cover500/8968133166_1.jpg, 김성천 지음, 엔플북스,2021
기술과학,(2024) 산업안전기사 실기,,/img/no_book.805feab5.png, 최윤정 저, 구민사,2024
기술과학,(2024) 산업안전기사 실기,,/img/no_book.805feab5.png, 최윤정 저, 구민사,2024
기술과학,내 손안의 든든한 림프부종 이야기,,https://dls2.edunet.net/DLS/api/homepage/holding/getCoverImage.do?prov_code=E10&neis_code=E100000276&bib_key=34206505806, 대한림프부종학회, 군자,2024
기술과학,(2026 경이로운) 전자기사/전자산업기사 :필기 공통과목 마스터,"시험 범위를 체계적으로 대비할 수 있도록 핵심 이론을 상세히 정리하고, 과년도 기출문제와 예상문제를 함께 수록하여 수험생이 효율적으로 학습할 수 있도록 구성하였다. 또한 저자의 동영상 강의를 통해 문제 풀이 과정을 보다 쉽게 이해할 수 있도록 하였다.",https://dls2.edunet.net/DLS/api/homepage/holding/getCoverImage.do?prov_code=E10&neis_code=E100000276&bib_key=34305244712, 김태영 지음, 위즈덤플(WisdomPL),2026
기술과학,Win-Q 전자캐드기능사 필기 단기합격,전자캐드기능사 필기를 대비할 수 있는 수험서다. PART 01은 핵심이론으로 구성되었다. PART 02는 과년도 기출문제+최근 기출복원문제로 구성되었다. 이외에 학생들이 꼭 알고 시험에 응시해야 할 핵심키워드만을 엄선한 합격비법 핵심요약집 빨간키와 PCB 용어를 수록하였다.,https://shopping-phinf.pstatic.net/main_5820870/58208706518.20251223071806.jpg, 정도건;이희준 [공]편저, 시대에듀(시대고시기획),2026
기술과학,Win-Q 전자캐드기능사 필기 단기합격,전자캐드기능사 필기를 대비할 수 있는 수험서다. PART 01은 핵심이론으로 구성되었다. PART 02는 과년도 기출문제+최근 기출복원문제로 구성되었다. 이외에 학생들이 꼭 알고 시험에 응시해야 할 핵심키워드만을 엄선한 합격비법 핵심요약집 빨간키와 PCB 용어를 수록하였다.,https://shopping-phinf.pstatic.net/main_5820870/58208706518.20251223071806.jpg, 정도건;이희준 [공]편저, 시대에듀(시대고시기획),2026
기술과학,Win-Q 전자캐드기능사 필기 단기합격,전자캐드기능사 필기를 대비할 수 있는 수험서다. PART 01은 핵심이론으로 구성되었다. PART 02는 과년도 기출문제+최근 기출복원문제로 구성되었다. 이외에 학생들이 꼭 알고 시험에 응시해야 할 핵심키워드만을 엄선한 합격비법 핵심요약집 빨간키와 PCB 용어를 수록하였다.,https://shopping-phinf.pstatic.net/main_5820870/58208706518.20251223071806.jpg, 정도건;이희준 [공]편저, 시대에듀(시대고시기획),2026
기술과학,Win-Q 전자캐드기능사 필기 단기합격,전자캐드기능사 필기를 대비할 수 있는 수험서다. PART 01은 핵심이론으로 구성되었다. PART 02는 과년도 기출문제+최근 기출복원문제로 구성되었다. 이외에 학생들이 꼭 알고 시험에 응시해야 할 핵심키워드만을 엄선한 합격비법 핵심요약집 빨간키와 PCB 용어를 수록하였다.,https://shopping-phinf.pstatic.net/main_5820870/58208706518.20251223071806.jpg, 정도건;이희준 [공]편저, 시대에듀(시대고시기획),2026
기술과학,Win-Q 전자캐드기능사 필기 단기합격,전자캐드기능사 필기를 대비할 수 있는 수험서다. PART 01은 핵심이론으로 구성되었다. PART 02는 과년도 기출문제+최근 기출복원문제로 구성되었다. 이외에 학생들이 꼭 알고 시험에 응시해야 할 핵심키워드만을 엄선한 합격비법 핵심요약집 빨간키와 PCB 용어를 수록하였다.,https://shopping-phinf.pstatic.net/main_5820870/58208706518.20251223071806.jpg, 정도건;이희준 [공]편저, 시대에듀(시대고시기획),2026
기술과학,Win-Q 전자캐드기능사 필기 단기합격,전자캐드기능사 필기를 대비할 수 있는 수험서다. PART 01은 핵심이론으로 구성되었다. PART 02는 과년도 기출문제+최근 기출복원문제로 구성되었다. 이외에 학생들이 꼭 알고 시험에 응시해야 할 핵심키워드만을 엄선한 합격비법 핵심요약집 빨간키와 PCB 용어를 수록하였다.,https://shopping-phinf.pstatic.net/main_5820870/58208706518.20251223071806.jpg, 정도건;이희준 [공]편저, 시대에듀(시대고시기획),2026
기술과학,(2026)운전면허 단숨에 끝내자 2종 문제집,"운전면허 시험 대비 교재다. 문장형, 사진형, 일러스트형, 안전표지, 동영상형까지 출제 유형별로 정리했다. 운전 전 마음가짐부터 도로환경, 교차로 통행방법, 안전운전과 위험요소까지 폭넓게 익힐 수 있다.",https://shopping-phinf.pstatic.net/main_5932280/59322803713.20260319202018.jpg, 도로교통공단 저자(글), 한솔아카데미,2026
기술과학,(2022 초스피드기억법+7개년 과년도)소방설비기사 실기,소방설비기사 실기(전기분야)를 대비할 수 있는 수험서다. 학원 강의를 듣듯 문제를 자세하게 설명해 놓았으며 초스피드 기억법을 통해 어려운 이론이나 용어를 단시간 안에 습득할 수 있도록 하였다. 총 7개년 과년도 출제문제(2015년～2021년)를 수록하였다.,https://image.aladin.co.kr/product/28834/53/cover500/8931527306_1.jpg, 공하성 지음, 성안당,2022
기술과학,지구를 살리는 7가지 불가사의한 물건들,이 책은 지구에게 피해를 주지 않으면서도 인간의 삶의 질을 유지할 수 있는 유용한 방법을 일곱 가지 물건들을 중심으로 서술하고 있다. 이게 왜 '지구를 살리는 불가사의지?'하며 따라가다 보면 우리 일상에서 실천할 수 있는 작은 행동 지침들이 눈에 보인다.,https://image.aladin.co.kr/product/34/88/cover500/8990090016_2.jpg, 존 라이언 지음;이상훈 옮김, 그물코,2008
기술과학,(2023 7일 끝장 합격! 7개년 과년도) 소방설비기사 필기 (기계①-7),"2004년 5월 29일부터 소방 관련 법령이 전면 개정되었다. 여기에 중점을 두어 신법에 맞는 출제 가능한 문제들을 수록하였다. 또한, 7개년 과년도 출제문제를 수록하여 짧은 시간 안에 출제 경향 및 출제 빈도가 높은 문제를 파악할 수 있도록 하였다.",https://image.aladin.co.kr/product/30783/63/cover500/8931527977_1.jpg, 공하성, 성안당,2023
기술과학,(해커스) 산업안전기사·산업기사 실기. 1: 필수이론,,/img/no_book.805feab5.png, 이성찬 지음, 해커스자격증,2023
기술과학,(해커스) 산업안전기사·산업기사 필기. 1: 필수이론+적중문제,,/img/no_book.805feab5.png, 이성찬 지음, 해커스자격증,2023
기술과학,(해커스) 산업안전기사·산업기사 필기. 2: 과년도 기출문제,,/img/no_book.805feab5.png, 이성찬 지음, 해커스자격증,2023
기술과학,ATC 캐드마스터 1급 2급 AutoCAD:캐드의 시작에서 자격증 합격까지 완벽대비!,2D 도면작성 능력을 검증하는 2급 시험과 3차원 모델링 능력을 검증하는 1급 시험을 대비함은 물론이고 초보에서 실무자 모두에게 캐드의 기초에서 3차원까지 핵심을 한 눈에 알 수 있도록 구성하였다.,https://image.aladin.co.kr/product/18400/97/cover500/8931555016_1.jpg, 홍성기 지음, 성안당,2015
기술과학,입문자를 위한PADS 기초부터 쉽게 배우기,현대사회에서 우리에게 친숙한 전자제품 그 안에 가장 핵심은 PCB다. PADS라는 프로그램을 활용해서 쉽게 따라하면서 기초를 학습하고 능력을 자신의 것으로 만들 수 있도록 집필한 교재다. 현업에서 자주 사용하는 꼭 필요한 기능 위주로 다양한 응용도 함께 설명하였다.,https://image.aladin.co.kr/product/27846/78/cover500/8968133492_1.jpg, 이병엽;노환승 [공]지음, 엔플북스,2021
기술과학,도시계획 이론과 실제,"크게 4편 20장으로 구성되었으며, 각 편은 다시 세부 주제로 구분하였다. 제 1편은 도시계획의 기본적인 내용에 대해 그리고 제2편은 도시계획의 각론에 대해 설명하였다. 제3편은 공공과 민간개발사업에 대해 그리고 제 4편에서는 도시계획의과제와 전망으로 미래를 준비하는 도시계획가들에게 필요한 내용을 담았다.",https://image.aladin.co.kr/product/26602/52/cover500/8962258994_1.jpg, 한국도시계획가협회 지음, 기문당,2021
기술과학,믿는 만큼 자라는 아이들,,/img/no_book.805feab5.png, 박혜란 지음, 나무를심는사람들,2013
기술과학,(요리만만)럭셔리 샌드위치: 인기인의 도시락 전략,,https://image.aladin.co.kr/product/65/78/cover500/8915049977_1.jpg, 삼성출판사편집부 지음, 삼성출판사,2006
기술과학,최신 PCB. 4: 기술,,https://dls2.edunet.net/DLS/api/homepage/holding/getCoverImage.do?prov_code=E10&neis_code=E100000276&bib_key=34206317044, 김형록 지음, 공감북스,2024
기술과학,최신 PCB . 2: 공정기술,,https://dls2.edunet.net/DLS/api/homepage/holding/getCoverImage.do?prov_code=E10&neis_code=E100000276&bib_key=34206320091, 김형록 지음, 공감북스,2022
기술과학,최신 PCB . 1: 기초,,https://dls2.edunet.net/DLS/api/homepage/holding/getCoverImage.do?prov_code=E10&neis_code=E100000276&bib_key=34206322295, 김형록 지음, 공감북스,2022
기술과학,2025 전자캐드기능사 필기,최근 개정된 출제기준과 기출문제 유형 분석을 통하여 핵심적인 이론 내용을 정리하고 이에 따른 출제예상문제를 엄선하여 수록하였다. 풍부한 삽화 및 일러스트를 본문에 삽입하여 이론 내용을 좀 더 효과적으로 습득할 수 있도록 하였다.,https://shopping-phinf.pstatic.net/main_5103670/51036700626.20241027071121.jpg, 홍승희 지음, 책과상상,2025
기술과학,(Win-Q)전자캐드기능사 실기,"전자캐드기능사 공개문제에 제시된 회로도 작성과 PCB 설계 과정을 OrCAD 17.2, 24.1 버전 기준으로 정리했다. OrCAD Capture와 PCB Editor 실습, 자주 발생하는 에러와 해결 방법을 담고 유튜브 ‘박쌤의 전기전자기능사’ 공개문제 풀이 영상으로 학습을 연결한다.",https://shopping-phinf.pstatic.net/main_5861170/58611702691.20260123071826.jpg, 박정열 편저, 시대에듀,2026
기술과학,(임종수의)STM32 Cortex-M 완벽활용서. 2,"전체 본문 내용은 STM32 MCU 내부에 저장되어 있는 제조사 bootloader에 대한 사용방법과 사용자 정의 bootloader를 만드는 다양하고 자세한 구현 방법을 서술하였다. 구체적으로 내부 MCU flash memory, 또는 외부 SPI serial flash memory를 이용한 ROM booting 방법과 MCU 내부 SRAM을 이용한 RAM booting 방법에 대해서 실제 제품에 적용되는 Code를 직접 구현하고 실험할 수 있도록 구성하였다.",https://shopping-phinf.pstatic.net/main_5073787/50737876621.20241019070822.jpg, 임종수 지음, 버무림,2024
기술과학,Win-Q 전자캐드기능사 필기 단기합격,전자캐드기능사 필기를 대비할 수 있는 수험서다. PART 01은 핵심이론으로 구성되었다. PART 02는 과년도 기출문제+최근 기출복원문제로 구성되었다. 이외에 학생들이 꼭 알고 시험에 응시해야 할 핵심키워드만을 엄선한 합격비법 핵심요약집 빨간키와 PCB 용어를 수록하였다.,https://shopping-phinf.pstatic.net/main_5820870/58208706518.20251223071806.jpg, 정도건;이희준 [공]편저, 시대에듀(시대고시기획),2026
기술과학,Win-Q 전자캐드기능사 필기 단기합격,전자캐드기능사 필기를 대비할 수 있는 수험서다. PART 01은 핵심이론으로 구성되었다. PART 02는 과년도 기출문제+최근 기출복원문제로 구성되었다. 이외에 학생들이 꼭 알고 시험에 응시해야 할 핵심키워드만을 엄선한 합격비법 핵심요약집 빨간키와 PCB 용어를 수록하였다.,https://shopping-phinf.pstatic.net/main_5820870/58208706518.20251223071806.jpg, 정도건;이희준 [공]편저, 시대에듀(시대고시기획),2026
기술과학,(임종수의)STM32 Cortex-M 완벽활용서. 1,,https://shopping-phinf.pstatic.net/main_5157267/51572671729.20260331095223.jpg, 임종수 저, 버무림,2024
기술과학,전자 부품 장비의 강소기업,,/img/no_book.805feab5.png, 김영배, 지성사,2011
기술과학,전기기능사 최근7년간 기출문제 필기:NCS기반 출제기준에 따른 2019년 최신판,문제은행을 통해 출제되는 전기기능사 필기시험에 확실하게 대비할 수 있는 교재다. 2012년부터 2018년까지 7년간 시행된 전기기능사 필기 기출 및 CBT 복원문제를 상세한 해설과 함께 수록하고 있다. 기출문제분석을 통해 반드시 알아두어야 할 핵심적인 이론을 앞부분에 다루고 있다.,https://image.aladin.co.kr/product/17581/89/cover500/8966765718_1.jpg, 이재원 지음, 책과상상,2019
기술과학,전기기능사 최근7년간 기출문제 필기:NCS기반 출제기준에 따른 2019년 최신판,문제은행을 통해 출제되는 전기기능사 필기시험에 확실하게 대비할 수 있는 교재다. 2012년부터 2018년까지 7년간 시행된 전기기능사 필기 기출 및 CBT 복원문제를 상세한 해설과 함께 수록하고 있다. 기출문제분석을 통해 반드시 알아두어야 할 핵심적인 이론을 앞부분에 다루고 있다.,https://image.aladin.co.kr/product/17581/89/cover500/8966765718_1.jpg, 이재원 지음, 책과상상,2019
기술과학,우리집 건강주치의,,/img/no_book.805feab5.png," 조비룡, 이선영, 손지영,장윤녕 지음"," 보건복지부, 국민건강보험공단",2007
기술과학,(그 아이들은 어떻게)최고의 인재가 되었을까,"저자는 300시간이 넘는 인터뷰를 통해 마이크로소프트사의 아시아연구소 90여명의 인재들의 성장과정을 역추적하여 언제 어떠한 계기로 보통사람을 능가하는 뛰어난 인재로 거듭날 수 있었는지, 그들의 성장과정 속에 숨겨진 남다른 점 8가지를 보여준다.",https://image.aladin.co.kr/product/97/64/cover500/8959750875_1.jpg, 링즈쥔 지음;김태성;정미화 옮김, 한스미디어,2007
기술과학,전자회로,,/img/no_book.805feab5.png, Thomas L.Floyd, Pearson,2012
기술과학,신제품 개발 프로세스. 2,,/img/no_book.805feab5.png, 이광수 지음, 이레테크,2019
기술과학,(내 몸의 면역력을 높이는)자연치유 상차림,"자연 치유력을 높이는 식생활, 식재료, 라이프스타일을 제안하고, 자연의 생명력을 가진 재료를 사용해 자연식 요리를 제안하고 있는 요리책.",https://image.aladin.co.kr/product/490/38/cover500/8952212746_1.jpg, 오은경 지음, 살림Life,2010
기술과학,(해커스) 산업안전기사·산업기사 실기. 2: 최신 기출문제,,/img/no_book.805feab5.png, 이성찬 지음, 해커스자격증,2023
기술과학,PLC 응용제어기술,,/img/no_book.805feab5.png, 김태평 지음, 기다리,2003
기술과학,엄마의 말 공부,,/img/no_book.805feab5.png, 이임숙 지음, 카시오페아,2015
기술과학,연소공학,,/img/no_book.805feab5.png, Stephen R. Turns 지음;노수영 옮김, 퍼스트북,2019
기술과학,Ubiquitous home network,,/img/no_book.805feab5.png, 조성건 지음, 내하출판사,2012
기술과학,(릴리패드 아두이노를 활용한)스마트 패션액세서리 디자인,"감성적.조형적 요소로서 디지털 기술에 접근하고, 스마트 패션액세서리를 통해 디지털을 활용할 수 있는 다양한 가능성을 스스로 탐색해 볼 수 있도록 구성한 교재다. 1부는 릴리패드 아두이노가 무엇인지, 그리고 기본 코딩과 활용법 같은 기초적인 것을 소개하고 있다.",https://image.aladin.co.kr/product/27796/24/cover500/893632215x_1.jpg, 이지현 [외] 지음, 교문사,2021
기술과학,(한국산업인력공단의 출제 기준에 따른)전자기기 기능사 필기,"전자/통신 분야의 기능사 자격의 필기 검정시험을 준비하기 위한 지침서로서 산업인력관리공단의 출제 기준에 맞추어 각 과목을 4편으로 나누어 편재하고, 각 과목을 충실한 요점 정리와 실제 출제되는 예상문제로 엄선하여 수록하였다.",https://image.aladin.co.kr/product/25630/51/cover500/8968133239_1.jpg, 전자기기문제연구회 엮음, 엔플북스,2021
기술과학,매듭: 초보에서 완성까지,"팔찌, 핸드폰 고리, 발찌, 목걸이, 열쇠고리, 머리띠, 머리끈 등 매듭의 쓰임새는 무궁무진하다. 매듭 사이에 구슬을 끼워서 만드는 새로운 디자인의 매듭, 구슬을 실로 꿰어 만드는 액세서리까지 멋스러운 악세사리 아이템 등이 컬러화보와 함께 실려있다",https://image.aladin.co.kr/product/22/3/cover500/8970652035_1.gif, 홍익출판사편집부 [편], 홍익출판사,1999
기술과학,(요가 지도자 과정)요가 마스터,"플레이북 요가 시리즈. 요가 교사들이 알아야 하는 전통적인 요가의 역사와 철학을 소개한다. 전통 요가의 종류와 수행 개념들이 머릿속에 정립되어 있다면 혼란을 피할 수 있으며, 요가 수련자의 질문에도 당황하지 않고 적절한 답을 내어줄 수 있다.",https://image.aladin.co.kr/product/31353/55/cover500/k442832994_1.jpg, 김연진;박윤지 [공]지음, 플레이북,2023
기술과학,(예제로 배우는)아두이노 제어 실습,"아두이노와 장치 간의 연결을 위한 유/무선 통신에 대한 설명과 프로젝트에 도움이 될만한 센서와 모듈, 기법 등을 소개하였다. 3D 프린터 개발 산업기사 실기 대비 예제문제를 수록하고 있다.",https://shopping-phinf.pstatic.net/main_3245432/32454325447.20221230071631.jpg, 조승근 지음, 광문각,2020
기술과학,실무와 예제를 중심으로 한 OrCAD PCB설계,"Cadence사의 Allegro OrCAD Ver17.2를 기본으로, OrCAD Capture Ver17.2와 OrCAD PCB Editor Ver17.2의 기본적인 사용법과 실무예제를 통한 활용능력 배양에 중점을 두어 집필된 교재다.",https://dls2.edunet.net/DLS/api/homepage/holding/getCoverImage.do?prov_code=E10&neis_code=E100000276&bib_key=34206339131, 김종오;안태원;박현찬 공저, 복두,2022
기술과학,천연비누 제조 실전,"비누 만들기를 처음 시작하는 이들도 쉽게 따라 할 수 있도록 구성된 입문 맞춤형 실용서이다. 저자 조용찬은 20여 년간 축적해온 노하우와 레시피를 한 권에 집대성해, 수제비누 제조의 핵심을 체계적으로 전달한다.",https://dls2.edunet.net/DLS/api/homepage/holding/getCoverImage.do?prov_code=E10&neis_code=E100000276&bib_key=34206787514, 조용찬 지음, 좋은땅,2025
기술과학,꽃은 무리 지어도 소리가 없다,독자들이 스스로의 속도를 따라가며 읽을 수 있도록 부드럽게 말을 건넨다. 천천히 책장을 넘기다 보면 어느새 바람 한 줄기에도 귀 기울이는 자신을 발견할 것이다. 삶의 흐름을 사색하고 싶은 이들에게 이 시집은 고요한 위로와 깊은 성찰을 선물할 것이다.,https://shopping-phinf.pstatic.net/main_5544876/55448762914.20250624105731.jpg, 이용찬 지음, 페스트북,2025
기술과학,(찍박골정원이 추천하는)이지 가드닝을 위한 정원식물 100,"인제 찍박골정원의 정원사가 추천하는 정원식물 100종을 소개하는 책이다. 저자가 10여 년의 시행착오를 거쳐 지금까지 기르고 있는 아름다우면서도 튼튼한, 관리하기 쉬운 정원식물 정보는 내 정원에 어떤 식물을 들일지 고민하는 정원사들에게 큰 도움이 될 것이다.",https://shopping-phinf.pstatic.net/main_5700038/57000385418.20251003075009.jpg, 김경희 글·그림, 목수책방,2025
기술과학,"하루 10분, 10kg 빠지는 운동책",,https://shopping-phinf.pstatic.net/main_5674263/56742632837.20250916092225.jpg, <엄마TV> 김영진 지음, 길벗,2025
기술과학,Win-Q 전자캐드기능사 필기 단기합격,전자캐드기능사 필기를 대비할 수 있는 수험서다. PART 01은 핵심이론으로 구성되었다. PART 02는 과년도 기출문제+최근 기출복원문제로 구성되었다. 이외에 학생들이 꼭 알고 시험에 응시해야 할 핵심키워드만을 엄선한 합격비법 핵심요약집 빨간키와 PCB 용어를 수록하였다.,https://shopping-phinf.pstatic.net/main_5820870/58208706518.20251223071806.jpg, 정도건;이희준 [공]편저, 시대에듀(시대고시기획),2026
기술과학,Win-Q 전자캐드기능사 필기 단기합격,전자캐드기능사 필기를 대비할 수 있는 수험서다. PART 01은 핵심이론으로 구성되었다. PART 02는 과년도 기출문제+최근 기출복원문제로 구성되었다. 이외에 학생들이 꼭 알고 시험에 응시해야 할 핵심키워드만을 엄선한 합격비법 핵심요약집 빨간키와 PCB 용어를 수록하였다.,https://shopping-phinf.pstatic.net/main_5820870/58208706518.20251223071806.jpg, 정도건;이희준 [공]편저, 시대에듀(시대고시기획),2026
기술과학,"(2026)에듀윌 운전면허 필기 답만보고 3일컷(1종, 2종 공통)",운전면허 필기시험을 대비할 수 있는 수험서다. 2026년 3월 9일 시행 최신 문제를 수록했으며 빨간색 정답과 압축해설만으로 핵심을 빠르게 확인하며 학습할 수 있다. 다양한 부가학습자료를 함께 제공해 효율적인 학습과 빠른 합격을 준비할 수 있다.,https://shopping-phinf.pstatic.net/main_5920673/59206735809.20260312071205.jpg, 한국도로교통공단 저자(글), 에듀윌,2026
